作者规范,作者,total_poem_count,total_line_count,matched_poem_count,candidate_line_count,candidate_line_rate,line_high_poem_count,line_high_poem_rate,poem_high_count,poem_high_rate,line_high_count,line_high_rate,line_high_within_candidate_rate,poem_best_mean,poem_best_median,poem_best_max,line_best_mean,line_best_median,line_best_max,poet_id_count,poem_high_within_matched_rate
白居易,白居易,2643,33303,785,1369,0.04110740774104435,132,0.049943246311010214,107,0.040484298146046156,161,0.004834399303366063,0.11760409057706354,0.678262,0.676668,0.925862,0.6672861,0.665314,0.925862,1.0,0.13630573248407643
李白,李白,896,15477,340,602,0.03889642695612845,59,0.06584821428571429,53,0.05915178571428571,71,0.004587452348646379,0.11794019933554817,0.6864913,0.6821025,0.858565,0.6674915,0.6652155,0.858565,1.0,0.15588235294117647
杜甫,杜甫,1158,19576,306,464,0.023702492848385777,46,0.039723661485319514,42,0.03626943005181347,47,0.0024008990600735596,0.10129310344827586,0.6767574,0.67400646,0.886258,0.6659159,0.66221404,0.886258,1.0,0.13725490196078433
佚名,佚名,840,4653,139,166,0.035675908016333545,36,0.04285714285714286,33,0.039285714285714285,44,0.009456264775413711,0.26506024096385544,0.70434725,0.681895,0.977369,0.70298517,0.681746,0.977369,1.0,0.23741007194244604
贯休,贯休,553,7120,167,272,0.038202247191011236,29,0.05244122965641953,25,0.045207956600361664,32,0.0044943820224719105,0.11764705882352941,0.6818554,0.669026,0.888025,0.6668739,0.66251147,0.888025,1.0,0.1497005988023952
元稹,元稹,593,11812,166,325,0.027514392143582797,22,0.03709949409780776,20,0.03372681281618887,24,0.002031832035218422,0.07384615384615385,0.6699186,0.670915,0.859346,0.6550502,0.656611,0.859346,1.0,0.12048192771084337
孟郊,孟郊,402,6441,127,184,0.028566992702996428,16,0.03980099502487562,14,0.03482587064676617,18,0.0027945971122496508,0.09782608695652174,0.68059963,0.684793,0.865447,0.6708008,0.665781,0.865447,1.0,0.11023622047244094
顾况,顾况,235,2441,68,110,0.04506349856616141,13,0.05531914893617021,9,0.03829787234042553,18,0.007374027038099139,0.16363636363636364,0.6819611,0.66593,0.869718,0.66914374,0.661813,0.869718,1.0,0.1323529411764706
高適,高適,208,3550,83,127,0.03577464788732394,15,0.07211538461538461,13,0.0625,17,0.004788732394366197,0.13385826771653545,0.68531305,0.676804,0.893403,0.67159855,0.66865,0.893403,1.0,0.1566265060240964
陆龟蒙,陆龟蒙,502,6183,89,128,0.020701924632055637,14,0.027888446215139442,12,0.02390438247011952,17,0.002749474365194889,0.1328125,0.6719842,0.661103,0.851597,0.6638175,0.651037,0.851597,1.0,0.1348314606741573
王维,王维,328,3604,92,120,0.033296337402885685,16,0.04878048780487805,10,0.03048780487804878,16,0.004439511653718091,0.13333333333333333,0.68674356,0.6828785,0.821402,0.67333585,0.66769254,0.821402,1.0,0.10869565217391304
张九龄,张九龄,193,2828,49,66,0.02333804809052334,15,0.07772020725388601,14,0.07253886010362694,15,0.005304101838755304,0.22727272727272727,0.7145508,0.687619,0.972149,0.70261514,0.685743,0.972149,1.0,0.2857142857142857
李瀚,李瀚2,2,600,1,25,0.041666666666666664,1,0.5,1,0.5,15,0.025,0.6,0.921941,0.921941,0.921941,0.75614387,0.772671,0.921941,1.0,1.0
皮日休,皮日休,353,5032,66,110,0.021860095389507155,12,0.0339943342776204,9,0.025495750708215296,14,0.0027821939586645467,0.12727272727272726,0.6684229,0.659325,0.809025,0.6623258,0.65434396,0.809025,1.0,0.13636363636363635
皎然,皎然,506,5651,110,154,0.027251813838258716,11,0.021739130434782608,8,0.015810276679841896,14,0.002477437621659883,0.09090909090909091,0.66581357,0.6646615,0.96043,0.65913147,0.65152,0.96043,1.0,0.07272727272727272
权德舆,权德舆,283,3457,57,70,0.0202487706103558,13,0.045936395759717315,8,0.028268551236749116,13,0.0037604859704946487,0.18571428571428572,0.6789506,0.669422,0.835503,0.6700648,0.66584146,0.835503,1.0,0.14035087719298245
卢仝,卢仝,92,1740,44,113,0.06494252873563218,12,0.13043478260869565,11,0.11956521739130435,13,0.007471264367816092,0.11504424778761062,0.704577,0.6914185,0.876619,0.666754,0.657933,0.876619,1.0,0.25
储光羲,储光羲,176,3113,58,88,0.028268551236749116,11,0.0625,8,0.045454545454545456,13,0.004176035978156119,0.14772727272727273,0.69827783,0.696012,0.869222,0.68627864,0.67981255,0.869222,1.0,0.13793103448275862
元结,元结,91,1486,51,75,0.05047106325706595,10,0.10989010989010989,7,0.07692307692307693,12,0.008075370121130552,0.16,0.7017597,0.71604,0.798462,0.69604456,0.699834,0.798462,1.0,0.13725490196078433
岑参,岑参,386,4487,101,127,0.02830398930242924,11,0.02849740932642487,7,0.018134715025906734,11,0.0024515266324938714,0.08661417322834646,0.66343755,0.658982,0.813624,0.6590584,0.657698,0.813624,1.0,0.06930693069306931
刘禹锡,刘禹锡,493,4802,98,114,0.023740108288213244,11,0.02231237322515213,8,0.016227180527383367,11,0.0022907122032486465,0.09649122807017543,0.6527028,0.654374,0.823516,0.6519848,0.65331554,0.823516,1.0,0.08163265306122448
张籍,张籍,467,4130,96,134,0.0324455205811138,9,0.019271948608137045,8,0.017130620985010708,11,0.0026634382566585956,0.08208955223880597,0.66452676,0.6630175,0.818214,0.66032344,0.657478,0.818214,1.0,0.08333333333333333
卢照邻,卢照邻,109,1445,30,61,0.04221453287197232,7,0.06422018348623854,5,0.045871559633027525,11,0.007612456747404845,0.18032786885245902,0.69342744,0.695487,0.84867,0.67486244,0.682027,0.84867,1.0,0.16666666666666666
张说,张说,298,3440,57,72,0.020930232558139535,10,0.03355704697986577,7,0.02348993288590604,10,0.0029069767441860465,0.1388888888888889,0.6820964,0.67496,0.867681,0.6695569,0.66116846,0.867681,1.0,0.12280701754385964
韦应物,韦应物,551,6307,97,137,0.021721896305692087,10,0.018148820326678767,7,0.012704174228675136,10,0.0015855398763278896,0.072992700729927,0.6766026,0.67768,0.817344,0.6626146,0.66405,0.817344,1.0,0.07216494845360824
刘长卿,刘长卿,508,5373,88,97,0.01805322910850549,9,0.017716535433070866,8,0.015748031496062992,9,0.0016750418760469012,0.09278350515463918,0.6581591,0.653892,0.836255,0.6540898,0.650983,0.836255,1.0,0.09090909090909091
齐己,齐己,783,6718,99,119,0.017713605239654658,9,0.011494252873563218,6,0.007662835249042145,9,0.0013396844298898482,0.07563025210084033,0.6544865,0.65137,0.782247,0.65013766,0.646861,0.782247,1.0,0.06060606060606061
孟浩然,孟浩然,268,2559,52,59,0.023055881203595155,8,0.029850746268656716,7,0.026119402985074626,8,0.0031262211801484957,0.13559322033898305,0.6982518,0.70483947,0.860818,0.6920646,0.694925,0.860818,1.0,0.1346153846153846
王建,王建,395,4194,98,132,0.031473533619456366,8,0.020253164556962026,5,0.012658227848101266,8,0.0019074868860276585,0.06060606060606061,0.651868,0.65277,0.785383,0.6457704,0.6495005,0.785383,1.0,0.05102040816326531
不详,不详,224,907,35,41,0.04520396912899669,7,0.03125,5,0.022321428571428572,7,0.007717750826901874,0.17073170731707318,0.68250114,0.670586,0.788483,0.67487735,0.665293,0.788483,1.0,0.14285714285714285
徐铉,徐铉,255,2555,58,75,0.029354207436399216,7,0.027450980392156862,7,0.027450980392156862,7,0.0027397260273972603,0.09333333333333334,0.667312,0.67108154,0.803217,0.6579216,0.655919,0.803217,1.0,0.1206896551724138
贾岛,贾岛,405,3417,62,70,0.02048580626280363,7,0.01728395061728395,5,0.012345679012345678,7,0.002048580626280363,0.1,0.6621687,0.6475975,0.83137,0.65709794,0.646563,0.83137,1.0,0.08064516129032258
吴筠,吴筠,77,1398,24,38,0.027181688125894134,5,0.06493506493506493,5,0.06493506493506493,7,0.005007153075822604,0.18421052631578946,0.71137905,0.6949775,0.915111,0.699883,0.6949775,0.915111,1.0,0.20833333333333334
吕岩,吕岩,107,2450,35,82,0.03346938775510204,3,0.028037383177570093,3,0.028037383177570093,7,0.002857142857142857,0.08536585365853659,0.66826844,0.668226,0.840476,0.6585065,0.6518265,0.840476,1.0,0.08571428571428572
钱起,钱起,429,4612,67,80,0.017346053772766695,6,0.013986013986013986,3,0.006993006993006993,6,0.0013009540329575022,0.075,0.66944665,0.66546,0.765453,0.6657715,0.663159,0.765453,1.0,0.04477611940298507
姚合,姚合,458,4771,80,91,0.01907356948228883,6,0.013100436681222707,3,0.006550218340611353,6,0.0012575979878432194,0.06593406593406594,0.66059834,0.66252995,0.788209,0.65869796,0.657958,0.788209,1.0,0.0375
李端,李端,271,2589,47,50,0.019312475859405175,6,0.02214022140221402,5,0.01845018450184502,6,0.002317497103128621,0.12,0.66055685,0.656563,0.788044,0.6583167,0.6555425,0.788044,1.0,0.10638297872340426
鲍溶,鲍溶,189,2311,61,86,0.037213327563825185,6,0.031746031746031744,5,0.026455026455026454,6,0.0025962786672436176,0.06976744186046512,0.6645946,0.663148,0.915054,0.6576307,0.660894,0.915054,1.0,0.08196721311475409
韩翃,韩翃,166,1534,30,38,0.024771838331160364,6,0.03614457831325301,5,0.030120481927710843,6,0.003911342894393742,0.15789473684210525,0.66767675,0.6543215,0.797826,0.6558359,0.6483455,0.797826,1.0,0.16666666666666666
李颀,李颀,129,1762,57,77,0.04370034052213394,6,0.046511627906976744,5,0.03875968992248062,6,0.00340522133938706,0.07792207792207792,0.66057104,0.649823,0.834233,0.65221506,0.641814,0.834233,1.0,0.08771929824561403
韦表微,韦表微,1,40,1,8,0.2,1,1.0,1,1.0,6,0.15,0.75,0.901622,0.901622,0.901622,0.837783,0.901622,0.901622,1.0,1.0
周昙,周昙,195,780,36,38,0.04871794871794872,5,0.02564102564102564,4,0.020512820512820513,5,0.00641025641025641,0.13157894736842105,0.6765279,0.6772655,0.815338,0.67560107,0.676674,0.815338,1.0,0.1111111111111111
杜牧,杜牧,487,4767,78,108,0.022655758338577723,5,0.01026694045174538,2,0.004106776180698152,5,0.0010488777008600798,0.046296296296296294,0.65761983,0.659462,0.826663,0.6563732,0.6609075,0.826663,1.0,0.02564102564102564
宋之问,宋之问,192,2213,42,45,0.02033438770899232,5,0.026041666666666668,5,0.026041666666666668,5,0.0022593764121102574,0.1111111111111111,0.6573174,0.641821,0.871035,0.6556178,0.640293,0.871035,1.0,0.11904761904761904
罗隐,罗隐,470,3754,84,93,0.024773574853489612,5,0.010638297872340425,4,0.00851063829787234,5,0.0013319126265316996,0.053763440860215055,0.64909047,0.640324,0.81413,0.6459694,0.639678,0.81413,1.0,0.047619047619047616
李商隐,李商隐,555,5687,89,120,0.02110075611042729,5,0.009009009009009009,4,0.007207207207207207,5,0.0008791981712678037,0.041666666666666664,0.6480394,0.644956,0.786496,0.6441938,0.642919,0.786496,1.0,0.0449438202247191
李贺,李贺,234,2987,64,85,0.02845664546367593,5,0.021367521367521368,5,0.021367521367521368,5,0.0016739203213927017,0.058823529411764705,0.6432813,0.640679,0.791538,0.6394562,0.640675,0.791538,1.0,0.078125
孟云卿,孟云卿,21,306,9,11,0.03594771241830065,4,0.19047619047619047,3,0.14285714285714285,5,0.016339869281045753,0.45454545454545453,0.73232967,0.71801,0.797548,0.734644,0.71801,0.797548,1.0,0.3333333333333333
骆宾王,骆宾王,124,2171,21,43,0.019806540764624597,4,0.03225806451612903,4,0.03225806451612903,5,0.0023030861354214646,0.11627906976744186,0.67420083,0.670824,0.838487,0.6517225,0.648863,0.838487,1.0,0.19047619047619047
李峤,李峤,208,2048,27,30,0.0146484375,4,0.019230769230769232,3,0.014423076923076924,5,0.00244140625,0.16666666666666666,0.65059125,0.636815,0.81795,0.6507596,0.63634753,0.81795,1.0,0.1111111111111111
吴融,吴融,284,2709,53,76,0.028054632705795498,3,0.01056338028169014,3,0.01056338028169014,5,0.0018456995201181247,0.06578947368421052,0.656722,0.654155,0.91502,0.6592024,0.662553,0.91502,1.0,0.05660377358490566
拾得,拾得,1,422,1,24,0.05687203791469194,1,1.0,1,1.0,5,0.011848341232227487,0.20833333333333334,0.805466,0.805466,0.805466,0.6584647,0.6416745,0.805466,1.0,1.0
李乂,李乂,44,380,10,11,0.02894736842105263,4,0.09090909090909091,3,0.06818181818181818,4,0.010526315789473684,0.36363636363636365,0.7164619,0.7232975,0.81301,0.7125664,0.712777,0.81301,1.0,0.3
王绩,王绩,43,661,7,11,0.01664145234493192,4,0.09302325581395349,3,0.06976744186046512,4,0.006051437216338881,0.36363636363636365,0.74217445,0.742082,0.904409,0.7012057,0.666676,0.904409,1.0,0.42857142857142855
苏颋,苏颋,106,1156,17,19,0.01643598615916955,4,0.03773584905660377,3,0.02830188679245283,4,0.0034602076124567475,0.21052631578947367,0.70328766,0.714277,0.818246,0.70044833,0.712034,0.818246,1.0,0.17647058823529413
李隆基,李隆基,65,757,14,20,0.026420079260237782,4,0.06153846153846154,4,0.06153846153846154,4,0.005284015852047556,0.2,0.68089277,0.6855005,0.812973,0.6707271,0.668535,0.812973,1.0,0.2857142857142857
李德裕,李德裕,136,1419,26,31,0.021846370683579985,4,0.029411764705882353,3,0.022058823529411766,4,0.0028188865398167725,0.12903225806451613,0.6739975,0.681739,0.797556,0.6706858,0.677826,0.797556,1.0,0.11538461538461539
王昌龄,王昌龄,170,1759,29,37,0.021034678794769755,4,0.023529411764705882,4,0.023529411764705882,4,0.0022740193291642978,0.10810810810810811,0.67301315,0.667067,0.819588,0.666589,0.667067,0.819588,1.0,0.13793103448275862
杜荀鹤,杜荀鹤,325,2412,59,62,0.02570480928689884,4,0.012307692307692308,3,0.009230769230769232,4,0.001658374792703151,0.06451612903225806,0.6603296,0.659703,0.900229,0.65771157,0.658979,0.900229,1.0,0.05084745762711865
李群玉,李群玉,238,2234,33,41,0.018352730528200537,4,0.01680672268907563,4,0.01680672268907563,4,0.0017905102954341987,0.0975609756097561,0.65385556,0.644197,0.80871,0.64772147,0.64107,0.80871,1.0,0.12121212121212122
许浑,许浑,507,4218,70,75,0.017780938833570414,4,0.007889546351084813,3,0.005917159763313609,4,0.000948316737790422,0.05333333333333334,0.6404919,0.63417196,0.815972,0.6397847,0.631827,0.815972,1.0,0.04285714285714286
薛能,薛能,271,2731,43,47,0.01720981325521787,4,0.014760147601476014,1,0.0036900369003690036,4,0.0014646649578908824,0.0851063829787234,0.64145887,0.638854,0.801118,0.63386697,0.632897,0.801118,1.0,0.023255813953488372
赵光逢,赵光逢,4,48,4,5,0.10416666666666667,3,0.75,3,0.75,4,0.08333333333333333,0.8,0.8127605,0.842161,0.869655,0.798562,0.814667,0.869655,1.0,0.75
萧颖士,萧颖士,19,466,5,10,0.02145922746781116,3,0.15789473684210525,3,0.15789473684210525,4,0.008583690987124463,0.4,0.73018277,0.776433,0.79934,0.7231603,0.73721254,0.79934,1.0,0.6
邵谒,邵谒,33,354,14,25,0.07062146892655367,3,0.09090909090909091,3,0.09090909090909091,4,0.011299435028248588,0.16,0.7103764,0.704113,0.832851,0.6884268,0.686675,0.832851,1.0,0.21428571428571427
吕温,吕温,104,902,28,32,0.03547671840354767,3,0.028846153846153848,2,0.019230769230769232,4,0.004434589800443459,0.125,0.6700223,0.671813,0.809515,0.6731225,0.67567754,0.809515,1.0,0.07142857142857142
张衮,张衮,7,40,2,4,0.1,2,0.2857142857142857,2,0.2857142857142857,4,0.1,1.0,0.977369,0.977369,0.977369,0.8935405,0.8935405,0.977369,1.0,1.0
裴潾,裴潾,2,146,1,7,0.04794520547945205,1,0.5,1,0.5,4,0.0273972602739726,0.5714285714285714,0.975002,0.975002,0.975002,0.7678987,0.768773,0.975002,1.0,1.0
陶翰,陶翰,18,284,4,6,0.02112676056338028,3,0.16666666666666666,3,0.16666666666666666,3,0.01056338028169014,0.5,0.76260674,0.75940645,0.799606,0.74457866,0.7448565,0.799606,1.0,0.75
刘复,刘复,16,185,6,9,0.04864864864864865,3,0.1875,3,0.1875,3,0.016216216216216217,0.3333333333333333,0.7482005,0.732219,0.869222,0.7233893,0.69735,0.869222,1.0,0.5
魏徵,魏徵,36,304,8,9,0.029605263157894735,3,0.08333333333333333,3,0.08333333333333333,3,0.009868421052631578,0.3333333333333333,0.7073947,0.7289135,0.782102,0.70072365,0.726092,0.782102,1.0,0.375
崔融,崔融1,19,252,9,11,0.04365079365079365,3,0.15789473684210525,3,0.15789473684210525,3,0.011904761904761904,0.2727272727272727,0.69786114,0.678782,0.820234,0.68387455,0.662832,0.820234,1.0,0.3333333333333333
曹邺,曹邺,106,1020,37,51,0.05,3,0.02830188679245283,3,0.02830188679245283,3,0.0029411764705882353,0.058823529411764705,0.68130666,0.658961,0.910702,0.67458665,0.659794,0.910702,1.0,0.08108108108108109
独孤及,独孤及,82,1196,20,30,0.02508361204013378,3,0.036585365853658534,2,0.024390243902439025,3,0.002508361204013378,0.1,0.6881227,0.6846385,0.841508,0.6702542,0.651157,0.841508,1.0,0.1
李山甫,李山甫,78,754,16,20,0.026525198938992044,3,0.038461538461538464,2,0.02564102564102564,3,0.003978779840848806,0.15,0.66603696,0.65283096,0.771524,0.6640551,0.65410304,0.771524,1.0,0.125
李中,李中,287,2336,30,30,0.012842465753424657,3,0.010452961672473868,3,0.010452961672473868,3,0.0012842465753424657,0.1,0.65416205,0.64827,0.775488,0.65416205,0.64827,0.775488,1.0,0.1
张蠙,张蠙,102,764,20,22,0.028795811518324606,3,0.029411764705882353,3,0.029411764705882353,3,0.003926701570680628,0.13636363636363635,0.65439373,0.6481685,0.802154,0.6528221,0.6481685,0.802154,1.0,0.15
卢纶,卢纶,322,3177,48,53,0.01668240478438779,3,0.009316770186335404,2,0.006211180124223602,3,0.0009442870632672333,0.05660377358490566,0.64766324,0.6448165,0.781432,0.6485668,0.644874,0.781432,1.0,0.041666666666666664
贺知章,贺知章,21,187,5,10,0.053475935828877004,2,0.09523809523809523,2,0.09523809523809523,3,0.016042780748663103,0.3,0.75642025,0.711784,0.91163,0.7086008,0.68782055,0.91163,1.0,0.4
窦庠,窦庠,20,251,6,14,0.055776892430278883,2,0.1,2,0.1,3,0.01195219123505976,0.21428571428571427,0.70439416,0.679554,0.831326,0.65867776,0.637688,0.831326,1.0,0.3333333333333333
元希声,元希声,1,62,1,4,0.06451612903225806,1,1.0,1,1.0,3,0.04838709677419355,0.75,0.961085,0.961085,0.961085,0.82798225,0.82927597,0.961085,1.0,1.0
卢肇,卢肇,29,283,4,6,0.02120141342756184,1,0.034482758620689655,1,0.034482758620689655,3,0.01060070671378092,0.5,0.71002424,0.645943,0.950043,0.7261882,0.69814146,0.950043,1.0,0.25
归登,归登,2,16,2,2,0.125,2,1.0,2,1.0,2,0.125,1.0,0.972149,0.972149,0.972149,0.972149,0.972149,0.972149,1.0,1.0
王晙,王晙,2,16,2,2,0.125,2,1.0,2,1.0,2,0.125,1.0,0.97074,0.97074,0.97074,0.97074,0.97074,0.97074,1.0,1.0
崔玄童,崔玄童,2,16,2,2,0.125,2,1.0,2,1.0,2,0.125,1.0,0.837281,0.837281,0.837281,0.837281,0.837281,0.837281,1.0,1.0
常理,常理,3,38,2,2,0.05263157894736842,2,0.6666666666666666,2,0.6666666666666666,2,0.05263157894736842,1.0,0.775562,0.775562,0.775562,0.775562,0.775562,0.775562,1.0,1.0
裴交泰,裴交泰,2,8,2,2,0.25,2,1.0,2,1.0,2,0.25,1.0,0.755936,0.755936,0.755936,0.755936,0.755936,0.755936,1.0,1.0
贺兰进明,贺兰进明,3,100,2,9,0.09,2,0.6666666666666666,2,0.6666666666666666,2,0.02,0.2222222222222222,0.788896,0.788896,0.802245,0.73137885,0.72604,0.802245,1.0,1.0
张柬之,张柬之,6,66,3,3,0.045454545454545456,2,0.3333333333333333,2,0.3333333333333333,2,0.030303030303030304,0.6666666666666666,0.7218854,0.759752,0.759752,0.7218854,0.759752,0.759752,1.0,0.6666666666666666
李翱,李翱,7,50,3,5,0.1,2,0.2857142857142857,1,0.14285714285714285,2,0.04,0.4,0.75970966,0.750061,0.813436,0.719395,0.715632,0.813436,1.0,0.3333333333333333
李适,李适,15,194,3,4,0.020618556701030927,2,0.13333333333333333,1,0.06666666666666667,2,0.010309278350515464,0.5,0.71308535,0.750845,0.753822,0.7116768,0.72914803,0.753822,1.0,0.3333333333333333
张贲,张贲,16,96,4,5,0.052083333333333336,2,0.125,2,0.125,2,0.020833333333333332,0.4,0.71503776,0.7296065,0.799777,0.7073868,0.701914,0.799777,1.0,0.5
韦渠牟,韦渠牟,4,320,3,5,0.015625,2,0.5,2,0.5,2,0.00625,0.4,0.7216346,0.77057,0.77057,0.69481957,0.654597,0.77057,1.0,0.6666666666666666
许棠,许棠,138,1309,11,12,0.009167303284950344,2,0.014492753623188406,1,0.007246376811594203,2,0.0015278838808250573,0.16666666666666666,0.6872762,0.691747,0.803451,0.6790898,0.68024004,0.803451,1.0,0.09090909090909091
聂夷中,聂夷中,43,444,15,18,0.04054054054054054,2,0.046511627906976744,2,0.046511627906976744,2,0.0045045045045045045,0.1111111111111111,0.67908657,0.657421,0.815883,0.67646813,0.66619754,0.815883,1.0,0.13333333333333333
耿湋,耿湋,181,1565,23,27,0.017252396166134186,2,0.011049723756906077,2,0.011049723756906077,2,0.0012779552715654952,0.07407407407407407,0.67551905,0.679581,0.752234,0.6650571,0.669752,0.752234,1.0,0.08695652173913043
朱庆馀,朱庆馀,168,1314,16,16,0.0121765601217656,2,0.011904761904761904,1,0.005952380952380952,2,0.0015220700152207,0.125,0.66367245,0.663714,0.792311,0.66367245,0.663714,0.792311,1.0,0.0625
刘得仁,刘得仁,139,1268,14,14,0.011041009463722398,2,0.014388489208633094,1,0.007194244604316547,2,0.0015772870662460567,0.14285714285714285,0.6608539,0.693582,0.764991,0.6608539,0.693582,0.764991,1.0,0.07142857142857142
唐彦谦,唐彦谦,167,1578,27,36,0.022813688212927757,2,0.011976047904191617,2,0.011976047904191617,2,0.0012674271229404308,0.05555555555555555,0.6494701,0.629978,0.868949,0.6506435,0.63960946,0.868949,1.0,0.07407407407407407
司空图,司空图,231,2175,24,29,0.013333333333333334,2,0.008658008658008658,2,0.008658008658008658,2,0.0009195402298850574,0.06896551724137931,0.65462965,0.6537545,0.865515,0.6485659,0.653494,0.865515,1.0,0.08333333333333333
孙元晏,孙元晏,75,300,20,23,0.07666666666666666,2,0.02666666666666667,2,0.02666666666666667,2,0.006666666666666667,0.08695652173913043,0.6479401,0.646538,0.765309,0.64644873,0.640407,0.765309,1.0,0.1
皇甫冉,皇甫冉,242,2031,35,40,0.019694731659281144,2,0.008264462809917356,2,0.008264462809917356,2,0.0009847365829640572,0.05,0.65113765,0.643921,0.775256,0.64606273,0.642974,0.775256,1.0,0.05714285714285714
崔颢,崔颢,48,710,19,33,0.04647887323943662,2,0.041666666666666664,2,0.041666666666666664,2,0.0028169014084507044,0.06060606060606061,0.6588505,0.659938,0.760499,0.6454424,0.624768,0.760499,1.0,0.10526315789473684
郑谷,郑谷,312,2484,30,33,0.013285024154589372,2,0.00641025641025641,2,0.00641025641025641,2,0.0008051529790660225,0.06060606060606061,0.64934635,0.636581,0.864149,0.6447566,0.625407,0.864149,1.0,0.06666666666666667
王勃,王勃,81,849,11,14,0.016489988221436984,2,0.024691358024691357,2,0.024691358024691357,2,0.002355712603062426,0.14285714285714285,0.6481413,0.628966,0.776838,0.64402884,0.6187775,0.776838,1.0,0.18181818181818182
李咸用,李咸用,177,1840,39,48,0.02608695652173913,2,0.011299435028248588,2,0.011299435028248588,2,0.0010869565217391304,0.041666666666666664,0.645854,0.645943,0.756714,0.64161426,0.6386025,0.756714,1.0,0.05128205128205128
方干,方干,337,2715,51,53,0.019521178637200737,2,0.005934718100890208,2,0.005934718100890208,2,0.0007366482504604051,0.03773584905660377,0.64289093,0.635394,0.792859,0.64119345,0.634631,0.792859,1.0,0.0392156862745098
韩偓,韩偓,316,2486,41,44,0.017699115044247787,2,0.006329113924050633,1,0.0031645569620253164,2,0.0008045052292839903,0.045454545454545456,0.6414859,0.64027,0.763669,0.6409469,0.6402495,0.763669,1.0,0.024390243902439025
张祜,张祜,367,2662,56,64,0.02404207362885049,2,0.005449591280653951,2,0.005449591280653951,2,0.0007513148009015778,0.03125,0.64122814,0.63780653,0.830166,0.6376749,0.61663795,0.830166,1.0,0.03571428571428571
徐夤,徐夤,245,2118,35,40,0.018885741265344664,2,0.00816326530612245,2,0.00816326530612245,2,0.0009442870632672333,0.05,0.64080924,0.63473,0.809215,0.6362351,0.63164246,0.809215,1.0,0.05714285714285714
戎昱,戎昱,118,1127,22,30,0.026619343389529725,2,0.01694915254237288,2,0.01694915254237288,2,0.001774622892635315,0.06666666666666667,0.63467675,0.6360035,0.755864,0.6330358,0.618151,0.755864,1.0,0.09090909090909091
温庭筠,温庭筠,351,3980,48,57,0.014321608040201005,2,0.005698005698005698,2,0.005698005698005698,2,0.0005025125628140704,0.03508771929824561,0.63576597,0.626794,0.871343,0.6319972,0.622582,0.871343,1.0,0.041666666666666664
陈陶,陈陶,111,1637,24,32,0.019547953573610263,2,0.018018018018018018,1,0.009009009009009009,2,0.0012217470983506415,0.0625,0.6335759,0.620487,0.781996,0.6281771,0.620191,0.781996,1.0,0.041666666666666664
韦庄,韦庄,336,2989,51,55,0.01840080294412847,2,0.005952380952380952,1,0.002976190476190476,2,0.0006691201070592171,0.03636363636363636,0.6285651,0.633322,0.757145,0.62635905,0.629008,0.757145,1.0,0.0196078431372549
临淄县主,临淄县主,1,99,1,4,0.04040404040404041,1,1.0,1,1.0,2,0.020202020202020204,0.5,0.917582,0.917582,0.917582,0.767625,0.73825,0.917582,1.0,1.0
张绍,张绍,1,96,1,4,0.041666666666666664,1,1.0,1,1.0,2,0.020833333333333332,0.5,0.821273,0.821273,0.821273,0.72739947,0.7189305,0.821273,1.0,1.0
卢鸿一,卢鸿一,10,101,4,8,0.07920792079207921,1,0.1,1,0.1,2,0.019801980198019802,0.25,0.73362976,0.7070865,0.864592,0.70912474,0.6750665,0.864592,1.0,0.25
杨敬之,杨敬之,3,16,2,3,0.1875,1,0.3333333333333333,1,0.3333333333333333,2,0.125,0.6666666666666666,0.680321,0.680321,0.752792,0.7026773,0.74739,0.752792,1.0,0.5
修雅,修雅,1,81,1,8,0.09876543209876543,1,1.0,1,1.0,2,0.024691358024691357,0.25,0.758138,0.758138,0.758138,0.6955905,0.6875905,0.758138,1.0,1.0
李华,李华,15,424,3,21,0.049528301886792456,1,0.06666666666666667,1,0.06666666666666667,2,0.0047169811320754715,0.09523809523809523,0.73348933,0.716184,0.770672,0.6935968,0.700863,0.770672,1.0,0.3333333333333333
张谓,张谓,40,376,7,13,0.034574468085106384,1,0.025,1,0.025,2,0.005319148936170213,0.15384615384615385,0.69565785,0.685321,0.822471,0.68271947,0.672914,0.822471,1.0,0.14285714285714285
杜光庭,杜光庭,29,246,10,19,0.07723577235772358,1,0.034482758620689655,1,0.034482758620689655,2,0.008130081300813009,0.10526315789473684,0.663061,0.670291,0.891481,0.6744297,0.672635,0.891481,1.0,0.1
武元衡,武元衡,192,1544,25,29,0.01878238341968912,1,0.005208333333333333,1,0.005208333333333333,2,0.0012953367875647669,0.06896551724137931,0.65630895,0.644791,0.841132,0.6525084,0.63985,0.841132,1.0,0.04
吴少微,吴少微,8,187,3,9,0.0481283422459893,1,0.125,1,0.125,2,0.0106951871657754,0.2222222222222222,0.6931486,0.644353,0.79074,0.6416814,0.644353,0.79074,1.0,0.3333333333333333
于邵,于邵,5,28,1,1,0.03571428571428571,1,0.2,1,0.2,1,0.03571428571428571,1.0,0.9508,0.9508,0.9508,0.9508,0.9508,0.9508,1.0,1.0
孙思邈,孙思邈,1,38,1,1,0.02631578947368421,1,1.0,1,1.0,1,0.02631578947368421,1.0,0.909358,0.909358,0.909358,0.909358,0.909358,0.909358,1.0,1.0
刘行敏,刘行敏,3,20,1,1,0.05,1,0.3333333333333333,1,0.3333333333333333,1,0.05,1.0,0.864419,0.864419,0.864419,0.864419,0.864419,0.864419,1.0,1.0
武昌妓,武昌妓,1,4,1,1,0.25,1,1.0,1,1.0,1,0.25,1.0,0.840199,0.840199,0.840199,0.840199,0.840199,0.840199,1.0,1.0
成真人,成真人,1,4,1,1,0.25,1,1.0,1,1.0,1,0.25,1.0,0.829405,0.829405,0.829405,0.829405,0.829405,0.829405,1.0,1.0
莫宣卿,莫宣卿,4,34,1,1,0.029411764705882353,1,0.25,1,0.25,1,0.029411764705882353,1.0,0.821402,0.821402,0.821402,0.821402,0.821402,0.821402,1.0,1.0
李纾,李纾,8,64,1,1,0.015625,1,0.125,1,0.125,1,0.015625,1.0,0.817422,0.817422,0.817422,0.817422,0.817422,0.817422,1.0,1.0
杨收,杨收,3,12,1,1,0.08333333333333333,1,0.3333333333333333,1,0.3333333333333333,1,0.08333333333333333,1.0,0.815976,0.815976,0.815976,0.815976,0.815976,0.815976,1.0,1.0
崔翘,崔翘,3,32,1,1,0.03125,1,0.3333333333333333,1,0.3333333333333333,1,0.03125,1.0,0.812034,0.812034,0.812034,0.812034,0.812034,0.812034,1.0,1.0
舒道纪,舒道纪,2,16,1,1,0.0625,1,0.5,1,0.5,1,0.0625,1.0,0.80801,0.80801,0.80801,0.80801,0.80801,0.80801,1.0,1.0
陈叔达,陈叔达,9,74,1,2,0.02702702702702703,1,0.1111111111111111,1,0.1111111111111111,1,0.013513513513513514,0.5,0.97074,0.97074,0.97074,0.8042265,0.8042265,0.97074,1.0,1.0
崔禹锡,崔禹锡,1,20,1,1,0.05,1,1.0,1,1.0,1,0.05,1.0,0.801294,0.801294,0.801294,0.801294,0.801294,0.801294,1.0,1.0
王睿,王睿,11,72,1,1,0.013888888888888888,1,0.09090909090909091,1,0.09090909090909091,1,0.013888888888888888,1.0,0.800535,0.800535,0.800535,0.800535,0.800535,0.800535,1.0,1.0
杨凝式,杨凝式,5,22,1,1,0.045454545454545456,1,0.2,1,0.2,1,0.045454545454545456,1.0,0.79549,0.79549,0.79549,0.79549,0.79549,0.79549,1.0,1.0
刘太真,刘太真,3,32,1,1,0.03125,1,0.3333333333333333,1,0.3333333333333333,1,0.03125,1.0,0.79526,0.79526,0.79526,0.79526,0.79526,0.79526,1.0,1.0
郭元振,郭元振,5,40,1,1,0.025,1,0.2,1,0.2,1,0.025,1.0,0.784792,0.784792,0.784792,0.784792,0.784792,0.784792,1.0,1.0
张易之,张易之,5,52,1,1,0.019230769230769232,1,0.2,1,0.2,1,0.019230769230769232,1.0,0.78459,0.78459,0.78459,0.78459,0.78459,0.78459,1.0,1.0
长须国驸马,长须国驸马,1,4,1,1,0.25,1,1.0,1,1.0,1,0.25,1.0,0.7814,0.7814,0.7814,0.7814,0.7814,0.7814,1.0,1.0
郭密之,郭密之,1,20,1,1,0.05,1,1.0,1,1.0,1,0.05,1.0,0.77345,0.77345,0.77345,0.77345,0.77345,0.77345,1.0,1.0
李从谦,李从谦,1,8,1,1,0.125,1,1.0,1,1.0,1,0.125,1.0,0.771918,0.771918,0.771918,0.771918,0.771918,0.771918,1.0,1.0
陈去疾,陈去疾,12,84,1,1,0.011904761904761904,1,0.08333333333333333,1,0.08333333333333333,1,0.011904761904761904,1.0,0.769011,0.769011,0.769011,0.769011,0.769011,0.769011,1.0,1.0
崔居俭,崔居俭,1,8,1,1,0.125,1,1.0,1,1.0,1,0.125,1.0,0.767713,0.767713,0.767713,0.767713,0.767713,0.767713,1.0,1.0
贾躭,贾躭,1,10,1,1,0.1,1,1.0,1,1.0,1,0.1,1.0,0.76761,0.76761,0.76761,0.76761,0.76761,0.76761,1.0,1.0
卿云,卿云,4,32,1,1,0.03125,1,0.25,1,0.25,1,0.03125,1.0,0.764269,0.764269,0.764269,0.764269,0.764269,0.764269,1.0,1.0
天峤游人,天峤游人,1,4,1,1,0.25,1,1.0,1,1.0,1,0.25,1.0,0.763839,0.763839,0.763839,0.763839,0.763839,0.763839,1.0,1.0
张濯,张濯,2,24,1,1,0.041666666666666664,1,0.5,1,0.5,1,0.041666666666666664,1.0,0.763397,0.763397,0.763397,0.763397,0.763397,0.763397,1.0,1.0
刘绮庄,刘绮庄,3,24,1,1,0.041666666666666664,1,0.3333333333333333,1,0.3333333333333333,1,0.041666666666666664,1.0,0.762506,0.762506,0.762506,0.762506,0.762506,0.762506,1.0,1.0
上官昭容,上官昭容,7,166,1,1,0.006024096385542169,1,0.14285714285714285,1,0.14285714285714285,1,0.006024096385542169,1.0,0.761181,0.761181,0.761181,0.761181,0.761181,0.761181,1.0,1.0
豆卢回,豆卢回,1,30,1,1,0.03333333333333333,1,1.0,1,1.0,1,0.03333333333333333,1.0,0.759295,0.759295,0.759295,0.759295,0.759295,0.759295,1.0,1.0
河中鬼,河中鬼,1,4,1,1,0.25,1,1.0,1,1.0,1,0.25,1.0,0.757581,0.757581,0.757581,0.757581,0.757581,0.757581,1.0,1.0
韩昭,韩昭,2,16,1,1,0.0625,1,0.5,1,0.5,1,0.0625,1.0,0.755111,0.755111,0.755111,0.755111,0.755111,0.755111,1.0,1.0
李昪,李昪,1,4,1,1,0.25,1,1.0,1,1.0,1,0.25,1.0,0.753902,0.753902,0.753902,0.753902,0.753902,0.753902,1.0,1.0
刘方平,刘方平,29,223,1,1,0.004484304932735426,1,0.034482758620689655,0,0.0,1,0.004484304932735426,1.0,0.750441,0.750441,0.750441,0.750441,0.750441,0.750441,1.0,0.0
李遐周,李遐周,1,4,1,1,0.25,1,1.0,0,0.0,1,0.25,1.0,0.749826,0.749826,0.749826,0.749826,0.749826,0.749826,1.0,0.0
卫光一,卫光一,1,8,1,1,0.125,1,1.0,0,0.0,1,0.125,1.0,0.748787,0.748787,0.748787,0.748787,0.748787,0.748787,1.0,0.0
于尹躬,于尹躬,1,12,1,1,0.08333333333333333,1,1.0,0,0.0,1,0.08333333333333333,1.0,0.747539,0.747539,0.747539,0.747539,0.747539,0.747539,1.0,0.0
谢陶,谢陶,1,8,1,1,0.125,1,1.0,0,0.0,1,0.125,1.0,0.746245,0.746245,0.746245,0.746245,0.746245,0.746245,1.0,0.0
长孙无忌,长孙无忌,3,20,1,1,0.05,1,0.3333333333333333,0,0.0,1,0.05,1.0,0.745414,0.745414,0.745414,0.745414,0.745414,0.745414,1.0,0.0
韦璜,韦璜,3,18,1,1,0.05555555555555555,1,0.3333333333333333,0,0.0,1,0.05555555555555555,1.0,0.743842,0.743842,0.743842,0.743842,0.743842,0.743842,1.0,0.0
孔绍安,孔绍安,7,52,1,1,0.019230769230769232,1,0.14285714285714285,0,0.0,1,0.019230769230769232,1.0,0.742103,0.742103,0.742103,0.742103,0.742103,0.742103,1.0,0.0
卢士衡,卢士衡,9,64,2,2,0.03125,1,0.1111111111111111,1,0.1111111111111111,1,0.015625,0.5,0.7400725,0.7400725,0.759045,0.7400725,0.7400725,0.759045,1.0,0.5
王烈,王烈,4,34,1,3,0.08823529411764706,1,0.25,1,0.25,1,0.029411764705882353,0.3333333333333333,0.755962,0.755962,0.755962,0.7400684,0.73269,0.755962,1.0,1.0
谢良辅,谢良辅,4,18,2,2,0.1111111111111111,1,0.25,1,0.25,1,0.05555555555555555,0.5,0.73605204,0.73605204,0.821447,0.73605204,0.73605204,0.821447,1.0,0.5
畅当,畅当,15,140,2,2,0.014285714285714285,1,0.06666666666666667,1,0.06666666666666667,1,0.007142857142857143,0.5,0.72933,0.72933,0.77928,0.72933,0.72933,0.77928,1.0,0.5
张彪,张彪,6,76,2,3,0.039473684210526314,1,0.16666666666666666,0,0.0,1,0.013157894736842105,0.3333333333333333,0.7181175,0.7181175,0.743759,0.7247873,0.738127,0.743759,1.0,0.0
杨师道,杨师道,21,210,2,2,0.009523809523809525,1,0.047619047619047616,0,0.0,1,0.004761904761904762,0.5,0.718315,0.718315,0.750574,0.718315,0.718315,0.750574,1.0,0.0
唐怡,唐怡,2,8,1,2,0.25,1,0.5,1,0.5,1,0.125,0.5,0.785488,0.785488,0.785488,0.71694255,0.71694255,0.785488,1.0,1.0
尉迟汾,尉迟汾,1,60,1,3,0.05,1,1.0,1,1.0,1,0.016666666666666666,0.3333333333333333,0.763621,0.763621,0.763621,0.71670437,0.694297,0.763621,1.0,1.0
李舒,李舒,6,48,1,2,0.041666666666666664,1,0.16666666666666666,1,0.16666666666666666,1,0.020833333333333332,0.5,0.817422,0.817422,0.817422,0.715938,0.715938,0.817422,1.0,1.0
董思恭,董思恭,19,160,3,3,0.01875,1,0.05263157894736842,1,0.05263157894736842,1,0.00625,0.3333333333333333,0.71483,0.719402,0.800723,0.71483,0.719402,0.800723,1.0,0.3333333333333333
武则天,武则天,48,320,2,2,0.00625,1,0.020833333333333332,1,0.020833333333333332,1,0.003125,0.5,0.71395147,0.71395147,0.753152,0.71395147,0.71395147,0.753152,1.0,0.5
袁朗,袁朗,5,124,1,2,0.016129032258064516,1,0.2,1,0.2,1,0.008064516129032258,0.5,0.801805,0.801805,0.801805,0.7139225,0.7139225,0.801805,1.0,1.0
王宏,王宏,1,16,1,2,0.125,1,1.0,1,1.0,1,0.0625,0.5,0.76266,0.76266,0.76266,0.712381,0.712381,0.76266,1.0,1.0
郑愔,郑愔,25,282,2,3,0.010638297872340425,1,0.04,1,0.04,1,0.0035460992907801418,0.3333333333333333,0.746807,0.746807,0.770161,0.7118394,0.723453,0.770161,1.0,0.5
张为,张为,4,49,2,2,0.04081632653061224,1,0.25,1,0.25,1,0.02040816326530612,0.5,0.711004,0.711004,0.778845,0.711004,0.711004,0.778845,1.0,0.5
卢藏用,卢藏用,8,116,2,4,0.034482758620689655,1,0.125,1,0.125,1,0.008620689655172414,0.25,0.73439896,0.73439896,0.756167,0.7080405,0.701523,0.756167,1.0,0.5
李沛,李沛,2,24,2,3,0.125,1,0.5,1,0.5,1,0.041666666666666664,0.3333333333333333,0.730924,0.730924,0.75696,0.706486,0.704888,0.75696,1.0,0.5
孟迟,孟迟,18,90,3,5,0.05555555555555555,1,0.05555555555555555,0,0.0,1,0.011111111111111112,0.2,0.7056427,0.725566,0.745048,0.7040006,0.721404,0.745048,1.0,0.0
唐晅,唐晅,2,18,1,2,0.1111111111111111,1,0.5,0,0.0,1,0.05555555555555555,0.5,0.74288,0.74288,0.74288,0.7025155,0.7025155,0.74288,1.0,0.0
法振,法振,17,126,4,4,0.031746031746031744,1,0.058823529411764705,1,0.058823529411764705,1,0.007936507936507936,0.25,0.701858,0.6885315,0.763142,0.701858,0.6885315,0.763142,1.0,0.25
刘孝孙,刘孝孙,7,72,3,3,0.041666666666666664,1,0.14285714285714285,1,0.14285714285714285,1,0.013888888888888888,0.3333333333333333,0.70162934,0.688622,0.758512,0.70162934,0.688622,0.758512,1.0,0.3333333333333333
鲁收,鲁收,1,24,1,2,0.08333333333333333,1,1.0,0,0.0,1,0.041666666666666664,0.5,0.750478,0.750478,0.750478,0.7015475,0.7015475,0.750478,1.0,0.0
窦牟,窦牟,21,208,4,4,0.019230769230769232,1,0.047619047619047616,1,0.047619047619047616,1,0.004807692307692308,0.25,0.7013488,0.695957,0.827767,0.7013488,0.695957,0.827767,1.0,0.25
许宣平,许宣平,3,16,2,2,0.125,1,0.3333333333333333,1,0.3333333333333333,1,0.0625,0.5,0.70047295,0.70047295,0.808212,0.70047295,0.70047295,0.808212,1.0,0.5
崔璐,崔璐,1,22,1,2,0.09090909090909091,1,1.0,1,1.0,1,0.045454545454545456,0.5,0.766816,0.766816,0.766816,0.69885504,0.69885504,0.766816,1.0,1.0
尚颜,尚颜,33,270,3,3,0.011111111111111112,1,0.030303030303030304,1,0.030303030303030304,1,0.003703703703703704,0.3333333333333333,0.6982503,0.704891,0.795626,0.6982503,0.704891,0.795626,1.0,0.3333333333333333
刘允济,刘允济,4,116,2,3,0.02586206896551724,1,0.25,1,0.25,1,0.008620689655172414,0.3333333333333333,0.72571254,0.72571254,0.765725,0.6980057,0.6857,0.765725,1.0,0.5
王丘,王丘,3,46,2,2,0.043478260869565216,1,0.3333333333333333,0,0.0,1,0.021739130434782608,0.5,0.69368553,0.69368553,0.742746,0.69368553,0.69368553,0.742746,1.0,0.0
程长文,程长文,3,42,1,2,0.047619047619047616,1,0.3333333333333333,1,0.3333333333333333,1,0.023809523809523808,0.5,0.801931,0.801931,0.801931,0.693363,0.693363,0.801931,1.0,1.0
皇甫湜,皇甫湜,3,87,3,7,0.08045977011494253,1,0.3333333333333333,0,0.0,1,0.011494252873563218,0.14285714285714285,0.69522804,0.680458,0.746259,0.6917287,0.682137,0.746259,1.0,0.0
陈子良,陈子良,13,144,2,3,0.020833333333333332,1,0.07692307692307693,0,0.0,1,0.006944444444444444,0.3333333333333333,0.711882,0.711882,0.748742,0.6915054,0.675022,0.748742,1.0,0.0
鲍防,鲍防,8,65,2,3,0.046153846153846156,1,0.125,1,0.125,1,0.015384615384615385,0.3333333333333333,0.703151,0.703151,0.77689,0.6907527,0.665956,0.77689,1.0,0.5
崔湜,崔湜,34,394,7,8,0.02030456852791878,1,0.029411764705882353,1,0.029411764705882353,1,0.0025380710659898475,0.125,0.69756156,0.698452,0.754745,0.6891919,0.6899295,0.754745,1.0,0.14285714285714285
綦毋潜,綦毋潜,26,210,4,5,0.023809523809523808,1,0.038461538461538464,1,0.038461538461538464,1,0.004761904761904762,0.2,0.69614124,0.67420447,0.779495,0.6874892,0.660368,0.779495,1.0,0.25
宋华,宋华,1,50,1,4,0.08,1,1.0,1,1.0,1,0.02,0.25,0.791688,0.791688,0.791688,0.68684673,0.663276,0.791688,1.0,1.0
柳曾,柳曾,1,20,1,4,0.2,1,1.0,1,1.0,1,0.05,0.25,0.756424,0.756424,0.756424,0.685972,0.685207,0.756424,1.0,1.0
于濆,于濆,49,486,7,7,0.01440329218106996,1,0.02040816326530612,1,0.02040816326530612,1,0.00205761316872428,0.14285714285714285,0.6847896,0.655879,0.85755,0.6847896,0.655879,0.85755,1.0,0.14285714285714285
韩愈,韩愈,24,1248,9,13,0.010416666666666666,1,0.041666666666666664,1,0.041666666666666664,1,0.0008012820512820513,0.07692307692307693,0.70029324,0.715557,0.78829,0.68396086,0.696671,0.78829,1.0,0.1111111111111111
李冶,李冶,19,136,4,4,0.029411764705882353,1,0.05263157894736842,1,0.05263157894736842,1,0.007352941176470588,0.25,0.6834003,0.678383,0.772461,0.6834003,0.678383,0.772461,1.0,0.25
薛据,薛据,13,172,5,7,0.040697674418604654,1,0.07692307692307693,0,0.0,1,0.005813953488372093,0.14285714285714285,0.6890902,0.69971,0.74738,0.682705,0.681527,0.74738,1.0,0.0
褚亮,褚亮,35,295,7,7,0.023728813559322035,1,0.02857142857142857,0,0.0,1,0.003389830508474576,0.14285714285714285,0.68051946,0.691235,0.741959,0.68051946,0.691235,0.741959,1.0,0.0
舒元舆,舒元舆,7,204,4,8,0.0392156862745098,1,0.14285714285714285,1,0.14285714285714285,1,0.004901960784313725,0.125,0.6999127,0.70152104,0.79497,0.6797481,0.67120504,0.79497,1.0,0.25
崔国辅,崔国辅,52,336,6,7,0.020833333333333332,1,0.019230769230769232,0,0.0,1,0.002976190476190476,0.14285714285714285,0.6852577,0.673156,0.742936,0.6777021,0.673156,0.742936,1.0,0.0
水神,水神,11,140,6,7,0.05,1,0.09090909090909091,1,0.09090909090909091,1,0.007142857142857143,0.14285714285714285,0.6806435,0.66277003,0.800535,0.6756898,0.651853,0.800535,1.0,0.16666666666666666
钱珝,钱珝,7,440,1,7,0.015909090909090907,1,0.14285714285714285,0,0.0,1,0.0022727272727272726,0.14285714285714285,0.747342,0.747342,0.747342,0.67512184,0.668749,0.747342,1.0,0.0
任华,任华,3,188,3,10,0.05319148936170213,1,0.3333333333333333,1,0.3333333333333333,1,0.005319148936170213,0.1,0.715427,0.699243,0.760956,0.6712956,0.67931104,0.760956,1.0,0.3333333333333333
乔知之,乔知之,22,462,11,15,0.032467532467532464,1,0.045454545454545456,1,0.045454545454545456,1,0.0021645021645021645,0.06666666666666667,0.6865416,0.711942,0.825738,0.6697454,0.64851,0.825738,1.0,0.09090909090909091
崔日用,崔日用,13,99,3,4,0.04040404040404041,1,0.07692307692307693,1,0.07692307692307693,1,0.010101010101010102,0.25,0.68813497,0.692087,0.771707,0.66972196,0.653285,0.771707,1.0,0.3333333333333333
卢延让,卢延让,14,118,4,4,0.03389830508474576,1,0.07142857142857142,0,0.0,1,0.00847457627118644,0.25,0.66858196,0.6953625,0.748629,0.66858196,0.6953625,0.748629,1.0,0.0
柳宗元,柳宗元,16,223,6,11,0.04932735426008968,1,0.0625,1,0.0625,1,0.004484304932735426,0.09090909090909091,0.6689219,0.66611254,0.761079,0.6684699,0.668479,0.761079,1.0,0.16666666666666666
司马扎,司马扎,39,384,7,7,0.018229166666666668,1,0.02564102564102564,1,0.02564102564102564,1,0.0026041666666666665,0.14285714285714285,0.66721284,0.672829,0.760998,0.66721284,0.672829,0.760998,1.0,0.14285714285714285
杨衡,杨衡,61,596,9,9,0.015100671140939598,1,0.01639344262295082,1,0.01639344262295082,1,0.0016778523489932886,0.1111111111111111,0.6667777,0.642385,0.822758,0.6667777,0.642385,0.822758,1.0,0.1111111111111111
苏涣,苏涣,2,64,2,9,0.140625,1,0.5,1,0.5,1,0.015625,0.1111111111111111,0.748047,0.748047,0.762948,0.66677654,0.66996,0.762948,1.0,0.5
崔道融,崔道融,68,326,13,13,0.03987730061349693,1,0.014705882352941176,1,0.014705882352941176,1,0.003067484662576687,0.07692307692307693,0.6656142,0.680474,0.824139,0.6656142,0.680474,0.824139,1.0,0.07692307692307693
黄山隐,黄山隐,1,8,1,2,0.25,1,1.0,1,1.0,1,0.125,0.5,0.758964,0.758964,0.758964,0.6645825,0.6645825,0.758964,1.0,1.0
包佶,包佶,49,396,7,7,0.017676767676767676,1,0.02040816326530612,1,0.02040816326530612,1,0.0025252525252525255,0.14285714285714285,0.664411,0.690417,0.755683,0.664411,0.690417,0.755683,1.0,0.14285714285714285
于邺,于邺,34,244,10,10,0.040983606557377046,1,0.029411764705882353,1,0.029411764705882353,1,0.004098360655737705,0.1,0.6627394,0.662315,0.787376,0.6627394,0.662315,0.787376,1.0,0.1
章孝标,章孝标,68,530,10,10,0.018867924528301886,1,0.014705882352941176,0,0.0,1,0.0018867924528301887,0.1,0.6612562,0.65311146,0.750107,0.6612562,0.65311146,0.750107,1.0,0.0
马戴,马戴,168,1434,15,16,0.011157601115760111,1,0.005952380952380952,1,0.005952380952380952,1,0.000697350069735007,0.0625,0.6626671,0.680029,0.760268,0.6583759,0.6626785,0.760268,1.0,0.06666666666666667
王贞白,王贞白,67,589,12,15,0.025466893039049237,1,0.014925373134328358,1,0.014925373134328358,1,0.001697792869269949,0.06666666666666667,0.6588289,0.6717075,0.772105,0.6563946,0.668734,0.772105,1.0,0.08333333333333333
灵一,灵一,43,318,8,9,0.02830188679245283,1,0.023255813953488372,0,0.0,1,0.0031446540880503146,0.1111111111111111,0.6599671,0.655873,0.743792,0.65531325,0.655794,0.743792,1.0,0.0
张南史,张南史,27,272,6,6,0.022058823529411766,1,0.037037037037037035,1,0.037037037037037035,1,0.003676470588235294,0.16666666666666666,0.65515,0.634681,0.7516,0.65515,0.634681,0.7516,1.0,0.16666666666666666
王季友,王季友1,14,176,7,12,0.06818181818181818,1,0.07142857142857142,1,0.07142857142857142,1,0.005681818181818182,0.08333333333333333,0.6658829,0.697506,0.757705,0.6549279,0.6817935,0.757705,1.0,0.14285714285714285
杨炯,杨炯,33,470,10,13,0.027659574468085105,1,0.030303030303030304,1,0.030303030303030304,1,0.002127659574468085,0.07692307692307693,0.66445863,0.6547875,0.794711,0.65261257,0.633721,0.794711,1.0,0.1
李绅,李绅,127,1626,20,23,0.014145141451414513,1,0.007874015748031496,0,0.0,1,0.0006150061500615006,0.043478260869565216,0.6533195,0.66071546,0.74255,0.65255785,0.66005,0.74255,1.0,0.0
常建,常建,52,660,16,17,0.025757575757575757,1,0.019230769230769232,1,0.019230769230769232,1,0.0015151515151515152,0.058823529411764705,0.65355754,0.6316565,0.768863,0.65219545,0.63134,0.768863,1.0,0.0625
李频,李频,204,1676,26,26,0.015513126491646777,1,0.004901960784313725,1,0.004901960784313725,1,0.0005966587112171838,0.038461538461538464,0.6511024,0.66838896,0.759428,0.6511024,0.66838896,0.759428,1.0,0.038461538461538464
杜审言,杜审言,41,516,10,14,0.027131782945736434,1,0.024390243902439025,1,0.024390243902439025,1,0.001937984496124031,0.07142857142857142,0.6637522,0.65638995,0.787016,0.6505268,0.646842,0.787016,1.0,0.1
陈子昂,陈子昂,90,1457,27,54,0.03706245710363761,1,0.011111111111111112,1,0.011111111111111112,1,0.0006863417982155113,0.018518518518518517,0.65626806,0.655112,0.759039,0.649841,0.64734,0.759039,1.0,0.037037037037037035
僧鸾,僧鸾,2,82,2,6,0.07317073170731707,1,0.5,1,0.5,1,0.012195121951219513,0.16666666666666666,0.6425005,0.6425005,0.751525,0.6490105,0.64532554,0.751525,1.0,0.5
李煜,李煜,38,382,6,8,0.020942408376963352,1,0.02631578947368421,1,0.02631578947368421,1,0.002617801047120419,0.125,0.65423703,0.6560835,0.77529,0.64803314,0.6519425,0.77529,1.0,0.16666666666666666
沈佺期,沈佺期,171,2088,25,30,0.014367816091954023,1,0.005847953216374269,0,0.0,1,0.0004789272030651341,0.03333333333333333,0.6471244,0.656935,0.750646,0.6473084,0.65556204,0.750646,1.0,0.0
章碣,章碣,26,200,4,4,0.02,1,0.038461538461538464,1,0.038461538461538464,1,0.005,0.25,0.64697325,0.622279,0.800349,0.64697325,0.622279,0.800349,1.0,0.25
戴叔伦,戴叔伦,289,2279,33,35,0.015357612988152698,1,0.0034602076124567475,1,0.0034602076124567475,1,0.00043878894251864854,0.02857142857142857,0.64841455,0.642754,0.792859,0.64682454,0.642754,0.792859,1.0,0.030303030303030304
李嘉祐,李嘉祐,134,1071,18,20,0.018674136321195144,1,0.007462686567164179,1,0.007462686567164179,1,0.0009337068160597573,0.05,0.6492621,0.649553,0.802906,0.6462962,0.6455425,0.802906,1.0,0.05555555555555555
翁承赞,翁承赞,31,224,4,5,0.022321428571428572,1,0.03225806451612903,1,0.03225806451612903,1,0.004464285714285714,0.2,0.63911474,0.62038255,0.783571,0.64384496,0.63656,0.783571,1.0,0.25
李益,李益,178,1635,37,56,0.03425076452599388,1,0.0056179775280898875,1,0.0056179775280898875,1,0.0006116207951070336,0.017857142857142856,0.6533702,0.65136,0.754351,0.6434669,0.6438895,0.754351,1.0,0.02702702702702703
王翰,王翰,17,295,8,22,0.07457627118644068,1,0.058823529411764705,1,0.058823529411764705,1,0.003389830508474576,0.045454545454545456,0.7023349,0.6906225,0.828108,0.64305365,0.6462705,0.828108,1.0,0.125
刘希夷,刘希夷,33,682,17,22,0.03225806451612903,1,0.030303030303030304,1,0.030303030303030304,1,0.001466275659824047,0.045454545454545456,0.65045816,0.639994,0.764128,0.6421012,0.621609,0.764128,1.0,0.058823529411764705
郭震,郭震,18,131,4,6,0.04580152671755725,1,0.05555555555555555,1,0.05555555555555555,1,0.007633587786259542,0.16666666666666666,0.6772595,0.65255153,0.784792,0.6419017,0.6358105,0.784792,1.0,0.25
刘商,刘商,112,966,21,30,0.031055900621118012,1,0.008928571428571428,1,0.008928571428571428,1,0.0010351966873706005,0.03333333333333333,0.6432159,0.642072,0.835503,0.6413352,0.646133,0.835503,1.0,0.047619047619047616
雍陶,雍陶,124,776,17,20,0.02577319587628866,1,0.008064516129032258,1,0.008064516129032258,1,0.001288659793814433,0.05,0.64780337,0.638525,0.790246,0.6410328,0.6317395,0.790246,1.0,0.058823529411764705
胡曾,胡曾,166,716,36,39,0.05446927374301676,1,0.006024096385542169,1,0.006024096385542169,1,0.0013966480446927375,0.02564102564102564,0.6389397,0.629673,0.76051,0.6387297,0.629961,0.76051,1.0,0.027777777777777776
徐彦伯,徐彦伯,37,442,6,7,0.01583710407239819,1,0.02702702702702703,1,0.02702702702702703,1,0.0022624434389140274,0.14285714285714285,0.62925315,0.599761,0.809048,0.636837,0.619303,0.809048,1.0,0.16666666666666666
高蟾,高蟾,33,166,9,11,0.06626506024096386,1,0.030303030303030304,1,0.030303030303030304,1,0.006024096385542169,0.09090909090909091,0.635288,0.618577,0.801496,0.6349755,0.629978,0.801496,1.0,0.1111111111111111
贾至,贾至,43,453,15,17,0.037527593818984545,1,0.023255813953488372,1,0.023255813953488372,1,0.002207505518763797,0.058823529411764705,0.63475126,0.634489,0.776567,0.63458395,0.634489,0.776567,1.0,0.06666666666666667
顾云,顾云,8,151,5,12,0.07947019867549669,1,0.125,1,0.125,1,0.006622516556291391,0.08333333333333333,0.6721756,0.648035,0.828477,0.6313983,0.6157865,0.828477,1.0,0.2
郎士元,郎士元,72,539,8,9,0.016697588126159554,1,0.013888888888888888,1,0.013888888888888888,1,0.0018552875695732839,0.1111111111111111,0.639875,0.6334995,0.792346,0.631064,0.615435,0.792346,1.0,0.125
张志和,张志和,7,70,5,6,0.08571428571428572,1,0.14285714285714285,1,0.14285714285714285,1,0.014285714285714285,0.16666666666666666,0.6173236,0.568781,0.756177,0.63055164,0.5964395,0.756177,1.0,0.2
司空曙,司空曙,174,1361,12,12,0.00881704628949302,1,0.005747126436781609,1,0.005747126436781609,1,0.0007347538574577516,0.08333333333333333,0.6272497,0.6153995,0.788508,0.6272497,0.6153995,0.788508,1.0,0.08333333333333333
赵嘏,赵嘏,258,1832,34,37,0.02019650655021834,1,0.003875968992248062,0,0.0,1,0.0005458515283842794,0.02702702702702703,0.6271939,0.6349095,0.743335,0.62710226,0.633527,0.743335,1.0,0.0
张碧,张碧,15,196,7,11,0.05612244897959184,1,0.06666666666666667,0,0.0,1,0.00510204081632653,0.09090909090909091,0.65649945,0.66803,0.743453,0.6269663,0.602041,0.743453,1.0,0.0
黄滔,黄滔,198,1725,25,32,0.01855072463768116,1,0.005050505050505051,1,0.005050505050505051,1,0.0005797101449275362,0.03125,0.6263308,0.621915,0.770342,0.62221223,0.621191,0.770342,1.0,0.04
上官仪,上官仪,20,212,4,4,0.018867924528301886,1,0.05,1,0.05,1,0.0047169811320754715,0.25,0.6073895,0.5507595,0.798693,0.6073895,0.5507595,0.798693,1.0,0.25
李宣古,李宣古,6,58,1,1,0.017241379310344827,0,0.0,0,0.0,0,0.0,0.0,0.741534,0.741534,0.741534,0.741534,0.741534,0.741534,1.0,0.0
李观,李观,4,44,1,1,0.022727272727272728,0,0.0,0,0.0,0,0.0,0.0,0.740902,0.740902,0.740902,0.740902,0.740902,0.740902,1.0,0.0
王起,王起,6,70,1,1,0.014285714285714285,0,0.0,0,0.0,0,0.0,0.0,0.740722,0.740722,0.740722,0.740722,0.740722,0.740722,1.0,0.0
张震,张震,1,8,1,1,0.125,0,0.0,0,0.0,0,0.0,0.0,0.738864,0.738864,0.738864,0.738864,0.738864,0.738864,1.0,0.0
郑綮,郑綮,5,22,1,1,0.045454545454545456,0,0.0,0,0.0,0,0.0,0.0,0.738271,0.738271,0.738271,0.738271,0.738271,0.738271,1.0,0.0
冯涯,冯涯,1,12,1,1,0.08333333333333333,0,0.0,0,0.0,0,0.0,0.0,0.737505,0.737505,0.737505,0.737505,0.737505,0.737505,1.0,0.0
崔邠,崔邠,2,16,1,1,0.0625,0,0.0,0,0.0,0,0.0,0.0,0.73605,0.73605,0.73605,0.73605,0.73605,0.73605,1.0,0.0
赵微明,赵微明,2,18,1,1,0.05555555555555555,0,0.0,0,0.0,0,0.0,0.0,0.73604,0.73604,0.73604,0.73604,0.73604,0.73604,1.0,0.0
郑巢,郑巢,29,232,1,1,0.004310344827586207,0,0.0,0,0.0,0,0.0,0.0,0.734344,0.734344,0.734344,0.734344,0.734344,0.734344,1.0,0.0
窦威,窦威,2,16,2,2,0.125,0,0.0,0,0.0,0,0.0,0.0,0.733952,0.733952,0.733952,0.733952,0.733952,0.733952,1.0,0.0
陈琡,陈琡,1,6,1,1,0.16666666666666666,0,0.0,0,0.0,0,0.0,0.0,0.733534,0.733534,0.733534,0.733534,0.733534,0.733534,1.0,0.0
陈乘,陈乘,1,8,1,1,0.125,0,0.0,0,0.0,0,0.0,0.0,0.733192,0.733192,0.733192,0.733192,0.733192,0.733192,1.0,0.0
谢勮,谢勮,1,24,1,1,0.041666666666666664,0,0.0,0,0.0,0,0.0,0.0,0.731912,0.731912,0.731912,0.731912,0.731912,0.731912,1.0,0.0
沈彬,沈彬,18,174,1,1,0.005747126436781609,0,0.0,0,0.0,0,0.0,0.0,0.731676,0.731676,0.731676,0.731676,0.731676,0.731676,1.0,0.0
李浩,李浩,1,16,1,1,0.0625,0,0.0,0,0.0,0,0.0,0.0,0.731534,0.731534,0.731534,0.731534,0.731534,0.731534,1.0,0.0
崔元翰,崔元翰,7,108,1,1,0.009259259259259259,0,0.0,0,0.0,0,0.0,0.0,0.730165,0.730165,0.730165,0.730165,0.730165,0.730165,1.0,0.0
张昌宗,张昌宗,3,32,1,1,0.03125,0,0.0,0,0.0,0,0.0,0.0,0.730114,0.730114,0.730114,0.730114,0.730114,0.730114,1.0,0.0
夷陵女郎,夷陵女郎,1,24,1,1,0.041666666666666664,0,0.0,0,0.0,0,0.0,0.0,0.729701,0.729701,0.729701,0.729701,0.729701,0.729701,1.0,0.0
戴休珽,戴休珽,1,16,1,1,0.0625,0,0.0,0,0.0,0,0.0,0.0,0.729122,0.729122,0.729122,0.729122,0.729122,0.729122,1.0,0.0
郑鏦,郑鏦,4,32,1,1,0.03125,0,0.0,0,0.0,0,0.0,0.0,0.727711,0.727711,0.727711,0.727711,0.727711,0.727711,1.0,0.0
张嗣初,张嗣初,2,24,1,1,0.041666666666666664,0,0.0,0,0.0,0,0.0,0.0,0.726735,0.726735,0.726735,0.726735,0.726735,0.726735,1.0,0.0
张良璞,张良璞,1,16,1,1,0.0625,0,0.0,0,0.0,0,0.0,0.0,0.726469,0.726469,0.726469,0.726469,0.726469,0.726469,1.0,0.0
白敏中,白敏中,3,22,1,1,0.045454545454545456,0,0.0,0,0.0,0,0.0,0.0,0.726122,0.726122,0.726122,0.726122,0.726122,0.726122,1.0,0.0
严武,严武,6,64,1,1,0.015625,0,0.0,0,0.0,0,0.0,0.0,0.724836,0.724836,0.724836,0.724836,0.724836,0.724836,1.0,0.0
严识玄,严识玄,2,16,2,2,0.125,0,0.0,0,0.0,0,0.0,0.0,0.724836,0.724836,0.724836,0.724836,0.724836,0.724836,1.0,0.0
赵氏,赵氏1,6,68,1,1,0.014705882352941176,0,0.0,0,0.0,0,0.0,0.0,0.724792,0.724792,0.724792,0.724792,0.724792,0.724792,1.0,0.0
朱景玄,朱景玄,16,89,1,1,0.011235955056179775,0,0.0,0,0.0,0,0.0,0.0,0.72477,0.72477,0.72477,0.72477,0.72477,0.72477,1.0,0.0
李嶷,李嶷,5,60,2,2,0.03333333333333333,0,0.0,0,0.0,0,0.0,0.0,0.72389,0.72389,0.72389,0.72389,0.72389,0.72389,1.0,0.0
韩湘,韩湘,2,18,1,1,0.05555555555555555,0,0.0,0,0.0,0,0.0,0.0,0.723447,0.723447,0.723447,0.723447,0.723447,0.723447,1.0,0.0
湛贲,湛贲,3,28,1,1,0.03571428571428571,0,0.0,0,0.0,0,0.0,0.0,0.722665,0.722665,0.722665,0.722665,0.722665,0.722665,1.0,0.0
戴司颜,戴司颜,3,18,1,2,0.1111111111111111,0,0.0,0,0.0,0,0.0,0.0,0.737195,0.737195,0.737195,0.7211225,0.7211225,0.737195,1.0,0.0
伍彬,伍彬,2,12,1,1,0.08333333333333333,0,0.0,0,0.0,0,0.0,0.0,0.720676,0.720676,0.720676,0.720676,0.720676,0.720676,1.0,0.0
孔颙,孔颙,1,4,1,1,0.25,0,0.0,0,0.0,0,0.0,0.0,0.720348,0.720348,0.720348,0.720348,0.720348,0.720348,1.0,0.0
可止,可止,10,82,1,1,0.012195121951219513,0,0.0,0,0.0,0,0.0,0.0,0.720146,0.720146,0.720146,0.720146,0.720146,0.720146,1.0,0.0
刘子玄,刘子玄,1,8,1,1,0.125,0,0.0,0,0.0,0,0.0,0.0,0.720058,0.720058,0.720058,0.720058,0.720058,0.720058,1.0,0.0
刘知几,刘知几,1,8,1,1,0.125,0,0.0,0,0.0,0,0.0,0.0,0.720058,0.720058,0.720058,0.720058,0.720058,0.720058,1.0,0.0
陆敬,陆敬,4,64,1,1,0.015625,0,0.0,0,0.0,0,0.0,0.0,0.71774,0.71774,0.71774,0.71774,0.71774,0.71774,1.0,0.0
徐氏,徐氏,16,120,2,2,0.016666666666666666,0,0.0,0,0.0,0,0.0,0.0,0.717571,0.717571,0.725143,0.717571,0.717571,0.725143,1.0,0.0
郭仁表,郭仁表,1,5,1,2,0.4,0,0.0,0,0.0,0,0.0,0.0,0.720788,0.720788,0.720788,0.716745,0.716745,0.720788,1.0,0.0
郑符,郑符,1,3,1,1,0.3333333333333333,0,0.0,0,0.0,0,0.0,0.0,0.715804,0.715804,0.715804,0.715804,0.715804,0.715804,1.0,0.0
裴守真,裴守真,1,24,1,1,0.041666666666666664,0,0.0,0,0.0,0,0.0,0.0,0.714182,0.714182,0.714182,0.714182,0.714182,0.714182,1.0,0.0
沈千运,沈千运,5,78,2,2,0.02564102564102564,0,0.0,0,0.0,0,0.0,0.0,0.7141555,0.7141555,0.732723,0.7141555,0.7141555,0.732723,1.0,0.0
丁泽,丁泽,3,36,2,3,0.08333333333333333,0,0.0,0,0.0,0,0.0,0.0,0.720927,0.720927,0.730137,0.71394867,0.711717,0.730137,1.0,0.0
裴皞,裴皞,1,4,1,1,0.25,0,0.0,0,0.0,0,0.0,0.0,0.713459,0.713459,0.713459,0.713459,0.713459,0.713459,1.0,0.0
李续,李续,1,8,1,1,0.125,0,0.0,0,0.0,0,0.0,0.0,0.71095,0.71095,0.71095,0.71095,0.71095,0.71095,1.0,0.0
宋昱,宋昱,3,48,1,1,0.020833333333333332,0,0.0,0,0.0,0,0.0,0.0,0.710326,0.710326,0.710326,0.710326,0.710326,0.710326,1.0,0.0
贺朝,贺朝,7,86,2,2,0.023255813953488372,0,0.0,0,0.0,0,0.0,0.0,0.7095335,0.7095335,0.730445,0.7095335,0.7095335,0.730445,1.0,0.0
范传质,范传质,1,12,1,1,0.08333333333333333,0,0.0,0,0.0,0,0.0,0.0,0.709161,0.709161,0.709161,0.709161,0.709161,0.709161,1.0,0.0
羊昭业,羊昭业,1,8,1,1,0.125,0,0.0,0,0.0,0,0.0,0.0,0.708442,0.708442,0.708442,0.708442,0.708442,0.708442,1.0,0.0
魏知古,魏知古,4,46,2,2,0.043478260869565216,0,0.0,0,0.0,0,0.0,0.0,0.707924,0.707924,0.71807,0.707924,0.707924,0.71807,1.0,0.0
罗珦,罗珦,1,8,1,1,0.125,0,0.0,0,0.0,0,0.0,0.0,0.707514,0.707514,0.707514,0.707514,0.707514,0.707514,1.0,0.0
卢文纪,卢文纪,1,8,1,1,0.125,0,0.0,0,0.0,0,0.0,0.0,0.706309,0.706309,0.706309,0.706309,0.706309,0.706309,1.0,0.0
刘戬,刘戬,1,14,1,1,0.07142857142857142,0,0.0,0,0.0,0,0.0,0.0,0.706161,0.706161,0.706161,0.706161,0.706161,0.706161,1.0,0.0
赵徵明,赵徵明,3,32,2,2,0.0625,0,0.0,0,0.0,0,0.0,0.0,0.70577455,0.70577455,0.711529,0.70577455,0.70577455,0.711529,1.0,0.0
杨达,杨达,2,12,1,1,0.08333333333333333,0,0.0,0,0.0,0,0.0,0.0,0.705357,0.705357,0.705357,0.705357,0.705357,0.705357,1.0,0.0
成辅端,成辅端,1,4,1,1,0.25,0,0.0,0,0.0,0,0.0,0.0,0.705243,0.705243,0.705243,0.705243,0.705243,0.705243,1.0,0.0
龙女,龙女,3,12,1,1,0.08333333333333333,0,0.0,0,0.0,0,0.0,0.0,0.704485,0.704485,0.704485,0.704485,0.704485,0.704485,1.0,0.0
唐尧客,唐尧客,1,32,1,2,0.0625,0,0.0,0,0.0,0,0.0,0.0,0.717028,0.717028,0.717028,0.70444,0.70444,0.717028,1.0,0.0
李缜,李缜,1,28,1,1,0.03571428571428571,0,0.0,0,0.0,0,0.0,0.0,0.703986,0.703986,0.703986,0.703986,0.703986,0.703986,1.0,0.0
李林甫,李林甫,3,36,1,1,0.027777777777777776,0,0.0,0,0.0,0,0.0,0.0,0.703866,0.703866,0.703866,0.703866,0.703866,0.703866,1.0,0.0
长孙铸,长孙铸,1,8,1,1,0.125,0,0.0,0,0.0,0,0.0,0.0,0.703589,0.703589,0.703589,0.703589,0.703589,0.703589,1.0,0.0
许昼,许昼,2,28,1,1,0.03571428571428571,0,0.0,0,0.0,0,0.0,0.0,0.703553,0.703553,0.703553,0.703553,0.703553,0.703553,1.0,0.0
黄损,黄损,5,50,1,1,0.02,0,0.0,0,0.0,0,0.0,0.0,0.703331,0.703331,0.703331,0.703331,0.703331,0.703331,1.0,0.0
蒋涣,蒋涣,4,40,1,1,0.025,0,0.0,0,0.0,0,0.0,0.0,0.702969,0.702969,0.702969,0.702969,0.702969,0.702969,1.0,0.0
田娥,田娥,6,32,1,1,0.03125,0,0.0,0,0.0,0,0.0,0.0,0.7026,0.7026,0.7026,0.7026,0.7026,0.7026,1.0,0.0
林披,林披,1,6,1,1,0.16666666666666666,0,0.0,0,0.0,0,0.0,0.0,0.702404,0.702404,0.702404,0.702404,0.702404,0.702404,1.0,0.0
玄宝,玄宝,1,8,1,1,0.125,0,0.0,0,0.0,0,0.0,0.0,0.702342,0.702342,0.702342,0.702342,0.702342,0.702342,1.0,0.0
蔡希寂,蔡希寂,5,54,2,2,0.037037037037037035,0,0.0,0,0.0,0,0.0,0.0,0.701733,0.701733,0.738925,0.701733,0.701733,0.738925,1.0,0.0
李胄,李胄,1,12,1,1,0.08333333333333333,0,0.0,0,0.0,0,0.0,0.0,0.701687,0.701687,0.701687,0.701687,0.701687,0.701687,1.0,0.0
冯涓,冯涓,3,16,2,3,0.1875,0,0.0,0,0.0,0,0.0,0.0,0.710672,0.710672,0.739041,0.701488,0.68312,0.739041,1.0,0.0
李幼卿,李幼卿,2,32,1,1,0.03125,0,0.0,0,0.0,0,0.0,0.0,0.701168,0.701168,0.701168,0.701168,0.701168,0.701168,1.0,0.0
卢注,卢注,2,24,1,3,0.125,0,0.0,0,0.0,0,0.0,0.0,0.731008,0.731008,0.731008,0.69963,0.710198,0.731008,1.0,0.0
刘皂,刘皂,3,20,1,1,0.05,0,0.0,0,0.0,0,0.0,0.0,0.699449,0.699449,0.699449,0.699449,0.699449,0.699449,1.0,0.0
张嘉贞,张嘉贞,4,51,1,1,0.0196078431372549,0,0.0,0,0.0,0,0.0,0.0,0.699141,0.699141,0.699141,0.699141,0.699141,0.699141,1.0,0.0
韦嗣立,韦嗣立,7,120,2,2,0.016666666666666666,0,0.0,0,0.0,0,0.0,0.0,0.69764,0.69764,0.726418,0.69764,0.69764,0.726418,1.0,0.0
管雄甫,管雄甫,1,12,1,1,0.08333333333333333,0,0.0,0,0.0,0,0.0,0.0,0.697535,0.697535,0.697535,0.697535,0.697535,0.697535,1.0,0.0
虎丘石壁鬼,虎丘石壁鬼,2,28,1,1,0.03571428571428571,0,0.0,0,0.0,0,0.0,0.0,0.697357,0.697357,0.697357,0.697357,0.697357,0.697357,1.0,0.0
贺遂亮,贺遂亮,1,12,1,2,0.16666666666666666,0,0.0,0,0.0,0,0.0,0.0,0.706767,0.706767,0.706767,0.697295,0.697295,0.706767,1.0,0.0
晁采,晁采,5,96,1,3,0.03125,0,0.0,0,0.0,0,0.0,0.0,0.732555,0.732555,0.732555,0.6972527,0.71493,0.732555,1.0,0.0
韦抗,韦抗,1,12,1,1,0.08333333333333333,0,0.0,0,0.0,0,0.0,0.0,0.696175,0.696175,0.696175,0.696175,0.696175,0.696175,1.0,0.0
王铎,王铎,4,30,2,2,0.06666666666666667,0,0.0,0,0.0,0,0.0,0.0,0.6959815,0.6959815,0.737625,0.6959815,0.6959815,0.737625,1.0,0.0
杨浚,杨浚,3,40,1,1,0.025,0,0.0,0,0.0,0,0.0,0.0,0.695535,0.695535,0.695535,0.695535,0.695535,0.695535,1.0,0.0
无名鬼,无名鬼,2,10,1,3,0.3,0,0.0,0,0.0,0,0.0,0.0,0.740155,0.740155,0.740155,0.6951527,0.694326,0.740155,1.0,0.0
薛令之,薛令之,2,12,1,1,0.08333333333333333,0,0.0,0,0.0,0,0.0,0.0,0.694461,0.694461,0.694461,0.694461,0.694461,0.694461,1.0,0.0
刘昚虚,刘昚虚,17,186,3,3,0.016129032258064516,0,0.0,0,0.0,0,0.0,0.0,0.6944544,0.705917,0.716881,0.6944544,0.705917,0.716881,1.0,0.0
李太玄,李太玄,2,8,1,1,0.125,0,0.0,0,0.0,0,0.0,0.0,0.69389,0.69389,0.69389,0.69389,0.69389,0.69389,1.0,0.0
海顺,海顺,1,48,1,2,0.041666666666666664,0,0.0,0,0.0,0,0.0,0.0,0.724979,0.724979,0.724979,0.693817,0.693817,0.724979,1.0,0.0
窦群,窦群,23,164,1,1,0.006097560975609756,0,0.0,0,0.0,0,0.0,0.0,0.693106,0.693106,0.693106,0.693106,0.693106,0.693106,1.0,0.0
长孙佐辅,长孙佐辅,22,320,1,1,0.003125,0,0.0,0,0.0,0,0.0,0.0,0.692411,0.692411,0.692411,0.692411,0.692411,0.692411,1.0,0.0
杨损,杨损,1,4,1,1,0.25,0,0.0,0,0.0,0,0.0,0.0,0.692372,0.692372,0.692372,0.692372,0.692372,0.692372,1.0,0.0
沈徽,沈徽,1,24,1,1,0.041666666666666664,0,0.0,0,0.0,0,0.0,0.0,0.692096,0.692096,0.692096,0.692096,0.692096,0.692096,1.0,0.0
刘长川,刘长川,2,12,1,1,0.08333333333333333,0,0.0,0,0.0,0,0.0,0.0,0.692045,0.692045,0.692045,0.692045,0.692045,0.692045,1.0,0.0
萧祜,萧祜,2,63,1,1,0.015873015873015872,0,0.0,0,0.0,0,0.0,0.0,0.691948,0.691948,0.691948,0.691948,0.691948,0.691948,1.0,0.0
修睦,修睦,27,208,3,3,0.014423076923076924,0,0.0,0,0.0,0,0.0,0.0,0.6910247,0.698027,0.718339,0.6910247,0.698027,0.718339,1.0,0.0
詹敦仁,詹敦仁,6,74,1,2,0.02702702702702703,0,0.0,0,0.0,0,0.0,0.0,0.700311,0.700311,0.700311,0.69068,0.69068,0.700311,1.0,0.0
李收,李收,2,12,2,2,0.16666666666666666,0,0.0,0,0.0,0,0.0,0.0,0.6903035,0.6903035,0.692242,0.6903035,0.6903035,0.692242,1.0,0.0
知玄,知玄,3,20,1,1,0.05,0,0.0,0,0.0,0,0.0,0.0,0.689779,0.689779,0.689779,0.689779,0.689779,0.689779,1.0,0.0
张建封,张建封,2,50,2,2,0.04,0,0.0,0,0.0,0,0.0,0.0,0.689551,0.689551,0.717418,0.689551,0.689551,0.717418,1.0,0.0
韦道逊,韦道逊,1,8,1,1,0.125,0,0.0,0,0.0,0,0.0,0.0,0.689238,0.689238,0.689238,0.689238,0.689238,0.689238,1.0,0.0
令狐楚,令狐楚,8,92,2,2,0.021739130434782608,0,0.0,0,0.0,0,0.0,0.0,0.68904305,0.68904305,0.721975,0.68904305,0.68904305,0.721975,1.0,0.0
袁高,袁高,1,40,1,2,0.05,0,0.0,0,0.0,0,0.0,0.0,0.729273,0.729273,0.729273,0.688895,0.688895,0.729273,1.0,0.0
贺朝清,贺朝清,2,16,1,1,0.0625,0,0.0,0,0.0,0,0.0,0.0,0.688622,0.688622,0.688622,0.688622,0.688622,0.688622,1.0,0.0
朱昼,朱昼,3,34,1,2,0.058823529411764705,0,0.0,0,0.0,0,0.0,0.0,0.72783,0.72783,0.72783,0.68859,0.68859,0.72783,1.0,0.0
郑愚,郑愚,4,18,1,1,0.05555555555555555,0,0.0,0,0.0,0,0.0,0.0,0.68817,0.68817,0.68817,0.68817,0.68817,0.68817,1.0,0.0
任彦思家鬼,任彦思家鬼,1,4,1,1,0.25,0,0.0,0,0.0,0,0.0,0.0,0.687986,0.687986,0.687986,0.687986,0.687986,0.687986,1.0,0.0
梁震,梁震,1,4,1,1,0.25,0,0.0,0,0.0,0,0.0,0.0,0.687094,0.687094,0.687094,0.687094,0.687094,0.687094,1.0,0.0
沈东美,沈东美,1,24,1,1,0.041666666666666664,0,0.0,0,0.0,0,0.0,0.0,0.687034,0.687034,0.687034,0.687034,0.687034,0.687034,1.0,0.0
郑锡,郑锡,11,88,1,1,0.011363636363636364,0,0.0,0,0.0,0,0.0,0.0,0.686749,0.686749,0.686749,0.686749,0.686749,0.686749,1.0,0.0
潘咸,潘咸,7,46,1,1,0.021739130434782608,0,0.0,0,0.0,0,0.0,0.0,0.686611,0.686611,0.686611,0.686611,0.686611,0.686611,1.0,0.0
张子容,张子容,18,186,2,2,0.010752688172043012,0,0.0,0,0.0,0,0.0,0.0,0.686547,0.686547,0.732901,0.686547,0.686547,0.732901,1.0,0.0
颜真卿,颜真卿,30,399,5,5,0.012531328320802004,0,0.0,0,0.0,0,0.0,0.0,0.686096,0.678878,0.740637,0.686096,0.678878,0.740637,1.0,0.0
杨希道,杨希道,4,28,1,1,0.03571428571428571,0,0.0,0,0.0,0,0.0,0.0,0.686056,0.686056,0.686056,0.686056,0.686056,0.686056,1.0,0.0
刘义,刘义,1,8,1,1,0.125,0,0.0,0,0.0,0,0.0,0.0,0.685975,0.685975,0.685975,0.685975,0.685975,0.685975,1.0,0.0
武平一,武平一,16,168,1,1,0.005952380952380952,0,0.0,0,0.0,0,0.0,0.0,0.685913,0.685913,0.685913,0.685913,0.685913,0.685913,1.0,0.0
尹鹗,尹鹗,12,146,1,1,0.00684931506849315,0,0.0,0,0.0,0,0.0,0.0,0.685753,0.685753,0.685753,0.685753,0.685753,0.685753,1.0,0.0
杨谏,杨谏,2,16,1,1,0.0625,0,0.0,0,0.0,0,0.0,0.0,0.685497,0.685497,0.685497,0.685497,0.685497,0.685497,1.0,0.0
富嘉谟,富嘉谟,1,20,1,1,0.05,0,0.0,0,0.0,0,0.0,0.0,0.685373,0.685373,0.685373,0.685373,0.685373,0.685373,1.0,0.0
崔璞,崔璞,2,16,1,1,0.0625,0,0.0,0,0.0,0,0.0,0.0,0.685354,0.685354,0.685354,0.685354,0.685354,0.685354,1.0,0.0
徐坚,徐坚,11,114,3,3,0.02631578947368421,0,0.0,0,0.0,0,0.0,0.0,0.68521434,0.72501,0.732064,0.68521434,0.72501,0.732064,1.0,0.0
义净,义净,6,94,1,2,0.02127659574468085,0,0.0,0,0.0,0,0.0,0.0,0.726518,0.726518,0.726518,0.6851495,0.6851495,0.726518,1.0,0.0
京兆韦氏子,京兆韦氏子,1,4,1,1,0.25,0,0.0,0,0.0,0,0.0,0.0,0.685144,0.685144,0.685144,0.685144,0.685144,0.685144,1.0,0.0
韦处厚,韦处厚,12,48,1,1,0.020833333333333332,0,0.0,0,0.0,0,0.0,0.0,0.684028,0.684028,0.684028,0.684028,0.684028,0.684028,1.0,0.0
任氏,任氏,1,14,1,1,0.07142857142857142,0,0.0,0,0.0,0,0.0,0.0,0.68373,0.68373,0.68373,0.68373,0.68373,0.68373,1.0,0.0
李远,李远,36,260,1,1,0.0038461538461538464,0,0.0,0,0.0,0,0.0,0.0,0.683636,0.683636,0.683636,0.683636,0.683636,0.683636,1.0,0.0
湘中女子,湘中女子,1,4,1,1,0.25,0,0.0,0,0.0,0,0.0,0.0,0.683467,0.683467,0.683467,0.683467,0.683467,0.683467,1.0,0.0
湘驿女子,湘驿女子,1,4,1,1,0.25,0,0.0,0,0.0,0,0.0,0.0,0.683467,0.683467,0.683467,0.683467,0.683467,0.683467,1.0,0.0
虞世南,虞世南,38,508,8,12,0.023622047244094488,0,0.0,0,0.0,0,0.0,0.0,0.6820289,0.6822335,0.703266,0.6833687,0.68384945,0.703266,1.0,0.0
许彬,许彬,20,168,1,1,0.005952380952380952,0,0.0,0,0.0,0,0.0,0.0,0.682665,0.682665,0.682665,0.682665,0.682665,0.682665,1.0,0.0
张钦敬,张钦敬,1,12,1,2,0.16666666666666666,0,0.0,0,0.0,0,0.0,0.0,0.703547,0.703547,0.703547,0.68220747,0.68220747,0.703547,1.0,0.0
李善夷,李善夷,2,19,1,3,0.15789473684210525,0,0.0,0,0.0,0,0.0,0.0,0.720468,0.720468,0.720468,0.68131065,0.679675,0.720468,1.0,0.0
沈如筠,沈如筠,4,25,2,3,0.12,0,0.0,0,0.0,0,0.0,0.0,0.6755965,0.6755965,0.706552,0.6801097,0.689136,0.706552,1.0,0.0
刘湾,刘湾,6,86,1,1,0.011627906976744186,0,0.0,0,0.0,0,0.0,0.0,0.679884,0.679884,0.679884,0.679884,0.679884,0.679884,1.0,0.0
蜀宫群仙,蜀宫群仙,6,24,1,1,0.041666666666666664,0,0.0,0,0.0,0,0.0,0.0,0.679448,0.679448,0.679448,0.679448,0.679448,0.679448,1.0,0.0
陈凝,陈凝,1,8,1,1,0.125,0,0.0,0,0.0,0,0.0,0.0,0.679273,0.679273,0.679273,0.679273,0.679273,0.679273,1.0,0.0
可朋,可朋,6,51,2,2,0.0392156862745098,0,0.0,0,0.0,0,0.0,0.0,0.679132,0.679132,0.68031,0.679132,0.679132,0.68031,1.0,0.0
卢携,卢携,1,4,1,1,0.25,0,0.0,0,0.0,0,0.0,0.0,0.678853,0.678853,0.678853,0.678853,0.678853,0.678853,1.0,0.0
刘云,刘云,3,18,1,2,0.1111111111111111,0,0.0,0,0.0,0,0.0,0.0,0.683096,0.683096,0.683096,0.678791,0.678791,0.683096,1.0,0.0
刘氏云,刘氏云,2,14,1,2,0.14285714285714285,0,0.0,0,0.0,0,0.0,0.0,0.683096,0.683096,0.683096,0.678791,0.678791,0.683096,1.0,0.0
张贾,张贾,3,18,1,1,0.05555555555555555,0,0.0,0,0.0,0,0.0,0.0,0.678616,0.678616,0.678616,0.678616,0.678616,0.678616,1.0,0.0
破笛,破笛,1,4,1,1,0.25,0,0.0,0,0.0,0,0.0,0.0,0.678504,0.678504,0.678504,0.678504,0.678504,0.678504,1.0,0.0
郑良士,郑良士,3,24,1,1,0.041666666666666664,0,0.0,0,0.0,0,0.0,0.0,0.678255,0.678255,0.678255,0.678255,0.678255,0.678255,1.0,0.0
释明解,释明解,1,8,1,1,0.125,0,0.0,0,0.0,0,0.0,0.0,0.678236,0.678236,0.678236,0.678236,0.678236,0.678236,1.0,0.0
张宣明,张宣明,2,24,1,1,0.041666666666666664,0,0.0,0,0.0,0,0.0,0.0,0.678182,0.678182,0.678182,0.678182,0.678182,0.678182,1.0,0.0
喻坦之,喻坦之,18,168,1,1,0.005952380952380952,0,0.0,0,0.0,0,0.0,0.0,0.677954,0.677954,0.677954,0.677954,0.677954,0.677954,1.0,0.0
张幹,张幹,1,2,1,1,0.5,0,0.0,0,0.0,0,0.0,0.0,0.677941,0.677941,0.677941,0.677941,0.677941,0.677941,1.0,0.0
冯少吉,冯少吉,1,4,1,1,0.25,0,0.0,0,0.0,0,0.0,0.0,0.677816,0.677816,0.677816,0.677816,0.677816,0.677816,1.0,0.0
徐九皋,徐九皋,5,36,2,2,0.05555555555555555,0,0.0,0,0.0,0,0.0,0.0,0.6773915,0.6773915,0.691334,0.6773915,0.6773915,0.691334,1.0,0.0
崔安潜,崔安潜,1,4,1,1,0.25,0,0.0,0,0.0,0,0.0,0.0,0.677379,0.677379,0.677379,0.677379,0.677379,0.677379,1.0,0.0
陆希声,陆希声,21,96,2,2,0.020833333333333332,0,0.0,0,0.0,0,0.0,0.0,0.677101,0.677101,0.711464,0.677101,0.677101,0.711464,1.0,0.0
裴漼,裴漼,4,44,1,1,0.022727272727272728,0,0.0,0,0.0,0,0.0,0.0,0.67691,0.67691,0.67691,0.67691,0.67691,0.67691,1.0,0.0
裴璀,裴璀,1,8,1,1,0.125,0,0.0,0,0.0,0,0.0,0.0,0.67691,0.67691,0.67691,0.67691,0.67691,0.67691,1.0,0.0
谢偃,谢偃,3,60,1,1,0.016666666666666666,0,0.0,0,0.0,0,0.0,0.0,0.676455,0.676455,0.676455,0.676455,0.676455,0.676455,1.0,0.0
吴武陵,吴武陵,2,16,1,1,0.0625,0,0.0,0,0.0,0,0.0,0.0,0.676249,0.676249,0.676249,0.676249,0.676249,0.676249,1.0,0.0
孟彦深,孟彦深,1,12,1,1,0.08333333333333333,0,0.0,0,0.0,0,0.0,0.0,0.676089,0.676089,0.676089,0.676089,0.676089,0.676089,1.0,0.0
许康佐,许康佐,2,24,2,2,0.08333333333333333,0,0.0,0,0.0,0,0.0,0.0,0.6759225,0.6759225,0.726735,0.6759225,0.6759225,0.726735,1.0,0.0
李廓,李廓,11,236,3,3,0.012711864406779662,0,0.0,0,0.0,0,0.0,0.0,0.6756747,0.693572,0.693572,0.6756747,0.693572,0.693572,1.0,0.0
李泌,李泌,5,42,2,5,0.11904761904761904,0,0.0,0,0.0,0,0.0,0.0,0.6844495,0.6844495,0.71908,0.675615,0.677494,0.71908,1.0,0.0
杨廷玉,杨廷玉,1,4,1,1,0.25,0,0.0,0,0.0,0,0.0,0.0,0.675565,0.675565,0.675565,0.675565,0.675565,0.675565,1.0,0.0
薛存诚,薛存诚,12,144,2,2,0.013888888888888888,0,0.0,0,0.0,0,0.0,0.0,0.6751895,0.6751895,0.737505,0.6751895,0.6751895,0.737505,1.0,0.0
张潮,张潮,7,110,4,7,0.06363636363636363,0,0.0,0,0.0,0,0.0,0.0,0.67962426,0.6806,0.694534,0.6750317,0.681635,0.694534,1.0,0.0
罗炯,罗炯,1,8,1,1,0.125,0,0.0,0,0.0,0,0.0,0.0,0.675001,0.675001,0.675001,0.675001,0.675001,0.675001,1.0,0.0
酒肆布衣,酒肆布衣,2,12,1,1,0.08333333333333333,0,0.0,0,0.0,0,0.0,0.0,0.674887,0.674887,0.674887,0.674887,0.674887,0.674887,1.0,0.0
张直,张直,1,22,1,1,0.045454545454545456,0,0.0,0,0.0,0,0.0,0.0,0.674492,0.674492,0.674492,0.674492,0.674492,0.674492,1.0,0.0
归仁,归仁,6,48,2,2,0.041666666666666664,0,0.0,0,0.0,0,0.0,0.0,0.6741935,0.6741935,0.706732,0.6741935,0.6741935,0.706732,1.0,0.0
九华山白衣,九华山白衣,1,4,1,1,0.25,0,0.0,0,0.0,0,0.0,0.0,0.674094,0.674094,0.674094,0.674094,0.674094,0.674094,1.0,0.0
华山老人,华山老人,1,4,1,1,0.25,0,0.0,0,0.0,0,0.0,0.0,0.674094,0.674094,0.674094,0.674094,0.674094,0.674094,1.0,0.0
房白,房白,1,8,1,1,0.125,0,0.0,0,0.0,0,0.0,0.0,0.67383,0.67383,0.67383,0.67383,0.67383,0.67383,1.0,0.0
王珪,王珪,2,38,2,5,0.13157894736842105,0,0.0,0,0.0,0,0.0,0.0,0.70587003,0.70587003,0.724193,0.673253,0.68089,0.724193,1.0,0.0
滕白,滕白,2,8,1,1,0.125,0,0.0,0,0.0,0,0.0,0.0,0.673133,0.673133,0.673133,0.673133,0.673133,0.673133,1.0,0.0
周弘亮,周弘亮,3,28,1,1,0.03571428571428571,0,0.0,0,0.0,0,0.0,0.0,0.673106,0.673106,0.673106,0.673106,0.673106,0.673106,1.0,0.0
李子昂,李子昂,1,16,1,1,0.0625,0,0.0,0,0.0,0,0.0,0.0,0.672879,0.672879,0.672879,0.672879,0.672879,0.672879,1.0,0.0
孙郃,孙郃,3,30,2,5,0.16666666666666666,0,0.0,0,0.0,0,0.0,0.0,0.703738,0.703738,0.731752,0.6718054,0.66752,0.731752,1.0,0.0
杨凌,杨凌,21,115,6,6,0.05217391304347826,0,0.0,0,0.0,0,0.0,0.0,0.67165035,0.695629,0.711393,0.67165035,0.695629,0.711393,1.0,0.0
灵澈,灵澈,18,152,5,5,0.03289473684210526,0,0.0,0,0.0,0,0.0,0.0,0.6713968,0.670657,0.711374,0.6713968,0.670657,0.711374,1.0,0.0
王毂,王毂,17,142,4,4,0.028169014084507043,0,0.0,0,0.0,0,0.0,0.0,0.67097276,0.668034,0.716924,0.67097276,0.668034,0.716924,1.0,0.0
杨凝,杨凝,39,240,2,2,0.008333333333333333,0,0.0,0,0.0,0,0.0,0.0,0.670942,0.670942,0.731809,0.670942,0.670942,0.731809,1.0,0.0
苏检妻,苏检妻,1,4,1,1,0.25,0,0.0,0,0.0,0,0.0,0.0,0.670922,0.670922,0.670922,0.670922,0.670922,0.670922,1.0,0.0
卢象,卢象,26,309,8,9,0.02912621359223301,0,0.0,0,0.0,0,0.0,0.0,0.6736767,0.6685035,0.732275,0.6708803,0.650737,0.732275,1.0,0.0
桃花夫人,桃花夫人,1,4,1,1,0.25,0,0.0,0,0.0,0,0.0,0.0,0.670802,0.670802,0.670802,0.670802,0.670802,0.670802,1.0,0.0
郑启,郑启,2,24,1,1,0.041666666666666664,0,0.0,0,0.0,0,0.0,0.0,0.670009,0.670009,0.670009,0.670009,0.670009,0.670009,1.0,0.0
于鹄,于鹄,69,652,13,15,0.023006134969325152,0,0.0,0,0.0,0,0.0,0.0,0.6682997,0.685457,0.723024,0.6699217,0.685457,0.723024,1.0,0.0
万齐融,万齐融,4,45,1,1,0.022222222222222223,0,0.0,0,0.0,0,0.0,0.0,0.669671,0.669671,0.669671,0.669671,0.669671,0.669671,1.0,0.0
郑畋,郑畋,15,128,1,1,0.0078125,0,0.0,0,0.0,0,0.0,0.0,0.669651,0.669651,0.669651,0.669651,0.669651,0.669651,1.0,0.0
李崇嗣,李崇嗣,3,12,1,1,0.08333333333333333,0,0.0,0,0.0,0,0.0,0.0,0.669646,0.669646,0.669646,0.669646,0.669646,0.669646,1.0,0.0
蒋维翰,蒋维翰,4,20,1,1,0.05,0,0.0,0,0.0,0,0.0,0.0,0.669634,0.669634,0.669634,0.669634,0.669634,0.669634,1.0,0.0
孟翱,孟翱,1,12,1,2,0.16666666666666666,0,0.0,0,0.0,0,0.0,0.0,0.686486,0.686486,0.686486,0.669291,0.669291,0.686486,1.0,0.0
郑损,郑损,6,48,1,1,0.020833333333333332,0,0.0,0,0.0,0,0.0,0.0,0.669143,0.669143,0.669143,0.669143,0.669143,0.669143,1.0,0.0
欧阳澥,欧阳澥,2,8,1,1,0.125,0,0.0,0,0.0,0,0.0,0.0,0.668996,0.668996,0.668996,0.668996,0.668996,0.668996,1.0,0.0
李得,李得,1,8,1,1,0.125,0,0.0,0,0.0,0,0.0,0.0,0.668922,0.668922,0.668922,0.668922,0.668922,0.668922,1.0,0.0
洞庭龙君,洞庭龙君,1,21,1,2,0.09523809523809523,0,0.0,0,0.0,0,0.0,0.0,0.692962,0.692962,0.692962,0.66875,0.66875,0.692962,1.0,0.0
孙处玄,孙处玄,3,12,1,1,0.08333333333333333,0,0.0,0,0.0,0,0.0,0.0,0.668633,0.668633,0.668633,0.668633,0.668633,0.668633,1.0,0.0
李章武,李章武,1,4,1,1,0.25,0,0.0,0,0.0,0,0.0,0.0,0.667896,0.667896,0.667896,0.667896,0.667896,0.667896,1.0,0.0
吴越人,吴越人,5,48,2,2,0.041666666666666664,0,0.0,0,0.0,0,0.0,0.0,0.66784453,0.66784453,0.684727,0.66784453,0.66784453,0.684727,1.0,0.0
春台仙,春台仙,1,22,1,1,0.045454545454545456,0,0.0,0,0.0,0,0.0,0.0,0.667603,0.667603,0.667603,0.667603,0.667603,0.667603,1.0,0.0
叔孙玄观,叔孙玄观,1,12,1,1,0.08333333333333333,0,0.0,0,0.0,0,0.0,0.0,0.667355,0.667355,0.667355,0.667355,0.667355,0.667355,1.0,0.0
张元宗,张元宗,2,8,1,1,0.125,0,0.0,0,0.0,0,0.0,0.0,0.667227,0.667227,0.667227,0.667227,0.667227,0.667227,1.0,0.0
梁锽,梁锽,16,120,3,3,0.025,0,0.0,0,0.0,0,0.0,0.0,0.666276,0.691695,0.727194,0.666276,0.691695,0.727194,1.0,0.0
周延翰,周延翰,1,1,1,1,1.0,0,0.0,0,0.0,0,0.0,0.0,0.66604,0.66604,0.66604,0.66604,0.66604,0.66604,1.0,0.0
宋璟,宋璟,6,77,2,2,0.025974025974025976,0,0.0,0,0.0,0,0.0,0.0,0.66591847,0.66591847,0.676808,0.66591847,0.66591847,0.676808,1.0,0.0
廖凝,廖凝,4,37,2,2,0.05405405405405406,0,0.0,0,0.0,0,0.0,0.0,0.6657715,0.6657715,0.675993,0.6657715,0.6657715,0.675993,1.0,0.0
张南容,张南容,1,16,1,1,0.0625,0,0.0,0,0.0,0,0.0,0.0,0.665666,0.665666,0.665666,0.665666,0.665666,0.665666,1.0,0.0
庞蕴,庞蕴,1,36,1,2,0.05555555555555555,0,0.0,0,0.0,0,0.0,0.0,0.693844,0.693844,0.693844,0.6654575,0.6654575,0.693844,1.0,0.0
袁瓘,袁瓘,2,52,1,3,0.057692307692307696,0,0.0,0,0.0,0,0.0,0.0,0.69903,0.69903,0.69903,0.6652517,0.669132,0.69903,1.0,0.0
苏拯,苏拯,29,328,10,12,0.036585365853658534,0,0.0,0,0.0,0,0.0,0.0,0.6751044,0.675014,0.718311,0.6651203,0.675014,0.718311,1.0,0.0
窦蒙,窦蒙,1,12,1,1,0.08333333333333333,0,0.0,0,0.0,0,0.0,0.0,0.66452,0.66452,0.66452,0.66452,0.66452,0.66452,1.0,0.0
郑仁表,郑仁表,4,14,1,1,0.07142857142857142,0,0.0,0,0.0,0,0.0,0.0,0.664393,0.664393,0.664393,0.664393,0.664393,0.664393,1.0,0.0
薛稷,薛稷,14,138,2,2,0.014492753623188406,0,0.0,0,0.0,0,0.0,0.0,0.664091,0.664091,0.699853,0.664091,0.664091,0.699853,1.0,0.0
伍唐珪,伍唐珪,3,16,1,1,0.0625,0,0.0,0,0.0,0,0.0,0.0,0.663916,0.663916,0.663916,0.663916,0.663916,0.663916,1.0,0.0
吴清妻,吴清妻,1,20,1,2,0.1,0,0.0,0,0.0,0,0.0,0.0,0.672687,0.672687,0.672687,0.6636915,0.6636915,0.672687,1.0,0.0
李祜,李祜,1,4,1,1,0.25,0,0.0,0,0.0,0,0.0,0.0,0.66339,0.66339,0.66339,0.66339,0.66339,0.66339,1.0,0.0
金昌绪,金昌绪,1,4,1,1,0.25,0,0.0,0,0.0,0,0.0,0.0,0.663314,0.663314,0.663314,0.663314,0.663314,0.663314,1.0,0.0
席豫,席豫,4,56,1,1,0.017857142857142856,0,0.0,0,0.0,0,0.0,0.0,0.66308,0.66308,0.66308,0.66308,0.66308,0.66308,1.0,0.0
褚载,褚载,15,104,3,4,0.038461538461538464,0,0.0,0,0.0,0,0.0,0.0,0.6815004,0.710393,0.72181,0.66302323,0.6613455,0.72181,1.0,0.0
陈润,陈润,8,60,3,3,0.05,0,0.0,0,0.0,0,0.0,0.0,0.66300964,0.639892,0.728729,0.66300964,0.639892,0.728729,1.0,0.0
孟贯,孟贯,31,248,2,2,0.008064516129032258,0,0.0,0,0.0,0,0.0,0.0,0.6627685,0.6627685,0.671786,0.6627685,0.6627685,0.671786,1.0,0.0
清江,清江,22,182,2,3,0.016483516483516484,0,0.0,0,0.0,0,0.0,0.0,0.68635154,0.68635154,0.723168,0.6627343,0.649535,0.723168,1.0,0.0
刘斌,刘斌,4,50,1,4,0.08,0,0.0,0,0.0,0,0.0,0.0,0.715126,0.715126,0.715126,0.6627,0.676053,0.715126,1.0,0.0
李赤,李赤,10,80,2,2,0.025,0,0.0,0,0.0,0,0.0,0.0,0.66247904,0.66247904,0.669429,0.66247904,0.66247904,0.669429,1.0,0.0
陆复礼,陆复礼,1,12,1,1,0.08333333333333333,0,0.0,0,0.0,0,0.0,0.0,0.662455,0.662455,0.662455,0.662455,0.662455,0.662455,1.0,0.0
栖一,栖一,2,16,1,1,0.0625,0,0.0,0,0.0,0,0.0,0.0,0.662271,0.662271,0.662271,0.662271,0.662271,0.662271,1.0,0.0
唐暄,唐暄,2,18,1,1,0.05555555555555555,0,0.0,0,0.0,0,0.0,0.0,0.662151,0.662151,0.662151,0.662151,0.662151,0.662151,1.0,0.0
张孜,张孜,3,22,1,1,0.045454545454545456,0,0.0,0,0.0,0,0.0,0.0,0.662114,0.662114,0.662114,0.662114,0.662114,0.662114,1.0,0.0
朱放,朱放,27,156,3,3,0.019230769230769232,0,0.0,0,0.0,0,0.0,0.0,0.66112137,0.662364,0.663222,0.66112137,0.662364,0.663222,1.0,0.0
窦叔向,窦叔向,10,81,1,1,0.012345679012345678,0,0.0,0,0.0,0,0.0,0.0,0.661082,0.661082,0.661082,0.661082,0.661082,0.661082,1.0,0.0
王泠然,王泠然,5,71,2,2,0.028169014084507043,0,0.0,0,0.0,0,0.0,0.0,0.6608115,0.6608115,0.723359,0.6608115,0.6608115,0.723359,1.0,0.0
张巡,张巡,2,20,1,1,0.05,0,0.0,0,0.0,0,0.0,0.0,0.660676,0.660676,0.660676,0.660676,0.660676,0.660676,1.0,0.0
张炽,张炽,2,6,2,2,0.3333333333333333,0,0.0,0,0.0,0,0.0,0.0,0.660534,0.660534,0.660534,0.660534,0.660534,0.660534,1.0,0.0
张瀛,张瀛,1,18,1,1,0.05555555555555555,0,0.0,0,0.0,0,0.0,0.0,0.660525,0.660525,0.660525,0.660525,0.660525,0.660525,1.0,0.0
皇甫曾,皇甫曾,50,460,4,4,0.008695652173913044,0,0.0,0,0.0,0,0.0,0.0,0.6602442,0.66790354,0.697712,0.6602442,0.66790354,0.697712,1.0,0.0
丁棱,丁棱,2,16,1,1,0.0625,0,0.0,0,0.0,0,0.0,0.0,0.660235,0.660235,0.660235,0.660235,0.660235,0.660235,1.0,0.0
麹信陵,麹信陵,7,34,1,1,0.029411764705882353,0,0.0,0,0.0,0,0.0,0.0,0.660084,0.660084,0.660084,0.660084,0.660084,0.660084,1.0,0.0
王湾,王湾,11,213,1,1,0.004694835680751174,0,0.0,0,0.0,0,0.0,0.0,0.659716,0.659716,0.659716,0.659716,0.659716,0.659716,1.0,0.0
徐敞,徐敞,5,60,1,1,0.016666666666666666,0,0.0,0,0.0,0,0.0,0.0,0.659679,0.659679,0.659679,0.659679,0.659679,0.659679,1.0,0.0
封敖,封敖,2,20,1,2,0.1,0,0.0,0,0.0,0,0.0,0.0,0.697474,0.697474,0.697474,0.65963304,0.65963304,0.697474,1.0,0.0
林滋,林滋,6,56,2,2,0.03571428571428571,0,0.0,0,0.0,0,0.0,0.0,0.6596025,0.6596025,0.707041,0.6596025,0.6596025,0.707041,1.0,0.0
于良史,于良史,7,52,3,3,0.057692307692307696,0,0.0,0,0.0,0,0.0,0.0,0.65941,0.685128,0.725441,0.65941,0.685128,0.725441,1.0,0.0
应物,应物,2,16,1,1,0.0625,0,0.0,0,0.0,0,0.0,0.0,0.659344,0.659344,0.659344,0.659344,0.659344,0.659344,1.0,0.0
张泌,张泌,32,319,2,2,0.006269592476489028,0,0.0,0,0.0,0,0.0,0.0,0.6592115,0.6592115,0.661926,0.6592115,0.6592115,0.661926,1.0,0.0
浩虚舟,浩虚舟,1,12,1,1,0.08333333333333333,0,0.0,0,0.0,0,0.0,0.0,0.659009,0.659009,0.659009,0.659009,0.659009,0.659009,1.0,0.0
捧剑仆,捧剑仆,3,16,1,2,0.125,0,0.0,0,0.0,0,0.0,0.0,0.684176,0.684176,0.684176,0.658725,0.658725,0.684176,1.0,0.0
白行简,白行简,7,76,1,1,0.013157894736842105,0,0.0,0,0.0,0,0.0,0.0,0.658395,0.658395,0.658395,0.658395,0.658395,0.658395,1.0,0.0
嵩山女,嵩山女,2,12,2,2,0.16666666666666666,0,0.0,0,0.0,0,0.0,0.0,0.65830004,0.65830004,0.674274,0.65830004,0.65830004,0.674274,1.0,0.0
包融,包融,8,88,2,2,0.022727272727272728,0,0.0,0,0.0,0,0.0,0.0,0.658167,0.658167,0.671543,0.658167,0.658167,0.671543,1.0,0.0
何敬,何敬,1,8,1,1,0.125,0,0.0,0,0.0,0,0.0,0.0,0.658116,0.658116,0.658116,0.658116,0.658116,0.658116,1.0,0.0
李节,李节,1,14,1,1,0.07142857142857142,0,0.0,0,0.0,0,0.0,0.0,0.658059,0.658059,0.658059,0.658059,0.658059,0.658059,1.0,0.0
石恪,石恪,1,8,1,1,0.125,0,0.0,0,0.0,0,0.0,0.0,0.657834,0.657834,0.657834,0.657834,0.657834,0.657834,1.0,0.0
蒋防,蒋防,12,136,1,1,0.007352941176470588,0,0.0,0,0.0,0,0.0,0.0,0.657701,0.657701,0.657701,0.657701,0.657701,0.657701,1.0,0.0
刘驾,刘驾,74,730,15,16,0.021917808219178082,0,0.0,0,0.0,0,0.0,0.0,0.6565464,0.654518,0.731622,0.65763164,0.65543747,0.731622,1.0,0.0
宣宗宫人,宣宗宫人,1,4,1,1,0.25,0,0.0,0,0.0,0,0.0,0.0,0.657616,0.657616,0.657616,0.657616,0.657616,0.657616,1.0,0.0
房孺复,房孺复,1,8,1,1,0.125,0,0.0,0,0.0,0,0.0,0.0,0.657348,0.657348,0.657348,0.657348,0.657348,0.657348,1.0,0.0
冯道,冯道,6,54,3,5,0.09259259259259259,0,0.0,0,0.0,0,0.0,0.0,0.66164297,0.655078,0.690449,0.6573378,0.655078,0.690449,1.0,0.0
乔备,乔备,3,24,1,1,0.041666666666666664,0,0.0,0,0.0,0,0.0,0.0,0.657335,0.657335,0.657335,0.657335,0.657335,0.657335,1.0,0.0
窦参,窦参,3,44,3,3,0.06818181818181818,0,0.0,0,0.0,0,0.0,0.0,0.657224,0.676786,0.694292,0.657224,0.676786,0.694292,1.0,0.0
滕倪,滕倪,2,12,1,1,0.08333333333333333,0,0.0,0,0.0,0,0.0,0.0,0.657159,0.657159,0.657159,0.657159,0.657159,0.657159,1.0,0.0
韦蟾,韦蟾,10,100,2,2,0.02,0,0.0,0,0.0,0,0.0,0.0,0.657151,0.657151,0.674422,0.657151,0.657151,0.674422,1.0,0.0
唐备,唐备,2,12,1,1,0.08333333333333333,0,0.0,0,0.0,0,0.0,0.0,0.657104,0.657104,0.657104,0.657104,0.657104,0.657104,1.0,0.0
赵彦昭,赵彦昭,22,168,4,4,0.023809523809523808,0,0.0,0,0.0,0,0.0,0.0,0.6570368,0.654141,0.695935,0.6570368,0.654141,0.695935,1.0,0.0
祖咏,祖咏,37,331,6,7,0.021148036253776436,0,0.0,0,0.0,0,0.0,0.0,0.65160835,0.6400205,0.72151,0.6570129,0.641151,0.72151,1.0,0.0
费冠卿,费冠卿,10,106,2,5,0.04716981132075472,0,0.0,0,0.0,0,0.0,0.0,0.696502,0.696502,0.717057,0.657002,0.665141,0.717057,1.0,0.0
周存,周存,2,24,1,1,0.041666666666666664,0,0.0,0,0.0,0,0.0,0.0,0.656436,0.656436,0.656436,0.656436,0.656436,0.656436,1.0,0.0
樊珣,樊珣,2,9,2,2,0.2222222222222222,0,0.0,0,0.0,0,0.0,0.0,0.65585,0.65585,0.706826,0.65585,0.65585,0.706826,1.0,0.0
杨巨源,杨巨源,6,70,1,1,0.014285714285714285,0,0.0,0,0.0,0,0.0,0.0,0.655748,0.655748,0.655748,0.655748,0.655748,0.655748,1.0,0.0
赵冬曦,赵冬曦,17,208,4,4,0.019230769230769232,0,0.0,0,0.0,0,0.0,0.0,0.6557013,0.668922,0.711519,0.6557013,0.668922,0.711519,1.0,0.0
杜淹,杜淹,3,40,1,1,0.025,0,0.0,0,0.0,0,0.0,0.0,0.655476,0.655476,0.655476,0.655476,0.655476,0.655476,1.0,0.0
马怀素,马怀素,12,88,1,1,0.011363636363636364,0,0.0,0,0.0,0,0.0,0.0,0.655387,0.655387,0.655387,0.655387,0.655387,0.655387,1.0,0.0
沈颂,沈颂,6,46,2,2,0.043478260869565216,0,0.0,0,0.0,0,0.0,0.0,0.655373,0.655373,0.669122,0.655373,0.655373,0.669122,1.0,0.0
林宽,林宽,33,268,6,7,0.026119402985074626,0,0.0,0,0.0,0,0.0,0.0,0.66049,0.6531995,0.707132,0.6553332,0.643139,0.707132,1.0,0.0
王缙,王缙,9,74,2,2,0.02702702702702703,0,0.0,0,0.0,0,0.0,0.0,0.655117,0.655117,0.668911,0.655117,0.655117,0.668911,1.0,0.0
郑琼罗,郑琼罗,1,4,1,1,0.25,0,0.0,0,0.0,0,0.0,0.0,0.6551,0.6551,0.6551,0.6551,0.6551,0.6551,1.0,0.0
常雅,常雅,1,4,1,1,0.25,0,0.0,0,0.0,0,0.0,0.0,0.655071,0.655071,0.655071,0.655071,0.655071,0.655071,1.0,0.0
韩常侍,韩常侍,4,14,1,1,0.07142857142857142,0,0.0,0,0.0,0,0.0,0.0,0.654941,0.654941,0.654941,0.654941,0.654941,0.654941,1.0,0.0
万楚,万楚,9,84,2,2,0.023809523809523808,0,0.0,0,0.0,0,0.0,0.0,0.6546945,0.6546945,0.699899,0.6546945,0.6546945,0.699899,1.0,0.0
李適,李適,17,152,1,1,0.006578947368421052,0,0.0,0,0.0,0,0.0,0.0,0.654689,0.654689,0.654689,0.654689,0.654689,0.654689,1.0,0.0
蒋冽,蒋冽,7,74,1,1,0.013513513513513514,0,0.0,0,0.0,0,0.0,0.0,0.654352,0.654352,0.654352,0.654352,0.654352,0.654352,1.0,0.0
何兆,何兆,3,11,1,1,0.09090909090909091,0,0.0,0,0.0,0,0.0,0.0,0.654235,0.654235,0.654235,0.654235,0.654235,0.654235,1.0,0.0
崔曙,崔曙,15,146,2,2,0.0136986301369863,0,0.0,0,0.0,0,0.0,0.0,0.65414596,0.65414596,0.676631,0.65414596,0.65414596,0.676631,1.0,0.0
王锴,王锴,1,8,1,1,0.125,0,0.0,0,0.0,0,0.0,0.0,0.653929,0.653929,0.653929,0.653929,0.653929,0.653929,1.0,0.0
刘威,刘威,27,216,3,3,0.013888888888888888,0,0.0,0,0.0,0,0.0,0.0,0.65390104,0.653664,0.719781,0.65390104,0.653664,0.719781,1.0,0.0
彭蟾,彭蟾,1,8,1,1,0.125,0,0.0,0,0.0,0,0.0,0.0,0.653867,0.653867,0.653867,0.653867,0.653867,0.653867,1.0,0.0
潘佑,潘佑,5,23,1,1,0.043478260869565216,0,0.0,0,0.0,0,0.0,0.0,0.653623,0.653623,0.653623,0.653623,0.653623,0.653623,1.0,0.0
谦光,谦光,1,9,1,1,0.1111111111111111,0,0.0,0,0.0,0,0.0,0.0,0.653583,0.653583,0.653583,0.653583,0.653583,0.653583,1.0,0.0
顾甄远,顾甄远,1,36,1,1,0.027777777777777776,0,0.0,0,0.0,0,0.0,0.0,0.653552,0.653552,0.653552,0.653552,0.653552,0.653552,1.0,0.0
汪遵,汪遵,60,244,8,9,0.036885245901639344,0,0.0,0,0.0,0,0.0,0.0,0.6534204,0.6679005,0.680966,0.6534112,0.6606,0.680966,1.0,0.0
卢汝弼,卢汝弼,5,48,1,1,0.020833333333333332,0,0.0,0,0.0,0,0.0,0.0,0.653334,0.653334,0.653334,0.653334,0.653334,0.653334,1.0,0.0
顾非熊,顾非熊,72,568,5,5,0.008802816901408451,0,0.0,0,0.0,0,0.0,0.0,0.6532954,0.655837,0.73048,0.6532954,0.655837,0.73048,1.0,0.0
张光朝,张光朝,2,36,1,1,0.027777777777777776,0,0.0,0,0.0,0,0.0,0.0,0.653174,0.653174,0.653174,0.653174,0.653174,0.653174,1.0,0.0
崔敏童,崔敏童,1,4,1,1,0.25,0,0.0,0,0.0,0,0.0,0.0,0.653151,0.653151,0.653151,0.653151,0.653151,0.653151,1.0,0.0
郑遨,郑遨,15,93,4,5,0.053763440860215055,0,0.0,0,0.0,0,0.0,0.0,0.6615725,0.666268,0.683763,0.653137,0.659142,0.683763,1.0,0.0
栖白,栖白,16,116,1,1,0.008620689655172414,0,0.0,0,0.0,0,0.0,0.0,0.653103,0.653103,0.653103,0.653103,0.653103,0.653103,1.0,0.0
李昌符,李昌符,35,268,4,4,0.014925373134328358,0,0.0,0,0.0,0,0.0,0.0,0.65284574,0.6502025,0.731809,0.65284574,0.6502025,0.731809,1.0,0.0
丘光庭,丘光庭,2,56,1,1,0.017857142857142856,0,0.0,0,0.0,0,0.0,0.0,0.652816,0.652816,0.652816,0.652816,0.652816,0.652816,1.0,0.0
王諲,王諲,7,74,1,1,0.013513513513513514,0,0.0,0,0.0,0,0.0,0.0,0.652594,0.652594,0.652594,0.652594,0.652594,0.652594,1.0,0.0
中寤,中寤,1,8,1,1,0.125,0,0.0,0,0.0,0,0.0,0.0,0.652561,0.652561,0.652561,0.652561,0.652561,0.652561,1.0,0.0
吉师老,吉师老,4,24,1,1,0.041666666666666664,0,0.0,0,0.0,0,0.0,0.0,0.652433,0.652433,0.652433,0.652433,0.652433,0.652433,1.0,0.0
王鲁复,王鲁复,4,16,1,1,0.0625,0,0.0,0,0.0,0,0.0,0.0,0.652135,0.652135,0.652135,0.652135,0.652135,0.652135,1.0,0.0
阎朝隐,阎朝隐,15,134,6,8,0.05970149253731343,0,0.0,0,0.0,0,0.0,0.0,0.654928,0.66921306,0.729138,0.6513955,0.66921306,0.729138,1.0,0.0
刘gL,刘gL,1,8,1,1,0.125,0,0.0,0,0.0,0,0.0,0.0,0.651317,0.651317,0.651317,0.651317,0.651317,0.651317,1.0,0.0
刘蕃,刘蕃,2,9,1,2,0.2222222222222222,0,0.0,0,0.0,0,0.0,0.0,0.661994,0.661994,0.661994,0.651083,0.651083,0.661994,1.0,0.0
崔峒,崔峒,48,372,6,8,0.021505376344086023,0,0.0,0,0.0,0,0.0,0.0,0.65743065,0.635284,0.739096,0.6510234,0.635284,0.739096,1.0,0.0
常衮,常衮,10,148,3,3,0.02027027027027027,0,0.0,0,0.0,0,0.0,0.0,0.65055436,0.627121,0.733722,0.65055436,0.627121,0.733722,1.0,0.0
沈亚之,沈亚之,26,261,1,1,0.0038314176245210726,0,0.0,0,0.0,0,0.0,0.0,0.649908,0.649908,0.649908,0.649908,0.649908,0.649908,1.0,0.0
郑嵎,郑嵎,1,200,1,6,0.03,0,0.0,0,0.0,0,0.0,0.0,0.715468,0.715468,0.715468,0.649619,0.636805,0.715468,1.0,0.0
吉中孚妻,吉中孚妻,1,16,1,1,0.0625,0,0.0,0,0.0,0,0.0,0.0,0.649443,0.649443,0.649443,0.649443,0.649443,0.649443,1.0,0.0
蒋贻恭,蒋贻恭,10,48,2,2,0.041666666666666664,0,0.0,0,0.0,0,0.0,0.0,0.64922297,0.64922297,0.722851,0.64922297,0.64922297,0.722851,1.0,0.0
王琚,王琚,4,64,3,3,0.046875,0,0.0,0,0.0,0,0.0,0.0,0.64918035,0.644807,0.689474,0.64918035,0.644807,0.689474,1.0,0.0
方壶居士,方壶居士,2,8,1,1,0.125,0,0.0,0,0.0,0,0.0,0.0,0.648964,0.648964,0.648964,0.648964,0.648964,0.648964,1.0,0.0
韩琮,韩琮,25,188,5,5,0.026595744680851064,0,0.0,0,0.0,0,0.0,0.0,0.648609,0.661685,0.727161,0.648609,0.661685,0.727161,1.0,0.0
庄南杰,庄南杰,13,118,3,3,0.025423728813559324,0,0.0,0,0.0,0,0.0,0.0,0.648127,0.62117,0.702041,0.648127,0.62117,0.702041,1.0,0.0
张继,张继,49,318,4,4,0.012578616352201259,0,0.0,0,0.0,0,0.0,0.0,0.64776254,0.6435405,0.697151,0.64776254,0.6435405,0.697151,1.0,0.0
阎防,阎防,6,72,1,3,0.041666666666666664,0,0.0,0,0.0,0,0.0,0.0,0.708102,0.708102,0.708102,0.646549,0.615804,0.708102,1.0,0.0
吴越僧,吴越僧,1,48,1,2,0.041666666666666664,0,0.0,0,0.0,0,0.0,0.0,0.648117,0.648117,0.648117,0.646214,0.646214,0.648117,1.0,0.0
殷少野,殷少野,1,8,1,1,0.125,0,0.0,0,0.0,0,0.0,0.0,0.646188,0.646188,0.646188,0.646188,0.646188,0.646188,1.0,0.0
李愿,李愿,2,12,1,1,0.08333333333333333,0,0.0,0,0.0,0,0.0,0.0,0.646129,0.646129,0.646129,0.646129,0.646129,0.646129,1.0,0.0
顾夐,顾夐,17,320,3,3,0.009375,0,0.0,0,0.0,0,0.0,0.0,0.6460933,0.648065,0.690442,0.6460933,0.648065,0.690442,1.0,0.0
李百药,李百药,29,331,2,2,0.006042296072507553,0,0.0,0,0.0,0,0.0,0.0,0.646033,0.646033,0.675824,0.646033,0.646033,0.675824,1.0,0.0
子兰,子兰,25,171,3,3,0.017543859649122806,0,0.0,0,0.0,0,0.0,0.0,0.6459117,0.613294,0.724668,0.6459117,0.613294,0.724668,1.0,0.0
孙顾,孙顾,1,12,1,2,0.16666666666666666,0,0.0,0,0.0,0,0.0,0.0,0.660292,0.660292,0.660292,0.6457975,0.6457975,0.660292,1.0,0.0
张夫人,张夫人,6,48,2,2,0.041666666666666664,0,0.0,0,0.0,0,0.0,0.0,0.645319,0.645319,0.649443,0.645319,0.645319,0.649443,1.0,0.0
黎瓘,黎瓘,1,4,1,1,0.25,0,0.0,0,0.0,0,0.0,0.0,0.644923,0.644923,0.644923,0.644923,0.644923,0.644923,1.0,0.0
项斯,项斯,98,796,10,10,0.01256281407035176,0,0.0,0,0.0,0,0.0,0.0,0.64454997,0.627586,0.70659,0.64454997,0.627586,0.70659,1.0,0.0
翁绶,翁绶,15,114,5,5,0.043859649122807015,0,0.0,0,0.0,0,0.0,0.0,0.64435136,0.653691,0.671347,0.64435136,0.653691,0.671347,1.0,0.0
张乔,张乔,168,1270,11,11,0.008661417322834646,0,0.0,0,0.0,0,0.0,0.0,0.64369226,0.63675,0.717965,0.64369226,0.63675,0.717965,1.0,0.0
高骈,高骈,49,240,11,12,0.05,0,0.0,0,0.0,0,0.0,0.0,0.6539239,0.655253,0.681156,0.6434342,0.653175,0.681156,1.0,0.0
封抱一,封抱一,1,4,1,1,0.25,0,0.0,0,0.0,0,0.0,0.0,0.643432,0.643432,0.643432,0.643432,0.643432,0.643432,1.0,0.0
宋齐丘,宋齐丘,4,82,1,1,0.012195121951219513,0,0.0,0,0.0,0,0.0,0.0,0.643373,0.643373,0.643373,0.643373,0.643373,0.643373,1.0,0.0
王zr,王zr,1,27,1,2,0.07407407407407407,0,0.0,0,0.0,0,0.0,0.0,0.643897,0.643897,0.643897,0.643344,0.643344,0.643897,1.0,0.0
于頔,于頔,2,52,1,1,0.019230769230769232,0,0.0,0,0.0,0,0.0,0.0,0.643269,0.643269,0.643269,0.643269,0.643269,0.643269,1.0,0.0
李建勋,李建勋,89,739,16,21,0.028416779431664412,0,0.0,0,0.0,0,0.0,0.0,0.64960146,0.651085,0.732163,0.6432246,0.648299,0.732163,1.0,0.0
韦承庆,韦承庆,8,70,1,1,0.014285714285714285,0,0.0,0,0.0,0,0.0,0.0,0.643154,0.643154,0.643154,0.643154,0.643154,0.643154,1.0,0.0
刘沧,刘沧,102,810,7,7,0.008641975308641974,0,0.0,0,0.0,0,0.0,0.0,0.6430294,0.652691,0.714013,0.6430294,0.652691,0.714013,1.0,0.0
周朴,周朴,46,350,9,9,0.025714285714285714,0,0.0,0,0.0,0,0.0,0.0,0.6426013,0.617123,0.722298,0.6426013,0.617123,0.722298,1.0,0.0
王喦,王喦,6,24,1,2,0.08333333333333333,0,0.0,0,0.0,0,0.0,0.0,0.660834,0.660834,0.660834,0.64257,0.64257,0.660834,1.0,0.0
王周,王周,53,476,7,8,0.01680672268907563,0,0.0,0,0.0,0,0.0,0.0,0.6471674,0.650972,0.710004,0.6424545,0.6422205,0.710004,1.0,0.0
李韶,李韶,1,4,1,1,0.25,0,0.0,0,0.0,0,0.0,0.0,0.642325,0.642325,0.642325,0.642325,0.642325,0.642325,1.0,0.0
郭邕,郭邕,1,12,1,1,0.08333333333333333,0,0.0,0,0.0,0,0.0,0.0,0.642317,0.642317,0.642317,0.642317,0.642317,0.642317,1.0,0.0
杨逵,杨逵,1,8,1,1,0.125,0,0.0,0,0.0,0,0.0,0.0,0.642314,0.642314,0.642314,0.642314,0.642314,0.642314,1.0,0.0
刘三复,刘三复,1,8,1,1,0.125,0,0.0,0,0.0,0,0.0,0.0,0.642287,0.642287,0.642287,0.642287,0.642287,0.642287,1.0,0.0
王镣,王镣,1,4,1,1,0.25,0,0.0,0,0.0,0,0.0,0.0,0.64211,0.64211,0.64211,0.64211,0.64211,0.64211,1.0,0.0
郑概,郑概,2,9,1,1,0.1111111111111111,0,0.0,0,0.0,0,0.0,0.0,0.641869,0.641869,0.641869,0.641869,0.641869,0.641869,1.0,0.0
梁知微,梁知微,1,16,1,1,0.0625,0,0.0,0,0.0,0,0.0,0.0,0.641865,0.641865,0.641865,0.641865,0.641865,0.641865,1.0,0.0
许碏,许碏,2,18,1,4,0.2222222222222222,0,0.0,0,0.0,0,0.0,0.0,0.711891,0.711891,0.711891,0.64164746,0.656608,0.711891,1.0,0.0
裴说,裴说,52,428,5,5,0.011682242990654205,0,0.0,0,0.0,0,0.0,0.0,0.6416048,0.650983,0.714686,0.6416048,0.650983,0.714686,1.0,0.0
刘叉,刘叉,27,280,7,8,0.02857142857142857,0,0.0,0,0.0,0,0.0,0.0,0.65456116,0.638094,0.739084,0.6415156,0.6305045,0.739084,1.0,0.0
宋务光,宋务光,1,32,1,1,0.03125,0,0.0,0,0.0,0,0.0,0.0,0.641343,0.641343,0.641343,0.641343,0.641343,0.641343,1.0,0.0
张仲素,张仲素,30,256,7,8,0.03125,0,0.0,0,0.0,0,0.0,0.0,0.6441037,0.673819,0.721537,0.6412026,0.649625,0.721537,1.0,0.0
窦巩,窦巩,40,228,3,3,0.013157894736842105,0,0.0,0,0.0,0,0.0,0.0,0.6408746,0.634936,0.693222,0.6408746,0.634936,0.693222,1.0,0.0
许敬宗,许敬宗,28,374,4,4,0.0106951871657754,0,0.0,0,0.0,0,0.0,0.0,0.640738,0.6484405,0.687381,0.640738,0.6484405,0.687381,1.0,0.0
阎宽,阎宽,5,42,3,3,0.07142857142857142,0,0.0,0,0.0,0,0.0,0.0,0.640274,0.65559,0.677553,0.640274,0.65559,0.677553,1.0,0.0
陆坚,陆坚,2,16,1,1,0.0625,0,0.0,0,0.0,0,0.0,0.0,0.640122,0.640122,0.640122,0.640122,0.640122,0.640122,1.0,0.0
关盼盼,关盼盼,3,18,1,1,0.05555555555555555,0,0.0,0,0.0,0,0.0,0.0,0.64005,0.64005,0.64005,0.64005,0.64005,0.64005,1.0,0.0
韦元旦,韦元旦,10,80,3,3,0.0375,0,0.0,0,0.0,0,0.0,0.0,0.639866,0.627746,0.669456,0.639866,0.627746,0.669456,1.0,0.0
邬载,邬载,1,20,1,1,0.05,0,0.0,0,0.0,0,0.0,0.0,0.639741,0.639741,0.639741,0.639741,0.639741,0.639741,1.0,0.0
崔涂,崔涂,101,724,14,14,0.019337016574585635,0,0.0,0,0.0,0,0.0,0.0,0.6394338,0.646268,0.710067,0.6394338,0.646268,0.710067,1.0,0.0
孙鲂,孙鲂,22,346,7,7,0.02023121387283237,0,0.0,0,0.0,0,0.0,0.0,0.63910687,0.594219,0.732827,0.63910687,0.594219,0.732827,1.0,0.0
窦冀,窦冀,1,31,1,3,0.0967741935483871,0,0.0,0,0.0,0,0.0,0.0,0.703089,0.703089,0.703089,0.6389713,0.67482,0.703089,1.0,0.0
施肩吾,施肩吾,195,942,31,33,0.03503184713375796,0,0.0,0,0.0,0,0.0,0.0,0.63850796,0.635519,0.712808,0.638947,0.635519,0.712808,1.0,0.0
严维,严维,68,587,9,10,0.017035775127768313,0,0.0,0,0.0,0,0.0,0.0,0.64350224,0.653322,0.721856,0.6387756,0.6325935,0.721856,1.0,0.0
李希仲,李希仲,3,40,1,1,0.025,0,0.0,0,0.0,0,0.0,0.0,0.638578,0.638578,0.638578,0.638578,0.638578,0.638578,1.0,0.0
任翻,任翻,18,128,3,4,0.03125,0,0.0,0,0.0,0,0.0,0.0,0.63170904,0.60892,0.691945,0.63856274,0.634022,0.691945,1.0,0.0
来鹄,来鹄,29,326,2,4,0.012269938650306749,0,0.0,0,0.0,0,0.0,0.0,0.6625755,0.6625755,0.66903,0.6384152,0.6381895,0.66903,1.0,0.0
石倚,石倚,1,12,1,1,0.08333333333333333,0,0.0,0,0.0,0,0.0,0.0,0.638389,0.638389,0.638389,0.638389,0.638389,0.638389,1.0,0.0
钱镠,钱镠,3,16,1,1,0.0625,0,0.0,0,0.0,0,0.0,0.0,0.638373,0.638373,0.638373,0.638373,0.638373,0.638373,1.0,0.0
唐尧臣,唐尧臣,1,36,1,3,0.08333333333333333,0,0.0,0,0.0,0,0.0,0.0,0.659891,0.659891,0.659891,0.63833565,0.634952,0.659891,1.0,0.0
崔日知,崔日知,2,64,1,2,0.03125,0,0.0,0,0.0,0,0.0,0.0,0.692982,0.692982,0.692982,0.637967,0.637967,0.692982,1.0,0.0
孙逖,孙逖,61,630,10,14,0.022222222222222223,0,0.0,0,0.0,0,0.0,0.0,0.6534105,0.66093946,0.718913,0.6375657,0.6439405,0.718913,1.0,0.0
王延彬,王延彬,2,12,1,1,0.08333333333333333,0,0.0,0,0.0,0,0.0,0.0,0.637301,0.637301,0.637301,0.637301,0.637301,0.637301,1.0,0.0
唐温如,唐温如,1,4,1,2,0.5,0,0.0,0,0.0,0,0.0,0.0,0.664342,0.664342,0.664342,0.6367845,0.6367845,0.664342,1.0,0.0
萧仿,萧仿,3,24,1,1,0.041666666666666664,0,0.0,0,0.0,0,0.0,0.0,0.636745,0.636745,0.636745,0.636745,0.636745,0.636745,1.0,0.0
秦系,秦系,38,264,6,6,0.022727272727272728,0,0.0,0,0.0,0,0.0,0.0,0.6367395,0.6464255,0.679667,0.6367395,0.6464255,0.679667,1.0,0.0
唐廪,唐廪,1,8,1,1,0.125,0,0.0,0,0.0,0,0.0,0.0,0.636578,0.636578,0.636578,0.636578,0.636578,0.636578,1.0,0.0
宫嫔,宫嫔,1,16,1,2,0.125,0,0.0,0,0.0,0,0.0,0.0,0.684868,0.684868,0.684868,0.63639,0.63639,0.684868,1.0,0.0
许坚,许坚1,11,70,2,2,0.02857142857142857,0,0.0,0,0.0,0,0.0,0.0,0.636328,0.636328,0.636328,0.636328,0.636328,0.636328,2.0,0.0
吴英秀,吴英秀,1,4,1,1,0.25,0,0.0,0,0.0,0,0.0,0.0,0.636266,0.636266,0.636266,0.636266,0.636266,0.636266,1.0,0.0
苏郁,苏郁,4,14,1,1,0.07142857142857142,0,0.0,0,0.0,0,0.0,0.0,0.636266,0.636266,0.636266,0.636266,0.636266,0.636266,1.0,0.0
王仁裕,王仁裕,15,123,4,4,0.032520325203252036,0,0.0,0,0.0,0,0.0,0.0,0.635912,0.625015,0.685944,0.635912,0.625015,0.685944,1.0,0.0
丁仙芝,丁仙芝,12,138,3,5,0.036231884057971016,0,0.0,0,0.0,0,0.0,0.0,0.65379834,0.665754,0.693238,0.63574636,0.638501,0.693238,1.0,0.0
罗虬,罗虬,2,402,1,9,0.022388059701492536,0,0.0,0,0.0,0,0.0,0.0,0.692045,0.692045,0.692045,0.6357459,0.640175,0.692045,1.0,0.0
崔珏,崔珏,11,170,4,4,0.023529411764705882,0,0.0,0,0.0,0,0.0,0.0,0.635704,0.635602,0.692168,0.635704,0.635602,0.692168,1.0,0.0
郑世翼,郑世翼,6,60,2,2,0.03333333333333333,0,0.0,0,0.0,0,0.0,0.0,0.635661,0.635661,0.653954,0.635661,0.635661,0.653954,1.0,0.0
段成式,段成式,51,575,10,11,0.019130434782608695,0,0.0,0,0.0,0,0.0,0.0,0.63837945,0.639839,0.715804,0.6356353,0.630951,0.715804,1.0,0.0
张又新,张又新,17,88,1,1,0.011363636363636364,0,0.0,0,0.0,0,0.0,0.0,0.63547,0.63547,0.63547,0.63547,0.63547,0.63547,1.0,0.0
伍乔,伍乔,22,170,2,2,0.011764705882352941,0,0.0,0,0.0,0,0.0,0.0,0.635422,0.635422,0.667828,0.635422,0.635422,0.667828,1.0,0.0
魏万,魏万,1,48,1,4,0.08333333333333333,0,0.0,0,0.0,0,0.0,0.0,0.680094,0.680094,0.680094,0.63536346,0.64141846,0.680094,1.0,0.0
郑澣,郑澣,5,78,1,1,0.01282051282051282,0,0.0,0,0.0,0,0.0,0.0,0.635316,0.635316,0.635316,0.635316,0.635316,0.635316,1.0,0.0
姜晞,姜晞,2,16,2,2,0.125,0,0.0,0,0.0,0,0.0,0.0,0.635186,0.635186,0.635186,0.635186,0.635186,0.635186,1.0,0.0
李谅,李谅,1,16,1,2,0.125,0,0.0,0,0.0,0,0.0,0.0,0.667281,0.667281,0.667281,0.6351095,0.6351095,0.667281,1.0,0.0
寒山,寒山,2,10,1,1,0.1,0,0.0,0,0.0,0,0.0,0.0,0.635021,0.635021,0.635021,0.635021,0.635021,0.635021,1.0,0.0
裴夷直,裴夷直,53,276,9,10,0.036231884057971016,0,0.0,0,0.0,0,0.0,0.0,0.63659406,0.633812,0.686002,0.6349911,0.63147604,0.686002,1.0,0.0
卢言,卢言,1,4,1,1,0.25,0,0.0,0,0.0,0,0.0,0.0,0.634667,0.634667,0.634667,0.634667,0.634667,0.634667,1.0,0.0
牛希济,牛希济,6,112,2,4,0.03571428571428571,0,0.0,0,0.0,0,0.0,0.0,0.653878,0.653878,0.667862,0.63456327,0.6396715,0.667862,1.0,0.0
和凝,和凝,25,603,2,8,0.013266998341625208,0,0.0,0,0.0,0,0.0,0.0,0.7031675,0.7031675,0.721584,0.63445514,0.6412945,0.721584,1.0,0.0
张元一,张元一,4,22,1,1,0.045454545454545456,0,0.0,0,0.0,0,0.0,0.0,0.634174,0.634174,0.634174,0.634174,0.634174,0.634174,1.0,0.0
王光庭,王光庭,2,32,1,1,0.03125,0,0.0,0,0.0,0,0.0,0.0,0.633798,0.633798,0.633798,0.633798,0.633798,0.633798,1.0,0.0
孙咸,孙咸,1,8,1,1,0.125,0,0.0,0,0.0,0,0.0,0.0,0.633784,0.633784,0.633784,0.633784,0.633784,0.633784,1.0,0.0
蔡京,蔡京,3,16,2,3,0.1875,0,0.0,0,0.0,0,0.0,0.0,0.64354396,0.64354396,0.684477,0.633702,0.614018,0.684477,1.0,0.0
护国,护国,12,100,3,4,0.04,0,0.0,0,0.0,0,0.0,0.0,0.6411137,0.626533,0.675116,0.63364875,0.6241125,0.675116,1.0,0.0
曹松,曹松,146,1143,21,21,0.01837270341207349,0,0.0,0,0.0,0,0.0,0.0,0.6335158,0.627006,0.73903,0.6335158,0.627006,0.73903,1.0,0.0
李从远,李从远,1,8,1,1,0.125,0,0.0,0,0.0,0,0.0,0.0,0.633321,0.633321,0.633321,0.633321,0.633321,0.633321,1.0,0.0
李渤,李渤,4,92,1,5,0.05434782608695652,0,0.0,0,0.0,0,0.0,0.0,0.678681,0.678681,0.678681,0.63312757,0.643946,0.678681,1.0,0.0
李晔,李晔,4,46,1,1,0.021739130434782608,0,0.0,0,0.0,0,0.0,0.0,0.633078,0.633078,0.633078,0.633078,0.633078,0.633078,1.0,0.0
庾抱,庾抱,5,40,1,1,0.025,0,0.0,0,0.0,0,0.0,0.0,0.632771,0.632771,0.632771,0.632771,0.632771,0.632771,1.0,0.0
徐仲雅,徐仲雅,7,86,2,2,0.023255813953488372,0,0.0,0,0.0,0,0.0,0.0,0.6327435,0.6327435,0.645586,0.6327435,0.6327435,0.645586,1.0,0.0
薛馧,薛馧,4,24,1,1,0.041666666666666664,0,0.0,0,0.0,0,0.0,0.0,0.63246,0.63246,0.63246,0.63246,0.63246,0.63246,1.0,0.0
罗邺,罗邺,143,993,17,18,0.01812688821752266,0,0.0,0,0.0,0,0.0,0.0,0.63293874,0.645818,0.702202,0.6324301,0.636713,0.702202,1.0,0.0
皇甫松,皇甫松,19,158,1,1,0.006329113924050633,0,0.0,0,0.0,0,0.0,0.0,0.632405,0.632405,0.632405,0.632405,0.632405,0.632405,1.0,0.0
邵大震,邵大震,1,4,1,1,0.25,0,0.0,0,0.0,0,0.0,0.0,0.632293,0.632293,0.632293,0.632293,0.632293,0.632293,1.0,0.0
刘昭禹,刘昭禹,15,122,2,2,0.01639344262295082,0,0.0,0,0.0,0,0.0,0.0,0.6322105,0.6322105,0.650681,0.6322105,0.6322105,0.650681,1.0,0.0
无可,无可,98,940,6,8,0.00851063829787234,0,0.0,0,0.0,0,0.0,0.0,0.6428943,0.63891745,0.697671,0.6319086,0.624372,0.697671,1.0,0.0
公乘亿,公乘亿,5,50,2,2,0.04,0,0.0,0,0.0,0,0.0,0.0,0.631794,0.631794,0.691334,0.631794,0.631794,0.691334,1.0,0.0
唐求,唐求,36,264,2,2,0.007575757575757576,0,0.0,0,0.0,0,0.0,0.0,0.631552,0.631552,0.649763,0.631552,0.631552,0.649763,1.0,0.0
崔萱,崔萱,4,22,1,1,0.045454545454545456,0,0.0,0,0.0,0,0.0,0.0,0.631399,0.631399,0.631399,0.631399,0.631399,0.631399,1.0,0.0
韦建,韦建,2,28,1,1,0.03571428571428571,0,0.0,0,0.0,0,0.0,0.0,0.63134,0.63134,0.63134,0.63134,0.63134,0.63134,1.0,0.0
杨汝士,杨汝士,9,54,1,1,0.018518518518518517,0,0.0,0,0.0,0,0.0,0.0,0.631138,0.631138,0.631138,0.631138,0.631138,0.631138,1.0,0.0
景云,景云,3,20,1,1,0.05,0,0.0,0,0.0,0,0.0,0.0,0.630981,0.630981,0.630981,0.630981,0.630981,0.630981,1.0,0.0
李深,李深,1,24,1,2,0.08333333333333333,0,0.0,0,0.0,0,0.0,0.0,0.654431,0.654431,0.654431,0.630488,0.630488,0.654431,1.0,0.0
孟简,孟简,8,116,1,1,0.008620689655172414,0,0.0,0,0.0,0,0.0,0.0,0.630471,0.630471,0.630471,0.630471,0.630471,0.630471,1.0,0.0
薛逢,薛逢,92,874,14,20,0.02288329519450801,0,0.0,0,0.0,0,0.0,0.0,0.6441038,0.6331645,0.732711,0.6303708,0.6257325,0.732711,1.0,0.0
沈仲昌,沈仲昌,1,4,1,1,0.25,0,0.0,0,0.0,0,0.0,0.0,0.630244,0.630244,0.630244,0.630244,0.630244,0.630244,1.0,0.0
无名氏,无名氏,144,1284,17,19,0.014797507788161994,0,0.0,0,0.0,0,0.0,0.0,0.630286,0.646116,0.705316,0.6301447,0.644791,0.705316,1.0,0.0
熊孺登,熊孺登,30,140,2,2,0.014285714285714285,0,0.0,0,0.0,0,0.0,0.0,0.629803,0.629803,0.646056,0.629803,0.629803,0.646056,1.0,0.0
张白,张白,3,16,1,1,0.0625,0,0.0,0,0.0,0,0.0,0.0,0.629698,0.629698,0.629698,0.629698,0.629698,0.629698,1.0,0.0
李昂,李昂1,9,112,3,6,0.05357142857142857,0,0.0,0,0.0,0,0.0,0.0,0.67304605,0.678376,0.699536,0.6296758,0.6378715,0.699536,2.0,0.0
王纬,王纬,2,18,2,2,0.1111111111111111,0,0.0,0,0.0,0,0.0,0.0,0.629127,0.629127,0.637837,0.629127,0.629127,0.637837,1.0,0.0
薛涛,薛涛,78,376,8,9,0.023936170212765957,0,0.0,0,0.0,0,0.0,0.0,0.6260902,0.63528347,0.690641,0.6290779,0.643667,0.690641,1.0,0.0
常浩,常浩,2,20,1,1,0.05,0,0.0,0,0.0,0,0.0,0.0,0.628952,0.628952,0.628952,0.628952,0.628952,0.628952,1.0,0.0
密陀僧,密陀僧,1,4,1,2,0.5,0,0.0,0,0.0,0,0.0,0.0,0.673939,0.673939,0.673939,0.6289255,0.6289255,0.673939,1.0,0.0
李珣,李珣,17,312,4,5,0.016025641025641024,0,0.0,0,0.0,0,0.0,0.0,0.6293065,0.6332495,0.683708,0.6284124,0.624836,0.683708,1.0,0.0
于武陵,于武陵,51,400,6,6,0.015,0,0.0,0,0.0,0,0.0,0.0,0.6280698,0.65209055,0.666689,0.6280698,0.65209055,0.666689,1.0,0.0
高亭,高亭,1,2,1,1,0.5,0,0.0,0,0.0,0,0.0,0.0,0.627785,0.627785,0.627785,0.627785,0.627785,0.627785,1.0,0.0
熊皎,熊皎,11,91,2,2,0.02197802197802198,0,0.0,0,0.0,0,0.0,0.0,0.6274935,0.6274935,0.704928,0.6274935,0.6274935,0.704928,1.0,0.0
刘言史,刘言史,71,552,12,12,0.021739130434782608,0,0.0,0,0.0,0,0.0,0.0,0.62709004,0.627018,0.694465,0.62709004,0.627018,0.694465,1.0,0.0
康骈,康骈,1,8,1,1,0.125,0,0.0,0,0.0,0,0.0,0.0,0.626672,0.626672,0.626672,0.626672,0.626672,0.626672,1.0,0.0
姚系,姚系,11,118,1,2,0.01694915254237288,0,0.0,0,0.0,0,0.0,0.0,0.658541,0.658541,0.658541,0.626558,0.626558,0.658541,1.0,0.0
冯著,冯著,4,50,2,2,0.04,0,0.0,0,0.0,0,0.0,0.0,0.626536,0.626536,0.711282,0.626536,0.626536,0.711282,1.0,0.0
厉玄,厉玄,7,60,2,2,0.03333333333333333,0,0.0,0,0.0,0,0.0,0.0,0.626476,0.626476,0.664729,0.626476,0.626476,0.664729,1.0,0.0
史俊,史俊,1,14,1,1,0.07142857142857142,0,0.0,0,0.0,0,0.0,0.0,0.626473,0.626473,0.626473,0.626473,0.626473,0.626473,1.0,0.0
李涛,李涛,4,18,1,1,0.05555555555555555,0,0.0,0,0.0,0,0.0,0.0,0.626398,0.626398,0.626398,0.626398,0.626398,0.626398,1.0,0.0
王无竞,王无竞,7,70,2,2,0.02857142857142857,0,0.0,0,0.0,0,0.0,0.0,0.6263225,0.6263225,0.687001,0.6263225,0.6263225,0.687001,1.0,0.0
张楚金,张楚金,1,8,1,2,0.25,0,0.0,0,0.0,0,0.0,0.0,0.708096,0.708096,0.708096,0.625819,0.625819,0.708096,1.0,0.0
元和举子,元和举子,1,4,1,1,0.25,0,0.0,0,0.0,0,0.0,0.0,0.625691,0.625691,0.625691,0.625691,0.625691,0.625691,1.0,0.0
杨夔,杨夔,12,108,2,2,0.018518518518518517,0,0.0,0,0.0,0,0.0,0.0,0.6255325,0.6255325,0.642314,0.6255325,0.6255325,0.642314,1.0,0.0
李邕,李邕,4,44,1,1,0.022727272727272728,0,0.0,0,0.0,0,0.0,0.0,0.625382,0.625382,0.625382,0.625382,0.625382,0.625382,1.0,0.0
崔膺,崔膺,2,16,1,2,0.125,0,0.0,0,0.0,0,0.0,0.0,0.628713,0.628713,0.628713,0.625329,0.625329,0.628713,1.0,0.0
牟融,牟融,62,544,12,12,0.022058823529411766,0,0.0,0,0.0,0,0.0,0.0,0.6252256,0.6239415,0.670267,0.6252256,0.6239415,0.670267,1.0,0.0
张文姬,张文姬,4,16,1,1,0.0625,0,0.0,0,0.0,0,0.0,0.0,0.624751,0.624751,0.624751,0.624751,0.624751,0.624751,1.0,0.0
李和风,李和风,1,4,1,1,0.25,0,0.0,0,0.0,0,0.0,0.0,0.624744,0.624744,0.624744,0.624744,0.624744,0.624744,1.0,0.0
朱长文,朱长文,7,36,3,3,0.08333333333333333,0,0.0,0,0.0,0,0.0,0.0,0.62470204,0.630472,0.639455,0.62470204,0.630472,0.639455,1.0,0.0
冯延巳,冯延巳,32,559,6,8,0.014311270125223614,0,0.0,0,0.0,0,0.0,0.0,0.63251966,0.636635,0.737714,0.62443775,0.6280025,0.737714,1.0,0.0
卢群,卢群,1,8,1,1,0.125,0,0.0,0,0.0,0,0.0,0.0,0.62442,0.62442,0.62442,0.62442,0.62442,0.62442,1.0,0.0
杨敬述,杨敬述,1,8,1,1,0.125,0,0.0,0,0.0,0,0.0,0.0,0.624099,0.624099,0.624099,0.624099,0.624099,0.624099,1.0,0.0
周匡物,周匡物,5,34,1,2,0.058823529411764705,0,0.0,0,0.0,0,0.0,0.0,0.704442,0.704442,0.704442,0.624062,0.624062,0.704442,1.0,0.0
狄焕,狄焕,4,24,1,1,0.041666666666666664,0,0.0,0,0.0,0,0.0,0.0,0.623783,0.623783,0.623783,0.623783,0.623783,0.623783,1.0,0.0
薛莹,薛莹,12,64,1,1,0.015625,0,0.0,0,0.0,0,0.0,0.0,0.62376,0.62376,0.62376,0.62376,0.62376,0.62376,1.0,0.0
李縠,李縠,3,24,3,4,0.16666666666666666,0,0.0,0,0.0,0,0.0,0.0,0.629996,0.626611,0.644834,0.6235248,0.622577,0.644834,1.0,0.0
杨凭,杨凭,19,96,4,4,0.041666666666666664,0,0.0,0,0.0,0,0.0,0.0,0.6235185,0.606374,0.716024,0.6235185,0.606374,0.716024,1.0,0.0
马异,马异,4,75,1,3,0.04,0,0.0,0,0.0,0,0.0,0.0,0.66318,0.66318,0.66318,0.6234446,0.632644,0.66318,1.0,0.0
宋迪,宋迪,1,12,1,1,0.08333333333333333,0,0.0,0,0.0,0,0.0,0.0,0.623227,0.623227,0.623227,0.623227,0.623227,0.623227,1.0,0.0
冯衮,冯衮,2,8,1,1,0.125,0,0.0,0,0.0,0,0.0,0.0,0.623151,0.623151,0.623151,0.623151,0.623151,0.623151,1.0,0.0
隐峦,隐峦,5,32,2,3,0.09375,0,0.0,0,0.0,0,0.0,0.0,0.6177265,0.6177265,0.675851,0.622829,0.633034,0.675851,1.0,0.0
刘景复,刘景复,1,32,1,2,0.0625,0,0.0,0,0.0,0,0.0,0.0,0.636285,0.636285,0.636285,0.62269855,0.62269855,0.636285,1.0,0.0
李叔卿,李叔卿,2,22,2,2,0.09090909090909091,0,0.0,0,0.0,0,0.0,0.0,0.62265503,0.62265503,0.636403,0.62265503,0.62265503,0.636403,1.0,0.0
冯待征,冯待征,1,28,1,1,0.03571428571428571,0,0.0,0,0.0,0,0.0,0.0,0.622173,0.622173,0.622173,0.622173,0.622173,0.622173,1.0,0.0
杜兼,杜兼,1,3,1,1,0.3333333333333333,0,0.0,0,0.0,0,0.0,0.0,0.621914,0.621914,0.621914,0.621914,0.621914,0.621914,1.0,0.0
屈同仙,屈同仙,2,28,1,1,0.03571428571428571,0,0.0,0,0.0,0,0.0,0.0,0.621741,0.621741,0.621741,0.621741,0.621741,0.621741,1.0,0.0
崔橹,崔橹,30,250,5,7,0.028,0,0.0,0,0.0,0,0.0,0.0,0.6326254,0.622544,0.68672,0.6210933,0.61167,0.68672,1.0,0.0
刘溉,刘溉,1,4,1,1,0.25,0,0.0,0,0.0,0,0.0,0.0,0.621057,0.621057,0.621057,0.621057,0.621057,0.621057,1.0,0.0
丘为,丘为,13,144,2,2,0.013888888888888888,0,0.0,0,0.0,0,0.0,0.0,0.62068546,0.62068546,0.661109,0.62068546,0.62068546,0.661109,1.0,0.0
牛峤,牛峤,14,199,5,5,0.02512562814070352,0,0.0,0,0.0,0,0.0,0.0,0.6204812,0.613008,0.664429,0.6204812,0.613008,0.664429,1.0,0.0
喻凫,喻凫,65,496,3,3,0.006048387096774193,0,0.0,0,0.0,0,0.0,0.0,0.620272,0.642603,0.664428,0.620272,0.642603,0.664428,1.0,0.0
柳珪,柳珪,1,8,1,1,0.125,0,0.0,0,0.0,0,0.0,0.0,0.619941,0.619941,0.619941,0.619941,0.619941,0.619941,1.0,0.0
李栖筠,李栖筠,2,26,1,1,0.038461538461538464,0,0.0,0,0.0,0,0.0,0.0,0.619814,0.619814,0.619814,0.619814,0.619814,0.619814,1.0,0.0
朱湾,朱湾,23,223,4,4,0.017937219730941704,0,0.0,0,0.0,0,0.0,0.0,0.6197545,0.5993505,0.695254,0.6197545,0.5993505,0.695254,1.0,0.0
李涉,李涉,108,860,21,35,0.040697674418604654,0,0.0,0,0.0,0,0.0,0.0,0.6294326,0.618741,0.735378,0.6193887,0.613286,0.735378,1.0,0.0
嵩岳诸仙,嵩岳诸仙,1,62,1,1,0.016129032258064516,0,0.0,0,0.0,0,0.0,0.0,0.619135,0.619135,0.619135,0.619135,0.619135,0.619135,1.0,0.0
张汯,张汯,1,4,1,1,0.25,0,0.0,0,0.0,0,0.0,0.0,0.618865,0.618865,0.618865,0.618865,0.618865,0.618865,1.0,0.0
张纮,张纮,4,44,1,1,0.022727272727272728,0,0.0,0,0.0,0,0.0,0.0,0.618865,0.618865,0.618865,0.618865,0.618865,0.618865,1.0,0.0
张若虚,张若虚,3,84,2,2,0.023809523809523808,0,0.0,0,0.0,0,0.0,0.0,0.618683,0.618683,0.618683,0.618683,0.618683,0.618683,1.0,0.0
耽章,耽章,1,5,1,1,0.2,0,0.0,0,0.0,0,0.0,0.0,0.61854,0.61854,0.61854,0.61854,0.61854,0.61854,1.0,0.0
张谔,张谔,12,89,2,2,0.02247191011235955,0,0.0,0,0.0,0,0.0,0.0,0.6183975,0.6183975,0.665997,0.6183975,0.6183975,0.665997,1.0,0.0
徐光溥,徐光溥,2,62,1,1,0.016129032258064516,0,0.0,0,0.0,0,0.0,0.0,0.618389,0.618389,0.618389,0.618389,0.618389,0.618389,1.0,0.0
崔护,崔护,6,52,1,1,0.019230769230769232,0,0.0,0,0.0,0,0.0,0.0,0.618012,0.618012,0.618012,0.618012,0.618012,0.618012,1.0,0.0
韩熙载,韩熙载,5,39,1,1,0.02564102564102564,0,0.0,0,0.0,0,0.0,0.0,0.617909,0.617909,0.617909,0.617909,0.617909,0.617909,1.0,0.0
罗绍威,罗绍威,4,22,1,1,0.045454545454545456,0,0.0,0,0.0,0,0.0,0.0,0.61771,0.61771,0.61771,0.61771,0.61771,0.61771,1.0,0.0
程紫霄,程紫霄,2,7,1,1,0.14285714285714285,0,0.0,0,0.0,0,0.0,0.0,0.616685,0.616685,0.616685,0.616685,0.616685,0.616685,1.0,0.0
顾在镕,顾在镕,3,24,1,1,0.041666666666666664,0,0.0,0,0.0,0,0.0,0.0,0.616454,0.616454,0.616454,0.616454,0.616454,0.616454,1.0,0.0
赵抟,赵抟,2,50,2,3,0.06,0,0.0,0,0.0,0,0.0,0.0,0.63050497,0.63050497,0.660191,0.61643535,0.600819,0.660191,1.0,0.0
李郢,李郢,71,529,10,10,0.01890359168241966,0,0.0,0,0.0,0,0.0,0.0,0.61632407,0.608833,0.729261,0.61632407,0.608833,0.729261,1.0,0.0
殷文圭,殷文圭,28,234,1,1,0.004273504273504274,0,0.0,0,0.0,0,0.0,0.0,0.616106,0.616106,0.616106,0.616106,0.616106,0.616106,1.0,0.0
萧微,萧微,1,4,1,1,0.25,0,0.0,0,0.0,0,0.0,0.0,0.616096,0.616096,0.616096,0.616096,0.616096,0.616096,1.0,0.0
刘友贤,刘友贤,1,8,1,1,0.125,0,0.0,0,0.0,0,0.0,0.0,0.615168,0.615168,0.615168,0.615168,0.615168,0.615168,1.0,0.0
太白山玄士,太白山玄士,1,4,1,1,0.25,0,0.0,0,0.0,0,0.0,0.0,0.614949,0.614949,0.614949,0.614949,0.614949,0.614949,1.0,0.0
眉娘,眉娘,3,12,1,1,0.08333333333333333,0,0.0,0,0.0,0,0.0,0.0,0.614949,0.614949,0.614949,0.614949,0.614949,0.614949,1.0,0.0
李绛,李绛,4,46,1,2,0.043478260869565216,0,0.0,0,0.0,0,0.0,0.0,0.618774,0.618774,0.618774,0.614491,0.614491,0.618774,1.0,0.0
汤悦,汤悦,5,40,1,1,0.025,0,0.0,0,0.0,0,0.0,0.0,0.613795,0.613795,0.613795,0.613795,0.613795,0.613795,1.0,0.0
辛常伯,辛常伯,1,64,1,1,0.015625,0,0.0,0,0.0,0,0.0,0.0,0.613784,0.613784,0.613784,0.613784,0.613784,0.613784,1.0,0.0
刘兼,刘兼,73,632,13,14,0.022151898734177215,0,0.0,0,0.0,0,0.0,0.0,0.6124844,0.606919,0.701576,0.6137425,0.60733247,0.701576,1.0,0.0
李玖,李玖,4,56,2,3,0.05357142857142857,0,0.0,0,0.0,0,0.0,0.0,0.608712,0.608712,0.625289,0.6136,0.623376,0.625289,1.0,0.0
孙偓,孙偓,4,20,1,1,0.05,0,0.0,0,0.0,0,0.0,0.0,0.613573,0.613573,0.613573,0.613573,0.613573,0.613573,1.0,0.0
雍裕之,雍裕之,31,132,2,2,0.015151515151515152,0,0.0,0,0.0,0,0.0,0.0,0.61341,0.61341,0.615838,0.61341,0.61341,0.615838,1.0,0.0
张循之,张循之,7,52,1,1,0.019230769230769232,0,0.0,0,0.0,0,0.0,0.0,0.613273,0.613273,0.613273,0.613273,0.613273,0.613273,1.0,0.0
曹唐,曹唐,41,880,10,32,0.03636363636363636,0,0.0,0,0.0,0,0.0,0.0,0.6271629,0.63213396,0.712972,0.6131245,0.6142255,0.712972,1.0,0.0
丘上卿,丘上卿,1,8,1,1,0.125,0,0.0,0,0.0,0,0.0,0.0,0.613098,0.613098,0.613098,0.613098,0.613098,0.613098,1.0,0.0
裴铏,裴铏,1,8,1,1,0.125,0,0.0,0,0.0,0,0.0,0.0,0.61306,0.61306,0.61306,0.61306,0.61306,0.61306,1.0,0.0
郑馥,郑馥,1,16,1,1,0.0625,0,0.0,0,0.0,0,0.0,0.0,0.612874,0.612874,0.612874,0.612874,0.612874,0.612874,1.0,0.0
徐凝,徐凝,92,434,17,20,0.04608294930875576,0,0.0,0,0.0,0,0.0,0.0,0.61670786,0.6198,0.678285,0.6127029,0.618119,0.678285,1.0,0.0
王播,王播,2,16,2,3,0.1875,0,0.0,0,0.0,0,0.0,0.0,0.62244046,0.62244046,0.629038,0.61257833,0.615843,0.629038,1.0,0.0
陆畅,陆畅,36,163,5,5,0.03067484662576687,0,0.0,0,0.0,0,0.0,0.0,0.6122712,0.597557,0.707895,0.6122712,0.597557,0.707895,1.0,0.0
卫万,卫万,1,8,1,1,0.125,0,0.0,0,0.0,0,0.0,0.0,0.612065,0.612065,0.612065,0.612065,0.612065,0.612065,1.0,0.0
韩溉,韩溉,8,58,3,3,0.05172413793103448,0,0.0,0,0.0,0,0.0,0.0,0.6119187,0.568915,0.70298,0.6119187,0.568915,0.70298,1.0,0.0
契盈,契盈,1,2,1,1,0.5,0,0.0,0,0.0,0,0.0,0.0,0.611185,0.611185,0.611185,0.611185,0.611185,0.611185,1.0,0.0
包何,包何,19,140,5,5,0.03571428571428571,0,0.0,0,0.0,0,0.0,0.0,0.6106578,0.613273,0.713903,0.6106578,0.613273,0.713903,1.0,0.0
谭铢,谭铢,2,34,1,2,0.058823529411764705,0,0.0,0,0.0,0,0.0,0.0,0.668102,0.668102,0.668102,0.61047804,0.61047804,0.668102,1.0,0.0
欧阳炯,欧阳炯,26,426,9,13,0.03051643192488263,0,0.0,0,0.0,0,0.0,0.0,0.60612285,0.63204,0.681064,0.6103535,0.635657,0.681064,1.0,0.0
叶法善,叶法善,1,24,1,1,0.041666666666666664,0,0.0,0,0.0,0,0.0,0.0,0.610334,0.610334,0.610334,0.610334,0.610334,0.610334,1.0,0.0
张元正,张元正,1,12,1,1,0.08333333333333333,0,0.0,0,0.0,0,0.0,0.0,0.610043,0.610043,0.610043,0.610043,0.610043,0.610043,1.0,0.0
张正元,张正元,2,24,1,1,0.041666666666666664,0,0.0,0,0.0,0,0.0,0.0,0.610043,0.610043,0.610043,0.610043,0.610043,0.610043,1.0,0.0
志定,志定,1,4,1,1,0.25,0,0.0,0,0.0,0,0.0,0.0,0.609962,0.609962,0.609962,0.609962,0.609962,0.609962,1.0,0.0
郭利贞,郭利贞,1,8,1,1,0.125,0,0.0,0,0.0,0,0.0,0.0,0.609924,0.609924,0.609924,0.609924,0.609924,0.609924,1.0,0.0
崔枢,崔枢,2,24,1,1,0.041666666666666664,0,0.0,0,0.0,0,0.0,0.0,0.609845,0.609845,0.609845,0.609845,0.609845,0.609845,1.0,0.0
张顶,张顶,1,4,1,1,0.25,0,0.0,0,0.0,0,0.0,0.0,0.609608,0.609608,0.609608,0.609608,0.609608,0.609608,1.0,0.0
周贺,周贺,93,728,3,3,0.004120879120879121,0,0.0,0,0.0,0,0.0,0.0,0.60878867,0.604722,0.681345,0.60878867,0.604722,0.681345,1.0,0.0
西鄙人,西鄙人,1,4,1,1,0.25,0,0.0,0,0.0,0,0.0,0.0,0.608555,0.608555,0.608555,0.608555,0.608555,0.608555,1.0,0.0
敬括,敬括,1,12,1,1,0.08333333333333333,0,0.0,0,0.0,0,0.0,0.0,0.607684,0.607684,0.607684,0.607684,0.607684,0.607684,1.0,0.0
刘虚白,刘虚白,2,6,1,1,0.16666666666666666,0,0.0,0,0.0,0,0.0,0.0,0.607455,0.607455,0.607455,0.607455,0.607455,0.607455,1.0,0.0
郭周藩,郭周藩,1,48,1,3,0.0625,0,0.0,0,0.0,0,0.0,0.0,0.62419,0.62419,0.62419,0.60716635,0.615407,0.62419,1.0,0.0
乔琳,乔琳,1,8,1,1,0.125,0,0.0,0,0.0,0,0.0,0.0,0.607074,0.607074,0.607074,0.607074,0.607074,0.607074,1.0,0.0
清豁,清豁,1,4,1,1,0.25,0,0.0,0,0.0,0,0.0,0.0,0.606993,0.606993,0.606993,0.606993,0.606993,0.606993,1.0,0.0
刘庭琦,刘庭琦,4,38,1,2,0.05263157894736842,0,0.0,0,0.0,0,0.0,0.0,0.637627,0.637627,0.637627,0.6069895,0.6069895,0.637627,1.0,0.0
成都醉道士,成都醉道士,1,24,1,1,0.041666666666666664,0,0.0,0,0.0,0,0.0,0.0,0.606917,0.606917,0.606917,0.606917,0.606917,0.606917,1.0,0.0
鱼玄机,鱼玄机,49,394,5,5,0.012690355329949238,0,0.0,0,0.0,0,0.0,0.0,0.60677564,0.595097,0.697959,0.60677564,0.595097,0.697959,1.0,0.0
平曾,平曾,3,20,2,3,0.15,0,0.0,0,0.0,0,0.0,0.0,0.638638,0.638638,0.645465,0.6067197,0.631811,0.645465,1.0,0.0
李世民,李世民,89,1031,5,6,0.005819592628516004,0,0.0,0,0.0,0,0.0,0.0,0.6072684,0.624415,0.678284,0.60644364,0.617688,0.678284,1.0,0.0
伊用昌,伊用昌,8,48,1,1,0.020833333333333332,0,0.0,0,0.0,0,0.0,0.0,0.606298,0.606298,0.606298,0.606298,0.606298,0.606298,1.0,0.0
陶雍,陶雍,1,20,1,1,0.05,0,0.0,0,0.0,0,0.0,0.0,0.606256,0.606256,0.606256,0.606256,0.606256,0.606256,1.0,0.0
邢象玉,邢象玉,1,16,1,1,0.0625,0,0.0,0,0.0,0,0.0,0.0,0.60611,0.60611,0.60611,0.60611,0.60611,0.60611,1.0,0.0
李洞,李洞,168,1477,16,16,0.010832769126607989,0,0.0,0,0.0,0,0.0,0.0,0.6060463,0.6021,0.687586,0.6060463,0.6021,0.687586,1.0,0.0
苏广文,苏广文,3,24,2,3,0.125,0,0.0,0,0.0,0,0.0,0.0,0.59894,0.59894,0.638206,0.6053207,0.618082,0.638206,1.0,0.0
薛奇童,薛奇童,7,94,1,1,0.010638297872340425,0,0.0,0,0.0,0,0.0,0.0,0.605305,0.605305,0.605305,0.605305,0.605305,0.605305,1.0,0.0
胡皓,胡皓,6,92,1,1,0.010869565217391304,0,0.0,0,0.0,0,0.0,0.0,0.605208,0.605208,0.605208,0.605208,0.605208,0.605208,1.0,0.0
胡宿,胡宿,19,152,3,4,0.02631578947368421,0,0.0,0,0.0,0,0.0,0.0,0.616442,0.602271,0.654116,0.6046897,0.597605,0.654116,1.0,0.0
卢从愿,卢从愿,3,36,1,1,0.027777777777777776,0,0.0,0,0.0,0,0.0,0.0,0.604514,0.604514,0.604514,0.604514,0.604514,0.604514,1.0,0.0
孟宾于,孟宾于,9,80,3,3,0.0375,0,0.0,0,0.0,0,0.0,0.0,0.604117,0.585934,0.64326,0.604117,0.585934,0.64326,1.0,0.0
金真德,金真德,1,20,1,2,0.1,0,0.0,0,0.0,0,0.0,0.0,0.638422,0.638422,0.638422,0.604072,0.604072,0.638422,1.0,0.0
李九龄,李九龄,19,92,2,2,0.021739130434782608,0,0.0,0,0.0,0,0.0,0.0,0.60401404,0.60401404,0.642887,0.60401404,0.60401404,0.642887,1.0,0.0
张琰,张琰,3,22,1,2,0.09090909090909091,0,0.0,0,0.0,0,0.0,0.0,0.673312,0.673312,0.673312,0.60397553,0.60397553,0.673312,1.0,0.0
杨嗣复,杨嗣复,5,54,1,1,0.018518518518518517,0,0.0,0,0.0,0,0.0,0.0,0.603775,0.603775,0.603775,0.603775,0.603775,0.603775,1.0,0.0
高拯,高拯,1,4,1,2,0.5,0,0.0,0,0.0,0,0.0,0.0,0.639553,0.639553,0.639553,0.603632,0.603632,0.639553,1.0,0.0
杨牢,杨牢,3,28,2,2,0.07142857142857142,0,0.0,0,0.0,0,0.0,0.0,0.603494,0.603494,0.616251,0.603494,0.603494,0.616251,1.0,0.0
张良器,张良器,1,16,1,1,0.0625,0,0.0,0,0.0,0,0.0,0.0,0.603152,0.603152,0.603152,0.603152,0.603152,0.603152,1.0,0.0
李贞白,李贞白,6,26,1,1,0.038461538461538464,0,0.0,0,0.0,0,0.0,0.0,0.603005,0.603005,0.603005,0.603005,0.603005,0.603005,1.0,0.0
胡玢,胡玢,4,26,1,1,0.038461538461538464,0,0.0,0,0.0,0,0.0,0.0,0.602938,0.602938,0.602938,0.602938,0.602938,0.602938,1.0,0.0
柳中庸,柳中庸,12,80,4,4,0.05,0,0.0,0,0.0,0,0.0,0.0,0.60266274,0.600641,0.645013,0.60266274,0.600641,0.645013,1.0,0.0
林氏,林氏,1,16,1,2,0.125,0,0.0,0,0.0,0,0.0,0.0,0.643069,0.643069,0.643069,0.60262,0.60262,0.643069,1.0,0.0
阎德隐,阎德隐,2,32,1,1,0.03125,0,0.0,0,0.0,0,0.0,0.0,0.602525,0.602525,0.602525,0.602525,0.602525,0.602525,1.0,0.0
崔宗之,崔宗之,1,30,1,1,0.03333333333333333,0,0.0,0,0.0,0,0.0,0.0,0.601983,0.601983,0.601983,0.601983,0.601983,0.601983,1.0,0.0
崔惠童,崔惠童,1,4,1,1,0.25,0,0.0,0,0.0,0,0.0,0.0,0.601706,0.601706,0.601706,0.601706,0.601706,0.601706,1.0,0.0
花蕊夫人,花蕊夫人,2,632,1,11,0.01740506329113924,0,0.0,0,0.0,0,0.0,0.0,0.67614,0.67614,0.67614,0.6016889,0.597809,0.67614,1.0,0.0
孙光宪,孙光宪,36,560,5,8,0.014285714285714285,0,0.0,0,0.0,0,0.0,0.0,0.6161994,0.608142,0.6827,0.6015359,0.604275,0.6827,1.0,0.0
殷尧藩,殷尧藩,78,588,12,13,0.022108843537414966,0,0.0,0,0.0,0,0.0,0.0,0.60246414,0.5963415,0.684645,0.60108346,0.594706,0.684645,1.0,0.0
毕耀,毕耀,3,22,1,1,0.045454545454545456,0,0.0,0,0.0,0,0.0,0.0,0.600723,0.600723,0.600723,0.600723,0.600723,0.600723,1.0,0.0
若虚,若虚,3,24,2,2,0.08333333333333333,0,0.0,0,0.0,0,0.0,0.0,0.6006165,0.6006165,0.731461,0.6006165,0.6006165,0.731461,1.0,0.0
繁知一,繁知一,1,4,1,1,0.25,0,0.0,0,0.0,0,0.0,0.0,0.600566,0.600566,0.600566,0.600566,0.600566,0.600566,1.0,0.0
李建,李建,1,8,1,1,0.125,0,0.0,0,0.0,0,0.0,0.0,0.6004,0.6004,0.6004,0.6004,0.6004,0.6004,1.0,0.0
刘元叔,刘元叔,1,24,1,2,0.08333333333333333,0,0.0,0,0.0,0,0.0,0.0,0.640418,0.640418,0.640418,0.60033596,0.60033596,0.640418,1.0,0.0
广宣,广宣,16,149,2,2,0.013422818791946308,0,0.0,0,0.0,0,0.0,0.0,0.60013604,0.60013604,0.613078,0.60013604,0.60013604,0.613078,1.0,0.0
秦韬玉,秦韬玉,38,304,8,8,0.02631578947368421,0,0.0,0,0.0,0,0.0,0.0,0.60007346,0.590492,0.669674,0.60007346,0.590492,0.669674,1.0,0.0
释彪,释彪,1,8,1,1,0.125,0,0.0,0,0.0,0,0.0,0.0,0.599674,0.599674,0.599674,0.599674,0.599674,0.599674,1.0,0.0
水府君,水府君,1,20,1,2,0.1,0,0.0,0,0.0,0,0.0,0.0,0.636071,0.636071,0.636071,0.599564,0.599564,0.636071,1.0,0.0
萼岭书生,萼岭书生,1,4,1,1,0.25,0,0.0,0,0.0,0,0.0,0.0,0.599412,0.599412,0.599412,0.599412,0.599412,0.599412,1.0,0.0
吴商浩,吴商浩,9,56,1,1,0.017857142857142856,0,0.0,0,0.0,0,0.0,0.0,0.59912,0.59912,0.59912,0.59912,0.59912,0.59912,1.0,0.0
杨续,杨续,1,12,1,1,0.08333333333333333,0,0.0,0,0.0,0,0.0,0.0,0.599069,0.599069,0.599069,0.599069,0.599069,0.599069,1.0,0.0
原陵老翁,原陵老翁,1,49,1,1,0.02040816326530612,0,0.0,0,0.0,0,0.0,0.0,0.598994,0.598994,0.598994,0.598994,0.598994,0.598994,1.0,0.0
怀楚,怀楚,2,16,1,1,0.0625,0,0.0,0,0.0,0,0.0,0.0,0.598988,0.598988,0.598988,0.598988,0.598988,0.598988,1.0,0.0
贾曾,贾曾,6,46,1,2,0.043478260869565216,0,0.0,0,0.0,0,0.0,0.0,0.603101,0.603101,0.603101,0.5987365,0.5987365,0.603101,1.0,0.0
霍总,霍总,7,58,2,2,0.034482758620689655,0,0.0,0,0.0,0,0.0,0.0,0.598696,0.598696,0.613194,0.598696,0.598696,0.613194,1.0,0.0
李康成,李康成,6,57,2,2,0.03508771929824561,0,0.0,0,0.0,0,0.0,0.0,0.5986645,0.5986645,0.623815,0.5986645,0.5986645,0.623815,1.0,0.0
李馀,李馀,3,14,1,1,0.07142857142857142,0,0.0,0,0.0,0,0.0,0.0,0.597642,0.597642,0.597642,0.597642,0.597642,0.597642,1.0,0.0
于季子,于季子,7,44,3,3,0.06818181818181818,0,0.0,0,0.0,0,0.0,0.0,0.5971933,0.576441,0.643154,0.5971933,0.576441,0.643154,1.0,0.0
吴仁璧,吴仁璧,12,56,1,1,0.017857142857142856,0,0.0,0,0.0,0,0.0,0.0,0.597103,0.597103,0.597103,0.597103,0.597103,0.597103,1.0,0.0
崔涤,崔涤,1,4,1,2,0.5,0,0.0,0,0.0,0,0.0,0.0,0.61263,0.61263,0.61263,0.596605,0.596605,0.61263,1.0,0.0
李建枢,李建枢,1,4,1,1,0.25,0,0.0,0,0.0,0,0.0,0.0,0.5966,0.5966,0.5966,0.5966,0.5966,0.5966,1.0,0.0
徐知仁,徐知仁,1,20,1,1,0.05,0,0.0,0,0.0,0,0.0,0.0,0.596407,0.596407,0.596407,0.596407,0.596407,0.596407,1.0,0.0
王初,王初,17,104,2,2,0.019230769230769232,0,0.0,0,0.0,0,0.0,0.0,0.5961535,0.5961535,0.615349,0.5961535,0.5961535,0.615349,1.0,0.0
朱冲和,朱冲和,2,8,1,1,0.125,0,0.0,0,0.0,0,0.0,0.0,0.596073,0.596073,0.596073,0.596073,0.596073,0.596073,1.0,0.0
姚鹄,姚鹄,33,316,2,2,0.006329113924050633,0,0.0,0,0.0,0,0.0,0.0,0.59604096,0.59604096,0.602564,0.59604096,0.59604096,0.602564,1.0,0.0
郎馀令,郎馀令,1,8,1,1,0.125,0,0.0,0,0.0,0,0.0,0.0,0.595404,0.595404,0.595404,0.595404,0.595404,0.595404,1.0,0.0
栖蟾,栖蟾,12,96,1,1,0.010416666666666666,0,0.0,0,0.0,0,0.0,0.0,0.595383,0.595383,0.595383,0.595383,0.595383,0.595383,1.0,0.0
蔡孚,蔡孚,3,34,1,1,0.029411764705882353,0,0.0,0,0.0,0,0.0,0.0,0.594789,0.594789,0.594789,0.594789,0.594789,0.594789,1.0,0.0
殷陶,殷陶,1,8,1,1,0.125,0,0.0,0,0.0,0,0.0,0.0,0.594345,0.594345,0.594345,0.594345,0.594345,0.594345,1.0,0.0
高湘,高湘,2,5,1,1,0.2,0,0.0,0,0.0,0,0.0,0.0,0.593889,0.593889,0.593889,0.593889,0.593889,0.593889,1.0,0.0
赵z,赵z7,1,4,1,1,0.25,0,0.0,0,0.0,0,0.0,0.0,0.593679,0.593679,0.593679,0.593679,0.593679,0.593679,1.0,0.0
李忱,李忱,7,40,2,2,0.05,0,0.0,0,0.0,0,0.0,0.0,0.59349155,0.59349155,0.613807,0.59349155,0.59349155,0.613807,1.0,0.0
刘元淑,刘元淑,1,24,1,1,0.041666666666666664,0,0.0,0,0.0,0,0.0,0.0,0.592734,0.592734,0.592734,0.592734,0.592734,0.592734,1.0,0.0
钟离权,钟离权,2,40,2,2,0.05,0,0.0,0,0.0,0,0.0,0.0,0.5927005,0.5927005,0.599479,0.5927005,0.5927005,0.599479,1.0,0.0
赵璜,赵璜,5,32,1,1,0.03125,0,0.0,0,0.0,0,0.0,0.0,0.592634,0.592634,0.592634,0.592634,0.592634,0.592634,1.0,0.0
赵牧,赵牧,1,18,1,1,0.05555555555555555,0,0.0,0,0.0,0,0.0,0.0,0.592551,0.592551,0.592551,0.592551,0.592551,0.592551,1.0,0.0
袁傪,袁傪,2,18,1,1,0.05555555555555555,0,0.0,0,0.0,0,0.0,0.0,0.592004,0.592004,0.592004,0.592004,0.592004,0.592004,1.0,0.0
黄颇,黄颇,3,28,1,1,0.03571428571428571,0,0.0,0,0.0,0,0.0,0.0,0.591959,0.591959,0.591959,0.591959,0.591959,0.591959,1.0,0.0
姚月华,姚月华,5,56,1,1,0.017857142857142856,0,0.0,0,0.0,0,0.0,0.0,0.591766,0.591766,0.591766,0.591766,0.591766,0.591766,1.0,0.0
鹿虔扆,鹿虔扆,4,49,1,1,0.02040816326530612,0,0.0,0,0.0,0,0.0,0.0,0.591058,0.591058,0.591058,0.591058,0.591058,0.591058,1.0,0.0
唐扶,唐扶,2,46,1,1,0.021739130434782608,0,0.0,0,0.0,0,0.0,0.0,0.590918,0.590918,0.590918,0.590918,0.590918,0.590918,1.0,0.0
贾弇,贾弇,1,4,1,1,0.25,0,0.0,0,0.0,0,0.0,0.0,0.590713,0.590713,0.590713,0.590713,0.590713,0.590713,1.0,0.0
王氏妇,王氏妇,1,28,1,1,0.03571428571428571,0,0.0,0,0.0,0,0.0,0.0,0.590656,0.590656,0.590656,0.590656,0.590656,0.590656,1.0,0.0
陈沆,陈沆,2,10,1,1,0.1,0,0.0,0,0.0,0,0.0,0.0,0.590217,0.590217,0.590217,0.590217,0.590217,0.590217,1.0,0.0
蒋吉,蒋吉,15,60,3,3,0.05,0,0.0,0,0.0,0,0.0,0.0,0.5891543,0.608234,0.640201,0.5891543,0.608234,0.640201,1.0,0.0
李逢吉,李逢吉,9,86,1,1,0.011627906976744186,0,0.0,0,0.0,0,0.0,0.0,0.589148,0.589148,0.589148,0.589148,0.589148,0.589148,1.0,0.0
刘晏,刘晏,3,20,1,1,0.05,0,0.0,0,0.0,0,0.0,0.0,0.589132,0.589132,0.589132,0.589132,0.589132,0.589132,1.0,0.0
张令问,张令问,2,8,2,2,0.25,0,0.0,0,0.0,0,0.0,0.0,0.587687,0.587687,0.587687,0.587687,0.587687,0.587687,1.0,0.0
张省躬,张省躬,1,4,1,1,0.25,0,0.0,0,0.0,0,0.0,0.0,0.587381,0.587381,0.587381,0.587381,0.587381,0.587381,1.0,0.0
陈标,陈标,12,80,1,1,0.0125,0,0.0,0,0.0,0,0.0,0.0,0.587049,0.587049,0.587049,0.587049,0.587049,0.587049,1.0,0.0
袁皓,袁皓,4,56,1,2,0.03571428571428571,0,0.0,0,0.0,0,0.0,0.0,0.609015,0.609015,0.609015,0.58659196,0.58659196,0.609015,1.0,0.0
薛昭纬,薛昭纬,2,11,1,1,0.09090909090909091,0,0.0,0,0.0,0,0.0,0.0,0.586383,0.586383,0.586383,0.586383,0.586383,0.586383,1.0,0.0
卢僎,卢僎,13,184,1,1,0.005434782608695652,0,0.0,0,0.0,0,0.0,0.0,0.585196,0.585196,0.585196,0.585196,0.585196,0.585196,1.0,0.0
曹修古,曹修古,1,4,1,1,0.25,0,0.0,0,0.0,0,0.0,0.0,0.583989,0.583989,0.583989,0.583989,0.583989,0.583989,1.0,0.0
崔泰之,崔泰之,4,92,1,1,0.010869565217391304,0,0.0,0,0.0,0,0.0,0.0,0.583116,0.583116,0.583116,0.583116,0.583116,0.583116,1.0,0.0
窦常,窦常,26,216,4,5,0.023148148148148147,0,0.0,0,0.0,0,0.0,0.0,0.5846273,0.5848135,0.596732,0.5830642,0.577228,0.596732,1.0,0.0
杨发,杨发,13,104,1,1,0.009615384615384616,0,0.0,0,0.0,0,0.0,0.0,0.58163,0.58163,0.58163,0.58163,0.58163,0.58163,1.0,0.0
冥吏,冥吏,1,3,1,1,0.3333333333333333,0,0.0,0,0.0,0,0.0,0.0,0.580954,0.580954,0.580954,0.580954,0.580954,0.580954,1.0,0.0
崔涯,崔涯,9,60,3,3,0.05,0,0.0,0,0.0,0,0.0,0.0,0.58058935,0.569857,0.628713,0.58058935,0.569857,0.628713,1.0,0.0
储嗣宗,储嗣宗,39,268,4,5,0.018656716417910446,0,0.0,0,0.0,0,0.0,0.0,0.59916574,0.5975925,0.629504,0.5804298,0.572011,0.629504,1.0,0.0
谭用之,谭用之,40,328,3,3,0.009146341463414634,0,0.0,0,0.0,0,0.0,0.0,0.5801733,0.60135,0.662151,0.5801733,0.60135,0.662151,1.0,0.0
富春沙际鬼,富春沙际鬼,2,8,1,1,0.125,0,0.0,0,0.0,0,0.0,0.0,0.579838,0.579838,0.579838,0.579838,0.579838,0.579838,1.0,0.0
韦承贻,韦承贻,1,12,1,1,0.08333333333333333,0,0.0,0,0.0,0,0.0,0.0,0.579608,0.579608,0.579608,0.579608,0.579608,0.579608,1.0,0.0
张立,张立,3,10,2,2,0.2,0,0.0,0,0.0,0,0.0,0.0,0.578642,0.578642,0.625226,0.578642,0.578642,0.625226,1.0,0.0
张保胤,张保胤,2,12,1,1,0.08333333333333333,0,0.0,0,0.0,0,0.0,0.0,0.578641,0.578641,0.578641,0.578641,0.578641,0.578641,1.0,0.0
慕幽,慕幽,6,48,1,1,0.020833333333333332,0,0.0,0,0.0,0,0.0,0.0,0.578561,0.578561,0.578561,0.578561,0.578561,0.578561,1.0,0.0
常楚老,常楚老,3,22,1,1,0.045454545454545456,0,0.0,0,0.0,0,0.0,0.0,0.577635,0.577635,0.577635,0.577635,0.577635,0.577635,1.0,0.0
周繇,周繇,22,168,2,2,0.011904761904761904,0,0.0,0,0.0,0,0.0,0.0,0.577242,0.577242,0.601458,0.577242,0.577242,0.601458,1.0,0.0
戴衢,戴衢,2,6,1,1,0.16666666666666666,0,0.0,0,0.0,0,0.0,0.0,0.575814,0.575814,0.575814,0.575814,0.575814,0.575814,1.0,0.0
何赞,何赞,1,8,1,1,0.125,0,0.0,0,0.0,0,0.0,0.0,0.575808,0.575808,0.575808,0.575808,0.575808,0.575808,1.0,0.0
李公佐仆,李公佐仆,2,16,1,1,0.0625,0,0.0,0,0.0,0,0.0,0.0,0.575642,0.575642,0.575642,0.575642,0.575642,0.575642,1.0,0.0
骊山游人,骊山游人,1,4,1,1,0.25,0,0.0,0,0.0,0,0.0,0.0,0.573567,0.573567,0.573567,0.573567,0.573567,0.573567,1.0,0.0
白氏,白氏,1,4,1,1,0.25,0,0.0,0,0.0,0,0.0,0.0,0.573566,0.573566,0.573566,0.573566,0.573566,0.573566,1.0,0.0
萧静,萧静,1,4,1,1,0.25,0,0.0,0,0.0,0,0.0,0.0,0.572993,0.572993,0.572993,0.572993,0.572993,0.572993,1.0,0.0
冷朝阳,冷朝阳,11,88,1,1,0.011363636363636364,0,0.0,0,0.0,0,0.0,0.0,0.572317,0.572317,0.572317,0.572317,0.572317,0.572317,1.0,0.0
太乙真君,太乙真君,1,4,1,1,0.25,0,0.0,0,0.0,0,0.0,0.0,0.571849,0.571849,0.571849,0.571849,0.571849,0.571849,1.0,0.0
滕迈,滕迈,3,18,1,1,0.05555555555555555,0,0.0,0,0.0,0,0.0,0.0,0.571428,0.571428,0.571428,0.571428,0.571428,0.571428,1.0,0.0
李豫,李豫,1,2,1,1,0.5,0,0.0,0,0.0,0,0.0,0.0,0.569839,0.569839,0.569839,0.569839,0.569839,0.569839,1.0,0.0
李播,李播,2,8,1,1,0.125,0,0.0,0,0.0,0,0.0,0.0,0.569306,0.569306,0.569306,0.569306,0.569306,0.569306,1.0,0.0
梁宝,梁宝,1,9,1,1,0.1111111111111111,0,0.0,0,0.0,0,0.0,0.0,0.569176,0.569176,0.569176,0.569176,0.569176,0.569176,1.0,0.0
张生妻,张生妻,1,25,1,1,0.04,0,0.0,0,0.0,0,0.0,0.0,0.56903,0.56903,0.56903,0.56903,0.56903,0.56903,1.0,0.0
梁补阙,梁补阙,1,4,1,1,0.25,0,0.0,0,0.0,0,0.0,0.0,0.568291,0.568291,0.568291,0.568291,0.568291,0.568291,1.0,0.0
顾封人,顾封人,1,12,1,1,0.08333333333333333,0,0.0,0,0.0,0,0.0,0.0,0.567619,0.567619,0.567619,0.567619,0.567619,0.567619,1.0,0.0
裴谞,裴谞,3,36,1,1,0.027777777777777776,0,0.0,0,0.0,0,0.0,0.0,0.566718,0.566718,0.566718,0.566718,0.566718,0.566718,1.0,0.0
张保嗣,张保嗣,1,4,1,1,0.25,0,0.0,0,0.0,0,0.0,0.0,0.565438,0.565438,0.565438,0.565438,0.565438,0.565438,1.0,0.0
成彦雄,成彦雄,20,116,1,1,0.008620689655172414,0,0.0,0,0.0,0,0.0,0.0,0.564617,0.564617,0.564617,0.564617,0.564617,0.564617,1.0,0.0
徐锴,徐锴,5,36,1,1,0.027777777777777776,0,0.0,0,0.0,0,0.0,0.0,0.563078,0.563078,0.563078,0.563078,0.563078,0.563078,1.0,0.0
廖有方,廖有方,1,4,1,1,0.25,0,0.0,0,0.0,0,0.0,0.0,0.562683,0.562683,0.562683,0.562683,0.562683,0.562683,1.0,0.0
元万顷,元万顷,3,20,1,1,0.05,0,0.0,0,0.0,0,0.0,0.0,0.561019,0.561019,0.561019,0.561019,0.561019,0.561019,1.0,0.0
赵彦伯,赵彦伯,4,24,1,1,0.041666666666666664,0,0.0,0,0.0,0,0.0,0.0,0.560864,0.560864,0.560864,0.560864,0.560864,0.560864,1.0,0.0
韦检,韦检,2,8,1,1,0.125,0,0.0,0,0.0,0,0.0,0.0,0.55797,0.55797,0.55797,0.55797,0.55797,0.55797,1.0,0.0
吴人,吴人,1,4,1,1,0.25,0,0.0,0,0.0,0,0.0,0.0,0.556397,0.556397,0.556397,0.556397,0.556397,0.556397,1.0,0.0
李显,李显,7,72,1,1,0.013888888888888888,0,0.0,0,0.0,0,0.0,0.0,0.556388,0.556388,0.556388,0.556388,0.556388,0.556388,1.0,0.0
病狂人,病狂人,1,5,1,1,0.2,0,0.0,0,0.0,0,0.0,0.0,0.55433,0.55433,0.55433,0.55433,0.55433,0.55433,1.0,0.0
上元夫人,上元夫人,3,12,1,1,0.08333333333333333,0,0.0,0,0.0,0,0.0,0.0,0.554093,0.554093,0.554093,0.554093,0.554093,0.554093,1.0,0.0
张萧远,张萧远,4,33,1,1,0.030303030303030304,0,0.0,0,0.0,0,0.0,0.0,0.55396,0.55396,0.55396,0.55396,0.55396,0.55396,1.0,0.0
葛氏女,葛氏女,1,4,1,1,0.25,0,0.0,0,0.0,0,0.0,0.0,0.553271,0.553271,0.553271,0.553271,0.553271,0.553271,1.0,0.0
婺州山中人,婺州山中人,1,4,1,1,0.25,0,0.0,0,0.0,0,0.0,0.0,0.551672,0.551672,0.551672,0.551672,0.551672,0.551672,1.0,0.0
李敬方,李敬方,8,140,1,1,0.007142857142857143,0,0.0,0,0.0,0,0.0,0.0,0.550713,0.550713,0.550713,0.550713,0.550713,0.550713,1.0,0.0
沈廷瑞,沈廷瑞,4,28,1,1,0.03571428571428571,0,0.0,0,0.0,0,0.0,0.0,0.549414,0.549414,0.549414,0.549414,0.549414,0.549414,1.0,0.0
牛殳,牛殳,2,54,1,1,0.018518518518518517,0,0.0,0,0.0,0,0.0,0.0,0.549406,0.549406,0.549406,0.549406,0.549406,0.549406,1.0,0.0
王表,王表,3,24,1,1,0.041666666666666664,0,0.0,0,0.0,0,0.0,0.0,0.547407,0.547407,0.547407,0.547407,0.547407,0.547407,1.0,0.0
闽后陈氏,闽后陈氏,1,6,1,1,0.16666666666666666,0,0.0,0,0.0,0,0.0,0.0,0.545586,0.545586,0.545586,0.545586,0.545586,0.545586,1.0,0.0
王继勋,王继勋,1,8,1,1,0.125,0,0.0,0,0.0,0,0.0,0.0,0.542993,0.542993,0.542993,0.542993,0.542993,0.542993,1.0,0.0
王智兴,王智兴,1,4,1,1,0.25,0,0.0,0,0.0,0,0.0,0.0,0.54198,0.54198,0.54198,0.54198,0.54198,0.54198,1.0,0.0
冯渚,冯渚,1,13,1,1,0.07692307692307693,0,0.0,0,0.0,0,0.0,0.0,0.54179,0.54179,0.54179,0.54179,0.54179,0.54179,1.0,0.0
卢绛,卢绛,1,12,1,1,0.08333333333333333,0,0.0,0,0.0,0,0.0,0.0,0.53858,0.53858,0.53858,0.53858,0.53858,0.53858,1.0,0.0
李搏,李搏,2,12,1,1,0.08333333333333333,0,0.0,0,0.0,0,0.0,0.0,0.535895,0.535895,0.535895,0.535895,0.535895,0.535895,1.0,0.0
赵铎,赵铎,1,16,1,1,0.0625,0,0.0,0,0.0,0,0.0,0.0,0.535564,0.535564,0.535564,0.535564,0.535564,0.535564,1.0,0.0
皇甫曙,皇甫曙,1,8,1,1,0.125,0,0.0,0,0.0,0,0.0,0.0,0.535377,0.535377,0.535377,0.535377,0.535377,0.535377,1.0,0.0
王偃,王偃,4,16,2,3,0.1875,0,0.0,0,0.0,0,0.0,0.0,0.540512,0.540512,0.540512,0.53492904,0.540512,0.540512,1.0,0.0
易思,易思,4,20,1,1,0.05,0,0.0,0,0.0,0,0.0,0.0,0.53255,0.53255,0.53255,0.53255,0.53255,0.53255,1.0,0.0
唐思言,唐思言,1,8,1,1,0.125,0,0.0,0,0.0,0,0.0,0.0,0.529478,0.529478,0.529478,0.529478,0.529478,0.529478,1.0,0.0
王祝,王祝,1,4,1,1,0.25,0,0.0,0,0.0,0,0.0,0.0,0.528641,0.528641,0.528641,0.528641,0.528641,0.528641,1.0,0.0
颜舒,颜舒,1,8,1,1,0.125,0,0.0,0,0.0,0,0.0,0.0,0.527067,0.527067,0.527067,0.527067,0.527067,0.527067,1.0,0.0
陈璠,陈璠,1,4,1,1,0.25,0,0.0,0,0.0,0,0.0,0.0,0.526906,0.526906,0.526906,0.526906,0.526906,0.526906,1.0,0.0
查文徽,查文徽,1,8,1,1,0.125,0,0.0,0,0.0,0,0.0,0.0,0.522436,0.522436,0.522436,0.522436,0.522436,0.522436,1.0,0.0
朱褒,朱褒,1,4,1,1,0.25,0,0.0,0,0.0,0,0.0,0.0,0.522039,0.522039,0.522039,0.522039,0.522039,0.522039,1.0,0.0
丁位,丁位,1,12,0,0,0.0,0,0.0,0,0.0,0,0.0,0.0,0.0,0.0,0.0,0.0,0.0,0.0,,0.0
丁元和,丁元和,1,4,0,0,0.0,0,0.0,0,0.0,0,0.0,0.0,0.0,0.0,0.0,0.0,0.0,0.0,,0.0
丁居晦,丁居晦,1,12,0,0,0.0,0,0.0,0,0.0,0,0.0,0.0,0.0,0.0,0.0,0.0,0.0,0.0,,0.0
七岁女子,七岁女子,1,4,0,0,0.0,0,0.0,0,0.0,0,0.0,0.0,0.0,0.0,0.0,0.0,0.0,0.0,,0.0
万俟造,万俟造,1,12,0,0,0.0,0,0.0,0,0.0,0,0.0,0.0,0.0,0.0,0.0,0.0,0.0,0.0,,0.0
万彤云,万彤云,1,4,0,0,0.0,0,0.0,0,0.0,0,0.0,0.0,0.0,0.0,0.0,0.0,0.0,0.0,,0.0
丘丹,丘丹,13,127,0,0,0.0,0,0.0,0,0.0,0,0.0,0.0,0.0,0.0,0.0,0.0,0.0,0.0,,0.0
丘悦,丘悦,1,8,0,0,0.0,0,0.0,0,0.0,0,0.0,0.0,0.0,0.0,0.0,0.0,0.0,0.0,,0.0
丘说,丘说,1,8,0,0,0.0,0,0.0,0,0.0,0,0.0,0.0,0.0,0.0,0.0,0.0,0.0,0.0,,0.0
东方虬,东方虬,3,28,0,0,0.0,0,0.0,0,0.0,0,0.0,0.0,0.0,0.0,0.0,0.0,0.0,0.0,,0.0
严休复,严休复,1,8,0,0,0.0,0,0.0,0,0.0,0,0.0,0.0,0.0,0.0,0.0,0.0,0.0,0.0,,0.0
严公弼,严公弼,1,4,0,0,0.0,0,0.0,0,0.0,0,0.0,0.0,0.0,0.0,0.0,0.0,0.0,0.0,,0.0
严公贶,严公贶,1,8,0,0,0.0,0,0.0,0,0.0,0,0.0,0.0,0.0,0.0,0.0,0.0,0.0,0.0,,0.0
严含质,严含质,2,10,0,0,0.0,0,0.0,0,0.0,0,0.0,0.0,0.0,0.0,0.0,0.0,0.0,0.0,,0.0
严巨川,严巨川,2,24,0,0,0.0,0,0.0,0,0.0,0,0.0,0.0,0.0,0.0,0.0,0.0,0.0,0.0,,0.0
严恽,严恽,1,4,0,0,0.0,0,0.0,0,0.0,0,0.0,0.0,0.0,0.0,0.0,0.0,0.0,0.0,,0.0
严续姬,严续姬,1,4,0,0,0.0,0,0.0,0,0.0,0,0.0,0.0,0.0,0.0,0.0,0.0,0.0,0.0,,0.0
严郭,严郭,1,8,0,0,0.0,0,0.0,0,0.0,0,0.0,0.0,0.0,0.0,0.0,0.0,0.0,0.0,,0.0
严郾,严郾,2,16,0,0,0.0,0,0.0,0,0.0,0,0.0,0.0,0.0,0.0,0.0,0.0,0.0,0.0,,0.0
严震,严震,1,5,0,0,0.0,0,0.0,0,0.0,0,0.0,0.0,0.0,0.0,0.0,0.0,0.0,0.0,,0.0
中宗朝优人,中宗朝优人,1,4,0,0,0.0,0,0.0,0,0.0,0,0.0,0.0,0.0,0.0,0.0,0.0,0.0,0.0,,0.0
丰干,丰干,1,24,0,0,0.0,0,0.0,0,0.0,0,0.0,0.0,0.0,0.0,0.0,0.0,0.0,0.0,,0.0
乐伸,乐伸,1,12,0,0,0.0,0,0.0,0,0.0,0,0.0,0.0,0.0,0.0,0.0,0.0,0.0,0.0,,0.0
乔侃,乔侃,1,10,0,0,0.0,0,0.0,0,0.0,0,0.0,0.0,0.0,0.0,0.0,0.0,0.0,0.0,,0.0
乔氏,乔氏,1,4,0,0,0.0,0,0.0,0,0.0,0,0.0,0.0,0.0,0.0,0.0,0.0,0.0,0.0,,0.0
乔舜,乔舜,1,8,0,0,0.0,0,0.0,0,0.0,0,0.0,0.0,0.0,0.0,0.0,0.0,0.0,0.0,,0.0
书生,书生,1,4,0,0,0.0,0,0.0,0,0.0,0,0.0,0.0,0.0,0.0,0.0,0.0,0.0,0.0,,0.0
乾康,乾康,3,12,0,0,0.0,0,0.0,0,0.0,0,0.0,0.0,0.0,0.0,0.0,0.0,0.0,0.0,,0.0
于兴宗,于兴宗,2,12,0,0,0.0,0,0.0,0,0.0,0,0.0,0.0,0.0,0.0,0.0,0.0,0.0,0.0,,0.0
于志宁,于志宁,1,8,0,0,0.0,0,0.0,0,0.0,0,0.0,0.0,0.0,0.0,0.0,0.0,0.0,0.0,,0.0
于敖,于敖,1,4,0,0,0.0,0,0.0,0,0.0,0,0.0,0.0,0.0,0.0,0.0,0.0,0.0,0.0,,0.0
于瑰,于瑰,1,16,0,0,0.0,0,0.0,0,0.0,0,0.0,0.0,0.0,0.0,0.0,0.0,0.0,0.0,,0.0
于经野,于经野,1,8,0,0,0.0,0,0.0,0,0.0,0,0.0,0.0,0.0,0.0,0.0,0.0,0.0,0.0,,0.0
于结,于结,1,12,0,0,0.0,0,0.0,0,0.0,0,0.0,0.0,0.0,0.0,0.0,0.0,0.0,0.0,,0.0
于逖,于逖,2,30,0,0,0.0,0,0.0,0,0.0,0,0.0,0.0,0.0,0.0,0.0,0.0,0.0,0.0,,0.0
云台峰女仙,云台峰女仙,5,20,0,0,0.0,0,0.0,0,0.0,0,0.0,0.0,0.0,0.0,0.0,0.0,0.0,0.0,,0.0
云容,云容,1,1,0,0,0.0,0,0.0,0,0.0,0,0.0,0.0,0.0,0.0,0.0,0.0,0.0,0.0,,0.0
云表,云表,1,4,0,0,0.0,0,0.0,0,0.0,0,0.0,0.0,0.0,0.0,0.0,0.0,0.0,0.0,,0.0
亚栖,亚栖,2,8,0,0,0.0,0,0.0,0,0.0,0,0.0,0.0,0.0,0.0,0.0,0.0,0.0,0.0,,0.0
京兆女子,京兆女子,1,4,0,0,0.0,0,0.0,0,0.0,0,0.0,0.0,0.0,0.0,0.0,0.0,0.0,0.0,,0.0
介胄鬼,介胄鬼,1,8,0,0,0.0,0,0.0,0,0.0,0,0.0,0.0,0.0,0.0,0.0,0.0,0.0,0.0,,0.0
令狐峘,令狐峘,2,28,0,0,0.0,0,0.0,0,0.0,0,0.0,0.0,0.0,0.0,0.0,0.0,0.0,0.0,,0.0
令狐德棻,令狐德棻,1,8,0,0,0.0,0,0.0,0,0.0,0,0.0,0.0,0.0,0.0,0.0,0.0,0.0,0.0,,0.0
令狐挺,令狐挺,1,4,0,0,0.0,0,0.0,0,0.0,0,0.0,0.0,0.0,0.0,0.0,0.0,0.0,0.0,,0.0
令狐绹,令狐绹,1,4,0,0,0.0,0,0.0,0,0.0,0,0.0,0.0,0.0,0.0,0.0,0.0,0.0,0.0,,0.0
仲子陵,仲子陵,1,12,0,0,0.0,0,0.0,0,0.0,0,0.0,0.0,0.0,0.0,0.0,0.0,0.0,0.0,,0.0
任希古,任希古,6,98,0,0,0.0,0,0.0,0,0.0,0,0.0,0.0,0.0,0.0,0.0,0.0,0.0,0.0,,0.0
任玠,任玠,1,2,0,0,0.0,0,0.0,0,0.0,0,0.0,0.0,0.0,0.0,0.0,0.0,0.0,0.0,,0.0
任生,任生,2,8,0,0,0.0,0,0.0,0,0.0,0,0.0,0.0,0.0,0.0,0.0,0.0,0.0,0.0,,0.0
任要,任要,1,10,0,0,0.0,0,0.0,0,0.0,0,0.0,0.0,0.0,0.0,0.0,0.0,0.0,0.0,,0.0
伊梦昌,伊梦昌,2,13,0,0,0.0,0,0.0,0,0.0,0,0.0,0.0,0.0,0.0,0.0,0.0,0.0,0.0,,0.0
伊璠,伊璠,1,8,0,0,0.0,0,0.0,0,0.0,0,0.0,0.0,0.0,0.0,0.0,0.0,0.0,0.0,,0.0
伶人,伶人,1,2,0,0,0.0,0,0.0,0,0.0,0,0.0,0.0,0.0,0.0,0.0,0.0,0.0,0.0,,0.0
何仲举,何仲举,2,8,0,0,0.0,0,0.0,0,0.0,0,0.0,0.0,0.0,0.0,0.0,0.0,0.0,0.0,,0.0
何仲宣,何仲宣,1,8,0,0,0.0,0,0.0,0,0.0,0,0.0,0.0,0.0,0.0,0.0,0.0,0.0,0.0,,0.0
何儒亮,何儒亮,1,12,0,0,0.0,0,0.0,0,0.0,0,0.0,0.0,0.0,0.0,0.0,0.0,0.0,0.0,,0.0
何元上,何元上,1,8,0,0,0.0,0,0.0,0,0.0,0,0.0,0.0,0.0,0.0,0.0,0.0,0.0,0.0,,0.0
何光远,何光远,3,16,0,0,0.0,0,0.0,0,0.0,0,0.0,0.0,0.0,0.0,0.0,0.0,0.0,0.0,,0.0
何希尧,何希尧,4,16,0,0,0.0,0,0.0,0,0.0,0,0.0,0.0,0.0,0.0,0.0,0.0,0.0,0.0,,0.0
何扶,何扶,2,12,0,0,0.0,0,0.0,0,0.0,0,0.0,0.0,0.0,0.0,0.0,0.0,0.0,0.0,,0.0
何承裕,何承裕,1,2,0,0,0.0,0,0.0,0,0.0,0,0.0,0.0,0.0,0.0,0.0,0.0,0.0,0.0,,0.0
何昌龄,何昌龄,1,4,0,0,0.0,0,0.0,0,0.0,0,0.0,0.0,0.0,0.0,0.0,0.0,0.0,0.0,,0.0
何象,何象,1,4,0,0,0.0,0,0.0,0,0.0,0,0.0,0.0,0.0,0.0,0.0,0.0,0.0,0.0,,0.0
何频瑜,何频瑜,1,12,0,0,0.0,0,0.0,0,0.0,0,0.0,0.0,0.0,0.0,0.0,0.0,0.0,0.0,,0.0
何鸾,何鸾,2,16,0,0,0.0,0,0.0,0,0.0,0,0.0,0.0,0.0,0.0,0.0,0.0,0.0,0.0,,0.0
余延寿,余延寿,1,16,0,0,0.0,0,0.0,0,0.0,0,0.0,0.0,0.0,0.0,0.0,0.0,0.0,0.0,,0.0
侯冽,侯冽,2,24,0,0,0.0,0,0.0,0,0.0,0,0.0,0.0,0.0,0.0,0.0,0.0,0.0,0.0,,0.0
侯氏,侯氏,1,8,0,0,0.0,0,0.0,0,0.0,0,0.0,0.0,0.0,0.0,0.0,0.0,0.0,0.0,,0.0
侯道华,侯道华,1,12,0,0,0.0,0,0.0,0,0.0,0,0.0,0.0,0.0,0.0,0.0,0.0,0.0,0.0,,0.0
俞简,俞简,1,12,0,0,0.0,0,0.0,0,0.0,0,0.0,0.0,0.0,0.0,0.0,0.0,0.0,0.0,,0.0
僖宗北省官,僖宗北省官,1,4,0,0,0.0,0,0.0,0,0.0,0,0.0,0.0,0.0,0.0,0.0,0.0,0.0,0.0,,0.0
僖宗宫人,僖宗宫人,1,4,0,0,0.0,0,0.0,0,0.0,0,0.0,0.0,0.0,0.0,0.0,0.0,0.0,0.0,,0.0
僧凤,僧凤,1,8,0,0,0.0,0,0.0,0,0.0,0,0.0,0.0,0.0,0.0,0.0,0.0,0.0,0.0,,0.0
僧法轨,僧法轨,1,5,0,0,0.0,0,0.0,0,0.0,0,0.0,0.0,0.0,0.0,0.0,0.0,0.0,0.0,,0.0
元凛,元凛,2,16,0,0,0.0,0,0.0,0,0.0,0,0.0,0.0,0.0,0.0,0.0,0.0,0.0,0.0,,0.0
元友直,元友直,1,12,0,0,0.0,0,0.0,0,0.0,0,0.0,0.0,0.0,0.0,0.0,0.0,0.0,0.0,,0.0
元友让,元友让,1,12,0,0,0.0,0,0.0,0,0.0,0,0.0,0.0,0.0,0.0,0.0,0.0,0.0,0.0,,0.0
元孚,元孚,2,8,0,0,0.0,0,0.0,0,0.0,0,0.0,0.0,0.0,0.0,0.0,0.0,0.0,0.0,,0.0
元季川,元季川,4,44,0,0,0.0,0,0.0,0,0.0,0,0.0,0.0,0.0,0.0,0.0,0.0,0.0,0.0,,0.0
元寂,元寂,1,4,0,0,0.0,0,0.0,0,0.0,0,0.0,0.0,0.0,0.0,0.0,0.0,0.0,0.0,,0.0
元晟,元晟,1,8,0,0,0.0,0,0.0,0,0.0,0,0.0,0.0,0.0,0.0,0.0,0.0,0.0,0.0,,0.0
元晦,元晦,3,52,0,0,0.0,0,0.0,0,0.0,0,0.0,0.0,0.0,0.0,0.0,0.0,0.0,0.0,,0.0
元淳,元淳,3,24,0,0,0.0,0,0.0,0,0.0,0,0.0,0.0,0.0,0.0,0.0,0.0,0.0,0.0,,0.0
元础,元础,1,4,0,0,0.0,0,0.0,0,0.0,0,0.0,0.0,0.0,0.0,0.0,0.0,0.0,0.0,,0.0
元载,元载,1,4,0,0,0.0,0,0.0,0,0.0,0,0.0,0.0,0.0,0.0,0.0,0.0,0.0,0.0,,0.0
先汪,先汪,1,4,0,0,0.0,0,0.0,0,0.0,0,0.0,0.0,0.0,0.0,0.0,0.0,0.0,0.0,,0.0
公孙杲,公孙杲,1,8,0,0,0.0,0,0.0,0,0.0,0,0.0,0.0,0.0,0.0,0.0,0.0,0.0,0.0,,0.0
冢中人,冢中人,1,5,0,0,0.0,0,0.0,0,0.0,0,0.0,0.0,0.0,0.0,0.0,0.0,0.0,0.0,,0.0
冯伉,冯伉,1,8,0,0,0.0,0,0.0,0,0.0,0,0.0,0.0,0.0,0.0,0.0,0.0,0.0,0.0,,0.0
冯宿,冯宿,2,20,0,0,0.0,0,0.0,0,0.0,0,0.0,0.0,0.0,0.0,0.0,0.0,0.0,0.0,,0.0
冯晖,冯晖,1,2,0,0,0.0,0,0.0,0,0.0,0,0.0,0.0,0.0,0.0,0.0,0.0,0.0,0.0,,0.0
冯道之,冯道之,1,12,0,0,0.0,0,0.0,0,0.0,0,0.0,0.0,0.0,0.0,0.0,0.0,0.0,0.0,,0.0
冯道幕客,冯道幕客,1,4,0,0,0.0,0,0.0,0,0.0,0,0.0,0.0,0.0,0.0,0.0,0.0,0.0,0.0,,0.0
冷朝光,冷朝光,1,4,0,0,0.0,0,0.0,0,0.0,0,0.0,0.0,0.0,0.0,0.0,0.0,0.0,0.0,,0.0
净显,净显,1,7,0,0,0.0,0,0.0,0,0.0,0,0.0,0.0,0.0,0.0,0.0,0.0,0.0,0.0,,0.0
刘义度,刘义度,1,4,0,0,0.0,0,0.0,0,0.0,0,0.0,0.0,0.0,0.0,0.0,0.0,0.0,0.0,,0.0
刘乙,刘乙,4,26,0,0,0.0,0,0.0,0,0.0,0,0.0,0.0,0.0,0.0,0.0,0.0,0.0,0.0,,0.0
刘侍读,刘侍读,1,8,0,0,0.0,0,0.0,0,0.0,0,0.0,0.0,0.0,0.0,0.0,0.0,0.0,0.0,,0.0
刘元济,刘元济,1,8,0,0,0.0,0,0.0,0,0.0,0,0.0,0.0,0.0,0.0,0.0,0.0,0.0,0.0,,0.0
刘元载妻,刘元载妻,1,4,0,0,0.0,0,0.0,0,0.0,0,0.0,0.0,0.0,0.0,0.0,0.0,0.0,0.0,,0.0
刘公兴,刘公兴,1,12,0,0,0.0,0,0.0,0,0.0,0,0.0,0.0,0.0,0.0,0.0,0.0,0.0,0.0,,0.0
刘升,刘升,1,12,0,0,0.0,0,0.0,0,0.0,0,0.0,0.0,0.0,0.0,0.0,0.0,0.0,0.0,,0.0
刘坦,刘坦,1,4,0,0,0.0,0,0.0,0,0.0,0,0.0,0.0,0.0,0.0,0.0,0.0,0.0,0.0,,0.0
刘太冲,刘太冲,1,8,0,0,0.0,0,0.0,0,0.0,0,0.0,0.0,0.0,0.0,0.0,0.0,0.0,0.0,,0.0
刘夷道,刘夷道,1,4,0,0,0.0,0,0.0,0,0.0,0,0.0,0.0,0.0,0.0,0.0,0.0,0.0,0.0,,0.0
刘媛,刘媛,3,16,0,0,0.0,0,0.0,0,0.0,0,0.0,0.0,0.0,0.0,0.0,0.0,0.0,0.0,,0.0
刘宪,刘宪,27,220,0,0,0.0,0,0.0,0,0.0,0,0.0,0.0,0.0,0.0,0.0,0.0,0.0,0.0,,0.0
刘山甫,刘山甫,1,4,0,0,0.0,0,0.0,0,0.0,0,0.0,0.0,0.0,0.0,0.0,0.0,0.0,0.0,,0.0
刘崇鲁,刘崇鲁,1,4,0,0,0.0,0,0.0,0,0.0,0,0.0,0.0,0.0,0.0,0.0,0.0,0.0,0.0,,0.0
刘崇龟,刘崇龟,1,4,0,0,0.0,0,0.0,0,0.0,0,0.0,0.0,0.0,0.0,0.0,0.0,0.0,0.0,,0.0
刘幽求,刘幽求,1,4,0,0,0.0,0,0.0,0,0.0,0,0.0,0.0,0.0,0.0,0.0,0.0,0.0,0.0,,0.0
刘庄物,刘庄物,1,12,0,0,0.0,0,0.0,0,0.0,0,0.0,0.0,0.0,0.0,0.0,0.0,0.0,0.0,,0.0
刘廓,刘廓,1,8,0,0,0.0,0,0.0,0,0.0,0,0.0,0.0,0.0,0.0,0.0,0.0,0.0,0.0,,0.0
刘怀一,刘怀一,1,12,0,0,0.0,0,0.0,0,0.0,0,0.0,0.0,0.0,0.0,0.0,0.0,0.0,0.0,,0.0
刘损,刘损,1,24,0,0,0.0,0,0.0,0,0.0,0,0.0,0.0,0.0,0.0,0.0,0.0,0.0,0.0,,0.0
刘晃,刘晃,2,16,0,0,0.0,0,0.0,0,0.0,0,0.0,0.0,0.0,0.0,0.0,0.0,0.0,0.0,,0.0
刘暌,刘暌,1,8,0,0,0.0,0,0.0,0,0.0,0,0.0,0.0,0.0,0.0,0.0,0.0,0.0,0.0,,0.0
刘望,刘望,1,8,0,0,0.0,0,0.0,0,0.0,0,0.0,0.0,0.0,0.0,0.0,0.0,0.0,0.0,,0.0
刘氏亡妇,刘氏亡妇,1,8,0,0,0.0,0,0.0,0,0.0,0,0.0,0.0,0.0,0.0,0.0,0.0,0.0,0.0,,0.0
刘氏妇,刘氏妇,1,8,0,0,0.0,0,0.0,0,0.0,0,0.0,0.0,0.0,0.0,0.0,0.0,0.0,0.0,,0.0
刘氏媛,刘氏媛,1,8,0,0,0.0,0,0.0,0,0.0,0,0.0,0.0,0.0,0.0,0.0,0.0,0.0,0.0,,0.0
刘氏瑶,刘氏瑶,1,10,0,0,0.0,0,0.0,0,0.0,0,0.0,0.0,0.0,0.0,0.0,0.0,0.0,0.0,,0.0
刘洎,刘洎,1,12,0,0,0.0,0,0.0,0,0.0,0,0.0,0.0,0.0,0.0,0.0,0.0,0.0,0.0,,0.0
刘洞,刘洞,2,10,0,0,0.0,0,0.0,0,0.0,0,0.0,0.0,0.0,0.0,0.0,0.0,0.0,0.0,,0.0
刘济,刘济,1,16,0,0,0.0,0,0.0,0,0.0,0,0.0,0.0,0.0,0.0,0.0,0.0,0.0,0.0,,0.0
刘淑柔,刘淑柔,1,8,0,0,0.0,0,0.0,0,0.0,0,0.0,0.0,0.0,0.0,0.0,0.0,0.0,0.0,,0.0
刘炎,刘炎,1,2,0,0,0.0,0,0.0,0,0.0,0,0.0,0.0,0.0,0.0,0.0,0.0,0.0,0.0,,0.0
刘猛,刘猛,3,22,0,0,0.0,0,0.0,0,0.0,0,0.0,0.0,0.0,0.0,0.0,0.0,0.0,0.0,,0.0
刘瑶,刘瑶,3,20,0,0,0.0,0,0.0,0,0.0,0,0.0,0.0,0.0,0.0,0.0,0.0,0.0,0.0,,0.0
刘璐,刘璐,1,8,0,0,0.0,0,0.0,0,0.0,0,0.0,0.0,0.0,0.0,0.0,0.0,0.0,0.0,,0.0
刘畋,刘畋,2,11,0,0,0.0,0,0.0,0,0.0,0,0.0,0.0,0.0,0.0,0.0,0.0,0.0,0.0,,0.0
刘皋,刘皋,1,8,0,0,0.0,0,0.0,0,0.0,0,0.0,0.0,0.0,0.0,0.0,0.0,0.0,0.0,,0.0
刘真,刘真,1,12,0,0,0.0,0,0.0,0,0.0,0,0.0,0.0,0.0,0.0,0.0,0.0,0.0,0.0,,0.0
刘祎之,刘祎之,5,56,0,0,0.0,0,0.0,0,0.0,0,0.0,0.0,0.0,0.0,0.0,0.0,0.0,0.0,,0.0
刘章,刘章,1,8,0,0,0.0,0,0.0,0,0.0,0,0.0,0.0,0.0,0.0,0.0,0.0,0.0,0.0,,0.0
刘羲叟,刘羲叟,1,4,0,0,0.0,0,0.0,0,0.0,0,0.0,0.0,0.0,0.0,0.0,0.0,0.0,0.0,,0.0
刘耕,刘耕,1,8,0,0,0.0,0,0.0,0,0.0,0,0.0,0.0,0.0,0.0,0.0,0.0,0.0,0.0,,0.0
刘舟,刘舟,1,8,0,0,0.0,0,0.0,0,0.0,0,0.0,0.0,0.0,0.0,0.0,0.0,0.0,0.0,,0.0
刘谷,刘谷,1,4,0,0,0.0,0,0.0,0,0.0,0,0.0,0.0,0.0,0.0,0.0,0.0,0.0,0.0,,0.0
刘象,刘象,7,56,0,0,0.0,0,0.0,0,0.0,0,0.0,0.0,0.0,0.0,0.0,0.0,0.0,0.0,,0.0
刘赞,刘赞,2,12,0,0,0.0,0,0.0,0,0.0,0,0.0,0.0,0.0,0.0,0.0,0.0,0.0,0.0,,0.0
刘轲,刘轲,1,12,0,0,0.0,0,0.0,0,0.0,0,0.0,0.0,0.0,0.0,0.0,0.0,0.0,0.0,,0.0
刘辟,刘辟,1,24,0,0,0.0,0,0.0,0,0.0,0,0.0,0.0,0.0,0.0,0.0,0.0,0.0,0.0,,0.0
刘迥,刘迥,1,24,0,0,0.0,0,0.0,0,0.0,0,0.0,0.0,0.0,0.0,0.0,0.0,0.0,0.0,,0.0
刘道昌,刘道昌,2,8,0,0,0.0,0,0.0,0,0.0,0,0.0,0.0,0.0,0.0,0.0,0.0,0.0,0.0,,0.0
刘邺,刘邺,2,12,0,0,0.0,0,0.0,0,0.0,0,0.0,0.0,0.0,0.0,0.0,0.0,0.0,0.0,,0.0
刘郇伯,刘郇伯,2,9,0,0,0.0,0,0.0,0,0.0,0,0.0,0.0,0.0,0.0,0.0,0.0,0.0,0.0,,0.0
刘采春,刘采春,1,24,0,0,0.0,0,0.0,0,0.0,0,0.0,0.0,0.0,0.0,0.0,0.0,0.0,0.0,,0.0
刘阜,刘阜,1,4,0,0,0.0,0,0.0,0,0.0,0,0.0,0.0,0.0,0.0,0.0,0.0,0.0,0.0,,0.0
刘鲁风,刘鲁风,1,4,0,0,0.0,0,0.0,0,0.0,0,0.0,0.0,0.0,0.0,0.0,0.0,0.0,0.0,,0.0
利涉,利涉,1,4,0,0,0.0,0,0.0,0,0.0,0,0.0,0.0,0.0,0.0,0.0,0.0,0.0,0.0,,0.0
包贺,包贺,1,6,0,0,0.0,0,0.0,0,0.0,0,0.0,0.0,0.0,0.0,0.0,0.0,0.0,0.0,,0.0
包颖,包颖,1,8,0,0,0.0,0,0.0,0,0.0,0,0.0,0.0,0.0,0.0,0.0,0.0,0.0,0.0,,0.0
卓英英,卓英英,4,16,0,0,0.0,0,0.0,0,0.0,0,0.0,0.0,0.0,0.0,0.0,0.0,0.0,0.0,,0.0
南卓,南卓,1,4,0,0,0.0,0,0.0,0,0.0,0,0.0,0.0,0.0,0.0,0.0,0.0,0.0,0.0,,0.0
南唐失名僧,南唐失名僧,1,4,0,0,0.0,0,0.0,0,0.0,0,0.0,0.0,0.0,0.0,0.0,0.0,0.0,0.0,,0.0
南巨川,南巨川,1,12,0,0,0.0,0,0.0,0,0.0,0,0.0,0.0,0.0,0.0,0.0,0.0,0.0,0.0,,0.0
南溟夫人,南溟夫人,1,4,0,0,0.0,0,0.0,0,0.0,0,0.0,0.0,0.0,0.0,0.0,0.0,0.0,0.0,,0.0
南诏骠信,南诏骠信,1,12,0,0,0.0,0,0.0,0,0.0,0,0.0,0.0,0.0,0.0,0.0,0.0,0.0,0.0,,0.0
卢储,卢储,2,8,0,0,0.0,0,0.0,0,0.0,0,0.0,0.0,0.0,0.0,0.0,0.0,0.0,0.0,,0.0
卢嗣业,卢嗣业,1,8,0,0,0.0,0,0.0,0,0.0,0,0.0,0.0,0.0,0.0,0.0,0.0,0.0,0.0,,0.0
卢嗣立,卢嗣立,1,8,0,0,0.0,0,0.0,0,0.0,0,0.0,0.0,0.0,0.0,0.0,0.0,0.0,0.0,,0.0
卢士政,卢士政,1,8,0,0,0.0,0,0.0,0,0.0,0,0.0,0.0,0.0,0.0,0.0,0.0,0.0,0.0,,0.0
卢子发,卢子发,1,4,0,0,0.0,0,0.0,0,0.0,0,0.0,0.0,0.0,0.0,0.0,0.0,0.0,0.0,,0.0
卢宗回,卢宗回,1,8,0,0,0.0,0,0.0,0,0.0,0,0.0,0.0,0.0,0.0,0.0,0.0,0.0,0.0,,0.0
卢尚书,卢尚书,2,12,0,0,0.0,0,0.0,0,0.0,0,0.0,0.0,0.0,0.0,0.0,0.0,0.0,0.0,,0.0
卢尚卿,卢尚卿,1,8,0,0,0.0,0,0.0,0,0.0,0,0.0,0.0,0.0,0.0,0.0,0.0,0.0,0.0,,0.0
卢崇道,卢崇道,1,12,0,0,0.0,0,0.0,0,0.0,0,0.0,0.0,0.0,0.0,0.0,0.0,0.0,0.0,,0.0
卢弼,卢弼,1,8,0,0,0.0,0,0.0,0,0.0,0,0.0,0.0,0.0,0.0,0.0,0.0,0.0,0.0,,0.0
卢征,卢征,1,12,0,0,0.0,0,0.0,0,0.0,0,0.0,0.0,0.0,0.0,0.0,0.0,0.0,0.0,,0.0
卢怀慎,卢怀慎,3,24,0,0,0.0,0,0.0,0,0.0,0,0.0,0.0,0.0,0.0,0.0,0.0,0.0,0.0,,0.0
卢拱,卢拱,3,22,0,0,0.0,0,0.0,0,0.0,0,0.0,0.0,0.0,0.0,0.0,0.0,0.0,0.0,,0.0
卢景亮,卢景亮,1,12,0,0,0.0,0,0.0,0,0.0,0,0.0,0.0,0.0,0.0,0.0,0.0,0.0,0.0,,0.0
卢栯,卢栯,1,8,0,0,0.0,0,0.0,0,0.0,0,0.0,0.0,0.0,0.0,0.0,0.0,0.0,0.0,,0.0
卢殷,卢殷,13,72,0,0,0.0,0,0.0,0,0.0,0,0.0,0.0,0.0,0.0,0.0,0.0,0.0,0.0,,0.0
卢求,卢求,1,8,0,0,0.0,0,0.0,0,0.0,0,0.0,0.0,0.0,0.0,0.0,0.0,0.0,0.0,,0.0
卢渥,卢渥,2,20,0,0,0.0,0,0.0,0,0.0,0,0.0,0.0,0.0,0.0,0.0,0.0,0.0,0.0,,0.0
卢溵,卢溵,2,12,0,0,0.0,0,0.0,0,0.0,0,0.0,0.0,0.0,0.0,0.0,0.0,0.0,0.0,,0.0
卢献卿,卢献卿,1,4,0,0,0.0,0,0.0,0,0.0,0,0.0,0.0,0.0,0.0,0.0,0.0,0.0,0.0,,0.0
卢真,卢真,1,12,0,0,0.0,0,0.0,0,0.0,0,0.0,0.0,0.0,0.0,0.0,0.0,0.0,0.0,,0.0
卢群玉,卢群玉,2,8,0,0,0.0,0,0.0,0,0.0,0,0.0,0.0,0.0,0.0,0.0,0.0,0.0,0.0,,0.0
卢贞,卢贞,3,16,0,0,0.0,0,0.0,0,0.0,0,0.0,0.0,0.0,0.0,0.0,0.0,0.0,0.0,,0.0
卢邺,卢邺,1,4,0,0,0.0,0,0.0,0,0.0,0,0.0,0.0,0.0,0.0,0.0,0.0,0.0,0.0,,0.0
卢鉟,卢鉟,1,8,0,0,0.0,0,0.0,0,0.0,0,0.0,0.0,0.0,0.0,0.0,0.0,0.0,0.0,,0.0
卢钧,卢钧,1,12,0,0,0.0,0,0.0,0,0.0,0,0.0,0.0,0.0,0.0,0.0,0.0,0.0,0.0,,0.0
卢顺之,卢顺之,1,8,0,0,0.0,0,0.0,0,0.0,0,0.0,0.0,0.0,0.0,0.0,0.0,0.0,0.0,,0.0
卢频,卢频,3,16,0,0,0.0,0,0.0,0,0.0,0,0.0,0.0,0.0,0.0,0.0,0.0,0.0,0.0,,0.0
卢骈,卢骈,1,4,0,0,0.0,0,0.0,0,0.0,0,0.0,0.0,0.0,0.0,0.0,0.0,0.0,0.0,,0.0
卫叶,卫叶,1,8,0,0,0.0,0,0.0,0,0.0,0,0.0,0.0,0.0,0.0,0.0,0.0,0.0,0.0,,0.0
卫象,卫象,2,12,0,0,0.0,0,0.0,0,0.0,0,0.0,0.0,0.0,0.0,0.0,0.0,0.0,0.0,,0.0
厍狄履温,厍狄履温,1,20,0,0,0.0,0,0.0,0,0.0,0,0.0,0.0,0.0,0.0,0.0,0.0,0.0,0.0,,0.0
古之奇,古之奇,1,12,0,0,0.0,0,0.0,0,0.0,0,0.0,0.0,0.0,0.0,0.0,0.0,0.0,0.0,,0.0
可隆,可隆,1,2,0,0,0.0,0,0.0,0,0.0,0,0.0,0.0,0.0,0.0,0.0,0.0,0.0,0.0,,0.0
史凤,史凤,7,28,0,0,0.0,0,0.0,0,0.0,0,0.0,0.0,0.0,0.0,0.0,0.0,0.0,0.0,,0.0
史延,史延,1,12,0,0,0.0,0,0.0,0,0.0,0,0.0,0.0,0.0,0.0,0.0,0.0,0.0,0.0,,0.0
史思明,史思明,1,3,0,0,0.0,0,0.0,0,0.0,0,0.0,0.0,0.0,0.0,0.0,0.0,0.0,0.0,,0.0
史青,史青,1,8,0,0,0.0,0,0.0,0,0.0,0,0.0,0.0,0.0,0.0,0.0,0.0,0.0,0.0,,0.0
叶元良,叶元良,1,12,0,0,0.0,0,0.0,0,0.0,0,0.0,0.0,0.0,0.0,0.0,0.0,0.0,0.0,,0.0
叶季良,叶季良,3,36,0,0,0.0,0,0.0,0,0.0,0,0.0,0.0,0.0,0.0,0.0,0.0,0.0,0.0,,0.0
司马承祯,司马承祯,1,8,0,0,0.0,0,0.0,0,0.0,0,0.0,0.0,0.0,0.0,0.0,0.0,0.0,0.0,,0.0
司马退之,司马退之,1,18,0,0,0.0,0,0.0,0,0.0,0,0.0,0.0,0.0,0.0,0.0,0.0,0.0,0.0,,0.0
司马逸客,司马逸客,1,50,0,0,0.0,0,0.0,0,0.0,0,0.0,0.0,0.0,0.0,0.0,0.0,0.0,0.0,,0.0
司马都,司马都,2,16,0,0,0.0,0,0.0,0,0.0,0,0.0,0.0,0.0,0.0,0.0,0.0,0.0,0.0,,0.0
吉中孚,吉中孚,1,12,0,0,0.0,0,0.0,0,0.0,0,0.0,0.0,0.0,0.0,0.0,0.0,0.0,0.0,,0.0
吉皎,吉皎,1,12,0,0,0.0,0,0.0,0,0.0,0,0.0,0.0,0.0,0.0,0.0,0.0,0.0,0.0,,0.0
同谷子,同谷子,1,20,0,0,0.0,0,0.0,0,0.0,0,0.0,0.0,0.0,0.0,0.0,0.0,0.0,0.0,,0.0
吏部选人,吏部选人,1,4,0,0,0.0,0,0.0,0,0.0,0,0.0,0.0,0.0,0.0,0.0,0.0,0.0,0.0,,0.0
吕价,吕价,1,12,0,0,0.0,0,0.0,0,0.0,0,0.0,0.0,0.0,0.0,0.0,0.0,0.0,0.0,,0.0
吕太一,吕太一,1,4,0,0,0.0,0,0.0,0,0.0,0,0.0,0.0,0.0,0.0,0.0,0.0,0.0,0.0,,0.0
吕敞,吕敞,2,24,0,0,0.0,0,0.0,0,0.0,0,0.0,0.0,0.0,0.0,0.0,0.0,0.0,0.0,,0.0
吕渭,吕渭,5,37,0,0,0.0,0,0.0,0,0.0,0,0.0,0.0,0.0,0.0,0.0,0.0,0.0,0.0,,0.0
吕炅,吕炅,1,12,0,0,0.0,0,0.0,0,0.0,0,0.0,0.0,0.0,0.0,0.0,0.0,0.0,0.0,,0.0
吕牧,吕牧,1,12,0,0,0.0,0,0.0,0,0.0,0,0.0,0.0,0.0,0.0,0.0,0.0,0.0,0.0,,0.0
吕群,吕群,1,8,0,0,0.0,0,0.0,0,0.0,0,0.0,0.0,0.0,0.0,0.0,0.0,0.0,0.0,,0.0
含曦,含曦,1,8,0,0,0.0,0,0.0,0,0.0,0,0.0,0.0,0.0,0.0,0.0,0.0,0.0,0.0,,0.0
吴丹,吴丹,1,12,0,0,0.0,0,0.0,0,0.0,0,0.0,0.0,0.0,0.0,0.0,0.0,0.0,0.0,,0.0
吴兢,吴兢,1,16,0,0,0.0,0,0.0,0,0.0,0,0.0,0.0,0.0,0.0,0.0,0.0,0.0,0.0,,0.0
吴公,吴公,1,4,0,0,0.0,0,0.0,0,0.0,0,0.0,0.0,0.0,0.0,0.0,0.0,0.0,0.0,,0.0
吴兴神女,吴兴神女,1,4,0,0,0.0,0,0.0,0,0.0,0,0.0,0.0,0.0,0.0,0.0,0.0,0.0,0.0,,0.0
吴叔达,吴叔达,1,12,0,0,0.0,0,0.0,0,0.0,0,0.0,0.0,0.0,0.0,0.0,0.0,0.0,0.0,,0.0
吴圆,吴圆,1,4,0,0,0.0,0,0.0,0,0.0,0,0.0,0.0,0.0,0.0,0.0,0.0,0.0,0.0,,0.0
吴士矩,吴士矩,1,4,0,0,0.0,0,0.0,0,0.0,0,0.0,0.0,0.0,0.0,0.0,0.0,0.0,0.0,,0.0
吴大江,吴大江,1,8,0,0,0.0,0,0.0,0,0.0,0,0.0,0.0,0.0,0.0,0.0,0.0,0.0,0.0,,0.0
吴子来,吴子来,1,12,0,0,0.0,0,0.0,0,0.0,0,0.0,0.0,0.0,0.0,0.0,0.0,0.0,0.0,,0.0
吴巩,吴巩,1,8,0,0,0.0,0,0.0,0,0.0,0,0.0,0.0,0.0,0.0,0.0,0.0,0.0,0.0,,0.0
吴彩鸾,吴彩鸾,1,4,0,0,0.0,0,0.0,0,0.0,0,0.0,0.0,0.0,0.0,0.0,0.0,0.0,0.0,,0.0
吴晃,吴晃,1,12,0,0,0.0,0,0.0,0,0.0,0,0.0,0.0,0.0,0.0,0.0,0.0,0.0,0.0,,0.0
吴涵虚,吴涵虚,1,8,0,0,0.0,0,0.0,0,0.0,0,0.0,0.0,0.0,0.0,0.0,0.0,0.0,0.0,,0.0
吴烛,吴烛,2,8,0,0,0.0,0,0.0,0,0.0,0,0.0,0.0,0.0,0.0,0.0,0.0,0.0,0.0,,0.0
吴秘,吴秘,1,12,0,0,0.0,0,0.0,0,0.0,0,0.0,0.0,0.0,0.0,0.0,0.0,0.0,0.0,,0.0
吴象之,吴象之,2,12,0,0,0.0,0,0.0,0,0.0,0,0.0,0.0,0.0,0.0,0.0,0.0,0.0,0.0,,0.0
吴黔,吴黔,1,8,0,0,0.0,0,0.0,0,0.0,0,0.0,0.0,0.0,0.0,0.0,0.0,0.0,0.0,,0.0
员半千,员半千,4,44,0,0,0.0,0,0.0,0,0.0,0,0.0,0.0,0.0,0.0,0.0,0.0,0.0,0.0,,0.0
员南溟,员南溟,2,24,0,0,0.0,0,0.0,0,0.0,0,0.0,0.0,0.0,0.0,0.0,0.0,0.0,0.0,,0.0
周万,周万,1,8,0,0,0.0,0,0.0,0,0.0,0,0.0,0.0,0.0,0.0,0.0,0.0,0.0,0.0,,0.0
周仲美,周仲美,1,14,0,0,0.0,0,0.0,0,0.0,0,0.0,0.0,0.0,0.0,0.0,0.0,0.0,0.0,,0.0
周元范,周元范,2,12,0,0,0.0,0,0.0,0,0.0,0,0.0,0.0,0.0,0.0,0.0,0.0,0.0,0.0,,0.0
周利用,周利用,1,8,0,0,0.0,0,0.0,0,0.0,0,0.0,0.0,0.0,0.0,0.0,0.0,0.0,0.0,,0.0
周墀,周墀,2,16,0,0,0.0,0,0.0,0,0.0,0,0.0,0.0,0.0,0.0,0.0,0.0,0.0,0.0,,0.0
周岳秀,周岳秀,1,8,0,0,0.0,0,0.0,0,0.0,0,0.0,0.0,0.0,0.0,0.0,0.0,0.0,0.0,,0.0
周庠,周庠,1,8,0,0,0.0,0,0.0,0,0.0,0,0.0,0.0,0.0,0.0,0.0,0.0,0.0,0.0,,0.0
周彦昭,周彦昭,1,8,0,0,0.0,0,0.0,0,0.0,0,0.0,0.0,0.0,0.0,0.0,0.0,0.0,0.0,,0.0
周彦晖,周彦晖,2,16,0,0,0.0,0,0.0,0,0.0,0,0.0,0.0,0.0,0.0,0.0,0.0,0.0,0.0,,0.0
周彻,周彻,1,12,0,0,0.0,0,0.0,0,0.0,0,0.0,0.0,0.0,0.0,0.0,0.0,0.0,0.0,,0.0
周思钧,周思钧,2,16,0,0,0.0,0,0.0,0,0.0,0,0.0,0.0,0.0,0.0,0.0,0.0,0.0,0.0,,0.0
周渭,周渭,2,20,0,0,0.0,0,0.0,0,0.0,0,0.0,0.0,0.0,0.0,0.0,0.0,0.0,0.0,,0.0
周濆,周濆,4,16,0,0,0.0,0,0.0,0,0.0,0,0.0,0.0,0.0,0.0,0.0,0.0,0.0,0.0,,0.0
周瑀,周瑀,3,20,0,0,0.0,0,0.0,0,0.0,0,0.0,0.0,0.0,0.0,0.0,0.0,0.0,0.0,,0.0
周祚,周祚,1,4,0,0,0.0,0,0.0,0,0.0,0,0.0,0.0,0.0,0.0,0.0,0.0,0.0,0.0,,0.0
周镛,周镛,1,8,0,0,0.0,0,0.0,0,0.0,0,0.0,0.0,0.0,0.0,0.0,0.0,0.0,0.0,,0.0
周颛,周颛,1,4,0,0,0.0,0,0.0,0,0.0,0,0.0,0.0,0.0,0.0,0.0,0.0,0.0,0.0,,0.0
唐末僧,唐末僧,1,4,0,0,0.0,0,0.0,0,0.0,0,0.0,0.0,0.0,0.0,0.0,0.0,0.0,0.0,,0.0
唐末朝士,唐末朝士,1,4,0,0,0.0,0,0.0,0,0.0,0,0.0,0.0,0.0,0.0,0.0,0.0,0.0,0.0,,0.0
唐远悊,唐远悊,1,8,0,0,0.0,0,0.0,0,0.0,0,0.0,0.0,0.0,0.0,0.0,0.0,0.0,0.0,,0.0
商则,商则,1,2,0,0,0.0,0,0.0,0,0.0,0,0.0,0.0,0.0,0.0,0.0,0.0,0.0,0.0,,0.0
商山三丈夫,商山三丈夫,1,5,0,0,0.0,0,0.0,0,0.0,0,0.0,0.0,0.0,0.0,0.0,0.0,0.0,0.0,,0.0
商山客死生,商山客死生,1,12,0,0,0.0,0,0.0,0,0.0,0,0.0,0.0,0.0,0.0,0.0,0.0,0.0,0.0,,0.0
善生,善生,4,32,0,0,0.0,0,0.0,0,0.0,0,0.0,0.0,0.0,0.0,0.0,0.0,0.0,0.0,,0.0
国邵南,国邵南,1,4,0,0,0.0,0,0.0,0,0.0,0,0.0,0.0,0.0,0.0,0.0,0.0,0.0,0.0,,0.0
处默,处默,9,58,0,0,0.0,0,0.0,0,0.0,0,0.0,0.0,0.0,0.0,0.0,0.0,0.0,0.0,,0.0
夏侯子云,夏侯子云,1,4,0,0,0.0,0,0.0,0,0.0,0,0.0,0.0,0.0,0.0,0.0,0.0,0.0,0.0,,0.0
夏侯孜,夏侯孜,2,16,0,0,0.0,0,0.0,0,0.0,0,0.0,0.0,0.0,0.0,0.0,0.0,0.0,0.0,,0.0
夏侯审,夏侯审,1,4,0,0,0.0,0,0.0,0,0.0,0,0.0,0.0,0.0,0.0,0.0,0.0,0.0,0.0,,0.0
夏侯楚,夏侯楚,1,12,0,0,0.0,0,0.0,0,0.0,0,0.0,0.0,0.0,0.0,0.0,0.0,0.0,0.0,,0.0
夏鸿,夏鸿,1,8,0,0,0.0,0,0.0,0,0.0,0,0.0,0.0,0.0,0.0,0.0,0.0,0.0,0.0,,0.0
大愚,大愚,1,8,0,0,0.0,0,0.0,0,0.0,0,0.0,0.0,0.0,0.0,0.0,0.0,0.0,0.0,,0.0
大易,大易,2,16,0,0,0.0,0,0.0,0,0.0,0,0.0,0.0,0.0,0.0,0.0,0.0,0.0,0.0,,0.0
天宝宫人,天宝宫人,2,8,0,0,0.0,0,0.0,0,0.0,0,0.0,0.0,0.0,0.0,0.0,0.0,0.0,0.0,,0.0
天宝时人,天宝时人,1,4,0,0,0.0,0,0.0,0,0.0,0,0.0,0.0,0.0,0.0,0.0,0.0,0.0,0.0,,0.0
太上隐者,太上隐者,1,4,0,0,0.0,0,0.0,0,0.0,0,0.0,0.0,0.0,0.0,0.0,0.0,0.0,0.0,,0.0
太原妓,太原妓,1,4,0,0,0.0,0,0.0,0,0.0,0,0.0,0.0,0.0,0.0,0.0,0.0,0.0,0.0,,0.0
太守,太守,1,4,0,0,0.0,0,0.0,0,0.0,0,0.0,0.0,0.0,0.0,0.0,0.0,0.0,0.0,,0.0
太白山神,太白山神,1,4,0,0,0.0,0,0.0,0,0.0,0,0.0,0.0,0.0,0.0,0.0,0.0,0.0,0.0,,0.0
奚贾,奚贾,4,35,0,0,0.0,0,0.0,0,0.0,0,0.0,0.0,0.0,0.0,0.0,0.0,0.0,0.0,,0.0
妙女,妙女,1,2,0,0,0.0,0,0.0,0,0.0,0,0.0,0.0,0.0,0.0,0.0,0.0,0.0,0.0,,0.0
姚伦,姚伦,2,16,0,0,0.0,0,0.0,0,0.0,0,0.0,0.0,0.0,0.0,0.0,0.0,0.0,0.0,,0.0
姚偓,姚偓,1,8,0,0,0.0,0,0.0,0,0.0,0,0.0,0.0,0.0,0.0,0.0,0.0,0.0,0.0,,0.0
姚发,姚发,1,8,0,0,0.0,0,0.0,0,0.0,0,0.0,0.0,0.0,0.0,0.0,0.0,0.0,0.0,,0.0
姚岩杰,姚岩杰,1,8,0,0,0.0,0,0.0,0,0.0,0,0.0,0.0,0.0,0.0,0.0,0.0,0.0,0.0,,0.0
姚崇,姚崇,8,60,0,0,0.0,0,0.0,0,0.0,0,0.0,0.0,0.0,0.0,0.0,0.0,0.0,0.0,,0.0
姚嵘,姚嵘,1,4,0,0,0.0,0,0.0,0,0.0,0,0.0,0.0,0.0,0.0,0.0,0.0,0.0,0.0,,0.0
姚揆,姚揆,4,32,0,0,0.0,0,0.0,0,0.0,0,0.0,0.0,0.0,0.0,0.0,0.0,0.0,0.0,,0.0
姚氏月华,姚氏月华,1,8,0,0,0.0,0,0.0,0,0.0,0,0.0,0.0,0.0,0.0,0.0,0.0,0.0,0.0,,0.0
姜皎,姜皎,2,16,0,0,0.0,0,0.0,0,0.0,0,0.0,0.0,0.0,0.0,0.0,0.0,0.0,0.0,,0.0
孔德绍,孔德绍,12,122,0,0,0.0,0,0.0,0,0.0,0,0.0,0.0,0.0,0.0,0.0,0.0,0.0,0.0,,0.0
孔氏,孔氏,1,12,0,0,0.0,0,0.0,0,0.0,0,0.0,0.0,0.0,0.0,0.0,0.0,0.0,0.0,,0.0
孔温业,孔温业,1,12,0,0,0.0,0,0.0,0,0.0,0,0.0,0.0,0.0,0.0,0.0,0.0,0.0,0.0,,0.0
孙佺,孙佺,1,8,0,0,0.0,0,0.0,0,0.0,0,0.0,0.0,0.0,0.0,0.0,0.0,0.0,0.0,,0.0
孙叔向,孙叔向,3,12,0,0,0.0,0,0.0,0,0.0,0,0.0,0.0,0.0,0.0,0.0,0.0,0.0,0.0,,0.0
孙子多,孙子多,1,4,0,0,0.0,0,0.0,0,0.0,0,0.0,0.0,0.0,0.0,0.0,0.0,0.0,0.0,,0.0
孙定,孙定,1,8,0,0,0.0,0,0.0,0,0.0,0,0.0,0.0,0.0,0.0,0.0,0.0,0.0,0.0,,0.0
孙岘,孙岘,1,8,0,0,0.0,0,0.0,0,0.0,0,0.0,0.0,0.0,0.0,0.0,0.0,0.0,0.0,,0.0
孙昌胤,孙昌胤,4,44,0,0,0.0,0,0.0,0,0.0,0,0.0,0.0,0.0,0.0,0.0,0.0,0.0,0.0,,0.0
孙棨,孙棨,4,28,0,0,0.0,0,0.0,0,0.0,0,0.0,0.0,0.0,0.0,0.0,0.0,0.0,0.0,,0.0
孙欣,孙欣,1,8,0,0,0.0,0,0.0,0,0.0,0,0.0,0.0,0.0,0.0,0.0,0.0,0.0,0.0,,0.0
孙氏,孙氏,3,16,0,0,0.0,0,0.0,0,0.0,0,0.0,0.0,0.0,0.0,0.0,0.0,0.0,0.0,,0.0
孙纬,孙纬,1,8,0,0,0.0,0,0.0,0,0.0,0,0.0,0.0,0.0,0.0,0.0,0.0,0.0,0.0,,0.0
孙翃,孙翃,1,8,0,0,0.0,0,0.0,0,0.0,0,0.0,0.0,0.0,0.0,0.0,0.0,0.0,0.0,,0.0
孙蜀,孙蜀,1,4,0,0,0.0,0,0.0,0,0.0,0,0.0,0.0,0.0,0.0,0.0,0.0,0.0,0.0,,0.0
孙长史女,孙长史女,1,16,0,0,0.0,0,0.0,0,0.0,0,0.0,0.0,0.0,0.0,0.0,0.0,0.0,0.0,,0.0
孙革,孙革,1,4,0,0,0.0,0,0.0,0,0.0,0,0.0,0.0,0.0,0.0,0.0,0.0,0.0,0.0,,0.0
孙頠,孙頠,2,24,0,0,0.0,0,0.0,0,0.0,0,0.0,0.0,0.0,0.0,0.0,0.0,0.0,0.0,,0.0
孟匡明,孟匡明,1,12,0,0,0.0,0,0.0,0,0.0,0,0.0,0.0,0.0,0.0,0.0,0.0,0.0,0.0,,0.0
孟守,孟守,1,8,0,0,0.0,0,0.0,0,0.0,0,0.0,0.0,0.0,0.0,0.0,0.0,0.0,0.0,,0.0
孟昶,孟昶,2,16,0,0,0.0,0,0.0,0,0.0,0,0.0,0.0,0.0,0.0,0.0,0.0,0.0,0.0,,0.0
孟氏,孟氏,4,16,0,0,0.0,0,0.0,0,0.0,0,0.0,0.0,0.0,0.0,0.0,0.0,0.0,0.0,,0.0
孟球,孟球,1,8,0,0,0.0,0,0.0,0,0.0,0,0.0,0.0,0.0,0.0,0.0,0.0,0.0,0.0,,0.0
孟翔,孟翔,1,22,0,0,0.0,0,0.0,0,0.0,0,0.0,0.0,0.0,0.0,0.0,0.0,0.0,0.0,,0.0
宇文融,宇文融,1,16,0,0,0.0,0,0.0,0,0.0,0,0.0,0.0,0.0,0.0,0.0,0.0,0.0,0.0,,0.0
宇文鼎,宇文鼎,1,4,0,0,0.0,0,0.0,0,0.0,0,0.0,0.0,0.0,0.0,0.0,0.0,0.0,0.0,,0.0
安凤,安凤,2,20,0,0,0.0,0,0.0,0,0.0,0,0.0,0.0,0.0,0.0,0.0,0.0,0.0,0.0,,0.0
安守范,安守范,1,9,0,0,0.0,0,0.0,0,0.0,0,0.0,0.0,0.0,0.0,0.0,0.0,0.0,0.0,,0.0
安邑坊女,安邑坊女,1,4,0,0,0.0,0,0.0,0,0.0,0,0.0,0.0,0.0,0.0,0.0,0.0,0.0,0.0,,0.0
安锜,安锜,1,8,0,0,0.0,0,0.0,0,0.0,0,0.0,0.0,0.0,0.0,0.0,0.0,0.0,0.0,,0.0
安鸿渐,安鸿渐,1,4,0,0,0.0,0,0.0,0,0.0,0,0.0,0.0,0.0,0.0,0.0,0.0,0.0,0.0,,0.0
宋元素,宋元素,1,4,0,0,0.0,0,0.0,0,0.0,0,0.0,0.0,0.0,0.0,0.0,0.0,0.0,0.0,,0.0
宋济,宋济,2,8,0,0,0.0,0,0.0,0,0.0,0,0.0,0.0,0.0,0.0,0.0,0.0,0.0,0.0,,0.0
宋若华,宋若华,1,4,0,0,0.0,0,0.0,0,0.0,0,0.0,0.0,0.0,0.0,0.0,0.0,0.0,0.0,,0.0
宋若宪,宋若宪,1,12,0,0,0.0,0,0.0,0,0.0,0,0.0,0.0,0.0,0.0,0.0,0.0,0.0,0.0,,0.0
宋若昭,宋若昭,1,12,0,0,0.0,0,0.0,0,0.0,0,0.0,0.0,0.0,0.0,0.0,0.0,0.0,0.0,,0.0
宋雍,宋雍,2,8,0,0,0.0,0,0.0,0,0.0,0,0.0,0.0,0.0,0.0,0.0,0.0,0.0,0.0,,0.0
宋鼎,宋鼎,2,24,0,0,0.0,0,0.0,0,0.0,0,0.0,0.0,0.0,0.0,0.0,0.0,0.0,0.0,,0.0
宗楚客,宗楚客,7,58,0,0,0.0,0,0.0,0,0.0,0,0.0,0.0,0.0,0.0,0.0,0.0,0.0,0.0,,0.0
宜芬公主,宜芬公主,1,8,0,0,0.0,0,0.0,0,0.0,0,0.0,0.0,0.0,0.0,0.0,0.0,0.0,0.0,,0.0
宝历宫人,宝历宫人,1,2,0,0,0.0,0,0.0,0,0.0,0,0.0,0.0,0.0,0.0,0.0,0.0,0.0,0.0,,0.0
宝月,宝月,1,12,0,0,0.0,0,0.0,0,0.0,0,0.0,0.0,0.0,0.0,0.0,0.0,0.0,0.0,,0.0
客户里女子,客户里女子,1,4,0,0,0.0,0,0.0,0,0.0,0,0.0,0.0,0.0,0.0,0.0,0.0,0.0,0.0,,0.0
寇坦,寇坦,2,28,0,0,0.0,0,0.0,0,0.0,0,0.0,0.0,0.0,0.0,0.0,0.0,0.0,0.0,,0.0
寇埴,寇埴,1,8,0,0,0.0,0,0.0,0,0.0,0,0.0,0.0,0.0,0.0,0.0,0.0,0.0,0.0,,0.0
寇泚,寇泚,1,12,0,0,0.0,0,0.0,0,0.0,0,0.0,0.0,0.0,0.0,0.0,0.0,0.0,0.0,,0.0
封孟绅,封孟绅,1,12,0,0,0.0,0,0.0,0,0.0,0,0.0,0.0,0.0,0.0,0.0,0.0,0.0,0.0,,0.0
封彦卿,封彦卿,1,4,0,0,0.0,0,0.0,0,0.0,0,0.0,0.0,0.0,0.0,0.0,0.0,0.0,0.0,,0.0
封行高,封行高,1,8,0,0,0.0,0,0.0,0,0.0,0,0.0,0.0,0.0,0.0,0.0,0.0,0.0,0.0,,0.0
尉佗,尉佗,1,4,0,0,0.0,0,0.0,0,0.0,0,0.0,0.0,0.0,0.0,0.0,0.0,0.0,0.0,,0.0
少年,少年,1,4,0,0,0.0,0,0.0,0,0.0,0,0.0,0.0,0.0,0.0,0.0,0.0,0.0,0.0,,0.0
尔鸟,尔鸟,1,2,0,0,0.0,0,0.0,0,0.0,0,0.0,0.0,0.0,0.0,0.0,0.0,0.0,0.0,,0.0
尚志,尚志,1,8,0,0,0.0,0,0.0,0,0.0,0,0.0,0.0,0.0,0.0,0.0,0.0,0.0,0.0,,0.0
尚能,尚能,2,10,0,0,0.0,0,0.0,0,0.0,0,0.0,0.0,0.0,0.0,0.0,0.0,0.0,0.0,,0.0
尹懋,尹懋,3,28,0,0,0.0,0,0.0,0,0.0,0,0.0,0.0,0.0,0.0,0.0,0.0,0.0,0.0,,0.0
尹璞,尹璞,1,4,0,0,0.0,0,0.0,0,0.0,0,0.0,0.0,0.0,0.0,0.0,0.0,0.0,0.0,,0.0
岑文本,岑文本,4,44,0,0,0.0,0,0.0,0,0.0,0,0.0,0.0,0.0,0.0,0.0,0.0,0.0,0.0,,0.0
岑羲,岑羲,6,44,0,0,0.0,0,0.0,0,0.0,0,0.0,0.0,0.0,0.0,0.0,0.0,0.0,0.0,,0.0
峡中白衣,峡中白衣,1,4,0,0,0.0,0,0.0,0,0.0,0,0.0,0.0,0.0,0.0,0.0,0.0,0.0,0.0,,0.0
崇圣寺鬼,崇圣寺鬼,1,8,0,0,0.0,0,0.0,0,0.0,0,0.0,0.0,0.0,0.0,0.0,0.0,0.0,0.0,,0.0
崔亘,崔亘,1,8,0,0,0.0,0,0.0,0,0.0,0,0.0,0.0,0.0,0.0,0.0,0.0,0.0,0.0,,0.0
崔仲容,崔仲容,4,28,0,0,0.0,0,0.0,0,0.0,0,0.0,0.0,0.0,0.0,0.0,0.0,0.0,0.0,,0.0
崔何,崔何,2,18,0,0,0.0,0,0.0,0,0.0,0,0.0,0.0,0.0,0.0,0.0,0.0,0.0,0.0,,0.0
崔信明,崔信明,2,11,0,0,0.0,0,0.0,0,0.0,0,0.0,0.0,0.0,0.0,0.0,0.0,0.0,0.0,,0.0
崔元略,崔元略,1,8,0,0,0.0,0,0.0,0,0.0,0,0.0,0.0,0.0,0.0,0.0,0.0,0.0,0.0,,0.0
崔元范,崔元范,1,4,0,0,0.0,0,0.0,0,0.0,0,0.0,0.0,0.0,0.0,0.0,0.0,0.0,0.0,,0.0
崔公佐客,崔公佐客,1,4,0,0,0.0,0,0.0,0,0.0,0,0.0,0.0,0.0,0.0,0.0,0.0,0.0,0.0,,0.0
崔公信,崔公信,1,8,0,0,0.0,0,0.0,0,0.0,0,0.0,0.0,0.0,0.0,0.0,0.0,0.0,0.0,,0.0
崔公远,崔公远,2,8,0,0,0.0,0,0.0,0,0.0,0,0.0,0.0,0.0,0.0,0.0,0.0,0.0,0.0,,0.0
崔兴宗,崔兴宗,5,28,0,0,0.0,0,0.0,0,0.0,0,0.0,0.0,0.0,0.0,0.0,0.0,0.0,0.0,,0.0
崔善为,崔善为,3,24,0,0,0.0,0,0.0,0,0.0,0,0.0,0.0,0.0,0.0,0.0,0.0,0.0,0.0,,0.0
崔备,崔备,5,60,0,0,0.0,0,0.0,0,0.0,0,0.0,0.0,0.0,0.0,0.0,0.0,0.0,0.0,,0.0
崔子向,崔子向,3,16,0,0,0.0,0,0.0,0,0.0,0,0.0,0.0,0.0,0.0,0.0,0.0,0.0,0.0,,0.0
崔季卿,崔季卿,1,4,0,0,0.0,0,0.0,0,0.0,0,0.0,0.0,0.0,0.0,0.0,0.0,0.0,0.0,,0.0
崔宗,崔宗,1,12,0,0,0.0,0,0.0,0,0.0,0,0.0,0.0,0.0,0.0,0.0,0.0,0.0,0.0,,0.0
崔少玄,崔少玄,1,14,0,0,0.0,0,0.0,0,0.0,0,0.0,0.0,0.0,0.0,0.0,0.0,0.0,0.0,,0.0
崔尚,崔尚,1,12,0,0,0.0,0,0.0,0,0.0,0,0.0,0.0,0.0,0.0,0.0,0.0,0.0,0.0,,0.0
崔常侍,崔常侍,1,4,0,0,0.0,0,0.0,0,0.0,0,0.0,0.0,0.0,0.0,0.0,0.0,0.0,0.0,,0.0
崔庸,崔庸,1,4,0,0,0.0,0,0.0,0,0.0,0,0.0,0.0,0.0,0.0,0.0,0.0,0.0,0.0,,0.0
崔怀宝,崔怀宝,1,4,0,0,0.0,0,0.0,0,0.0,0,0.0,0.0,0.0,0.0,0.0,0.0,0.0,0.0,,0.0
崔恭,崔恭,1,8,0,0,0.0,0,0.0,0,0.0,0,0.0,0.0,0.0,0.0,0.0,0.0,0.0,0.0,,0.0
崔成甫,崔成甫,1,4,0,0,0.0,0,0.0,0,0.0,0,0.0,0.0,0.0,0.0,0.0,0.0,0.0,0.0,,0.0
崔氏,崔氏,1,4,0,0,0.0,0,0.0,0,0.0,0,0.0,0.0,0.0,0.0,0.0,0.0,0.0,0.0,,0.0
崔江,崔江,1,4,0,0,0.0,0,0.0,0,0.0,0,0.0,0.0,0.0,0.0,0.0,0.0,0.0,0.0,,0.0
崔沔,崔沔,1,12,0,0,0.0,0,0.0,0,0.0,0,0.0,0.0,0.0,0.0,0.0,0.0,0.0,0.0,,0.0
崔液,崔液,7,90,0,0,0.0,0,0.0,0,0.0,0,0.0,0.0,0.0,0.0,0.0,0.0,0.0,0.0,,0.0
崔澹,崔澹,1,4,0,0,0.0,0,0.0,0,0.0,0,0.0,0.0,0.0,0.0,0.0,0.0,0.0,0.0,,0.0
崔玄亮,崔玄亮,3,13,0,0,0.0,0,0.0,0,0.0,0,0.0,0.0,0.0,0.0,0.0,0.0,0.0,0.0,,0.0
崔珪,崔珪,1,8,0,0,0.0,0,0.0,0,0.0,0,0.0,0.0,0.0,0.0,0.0,0.0,0.0,0.0,,0.0
崔琮,崔琮,1,12,0,0,0.0,0,0.0,0,0.0,0,0.0,0.0,0.0,0.0,0.0,0.0,0.0,0.0,,0.0
崔瓘,崔瓘,1,4,0,0,0.0,0,0.0,0,0.0,0,0.0,0.0,0.0,0.0,0.0,0.0,0.0,0.0,,0.0
崔知贤,崔知贤,3,28,0,0,0.0,0,0.0,0,0.0,0,0.0,0.0,0.0,0.0,0.0,0.0,0.0,0.0,,0.0
崔立言,崔立言,1,4,0,0,0.0,0,0.0,0,0.0,0,0.0,0.0,0.0,0.0,0.0,0.0,0.0,0.0,,0.0
崔素娥,崔素娥,1,4,0,0,0.0,0,0.0,0,0.0,0,0.0,0.0,0.0,0.0,0.0,0.0,0.0,0.0,,0.0
崔紫云,崔紫云,1,4,0,0,0.0,0,0.0,0,0.0,0,0.0,0.0,0.0,0.0,0.0,0.0,0.0,0.0,,0.0
崔绩,崔绩,1,12,0,0,0.0,0,0.0,0,0.0,0,0.0,0.0,0.0,0.0,0.0,0.0,0.0,0.0,,0.0
崔耿,崔耿,1,6,0,0,0.0,0,0.0,0,0.0,0,0.0,0.0,0.0,0.0,0.0,0.0,0.0,0.0,,0.0
崔莺莺,崔莺莺,3,12,0,0,0.0,0,0.0,0,0.0,0,0.0,0.0,0.0,0.0,0.0,0.0,0.0,0.0,,0.0
崔藩,崔藩,1,12,0,0,0.0,0,0.0,0,0.0,0,0.0,0.0,0.0,0.0,0.0,0.0,0.0,0.0,,0.0
崔轩,崔轩,1,8,0,0,0.0,0,0.0,0,0.0,0,0.0,0.0,0.0,0.0,0.0,0.0,0.0,0.0,,0.0
崔郊,崔郊,1,4,0,0,0.0,0,0.0,0,0.0,0,0.0,0.0,0.0,0.0,0.0,0.0,0.0,0.0,,0.0
崔郾,崔郾,1,8,0,0,0.0,0,0.0,0,0.0,0,0.0,0.0,0.0,0.0,0.0,0.0,0.0,0.0,,0.0
崔铉,崔铉,2,12,0,0,0.0,0,0.0,0,0.0,0,0.0,0.0,0.0,0.0,0.0,0.0,0.0,0.0,,0.0
崔颂,崔颂,1,8,0,0,0.0,0,0.0,0,0.0,0,0.0,0.0,0.0,0.0,0.0,0.0,0.0,0.0,,0.0
左偃,左偃,11,53,0,0,0.0,0,0.0,0,0.0,0,0.0,0.0,0.0,0.0,0.0,0.0,0.0,0.0,,0.0
巴峡鬼,巴峡鬼,1,4,0,0,0.0,0,0.0,0,0.0,0,0.0,0.0,0.0,0.0,0.0,0.0,0.0,0.0,,0.0
巴陵馆鬼,巴陵馆鬼,1,4,0,0,0.0,0,0.0,0,0.0,0,0.0,0.0,0.0,0.0,0.0,0.0,0.0,0.0,,0.0
布燮,布燮,2,14,0,0,0.0,0,0.0,0,0.0,0,0.0,0.0,0.0,0.0,0.0,0.0,0.0,0.0,,0.0
希道,希道,1,10,0,0,0.0,0,0.0,0,0.0,0,0.0,0.0,0.0,0.0,0.0,0.0,0.0,0.0,,0.0
席元明,席元明,1,12,0,0,0.0,0,0.0,0,0.0,0,0.0,0.0,0.0,0.0,0.0,0.0,0.0,0.0,,0.0
席夔,席夔,2,24,0,0,0.0,0,0.0,0,0.0,0,0.0,0.0,0.0,0.0,0.0,0.0,0.0,0.0,,0.0
常沂,常沂,1,12,0,0,0.0,0,0.0,0,0.0,0,0.0,0.0,0.0,0.0,0.0,0.0,0.0,0.0,,0.0
常达,常达,1,64,0,0,0.0,0,0.0,0,0.0,0,0.0,0.0,0.0,0.0,0.0,0.0,0.0,0.0,,0.0
常非月,常非月,1,8,0,0,0.0,0,0.0,0,0.0,0,0.0,0.0,0.0,0.0,0.0,0.0,0.0,0.0,,0.0
平康妓,平康妓,1,4,0,0,0.0,0,0.0,0,0.0,0,0.0,0.0,0.0,0.0,0.0,0.0,0.0,0.0,,0.0
幸夤逊,幸夤逊,2,20,0,0,0.0,0,0.0,0,0.0,0,0.0,0.0,0.0,0.0,0.0,0.0,0.0,0.0,,0.0
广利王女,广利王女,1,8,0,0,0.0,0,0.0,0,0.0,0,0.0,0.0,0.0,0.0,0.0,0.0,0.0,0.0,,0.0
广陵道士,广陵道士,1,4,0,0,0.0,0,0.0,0,0.0,0,0.0,0.0,0.0,0.0,0.0,0.0,0.0,0.0,,0.0
庄若讷,庄若讷,1,12,0,0,0.0,0,0.0,0,0.0,0,0.0,0.0,0.0,0.0,0.0,0.0,0.0,0.0,,0.0
庞德公,庞德公,2,8,0,0,0.0,0,0.0,0,0.0,0,0.0,0.0,0.0,0.0,0.0,0.0,0.0,0.0,,0.0
座客,座客,1,4,0,0,0.0,0,0.0,0,0.0,0,0.0,0.0,0.0,0.0,0.0,0.0,0.0,0.0,,0.0
庭实,庭实,1,2,0,0,0.0,0,0.0,0,0.0,0,0.0,0.0,0.0,0.0,0.0,0.0,0.0,0.0,,0.0
康庭芝,康庭芝,1,8,0,0,0.0,0,0.0,0,0.0,0,0.0,0.0,0.0,0.0,0.0,0.0,0.0,0.0,,0.0
康翊仁,康翊仁,1,12,0,0,0.0,0,0.0,0,0.0,0,0.0,0.0,0.0,0.0,0.0,0.0,0.0,0.0,,0.0
庾传素,庾传素,1,8,0,0,0.0,0,0.0,0,0.0,0,0.0,0.0,0.0,0.0,0.0,0.0,0.0,0.0,,0.0
庾光先,庾光先,1,8,0,0,0.0,0,0.0,0,0.0,0,0.0,0.0,0.0,0.0,0.0,0.0,0.0,0.0,,0.0
庾承宣,庾承宣,1,12,0,0,0.0,0,0.0,0,0.0,0,0.0,0.0,0.0,0.0,0.0,0.0,0.0,0.0,,0.0
庾敬休,庾敬休,1,12,0,0,0.0,0,0.0,0,0.0,0,0.0,0.0,0.0,0.0,0.0,0.0,0.0,0.0,,0.0
廉氏,廉氏,3,18,0,0,0.0,0,0.0,0,0.0,0,0.0,0.0,0.0,0.0,0.0,0.0,0.0,0.0,,0.0
廖匡图,廖匡图,5,35,0,0,0.0,0,0.0,0,0.0,0,0.0,0.0,0.0,0.0,0.0,0.0,0.0,0.0,,0.0
廖融,廖融,7,54,0,0,0.0,0,0.0,0,0.0,0,0.0,0.0,0.0,0.0,0.0,0.0,0.0,0.0,,0.0
建业卜者,建业卜者,1,4,0,0,0.0,0,0.0,0,0.0,0,0.0,0.0,0.0,0.0,0.0,0.0,0.0,0.0,,0.0
开元宫人,开元宫人,1,8,0,0,0.0,0,0.0,0,0.0,0,0.0,0.0,0.0,0.0,0.0,0.0,0.0,0.0,,0.0
弓嗣初,弓嗣初,2,16,0,0,0.0,0,0.0,0,0.0,0,0.0,0.0,0.0,0.0,0.0,0.0,0.0,0.0,,0.0
张万顷,张万顷,3,22,0,0,0.0,0,0.0,0,0.0,0,0.0,0.0,0.0,0.0,0.0,0.0,0.0,0.0,,0.0
张丛,张丛,1,8,0,0,0.0,0,0.0,0,0.0,0,0.0,0.0,0.0,0.0,0.0,0.0,0.0,0.0,,0.0
张义方,张义方,1,8,0,0,0.0,0,0.0,0,0.0,0,0.0,0.0,0.0,0.0,0.0,0.0,0.0,0.0,,0.0
张云容,张云容,1,16,0,0,0.0,0,0.0,0,0.0,0,0.0,0.0,0.0,0.0,0.0,0.0,0.0,0.0,,0.0
张仁宝,张仁宝,1,4,0,0,0.0,0,0.0,0,0.0,0,0.0,0.0,0.0,0.0,0.0,0.0,0.0,0.0,,0.0
张仁溥,张仁溥,1,4,0,0,0.0,0,0.0,0,0.0,0,0.0,0.0,0.0,0.0,0.0,0.0,0.0,0.0,,0.0
张仲方,张仲方,3,34,0,0,0.0,0,0.0,0,0.0,0,0.0,0.0,0.0,0.0,0.0,0.0,0.0,0.0,,0.0
张仲谋,张仲谋,1,4,0,0,0.0,0,0.0,0,0.0,0,0.0,0.0,0.0,0.0,0.0,0.0,0.0,0.0,,0.0
张众甫,张众甫,3,24,0,0,0.0,0,0.0,0,0.0,0,0.0,0.0,0.0,0.0,0.0,0.0,0.0,0.0,,0.0
张佐,张佐,2,20,0,0,0.0,0,0.0,0,0.0,0,0.0,0.0,0.0,0.0,0.0,0.0,0.0,0.0,,0.0
张何,张何,1,12,0,0,0.0,0,0.0,0,0.0,0,0.0,0.0,0.0,0.0,0.0,0.0,0.0,0.0,,0.0
张侹,张侹,1,4,0,0,0.0,0,0.0,0,0.0,0,0.0,0.0,0.0,0.0,0.0,0.0,0.0,0.0,,0.0
张俨,张俨,1,12,0,0,0.0,0,0.0,0,0.0,0,0.0,0.0,0.0,0.0,0.0,0.0,0.0,0.0,,0.0
张修之,张修之,2,16,0,0,0.0,0,0.0,0,0.0,0,0.0,0.0,0.0,0.0,0.0,0.0,0.0,0.0,,0.0
张偁,张偁,1,4,0,0,0.0,0,0.0,0,0.0,0,0.0,0.0,0.0,0.0,0.0,0.0,0.0,0.0,,0.0
张公乂,张公乂,1,12,0,0,0.0,0,0.0,0,0.0,0,0.0,0.0,0.0,0.0,0.0,0.0,0.0,0.0,,0.0
张友正,张友正,2,24,0,0,0.0,0,0.0,0,0.0,0,0.0,0.0,0.0,0.0,0.0,0.0,0.0,0.0,,0.0
张叔卿,张叔卿,2,12,0,0,0.0,0,0.0,0,0.0,0,0.0,0.0,0.0,0.0,0.0,0.0,0.0,0.0,,0.0
张叔良,张叔良,1,12,0,0,0.0,0,0.0,0,0.0,0,0.0,0.0,0.0,0.0,0.0,0.0,0.0,0.0,,0.0
张固,张固,2,12,0,0,0.0,0,0.0,0,0.0,0,0.0,0.0,0.0,0.0,0.0,0.0,0.0,0.0,,0.0
张均,张均,6,52,0,0,0.0,0,0.0,0,0.0,0,0.0,0.0,0.0,0.0,0.0,0.0,0.0,0.0,,0.0
张垍,张垍,1,8,0,0,0.0,0,0.0,0,0.0,0,0.0,0.0,0.0,0.0,0.0,0.0,0.0,0.0,,0.0
张复,张复,1,12,0,0,0.0,0,0.0,0,0.0,0,0.0,0.0,0.0,0.0,0.0,0.0,0.0,0.0,,0.0
张复元,张复元,1,12,0,0,0.0,0,0.0,0,0.0,0,0.0,0.0,0.0,0.0,0.0,0.0,0.0,0.0,,0.0
张大安,张大安,1,8,0,0,0.0,0,0.0,0,0.0,0,0.0,0.0,0.0,0.0,0.0,0.0,0.0,0.0,,0.0
张太华,张太华,2,8,0,0,0.0,0,0.0,0,0.0,0,0.0,0.0,0.0,0.0,0.0,0.0,0.0,0.0,,0.0
张子明,张子明,1,8,0,0,0.0,0,0.0,0,0.0,0,0.0,0.0,0.0,0.0,0.0,0.0,0.0,0.0,,0.0
张季略,张季略,1,12,0,0,0.0,0,0.0,0,0.0,0,0.0,0.0,0.0,0.0,0.0,0.0,0.0,0.0,,0.0
张守中,张守中,1,4,0,0,0.0,0,0.0,0,0.0,0,0.0,0.0,0.0,0.0,0.0,0.0,0.0,0.0,,0.0
张安石,张安石,2,8,0,0,0.0,0,0.0,0,0.0,0,0.0,0.0,0.0,0.0,0.0,0.0,0.0,0.0,,0.0
张少博,张少博,2,24,0,0,0.0,0,0.0,0,0.0,0,0.0,0.0,0.0,0.0,0.0,0.0,0.0,0.0,,0.0
张希复,张希复,2,7,0,0,0.0,0,0.0,0,0.0,0,0.0,0.0,0.0,0.0,0.0,0.0,0.0,0.0,,0.0
张弘靖,张弘靖,1,8,0,0,0.0,0,0.0,0,0.0,0,0.0,0.0,0.0,0.0,0.0,0.0,0.0,0.0,,0.0
张彤,张彤,1,8,0,0,0.0,0,0.0,0,0.0,0,0.0,0.0,0.0,0.0,0.0,0.0,0.0,0.0,,0.0
张怀,张怀,1,8,0,0,0.0,0,0.0,0,0.0,0,0.0,0.0,0.0,0.0,0.0,0.0,0.0,0.0,,0.0
张怀庆,张怀庆,1,4,0,0,0.0,0,0.0,0,0.0,0,0.0,0.0,0.0,0.0,0.0,0.0,0.0,0.0,,0.0
张惟俭,张惟俭,1,12,0,0,0.0,0,0.0,0,0.0,0,0.0,0.0,0.0,0.0,0.0,0.0,0.0,0.0,,0.0
张抃,张抃,1,8,0,0,0.0,0,0.0,0,0.0,0,0.0,0.0,0.0,0.0,0.0,0.0,0.0,0.0,,0.0
张敬徽,张敬徽,1,8,0,0,0.0,0,0.0,0,0.0,0,0.0,0.0,0.0,0.0,0.0,0.0,0.0,0.0,,0.0
张敬忠,张敬忠,3,12,0,0,0.0,0,0.0,0,0.0,0,0.0,0.0,0.0,0.0,0.0,0.0,0.0,0.0,,0.0
张文恭,张文恭,2,16,0,0,0.0,0,0.0,0,0.0,0,0.0,0.0,0.0,0.0,0.0,0.0,0.0,0.0,,0.0
张文收,张文收,1,4,0,0,0.0,0,0.0,0,0.0,0,0.0,0.0,0.0,0.0,0.0,0.0,0.0,0.0,,0.0
张文琮,张文琮,8,66,0,0,0.0,0,0.0,0,0.0,0,0.0,0.0,0.0,0.0,0.0,0.0,0.0,0.0,,0.0
张文规,张文规,3,12,0,0,0.0,0,0.0,0,0.0,0,0.0,0.0,0.0,0.0,0.0,0.0,0.0,0.0,,0.0
张旭,张旭,6,24,0,0,0.0,0,0.0,0,0.0,0,0.0,0.0,0.0,0.0,0.0,0.0,0.0,0.0,,0.0
张昔,张昔,1,12,0,0,0.0,0,0.0,0,0.0,0,0.0,0.0,0.0,0.0,0.0,0.0,0.0,0.0,,0.0
张昭,张昭,2,32,0,0,0.0,0,0.0,0,0.0,0,0.0,0.0,0.0,0.0,0.0,0.0,0.0,0.0,,0.0
张景源,张景源,1,8,0,0,0.0,0,0.0,0,0.0,0,0.0,0.0,0.0,0.0,0.0,0.0,0.0,0.0,,0.0
张曙,张曙1,2,10,0,0,0.0,0,0.0,0,0.0,0,0.0,0.0,0.0,0.0,0.0,0.0,0.0,0.0,,0.0
张松龄,张松龄,2,6,0,0,0.0,0,0.0,0,0.0,0,0.0,0.0,0.0,0.0,0.0,0.0,0.0,0.0,,0.0
张果,张果,1,8,0,0,0.0,0,0.0,0,0.0,0,0.0,0.0,0.0,0.0,0.0,0.0,0.0,0.0,,0.0
张格,张格,1,8,0,0,0.0,0,0.0,0,0.0,0,0.0,0.0,0.0,0.0,0.0,0.0,0.0,0.0,,0.0
张正一,张正一,1,8,0,0,0.0,0,0.0,0,0.0,0,0.0,0.0,0.0,0.0,0.0,0.0,0.0,0.0,,0.0
张氏,张氏,2,16,0,0,0.0,0,0.0,0,0.0,0,0.0,0.0,0.0,0.0,0.0,0.0,0.0,0.0,,0.0
张氏女,张氏女,1,4,0,0,0.0,0,0.0,0,0.0,0,0.0,0.0,0.0,0.0,0.0,0.0,0.0,0.0,,0.0
张氏琰,张氏琰,1,6,0,0,0.0,0,0.0,0,0.0,0,0.0,0.0,0.0,0.0,0.0,0.0,0.0,0.0,,0.0
张氲,张氲,1,12,0,0,0.0,0,0.0,0,0.0,0,0.0,0.0,0.0,0.0,0.0,0.0,0.0,0.0,,0.0
张汇,张汇,3,32,0,0,0.0,0,0.0,0,0.0,0,0.0,0.0,0.0,0.0,0.0,0.0,0.0,0.0,,0.0
张浑,张浑,1,12,0,0,0.0,0,0.0,0,0.0,0,0.0,0.0,0.0,0.0,0.0,0.0,0.0,0.0,,0.0
张渐,张渐,1,20,0,0,0.0,0,0.0,0,0.0,0,0.0,0.0,0.0,0.0,0.0,0.0,0.0,0.0,,0.0
张演,张演,1,4,0,0,0.0,0,0.0,0,0.0,0,0.0,0.0,0.0,0.0,0.0,0.0,0.0,0.0,,0.0
张濛,张濛,1,12,0,0,0.0,0,0.0,0,0.0,0,0.0,0.0,0.0,0.0,0.0,0.0,0.0,0.0,,0.0
张灿,张灿,1,8,0,0,0.0,0,0.0,0,0.0,0,0.0,0.0,0.0,0.0,0.0,0.0,0.0,0.0,,0.0
张烜,张烜,2,16,0,0,0.0,0,0.0,0,0.0,0,0.0,0.0,0.0,0.0,0.0,0.0,0.0,0.0,,0.0
张瑛,张瑛,2,10,0,0,0.0,0,0.0,0,0.0,0,0.0,0.0,0.0,0.0,0.0,0.0,0.0,0.0,,0.0
张生,张生,1,5,0,0,0.0,0,0.0,0,0.0,0,0.0,0.0,0.0,0.0,0.0,0.0,0.0,0.0,,0.0
张登,张登,8,64,0,0,0.0,0,0.0,0,0.0,0,0.0,0.0,0.0,0.0,0.0,0.0,0.0,0.0,,0.0
张祎,张祎,2,8,0,0,0.0,0,0.0,0,0.0,0,0.0,0.0,0.0,0.0,0.0,0.0,0.0,0.0,,0.0
张窈窕,张窈窕,6,30,0,0,0.0,0,0.0,0,0.0,0,0.0,0.0,0.0,0.0,0.0,0.0,0.0,0.0,,0.0
张立本女,张立本女,1,4,0,0,0.0,0,0.0,0,0.0,0,0.0,0.0,0.0,0.0,0.0,0.0,0.0,0.0,,0.0
张绮,张绮,1,4,0,0,0.0,0,0.0,0,0.0,0,0.0,0.0,0.0,0.0,0.0,0.0,0.0,0.0,,0.0
张署,张署,1,8,0,0,0.0,0,0.0,0,0.0,0,0.0,0.0,0.0,0.0,0.0,0.0,0.0,0.0,,0.0
张翚,张翚,2,12,0,0,0.0,0,0.0,0,0.0,0,0.0,0.0,0.0,0.0,0.0,0.0,0.0,0.0,,0.0
张翱,张翱,1,4,0,0,0.0,0,0.0,0,0.0,0,0.0,0.0,0.0,0.0,0.0,0.0,0.0,0.0,,0.0
张聿,张聿,5,60,0,0,0.0,0,0.0,0,0.0,0,0.0,0.0,0.0,0.0,0.0,0.0,0.0,0.0,,0.0
张胜之,张胜之,1,12,0,0,0.0,0,0.0,0,0.0,0,0.0,0.0,0.0,0.0,0.0,0.0,0.0,0.0,,0.0
张莒,张莒,1,12,0,0,0.0,0,0.0,0,0.0,0,0.0,0.0,0.0,0.0,0.0,0.0,0.0,0.0,,0.0
张观,张观,1,8,0,0,0.0,0,0.0,0,0.0,0,0.0,0.0,0.0,0.0,0.0,0.0,0.0,0.0,,0.0
张起,张起,2,12,0,0,0.0,0,0.0,0,0.0,0,0.0,0.0,0.0,0.0,0.0,0.0,0.0,0.0,,0.0
张轸,张轸,1,8,0,0,0.0,0,0.0,0,0.0,0,0.0,0.0,0.0,0.0,0.0,0.0,0.0,0.0,,0.0
张辞,张辞,4,24,0,0,0.0,0,0.0,0,0.0,0,0.0,0.0,0.0,0.0,0.0,0.0,0.0,0.0,,0.0
张迥,张迥1,1,8,0,0,0.0,0,0.0,0,0.0,0,0.0,0.0,0.0,0.0,0.0,0.0,0.0,0.0,,0.0
张道古,张道古,2,12,0,0,0.0,0,0.0,0,0.0,0,0.0,0.0,0.0,0.0,0.0,0.0,0.0,0.0,,0.0
张道符,张道符,1,8,0,0,0.0,0,0.0,0,0.0,0,0.0,0.0,0.0,0.0,0.0,0.0,0.0,0.0,,0.0
张锡,张锡,2,16,0,0,0.0,0,0.0,0,0.0,0,0.0,0.0,0.0,0.0,0.0,0.0,0.0,0.0,,0.0
张陵,张陵,1,4,0,0,0.0,0,0.0,0,0.0,0,0.0,0.0,0.0,0.0,0.0,0.0,0.0,0.0,,0.0
张随,张随,2,24,0,0,0.0,0,0.0,0,0.0,0,0.0,0.0,0.0,0.0,0.0,0.0,0.0,0.0,,0.0
张隐,张隐,1,4,0,0,0.0,0,0.0,0,0.0,0,0.0,0.0,0.0,0.0,0.0,0.0,0.0,0.0,,0.0
张鲁封,张鲁封,1,4,0,0,0.0,0,0.0,0,0.0,0,0.0,0.0,0.0,0.0,0.0,0.0,0.0,0.0,,0.0
张鷟,张鷟,2,6,0,0,0.0,0,0.0,0,0.0,0,0.0,0.0,0.0,0.0,0.0,0.0,0.0,0.0,,0.0
张鸿,张鸿,1,8,0,0,0.0,0,0.0,0,0.0,0,0.0,0.0,0.0,0.0,0.0,0.0,0.0,0.0,,0.0
张鹭,张鹭,1,12,0,0,0.0,0,0.0,0,0.0,0,0.0,0.0,0.0,0.0,0.0,0.0,0.0,0.0,,0.0
张鼎,张鼎,4,36,0,0,0.0,0,0.0,0,0.0,0,0.0,0.0,0.0,0.0,0.0,0.0,0.0,0.0,,0.0
张齐贤,张齐贤,2,16,0,0,0.0,0,0.0,0,0.0,0,0.0,0.0,0.0,0.0,0.0,0.0,0.0,0.0,,0.0
归氏子,归氏子,1,4,0,0,0.0,0,0.0,0,0.0,0,0.0,0.0,0.0,0.0,0.0,0.0,0.0,0.0,,0.0
彭伉,彭伉,2,28,0,0,0.0,0,0.0,0,0.0,0,0.0,0.0,0.0,0.0,0.0,0.0,0.0,0.0,,0.0
彭晓,彭晓,1,16,0,0,0.0,0,0.0,0,0.0,0,0.0,0.0,0.0,0.0,0.0,0.0,0.0,0.0,,0.0
徐之才,徐之才,1,4,0,0,0.0,0,0.0,0,0.0,0,0.0,0.0,0.0,0.0,0.0,0.0,0.0,0.0,,0.0
徐仁友,徐仁友,1,8,0,0,0.0,0,0.0,0,0.0,0,0.0,0.0,0.0,0.0,0.0,0.0,0.0,0.0,,0.0
徐仁嗣,徐仁嗣,1,12,0,0,0.0,0,0.0,0,0.0,0,0.0,0.0,0.0,0.0,0.0,0.0,0.0,0.0,,0.0
徐介,徐介,1,8,0,0,0.0,0,0.0,0,0.0,0,0.0,0.0,0.0,0.0,0.0,0.0,0.0,0.0,,0.0
徐侃,徐侃,1,6,0,0,0.0,0,0.0,0,0.0,0,0.0,0.0,0.0,0.0,0.0,0.0,0.0,0.0,,0.0
徐元鼎,徐元鼎,1,12,0,0,0.0,0,0.0,0,0.0,0,0.0,0.0,0.0,0.0,0.0,0.0,0.0,0.0,,0.0
徐商,徐商,2,10,0,0,0.0,0,0.0,0,0.0,0,0.0,0.0,0.0,0.0,0.0,0.0,0.0,0.0,,0.0
徐安期,徐安期,1,4,0,0,0.0,0,0.0,0,0.0,0,0.0,0.0,0.0,0.0,0.0,0.0,0.0,0.0,,0.0
徐安贞,徐安贞,12,99,0,0,0.0,0,0.0,0,0.0,0,0.0,0.0,0.0,0.0,0.0,0.0,0.0,0.0,,0.0
徐希仁,徐希仁,1,4,0,0,0.0,0,0.0,0,0.0,0,0.0,0.0,0.0,0.0,0.0,0.0,0.0,0.0,,0.0
徐延寿,徐延寿,3,36,0,0,0.0,0,0.0,0,0.0,0,0.0,0.0,0.0,0.0,0.0,0.0,0.0,0.0,,0.0
徐彦若,徐彦若,1,2,0,0,0.0,0,0.0,0,0.0,0,0.0,0.0,0.0,0.0,0.0,0.0,0.0,0.0,,0.0
徐振,徐振,2,12,0,0,0.0,0,0.0,0,0.0,0,0.0,0.0,0.0,0.0,0.0,0.0,0.0,0.0,,0.0
徐放,徐放,1,8,0,0,0.0,0,0.0,0,0.0,0,0.0,0.0,0.0,0.0,0.0,0.0,0.0,0.0,,0.0
徐昌图,徐昌图,3,29,0,0,0.0,0,0.0,0,0.0,0,0.0,0.0,0.0,0.0,0.0,0.0,0.0,0.0,,0.0
徐晶,徐晶,5,52,0,0,0.0,0,0.0,0,0.0,0,0.0,0.0,0.0,0.0,0.0,0.0,0.0,0.0,,0.0
徐月英,徐月英,3,10,0,0,0.0,0,0.0,0,0.0,0,0.0,0.0,0.0,0.0,0.0,0.0,0.0,0.0,,0.0
徐浩,徐浩,2,66,0,0,0.0,0,0.0,0,0.0,0,0.0,0.0,0.0,0.0,0.0,0.0,0.0,0.0,,0.0
徐灵府,徐灵府,2,16,0,0,0.0,0,0.0,0,0.0,0,0.0,0.0,0.0,0.0,0.0,0.0,0.0,0.0,,0.0
徐牧,徐牧,1,12,0,0,0.0,0,0.0,0,0.0,0,0.0,0.0,0.0,0.0,0.0,0.0,0.0,0.0,,0.0
徐玄之,徐玄之,1,10,0,0,0.0,0,0.0,0,0.0,0,0.0,0.0,0.0,0.0,0.0,0.0,0.0,0.0,,0.0
徐珩,徐珩,1,8,0,0,0.0,0,0.0,0,0.0,0,0.0,0.0,0.0,0.0,0.0,0.0,0.0,0.0,,0.0
徐璧,徐璧,1,4,0,0,0.0,0,0.0,0,0.0,0,0.0,0.0,0.0,0.0,0.0,0.0,0.0,0.0,,0.0
徐皓,徐皓,1,16,0,0,0.0,0,0.0,0,0.0,0,0.0,0.0,0.0,0.0,0.0,0.0,0.0,0.0,,0.0
徐至,徐至,1,12,0,0,0.0,0,0.0,0,0.0,0,0.0,0.0,0.0,0.0,0.0,0.0,0.0,0.0,,0.0
徐谦,徐谦,1,8,0,0,0.0,0,0.0,0,0.0,0,0.0,0.0,0.0,0.0,0.0,0.0,0.0,0.0,,0.0
徐贤妃,徐贤妃,6,42,0,0,0.0,0,0.0,0,0.0,0,0.0,0.0,0.0,0.0,0.0,0.0,0.0,0.0,,0.0
徐钓者,徐钓者,1,4,0,0,0.0,0,0.0,0,0.0,0,0.0,0.0,0.0,0.0,0.0,0.0,0.0,0.0,,0.0
德宗宫人,德宗宫人,1,4,0,0,0.0,0,0.0,0,0.0,0,0.0,0.0,0.0,0.0,0.0,0.0,0.0,0.0,,0.0
怀浦,怀浦,2,16,0,0,0.0,0,0.0,0,0.0,0,0.0,0.0,0.0,0.0,0.0,0.0,0.0,0.0,,0.0
怀濬,怀濬,1,8,0,0,0.0,0,0.0,0,0.0,0,0.0,0.0,0.0,0.0,0.0,0.0,0.0,0.0,,0.0
怀素,怀素,2,8,0,0,0.0,0,0.0,0,0.0,0,0.0,0.0,0.0,0.0,0.0,0.0,0.0,0.0,,0.0
恒超,恒超,1,8,0,0,0.0,0,0.0,0,0.0,0,0.0,0.0,0.0,0.0,0.0,0.0,0.0,0.0,,0.0
息夫牧,息夫牧,1,24,0,0,0.0,0,0.0,0,0.0,0,0.0,0.0,0.0,0.0,0.0,0.0,0.0,0.0,,0.0
悟清,悟清,1,2,0,0,0.0,0,0.0,0,0.0,0,0.0,0.0,0.0,0.0,0.0,0.0,0.0,0.0,,0.0
惟审,惟审,3,24,0,0,0.0,0,0.0,0,0.0,0,0.0,0.0,0.0,0.0,0.0,0.0,0.0,0.0,,0.0
慈恩寺沙门,慈恩寺沙门,1,8,0,0,0.0,0,0.0,0,0.0,0,0.0,0.0,0.0,0.0,0.0,0.0,0.0,0.0,,0.0
慈恩院女仙,慈恩院女仙,1,8,0,0,0.0,0,0.0,0,0.0,0,0.0,0.0,0.0,0.0,0.0,0.0,0.0,0.0,,0.0
慎氏,慎氏,1,4,0,0,0.0,0,0.0,0,0.0,0,0.0,0.0,0.0,0.0,0.0,0.0,0.0,0.0,,0.0
慕容垂,慕容垂,1,4,0,0,0.0,0,0.0,0,0.0,0,0.0,0.0,0.0,0.0,0.0,0.0,0.0,0.0,,0.0
慕容韦,慕容韦,1,4,0,0,0.0,0,0.0,0,0.0,0,0.0,0.0,0.0,0.0,0.0,0.0,0.0,0.0,,0.0
慧偘,慧偘,2,12,0,0,0.0,0,0.0,0,0.0,0,0.0,0.0,0.0,0.0,0.0,0.0,0.0,0.0,,0.0
慧净,慧净,5,114,0,0,0.0,0,0.0,0,0.0,0,0.0,0.0,0.0,0.0,0.0,0.0,0.0,0.0,,0.0
慧宣,慧宣,4,46,0,0,0.0,0,0.0,0,0.0,0,0.0,0.0,0.0,0.0,0.0,0.0,0.0,0.0,,0.0
懿宗朝举子,懿宗朝举子,1,22,0,0,0.0,0,0.0,0,0.0,0,0.0,0.0,0.0,0.0,0.0,0.0,0.0,0.0,,0.0
戈牢,戈牢,2,20,0,0,0.0,0,0.0,0,0.0,0,0.0,0.0,0.0,0.0,0.0,0.0,0.0,0.0,,0.0
成崿,成崿,1,12,0,0,0.0,0,0.0,0,0.0,0,0.0,0.0,0.0,0.0,0.0,0.0,0.0,0.0,,0.0
戚逍遥,戚逍遥,1,4,0,0,0.0,0,0.0,0,0.0,0,0.0,0.0,0.0,0.0,0.0,0.0,0.0,0.0,,0.0
戴公怀,戴公怀,1,28,0,0,0.0,0,0.0,0,0.0,0,0.0,0.0,0.0,0.0,0.0,0.0,0.0,0.0,,0.0
戴察,戴察,1,12,0,0,0.0,0,0.0,0,0.0,0,0.0,0.0,0.0,0.0,0.0,0.0,0.0,0.0,,0.0
房千里,房千里,1,8,0,0,0.0,0,0.0,0,0.0,0,0.0,0.0,0.0,0.0,0.0,0.0,0.0,0.0,,0.0
房琯,房琯,1,20,0,0,0.0,0,0.0,0,0.0,0,0.0,0.0,0.0,0.0,0.0,0.0,0.0,0.0,,0.0
房融,房融,1,8,0,0,0.0,0,0.0,0,0.0,0,0.0,0.0,0.0,0.0,0.0,0.0,0.0,0.0,,0.0
扈载,扈载,1,8,0,0,0.0,0,0.0,0,0.0,0,0.0,0.0,0.0,0.0,0.0,0.0,0.0,0.0,,0.0
故台城妓,故台城妓,2,12,0,0,0.0,0,0.0,0,0.0,0,0.0,0.0,0.0,0.0,0.0,0.0,0.0,0.0,,0.0
文丙,文丙,5,40,0,0,0.0,0,0.0,0,0.0,0,0.0,0.0,0.0,0.0,0.0,0.0,0.0,0.0,,0.0
文益,文益,1,8,0,0,0.0,0,0.0,0,0.0,0,0.0,0.0,0.0,0.0,0.0,0.0,0.0,0.0,,0.0
文秀,文秀,1,4,0,0,0.0,0,0.0,0,0.0,0,0.0,0.0,0.0,0.0,0.0,0.0,0.0,0.0,,0.0
文鉴,文鉴,1,4,0,0,0.0,0,0.0,0,0.0,0,0.0,0.0,0.0,0.0,0.0,0.0,0.0,0.0,,0.0
方愚,方愚,1,4,0,0,0.0,0,0.0,0,0.0,0,0.0,0.0,0.0,0.0,0.0,0.0,0.0,0.0,,0.0
方棫,方棫,1,4,0,0,0.0,0,0.0,0,0.0,0,0.0,0.0,0.0,0.0,0.0,0.0,0.0,0.0,,0.0
方泽,方泽,1,4,0,0,0.0,0,0.0,0,0.0,0,0.0,0.0,0.0,0.0,0.0,0.0,0.0,0.0,,0.0
无作,无作,1,4,0,0,0.0,0,0.0,0,0.0,0,0.0,0.0,0.0,0.0,0.0,0.0,0.0,0.0,,0.0
无则,无则,2,12,0,0,0.0,0,0.0,0,0.0,0,0.0,0.0,0.0,0.0,0.0,0.0,0.0,0.0,,0.0
无名女鬼,无名女鬼,1,4,0,0,0.0,0,0.0,0,0.0,0,0.0,0.0,0.0,0.0,0.0,0.0,0.0,0.0,,0.0
无名释,无名释,1,4,0,0,0.0,0,0.0,0,0.0,0,0.0,0.0,0.0,0.0,0.0,0.0,0.0,0.0,,0.0
无闷,无闷,2,8,0,0,0.0,0,0.0,0,0.0,0,0.0,0.0,0.0,0.0,0.0,0.0,0.0,0.0,,0.0
易重,易重,1,8,0,0,0.0,0,0.0,0,0.0,0,0.0,0.0,0.0,0.0,0.0,0.0,0.0,0.0,,0.0
昙域,昙域,3,24,0,0,0.0,0,0.0,0,0.0,0,0.0,0.0,0.0,0.0,0.0,0.0,0.0,0.0,,0.0
昙翼,昙翼,1,10,0,0,0.0,0,0.0,0,0.0,0,0.0,0.0,0.0,0.0,0.0,0.0,0.0,0.0,,0.0
景审,景审,2,6,0,0,0.0,0,0.0,0,0.0,0,0.0,0.0,0.0,0.0,0.0,0.0,0.0,0.0,,0.0
景池,景池,1,8,0,0,0.0,0,0.0,0,0.0,0,0.0,0.0,0.0,0.0,0.0,0.0,0.0,0.0,,0.0
景龙文馆士,景龙文馆士,1,4,0,0,0.0,0,0.0,0,0.0,0,0.0,0.0,0.0,0.0,0.0,0.0,0.0,0.0,,0.0
智亮,智亮,1,8,0,0,0.0,0,0.0,0,0.0,0,0.0,0.0,0.0,0.0,0.0,0.0,0.0,0.0,,0.0
智远,智远,1,8,0,0,0.0,0,0.0,0,0.0,0,0.0,0.0,0.0,0.0,0.0,0.0,0.0,0.0,,0.0
曲龙山仙,曲龙山仙,1,16,0,0,0.0,0,0.0,0,0.0,0,0.0,0.0,0.0,0.0,0.0,0.0,0.0,0.0,,0.0
曹文姬,曹文姬,1,2,0,0,0.0,0,0.0,0,0.0,0,0.0,0.0,0.0,0.0,0.0,0.0,0.0,0.0,,0.0
曹汾,曹汾,1,8,0,0,0.0,0,0.0,0,0.0,0,0.0,0.0,0.0,0.0,0.0,0.0,0.0,0.0,,0.0
曹生,曹生,1,4,0,0,0.0,0,0.0,0,0.0,0,0.0,0.0,0.0,0.0,0.0,0.0,0.0,0.0,,0.0
曹著,曹著,1,12,0,0,0.0,0,0.0,0,0.0,0,0.0,0.0,0.0,0.0,0.0,0.0,0.0,0.0,,0.0
曾崇范妻,曾崇范妻,1,2,0,0,0.0,0,0.0,0,0.0,0,0.0,0.0,0.0,0.0,0.0,0.0,0.0,0.0,,0.0
曾麻几,曾麻几,1,4,0,0,0.0,0,0.0,0,0.0,0,0.0,0.0,0.0,0.0,0.0,0.0,0.0,0.0,,0.0
朝衡,朝衡,1,12,0,0,0.0,0,0.0,0,0.0,0,0.0,0.0,0.0,0.0,0.0,0.0,0.0,0.0,,0.0
朱仲晦,朱仲晦,1,24,0,0,0.0,0,0.0,0,0.0,0,0.0,0.0,0.0,0.0,0.0,0.0,0.0,0.0,,0.0
朱休,朱休,1,12,0,0,0.0,0,0.0,0,0.0,0,0.0,0.0,0.0,0.0,0.0,0.0,0.0,0.0,,0.0
朱使欣,朱使欣,1,8,0,0,0.0,0,0.0,0,0.0,0,0.0,0.0,0.0,0.0,0.0,0.0,0.0,0.0,,0.0
朱元,朱元,1,4,0,0,0.0,0,0.0,0,0.0,0,0.0,0.0,0.0,0.0,0.0,0.0,0.0,0.0,,0.0
朱光弼,朱光弼,3,12,0,0,0.0,0,0.0,0,0.0,0,0.0,0.0,0.0,0.0,0.0,0.0,0.0,0.0,,0.0
朱华,朱华,1,12,0,0,0.0,0,0.0,0,0.0,0,0.0,0.0,0.0,0.0,0.0,0.0,0.0,0.0,,0.0
朱可名,朱可名,1,8,0,0,0.0,0,0.0,0,0.0,0,0.0,0.0,0.0,0.0,0.0,0.0,0.0,0.0,,0.0
朱均,朱均,1,18,0,0,0.0,0,0.0,0,0.0,0,0.0,0.0,0.0,0.0,0.0,0.0,0.0,0.0,,0.0
朱子奢,朱子奢,1,8,0,0,0.0,0,0.0,0,0.0,0,0.0,0.0,0.0,0.0,0.0,0.0,0.0,0.0,,0.0
朱子真,朱子真,2,8,0,0,0.0,0,0.0,0,0.0,0,0.0,0.0,0.0,0.0,0.0,0.0,0.0,0.0,,0.0
朱存,朱存,1,4,0,0,0.0,0,0.0,0,0.0,0,0.0,0.0,0.0,0.0,0.0,0.0,0.0,0.0,,0.0
朱宿,朱宿,1,16,0,0,0.0,0,0.0,0,0.0,0,0.0,0.0,0.0,0.0,0.0,0.0,0.0,0.0,,0.0
朱延,朱延,1,8,0,0,0.0,0,0.0,0,0.0,0,0.0,0.0,0.0,0.0,0.0,0.0,0.0,0.0,,0.0
朱延龄,朱延龄,1,12,0,0,0.0,0,0.0,0,0.0,0,0.0,0.0,0.0,0.0,0.0,0.0,0.0,0.0,,0.0
朱彬,朱彬,1,4,0,0,0.0,0,0.0,0,0.0,0,0.0,0.0,0.0,0.0,0.0,0.0,0.0,0.0,,0.0
朱斌,朱斌,1,4,0,0,0.0,0,0.0,0,0.0,0,0.0,0.0,0.0,0.0,0.0,0.0,0.0,0.0,,0.0
朱晦,朱晦,1,4,0,0,0.0,0,0.0,0,0.0,0,0.0,0.0,0.0,0.0,0.0,0.0,0.0,0.0,,0.0
朱泽,朱泽,1,4,0,0,0.0,0,0.0,0,0.0,0,0.0,0.0,0.0,0.0,0.0,0.0,0.0,0.0,,0.0
朱琳,朱琳,1,8,0,0,0.0,0,0.0,0,0.0,0,0.0,0.0,0.0,0.0,0.0,0.0,0.0,0.0,,0.0
朱绛,朱绛,1,4,0,0,0.0,0,0.0,0,0.0,0,0.0,0.0,0.0,0.0,0.0,0.0,0.0,0.0,,0.0
朱逵,朱逵,1,20,0,0,0.0,0,0.0,0,0.0,0,0.0,0.0,0.0,0.0,0.0,0.0,0.0,0.0,,0.0
权审,权审,2,8,0,0,0.0,0,0.0,0,0.0,0,0.0,0.0,0.0,0.0,0.0,0.0,0.0,0.0,,0.0
权彻,权彻,1,14,0,0,0.0,0,0.0,0,0.0,0,0.0,0.0,0.0,0.0,0.0,0.0,0.0,0.0,,0.0
权龙褒,权龙褒,5,18,0,0,0.0,0,0.0,0,0.0,0,0.0,0.0,0.0,0.0,0.0,0.0,0.0,0.0,,0.0
李主簿姬,李主簿姬,1,4,0,0,0.0,0,0.0,0,0.0,0,0.0,0.0,0.0,0.0,0.0,0.0,0.0,0.0,,0.0
李义府,李义府,9,124,0,0,0.0,0,0.0,0,0.0,0,0.0,0.0,0.0,0.0,0.0,0.0,0.0,0.0,,0.0
李习,李习,1,4,0,0,0.0,0,0.0,0,0.0,0,0.0,0.0,0.0,0.0,0.0,0.0,0.0,0.0,,0.0
李亨,李亨,3,35,0,0,0.0,0,0.0,0,0.0,0,0.0,0.0,0.0,0.0,0.0,0.0,0.0,0.0,,0.0
李京,李京,1,8,0,0,0.0,0,0.0,0,0.0,0,0.0,0.0,0.0,0.0,0.0,0.0,0.0,0.0,,0.0
李从善,李从善,1,36,0,0,0.0,0,0.0,0,0.0,0,0.0,0.0,0.0,0.0,0.0,0.0,0.0,0.0,,0.0
李令,李令,1,4,0,0,0.0,0,0.0,0,0.0,0,0.0,0.0,0.0,0.0,0.0,0.0,0.0,0.0,,0.0
李伉,李伉,1,4,0,0,0.0,0,0.0,0,0.0,0,0.0,0.0,0.0,0.0,0.0,0.0,0.0,0.0,,0.0
李休烈,李休烈,2,8,0,0,0.0,0,0.0,0,0.0,0,0.0,0.0,0.0,0.0,0.0,0.0,0.0,0.0,,0.0
李伦,李伦,1,8,0,0,0.0,0,0.0,0,0.0,0,0.0,0.0,0.0,0.0,0.0,0.0,0.0,0.0,,0.0
李伯鱼,李伯鱼,1,8,0,0,0.0,0,0.0,0,0.0,0,0.0,0.0,0.0,0.0,0.0,0.0,0.0,0.0,,0.0
李体仁,李体仁,1,12,0,0,0.0,0,0.0,0,0.0,0,0.0,0.0,0.0,0.0,0.0,0.0,0.0,0.0,,0.0
李何,李何,1,4,0,0,0.0,0,0.0,0,0.0,0,0.0,0.0,0.0,0.0,0.0,0.0,0.0,0.0,,0.0
李元嘉,李元嘉,1,14,0,0,0.0,0,0.0,0,0.0,0,0.0,0.0,0.0,0.0,0.0,0.0,0.0,0.0,,0.0
李元操,李元操,1,16,0,0,0.0,0,0.0,0,0.0,0,0.0,0.0,0.0,0.0,0.0,0.0,0.0,0.0,,0.0
李元纮,李元纮,3,28,0,0,0.0,0,0.0,0,0.0,0,0.0,0.0,0.0,0.0,0.0,0.0,0.0,0.0,,0.0
李克恭,李克恭,1,8,0,0,0.0,0,0.0,0,0.0,0,0.0,0.0,0.0,0.0,0.0,0.0,0.0,0.0,,0.0
李兼,李兼,1,4,0,0,0.0,0,0.0,0,0.0,0,0.0,0.0,0.0,0.0,0.0,0.0,0.0,0.0,,0.0
李助,李助,1,4,0,0,0.0,0,0.0,0,0.0,0,0.0,0.0,0.0,0.0,0.0,0.0,0.0,0.0,,0.0
李勋,李勋,1,12,0,0,0.0,0,0.0,0,0.0,0,0.0,0.0,0.0,0.0,0.0,0.0,0.0,0.0,,0.0
李升,李升,1,4,0,0,0.0,0,0.0,0,0.0,0,0.0,0.0,0.0,0.0,0.0,0.0,0.0,0.0,,0.0
李叔霁,李叔霁,1,4,0,0,0.0,0,0.0,0,0.0,0,0.0,0.0,0.0,0.0,0.0,0.0,0.0,0.0,,0.0
李吉甫,李吉甫,4,40,0,0,0.0,0,0.0,0,0.0,0,0.0,0.0,0.0,0.0,0.0,0.0,0.0,0.0,,0.0
李君何,李君何,1,12,0,0,0.0,0,0.0,0,0.0,0,0.0,0.0,0.0,0.0,0.0,0.0,0.0,0.0,,0.0
李君房,李君房,1,12,0,0,0.0,0,0.0,0,0.0,0,0.0,0.0,0.0,0.0,0.0,0.0,0.0,0.0,,0.0
李咸,李咸,1,8,0,0,0.0,0,0.0,0,0.0,0,0.0,0.0,0.0,0.0,0.0,0.0,0.0,0.0,,0.0
李回,李回,4,24,0,0,0.0,0,0.0,0,0.0,0,0.0,0.0,0.0,0.0,0.0,0.0,0.0,0.0,,0.0
李士元,李士元,2,16,0,0,0.0,0,0.0,0,0.0,0,0.0,0.0,0.0,0.0,0.0,0.0,0.0,0.0,,0.0
李夐,李夐,1,24,0,0,0.0,0,0.0,0,0.0,0,0.0,0.0,0.0,0.0,0.0,0.0,0.0,0.0,,0.0
李夔,李夔,1,8,0,0,0.0,0,0.0,0,0.0,0,0.0,0.0,0.0,0.0,0.0,0.0,0.0,0.0,,0.0
李夷简,李夷简,1,24,0,0,0.0,0,0.0,0,0.0,0,0.0,0.0,0.0,0.0,0.0,0.0,0.0,0.0,,0.0
李如璧,李如璧,1,21,0,0,0.0,0,0.0,0,0.0,0,0.0,0.0,0.0,0.0,0.0,0.0,0.0,0.0,,0.0
李子卿,李子卿,1,12,0,0,0.0,0,0.0,0,0.0,0,0.0,0.0,0.0,0.0,0.0,0.0,0.0,0.0,,0.0
李存勖,李存勖,4,31,0,0,0.0,0,0.0,0,0.0,0,0.0,0.0,0.0,0.0,0.0,0.0,0.0,0.0,,0.0
李季何,李季何,1,12,0,0,0.0,0,0.0,0,0.0,0,0.0,0.0,0.0,0.0,0.0,0.0,0.0,0.0,,0.0
李季兰,李季兰,1,16,0,0,0.0,0,0.0,0,0.0,0,0.0,0.0,0.0,0.0,0.0,0.0,0.0,0.0,,0.0
李季华,李季华,1,4,0,0,0.0,0,0.0,0,0.0,0,0.0,0.0,0.0,0.0,0.0,0.0,0.0,0.0,,0.0
李宏皋,李宏皋,2,20,0,0,0.0,0,0.0,0,0.0,0,0.0,0.0,0.0,0.0,0.0,0.0,0.0,0.0,,0.0
李宗闵,李宗闵,1,8,0,0,0.0,0,0.0,0,0.0,0,0.0,0.0,0.0,0.0,0.0,0.0,0.0,0.0,,0.0
李宣远,李宣远,2,16,0,0,0.0,0,0.0,0,0.0,0,0.0,0.0,0.0,0.0,0.0,0.0,0.0,0.0,,0.0
李家明,李家明,4,16,0,0,0.0,0,0.0,0,0.0,0,0.0,0.0,0.0,0.0,0.0,0.0,0.0,0.0,,0.0
李宾,李宾,2,32,0,0,0.0,0,0.0,0,0.0,0,0.0,0.0,0.0,0.0,0.0,0.0,0.0,0.0,,0.0
李密,李密,1,18,0,0,0.0,0,0.0,0,0.0,0,0.0,0.0,0.0,0.0,0.0,0.0,0.0,0.0,,0.0
李屿,李屿,1,20,0,0,0.0,0,0.0,0,0.0,0,0.0,0.0,0.0,0.0,0.0,0.0,0.0,0.0,,0.0
李岑,李岑1,3,30,0,0,0.0,0,0.0,0,0.0,0,0.0,0.0,0.0,0.0,0.0,0.0,0.0,0.0,,0.0
李岘,李岘,1,4,0,0,0.0,0,0.0,0,0.0,0,0.0,0.0,0.0,0.0,0.0,0.0,0.0,0.0,,0.0
李峰,李峰,1,8,0,0,0.0,0,0.0,0,0.0,0,0.0,0.0,0.0,0.0,0.0,0.0,0.0,0.0,,0.0
李嵘,李嵘,1,4,0,0,0.0,0,0.0,0,0.0,0,0.0,0.0,0.0,0.0,0.0,0.0,0.0,0.0,,0.0
李序,李序,1,4,0,0,0.0,0,0.0,0,0.0,0,0.0,0.0,0.0,0.0,0.0,0.0,0.0,0.0,,0.0
李应,李应,1,12,0,0,0.0,0,0.0,0,0.0,0,0.0,0.0,0.0,0.0,0.0,0.0,0.0,0.0,,0.0
李延陵,李延陵,1,24,0,0,0.0,0,0.0,0,0.0,0,0.0,0.0,0.0,0.0,0.0,0.0,0.0,0.0,,0.0
李廷璧,李廷璧,1,8,0,0,0.0,0,0.0,0,0.0,0,0.0,0.0,0.0,0.0,0.0,0.0,0.0,0.0,,0.0
李建业,李建业,1,8,0,0,0.0,0,0.0,0,0.0,0,0.0,0.0,0.0,0.0,0.0,0.0,0.0,0.0,,0.0
李归唐,李归唐,1,4,0,0,0.0,0,0.0,0,0.0,0,0.0,0.0,0.0,0.0,0.0,0.0,0.0,0.0,,0.0
李彦暐,李彦暐,1,8,0,0,0.0,0,0.0,0,0.0,0,0.0,0.0,0.0,0.0,0.0,0.0,0.0,0.0,,0.0
李彦远,李彦远,1,8,0,0,0.0,0,0.0,0,0.0,0,0.0,0.0,0.0,0.0,0.0,0.0,0.0,0.0,,0.0
李微,李微,1,8,0,0,0.0,0,0.0,0,0.0,0,0.0,0.0,0.0,0.0,0.0,0.0,0.0,0.0,,0.0
李徵古,李徵古,1,4,0,0,0.0,0,0.0,0,0.0,0,0.0,0.0,0.0,0.0,0.0,0.0,0.0,0.0,,0.0
李怀远,李怀远,2,26,0,0,0.0,0,0.0,0,0.0,0,0.0,0.0,0.0,0.0,0.0,0.0,0.0,0.0,,0.0
李恒,李恒,1,8,0,0,0.0,0,0.0,0,0.0,0,0.0,0.0,0.0,0.0,0.0,0.0,0.0,0.0,,0.0
李憕,李憕,3,24,0,0,0.0,0,0.0,0,0.0,0,0.0,0.0,0.0,0.0,0.0,0.0,0.0,0.0,,0.0
李拯,李拯,1,4,0,0,0.0,0,0.0,0,0.0,0,0.0,0.0,0.0,0.0,0.0,0.0,0.0,0.0,,0.0
李损之,李损之,1,12,0,0,0.0,0,0.0,0,0.0,0,0.0,0.0,0.0,0.0,0.0,0.0,0.0,0.0,,0.0
李敬玄,李敬玄,2,22,0,0,0.0,0,0.0,0,0.0,0,0.0,0.0,0.0,0.0,0.0,0.0,0.0,0.0,,0.0
李日新,李日新,1,4,0,0,0.0,0,0.0,0,0.0,0,0.0,0.0,0.0,0.0,0.0,0.0,0.0,0.0,,0.0
李旦,李旦,2,10,0,0,0.0,0,0.0,0,0.0,0,0.0,0.0,0.0,0.0,0.0,0.0,0.0,0.0,,0.0
李旭,李旭,1,8,0,0,0.0,0,0.0,0,0.0,0,0.0,0.0,0.0,0.0,0.0,0.0,0.0,0.0,,0.0
李昉,李昉,1,8,0,0,0.0,0,0.0,0,0.0,0,0.0,0.0,0.0,0.0,0.0,0.0,0.0,0.0,,0.0
李昌邺,李昌邺,1,4,0,0,0.0,0,0.0,0,0.0,0,0.0,0.0,0.0,0.0,0.0,0.0,0.0,0.0,,0.0
李明远,李明远,1,8,0,0,0.0,0,0.0,0,0.0,0,0.0,0.0,0.0,0.0,0.0,0.0,0.0,0.0,,0.0
李昭象,李昭象,9,58,0,0,0.0,0,0.0,0,0.0,0,0.0,0.0,0.0,0.0,0.0,0.0,0.0,0.0,,0.0
李昼,李昼,1,4,0,0,0.0,0,0.0,0,0.0,0,0.0,0.0,0.0,0.0,0.0,0.0,0.0,0.0,,0.0
李景,李景,2,20,0,0,0.0,0,0.0,0,0.0,0,0.0,0.0,0.0,0.0,0.0,0.0,0.0,0.0,,0.0
李景伯,李景伯,3,12,0,0,0.0,0,0.0,0,0.0,0,0.0,0.0,0.0,0.0,0.0,0.0,0.0,0.0,,0.0
李景俭,李景俭,1,9,0,0,0.0,0,0.0,0,0.0,0,0.0,0.0,0.0,0.0,0.0,0.0,0.0,0.0,,0.0
李景让,李景让,2,10,0,0,0.0,0,0.0,0,0.0,0,0.0,0.0,0.0,0.0,0.0,0.0,0.0,0.0,,0.0
李暇,李暇,6,52,0,0,0.0,0,0.0,0,0.0,0,0.0,0.0,0.0,0.0,0.0,0.0,0.0,0.0,,0.0
李暠,李暠,1,12,0,0,0.0,0,0.0,0,0.0,0,0.0,0.0,0.0,0.0,0.0,0.0,0.0,0.0,,0.0
李曜,李曜,1,4,0,0,0.0,0,0.0,0,0.0,0,0.0,0.0,0.0,0.0,0.0,0.0,0.0,0.0,,0.0
李朋,李朋,1,8,0,0,0.0,0,0.0,0,0.0,0,0.0,0.0,0.0,0.0,0.0,0.0,0.0,0.0,,0.0
李梦符,李梦符,3,18,0,0,0.0,0,0.0,0,0.0,0,0.0,0.0,0.0,0.0,0.0,0.0,0.0,0.0,,0.0
李正辞,李正辞,1,12,0,0,0.0,0,0.0,0,0.0,0,0.0,0.0,0.0,0.0,0.0,0.0,0.0,0.0,,0.0
李汶儒,李汶儒,1,8,0,0,0.0,0,0.0,0,0.0,0,0.0,0.0,0.0,0.0,0.0,0.0,0.0,0.0,,0.0
李沇,李沇,6,77,0,0,0.0,0,0.0,0,0.0,0,0.0,0.0,0.0,0.0,0.0,0.0,0.0,0.0,,0.0
李治,李治,8,98,0,0,0.0,0,0.0,0,0.0,0,0.0,0.0,0.0,0.0,0.0,0.0,0.0,0.0,,0.0
李浩弼,李浩弼,1,8,0,0,0.0,0,0.0,0,0.0,0,0.0,0.0,0.0,0.0,0.0,0.0,0.0,0.0,,0.0
李清,李清,1,4,0,0,0.0,0,0.0,0,0.0,0,0.0,0.0,0.0,0.0,0.0,0.0,0.0,0.0,,0.0
李渊,李渊,1,4,0,0,0.0,0,0.0,0,0.0,0,0.0,0.0,0.0,0.0,0.0,0.0,0.0,0.0,,0.0
李渥,李渥,1,8,0,0,0.0,0,0.0,0,0.0,0,0.0,0.0,0.0,0.0,0.0,0.0,0.0,0.0,,0.0
李溟,李溟,1,8,0,0,0.0,0,0.0,0,0.0,0,0.0,0.0,0.0,0.0,0.0,0.0,0.0,0.0,,0.0
李潜,李潜,1,8,0,0,0.0,0,0.0,0,0.0,0,0.0,0.0,0.0,0.0,0.0,0.0,0.0,0.0,,0.0
李澄之,李澄之,1,8,0,0,0.0,0,0.0,0,0.0,0,0.0,0.0,0.0,0.0,0.0,0.0,0.0,0.0,,0.0
李澣,李澣,1,4,0,0,0.0,0,0.0,0,0.0,0,0.0,0.0,0.0,0.0,0.0,0.0,0.0,0.0,,0.0
李玉箫,李玉箫,1,4,0,0,0.0,0,0.0,0,0.0,0,0.0,0.0,0.0,0.0,0.0,0.0,0.0,0.0,,0.0
李琪,李琪,3,19,0,0,0.0,0,0.0,0,0.0,0,0.0,0.0,0.0,0.0,0.0,0.0,0.0,0.0,,0.0
李璟,李璟,5,38,0,0,0.0,0,0.0,0,0.0,0,0.0,0.0,0.0,0.0,0.0,0.0,0.0,0.0,,0.0
李甘,李甘,1,4,0,0,0.0,0,0.0,0,0.0,0,0.0,0.0,0.0,0.0,0.0,0.0,0.0,0.0,,0.0
李真,李真,1,4,0,0,0.0,0,0.0,0,0.0,0,0.0,0.0,0.0,0.0,0.0,0.0,0.0,0.0,,0.0
李祎,李祎,1,20,0,0,0.0,0,0.0,0,0.0,0,0.0,0.0,0.0,0.0,0.0,0.0,0.0,0.0,,0.0
李福业,李福业,1,4,0,0,0.0,0,0.0,0,0.0,0,0.0,0.0,0.0,0.0,0.0,0.0,0.0,0.0,,0.0
李秘,李秘,1,8,0,0,0.0,0,0.0,0,0.0,0,0.0,0.0,0.0,0.0,0.0,0.0,0.0,0.0,,0.0
李程,李程,5,60,0,0,0.0,0,0.0,0,0.0,0,0.0,0.0,0.0,0.0,0.0,0.0,0.0,0.0,,0.0
李穆,李穆,1,4,0,0,0.0,0,0.0,0,0.0,0,0.0,0.0,0.0,0.0,0.0,0.0,0.0,0.0,,0.0
李章,李章,2,16,0,0,0.0,0,0.0,0,0.0,0,0.0,0.0,0.0,0.0,0.0,0.0,0.0,0.0,,0.0
李竦,李竦,1,12,0,0,0.0,0,0.0,0,0.0,0,0.0,0.0,0.0,0.0,0.0,0.0,0.0,0.0,,0.0
李约,李约,9,96,0,0,0.0,0,0.0,0,0.0,0,0.0,0.0,0.0,0.0,0.0,0.0,0.0,0.0,,0.0
李缟,李缟,1,4,0,0,0.0,0,0.0,0,0.0,0,0.0,0.0,0.0,0.0,0.0,0.0,0.0,0.0,,0.0
李羽,李羽,1,4,0,0,0.0,0,0.0,0,0.0,0,0.0,0.0,0.0,0.0,0.0,0.0,0.0,0.0,,0.0
李聪,李聪,1,4,0,0,0.0,0,0.0,0,0.0,0,0.0,0.0,0.0,0.0,0.0,0.0,0.0,0.0,,0.0
李肱,李肱,2,14,0,0,0.0,0,0.0,0,0.0,0,0.0,0.0,0.0,0.0,0.0,0.0,0.0,0.0,,0.0
李舜弦,李舜弦,3,12,0,0,0.0,0,0.0,0,0.0,0,0.0,0.0,0.0,0.0,0.0,0.0,0.0,0.0,,0.0
李节度姬,李节度姬,2,12,0,0,0.0,0,0.0,0,0.0,0,0.0,0.0,0.0,0.0,0.0,0.0,0.0,0.0,,0.0
李花开,李花开,1,4,0,0,0.0,0,0.0,0,0.0,0,0.0,0.0,0.0,0.0,0.0,0.0,0.0,0.0,,0.0
李茂复,李茂复,2,8,0,0,0.0,0,0.0,0,0.0,0,0.0,0.0,0.0,0.0,0.0,0.0,0.0,0.0,,0.0
李荣,李荣,1,4,0,0,0.0,0,0.0,0,0.0,0,0.0,0.0,0.0,0.0,0.0,0.0,0.0,0.0,,0.0
李虞,李虞,1,4,0,0,0.0,0,0.0,0,0.0,0,0.0,0.0,0.0,0.0,0.0,0.0,0.0,0.0,,0.0
李虞仲,李虞仲,1,12,0,0,0.0,0,0.0,0,0.0,0,0.0,0.0,0.0,0.0,0.0,0.0,0.0,0.0,,0.0
李行敏,李行敏,1,12,0,0,0.0,0,0.0,0,0.0,0,0.0,0.0,0.0,0.0,0.0,0.0,0.0,0.0,,0.0
李行言,李行言,1,12,0,0,0.0,0,0.0,0,0.0,0,0.0,0.0,0.0,0.0,0.0,0.0,0.0,0.0,,0.0
李衍,李衍,6,32,0,0,0.0,0,0.0,0,0.0,0,0.0,0.0,0.0,0.0,0.0,0.0,0.0,0.0,,0.0
李衢,李衢,1,12,0,0,0.0,0,0.0,0,0.0,0,0.0,0.0,0.0,0.0,0.0,0.0,0.0,0.0,,0.0
李讷,李讷,1,4,0,0,0.0,0,0.0,0,0.0,0,0.0,0.0,0.0,0.0,0.0,0.0,0.0,0.0,,0.0
李询,李询,1,4,0,0,0.0,0,0.0,0,0.0,0,0.0,0.0,0.0,0.0,0.0,0.0,0.0,0.0,,0.0
李谨言,李谨言,1,8,0,0,0.0,0,0.0,0,0.0,0,0.0,0.0,0.0,0.0,0.0,0.0,0.0,0.0,,0.0
李贞,李贞,1,10,0,0,0.0,0,0.0,0,0.0,0,0.0,0.0,0.0,0.0,0.0,0.0,0.0,0.0,,0.0
李贤,李贤,2,12,0,0,0.0,0,0.0,0,0.0,0,0.0,0.0,0.0,0.0,0.0,0.0,0.0,0.0,,0.0
李质,李质,1,8,0,0,0.0,0,0.0,0,0.0,0,0.0,0.0,0.0,0.0,0.0,0.0,0.0,0.0,,0.0
李赞华,李赞华,1,4,0,0,0.0,0,0.0,0,0.0,0,0.0,0.0,0.0,0.0,0.0,0.0,0.0,0.0,,0.0
李迥秀,李迥秀,4,28,0,0,0.0,0,0.0,0,0.0,0,0.0,0.0,0.0,0.0,0.0,0.0,0.0,0.0,,0.0
李逸,李逸,1,8,0,0,0.0,0,0.0,0,0.0,0,0.0,0.0,0.0,0.0,0.0,0.0,0.0,0.0,,0.0
李適之,李適之,2,8,0,0,0.0,0,0.0,0,0.0,0,0.0,0.0,0.0,0.0,0.0,0.0,0.0,0.0,,0.0
李邺,李邺,1,8,0,0,0.0,0,0.0,0,0.0,0,0.0,0.0,0.0,0.0,0.0,0.0,0.0,0.0,,0.0
李都,李都,1,8,0,0,0.0,0,0.0,0,0.0,0,0.0,0.0,0.0,0.0,0.0,0.0,0.0,0.0,,0.0
李阳冰,李阳冰,1,4,0,0,0.0,0,0.0,0,0.0,0,0.0,0.0,0.0,0.0,0.0,0.0,0.0,0.0,,0.0
李骘,李骘,3,58,0,0,0.0,0,0.0,0,0.0,0,0.0,0.0,0.0,0.0,0.0,0.0,0.0,0.0,,0.0
杜之松,杜之松,1,8,0,0,0.0,0,0.0,0,0.0,0,0.0,0.0,0.0,0.0,0.0,0.0,0.0,0.0,,0.0
杜俨,杜俨,1,4,0,0,0.0,0,0.0,0,0.0,0,0.0,0.0,0.0,0.0,0.0,0.0,0.0,0.0,,0.0
杜元颖,杜元颖,1,12,0,0,0.0,0,0.0,0,0.0,0,0.0,0.0,0.0,0.0,0.0,0.0,0.0,0.0,,0.0
杜周士,杜周士,1,12,0,0,0.0,0,0.0,0,0.0,0,0.0,0.0,0.0,0.0,0.0,0.0,0.0,0.0,,0.0
杜奕,杜奕,1,5,0,0,0.0,0,0.0,0,0.0,0,0.0,0.0,0.0,0.0,0.0,0.0,0.0,0.0,,0.0
杜常,杜常,1,4,0,0,0.0,0,0.0,0,0.0,0,0.0,0.0,0.0,0.0,0.0,0.0,0.0,0.0,,0.0
杜建徽,杜建徽,1,4,0,0,0.0,0,0.0,0,0.0,0,0.0,0.0,0.0,0.0,0.0,0.0,0.0,0.0,,0.0
杜易简,杜易简,2,20,0,0,0.0,0,0.0,0,0.0,0,0.0,0.0,0.0,0.0,0.0,0.0,0.0,0.0,,0.0
杜正伦,杜正伦,2,28,0,0,0.0,0,0.0,0,0.0,0,0.0,0.0,0.0,0.0,0.0,0.0,0.0,0.0,,0.0
杜羔,杜羔,2,16,0,0,0.0,0,0.0,0,0.0,0,0.0,0.0,0.0,0.0,0.0,0.0,0.0,0.0,,0.0
杜诵,杜诵,1,8,0,0,0.0,0,0.0,0,0.0,0,0.0,0.0,0.0,0.0,0.0,0.0,0.0,0.0,,0.0
杜頠,杜頠,3,40,0,0,0.0,0,0.0,0,0.0,0,0.0,0.0,0.0,0.0,0.0,0.0,0.0,0.0,,0.0
来济,来济,1,4,0,0,0.0,0,0.0,0,0.0,0,0.0,0.0,0.0,0.0,0.0,0.0,0.0,0.0,,0.0
杨乘,杨乘,5,76,0,0,0.0,0,0.0,0,0.0,0,0.0,0.0,0.0,0.0,0.0,0.0,0.0,0.0,,0.0
杨厚,杨厚,1,8,0,0,0.0,0,0.0,0,0.0,0,0.0,0.0,0.0,0.0,0.0,0.0,0.0,0.0,,0.0
杨奇鲲,杨奇鲲,1,8,0,0,0.0,0,0.0,0,0.0,0,0.0,0.0,0.0,0.0,0.0,0.0,0.0,0.0,,0.0
杨容华,杨容华,1,8,0,0,0.0,0,0.0,0,0.0,0,0.0,0.0,0.0,0.0,0.0,0.0,0.0,0.0,,0.0
杨廉,杨廉,2,16,0,0,0.0,0,0.0,0,0.0,0,0.0,0.0,0.0,0.0,0.0,0.0,0.0,0.0,,0.0
杨彝,杨彝,1,8,0,0,0.0,0,0.0,0,0.0,0,0.0,0.0,0.0,0.0,0.0,0.0,0.0,0.0,,0.0
杨德麟,杨德麟,1,4,0,0,0.0,0,0.0,0,0.0,0,0.0,0.0,0.0,0.0,0.0,0.0,0.0,0.0,,0.0
杨徽之,杨徽之,2,12,0,0,0.0,0,0.0,0,0.0,0,0.0,0.0,0.0,0.0,0.0,0.0,0.0,0.0,,0.0
杨志坚,杨志坚,1,8,0,0,0.0,0,0.0,0,0.0,0,0.0,0.0,0.0,0.0,0.0,0.0,0.0,0.0,,0.0
杨思玄,杨思玄,2,24,0,0,0.0,0,0.0,0,0.0,0,0.0,0.0,0.0,0.0,0.0,0.0,0.0,0.0,,0.0
杨持,杨持,1,4,0,0,0.0,0,0.0,0,0.0,0,0.0,0.0,0.0,0.0,0.0,0.0,0.0,0.0,,0.0
杨昭俭,杨昭俭,1,4,0,0,0.0,0,0.0,0,0.0,0,0.0,0.0,0.0,0.0,0.0,0.0,0.0,0.0,,0.0
杨汉公,杨汉公,2,8,0,0,0.0,0,0.0,0,0.0,0,0.0,0.0,0.0,0.0,0.0,0.0,0.0,0.0,,0.0
杨洵美,杨洵美,1,12,0,0,0.0,0,0.0,0,0.0,0,0.0,0.0,0.0,0.0,0.0,0.0,0.0,0.0,,0.0
杨濬,杨濬,1,8,0,0,0.0,0,0.0,0,0.0,0,0.0,0.0,0.0,0.0,0.0,0.0,0.0,0.0,,0.0
杨炎,杨炎,2,8,0,0,0.0,0,0.0,0,0.0,0,0.0,0.0,0.0,0.0,0.0,0.0,0.0,0.0,,0.0
杨玉环,杨玉环,1,4,0,0,0.0,0,0.0,0,0.0,0,0.0,0.0,0.0,0.0,0.0,0.0,0.0,0.0,,0.0
杨玢,杨玢,3,12,0,0,0.0,0,0.0,0,0.0,0,0.0,0.0,0.0,0.0,0.0,0.0,0.0,0.0,,0.0
杨知至,杨知至,2,12,0,0,0.0,0,0.0,0,0.0,0,0.0,0.0,0.0,0.0,0.0,0.0,0.0,0.0,,0.0
杨系,杨系,1,12,0,0,0.0,0,0.0,0,0.0,0,0.0,0.0,0.0,0.0,0.0,0.0,0.0,0.0,,0.0
杨苎萝,杨苎萝,1,4,0,0,0.0,0,0.0,0,0.0,0,0.0,0.0,0.0,0.0,0.0,0.0,0.0,0.0,,0.0
杨莱儿,杨莱儿,2,12,0,0,0.0,0,0.0,0,0.0,0,0.0,0.0,0.0,0.0,0.0,0.0,0.0,0.0,,0.0
杨虞卿,杨虞卿,2,10,0,0,0.0,0,0.0,0,0.0,0,0.0,0.0,0.0,0.0,0.0,0.0,0.0,0.0,,0.0
杨行敏,杨行敏,1,8,0,0,0.0,0,0.0,0,0.0,0,0.0,0.0,0.0,0.0,0.0,0.0,0.0,0.0,,0.0
杨贲,杨贲,1,8,0,0,0.0,0,0.0,0,0.0,0,0.0,0.0,0.0,0.0,0.0,0.0,0.0,0.0,,0.0
杨贵妃,杨贵妃,1,4,0,0,0.0,0,0.0,0,0.0,0,0.0,0.0,0.0,0.0,0.0,0.0,0.0,0.0,,0.0
杨郇伯,杨郇伯,1,8,0,0,0.0,0,0.0,0,0.0,0,0.0,0.0,0.0,0.0,0.0,0.0,0.0,0.0,,0.0
杨重玄,杨重玄,1,4,0,0,0.0,0,0.0,0,0.0,0,0.0,0.0,0.0,0.0,0.0,0.0,0.0,0.0,,0.0
杨颜,杨颜,1,8,0,0,0.0,0,0.0,0,0.0,0,0.0,0.0,0.0,0.0,0.0,0.0,0.0,0.0,,0.0
杨鸾,杨鸾,1,4,0,0,0.0,0,0.0,0,0.0,0,0.0,0.0,0.0,0.0,0.0,0.0,0.0,0.0,,0.0
杨鸿,杨鸿,1,4,0,0,0.0,0,0.0,0,0.0,0,0.0,0.0,0.0,0.0,0.0,0.0,0.0,0.0,,0.0
杨鼎夫,杨鼎夫,1,8,0,0,0.0,0,0.0,0,0.0,0,0.0,0.0,0.0,0.0,0.0,0.0,0.0,0.0,,0.0
杨齐哲,杨齐哲,1,8,0,0,0.0,0,0.0,0,0.0,0,0.0,0.0,0.0,0.0,0.0,0.0,0.0,0.0,,0.0
林嵩,林嵩,1,8,0,0,0.0,0,0.0,0,0.0,0,0.0,0.0,0.0,0.0,0.0,0.0,0.0,0.0,,0.0
林杰,林杰,3,10,0,0,0.0,0,0.0,0,0.0,0,0.0,0.0,0.0,0.0,0.0,0.0,0.0,0.0,,0.0
林楚翘,林楚翘,1,8,0,0,0.0,0,0.0,0,0.0,0,0.0,0.0,0.0,0.0,0.0,0.0,0.0,0.0,,0.0
林珝,林珝,1,8,0,0,0.0,0,0.0,0,0.0,0,0.0,0.0,0.0,0.0,0.0,0.0,0.0,0.0,,0.0
林琨,林琨,1,12,0,0,0.0,0,0.0,0,0.0,0,0.0,0.0,0.0,0.0,0.0,0.0,0.0,0.0,,0.0
林璠,林璠,1,8,0,0,0.0,0,0.0,0,0.0,0,0.0,0.0,0.0,0.0,0.0,0.0,0.0,0.0,,0.0
林藻,林藻,3,28,0,0,0.0,0,0.0,0,0.0,0,0.0,0.0,0.0,0.0,0.0,0.0,0.0,0.0,,0.0
柯崇,柯崇,2,16,0,0,0.0,0,0.0,0,0.0,0,0.0,0.0,0.0,0.0,0.0,0.0,0.0,0.0,,0.0
柳公权,柳公权,4,20,0,0,0.0,0,0.0,0,0.0,0,0.0,0.0,0.0,0.0,0.0,0.0,0.0,0.0,,0.0
柳公绰,柳公绰,3,20,0,0,0.0,0,0.0,0,0.0,0,0.0,0.0,0.0,0.0,0.0,0.0,0.0,0.0,,0.0
柳明献,柳明献,1,4,0,0,0.0,0,0.0,0,0.0,0,0.0,0.0,0.0,0.0,0.0,0.0,0.0,0.0,,0.0
柳棠,柳棠,4,16,0,0,0.0,0,0.0,0,0.0,0,0.0,0.0,0.0,0.0,0.0,0.0,0.0,0.0,,0.0
柳氏,柳氏,2,6,0,0,0.0,0,0.0,0,0.0,0,0.0,0.0,0.0,0.0,0.0,0.0,0.0,0.0,,0.0
柳泌,柳泌,2,36,0,0,0.0,0,0.0,0,0.0,0,0.0,0.0,0.0,0.0,0.0,0.0,0.0,0.0,,0.0
柳浑,柳浑,1,4,0,0,0.0,0,0.0,0,0.0,0,0.0,0.0,0.0,0.0,0.0,0.0,0.0,0.0,,0.0
柳藏经,柳藏经,1,8,0,0,0.0,0,0.0,0,0.0,0,0.0,0.0,0.0,0.0,0.0,0.0,0.0,0.0,,0.0
柳逢,柳逢,1,4,0,0,0.0,0,0.0,0,0.0,0,0.0,0.0,0.0,0.0,0.0,0.0,0.0,0.0,,0.0
柳郴,柳郴,2,10,0,0,0.0,0,0.0,0,0.0,0,0.0,0.0,0.0,0.0,0.0,0.0,0.0,0.0,,0.0
柴夔,柴夔,1,8,0,0,0.0,0,0.0,0,0.0,0,0.0,0.0,0.0,0.0,0.0,0.0,0.0,0.0,,0.0
柴宿,柴宿,2,24,0,0,0.0,0,0.0,0,0.0,0,0.0,0.0,0.0,0.0,0.0,0.0,0.0,0.0,,0.0
栾清,栾清,1,4,0,0,0.0,0,0.0,0,0.0,0,0.0,0.0,0.0,0.0,0.0,0.0,0.0,0.0,,0.0
梁升卿,梁升卿,1,12,0,0,0.0,0,0.0,0,0.0,0,0.0,0.0,0.0,0.0,0.0,0.0,0.0,0.0,,0.0
梁德裕,梁德裕,1,20,0,0,0.0,0,0.0,0,0.0,0,0.0,0.0,0.0,0.0,0.0,0.0,0.0,0.0,,0.0
梁氏琼,梁氏琼,2,16,0,0,0.0,0,0.0,0,0.0,0,0.0,0.0,0.0,0.0,0.0,0.0,0.0,0.0,,0.0
梁洽,梁洽,1,7,0,0,0.0,0,0.0,0,0.0,0,0.0,0.0,0.0,0.0,0.0,0.0,0.0,0.0,,0.0
梁献,梁献,2,16,0,0,0.0,0,0.0,0,0.0,0,0.0,0.0,0.0,0.0,0.0,0.0,0.0,0.0,,0.0
梁琼,梁琼,5,35,0,0,0.0,0,0.0,0,0.0,0,0.0,0.0,0.0,0.0,0.0,0.0,0.0,0.0,,0.0
梁藻,梁藻,1,4,0,0,0.0,0,0.0,0,0.0,0,0.0,0.0,0.0,0.0,0.0,0.0,0.0,0.0,,0.0
梁载言,梁载言,1,8,0,0,0.0,0,0.0,0,0.0,0,0.0,0.0,0.0,0.0,0.0,0.0,0.0,0.0,,0.0
梁铉,梁铉,1,12,0,0,0.0,0,0.0,0,0.0,0,0.0,0.0,0.0,0.0,0.0,0.0,0.0,0.0,,0.0
梁陟,梁陟,1,8,0,0,0.0,0,0.0,0,0.0,0,0.0,0.0,0.0,0.0,0.0,0.0,0.0,0.0,,0.0
楚儿,楚儿,1,8,0,0,0.0,0,0.0,0,0.0,0,0.0,0.0,0.0,0.0,0.0,0.0,0.0,0.0,,0.0
楼颖,楼颖,3,40,0,0,0.0,0,0.0,0,0.0,0,0.0,0.0,0.0,0.0,0.0,0.0,0.0,0.0,,0.0
樊夫人,樊夫人,1,4,0,0,0.0,0,0.0,0,0.0,0,0.0,0.0,0.0,0.0,0.0,0.0,0.0,0.0,,0.0
樊宗师,樊宗师,1,20,0,0,0.0,0,0.0,0,0.0,0,0.0,0.0,0.0,0.0,0.0,0.0,0.0,0.0,,0.0
樊忱,樊忱,1,8,0,0,0.0,0,0.0,0,0.0,0,0.0,0.0,0.0,0.0,0.0,0.0,0.0,0.0,,0.0
樊晃,樊晃,2,6,0,0,0.0,0,0.0,0,0.0,0,0.0,0.0,0.0,0.0,0.0,0.0,0.0,0.0,,0.0
樊骧,樊骧,1,8,0,0,0.0,0,0.0,0,0.0,0,0.0,0.0,0.0,0.0,0.0,0.0,0.0,0.0,,0.0
樵夫,樵夫,1,4,0,0,0.0,0,0.0,0,0.0,0,0.0,0.0,0.0,0.0,0.0,0.0,0.0,0.0,,0.0
欧阳宾,欧阳宾,1,4,0,0,0.0,0,0.0,0,0.0,0,0.0,0.0,0.0,0.0,0.0,0.0,0.0,0.0,,0.0
欧阳彬,欧阳彬2,1,8,0,0,0.0,0,0.0,0,0.0,0,0.0,0.0,0.0,0.0,0.0,0.0,0.0,0.0,,0.0
欧阳玭,欧阳玭,5,44,0,0,0.0,0,0.0,0,0.0,0,0.0,0.0,0.0,0.0,0.0,0.0,0.0,0.0,,0.0
欧阳瑾,欧阳瑾,2,16,0,0,0.0,0,0.0,0,0.0,0,0.0,0.0,0.0,0.0,0.0,0.0,0.0,0.0,,0.0
欧阳衮,欧阳衮,9,76,0,0,0.0,0,0.0,0,0.0,0,0.0,0.0,0.0,0.0,0.0,0.0,0.0,0.0,,0.0
欧阳詹,欧阳詹,2,20,0,0,0.0,0,0.0,0,0.0,0,0.0,0.0,0.0,0.0,0.0,0.0,0.0,0.0,,0.0
欧阳询,欧阳询,3,20,0,0,0.0,0,0.0,0,0.0,0,0.0,0.0,0.0,0.0,0.0,0.0,0.0,0.0,,0.0
步非烟,步非烟,4,16,0,0,0.0,0,0.0,0,0.0,0,0.0,0.0,0.0,0.0,0.0,0.0,0.0,0.0,,0.0
武三思,武三思,9,111,0,0,0.0,0,0.0,0,0.0,0,0.0,0.0,0.0,0.0,0.0,0.0,0.0,0.0,,0.0
武后宫人,武后宫人,1,8,0,0,0.0,0,0.0,0,0.0,0,0.0,0.0,0.0,0.0,0.0,0.0,0.0,0.0,,0.0
武瓘,武瓘,3,16,0,0,0.0,0,0.0,0,0.0,0,0.0,0.0,0.0,0.0,0.0,0.0,0.0,0.0,,0.0
武翊黄,武翊黄,1,12,0,0,0.0,0,0.0,0,0.0,0,0.0,0.0,0.0,0.0,0.0,0.0,0.0,0.0,,0.0
段弘古,段弘古,1,4,0,0,0.0,0,0.0,0,0.0,0,0.0,0.0,0.0,0.0,0.0,0.0,0.0,0.0,,0.0
段怀然,段怀然,1,4,0,0,0.0,0,0.0,0,0.0,0,0.0,0.0,0.0,0.0,0.0,0.0,0.0,0.0,,0.0
段文昌,段文昌,1,8,0,0,0.0,0,0.0,0,0.0,0,0.0,0.0,0.0,0.0,0.0,0.0,0.0,0.0,,0.0
段穀,段穀,1,8,0,0,0.0,0,0.0,0,0.0,0,0.0,0.0,0.0,0.0,0.0,0.0,0.0,0.0,,0.0
殷七七,殷七七,2,8,0,0,0.0,0,0.0,0,0.0,0,0.0,0.0,0.0,0.0,0.0,0.0,0.0,0.0,,0.0
殷寅,殷寅,2,38,0,0,0.0,0,0.0,0,0.0,0,0.0,0.0,0.0,0.0,0.0,0.0,0.0,0.0,,0.0
殷尧恭,殷尧恭,1,12,0,0,0.0,0,0.0,0,0.0,0,0.0,0.0,0.0,0.0,0.0,0.0,0.0,0.0,,0.0
殷潜之,殷潜之,1,28,0,0,0.0,0,0.0,0,0.0,0,0.0,0.0,0.0,0.0,0.0,0.0,0.0,0.0,,0.0
殷琮,殷琮,1,12,0,0,0.0,0,0.0,0,0.0,0,0.0,0.0,0.0,0.0,0.0,0.0,0.0,0.0,,0.0
殷益,殷益,1,8,0,0,0.0,0,0.0,0,0.0,0,0.0,0.0,0.0,0.0,0.0,0.0,0.0,0.0,,0.0
殷遥,殷遥,5,40,0,0,0.0,0,0.0,0,0.0,0,0.0,0.0,0.0,0.0,0.0,0.0,0.0,0.0,,0.0
毕乾泰,毕乾泰,1,8,0,0,0.0,0,0.0,0,0.0,0,0.0,0.0,0.0,0.0,0.0,0.0,0.0,0.0,,0.0
毛女正美,毛女正美,1,8,0,0,0.0,0,0.0,0,0.0,0,0.0,0.0,0.0,0.0,0.0,0.0,0.0,0.0,,0.0
毛文锡,毛文锡,22,216,0,0,0.0,0,0.0,0,0.0,0,0.0,0.0,0.0,0.0,0.0,0.0,0.0,0.0,,0.0
毛明素,毛明素,1,4,0,0,0.0,0,0.0,0,0.0,0,0.0,0.0,0.0,0.0,0.0,0.0,0.0,0.0,,0.0
毛熙震,毛熙震,13,204,0,0,0.0,0,0.0,0,0.0,0,0.0,0.0,0.0,0.0,0.0,0.0,0.0,0.0,,0.0
水心寺僧,水心寺僧,1,4,0,0,0.0,0,0.0,0,0.0,0,0.0,0.0,0.0,0.0,0.0,0.0,0.0,0.0,,0.0
江为,江为,9,56,0,0,0.0,0,0.0,0,0.0,0,0.0,0.0,0.0,0.0,0.0,0.0,0.0,0.0,,0.0
江妃,江妃,1,4,0,0,0.0,0,0.0,0,0.0,0,0.0,0.0,0.0,0.0,0.0,0.0,0.0,0.0,,0.0
江陵士子,江陵士子,1,8,0,0,0.0,0,0.0,0,0.0,0,0.0,0.0,0.0,0.0,0.0,0.0,0.0,0.0,,0.0
汤洙,汤洙,1,12,0,0,0.0,0,0.0,0,0.0,0,0.0,0.0,0.0,0.0,0.0,0.0,0.0,0.0,,0.0
汪万於,汪万於,1,8,0,0,0.0,0,0.0,0,0.0,0,0.0,0.0,0.0,0.0,0.0,0.0,0.0,0.0,,0.0
汪极,汪极,1,8,0,0,0.0,0,0.0,0,0.0,0,0.0,0.0,0.0,0.0,0.0,0.0,0.0,0.0,,0.0
沈传师,沈传师,5,50,0,0,0.0,0,0.0,0,0.0,0,0.0,0.0,0.0,0.0,0.0,0.0,0.0,0.0,,0.0
沈叔安,沈叔安,1,8,0,0,0.0,0,0.0,0,0.0,0,0.0,0.0,0.0,0.0,0.0,0.0,0.0,0.0,,0.0
沈回,沈回,1,12,0,0,0.0,0,0.0,0,0.0,0,0.0,0.0,0.0,0.0,0.0,0.0,0.0,0.0,,0.0
沈宇,沈宇,3,12,0,0,0.0,0,0.0,0,0.0,0,0.0,0.0,0.0,0.0,0.0,0.0,0.0,0.0,,0.0
沈祖仙,沈祖仙,1,8,0,0,0.0,0,0.0,0,0.0,0,0.0,0.0,0.0,0.0,0.0,0.0,0.0,0.0,,0.0
沈青箱,沈青箱,1,8,0,0,0.0,0,0.0,0,0.0,0,0.0,0.0,0.0,0.0,0.0,0.0,0.0,0.0,,0.0
沈韬文,沈韬文,1,4,0,0,0.0,0,0.0,0,0.0,0,0.0,0.0,0.0,0.0,0.0,0.0,0.0,0.0,,0.0
沈颜,沈颜,2,16,0,0,0.0,0,0.0,0,0.0,0,0.0,0.0,0.0,0.0,0.0,0.0,0.0,0.0,,0.0
沈鹏,沈鹏,1,12,0,0,0.0,0,0.0,0,0.0,0,0.0,0.0,0.0,0.0,0.0,0.0,0.0,0.0,,0.0
沈麟,沈麟,1,8,0,0,0.0,0,0.0,0,0.0,0,0.0,0.0,0.0,0.0,0.0,0.0,0.0,0.0,,0.0
沙碛女子,沙碛女子,1,4,0,0,0.0,0,0.0,0,0.0,0,0.0,0.0,0.0,0.0,0.0,0.0,0.0,0.0,,0.0
沧浩,沧浩,1,8,0,0,0.0,0,0.0,0,0.0,0,0.0,0.0,0.0,0.0,0.0,0.0,0.0,0.0,,0.0
河北士人,河北士人,2,12,0,0,0.0,0,0.0,0,0.0,0,0.0,0.0,0.0,0.0,0.0,0.0,0.0,0.0,,0.0
河湄鬼,河湄鬼,1,4,0,0,0.0,0,0.0,0,0.0,0,0.0,0.0,0.0,0.0,0.0,0.0,0.0,0.0,,0.0
油蔚,油蔚,1,8,0,0,0.0,0,0.0,0,0.0,0,0.0,0.0,0.0,0.0,0.0,0.0,0.0,0.0,,0.0
法宣,法宣,2,16,0,0,0.0,0,0.0,0,0.0,0,0.0,0.0,0.0,0.0,0.0,0.0,0.0,0.0,,0.0
法照,法照,3,24,0,0,0.0,0,0.0,0,0.0,0,0.0,0.0,0.0,0.0,0.0,0.0,0.0,0.0,,0.0
法轮,法轮,1,20,0,0,0.0,0,0.0,0,0.0,0,0.0,0.0,0.0,0.0,0.0,0.0,0.0,0.0,,0.0
泠然,泠然,1,8,0,0,0.0,0,0.0,0,0.0,0,0.0,0.0,0.0,0.0,0.0,0.0,0.0,0.0,,0.0
洛中举子,洛中举子,2,12,0,0,0.0,0,0.0,0,0.0,0,0.0,0.0,0.0,0.0,0.0,0.0,0.0,0.0,,0.0
洛川仙女,洛川仙女,2,12,0,0,0.0,0,0.0,0,0.0,0,0.0,0.0,0.0,0.0,0.0,0.0,0.0,0.0,,0.0
洪子舆,洪子舆,1,16,0,0,0.0,0,0.0,0,0.0,0,0.0,0.0,0.0,0.0,0.0,0.0,0.0,0.0,,0.0
洪州将军,洪州将军,1,4,0,0,0.0,0,0.0,0,0.0,0,0.0,0.0,0.0,0.0,0.0,0.0,0.0,0.0,,0.0
海印,海印,1,8,0,0,0.0,0,0.0,0,0.0,0,0.0,0.0,0.0,0.0,0.0,0.0,0.0,0.0,,0.0
淡然,淡然,1,2,0,0,0.0,0,0.0,0,0.0,0,0.0,0.0,0.0,0.0,0.0,0.0,0.0,0.0,,0.0
清尚,清尚,1,8,0,0,0.0,0,0.0,0,0.0,0,0.0,0.0,0.0,0.0,0.0,0.0,0.0,0.0,,0.0
清远道士,清远道士,1,24,0,0,0.0,0,0.0,0,0.0,0,0.0,0.0,0.0,0.0,0.0,0.0,0.0,0.0,,0.0
温宪,温宪,4,28,0,0,0.0,0,0.0,0,0.0,0,0.0,0.0,0.0,0.0,0.0,0.0,0.0,0.0,,0.0
温庭皓,温庭皓,2,40,0,0,0.0,0,0.0,0,0.0,0,0.0,0.0,0.0,0.0,0.0,0.0,0.0,0.0,,0.0
湘中蛟女,湘中蛟女,3,19,0,0,0.0,0,0.0,0,0.0,0,0.0,0.0,0.0,0.0,0.0,0.0,0.0,0.0,,0.0
源乾曜,源乾曜,4,48,0,0,0.0,0,0.0,0,0.0,0,0.0,0.0,0.0,0.0,0.0,0.0,0.0,0.0,,0.0
源光裕,源光裕,2,16,0,0,0.0,0,0.0,0,0.0,0,0.0,0.0,0.0,0.0,0.0,0.0,0.0,0.0,,0.0
滕传胤,滕传胤,3,16,0,0,0.0,0,0.0,0,0.0,0,0.0,0.0,0.0,0.0,0.0,0.0,0.0,0.0,,0.0
滕潜,滕潜,2,16,0,0,0.0,0,0.0,0,0.0,0,0.0,0.0,0.0,0.0,0.0,0.0,0.0,0.0,,0.0
滕珦,滕珦,1,12,0,0,0.0,0,0.0,0,0.0,0,0.0,0.0,0.0,0.0,0.0,0.0,0.0,0.0,,0.0
漳郡守,漳郡守,1,4,0,0,0.0,0,0.0,0,0.0,0,0.0,0.0,0.0,0.0,0.0,0.0,0.0,0.0,,0.0
潘佐,潘佐,1,4,0,0,0.0,0,0.0,0,0.0,0,0.0,0.0,0.0,0.0,0.0,0.0,0.0,0.0,,0.0
潘唐,潘唐,1,8,0,0,0.0,0,0.0,0,0.0,0,0.0,0.0,0.0,0.0,0.0,0.0,0.0,0.0,,0.0
潘图,潘图,1,4,0,0,0.0,0,0.0,0,0.0,0,0.0,0.0,0.0,0.0,0.0,0.0,0.0,0.0,,0.0
潘存实,潘存实,1,12,0,0,0.0,0,0.0,0,0.0,0,0.0,0.0,0.0,0.0,0.0,0.0,0.0,0.0,,0.0
潘求仁,潘求仁,1,4,0,0,0.0,0,0.0,0,0.0,0,0.0,0.0,0.0,0.0,0.0,0.0,0.0,0.0,,0.0
潘炎,潘炎,1,16,0,0,0.0,0,0.0,0,0.0,0,0.0,0.0,0.0,0.0,0.0,0.0,0.0,0.0,,0.0
潘纬,潘纬,3,18,0,0,0.0,0,0.0,0,0.0,0,0.0,0.0,0.0,0.0,0.0,0.0,0.0,0.0,,0.0
潘雍,潘雍,1,4,0,0,0.0,0,0.0,0,0.0,0,0.0,0.0,0.0,0.0,0.0,0.0,0.0,0.0,,0.0
澹交,澹交,3,24,0,0,0.0,0,0.0,0,0.0,0,0.0,0.0,0.0,0.0,0.0,0.0,0.0,0.0,,0.0
濮阳瓘,濮阳瓘,1,12,0,0,0.0,0,0.0,0,0.0,0,0.0,0.0,0.0,0.0,0.0,0.0,0.0,0.0,,0.0
瀵水神,瀵水神,1,2,0,0,0.0,0,0.0,0,0.0,0,0.0,0.0,0.0,0.0,0.0,0.0,0.0,0.0,,0.0
灵准,灵准,1,2,0,0,0.0,0,0.0,0,0.0,0,0.0,0.0,0.0,0.0,0.0,0.0,0.0,0.0,,0.0
焦郁,焦郁,2,28,0,0,0.0,0,0.0,0,0.0,0,0.0,0.0,0.0,0.0,0.0,0.0,0.0,0.0,,0.0
熊曜,熊曜,1,18,0,0,0.0,0,0.0,0,0.0,0,0.0,0.0,0.0,0.0,0.0,0.0,0.0,0.0,,0.0
熊皦,熊皦,2,8,0,0,0.0,0,0.0,0,0.0,0,0.0,0.0,0.0,0.0,0.0,0.0,0.0,0.0,,0.0
牛丛,牛丛,1,4,0,0,0.0,0,0.0,0,0.0,0,0.0,0.0,0.0,0.0,0.0,0.0,0.0,0.0,,0.0
牛僧孺,牛僧孺,6,81,0,0,0.0,0,0.0,0,0.0,0,0.0,0.0,0.0,0.0,0.0,0.0,0.0,0.0,,0.0
牛凤及,牛凤及,1,10,0,0,0.0,0,0.0,0,0.0,0,0.0,0.0,0.0,0.0,0.0,0.0,0.0,0.0,,0.0
牛徵,牛徵,1,8,0,0,0.0,0,0.0,0,0.0,0,0.0,0.0,0.0,0.0,0.0,0.0,0.0,0.0,,0.0
狄仁杰,狄仁杰,1,8,0,0,0.0,0,0.0,0,0.0,0,0.0,0.0,0.0,0.0,0.0,0.0,0.0,0.0,,0.0
狄归昌,狄归昌,1,4,0,0,0.0,0,0.0,0,0.0,0,0.0,0.0,0.0,0.0,0.0,0.0,0.0,0.0,,0.0
独孤实,独孤实,1,8,0,0,0.0,0,0.0,0,0.0,0,0.0,0.0,0.0,0.0,0.0,0.0,0.0,0.0,,0.0
独孤授,独孤授,1,12,0,0,0.0,0,0.0,0,0.0,0,0.0,0.0,0.0,0.0,0.0,0.0,0.0,0.0,,0.0
独孤申叔,独孤申叔,1,12,0,0,0.0,0,0.0,0,0.0,0,0.0,0.0,0.0,0.0,0.0,0.0,0.0,0.0,,0.0
独孤绶,独孤绶,1,12,0,0,0.0,0,0.0,0,0.0,0,0.0,0.0,0.0,0.0,0.0,0.0,0.0,0.0,,0.0
独孤良器,独孤良器,1,12,0,0,0.0,0,0.0,0,0.0,0,0.0,0.0,0.0,0.0,0.0,0.0,0.0,0.0,,0.0
独孤良弼,独孤良弼,1,12,0,0,0.0,0,0.0,0,0.0,0,0.0,0.0,0.0,0.0,0.0,0.0,0.0,0.0,,0.0
独孤铉,独孤铉,1,12,0,0,0.0,0,0.0,0,0.0,0,0.0,0.0,0.0,0.0,0.0,0.0,0.0,0.0,,0.0
玄幽,玄幽,1,2,0,0,0.0,0,0.0,0,0.0,0,0.0,0.0,0.0,0.0,0.0,0.0,0.0,0.0,,0.0
王严,王严,1,8,0,0,0.0,0,0.0,0,0.0,0,0.0,0.0,0.0,0.0,0.0,0.0,0.0,0.0,,0.0
王丽真,王丽真,1,8,0,0,0.0,0,0.0,0,0.0,0,0.0,0.0,0.0,0.0,0.0,0.0,0.0,0.0,,0.0
王丽真女郎,王丽真女郎,1,4,0,0,0.0,0,0.0,0,0.0,0,0.0,0.0,0.0,0.0,0.0,0.0,0.0,0.0,,0.0
王之涣,王之涣,6,28,0,0,0.0,0,0.0,0,0.0,0,0.0,0.0,0.0,0.0,0.0,0.0,0.0,0.0,,0.0
王乔,王乔,1,4,0,0,0.0,0,0.0,0,0.0,0,0.0,0.0,0.0,0.0,0.0,0.0,0.0,0.0,,0.0
王仙仙,王仙仙,2,8,0,0,0.0,0,0.0,0,0.0,0,0.0,0.0,0.0,0.0,0.0,0.0,0.0,0.0,,0.0
王仲舒,王仲舒,1,4,0,0,0.0,0,0.0,0,0.0,0,0.0,0.0,0.0,0.0,0.0,0.0,0.0,0.0,,0.0
王传,王传,1,8,0,0,0.0,0,0.0,0,0.0,0,0.0,0.0,0.0,0.0,0.0,0.0,0.0,0.0,,0.0
王储,王储,1,12,0,0,0.0,0,0.0,0,0.0,0,0.0,0.0,0.0,0.0,0.0,0.0,0.0,0.0,,0.0
王元,王元,6,42,0,0,0.0,0,0.0,0,0.0,0,0.0,0.0,0.0,0.0,0.0,0.0,0.0,0.0,,0.0
王公亮,王公亮,1,12,0,0,0.0,0,0.0,0,0.0,0,0.0,0.0,0.0,0.0,0.0,0.0,0.0,0.0,,0.0
王勔,王勔,1,8,0,0,0.0,0,0.0,0,0.0,0,0.0,0.0,0.0,0.0,0.0,0.0,0.0,0.0,,0.0
王勣,王勣,3,24,0,0,0.0,0,0.0,0,0.0,0,0.0,0.0,0.0,0.0,0.0,0.0,0.0,0.0,,0.0
王卓,王卓,1,16,0,0,0.0,0,0.0,0,0.0,0,0.0,0.0,0.0,0.0,0.0,0.0,0.0,0.0,,0.0
王季则,王季则,1,12,0,0,0.0,0,0.0,0,0.0,0,0.0,0.0,0.0,0.0,0.0,0.0,0.0,0.0,,0.0
王季文,王季文,2,32,0,0,0.0,0,0.0,0,0.0,0,0.0,0.0,0.0,0.0,0.0,0.0,0.0,0.0,,0.0
王履贞,王履贞,1,12,0,0,0.0,0,0.0,0,0.0,0,0.0,0.0,0.0,0.0,0.0,0.0,0.0,0.0,,0.0
王岳灵,王岳灵,1,12,0,0,0.0,0,0.0,0,0.0,0,0.0,0.0,0.0,0.0,0.0,0.0,0.0,0.0,,0.0
王巨仁,王巨仁,1,4,0,0,0.0,0,0.0,0,0.0,0,0.0,0.0,0.0,0.0,0.0,0.0,0.0,0.0,,0.0
王希羽,王希羽,1,4,0,0,0.0,0,0.0,0,0.0,0,0.0,0.0,0.0,0.0,0.0,0.0,0.0,0.0,,0.0
王彦威,王彦威,1,8,0,0,0.0,0,0.0,0,0.0,0,0.0,0.0,0.0,0.0,0.0,0.0,0.0,0.0,,0.0
王德真,王德真,1,10,0,0,0.0,0,0.0,0,0.0,0,0.0,0.0,0.0,0.0,0.0,0.0,0.0,0.0,,0.0
王感化,王感化,3,10,0,0,0.0,0,0.0,0,0.0,0,0.0,0.0,0.0,0.0,0.0,0.0,0.0,0.0,,0.0
王损之,王损之,1,12,0,0,0.0,0,0.0,0,0.0,0,0.0,0.0,0.0,0.0,0.0,0.0,0.0,0.0,,0.0
王揆,王揆,1,26,0,0,0.0,0,0.0,0,0.0,0,0.0,0.0,0.0,0.0,0.0,0.0,0.0,0.0,,0.0
王易从,王易从,1,8,0,0,0.0,0,0.0,0,0.0,0,0.0,0.0,0.0,0.0,0.0,0.0,0.0,0.0,,0.0
王易简,王易简,1,4,0,0,0.0,0,0.0,0,0.0,0,0.0,0.0,0.0,0.0,0.0,0.0,0.0,0.0,,0.0
王景,王景,1,8,0,0,0.0,0,0.0,0,0.0,0,0.0,0.0,0.0,0.0,0.0,0.0,0.0,0.0,,0.0
王景中,王景中,1,12,0,0,0.0,0,0.0,0,0.0,0,0.0,0.0,0.0,0.0,0.0,0.0,0.0,0.0,,0.0
王枢,王枢,1,4,0,0,0.0,0,0.0,0,0.0,0,0.0,0.0,0.0,0.0,0.0,0.0,0.0,0.0,,0.0
王梦周,王梦周,1,4,0,0,0.0,0,0.0,0,0.0,0,0.0,0.0,0.0,0.0,0.0,0.0,0.0,0.0,,0.0
王正己,王正己,2,6,0,0,0.0,0,0.0,0,0.0,0,0.0,0.0,0.0,0.0,0.0,0.0,0.0,0.0,,0.0
王武陵,王武陵,2,20,0,0,0.0,0,0.0,0,0.0,0,0.0,0.0,0.0,0.0,0.0,0.0,0.0,0.0,,0.0
王氏,王氏,1,4,0,0,0.0,0,0.0,0,0.0,0,0.0,0.0,0.0,0.0,0.0,0.0,0.0,0.0,,0.0
王氏女,王氏女,1,4,0,0,0.0,0,0.0,0,0.0,0,0.0,0.0,0.0,0.0,0.0,0.0,0.0,0.0,,0.0
王沂,王沂,1,8,0,0,0.0,0,0.0,0,0.0,0,0.0,0.0,0.0,0.0,0.0,0.0,0.0,0.0,,0.0
王沈,王沈,2,8,0,0,0.0,0,0.0,0,0.0,0,0.0,0.0,0.0,0.0,0.0,0.0,0.0,0.0,,0.0
王涣,王涣,3,64,0,0,0.0,0,0.0,0,0.0,0,0.0,0.0,0.0,0.0,0.0,0.0,0.0,0.0,,0.0
王涤,王涤,1,4,0,0,0.0,0,0.0,0,0.0,0,0.0,0.0,0.0,0.0,0.0,0.0,0.0,0.0,,0.0
王涯,王涯,8,56,0,0,0.0,0,0.0,0,0.0,0,0.0,0.0,0.0,0.0,0.0,0.0,0.0,0.0,,0.0
王濯,王濯,1,12,0,0,0.0,0,0.0,0,0.0,0,0.0,0.0,0.0,0.0,0.0,0.0,0.0,0.0,,0.0
王炎,王炎,2,20,0,0,0.0,0,0.0,0,0.0,0,0.0,0.0,0.0,0.0,0.0,0.0,0.0,0.0,,0.0
王熊,王熊,1,16,0,0,0.0,0,0.0,0,0.0,0,0.0,0.0,0.0,0.0,0.0,0.0,0.0,0.0,,0.0
王玄,王玄,1,4,0,0,0.0,0,0.0,0,0.0,0,0.0,0.0,0.0,0.0,0.0,0.0,0.0,0.0,,0.0
王瓒,王瓒,1,20,0,0,0.0,0,0.0,0,0.0,0,0.0,0.0,0.0,0.0,0.0,0.0,0.0,0.0,,0.0
王甚夷,王甚夷,2,20,0,0,0.0,0,0.0,0,0.0,0,0.0,0.0,0.0,0.0,0.0,0.0,0.0,0.0,,0.0
王硕,王硕,1,4,0,0,0.0,0,0.0,0,0.0,0,0.0,0.0,0.0,0.0,0.0,0.0,0.0,0.0,,0.0
王福娘,王福娘,3,12,0,0,0.0,0,0.0,0,0.0,0,0.0,0.0,0.0,0.0,0.0,0.0,0.0,0.0,,0.0
王约,王约,1,12,0,0,0.0,0,0.0,0,0.0,0,0.0,0.0,0.0,0.0,0.0,0.0,0.0,0.0,,0.0
王绍宗,王绍宗,1,6,0,0,0.0,0,0.0,0,0.0,0,0.0,0.0,0.0,0.0,0.0,0.0,0.0,0.0,,0.0
王继鹏,王继鹏,1,4,0,0,0.0,0,0.0,0,0.0,0,0.0,0.0,0.0,0.0,0.0,0.0,0.0,0.0,,0.0
王绰,王绰,1,12,0,0,0.0,0,0.0,0,0.0,0,0.0,0.0,0.0,0.0,0.0,0.0,0.0,0.0,,0.0
王羡门,王羡门,1,8,0,0,0.0,0,0.0,0,0.0,0,0.0,0.0,0.0,0.0,0.0,0.0,0.0,0.0,,0.0
王良会,王良会,1,8,0,0,0.0,0,0.0,0,0.0,0,0.0,0.0,0.0,0.0,0.0,0.0,0.0,0.0,,0.0
王良士,王良士,2,20,0,0,0.0,0,0.0,0,0.0,0,0.0,0.0,0.0,0.0,0.0,0.0,0.0,0.0,,0.0
王苏苏,王苏苏,1,4,0,0,0.0,0,0.0,0,0.0,0,0.0,0.0,0.0,0.0,0.0,0.0,0.0,0.0,,0.0
王若岩,王若岩,1,12,0,0,0.0,0,0.0,0,0.0,0,0.0,0.0,0.0,0.0,0.0,0.0,0.0,0.0,,0.0
王茂时,王茂时,1,8,0,0,0.0,0,0.0,0,0.0,0,0.0,0.0,0.0,0.0,0.0,0.0,0.0,0.0,,0.0
王衍,王衍,2,5,0,0,0.0,0,0.0,0,0.0,0,0.0,0.0,0.0,0.0,0.0,0.0,0.0,0.0,,0.0
王观,王观,1,8,0,0,0.0,0,0.0,0,0.0,0,0.0,0.0,0.0,0.0,0.0,0.0,0.0,0.0,,0.0
王言史,王言史,1,20,0,0,0.0,0,0.0,0,0.0,0,0.0,0.0,0.0,0.0,0.0,0.0,0.0,0.0,,0.0
王训,王训,2,16,0,0,0.0,0,0.0,0,0.0,0,0.0,0.0,0.0,0.0,0.0,0.0,0.0,0.0,,0.0
王质,王质,1,12,0,0,0.0,0,0.0,0,0.0,0,0.0,0.0,0.0,0.0,0.0,0.0,0.0,0.0,,0.0
王越宾,王越宾,1,4,0,0,0.0,0,0.0,0,0.0,0,0.0,0.0,0.0,0.0,0.0,0.0,0.0,0.0,,0.0
王轩,王轩,3,16,0,0,0.0,0,0.0,0,0.0,0,0.0,0.0,0.0,0.0,0.0,0.0,0.0,0.0,,0.0
王迥,王迥,1,6,0,0,0.0,0,0.0,0,0.0,0,0.0,0.0,0.0,0.0,0.0,0.0,0.0,0.0,,0.0
王適,王適,7,78,0,0,0.0,0,0.0,0,0.0,0,0.0,0.0,0.0,0.0,0.0,0.0,0.0,0.0,,0.0
王邕,王邕,2,24,0,0,0.0,0,0.0,0,0.0,0,0.0,0.0,0.0,0.0,0.0,0.0,0.0,0.0,,0.0
王邵,王邵,1,8,0,0,0.0,0,0.0,0,0.0,0,0.0,0.0,0.0,0.0,0.0,0.0,0.0,0.0,,0.0
王鉴,王鉴,1,12,0,0,0.0,0,0.0,0,0.0,0,0.0,0.0,0.0,0.0,0.0,0.0,0.0,0.0,,0.0
王铤,王铤,1,8,0,0,0.0,0,0.0,0,0.0,0,0.0,0.0,0.0,0.0,0.0,0.0,0.0,0.0,,0.0
王镕,王镕,1,16,0,0,0.0,0,0.0,0,0.0,0,0.0,0.0,0.0,0.0,0.0,0.0,0.0,0.0,,0.0
王霞卿,王霞卿,2,8,0,0,0.0,0,0.0,0,0.0,0,0.0,0.0,0.0,0.0,0.0,0.0,0.0,0.0,,0.0
王韫秀,王韫秀,3,12,0,0,0.0,0,0.0,0,0.0,0,0.0,0.0,0.0,0.0,0.0,0.0,0.0,0.0,,0.0
王驾,王驾,7,36,0,0,0.0,0,0.0,0,0.0,0,0.0,0.0,0.0,0.0,0.0,0.0,0.0,0.0,,0.0
王鲁,王鲁,1,2,0,0,0.0,0,0.0,0,0.0,0,0.0,0.0,0.0,0.0,0.0,0.0,0.0,0.0,,0.0
理莹,理莹,1,20,0,0,0.0,0,0.0,0,0.0,0,0.0,0.0,0.0,0.0,0.0,0.0,0.0,0.0,,0.0
甄后,甄后,1,4,0,0,0.0,0,0.0,0,0.0,0,0.0,0.0,0.0,0.0,0.0,0.0,0.0,0.0,,0.0
甘洽,甘洽,1,8,0,0,0.0,0,0.0,0,0.0,0,0.0,0.0,0.0,0.0,0.0,0.0,0.0,0.0,,0.0
甘露寺鬼,甘露寺鬼,1,16,0,0,0.0,0,0.0,0,0.0,0,0.0,0.0,0.0,0.0,0.0,0.0,0.0,0.0,,0.0
田游岩,田游岩,1,12,0,0,0.0,0,0.0,0,0.0,0,0.0,0.0,0.0,0.0,0.0,0.0,0.0,0.0,,0.0
田澄,田澄,1,8,0,0,0.0,0,0.0,0,0.0,0,0.0,0.0,0.0,0.0,0.0,0.0,0.0,0.0,,0.0
田章,田章,1,8,0,0,0.0,0,0.0,0,0.0,0,0.0,0.0,0.0,0.0,0.0,0.0,0.0,0.0,,0.0
田达诚宅鬼,田达诚宅鬼,1,4,0,0,0.0,0,0.0,0,0.0,0,0.0,0.0,0.0,0.0,0.0,0.0,0.0,0.0,,0.0
申欢,申欢,1,4,0,0,0.0,0,0.0,0,0.0,0,0.0,0.0,0.0,0.0,0.0,0.0,0.0,0.0,,0.0
畅甫,畅甫,1,8,0,0,0.0,0,0.0,0,0.0,0,0.0,0.0,0.0,0.0,0.0,0.0,0.0,0.0,,0.0
畅诸,畅诸,1,8,0,0,0.0,0,0.0,0,0.0,0,0.0,0.0,0.0,0.0,0.0,0.0,0.0,0.0,,0.0
白衫举子,白衫举子,1,4,0,0,0.0,0,0.0,0,0.0,0,0.0,0.0,0.0,0.0,0.0,0.0,0.0,0.0,,0.0
皇甫大夫,皇甫大夫,1,8,0,0,0.0,0,0.0,0,0.0,0,0.0,0.0,0.0,0.0,0.0,0.0,0.0,0.0,,0.0
皇甫澈,皇甫澈,4,48,0,0,0.0,0,0.0,0,0.0,0,0.0,0.0,0.0,0.0,0.0,0.0,0.0,0.0,,0.0
皇甫镛,皇甫镛,1,4,0,0,0.0,0,0.0,0,0.0,0,0.0,0.0,0.0,0.0,0.0,0.0,0.0,0.0,,0.0
盛小丛,盛小丛,1,4,0,0,0.0,0,0.0,0,0.0,0,0.0,0.0,0.0,0.0,0.0,0.0,0.0,0.0,,0.0
省吏,省吏,1,4,0,0,0.0,0,0.0,0,0.0,0,0.0,0.0,0.0,0.0,0.0,0.0,0.0,0.0,,0.0
知业,知业,1,2,0,0,0.0,0,0.0,0,0.0,0,0.0,0.0,0.0,0.0,0.0,0.0,0.0,0.0,,0.0
石召,石召,2,12,0,0,0.0,0,0.0,0,0.0,0,0.0,0.0,0.0,0.0,0.0,0.0,0.0,0.0,,0.0
石季武,石季武,1,4,0,0,0.0,0,0.0,0,0.0,0,0.0,0.0,0.0,0.0,0.0,0.0,0.0,0.0,,0.0
石惠泰,石惠泰,1,4,0,0,0.0,0,0.0,0,0.0,0,0.0,0.0,0.0,0.0,0.0,0.0,0.0,0.0,,0.0
石抱忠,石抱忠,1,8,0,0,0.0,0,0.0,0,0.0,0,0.0,0.0,0.0,0.0,0.0,0.0,0.0,0.0,,0.0
石殷士,石殷士,2,24,0,0,0.0,0,0.0,0,0.0,0,0.0,0.0,0.0,0.0,0.0,0.0,0.0,0.0,,0.0
石贯,石贯,1,8,0,0,0.0,0,0.0,0,0.0,0,0.0,0.0,0.0,0.0,0.0,0.0,0.0,0.0,,0.0
祝元膺,祝元膺,4,16,0,0,0.0,0,0.0,0,0.0,0,0.0,0.0,0.0,0.0,0.0,0.0,0.0,0.0,,0.0
祝钦明,祝钦明,2,16,0,0,0.0,0,0.0,0,0.0,0,0.0,0.0,0.0,0.0,0.0,0.0,0.0,0.0,,0.0
神迥,神迥,1,2,0,0,0.0,0,0.0,0,0.0,0,0.0,0.0,0.0,0.0,0.0,0.0,0.0,0.0,,0.0
神颖,神颖,2,24,0,0,0.0,0,0.0,0,0.0,0,0.0,0.0,0.0,0.0,0.0,0.0,0.0,0.0,,0.0
神龙从臣,神龙从臣,1,4,0,0,0.0,0,0.0,0,0.0,0,0.0,0.0,0.0,0.0,0.0,0.0,0.0,0.0,,0.0
秃帚,秃帚,1,4,0,0,0.0,0,0.0,0,0.0,0,0.0,0.0,0.0,0.0,0.0,0.0,0.0,0.0,,0.0
秦尚运,秦尚运,1,4,0,0,0.0,0,0.0,0,0.0,0,0.0,0.0,0.0,0.0,0.0,0.0,0.0,0.0,,0.0
秾华,秾华,1,2,0,0,0.0,0,0.0,0,0.0,0,0.0,0.0,0.0,0.0,0.0,0.0,0.0,0.0,,0.0
程弥纶,程弥纶,1,7,0,0,0.0,0,0.0,0,0.0,0,0.0,0.0,0.0,0.0,0.0,0.0,0.0,0.0,,0.0
程氏长文,程氏长文,1,8,0,0,0.0,0,0.0,0,0.0,0,0.0,0.0,0.0,0.0,0.0,0.0,0.0,0.0,,0.0
程洛宾,程洛宾,1,4,0,0,0.0,0,0.0,0,0.0,0,0.0,0.0,0.0,0.0,0.0,0.0,0.0,0.0,,0.0
程行谌,程行谌,1,12,0,0,0.0,0,0.0,0,0.0,0,0.0,0.0,0.0,0.0,0.0,0.0,0.0,0.0,,0.0
程贺,程贺,1,4,0,0,0.0,0,0.0,0,0.0,0,0.0,0.0,0.0,0.0,0.0,0.0,0.0,0.0,,0.0
穆寂,穆寂,2,24,0,0,0.0,0,0.0,0,0.0,0,0.0,0.0,0.0,0.0,0.0,0.0,0.0,0.0,,0.0
窦希玠,窦希玠,1,8,0,0,0.0,0,0.0,0,0.0,0,0.0,0.0,0.0,0.0,0.0,0.0,0.0,0.0,,0.0
窦弘馀,窦弘馀,1,8,0,0,0.0,0,0.0,0,0.0,0,0.0,0.0,0.0,0.0,0.0,0.0,0.0,0.0,,0.0
窦昉,窦昉,1,12,0,0,0.0,0,0.0,0,0.0,0,0.0,0.0,0.0,0.0,0.0,0.0,0.0,0.0,,0.0
窦梁宾,窦梁宾,2,8,0,0,0.0,0,0.0,0,0.0,0,0.0,0.0,0.0,0.0,0.0,0.0,0.0,0.0,,0.0
窦洵直,窦洵直,1,12,0,0,0.0,0,0.0,0,0.0,0,0.0,0.0,0.0,0.0,0.0,0.0,0.0,0.0,,0.0
窦裕,窦裕,1,4,0,0,0.0,0,0.0,0,0.0,0,0.0,0.0,0.0,0.0,0.0,0.0,0.0,0.0,,0.0
章八元,章八元,6,44,0,0,0.0,0,0.0,0,0.0,0,0.0,0.0,0.0,0.0,0.0,0.0,0.0,0.0,,0.0
章江书生,章江书生,1,4,0,0,0.0,0,0.0,0,0.0,0,0.0,0.0,0.0,0.0,0.0,0.0,0.0,0.0,,0.0
章玄同,章玄同,1,4,0,0,0.0,0,0.0,0,0.0,0,0.0,0.0,0.0,0.0,0.0,0.0,0.0,0.0,,0.0
童翰卿,童翰卿,2,16,0,0,0.0,0,0.0,0,0.0,0,0.0,0.0,0.0,0.0,0.0,0.0,0.0,0.0,,0.0
符子珪,符子珪,1,8,0,0,0.0,0,0.0,0,0.0,0,0.0,0.0,0.0,0.0,0.0,0.0,0.0,0.0,,0.0
符载,符载,3,10,0,0,0.0,0,0.0,0,0.0,0,0.0,0.0,0.0,0.0,0.0,0.0,0.0,0.0,,0.0
紫微孙处士,紫微孙处士,2,8,0,0,0.0,0,0.0,0,0.0,0,0.0,0.0,0.0,0.0,0.0,0.0,0.0,0.0,,0.0
綦毋诚,綦毋诚,1,8,0,0,0.0,0,0.0,0,0.0,0,0.0,0.0,0.0,0.0,0.0,0.0,0.0,0.0,,0.0
红绡妓,红绡妓,1,4,0,0,0.0,0,0.0,0,0.0,0,0.0,0.0,0.0,0.0,0.0,0.0,0.0,0.0,,0.0
纥干著,纥干著,4,16,0,0,0.0,0,0.0,0,0.0,0,0.0,0.0,0.0,0.0,0.0,0.0,0.0,0.0,,0.0
纥干讽,纥干讽,1,12,0,0,0.0,0,0.0,0,0.0,0,0.0,0.0,0.0,0.0,0.0,0.0,0.0,0.0,,0.0
纪元皋,纪元皋,1,12,0,0,0.0,0,0.0,0,0.0,0,0.0,0.0,0.0,0.0,0.0,0.0,0.0,0.0,,0.0
纪唐夫,纪唐夫,4,32,0,0,0.0,0,0.0,0,0.0,0,0.0,0.0,0.0,0.0,0.0,0.0,0.0,0.0,,0.0
织女,织女,2,16,0,0,0.0,0,0.0,0,0.0,0,0.0,0.0,0.0,0.0,0.0,0.0,0.0,0.0,,0.0
织绡女,织绡女,1,4,0,0,0.0,0,0.0,0,0.0,0,0.0,0.0,0.0,0.0,0.0,0.0,0.0,0.0,,0.0
织锦人,织锦人,2,6,0,0,0.0,0,0.0,0,0.0,0,0.0,0.0,0.0,0.0,0.0,0.0,0.0,0.0,,0.0
终南山翁,终南山翁,1,4,0,0,0.0,0,0.0,0,0.0,0,0.0,0.0,0.0,0.0,0.0,0.0,0.0,0.0,,0.0
缪氏子,缪氏子,1,4,0,0,0.0,0,0.0,0,0.0,0,0.0,0.0,0.0,0.0,0.0,0.0,0.0,0.0,,0.0
罗泰,罗泰,1,12,0,0,0.0,0,0.0,0,0.0,0,0.0,0.0,0.0,0.0,0.0,0.0,0.0,0.0,,0.0
罗立言,罗立言,1,12,0,0,0.0,0,0.0,0,0.0,0,0.0,0.0,0.0,0.0,0.0,0.0,0.0,0.0,,0.0
罗维,罗维,1,12,0,0,0.0,0,0.0,0,0.0,0,0.0,0.0,0.0,0.0,0.0,0.0,0.0,0.0,,0.0
罗衮,罗衮,3,24,0,0,0.0,0,0.0,0,0.0,0,0.0,0.0,0.0,0.0,0.0,0.0,0.0,0.0,,0.0
罗让,罗让,2,24,0,0,0.0,0,0.0,0,0.0,0,0.0,0.0,0.0,0.0,0.0,0.0,0.0,0.0,,0.0
罗颖,罗颖,1,2,0,0,0.0,0,0.0,0,0.0,0,0.0,0.0,0.0,0.0,0.0,0.0,0.0,0.0,,0.0
羊滔,羊滔,1,24,0,0,0.0,0,0.0,0,0.0,0,0.0,0.0,0.0,0.0,0.0,0.0,0.0,0.0,,0.0
翁宏,翁宏,4,30,0,0,0.0,0,0.0,0,0.0,0,0.0,0.0,0.0,0.0,0.0,0.0,0.0,0.0,,0.0
翁洮,翁洮,13,108,0,0,0.0,0,0.0,0,0.0,0,0.0,0.0,0.0,0.0,0.0,0.0,0.0,0.0,,0.0
耿玉真,耿玉真,1,8,0,0,0.0,0,0.0,0,0.0,0,0.0,0.0,0.0,0.0,0.0,0.0,0.0,0.0,,0.0
胡令能,胡令能,4,16,0,0,0.0,0,0.0,0,0.0,0,0.0,0.0,0.0,0.0,0.0,0.0,0.0,0.0,,0.0
胡传美,胡传美,1,8,0,0,0.0,0,0.0,0,0.0,0,0.0,0.0,0.0,0.0,0.0,0.0,0.0,0.0,,0.0
胡元范,胡元范,1,24,0,0,0.0,0,0.0,0,0.0,0,0.0,0.0,0.0,0.0,0.0,0.0,0.0,0.0,,0.0
胡幽贞,胡幽贞,2,8,0,0,0.0,0,0.0,0,0.0,0,0.0,0.0,0.0,0.0,0.0,0.0,0.0,0.0,,0.0
胡权,胡权,1,12,0,0,0.0,0,0.0,0,0.0,0,0.0,0.0,0.0,0.0,0.0,0.0,0.0,0.0,,0.0
胡杲,胡杲,1,12,0,0,0.0,0,0.0,0,0.0,0,0.0,0.0,0.0,0.0,0.0,0.0,0.0,0.0,,0.0
胡直钧,胡直钧,1,12,0,0,0.0,0,0.0,0,0.0,0,0.0,0.0,0.0,0.0,0.0,0.0,0.0,0.0,,0.0
胡证,胡证,2,10,0,0,0.0,0,0.0,0,0.0,0,0.0,0.0,0.0,0.0,0.0,0.0,0.0,0.0,,0.0
胡雄,胡雄,2,8,0,0,0.0,0,0.0,0,0.0,0,0.0,0.0,0.0,0.0,0.0,0.0,0.0,0.0,,0.0
胡骈,胡骈,1,8,0,0,0.0,0,0.0,0,0.0,0,0.0,0.0,0.0,0.0,0.0,0.0,0.0,0.0,,0.0
胥偃,胥偃,1,2,0,0,0.0,0,0.0,0,0.0,0,0.0,0.0,0.0,0.0,0.0,0.0,0.0,0.0,,0.0
舞柘枝女,舞柘枝女,1,4,0,0,0.0,0,0.0,0,0.0,0,0.0,0.0,0.0,0.0,0.0,0.0,0.0,0.0,,0.0
良乂,良乂,1,4,0,0,0.0,0,0.0,0,0.0,0,0.0,0.0,0.0,0.0,0.0,0.0,0.0,0.0,,0.0
芮挺章,芮挺章,2,16,0,0,0.0,0,0.0,0,0.0,0,0.0,0.0,0.0,0.0,0.0,0.0,0.0,0.0,,0.0
苏味道,苏味道,15,166,0,0,0.0,0,0.0,0,0.0,0,0.0,0.0,0.0,0.0,0.0,0.0,0.0,0.0,,0.0
苏晋,苏晋,2,28,0,0,0.0,0,0.0,0,0.0,0,0.0,0.0,0.0,0.0,0.0,0.0,0.0,0.0,,0.0
苏检,苏检,1,4,0,0,0.0,0,0.0,0,0.0,0,0.0,0.0,0.0,0.0,0.0,0.0,0.0,0.0,,0.0
苏源明,苏源明,2,22,0,0,0.0,0,0.0,0,0.0,0,0.0,0.0,0.0,0.0,0.0,0.0,0.0,0.0,,0.0
苏瑰,苏瑰,2,16,0,0,0.0,0,0.0,0,0.0,0,0.0,0.0,0.0,0.0,0.0,0.0,0.0,0.0,,0.0
苏绾,苏绾,1,8,0,0,0.0,0,0.0,0,0.0,0,0.0,0.0,0.0,0.0,0.0,0.0,0.0,0.0,,0.0
苏芸,苏芸,1,2,0,0,0.0,0,0.0,0,0.0,0,0.0,0.0,0.0,0.0,0.0,0.0,0.0,0.0,,0.0
苑gT,苑gT,1,12,0,0,0.0,0,0.0,0,0.0,0,0.0,0.0,0.0,0.0,0.0,0.0,0.0,0.0,,0.0
苑咸,苑咸,2,16,0,0,0.0,0,0.0,0,0.0,0,0.0,0.0,0.0,0.0,0.0,0.0,0.0,0.0,,0.0
苗仲方,苗仲方,1,12,0,0,0.0,0,0.0,0,0.0,0,0.0,0.0,0.0,0.0,0.0,0.0,0.0,0.0,,0.0
苗发,苗发,2,16,0,0,0.0,0,0.0,0,0.0,0,0.0,0.0,0.0,0.0,0.0,0.0,0.0,0.0,,0.0
苗晋卿,苗晋卿,1,16,0,0,0.0,0,0.0,0,0.0,0,0.0,0.0,0.0,0.0,0.0,0.0,0.0,0.0,,0.0
若水,若水,1,8,0,0,0.0,0,0.0,0,0.0,0,0.0,0.0,0.0,0.0,0.0,0.0,0.0,0.0,,0.0
若耶溪女子,若耶溪女子,1,4,0,0,0.0,0,0.0,0,0.0,0,0.0,0.0,0.0,0.0,0.0,0.0,0.0,0.0,,0.0
范元凯,范元凯,1,4,0,0,0.0,0,0.0,0,0.0,0,0.0,0.0,0.0,0.0,0.0,0.0,0.0,0.0,,0.0
范夜,范夜,1,4,0,0,0.0,0,0.0,0,0.0,0,0.0,0.0,0.0,0.0,0.0,0.0,0.0,0.0,,0.0
范尧佐,范尧佐,1,8,0,0,0.0,0,0.0,0,0.0,0,0.0,0.0,0.0,0.0,0.0,0.0,0.0,0.0,,0.0
范朝,范朝,2,16,0,0,0.0,0,0.0,0,0.0,0,0.0,0.0,0.0,0.0,0.0,0.0,0.0,0.0,,0.0
范灯,范灯,2,9,0,0,0.0,0,0.0,0,0.0,0,0.0,0.0,0.0,0.0,0.0,0.0,0.0,0.0,,0.0
荆人,荆人,1,4,0,0,0.0,0,0.0,0,0.0,0,0.0,0.0,0.0,0.0,0.0,0.0,0.0,0.0,,0.0
荆冬倩,荆冬倩,1,8,0,0,0.0,0,0.0,0,0.0,0,0.0,0.0,0.0,0.0,0.0,0.0,0.0,0.0,,0.0
荆叔,荆叔,1,4,0,0,0.0,0,0.0,0,0.0,0,0.0,0.0,0.0,0.0,0.0,0.0,0.0,0.0,,0.0
荆州僧,荆州僧,1,1,0,0,0.0,0,0.0,0,0.0,0,0.0,0.0,0.0,0.0,0.0,0.0,0.0,0.0,,0.0
荆浩,荆浩,1,8,0,0,0.0,0,0.0,0,0.0,0,0.0,0.0,0.0,0.0,0.0,0.0,0.0,0.0,,0.0
莲花妓,莲花妓,1,4,0,0,0.0,0,0.0,0,0.0,0,0.0,0.0,0.0,0.0,0.0,0.0,0.0,0.0,,0.0
萧华,萧华,1,16,0,0,0.0,0,0.0,0,0.0,0,0.0,0.0,0.0,0.0,0.0,0.0,0.0,0.0,,0.0
萧妃,萧妃,1,6,0,0,0.0,0,0.0,0,0.0,0,0.0,0.0,0.0,0.0,0.0,0.0,0.0,0.0,,0.0
萧嵩,萧嵩,2,28,0,0,0.0,0,0.0,0,0.0,0,0.0,0.0,0.0,0.0,0.0,0.0,0.0,0.0,,0.0
萧建,萧建,1,4,0,0,0.0,0,0.0,0,0.0,0,0.0,0.0,0.0,0.0,0.0,0.0,0.0,0.0,,0.0
萧彧,萧彧,2,16,0,0,0.0,0,0.0,0,0.0,0,0.0,0.0,0.0,0.0,0.0,0.0,0.0,0.0,,0.0
萧德言,萧德言,1,4,0,0,0.0,0,0.0,0,0.0,0,0.0,0.0,0.0,0.0,0.0,0.0,0.0,0.0,,0.0
萧意,萧意,1,4,0,0,0.0,0,0.0,0,0.0,0,0.0,0.0,0.0,0.0,0.0,0.0,0.0,0.0,,0.0
萧旷,萧旷,1,4,0,0,0.0,0,0.0,0,0.0,0,0.0,0.0,0.0,0.0,0.0,0.0,0.0,0.0,,0.0
萧昕,萧昕,2,24,0,0,0.0,0,0.0,0,0.0,0,0.0,0.0,0.0,0.0,0.0,0.0,0.0,0.0,,0.0
萧楚材,萧楚材,1,10,0,0,0.0,0,0.0,0,0.0,0,0.0,0.0,0.0,0.0,0.0,0.0,0.0,0.0,,0.0
萧结,萧结,1,4,0,0,0.0,0,0.0,0,0.0,0,0.0,0.0,0.0,0.0,0.0,0.0,0.0,0.0,,0.0
萧缜,萧缜,1,4,0,0,0.0,0,0.0,0,0.0,0,0.0,0.0,0.0,0.0,0.0,0.0,0.0,0.0,,0.0
萧翼,萧翼,1,8,0,0,0.0,0,0.0,0,0.0,0,0.0,0.0,0.0,0.0,0.0,0.0,0.0,0.0,,0.0
萧至忠,萧至忠,9,84,0,0,0.0,0,0.0,0,0.0,0,0.0,0.0,0.0,0.0,0.0,0.0,0.0,0.0,,0.0
萧遘,萧遘,4,22,0,0,0.0,0,0.0,0,0.0,0,0.0,0.0,0.0,0.0,0.0,0.0,0.0,0.0,,0.0
萧项,萧项,1,8,0,0,0.0,0,0.0,0,0.0,0,0.0,0.0,0.0,0.0,0.0,0.0,0.0,0.0,,0.0
葛鸦儿,葛鸦儿,2,12,0,0,0.0,0,0.0,0,0.0,0,0.0,0.0,0.0,0.0,0.0,0.0,0.0,0.0,,0.0
董初,董初,1,8,0,0,0.0,0,0.0,0,0.0,0,0.0,0.0,0.0,0.0,0.0,0.0,0.0,0.0,,0.0
蒋挺,蒋挺,2,16,0,0,0.0,0,0.0,0,0.0,0,0.0,0.0,0.0,0.0,0.0,0.0,0.0,0.0,,0.0
蒋氏,蒋氏,1,4,0,0,0.0,0,0.0,0,0.0,0,0.0,0.0,0.0,0.0,0.0,0.0,0.0,0.0,,0.0
蒋肱,蒋肱,1,8,0,0,0.0,0,0.0,0,0.0,0,0.0,0.0,0.0,0.0,0.0,0.0,0.0,0.0,,0.0
蒯希逸,蒯希逸,2,12,0,0,0.0,0,0.0,0,0.0,0,0.0,0.0,0.0,0.0,0.0,0.0,0.0,0.0,,0.0
蓝采和,蓝采和,1,10,0,0,0.0,0,0.0,0,0.0,0,0.0,0.0,0.0,0.0,0.0,0.0,0.0,0.0,,0.0
蔡允恭,蔡允恭,1,8,0,0,0.0,0,0.0,0,0.0,0,0.0,0.0,0.0,0.0,0.0,0.0,0.0,0.0,,0.0
蔡希周,蔡希周,1,8,0,0,0.0,0,0.0,0,0.0,0,0.0,0.0,0.0,0.0,0.0,0.0,0.0,0.0,,0.0
蔡押衙,蔡押衙,1,2,0,0,0.0,0,0.0,0,0.0,0,0.0,0.0,0.0,0.0,0.0,0.0,0.0,0.0,,0.0
蔡文恭,蔡文恭,1,12,0,0,0.0,0,0.0,0,0.0,0,0.0,0.0,0.0,0.0,0.0,0.0,0.0,0.0,,0.0
蔡昆,蔡昆,2,8,0,0,0.0,0,0.0,0,0.0,0,0.0,0.0,0.0,0.0,0.0,0.0,0.0,0.0,,0.0
蔡瑰,蔡瑰,1,20,0,0,0.0,0,0.0,0,0.0,0,0.0,0.0,0.0,0.0,0.0,0.0,0.0,0.0,,0.0
蔡隐丘,蔡隐丘,2,6,0,0,0.0,0,0.0,0,0.0,0,0.0,0.0,0.0,0.0,0.0,0.0,0.0,0.0,,0.0
薛zm,薛zm,1,4,0,0,0.0,0,0.0,0,0.0,0,0.0,0.0,0.0,0.0,0.0,0.0,0.0,0.0,,0.0
薛业,薛业,2,14,0,0,0.0,0,0.0,0,0.0,0,0.0,0.0,0.0,0.0,0.0,0.0,0.0,0.0,,0.0
薛元超,薛元超,1,14,0,0,0.0,0,0.0,0,0.0,0,0.0,0.0,0.0,0.0,0.0,0.0,0.0,0.0,,0.0
薛光谦,薛光谦,1,12,0,0,0.0,0,0.0,0,0.0,0,0.0,0.0,0.0,0.0,0.0,0.0,0.0,0.0,,0.0
薛克构,薛克构,1,10,0,0,0.0,0,0.0,0,0.0,0,0.0,0.0,0.0,0.0,0.0,0.0,0.0,0.0,,0.0
薛准,薛准,1,4,0,0,0.0,0,0.0,0,0.0,0,0.0,0.0,0.0,0.0,0.0,0.0,0.0,0.0,,0.0
薛媛,薛媛,1,8,0,0,0.0,0,0.0,0,0.0,0,0.0,0.0,0.0,0.0,0.0,0.0,0.0,0.0,,0.0
薛宜僚,薛宜僚,1,8,0,0,0.0,0,0.0,0,0.0,0,0.0,0.0,0.0,0.0,0.0,0.0,0.0,0.0,,0.0
薛少殷,薛少殷,1,12,0,0,0.0,0,0.0,0,0.0,0,0.0,0.0,0.0,0.0,0.0,0.0,0.0,0.0,,0.0
薛戎,薛戎,1,24,0,0,0.0,0,0.0,0,0.0,0,0.0,0.0,0.0,0.0,0.0,0.0,0.0,0.0,,0.0
薛昚惑,薛昚惑,1,8,0,0,0.0,0,0.0,0,0.0,0,0.0,0.0,0.0,0.0,0.0,0.0,0.0,0.0,,0.0
薛昭蕴,薛昭蕴,8,123,0,0,0.0,0,0.0,0,0.0,0,0.0,0.0,0.0,0.0,0.0,0.0,0.0,0.0,,0.0
薛曜,薛曜,8,96,0,0,0.0,0,0.0,0,0.0,0,0.0,0.0,0.0,0.0,0.0,0.0,0.0,0.0,,0.0
薛琼,薛琼,1,4,0,0,0.0,0,0.0,0,0.0,0,0.0,0.0,0.0,0.0,0.0,0.0,0.0,0.0,,0.0
薛瑶,薛瑶,1,4,0,0,0.0,0,0.0,0,0.0,0,0.0,0.0,0.0,0.0,0.0,0.0,0.0,0.0,,0.0
薛维翰,薛维翰,1,8,0,0,0.0,0,0.0,0,0.0,0,0.0,0.0,0.0,0.0,0.0,0.0,0.0,0.0,,0.0
薛耀,薛耀,1,4,0,0,0.0,0,0.0,0,0.0,0,0.0,0.0,0.0,0.0,0.0,0.0,0.0,0.0,,0.0
薛蒙,薛蒙,1,8,0,0,0.0,0,0.0,0,0.0,0,0.0,0.0,0.0,0.0,0.0,0.0,0.0,0.0,,0.0
虚中,虚中,15,132,0,0,0.0,0,0.0,0,0.0,0,0.0,0.0,0.0,0.0,0.0,0.0,0.0,0.0,,0.0
虞有贤,虞有贤,1,11,0,0,0.0,0,0.0,0,0.0,0,0.0,0.0,0.0,0.0,0.0,0.0,0.0,0.0,,0.0
虞羽客,虞羽客,2,40,0,0,0.0,0,0.0,0,0.0,0,0.0,0.0,0.0,0.0,0.0,0.0,0.0,0.0,,0.0
蜀酒阁道人,蜀酒阁道人,1,4,0,0,0.0,0,0.0,0,0.0,0,0.0,0.0,0.0,0.0,0.0,0.0,0.0,0.0,,0.0
衡州舟子,衡州舟子,1,4,0,0,0.0,0,0.0,0,0.0,0,0.0,0.0,0.0,0.0,0.0,0.0,0.0,0.0,,0.0
袁不约,袁不约,5,36,0,0,0.0,0,0.0,0,0.0,0,0.0,0.0,0.0,0.0,0.0,0.0,0.0,0.0,,0.0
袁恕己,袁恕己,1,8,0,0,0.0,0,0.0,0,0.0,0,0.0,0.0,0.0,0.0,0.0,0.0,0.0,0.0,,0.0
袁晖,袁晖,10,96,0,0,0.0,0,0.0,0,0.0,0,0.0,0.0,0.0,0.0,0.0,0.0,0.0,0.0,,0.0
袁求贤,袁求贤,1,12,0,0,0.0,0,0.0,0,0.0,0,0.0,0.0,0.0,0.0,0.0,0.0,0.0,0.0,,0.0
袁郊,袁郊,4,16,0,0,0.0,0,0.0,0,0.0,0,0.0,0.0,0.0,0.0,0.0,0.0,0.0,0.0,,0.0
裴休,裴休,2,16,0,0,0.0,0,0.0,0,0.0,0,0.0,0.0,0.0,0.0,0.0,0.0,0.0,0.0,,0.0
裴元,裴元,1,12,0,0,0.0,0,0.0,0,0.0,0,0.0,0.0,0.0,0.0,0.0,0.0,0.0,0.0,,0.0
裴光庭,裴光庭,1,16,0,0,0.0,0,0.0,0,0.0,0,0.0,0.0,0.0,0.0,0.0,0.0,0.0,0.0,,0.0
裴士淹,裴士淹,1,4,0,0,0.0,0,0.0,0,0.0,0,0.0,0.0,0.0,0.0,0.0,0.0,0.0,0.0,,0.0
裴大章,裴大章,1,12,0,0,0.0,0,0.0,0,0.0,0,0.0,0.0,0.0,0.0,0.0,0.0,0.0,0.0,,0.0
裴度,裴度,10,247,0,0,0.0,0,0.0,0,0.0,0,0.0,0.0,0.0,0.0,0.0,0.0,0.0,0.0,,0.0
裴延,裴延,2,8,0,0,0.0,0,0.0,0,0.0,0,0.0,0.0,0.0,0.0,0.0,0.0,0.0,0.0,,0.0
裴廷裕,裴廷裕,2,16,0,0,0.0,0,0.0,0,0.0,0,0.0,0.0,0.0,0.0,0.0,0.0,0.0,0.0,,0.0
裴思谦,裴思谦,1,4,0,0,0.0,0,0.0,0,0.0,0,0.0,0.0,0.0,0.0,0.0,0.0,0.0,0.0,,0.0
裴杞,裴杞,1,12,0,0,0.0,0,0.0,0,0.0,0,0.0,0.0,0.0,0.0,0.0,0.0,0.0,0.0,,0.0
裴次元,裴次元,4,38,0,0,0.0,0,0.0,0,0.0,0,0.0,0.0,0.0,0.0,0.0,0.0,0.0,0.0,,0.0
裴淑,裴淑,1,8,0,0,0.0,0,0.0,0,0.0,0,0.0,0.0,0.0,0.0,0.0,0.0,0.0,0.0,,0.0
裴澄,裴澄,1,12,0,0,0.0,0,0.0,0,0.0,0,0.0,0.0,0.0,0.0,0.0,0.0,0.0,0.0,,0.0
裴澈,裴澈,1,4,0,0,0.0,0,0.0,0,0.0,0,0.0,0.0,0.0,0.0,0.0,0.0,0.0,0.0,,0.0
裴玄智,裴玄智,1,4,0,0,0.0,0,0.0,0,0.0,0,0.0,0.0,0.0,0.0,0.0,0.0,0.0,0.0,,0.0
裴瑶,裴瑶,1,4,0,0,0.0,0,0.0,0,0.0,0,0.0,0.0,0.0,0.0,0.0,0.0,0.0,0.0,,0.0
裴略,裴略,2,9,0,0,0.0,0,0.0,0,0.0,0,0.0,0.0,0.0,0.0,0.0,0.0,0.0,0.0,,0.0
裴羽仙,裴羽仙,1,8,0,0,0.0,0,0.0,0,0.0,0,0.0,0.0,0.0,0.0,0.0,0.0,0.0,0.0,,0.0
裴翛然,裴翛然,1,4,0,0,0.0,0,0.0,0,0.0,0,0.0,0.0,0.0,0.0,0.0,0.0,0.0,0.0,,0.0
裴翻,裴翻,1,8,0,0,0.0,0,0.0,0,0.0,0,0.0,0.0,0.0,0.0,0.0,0.0,0.0,0.0,,0.0
裴耀卿,裴耀卿,2,26,0,0,0.0,0,0.0,0,0.0,0,0.0,0.0,0.0,0.0,0.0,0.0,0.0,0.0,,0.0
裴航,裴航,1,4,0,0,0.0,0,0.0,0,0.0,0,0.0,0.0,0.0,0.0,0.0,0.0,0.0,0.0,,0.0
裴虔馀,裴虔馀,2,16,0,0,0.0,0,0.0,0,0.0,0,0.0,0.0,0.0,0.0,0.0,0.0,0.0,0.0,,0.0
裴諴,裴諴,2,20,0,0,0.0,0,0.0,0,0.0,0,0.0,0.0,0.0,0.0,0.0,0.0,0.0,0.0,,0.0
裴谈,裴谈,1,4,0,0,0.0,0,0.0,0,0.0,0,0.0,0.0,0.0,0.0,0.0,0.0,0.0,0.0,,0.0
裴谐,裴谐,2,22,0,0,0.0,0,0.0,0,0.0,0,0.0,0.0,0.0,0.0,0.0,0.0,0.0,0.0,,0.0
裴贽,裴贽,1,8,0,0,0.0,0,0.0,0,0.0,0,0.0,0.0,0.0,0.0,0.0,0.0,0.0,0.0,,0.0
裴达,裴达,1,12,0,0,0.0,0,0.0,0,0.0,0,0.0,0.0,0.0,0.0,0.0,0.0,0.0,0.0,,0.0
裴迪,裴迪,29,138,0,0,0.0,0,0.0,0,0.0,0,0.0,0.0,0.0,0.0,0.0,0.0,0.0,0.0,,0.0
裴逵,裴逵,1,12,0,0,0.0,0,0.0,0,0.0,0,0.0,0.0,0.0,0.0,0.0,0.0,0.0,0.0,,0.0
褚朝阳,褚朝阳,3,24,0,0,0.0,0,0.0,0,0.0,0,0.0,0.0,0.0,0.0,0.0,0.0,0.0,0.0,,0.0
褚琇,褚琇,1,12,0,0,0.0,0,0.0,0,0.0,0,0.0,0.0,0.0,0.0,0.0,0.0,0.0,0.0,,0.0
褚遂良,褚遂良,1,12,0,0,0.0,0,0.0,0,0.0,0,0.0,0.0,0.0,0.0,0.0,0.0,0.0,0.0,,0.0
襄阳举人,襄阳举人,1,4,0,0,0.0,0,0.0,0,0.0,0,0.0,0.0,0.0,0.0,0.0,0.0,0.0,0.0,,0.0
襄阳妓,襄阳妓,1,4,0,0,0.0,0,0.0,0,0.0,0,0.0,0.0,0.0,0.0,0.0,0.0,0.0,0.0,,0.0
西施,西施,3,12,0,0,0.0,0,0.0,0,0.0,0,0.0,0.0,0.0,0.0,0.0,0.0,0.0,0.0,,0.0
观梅女仙,观梅女仙,1,4,0,0,0.0,0,0.0,0,0.0,0,0.0,0.0,0.0,0.0,0.0,0.0,0.0,0.0,,0.0
解彦融,解彦融,1,20,0,0,0.0,0,0.0,0,0.0,0,0.0,0.0,0.0,0.0,0.0,0.0,0.0,0.0,,0.0
解琬,解琬,2,16,0,0,0.0,0,0.0,0,0.0,0,0.0,0.0,0.0,0.0,0.0,0.0,0.0,0.0,,0.0
詹琲,詹琲,3,24,0,0,0.0,0,0.0,0,0.0,0,0.0,0.0,0.0,0.0,0.0,0.0,0.0,0.0,,0.0
许三畏,许三畏,1,8,0,0,0.0,0,0.0,0,0.0,0,0.0,0.0,0.0,0.0,0.0,0.0,0.0,0.0,,0.0
许圉师,许圉师,1,4,0,0,0.0,0,0.0,0,0.0,0,0.0,0.0,0.0,0.0,0.0,0.0,0.0,0.0,,0.0
许大,许大,1,4,0,0,0.0,0,0.0,0,0.0,0,0.0,0.0,0.0,0.0,0.0,0.0,0.0,0.0,,0.0
许天正,许天正,1,14,0,0,0.0,0,0.0,0,0.0,0,0.0,0.0,0.0,0.0,0.0,0.0,0.0,0.0,,0.0
许孟容,许孟容,1,8,0,0,0.0,0,0.0,0,0.0,0,0.0,0.0,0.0,0.0,0.0,0.0,0.0,0.0,,0.0
许学士,许学士,2,8,0,0,0.0,0,0.0,0,0.0,0,0.0,0.0,0.0,0.0,0.0,0.0,0.0,0.0,,0.0
许宏,许宏,1,4,0,0,0.0,0,0.0,0,0.0,0,0.0,0.0,0.0,0.0,0.0,0.0,0.0,0.0,,0.0
许尧佐,许尧佐,1,12,0,0,0.0,0,0.0,0,0.0,0,0.0,0.0,0.0,0.0,0.0,0.0,0.0,0.0,,0.0
许岷,许岷,1,16,0,0,0.0,0,0.0,0,0.0,0,0.0,0.0,0.0,0.0,0.0,0.0,0.0,0.0,,0.0
许景先,许景先,5,102,0,0,0.0,0,0.0,0,0.0,0,0.0,0.0,0.0,0.0,0.0,0.0,0.0,0.0,,0.0
许瀍,许瀍,1,4,0,0,0.0,0,0.0,0,0.0,0,0.0,0.0,0.0,0.0,0.0,0.0,0.0,0.0,,0.0
许玫,许玫,1,8,0,0,0.0,0,0.0,0,0.0,0,0.0,0.0,0.0,0.0,0.0,0.0,0.0,0.0,,0.0
许瑶,许瑶,1,4,0,0,0.0,0,0.0,0,0.0,0,0.0,0.0,0.0,0.0,0.0,0.0,0.0,0.0,,0.0
许鼎,许鼎,2,8,0,0,0.0,0,0.0,0,0.0,0,0.0,0.0,0.0,0.0,0.0,0.0,0.0,0.0,,0.0
谁氏女,谁氏女,1,4,0,0,0.0,0,0.0,0,0.0,0,0.0,0.0,0.0,0.0,0.0,0.0,0.0,0.0,,0.0
谈戭,谈戭,2,10,0,0,0.0,0,0.0,0,0.0,0,0.0,0.0,0.0,0.0,0.0,0.0,0.0,0.0,,0.0
谢仲宣,谢仲宣,1,8,0,0,0.0,0,0.0,0,0.0,0,0.0,0.0,0.0,0.0,0.0,0.0,0.0,0.0,,0.0
谢太虚,谢太虚,1,16,0,0,0.0,0,0.0,0,0.0,0,0.0,0.0,0.0,0.0,0.0,0.0,0.0,0.0,,0.0
谢邈,谢邈,2,16,0,0,0.0,0,0.0,0,0.0,0,0.0,0.0,0.0,0.0,0.0,0.0,0.0,0.0,,0.0
谭峭,谭峭,2,6,0,0,0.0,0,0.0,0,0.0,0,0.0,0.0,0.0,0.0,0.0,0.0,0.0,0.0,,0.0
豆卢复,豆卢复,2,12,0,0,0.0,0,0.0,0,0.0,0,0.0,0.0,0.0,0.0,0.0,0.0,0.0,0.0,,0.0
贞元文士,贞元文士,1,4,0,0,0.0,0,0.0,0,0.0,0,0.0,0.0,0.0,0.0,0.0,0.0,0.0,0.0,,0.0
贺兰朋吉,贺兰朋吉,1,8,0,0,0.0,0,0.0,0,0.0,0,0.0,0.0,0.0,0.0,0.0,0.0,0.0,0.0,,0.0
贺敱,贺敱,1,18,0,0,0.0,0,0.0,0,0.0,0,0.0,0.0,0.0,0.0,0.0,0.0,0.0,0.0,,0.0
贺遂涉,贺遂涉,1,4,0,0,0.0,0,0.0,0,0.0,0,0.0,0.0,0.0,0.0,0.0,0.0,0.0,0.0,,0.0
贾宗,贾宗,1,12,0,0,0.0,0,0.0,0,0.0,0,0.0,0.0,0.0,0.0,0.0,0.0,0.0,0.0,,0.0
贾彦璋,贾彦璋,4,32,0,0,0.0,0,0.0,0,0.0,0,0.0,0.0,0.0,0.0,0.0,0.0,0.0,0.0,,0.0
贾谟,贾谟,1,12,0,0,0.0,0,0.0,0,0.0,0,0.0,0.0,0.0,0.0,0.0,0.0,0.0,0.0,,0.0
贾邕,贾邕,1,8,0,0,0.0,0,0.0,0,0.0,0,0.0,0.0,0.0,0.0,0.0,0.0,0.0,0.0,,0.0
贾驰,贾驰,3,20,0,0,0.0,0,0.0,0,0.0,0,0.0,0.0,0.0,0.0,0.0,0.0,0.0,0.0,,0.0
赵中虚,赵中虚,1,16,0,0,0.0,0,0.0,0,0.0,0,0.0,0.0,0.0,0.0,0.0,0.0,0.0,0.0,,0.0
赵光远,赵光远,2,24,0,0,0.0,0,0.0,0,0.0,0,0.0,0.0,0.0,0.0,0.0,0.0,0.0,0.0,,0.0
赵叔达,赵叔达,1,8,0,0,0.0,0,0.0,0,0.0,0,0.0,0.0,0.0,0.0,0.0,0.0,0.0,0.0,,0.0
赵存约,赵存约,1,12,0,0,0.0,0,0.0,0,0.0,0,0.0,0.0,0.0,0.0,0.0,0.0,0.0,0.0,,0.0
赵宗儒,赵宗儒,1,8,0,0,0.0,0,0.0,0,0.0,0,0.0,0.0,0.0,0.0,0.0,0.0,0.0,0.0,,0.0
赵居贞,赵居贞,1,32,0,0,0.0,0,0.0,0,0.0,0,0.0,0.0,0.0,0.0,0.0,0.0,0.0,0.0,,0.0
赵延寿,赵延寿,1,8,0,0,0.0,0,0.0,0,0.0,0,0.0,0.0,0.0,0.0,0.0,0.0,0.0,0.0,,0.0
赵惠宗,赵惠宗,1,20,0,0,0.0,0,0.0,0,0.0,0,0.0,0.0,0.0,0.0,0.0,0.0,0.0,0.0,,0.0
赵武建,赵武建,1,4,0,0,0.0,0,0.0,0,0.0,0,0.0,0.0,0.0,0.0,0.0,0.0,0.0,0.0,,0.0
赵湘,赵湘,1,8,0,0,0.0,0,0.0,0,0.0,0,0.0,0.0,0.0,0.0,0.0,0.0,0.0,0.0,,0.0
赵自然,赵自然,1,4,0,0,0.0,0,0.0,0,0.0,0,0.0,0.0,0.0,0.0,0.0,0.0,0.0,0.0,,0.0
赵良器,赵良器,2,20,0,0,0.0,0,0.0,0,0.0,0,0.0,0.0,0.0,0.0,0.0,0.0,0.0,0.0,,0.0
赵蕃,赵蕃,2,24,0,0,0.0,0,0.0,0,0.0,0,0.0,0.0,0.0,0.0,0.0,0.0,0.0,0.0,,0.0
赵虚舟,赵虚舟,1,4,0,0,0.0,0,0.0,0,0.0,0,0.0,0.0,0.0,0.0,0.0,0.0,0.0,0.0,,0.0
赵谦光,赵谦光,2,8,0,0,0.0,0,0.0,0,0.0,0,0.0,0.0,0.0,0.0,0.0,0.0,0.0,0.0,,0.0
赵起,赵起,1,8,0,0,0.0,0,0.0,0,0.0,0,0.0,0.0,0.0,0.0,0.0,0.0,0.0,0.0,,0.0
赵防,赵防,1,8,0,0,0.0,0,0.0,0,0.0,0,0.0,0.0,0.0,0.0,0.0,0.0,0.0,0.0,,0.0
赵骅,赵骅,1,8,0,0,0.0,0,0.0,0,0.0,0,0.0,0.0,0.0,0.0,0.0,0.0,0.0,0.0,,0.0
赵鸾鸾,赵鸾鸾,5,20,0,0,0.0,0,0.0,0,0.0,0,0.0,0.0,0.0,0.0,0.0,0.0,0.0,0.0,,0.0
赵鸿,赵鸿,3,16,0,0,0.0,0,0.0,0,0.0,0,0.0,0.0,0.0,0.0,0.0,0.0,0.0,0.0,,0.0
越溪杨女,越溪杨女,2,14,0,0,0.0,0,0.0,0,0.0,0,0.0,0.0,0.0,0.0,0.0,0.0,0.0,0.0,,0.0
路应,路应,1,28,0,0,0.0,0,0.0,0,0.0,0,0.0,0.0,0.0,0.0,0.0,0.0,0.0,0.0,,0.0
路德延,路德延,4,118,0,0,0.0,0,0.0,0,0.0,0,0.0,0.0,0.0,0.0,0.0,0.0,0.0,0.0,,0.0
路洵美,路洵美,1,8,0,0,0.0,0,0.0,0,0.0,0,0.0,0.0,0.0,0.0,0.0,0.0,0.0,0.0,,0.0
路贯,路贯,1,8,0,0,0.0,0,0.0,0,0.0,0,0.0,0.0,0.0,0.0,0.0,0.0,0.0,0.0,,0.0
车缅,车缅,1,12,0,0,0.0,0,0.0,0,0.0,0,0.0,0.0,0.0,0.0,0.0,0.0,0.0,0.0,,0.0
轩辕弥明,轩辕弥明,1,8,0,0,0.0,0,0.0,0,0.0,0,0.0,0.0,0.0,0.0,0.0,0.0,0.0,0.0,,0.0
辅国将军,辅国将军,1,8,0,0,0.0,0,0.0,0,0.0,0,0.0,0.0,0.0,0.0,0.0,0.0,0.0,0.0,,0.0
辛学士,辛学士,1,4,0,0,0.0,0,0.0,0,0.0,0,0.0,0.0,0.0,0.0,0.0,0.0,0.0,0.0,,0.0
辛宏,辛宏,1,12,0,0,0.0,0,0.0,0,0.0,0,0.0,0.0,0.0,0.0,0.0,0.0,0.0,0.0,,0.0
辛弘智,辛弘智,4,16,0,0,0.0,0,0.0,0,0.0,0,0.0,0.0,0.0,0.0,0.0,0.0,0.0,0.0,,0.0
辛替否,辛替否,1,8,0,0,0.0,0,0.0,0,0.0,0,0.0,0.0,0.0,0.0,0.0,0.0,0.0,0.0,,0.0
辨才,辨才,1,8,0,0,0.0,0,0.0,0,0.0,0,0.0,0.0,0.0,0.0,0.0,0.0,0.0,0.0,,0.0
选人,选人,1,4,0,0,0.0,0,0.0,0,0.0,0,0.0,0.0,0.0,0.0,0.0,0.0,0.0,0.0,,0.0
道会,道会,1,4,0,0,0.0,0,0.0,0,0.0,0,0.0,0.0,0.0,0.0,0.0,0.0,0.0,0.0,,0.0
道恭,道恭,1,8,0,0,0.0,0,0.0,0,0.0,0,0.0,0.0,0.0,0.0,0.0,0.0,0.0,0.0,,0.0
邓倚,邓倚,1,12,0,0,0.0,0,0.0,0,0.0,0,0.0,0.0,0.0,0.0,0.0,0.0,0.0,0.0,,0.0
邓洵美,邓洵美,1,8,0,0,0.0,0,0.0,0,0.0,0,0.0,0.0,0.0,0.0,0.0,0.0,0.0,0.0,,0.0
邓陟,邓陟,1,12,0,0,0.0,0,0.0,0,0.0,0,0.0,0.0,0.0,0.0,0.0,0.0,0.0,0.0,,0.0
邢凤,邢凤,1,4,0,0,0.0,0,0.0,0,0.0,0,0.0,0.0,0.0,0.0,0.0,0.0,0.0,0.0,,0.0
邢巨,邢巨,2,12,0,0,0.0,0,0.0,0,0.0,0,0.0,0.0,0.0,0.0,0.0,0.0,0.0,0.0,,0.0
邢群,邢群,1,8,0,0,0.0,0,0.0,0,0.0,0,0.0,0.0,0.0,0.0,0.0,0.0,0.0,0.0,,0.0
邵升,邵升,1,8,0,0,0.0,0,0.0,0,0.0,0,0.0,0.0,0.0,0.0,0.0,0.0,0.0,0.0,,0.0
邵士彦,邵士彦,1,8,0,0,0.0,0,0.0,0,0.0,0,0.0,0.0,0.0,0.0,0.0,0.0,0.0,0.0,,0.0
邵景,邵景,1,4,0,0,0.0,0,0.0,0,0.0,0,0.0,0.0,0.0,0.0,0.0,0.0,0.0,0.0,,0.0
邵楚苌,邵楚苌,1,8,0,0,0.0,0,0.0,0,0.0,0,0.0,0.0,0.0,0.0,0.0,0.0,0.0,0.0,,0.0
邵真,邵真,1,4,0,0,0.0,0,0.0,0,0.0,0,0.0,0.0,0.0,0.0,0.0,0.0,0.0,0.0,,0.0
邹绍先,邹绍先,2,12,0,0,0.0,0,0.0,0,0.0,0,0.0,0.0,0.0,0.0,0.0,0.0,0.0,0.0,,0.0
邹象先,邹象先,1,4,0,0,0.0,0,0.0,0,0.0,0,0.0,0.0,0.0,0.0,0.0,0.0,0.0,0.0,,0.0
邻道场人,邻道场人,1,4,0,0,0.0,0,0.0,0,0.0,0,0.0,0.0,0.0,0.0,0.0,0.0,0.0,0.0,,0.0
郎大家宋氏,郎大家宋氏,8,54,0,0,0.0,0,0.0,0,0.0,0,0.0,0.0,0.0,0.0,0.0,0.0,0.0,0.0,,0.0
郑严,郑严,1,8,0,0,0.0,0,0.0,0,0.0,0,0.0,0.0,0.0,0.0,0.0,0.0,0.0,0.0,,0.0
郑中丞,郑中丞,1,4,0,0,0.0,0,0.0,0,0.0,0,0.0,0.0,0.0,0.0,0.0,0.0,0.0,0.0,,0.0
郑丹,郑丹,2,16,0,0,0.0,0,0.0,0,0.0,0,0.0,0.0,0.0,0.0,0.0,0.0,0.0,0.0,,0.0
郑义真,郑义真,1,10,0,0,0.0,0,0.0,0,0.0,0,0.0,0.0,0.0,0.0,0.0,0.0,0.0,0.0,,0.0
郑仆射,郑仆射,1,4,0,0,0.0,0,0.0,0,0.0,0,0.0,0.0,0.0,0.0,0.0,0.0,0.0,0.0,,0.0
郑俞,郑俞,1,12,0,0,0.0,0,0.0,0,0.0,0,0.0,0.0,0.0,0.0,0.0,0.0,0.0,0.0,,0.0
郑光业,郑光业,1,4,0,0,0.0,0,0.0,0,0.0,0,0.0,0.0,0.0,0.0,0.0,0.0,0.0,0.0,,0.0
郑冠卿,郑冠卿,1,3,0,0,0.0,0,0.0,0,0.0,0,0.0,0.0,0.0,0.0,0.0,0.0,0.0,0.0,,0.0
郑准,郑准,6,38,0,0,0.0,0,0.0,0,0.0,0,0.0,0.0,0.0,0.0,0.0,0.0,0.0,0.0,,0.0
郑南金,郑南金,1,8,0,0,0.0,0,0.0,0,0.0,0,0.0,0.0,0.0,0.0,0.0,0.0,0.0,0.0,,0.0
郑史,郑史,3,20,0,0,0.0,0,0.0,0,0.0,0,0.0,0.0,0.0,0.0,0.0,0.0,0.0,0.0,,0.0
郑合,郑合,1,4,0,0,0.0,0,0.0,0,0.0,0,0.0,0.0,0.0,0.0,0.0,0.0,0.0,0.0,,0.0
郑善玉,郑善玉,2,16,0,0,0.0,0,0.0,0,0.0,0,0.0,0.0,0.0,0.0,0.0,0.0,0.0,0.0,,0.0
郑孺华,郑孺华,1,12,0,0,0.0,0,0.0,0,0.0,0,0.0,0.0,0.0,0.0,0.0,0.0,0.0,0.0,,0.0
郑审,郑审,2,24,0,0,0.0,0,0.0,0,0.0,0,0.0,0.0,0.0,0.0,0.0,0.0,0.0,0.0,,0.0
郑师贞,郑师贞,1,12,0,0,0.0,0,0.0,0,0.0,0,0.0,0.0,0.0,0.0,0.0,0.0,0.0,0.0,,0.0
郑常,郑常,3,24,0,0,0.0,0,0.0,0,0.0,0,0.0,0.0,0.0,0.0,0.0,0.0,0.0,0.0,,0.0
郑德玄,郑德玄,1,8,0,0,0.0,0,0.0,0,0.0,0,0.0,0.0,0.0,0.0,0.0,0.0,0.0,0.0,,0.0
郑惟忠,郑惟忠,1,4,0,0,0.0,0,0.0,0,0.0,0,0.0,0.0,0.0,0.0,0.0,0.0,0.0,0.0,,0.0
郑愕,郑愕,1,8,0,0,0.0,0,0.0,0,0.0,0,0.0,0.0,0.0,0.0,0.0,0.0,0.0,0.0,,0.0
郑据,郑据,1,12,0,0,0.0,0,0.0,0,0.0,0,0.0,0.0,0.0,0.0,0.0,0.0,0.0,0.0,,0.0
郑昈,郑昈,1,8,0,0,0.0,0,0.0,0,0.0,0,0.0,0.0,0.0,0.0,0.0,0.0,0.0,0.0,,0.0
郑昉,郑昉,1,16,0,0,0.0,0,0.0,0,0.0,0,0.0,0.0,0.0,0.0,0.0,0.0,0.0,0.0,,0.0
郑洪业,郑洪业,1,12,0,0,0.0,0,0.0,0,0.0,0,0.0,0.0,0.0,0.0,0.0,0.0,0.0,0.0,,0.0
郑渥,郑渥,3,24,0,0,0.0,0,0.0,0,0.0,0,0.0,0.0,0.0,0.0,0.0,0.0,0.0,0.0,,0.0
郑玉,郑玉,1,4,0,0,0.0,0,0.0,0,0.0,0,0.0,0.0,0.0,0.0,0.0,0.0,0.0,0.0,,0.0
郑璧,郑璧,4,24,0,0,0.0,0,0.0,0,0.0,0,0.0,0.0,0.0,0.0,0.0,0.0,0.0,0.0,,0.0
郑立之,郑立之,1,4,0,0,0.0,0,0.0,0,0.0,0,0.0,0.0,0.0,0.0,0.0,0.0,0.0,0.0,,0.0
郑絪,郑絪,7,54,0,0,0.0,0,0.0,0,0.0,0,0.0,0.0,0.0,0.0,0.0,0.0,0.0,0.0,,0.0
郑繇,郑繇,2,12,0,0,0.0,0,0.0,0,0.0,0,0.0,0.0,0.0,0.0,0.0,0.0,0.0,0.0,,0.0
郑绍,郑绍,1,8,0,0,0.0,0,0.0,0,0.0,0,0.0,0.0,0.0,0.0,0.0,0.0,0.0,0.0,,0.0
郑缙,郑缙,2,18,0,0,0.0,0,0.0,0,0.0,0,0.0,0.0,0.0,0.0,0.0,0.0,0.0,0.0,,0.0
郑蕡,郑蕡,2,24,0,0,0.0,0,0.0,0,0.0,0,0.0,0.0,0.0,0.0,0.0,0.0,0.0,0.0,,0.0
郑薰,郑薰,2,42,0,0,0.0,0,0.0,0,0.0,0,0.0,0.0,0.0,0.0,0.0,0.0,0.0,0.0,,0.0
郑虔,郑虔,1,4,0,0,0.0,0,0.0,0,0.0,0,0.0,0.0,0.0,0.0,0.0,0.0,0.0,0.0,,0.0
郑蜀宾,郑蜀宾,1,4,0,0,0.0,0,0.0,0,0.0,0,0.0,0.0,0.0,0.0,0.0,0.0,0.0,0.0,,0.0
郑衮,郑衮,1,12,0,0,0.0,0,0.0,0,0.0,0,0.0,0.0,0.0,0.0,0.0,0.0,0.0,0.0,,0.0
郑轨,郑轨,1,8,0,0,0.0,0,0.0,0,0.0,0,0.0,0.0,0.0,0.0,0.0,0.0,0.0,0.0,,0.0
郑辕,郑辕,1,12,0,0,0.0,0,0.0,0,0.0,0,0.0,0.0,0.0,0.0,0.0,0.0,0.0,0.0,,0.0
郑还古,郑还古,3,20,0,0,0.0,0,0.0,0,0.0,0,0.0,0.0,0.0,0.0,0.0,0.0,0.0,0.0,,0.0
郑述诚,郑述诚,1,12,0,0,0.0,0,0.0,0,0.0,0,0.0,0.0,0.0,0.0,0.0,0.0,0.0,0.0,,0.0
郑遂初,郑遂初,1,8,0,0,0.0,0,0.0,0,0.0,0,0.0,0.0,0.0,0.0,0.0,0.0,0.0,0.0,,0.0
郑適,郑適,1,4,0,0,0.0,0,0.0,0,0.0,0,0.0,0.0,0.0,0.0,0.0,0.0,0.0,0.0,,0.0
郑露,郑露,1,4,0,0,0.0,0,0.0,0,0.0,0,0.0,0.0,0.0,0.0,0.0,0.0,0.0,0.0,,0.0
郑颋,郑颋,1,4,0,0,0.0,0,0.0,0,0.0,0,0.0,0.0,0.0,0.0,0.0,0.0,0.0,0.0,,0.0
郑颢,郑颢,1,20,0,0,0.0,0,0.0,0,0.0,0,0.0,0.0,0.0,0.0,0.0,0.0,0.0,0.0,,0.0
郑馀庆,郑馀庆,3,24,0,0,0.0,0,0.0,0,0.0,0,0.0,0.0,0.0,0.0,0.0,0.0,0.0,0.0,,0.0
郫城令,郫城令,1,4,0,0,0.0,0,0.0,0,0.0,0,0.0,0.0,0.0,0.0,0.0,0.0,0.0,0.0,,0.0
郭受,郭受,1,8,0,0,0.0,0,0.0,0,0.0,0,0.0,0.0,0.0,0.0,0.0,0.0,0.0,0.0,,0.0
郭向,郭向,1,4,0,0,0.0,0,0.0,0,0.0,0,0.0,0.0,0.0,0.0,0.0,0.0,0.0,0.0,,0.0
郭圆,郭圆,1,4,0,0,0.0,0,0.0,0,0.0,0,0.0,0.0,0.0,0.0,0.0,0.0,0.0,0.0,,0.0
郭夔,郭夔,1,8,0,0,0.0,0,0.0,0,0.0,0,0.0,0.0,0.0,0.0,0.0,0.0,0.0,0.0,,0.0
郭子仪,郭子仪,4,32,0,0,0.0,0,0.0,0,0.0,0,0.0,0.0,0.0,0.0,0.0,0.0,0.0,0.0,,0.0
郭恭,郭恭,1,4,0,0,0.0,0,0.0,0,0.0,0,0.0,0.0,0.0,0.0,0.0,0.0,0.0,0.0,,0.0
郭正一,郭正一,1,8,0,0,0.0,0,0.0,0,0.0,0,0.0,0.0,0.0,0.0,0.0,0.0,0.0,0.0,,0.0
郭求,郭求,1,12,0,0,0.0,0,0.0,0,0.0,0,0.0,0.0,0.0,0.0,0.0,0.0,0.0,0.0,,0.0
郭汭,郭汭,1,12,0,0,0.0,0,0.0,0,0.0,0,0.0,0.0,0.0,0.0,0.0,0.0,0.0,0.0,,0.0
郭澹,郭澹,2,18,0,0,0.0,0,0.0,0,0.0,0,0.0,0.0,0.0,0.0,0.0,0.0,0.0,0.0,,0.0
郭绍兰,郭绍兰,1,4,0,0,0.0,0,0.0,0,0.0,0,0.0,0.0,0.0,0.0,0.0,0.0,0.0,0.0,,0.0
郭良,郭良,2,16,0,0,0.0,0,0.0,0,0.0,0,0.0,0.0,0.0,0.0,0.0,0.0,0.0,0.0,,0.0
郭良骥,郭良骥,2,12,0,0,0.0,0,0.0,0,0.0,0,0.0,0.0,0.0,0.0,0.0,0.0,0.0,0.0,,0.0
郭郧,郭郧,1,8,0,0,0.0,0,0.0,0,0.0,0,0.0,0.0,0.0,0.0,0.0,0.0,0.0,0.0,,0.0
释元康,释元康,1,5,0,0,0.0,0,0.0,0,0.0,0,0.0,0.0,0.0,0.0,0.0,0.0,0.0,0.0,,0.0
释泚,释泚,2,16,0,0,0.0,0,0.0,0,0.0,0,0.0,0.0,0.0,0.0,0.0,0.0,0.0,0.0,,0.0
金厚载,金厚载,2,20,0,0,0.0,0,0.0,0,0.0,0,0.0,0.0,0.0,0.0,0.0,0.0,0.0,0.0,,0.0
金地藏,金地藏,1,8,0,0,0.0,0,0.0,0,0.0,0,0.0,0.0,0.0,0.0,0.0,0.0,0.0,0.0,,0.0
金车美人,金车美人,1,24,0,0,0.0,0,0.0,0,0.0,0,0.0,0.0,0.0,0.0,0.0,0.0,0.0,0.0,,0.0
钟蒨,钟蒨,1,8,0,0,0.0,0,0.0,0,0.0,0,0.0,0.0,0.0,0.0,0.0,0.0,0.0,0.0,,0.0
钟谟,钟谟,3,16,0,0,0.0,0,0.0,0,0.0,0,0.0,0.0,0.0,0.0,0.0,0.0,0.0,0.0,,0.0
钟辂,钟辂,1,12,0,0,0.0,0,0.0,0,0.0,0,0.0,0.0,0.0,0.0,0.0,0.0,0.0,0.0,,0.0
钟辐,钟辐,1,16,0,0,0.0,0,0.0,0,0.0,0,0.0,0.0,0.0,0.0,0.0,0.0,0.0,0.0,,0.0
钱众仲,钱众仲,2,24,0,0,0.0,0,0.0,0,0.0,0,0.0,0.0,0.0,0.0,0.0,0.0,0.0,0.0,,0.0
钱信,钱信,1,4,0,0,0.0,0,0.0,0,0.0,0,0.0,0.0,0.0,0.0,0.0,0.0,0.0,0.0,,0.0
钱俶,钱俶,1,8,0,0,0.0,0,0.0,0,0.0,0,0.0,0.0,0.0,0.0,0.0,0.0,0.0,0.0,,0.0
钱可复,钱可复,1,12,0,0,0.0,0,0.0,0,0.0,0,0.0,0.0,0.0,0.0,0.0,0.0,0.0,0.0,,0.0
钱戭,钱戭,1,8,0,0,0.0,0,0.0,0,0.0,0,0.0,0.0,0.0,0.0,0.0,0.0,0.0,0.0,,0.0
铁铫,铁铫,1,4,0,0,0.0,0,0.0,0,0.0,0,0.0,0.0,0.0,0.0,0.0,0.0,0.0,0.0,,0.0
长孙佐转妻,长孙佐转妻,1,12,0,0,0.0,0,0.0,0,0.0,0,0.0,0.0,0.0,0.0,0.0,0.0,0.0,0.0,,0.0
长孙正隐,长孙正隐,1,8,0,0,0.0,0,0.0,0,0.0,0,0.0,0.0,0.0,0.0,0.0,0.0,0.0,0.0,,0.0
长孙氏,长孙氏,1,8,0,0,0.0,0,0.0,0,0.0,0,0.0,0.0,0.0,0.0,0.0,0.0,0.0,0.0,,0.0
长孙翱,长孙翱,1,4,0,0,0.0,0,0.0,0,0.0,0,0.0,0.0,0.0,0.0,0.0,0.0,0.0,0.0,,0.0
长安中鬼,长安中鬼,1,4,0,0,0.0,0,0.0,0,0.0,0,0.0,0.0,0.0,0.0,0.0,0.0,0.0,0.0,,0.0
长屋,长屋,1,4,0,0,0.0,0,0.0,0,0.0,0,0.0,0.0,0.0,0.0,0.0,0.0,0.0,0.0,,0.0
闾丘均,闾丘均,1,12,0,0,0.0,0,0.0,0,0.0,0,0.0,0.0,0.0,0.0,0.0,0.0,0.0,0.0,,0.0
闾丘晓,闾丘晓,1,8,0,0,0.0,0,0.0,0,0.0,0,0.0,0.0,0.0,0.0,0.0,0.0,0.0,0.0,,0.0
阎敬爱,阎敬爱,1,4,0,0,0.0,0,0.0,0,0.0,0,0.0,0.0,0.0,0.0,0.0,0.0,0.0,0.0,,0.0
阎济美,阎济美,2,16,0,0,0.0,0,0.0,0,0.0,0,0.0,0.0,0.0,0.0,0.0,0.0,0.0,0.0,,0.0
阎立本,阎立本,1,16,0,0,0.0,0,0.0,0,0.0,0,0.0,0.0,0.0,0.0,0.0,0.0,0.0,0.0,,0.0
阎选,阎选,7,72,0,0,0.0,0,0.0,0,0.0,0,0.0,0.0,0.0,0.0,0.0,0.0,0.0,0.0,,0.0
阴行先,阴行先,1,8,0,0,0.0,0,0.0,0,0.0,0,0.0,0.0,0.0,0.0,0.0,0.0,0.0,0.0,,0.0
陆凭,陆凭,1,4,0,0,0.0,0,0.0,0,0.0,0,0.0,0.0,0.0,0.0,0.0,0.0,0.0,0.0,,0.0
陆子,陆子,1,3,0,0,0.0,0,0.0,0,0.0,0,0.0,0.0,0.0,0.0,0.0,0.0,0.0,0.0,,0.0
陆岩梦,陆岩梦,1,8,0,0,0.0,0,0.0,0,0.0,0,0.0,0.0,0.0,0.0,0.0,0.0,0.0,0.0,,0.0
陆弘休,陆弘休,1,8,0,0,0.0,0,0.0,0,0.0,0,0.0,0.0,0.0,0.0,0.0,0.0,0.0,0.0,,0.0
陆扆,陆扆,2,13,0,0,0.0,0,0.0,0,0.0,0,0.0,0.0,0.0,0.0,0.0,0.0,0.0,0.0,,0.0
陆景初,陆景初,1,8,0,0,0.0,0,0.0,0,0.0,0,0.0,0.0,0.0,0.0,0.0,0.0,0.0,0.0,,0.0
陆海,陆海,3,13,0,0,0.0,0,0.0,0,0.0,0,0.0,0.0,0.0,0.0,0.0,0.0,0.0,0.0,,0.0
陆瀍,陆瀍,1,8,0,0,0.0,0,0.0,0,0.0,0,0.0,0.0,0.0,0.0,0.0,0.0,0.0,0.0,,0.0
陆禹臣,陆禹臣,1,4,0,0,0.0,0,0.0,0,0.0,0,0.0,0.0,0.0,0.0,0.0,0.0,0.0,0.0,,0.0
陆羽,陆羽,3,16,0,0,0.0,0,0.0,0,0.0,0,0.0,0.0,0.0,0.0,0.0,0.0,0.0,0.0,,0.0
陆翱,陆翱,2,16,0,0,0.0,0,0.0,0,0.0,0,0.0,0.0,0.0,0.0,0.0,0.0,0.0,0.0,,0.0
陆肱,陆肱,1,8,0,0,0.0,0,0.0,0,0.0,0,0.0,0.0,0.0,0.0,0.0,0.0,0.0,0.0,,0.0
陆贞洞,陆贞洞,1,4,0,0,0.0,0,0.0,0,0.0,0,0.0,0.0,0.0,0.0,0.0,0.0,0.0,0.0,,0.0
陆贽,陆贽,4,40,0,0,0.0,0,0.0,0,0.0,0,0.0,0.0,0.0,0.0,0.0,0.0,0.0,0.0,,0.0
陆长源,陆长源,5,40,0,0,0.0,0,0.0,0,0.0,0,0.0,0.0,0.0,0.0,0.0,0.0,0.0,0.0,,0.0
陈上美,陈上美,1,8,0,0,0.0,0,0.0,0,0.0,0,0.0,0.0,0.0,0.0,0.0,0.0,0.0,0.0,,0.0
陈中师,陈中师,1,12,0,0,0.0,0,0.0,0,0.0,0,0.0,0.0,0.0,0.0,0.0,0.0,0.0,0.0,,0.0
陈京,陈京,2,16,0,0,0.0,0,0.0,0,0.0,0,0.0,0.0,0.0,0.0,0.0,0.0,0.0,0.0,,0.0
陈元光,陈元光,3,56,0,0,0.0,0,0.0,0,0.0,0,0.0,0.0,0.0,0.0,0.0,0.0,0.0,0.0,,0.0
陈元初,陈元初,1,5,0,0,0.0,0,0.0,0,0.0,0,0.0,0.0,0.0,0.0,0.0,0.0,0.0,0.0,,0.0
陈元裕,陈元裕,1,8,0,0,0.0,0,0.0,0,0.0,0,0.0,0.0,0.0,0.0,0.0,0.0,0.0,0.0,,0.0
陈光,陈光,3,24,0,0,0.0,0,0.0,0,0.0,0,0.0,0.0,0.0,0.0,0.0,0.0,0.0,0.0,,0.0
陈嘉言,陈嘉言,3,24,0,0,0.0,0,0.0,0,0.0,0,0.0,0.0,0.0,0.0,0.0,0.0,0.0,0.0,,0.0
陈复休,陈复休,1,2,0,0,0.0,0,0.0,0,0.0,0,0.0,0.0,0.0,0.0,0.0,0.0,0.0,0.0,,0.0
陈存,陈存,6,44,0,0,0.0,0,0.0,0,0.0,0,0.0,0.0,0.0,0.0,0.0,0.0,0.0,0.0,,0.0
陈孙,陈孙,1,8,0,0,0.0,0,0.0,0,0.0,0,0.0,0.0,0.0,0.0,0.0,0.0,0.0,0.0,,0.0
陈季,陈季,2,24,0,0,0.0,0,0.0,0,0.0,0,0.0,0.0,0.0,0.0,0.0,0.0,0.0,0.0,,0.0
陈季卿,陈季卿,5,36,0,0,0.0,0,0.0,0,0.0,0,0.0,0.0,0.0,0.0,0.0,0.0,0.0,0.0,,0.0
陈宫妃嫔,陈宫妃嫔,1,16,0,0,0.0,0,0.0,0,0.0,0,0.0,0.0,0.0,0.0,0.0,0.0,0.0,0.0,,0.0
陈寡言,陈寡言,2,12,0,0,0.0,0,0.0,0,0.0,0,0.0,0.0,0.0,0.0,0.0,0.0,0.0,0.0,,0.0
陈峤,陈峤,1,2,0,0,0.0,0,0.0,0,0.0,0,0.0,0.0,0.0,0.0,0.0,0.0,0.0,0.0,,0.0
陈嶰,陈嶰,1,4,0,0,0.0,0,0.0,0,0.0,0,0.0,0.0,0.0,0.0,0.0,0.0,0.0,0.0,,0.0
陈师穆,陈师穆,1,12,0,0,0.0,0,0.0,0,0.0,0,0.0,0.0,0.0,0.0,0.0,0.0,0.0,0.0,,0.0
陈希烈,陈希烈,3,32,0,0,0.0,0,0.0,0,0.0,0,0.0,0.0,0.0,0.0,0.0,0.0,0.0,0.0,,0.0
陈彦,陈彦,1,4,0,0,0.0,0,0.0,0,0.0,0,0.0,0.0,0.0,0.0,0.0,0.0,0.0,0.0,,0.0
陈彦博,陈彦博,1,12,0,0,0.0,0,0.0,0,0.0,0,0.0,0.0,0.0,0.0,0.0,0.0,0.0,0.0,,0.0
陈政,陈政,1,24,0,0,0.0,0,0.0,0,0.0,0,0.0,0.0,0.0,0.0,0.0,0.0,0.0,0.0,,0.0
陈昌言,陈昌言,2,24,0,0,0.0,0,0.0,0,0.0,0,0.0,0.0,0.0,0.0,0.0,0.0,0.0,0.0,,0.0
陈昭,陈昭,1,8,0,0,0.0,0,0.0,0,0.0,0,0.0,0.0,0.0,0.0,0.0,0.0,0.0,0.0,,0.0
陈玉兰,陈玉兰,1,4,0,0,0.0,0,0.0,0,0.0,0,0.0,0.0,0.0,0.0,0.0,0.0,0.0,0.0,,0.0
陈璀,陈璀,1,12,0,0,0.0,0,0.0,0,0.0,0,0.0,0.0,0.0,0.0,0.0,0.0,0.0,0.0,,0.0
陈祜,陈祜,1,12,0,0,0.0,0,0.0,0,0.0,0,0.0,0.0,0.0,0.0,0.0,0.0,0.0,0.0,,0.0
陈羽,陈羽,2,8,0,0,0.0,0,0.0,0,0.0,0,0.0,0.0,0.0,0.0,0.0,0.0,0.0,0.0,,0.0
陈翊,陈翊,7,50,0,0,0.0,0,0.0,0,0.0,0,0.0,0.0,0.0,0.0,0.0,0.0,0.0,0.0,,0.0
陈翥,陈翥,2,20,0,0,0.0,0,0.0,0,0.0,0,0.0,0.0,0.0,0.0,0.0,0.0,0.0,0.0,,0.0
陈至,陈至,3,26,0,0,0.0,0,0.0,0,0.0,0,0.0,0.0,0.0,0.0,0.0,0.0,0.0,0.0,,0.0
陈蓬,陈蓬,1,3,0,0,0.0,0,0.0,0,0.0,0,0.0,0.0,0.0,0.0,0.0,0.0,0.0,0.0,,0.0
陈讽,陈讽,1,12,0,0,0.0,0,0.0,0,0.0,0,0.0,0.0,0.0,0.0,0.0,0.0,0.0,0.0,,0.0
陈贶,陈贶,1,8,0,0,0.0,0,0.0,0,0.0,0,0.0,0.0,0.0,0.0,0.0,0.0,0.0,0.0,,0.0
陈述,陈述,1,6,0,0,0.0,0,0.0,0,0.0,0,0.0,0.0,0.0,0.0,0.0,0.0,0.0,0.0,,0.0
陈通方,陈通方,3,26,0,0,0.0,0,0.0,0,0.0,0,0.0,0.0,0.0,0.0,0.0,0.0,0.0,0.0,,0.0
陈黯,陈黯,1,4,0,0,0.0,0,0.0,0,0.0,0,0.0,0.0,0.0,0.0,0.0,0.0,0.0,0.0,,0.0
陶岘,陶岘,1,8,0,0,0.0,0,0.0,0,0.0,0,0.0,0.0,0.0,0.0,0.0,0.0,0.0,0.0,,0.0
陶拱,陶拱,1,12,0,0,0.0,0,0.0,0,0.0,0,0.0,0.0,0.0,0.0,0.0,0.0,0.0,0.0,,0.0
隐求,隐求,1,4,0,0,0.0,0,0.0,0,0.0,0,0.0,0.0,0.0,0.0,0.0,0.0,0.0,0.0,,0.0
隐者,隐者,1,4,0,0,0.0,0,0.0,0,0.0,0,0.0,0.0,0.0,0.0,0.0,0.0,0.0,0.0,,0.0
隔窗鬼,隔窗鬼,1,4,0,0,0.0,0,0.0,0,0.0,0,0.0,0.0,0.0,0.0,0.0,0.0,0.0,0.0,,0.0
青城丈人,青城丈人,1,4,0,0,0.0,0,0.0,0,0.0,0,0.0,0.0,0.0,0.0,0.0,0.0,0.0,0.0,,0.0
青童,青童,1,4,0,0,0.0,0,0.0,0,0.0,0,0.0,0.0,0.0,0.0,0.0,0.0,0.0,0.0,,0.0
韦丹,韦丹,2,8,0,0,0.0,0,0.0,0,0.0,0,0.0,0.0,0.0,0.0,0.0,0.0,0.0,0.0,,0.0
韦元甫,韦元甫,1,44,0,0,0.0,0,0.0,0,0.0,0,0.0,0.0,0.0,0.0,0.0,0.0,0.0,0.0,,0.0
韦冰,韦冰,1,4,0,0,0.0,0,0.0,0,0.0,0,0.0,0.0,0.0,0.0,0.0,0.0,0.0,0.0,,0.0
韦同则,韦同则,1,4,0,0,0.0,0,0.0,0,0.0,0,0.0,0.0,0.0,0.0,0.0,0.0,0.0,0.0,,0.0
韦夏卿,韦夏卿,3,28,0,0,0.0,0,0.0,0,0.0,0,0.0,0.0,0.0,0.0,0.0,0.0,0.0,0.0,,0.0
韦安石,韦安石,3,24,0,0,0.0,0,0.0,0,0.0,0,0.0,0.0,0.0,0.0,0.0,0.0,0.0,0.0,,0.0
韦式,韦式,1,8,0,0,0.0,0,0.0,0,0.0,0,0.0,0.0,0.0,0.0,0.0,0.0,0.0,0.0,,0.0
韦执中,韦执中,1,8,0,0,0.0,0,0.0,0,0.0,0,0.0,0.0,0.0,0.0,0.0,0.0,0.0,0.0,,0.0
韦检亡姬,韦检亡姬,1,4,0,0,0.0,0,0.0,0,0.0,0,0.0,0.0,0.0,0.0,0.0,0.0,0.0,0.0,,0.0
韦洪,韦洪,1,10,0,0,0.0,0,0.0,0,0.0,0,0.0,0.0,0.0,0.0,0.0,0.0,0.0,0.0,,0.0
韦济,韦济,1,8,0,0,0.0,0,0.0,0,0.0,0,0.0,0.0,0.0,0.0,0.0,0.0,0.0,0.0,,0.0
韦瓘,韦瓘,1,8,0,0,0.0,0,0.0,0,0.0,0,0.0,0.0,0.0,0.0,0.0,0.0,0.0,0.0,,0.0
韦皋,韦皋,3,16,0,0,0.0,0,0.0,0,0.0,0,0.0,0.0,0.0,0.0,0.0,0.0,0.0,0.0,,0.0
韦迢,韦迢,2,16,0,0,0.0,0,0.0,0,0.0,0,0.0,0.0,0.0,0.0,0.0,0.0,0.0,0.0,,0.0
韦述,韦述,4,48,0,0,0.0,0,0.0,0,0.0,0,0.0,0.0,0.0,0.0,0.0,0.0,0.0,0.0,,0.0
韦遵,韦遵,1,4,0,0,0.0,0,0.0,0,0.0,0,0.0,0.0,0.0,0.0,0.0,0.0,0.0,0.0,,0.0
韦铿,韦铿,1,4,0,0,0.0,0,0.0,0,0.0,0,0.0,0.0,0.0,0.0,0.0,0.0,0.0,0.0,,0.0
韦镒,韦镒,1,20,0,0,0.0,0,0.0,0,0.0,0,0.0,0.0,0.0,0.0,0.0,0.0,0.0,0.0,,0.0
韦鹏翼,韦鹏翼,2,8,0,0,0.0,0,0.0,0,0.0,0,0.0,0.0,0.0,0.0,0.0,0.0,0.0,0.0,,0.0
韦鼎,韦鼎,1,8,0,0,0.0,0,0.0,0,0.0,0,0.0,0.0,0.0,0.0,0.0,0.0,0.0,0.0,,0.0
韩仪,韩仪,1,4,0,0,0.0,0,0.0,0,0.0,0,0.0,0.0,0.0,0.0,0.0,0.0,0.0,0.0,,0.0
韩仲宣,韩仲宣,4,36,0,0,0.0,0,0.0,0,0.0,0,0.0,0.0,0.0,0.0,0.0,0.0,0.0,0.0,,0.0
韩休,韩休,4,52,0,0,0.0,0,0.0,0,0.0,0,0.0,0.0,0.0,0.0,0.0,0.0,0.0,0.0,,0.0
韩垂,韩垂,1,8,0,0,0.0,0,0.0,0,0.0,0,0.0,0.0,0.0,0.0,0.0,0.0,0.0,0.0,,0.0
韩定辞,韩定辞,1,4,0,0,0.0,0,0.0,0,0.0,0,0.0,0.0,0.0,0.0,0.0,0.0,0.0,0.0,,0.0
韩察,韩察,1,8,0,0,0.0,0,0.0,0,0.0,0,0.0,0.0,0.0,0.0,0.0,0.0,0.0,0.0,,0.0
韩屿,韩屿,1,8,0,0,0.0,0,0.0,0,0.0,0,0.0,0.0,0.0,0.0,0.0,0.0,0.0,0.0,,0.0
韩弇,韩弇,1,4,0,0,0.0,0,0.0,0,0.0,0,0.0,0.0,0.0,0.0,0.0,0.0,0.0,0.0,,0.0
韩思复,韩思复,2,16,0,0,0.0,0,0.0,0,0.0,0,0.0,0.0,0.0,0.0,0.0,0.0,0.0,0.0,,0.0
韩思彦,韩思彦,1,12,0,0,0.0,0,0.0,0,0.0,0,0.0,0.0,0.0,0.0,0.0,0.0,0.0,0.0,,0.0
韩昭裔,韩昭裔,1,4,0,0,0.0,0,0.0,0,0.0,0,0.0,0.0,0.0,0.0,0.0,0.0,0.0,0.0,,0.0
韩滉,韩滉,3,16,0,0,0.0,0,0.0,0,0.0,0,0.0,0.0,0.0,0.0,0.0,0.0,0.0,0.0,,0.0
韩濬,韩濬,1,12,0,0,0.0,0,0.0,0,0.0,0,0.0,0.0,0.0,0.0,0.0,0.0,0.0,0.0,,0.0
韩襄客,韩襄客,1,2,0,0,0.0,0,0.0,0,0.0,0,0.0,0.0,0.0,0.0,0.0,0.0,0.0,0.0,,0.0
韩雄,韩雄,1,8,0,0,0.0,0,0.0,0,0.0,0,0.0,0.0,0.0,0.0,0.0,0.0,0.0,0.0,,0.0
韬光,韬光,1,8,0,0,0.0,0,0.0,0,0.0,0,0.0,0.0,0.0,0.0,0.0,0.0,0.0,0.0,,0.0
顾伟,顾伟,1,12,0,0,0.0,0,0.0,0,0.0,0,0.0,0.0,0.0,0.0,0.0,0.0,0.0,0.0,,0.0
顾朝阳,顾朝阳,2,16,0,0,0.0,0,0.0,0,0.0,0,0.0,0.0,0.0,0.0,0.0,0.0,0.0,0.0,,0.0
颜仁郁,颜仁郁,2,8,0,0,0.0,0,0.0,0,0.0,0,0.0,0.0,0.0,0.0,0.0,0.0,0.0,0.0,,0.0
颜令宾,颜令宾,1,4,0,0,0.0,0,0.0,0,0.0,0,0.0,0.0,0.0,0.0,0.0,0.0,0.0,0.0,,0.0
颜师古,颜师古,1,8,0,0,0.0,0,0.0,0,0.0,0,0.0,0.0,0.0,0.0,0.0,0.0,0.0,0.0,,0.0
颜粲,颜粲,2,24,0,0,0.0,0,0.0,0,0.0,0,0.0,0.0,0.0,0.0,0.0,0.0,0.0,0.0,,0.0
颜胄,颜胄,1,34,0,0,0.0,0,0.0,0,0.0,0,0.0,0.0,0.0,0.0,0.0,0.0,0.0,0.0,,0.0
颜荛,颜荛,2,7,0,0,0.0,0,0.0,0,0.0,0,0.0,0.0,0.0,0.0,0.0,0.0,0.0,0.0,,0.0
颜萱,颜萱,3,24,0,0,0.0,0,0.0,0,0.0,0,0.0,0.0,0.0,0.0,0.0,0.0,0.0,0.0,,0.0
马乂,马乂,1,12,0,0,0.0,0,0.0,0,0.0,0,0.0,0.0,0.0,0.0,0.0,0.0,0.0,0.0,,0.0
马令,马令,1,28,0,0,0.0,0,0.0,0,0.0,0,0.0,0.0,0.0,0.0,0.0,0.0,0.0,0.0,,0.0
马冉,马冉,1,4,0,0,0.0,0,0.0,0,0.0,0,0.0,0.0,0.0,0.0,0.0,0.0,0.0,0.0,,0.0
马周,马周,2,11,0,0,0.0,0,0.0,0,0.0,0,0.0,0.0,0.0,0.0,0.0,0.0,0.0,0.0,,0.0
马彧,马彧,1,4,0,0,0.0,0,0.0,0,0.0,0,0.0,0.0,0.0,0.0,0.0,0.0,0.0,0.0,,0.0
马植,马植,1,8,0,0,0.0,0,0.0,0,0.0,0,0.0,0.0,0.0,0.0,0.0,0.0,0.0,0.0,,0.0
马湘,马湘,4,28,0,0,0.0,0,0.0,0,0.0,0,0.0,0.0,0.0,0.0,0.0,0.0,0.0,0.0,,0.0
马致恭,马致恭,1,8,0,0,0.0,0,0.0,0,0.0,0,0.0,0.0,0.0,0.0,0.0,0.0,0.0,0.0,,0.0
马逢,马逢,4,28,0,0,0.0,0,0.0,0,0.0,0,0.0,0.0,0.0,0.0,0.0,0.0,0.0,0.0,,0.0
骆浚,骆浚,1,4,0,0,0.0,0,0.0,0,0.0,0,0.0,0.0,0.0,0.0,0.0,0.0,0.0,0.0,,0.0
高傪,高傪,1,6,0,0,0.0,0,0.0,0,0.0,0,0.0,0.0,0.0,0.0,0.0,0.0,0.0,0.0,,0.0
高力士,高力士,2,7,0,0,0.0,0,0.0,0,0.0,0,0.0,0.0,0.0,0.0,0.0,0.0,0.0,0.0,,0.0
高峤,高峤,2,16,0,0,0.0,0,0.0,0,0.0,0,0.0,0.0,0.0,0.0,0.0,0.0,0.0,0.0,,0.0
高崇文,高崇文,1,4,0,0,0.0,0,0.0,0,0.0,0,0.0,0.0,0.0,0.0,0.0,0.0,0.0,0.0,,0.0
高弁,高弁,1,12,0,0,0.0,0,0.0,0,0.0,0,0.0,0.0,0.0,0.0,0.0,0.0,0.0,0.0,,0.0
高正臣,高正臣,2,16,0,0,0.0,0,0.0,0,0.0,0,0.0,0.0,0.0,0.0,0.0,0.0,0.0,0.0,,0.0
高球,高球,2,20,0,0,0.0,0,0.0,0,0.0,0,0.0,0.0,0.0,0.0,0.0,0.0,0.0,0.0,,0.0
高瑾,高瑾,4,36,0,0,0.0,0,0.0,0,0.0,0,0.0,0.0,0.0,0.0,0.0,0.0,0.0,0.0,,0.0
高璩,高璩,2,10,0,0,0.0,0,0.0,0,0.0,0,0.0,0.0,0.0,0.0,0.0,0.0,0.0,0.0,,0.0
高绍,高绍,1,8,0,0,0.0,0,0.0,0,0.0,0,0.0,0.0,0.0,0.0,0.0,0.0,0.0,0.0,,0.0
高衢,高衢,1,4,0,0,0.0,0,0.0,0,0.0,0,0.0,0.0,0.0,0.0,0.0,0.0,0.0,0.0,,0.0
高越,高越,1,4,0,0,0.0,0,0.0,0,0.0,0,0.0,0.0,0.0,0.0,0.0,0.0,0.0,0.0,,0.0
高辇,高辇,2,12,0,0,0.0,0,0.0,0,0.0,0,0.0,0.0,0.0,0.0,0.0,0.0,0.0,0.0,,0.0
高退之,高退之,1,8,0,0,0.0,0,0.0,0,0.0,0,0.0,0.0,0.0,0.0,0.0,0.0,0.0,0.0,,0.0
高铢,高铢,1,8,0,0,0.0,0,0.0,0,0.0,0,0.0,0.0,0.0,0.0,0.0,0.0,0.0,0.0,,0.0
魏元忠,魏元忠,2,16,0,0,0.0,0,0.0,0,0.0,0,0.0,0.0,0.0,0.0,0.0,0.0,0.0,0.0,,0.0
魏兼恕,魏兼恕,1,8,0,0,0.0,0,0.0,0,0.0,0,0.0,0.0,0.0,0.0,0.0,0.0,0.0,0.0,,0.0
魏奉古,魏奉古,1,20,0,0,0.0,0,0.0,0,0.0,0,0.0,0.0,0.0,0.0,0.0,0.0,0.0,0.0,,0.0
魏峦,魏峦,1,4,0,0,0.0,0,0.0,0,0.0,0,0.0,0.0,0.0,0.0,0.0,0.0,0.0,0.0,,0.0
魏扶,魏扶,3,20,0,0,0.0,0,0.0,0,0.0,0,0.0,0.0,0.0,0.0,0.0,0.0,0.0,0.0,,0.0
魏承班,魏承班,9,143,0,0,0.0,0,0.0,0,0.0,0,0.0,0.0,0.0,0.0,0.0,0.0,0.0,0.0,,0.0
魏朋妻,魏朋妻,1,12,0,0,0.0,0,0.0,0,0.0,0,0.0,0.0,0.0,0.0,0.0,0.0,0.0,0.0,,0.0
魏朴,魏朴,1,12,0,0,0.0,0,0.0,0,0.0,0,0.0,0.0,0.0,0.0,0.0,0.0,0.0,0.0,,0.0
魏氏,魏氏,1,34,0,0,0.0,0,0.0,0,0.0,0,0.0,0.0,0.0,0.0,0.0,0.0,0.0,0.0,,0.0
魏求己,魏求己,1,8,0,0,0.0,0,0.0,0,0.0,0,0.0,0.0,0.0,0.0,0.0,0.0,0.0,0.0,,0.0
魏璀,魏璀,1,12,0,0,0.0,0,0.0,0,0.0,0,0.0,0.0,0.0,0.0,0.0,0.0,0.0,0.0,,0.0
魏谟,魏谟,1,4,0,0,0.0,0,0.0,0,0.0,0,0.0,0.0,0.0,0.0,0.0,0.0,0.0,0.0,,0.0
鱼又玄,鱼又玄,1,11,0,0,0.0,0,0.0,0,0.0,0,0.0,0.0,0.0,0.0,0.0,0.0,0.0,0.0,,0.0
鲍君徽,鲍君徽,4,41,0,0,0.0,0,0.0,0,0.0,0,0.0,0.0,0.0,0.0,0.0,0.0,0.0,0.0,,0.0
鲍家四弦,鲍家四弦,2,8,0,0,0.0,0,0.0,0,0.0,0,0.0,0.0,0.0,0.0,0.0,0.0,0.0,0.0,,0.0
鲍氏君徽,鲍氏君徽,1,12,0,0,0.0,0,0.0,0,0.0,0,0.0,0.0,0.0,0.0,0.0,0.0,0.0,0.0,,0.0
麹崇裕,麹崇裕,1,4,0,0,0.0,0,0.0,0,0.0,0,0.0,0.0,0.0,0.0,0.0,0.0,0.0,0.0,,0.0
麹瞻,麹瞻,1,8,0,0,0.0,0,0.0,0,0.0,0,0.0,0.0,0.0,0.0,0.0,0.0,0.0,0.0,,0.0
麻温其,麻温其,1,8,0,0,0.0,0,0.0,0,0.0,0,0.0,0.0,0.0,0.0,0.0,0.0,0.0,0.0,,0.0
黄冠野夫,黄冠野夫,1,8,0,0,0.0,0,0.0,0,0.0,0,0.0,0.0,0.0,0.0,0.0,0.0,0.0,0.0,,0.0
黄崇嘏,黄崇嘏,2,12,0,0,0.0,0,0.0,0,0.0,0,0.0,0.0,0.0,0.0,0.0,0.0,0.0,0.0,,0.0
黄巢,黄巢,3,12,0,0,0.0,0,0.0,0,0.0,0,0.0,0.0,0.0,0.0,0.0,0.0,0.0,0.0,,0.0
黄幡绰,黄幡绰,1,4,0,0,0.0,0,0.0,0,0.0,0,0.0,0.0,0.0,0.0,0.0,0.0,0.0,0.0,,0.0
黄文,黄文,1,8,0,0,0.0,0,0.0,0,0.0,0,0.0,0.0,0.0,0.0,0.0,0.0,0.0,0.0,,0.0
黄陵美人,黄陵美人,1,4,0,0,0.0,0,0.0,0,0.0,0,0.0,0.0,0.0,0.0,0.0,0.0,0.0,0.0,,0.0
黄麟,黄麟,1,8,0,0,0.0,0,0.0,0,0.0,0,0.0,0.0,0.0,0.0,0.0,0.0,0.0,0.0,,0.0
黎逢,黎逢,2,24,0,0,0.0,0,0.0,0,0.0,0,0.0,0.0,0.0,0.0,0.0,0.0,0.0,0.0,,0.0
齐浣,齐浣,3,20,0,0,0.0,0,0.0,0,0.0,0,0.0,0.0,0.0,0.0,0.0,0.0,0.0,0.0,,0.0
龙护老人,龙护老人,1,8,0,0,0.0,0,0.0,0,0.0,0,0.0,0.0,0.0,0.0,0.0,0.0,0.0,0.0,,0.0
