作者规范,六帖部类,高值句数,最高相似度,平均相似度,代表诗题,代表诗句,代表六帖词条,代表六帖注文,代表相似度,total_line_count,line_p90_count,句级p90互文密度_每千句,样本规模标记,部类高值密度_每千句,部类占诗人高值比例,诗人内部类高值排名
裴交泰,月,2,0.755936,0.755936,相和歌辞。长门怨,一种蛾眉明月夜,蛾眉,纖纖似玉鉤，娟娟若蛾眉，謂初月。,0.755936,8,2,250.0,小样本,250.0,1.0,1.0
武昌妓,離别,1,0.840199,0.840199,续韦蟾句,悲莫悲兮生别离,悲莫悲於生別離,《楚辭》。,0.840199,4,1,250.0,小样本,250.0,1.0,1.0
成真人,仙,1,0.829405,0.829405,题壁,本拟白日升天,白日升天,,0.829405,4,1,250.0,小样本,250.0,1.0,1.0
长须国驸马,粟,1,0.7814,0.7814,长须国驸马咏妻,未必不如惣有,有秕,若苗之有秀，若粟之有秕。,0.7814,4,1,250.0,小样本,250.0,1.0,1.0
天峤游人,仙,1,0.763839,0.763839,题邓仙客墓,既言白日升仙去,白日升天,,0.763839,4,1,250.0,小样本,250.0,1.0,1.0
河中鬼,魚,1,0.757581,0.757581,踏歌,河水流溷溷,河魴,《詩》：豈其食魚，必河之魴，必河之鯉。,0.757581,4,1,250.0,小样本,250.0,1.0,1.0
李昪,同官,1,0.753902,0.753902,咏灯,敢向尊前不尽心,敢不心盡,,0.753902,4,1,250.0,小样本,250.0,1.0,1.0
李遐周,游俠,1,0.749826,0.749826,题壁,燕市人皆去,燕市,荆軻飲燕市。,0.749826,4,1,250.0,小样本,250.0,1.0,1.0
韦表微,麟,5,0.901622,0.901622,池州夫子庙麟台,吁嗟麟兮,于嗟麟兮,,0.901622,40,6,150.0,小样本,125.0,0.8333333333333334,1.0
归登,祭祀,2,0.972149,0.972149,郊庙歌辞。享惠昭太子庙乐章。请神,祀事孔明,祀事孔明,,0.972149,16,2,125.0,小样本,125.0,1.0,1.0
王晙,禍福,2,0.97074,0.97074,郊庙歌辞。祭汾阴乐章。太和,降福穰穰,降福穰穰,,0.97074,16,2,125.0,小样本,125.0,1.0,1.0
崔玄童,德,2,0.837281,0.837281,郊庙歌辞。祭汾阴乐章。肃和,明德惟聪,德明惟明,,0.837281,16,2,125.0,小样本,125.0,1.0,1.0
唐怡,酒,1,0.785488,0.785488,述怀,惟余酒中趣,酒中趣,孟嘉嗜酒，人問之，荅曰：君未知酒中趣。,0.785488,8,1,125.0,小样本,125.0,1.0,1.0
李从谦,爭,1,0.771918,0.771918,观棋,争先各有心,爭心,叔向曰：「先王之議事，以制不為刑辟，懼有爭心。,0.771918,8,1,125.0,小样本,125.0,1.0,1.0
崔居俭,日,1,0.767713,0.767713,后唐宗庙乐舞辞,却日重光,重光,崔豹《古今注》曰：「漢明帝作太子樂，八歌四章，以贊太子，一曰日重光。」,0.767713,8,1,125.0,小样本,125.0,1.0,1.0
黄山隐,忠義,1,0.758964,0.758964,向竹吟,古者有七贤,七賢,袁秘為郡門下議生，從太守，趙謙擊黃巾軍，敗與功曹，封觀等七人以身捍刃，皆死。謙得免，詔復其門，號七賢。,0.758964,8,1,125.0,小样本,125.0,1.0,1.0
卫光一,蓮,1,0.748787,0.748787,经太华,上有千莲叶,千葉蓮花,《華山記》：華山峰上有池，池中生千葉蓮花。,0.748787,8,1,125.0,小样本,125.0,1.0,1.0
谢陶,死,1,0.746245,0.746245,杂言,暂不得即死,不得永年,若使憂能傷人，此子不得永年矣。《孔融與曹公》云。,0.746245,8,1,125.0,小样本,125.0,1.0,1.0
贾躭,寛刑,1,0.76761,0.76761,赋虞书歌,父子君臣相揖抱,父子君臣,禮凡聽五刑之訟必原父子之親立君臣之義以權之注權量也謂父子君臣之間可以情恕也,0.76761,10,1,100.0,小样本,100.0,1.0,1.0
杨收,堂,1,0.815976,0.815976,嘲吴人观者,若是升堂者,升堂,希升堂者，又曰：升我堂矣。,0.815976,12,1,83.33333333333333,小样本,83.33333333333333,1.0,1.0
于尹躬,祥瑞,1,0.747539,0.747539,南至日太史登台书云物,长当有嘉瑞,嘉瑞。,,0.747539,12,1,83.33333333333333,小样本,83.33333333333333,1.0,1.0
许宣平,老,1,0.808212,0.808212,庵壁题诗,乐矣不知老,不知老之將至,,0.808212,16,1,62.5,小样本,62.5,1.0,1.0
舒道纪,兄弟,1,0.80801,0.80801,题赤松宫（今兰溪县之赤松山。王初平亦称赤松子）,人皆有兄弟,人兄,教以弟所以敬天下之為人兄也。,0.80801,16,1,62.5,小样本,62.5,1.0,1.0
王宏,城,1,0.76266,0.76266,从军行,秦王筑城三千里,秦築,長城延袤千里，以拒胡也。,0.76266,16,1,62.5,小样本,62.5,1.0,1.0
韩昭,巡狩,1,0.755111,0.755111,从幸秦川过白卫献诗,吾王巡狩为安边,王有巡狩，,省四方也。《傳》。,0.755111,16,1,62.5,小样本,62.5,1.0,1.0
杨敬之,清亷,1,0.752792,0.752792,客思吟,独念畏人知,畏人知,胡質為徐州子威自京師歸省驅驢毎舍於驢取樵見父十餘日告歸父賜絹一匹威跪曰大人清亷安得此絹質曰吾俸祿之餘後威為徐州晉武帝問卿清何如父清對曰臣不如父父清畏人知臣清畏人不知,0.752792,16,2,125.0,小样本,62.5,0.5,1.0
杨敬之,高潔,1,0.74739,0.74739,客思吟,乡人不可语,羞與鄉人處,孟子曰：「伯夷非其君，不事非其民。不使羞與鄉人處，如以朝衣朝冠而坐於塗炭也。」,0.74739,16,2,125.0,小样本,62.5,0.5,2.0
谢良辅,燈燭,1,0.821447,0.821447,忆长安。正月,烧灯青玉五枝,青玉五枝燈,《西京雜記》曰：「高祖入咸陽宮，秦有青玉五枝燈，高七尺五寸，有蟠螭口銜燈，然之，鱗甲皆動，煥炳列星。,0.821447,18,1,55.55555555555555,小样本,55.55555555555555,1.0,1.0
韦璜,才稱職,1,0.743842,0.743842,赠姊,修短各有分,官有小大，所貴授方。,才有長短各宜適用,0.743842,18,1,55.55555555555555,小样本,55.55555555555555,1.0,1.0
唐晅,三月三,1,0.74288,0.74288,附：唐晅悼妻诗,阳原歌薤露,薤露歌,《後漢》：梁商上巳日，會賓客於洛水，酒酣，繼以薤露，周舉歎之，商後果薨。,0.74288,18,1,55.55555555555555,小样本,55.55555555555555,1.0,1.0
常理,裘,2,0.775562,0.775562,杂曲歌辞。古离别,君御狐白裘,狐白,秦囚孟嘗君，君說幸姬求解。姬曰：願得君狐白裘，直千金，以獻昭王矣。有客能狗盜，入秦宮藏內，盜得狐白裘，獻之，遂得歸齊矣。,0.775562,38,2,52.63157894736842,小样本,52.63157894736842,1.0,1.0
张衮,黍稷,2,0.977369,0.977369,郊庙歌辞。梁郊祀乐章。庆肃,黍稷非馨,黍稷非馨,,0.977369,40,4,100.0,小样本,50.0,0.5,1.0
张衮,籩豆,2,0.809712,0.809712,郊庙歌辞。梁郊祀乐章。庆肃,笾豆簠簋,籩豆有踐,並《詩》。,0.809712,40,4,100.0,小样本,50.0,0.5,2.0
刘行敏,宴,1,0.864419,0.864419,又嘲杨文瓘,终宴不知疲,終宴不知疲,《文選》。,0.864419,20,1,50.0,小样本,50.0,1.0,1.0
崔禹锡,封疆,1,0.801294,0.801294,奉和圣制送张说巡边,兼以正封疆,諸侯正封,封疆有定分也。,0.801294,20,1,50.0,小样本,50.0,1.0,1.0
郭密之,仙,1,0.77345,0.77345,永嘉经谢公石门山作,忽如生羽翼,生羽翼,,0.77345,20,1,50.0,小样本,50.0,1.0,1.0
柳曾,忠,1,0.756424,0.756424,险竿行,忠臣不爱家,事君不忠,非孝也。,0.756424,20,1,50.0,小样本,50.0,1.0,1.0
长孙无忌,衾,1,0.745414,0.745414,新曲二首,翡翠珠被烂齐光,翡翠珠被,爛齊光**：《楚詞》。,0.745414,20,1,50.0,小样本,50.0,1.0,1.0
杨凝式,冰,1,0.79549,0.79549,雪晴,春来冰未泮,未泮,迨冰未泮。,0.79549,22,1,45.45454545454545,小样本,45.45454545454545,1.0,1.0
崔璐,儒教,1,0.766816,0.766816,览皮先辈盛制，因作十韵以寄，用伸款仰,仍兼君子儒,君子之儒,子謂子夏，曰：「汝為君子儒，無為小人儒。,0.766816,22,1,45.45454545454545,小样本,45.45454545454545,1.0,1.0
赵光逢,祭星,2,0.869655,0.869655,郊庙歌辞。梁郊祀乐章。庆和,禋于六宗,禋于六宗,孔安國曰：四時也。寒暑也，日也，月也，星辰也，水旱也。,0.869655,48,4,83.33333333333333,小样本,41.666666666666664,0.5,1.0
张濯,星,1,0.763397,0.763397,迎春东郊,回环拱北辰,拱北辰,《語》：為政以德，譬如北辰。居其所，眾星拱之。,0.763397,24,1,41.666666666666664,小样本,41.666666666666664,1.0,1.0
刘绮庄,河,1,0.762506,0.762506,扬州送人,枫江竹箭流,竹箭流,《慎子》曰：「河下龍門流駛，竹箭駟馬追之，不及。,0.762506,24,1,41.666666666666664,小样本,41.666666666666664,1.0,1.0
李沛,海,1,0.75696,0.75696,海水不扬波,能安百谷王,百谷王,,0.75696,24,1,41.666666666666664,小样本,41.666666666666664,1.0,1.0
鲁收,鬼神,1,0.750478,0.750478,怀素上人草书歌,信知鬼神助此道,幽則有鬼神,言可以助天地成化。,0.750478,24,1,41.666666666666664,小样本,41.666666666666664,1.0,1.0
于邵,鬼神,1,0.9508,0.9508,释奠武成王乐章。迎神,感而遂通,感而遂通,,0.9508,28,1,35.714285714285715,小样本,35.714285714285715,1.0,1.0
豆卢回,乳母,1,0.759295,0.759295,登乐游原怀古,虽在襁褓中,襁褓三月,,0.759295,30,1,33.333333333333336,小样本,33.333333333333336,1.0,1.0
崔翘,書,1,0.812034,0.812034,奉和圣制答张说南出雀鼠谷,日月照天文,天文,日月之文。,0.812034,32,1,31.25,小样本,31.25,1.0,1.0
刘太真,相思,1,0.79526,0.79526,顾十二况左迁过韦苏州房杭州韦睦州…以继三君子之风焉,远思不可收,我思不遠,,0.79526,32,1,31.25,小样本,31.25,1.0,1.0
卿云,降,1,0.764269,0.764269,送人游塞,应到受降城,漢築受降城。,,0.764269,32,1,31.25,小样本,31.25,1.0,1.0
张柬之,美婦人,2,0.759752,0.759752,相和歌辞。大堤曲,南国多佳人,南國,曹植詩云：南國有佳人，容華若桃李。,0.759752,66,2,30.303030303030305,小样本,30.303030303030305,1.0,1.0
莫宣卿,井,1,0.821402,0.821402,答问读书居,井汲冽寒泉,冽井,井冽寒泉。,0.821402,34,1,29.41176470588235,小样本,29.41176470588235,1.0,1.0
王烈,言語,1,0.755962,0.755962,行路难,言者不得回,似不能言,,0.755962,34,1,29.41176470588235,小样本,29.41176470588235,1.0,1.0
孙思邈,死,1,0.909358,0.909358,四言诗,宛其死矣,宛其死矣,《詩》。,0.909358,38,1,26.31578947368421,小样本,26.31578947368421,1.0,1.0
韦表微,仁,1,0.814663,0.814663,池州夫子庙麟台,孰知其仁,仁則吾不知也,,0.814663,40,6,150.0,小样本,25.0,0.16666666666666666,2.0
郭元振,菊,1,0.784792,0.784792,相和歌辞。子夜四时歌六首。秋歌二首,延年菊花酒,菊花酒,費長房謂桓景：「九月九日可登高，飲菊花酒以消災。,0.784792,40,1,25.0,小样本,25.0,1.0,1.0
程长文,節操,1,0.801931,0.801931,狱中书情上使君（长文为强暴所诬系狱，献诗雪冤）,我心匪石情难转,我心匪石,不可轉也,0.801931,42,1,23.809523809523807,小样本,23.809523809523807,1.0,1.0
王丘,雁,1,0.742746,0.742746,奉和圣制答张说扈从南出鼠雀谷之作,江雁入汾河,雁流哀於江海,,0.742746,46,1,21.73913043478261,小样本,21.73913043478261,1.0,1.0
李舒,秋,1,0.817422,0.817422,郊庙歌辞。让皇帝庙乐章。迎神,爰命有司,命有司嘗,嘗群神也。,0.817422,48,1,20.833333333333332,小样本,20.833333333333332,1.0,1.0
赵光逢,德,1,0.814667,0.814667,梁郊祀乐章。庆平,帝德惟馨,明德惟馨,,0.814667,48,4,83.33333333333333,小样本,20.833333333333332,0.25,2.0
赵光逢,禱祀,1,0.741768,0.741768,梁郊祀乐章。庆平,享祀不忒,神不享矣,,0.741768,48,4,83.33333333333333,小样本,20.833333333333332,0.25,3.0
张为,樓,1,0.778845,0.778845,秋醉歌,玉楼十二重,十二重之制,《鮑昭詩》：鳳樓十二重。,0.778845,49,1,20.408163265306122,小样本,20.408163265306122,1.0,1.0
贺兰进明,松柏,2,0.802245,0.788896,行路难五首,叹息青青陵上柏,青陵上柏,,0.802245,100,2,20.0,小样本,20.0,1.0,1.0
李翱,父友,1,0.813436,0.813436,断僧通状,父母不拜,不拜,魏常林伯槐，年七歲。父黨造之，問伯槐曰：「伯先在否，何不拜？」林曰：「對子字，父何拜之有？」,0.813436,50,2,40.0,小样本,20.0,0.5,1.0
宋华,谦讓,1,0.791688,0.791688,蝉鸣一篇五章,君子至止,君子有終,,0.791688,50,1,20.0,小样本,20.0,1.0,1.0
李翱,悔恨,1,0.750061,0.750061,拜禹歌,往者吾弗及兮,往者不可諫,,0.750061,50,2,40.0,小样本,20.0,0.5,2.0
张易之,仙,1,0.78459,0.78459,奉和圣制夏日游石淙山,青鸟白云王母使,青鳥,西王母使。,0.78459,52,1,19.230769230769234,小样本,19.230769230769234,1.0,1.0
孔绍安,相思,1,0.742103,0.742103,伤顾学士,思君不可思,我思不遠,,0.742103,52,1,19.230769230769234,小样本,19.230769230769234,1.0,1.0
尉迟汾,華山,1,0.763621,0.763621,府尹王侍郎准制拜岳，因状嵩高灵胜，寄呈三十韵,视秩居三公,名雄五嶽,袟視三公。,0.763621,60,1,16.666666666666668,小样本,16.666666666666668,1.0,1.0
元希声,道教,1,0.961085,0.961085,赠皇甫侍御赴都八首,道心惟微,道心惟微,,0.961085,62,3,48.387096774193544,小样本,16.129032258064516,0.3333333333333333,1.0
元希声,竹,1,0.880018,0.880018,赠皇甫侍御赴都八首,东南之美,東南之美,《爾雅》曰：東南之美者，有會稽之竹箭焉。,0.880018,62,3,48.387096774193544,小样本,16.129032258064516,0.3333333333333333,2.0
元希声,明天文,1,0.778534,0.778534,赠皇甫侍御赴都八首,牛斗之气,氣衝斗牛,《晉書》：吳之未滅，牛斗之閒，常有紫氣。術者皆云：吳可圖，張華獨以不然，及吳平後，紫氣逾明。華聞雷煥妙達緯象，乃邀煥宿，共尋天文，知將來吉凶。登樓仰觀煥曰：「唯斗牛之閒，有異氣耳。寶劍之精，上徹於天，在酆城獄屋下。,0.778534,62,3,48.387096774193544,小样本,16.129032258064516,0.3333333333333333,3.0
李纾,秋,1,0.817422,0.817422,让皇帝庙乐章。迎神,爰命有司,命有司嘗,嘗群神也。,0.817422,64,1,15.625,小样本,15.625,1.0,1.0
苏涣,織紝,1,0.762948,0.762948,变律（本十九首，今存三首）,一女不得织,一婦不織,賈誼曰：「一婦不織，有受其寒者。,0.762948,64,1,15.625,小样本,15.625,1.0,1.0
卢士衡,幼學,1,0.759045,0.759045,再游紫阳洞重题小松,只是十年五年间,外傅,十年,0.759045,64,1,15.625,小样本,15.625,1.0,1.0
鲍防,言語,1,0.77689,0.77689,元日早朝行,天何言哉乐无穷,天何言哉,子曰予欲無言。,0.77689,65,1,15.384615384615385,小样本,15.384615384615385,1.0,1.0
张志和,婚姻,1,0.756177,0.756177,空洞歌,造化之端,造端,《禮》：造端乎！夫婦。,0.756177,70,1,14.285714285714285,小样本,14.285714285714285,1.0,1.0
王睿,津渡,1,0.800535,0.800535,公无渡河,公无渡河兮公竟渡,公無渡河,崔豹《古今注》：津吏霍子高見白首，狂夫被髮，提壺亂流而渡，其妻止之，不及，遂溺死。妻乃援箜篌，作《公無渡河》之曲，歌終亦投河而死。,0.800535,72,1,13.888888888888888,稳健样本,13.888888888888888,1.0,1.0
刘孝孙,仙,1,0.758512,0.758512,游清都观寻沈道士得仙字,无劳生羽翼,生羽翼,,0.758512,72,1,13.888888888888888,小样本,13.888888888888888,1.0,1.0
陈叔达,禍福,1,0.97074,0.97074,太庙祼地歌辞,降福穰穰,降福穰穰,,0.97074,74,1,13.513513513513514,小样本,13.513513513513514,1.0,1.0
张彪,愚,1,0.743759,0.743759,杂诗,中才不如愚,下愚,子曰：唯上智與下愚不移。,0.743759,76,1,13.157894736842104,小样本,13.157894736842104,1.0,1.0
修雅,賢婦,1,0.758138,0.758138,闻诵《法华经》歌,知是古之人,知人,晉王渾妻鍾氏，名琰。有文才淑求賢，夫有兵家子甚俊，欲妻之。令與羣小吏雜處，琰自帷中察之曰：此人才足㧞萃，然地寒夀促不足展其器，遂止其人。數年卒。,0.758138,81,2,24.691358024691358,小样本,12.345679012345679,0.5,1.0
修雅,拜揖,1,0.743938,0.743938,闻诵《法华经》歌,不稽首而归命,大夫之臣不稽首,以避君也。,0.743938,81,2,24.691358024691358,小样本,12.345679012345679,0.5,2.0
僧鸾,華山,1,0.751525,0.751525,赠李粲秀才（字辉用）,回首瞥见五千仞,削成五千仞,《山海經》：「華山削成而四方，高五千仞，其廣千里。」,0.751525,82,1,12.195121951219512,小样本,12.195121951219512,1.0,1.0
陈去疾,草,1,0.769011,0.769011,偶题,到处生春草,池塘生春草,,0.769011,84,1,11.904761904761903,稳健样本,11.904761904761903,1.0,1.0
皇甫湜,露,1,0.746259,0.746259,出世篇,与天地相终始,天地相合,以降甘露，人莫之令，而自均。《老子》。,0.746259,87,1,11.494252873563218,小样本,11.494252873563218,1.0,1.0
孟迟,言語,1,0.745048,0.745048,发蕙风馆遇阴不见九华山有作,言亦不足听,在耳之言,,0.745048,90,1,11.11111111111111,稳健样本,11.11111111111111,1.0,1.0
张绍,海,1,0.821273,0.821273,冲佑观,四海九州,四海,七戎六蠻，九夷八狄。形類不同。摠而言，謂之四海，言皆近於海。,0.821273,96,2,20.833333333333332,小样本,10.416666666666666,0.5,1.0
张贲,賢,1,0.799777,0.799777,和袭美寒夜见访,仿效从它折角巾,折角巾,郭林宗行，遇雨，巾一角墊士，人故折其巾角以效之。,0.799777,96,2,20.833333333333332,稳健样本,10.416666666666666,0.5,1.0
张绍,仙,1,0.76088,0.76088,冲佑观,会有神仙,神仙,《靈仙列》：仙，九仙、群仙。,0.76088,96,2,20.833333333333332,小样本,10.416666666666666,0.5,2.0
张贲,酒,1,0.757299,0.757299,酬袭美先见寄倒来韵,不知何者是玄纁,玄鬯,《抱朴子》云：玄鬯醇酒也。,0.757299,96,2,20.833333333333332,稳健样本,10.416666666666666,0.5,2.0
临淄县主,死,1,0.917582,0.917582,与独孤穆冥会诗,死生契阔,死生契闊,,0.917582,99,2,20.202020202020204,小样本,10.101010101010102,0.5,1.0
临淄县主,玉,1,0.78766,0.78766,与独孤穆冥会诗,玉笄不可求,玉玦,魏鍾繇元常有玉玦，太子欲得之而難，公密使臨菑侯，因人說之，繇送太子，報繇書云云。,0.78766,99,2,20.202020202020204,小样本,10.101010101010102,0.5,2.0
崔日用,日,1,0.771707,0.771707,奉和九月九日登慈恩寺浮图应制,重阳日再中,再中,漢文帝時，新垣平候日再中。,0.771707,99,1,10.101010101010102,稳健样本,10.101010101010102,1.0,1.0
卢鸿一,宅,1,0.864592,0.864592,嵩山十志十首。草堂,将以避燥湿,以避燥濕,子罕曰：「吾儕小人皆有闔廬，以避燥濕寒暑。」,0.864592,101,2,19.801980198019802,稳健样本,9.900990099009901,0.5,1.0
卢鸿一,相,1,0.762646,0.762646,嵩山十志十首。草堂,此其所贵也,貴不可言,《漢書》：蒯通說韓信曰：「相君之面不過封侯，相君之背，貴不可言。」,0.762646,101,2,19.801980198019802,稳健样本,9.900990099009901,0.5,2.0
刘允济,直,1,0.765725,0.765725,见道边死人（一作刘元济诗。《统签》并入允济诗内）,应为直如弦,如矢之直,,0.765725,116,1,8.620689655172413,小样本,8.620689655172413,1.0,1.0
卢藏用,鶴,1,0.756167,0.756167,宋主簿鸣皋梦赵六予未及报而陈子云亡今追…贻平昔游旧,仙笙不可求,仙笙,王子喬，好吹笙。後告其家人曰：「七月待我於緱氏山頭。及期果為白鶴，謝時人去。,0.756167,116,1,8.620689655172413,小样本,8.620689655172413,1.0,1.0
卢延让,刺史,1,0.748629,0.748629,逢友人赴阙,感恩唯拟立生祠,立祠,諸遺愛。立祠、生祠，並具祭部雜祠門。,0.748629,118,1,8.474576271186441,稳健样本,8.474576271186441,1.0,1.0
袁朗,雪,1,0.801805,0.801805,和洗掾登城南坂望京邑,飞雪千里回,飛雪千里,《楚辭》。,0.801805,124,1,8.064516129032258,小样本,8.064516129032258,1.0,1.0
崔融,仙,2,0.780549,0.76701903,吴中好风景,无因生羽翼,生羽翼,,0.780549,252,3,11.904761904761903,稳健样本,7.936507936507936,0.6666666666666666,1.0
法振,内外兄弟,1,0.763142,0.763142,送人游闽越,身寄朗陵公,朗陵公,《文選詩序》曰：「朗陵公何敬祖？余之從外兄也。」,0.763142,126,1,7.936507936507936,稳健样本,7.936507936507936,1.0,1.0
郭震,菊,1,0.784792,0.784792,子夜四时歌六首。秋歌,延年菊花酒,菊花酒,費長房謂桓景：「九月九日可登高，飲菊花酒以消災。,0.784792,131,1,7.633587786259541,稳健样本,7.633587786259541,1.0,1.0
李冶,旌旗,1,0.772461,0.772461,句,旌旗拂座隅,旌旗拂天,《文選》。,0.772461,136,1,7.352941176470588,稳健样本,7.352941176470588,1.0,1.0
水神,津渡,1,0.800535,0.800535,霅溪夜宴诗（诸神命丽玉唱公无渡河歌）,公无渡河兮公竟渡,公無渡河,崔豹《古今注》：津吏霍子高見白首，狂夫被髮，提壺亂流而渡，其妻止之，不及，遂溺死。妻乃援箜篌，作《公無渡河》之曲，歌終亦投河而死。,0.800535,140,1,7.142857142857142,稳健样本,7.142857142857142,1.0,1.0
畅当,菊,1,0.77928,0.77928,九日陪皇甫使君泛江宴赤岸亭,同倾菊花酒,菊花酒,費長房謂桓景：「九月九日可登高，飲菊花酒以消災。,0.77928,140,1,7.142857142857142,稳健样本,7.142857142857142,1.0,1.0
陈子良,劍,1,0.748742,0.748742,赞德上越国公杨素,拔剑倚天外,倚天,《宋玉賦》：長劍耿介倚天外。,0.748742,144,1,6.944444444444444,稳健样本,6.944444444444444,1.0,1.0
裴潾,哭,1,0.975002,0.975002,前相国赞皇公早葺平泉山居暂还憩…十四首奉寄,泣涕如雨,泣涕如雨,,0.975002,146,4,27.397260273972602,小样本,6.8493150684931505,0.25,1.0
裴潾,宮殿,1,0.776989,0.776989,前相国赞皇公早葺平泉山居暂还憩…十四首奉寄,夏凊冬温,順晦明而朝啓夕閉,易寒暑而夏凊冬溫,0.776989,146,4,27.397260273972602,小样本,6.8493150684931505,0.25,2.0
裴潾,拜揖,1,0.771269,0.771269,前相国赞皇公早葺平泉山居暂还憩…十四首奉寄,公拜稽首,責稽首,《傳》：齊人責稽首。注：往年齊侯為公稽首，公不答故也。,0.771269,146,4,27.397260273972602,小样本,6.8493150684931505,0.25,3.0
裴潾,言語,1,0.768773,0.768773,前相国赞皇公早葺平泉山居暂还憩…十四首奉寄,诗以足言,言以足志,不言誰知其志也。,0.768773,146,4,27.397260273972602,小样本,6.8493150684931505,0.25,4.0
顾云,信,1,0.828477,0.828477,天威行,耿恭拜出井底水,耿恭拜井,《後漢》：耿恭，字伯宗。守疎勒城，城中無水，穿井十丈，無水，恭整衣冠，拜井，泉涌出。,0.828477,151,1,6.622516556291391,小样本,6.622516556291391,1.0,1.0
孟云卿,休假,2,0.795241,0.795241,杂曲歌辞。生别离,但恐不出门,不欲出。,文帝幸鄧通，通亦愿謹不外交。雖賜洗沐，不欲出也。,0.795241,306,5,16.339869281045754,稳健样本,6.5359477124183005,0.4,1.0
韦渠牟,仙,2,0.77057,0.77057,杂歌谣辞。步虚词,何须生羽翼,生羽翼,,0.77057,320,2,6.25,小样本,6.25,1.0,1.0
董思恭,日,1,0.800723,0.800723,咏日,更也人皆仰,皆仰,人皆仰之。,0.800723,160,1,6.25,稳健样本,6.25,1.0,1.0
高蟾,儉,1,0.801496,0.801496,道中有感,一裘三十年,一狐裘三十年,《晏子》。,0.801496,166,1,6.024096385542169,稳健样本,6.024096385542169,1.0,1.0
上官昭容,隠逸,1,0.761181,0.761181,游长宁公主流杯池二十五首,山中有逸人,逸人,,0.761181,166,1,6.024096385542169,小样本,6.024096385542169,1.0,1.0
薛据,君臣,1,0.74738,0.74738,古兴,自言皆近臣,近臣,漢嚴助為太中大夫後得朱買臣吾邱壽王主父偃徐樂嚴安枚臯從車並在左右助等與大臣辨論中外相應以義理之文大臣數詘司馬相如數稱疾避事枚臯東方朔不根持論上頗俳優畜之唯助與壽王見任而助最先進,0.74738,172,1,5.813953488372093,稳健样本,5.813953488372093,1.0,1.0
王季友,徵聘,1,0.757705,0.757705,古塞曲,天子不召见,不召之臣,公車詔楊秉、韋著並稱疾，不至。有司劾大不敬，正罪。周景、邊韶等議，秉以退譲為節，誠違仄席之望，然逶迤退跡，是抑苟進之風，明王之，世必有不召之臣也。,0.757705,176,1,5.681818181818182,稳健样本,5.681818181818182,1.0,1.0
刘复,崑崙山,1,0.869222,0.869222,游仙,五城十二楼,五城十二樓,又曰：「崑崙之墟，五城十二樓，河水出，四維魚龍。」,0.869222,185,3,16.216216216216218,稳健样本,5.405405405405405,0.3333333333333333,1.0
刘复,志節,1,0.815906,0.815906,送王伦（一作汪伦）,四方各有志,子有四方之志,,0.815906,185,3,16.216216216216218,稳健样本,5.405405405405405,0.3333333333333333,2.0
刘复,案,1,0.754881,0.754881,出三城留别幕中三判官,愧无青玉案,青玉案,《張平子詩》曰：「美人贈我錦繡段，何以報之青玉案。」,0.754881,185,3,16.216216216216218,稳健样本,5.405405405405405,0.3333333333333333,3.0
贺知章,德,1,0.91163,0.91163,唐禅社首乐章。雍和,惟德惟馨,明德惟馨,,0.91163,187,3,16.0427807486631,稳健样本,5.347593582887701,0.3333333333333333,1.0
吴少微,宰相,1,0.79074,0.79074,哭富嘉谟,於戏社稷臣,社稷臣,,0.79074,187,2,10.695187165775401,小样本,5.347593582887701,0.5,1.0
贺知章,錢,1,0.783688,0.783688,题袁氏别业（一作偶游主人园）,囊中自有钱,囊中,,0.783688,187,3,16.0427807486631,稳健样本,5.347593582887701,0.3333333333333333,2.0
吴少微,文教,1,0.783115,0.783115,哭富嘉谟,子之文章在,夫子之文章可得而聞也,,0.783115,187,2,10.695187165775401,小样本,5.347593582887701,0.5,2.0
贺知章,黍稷,1,0.754612,0.754612,唐禅社首乐章。雍和,粢盛以絜,滌粢盛,明水也。,0.754612,187,3,16.0427807486631,稳健样本,5.347593582887701,0.3333333333333333,3.0
任华,直,1,0.760956,0.760956,寄杜拾遗,只缘汲黯好直言,汲黯正直,黯，字長孺。,0.760956,188,1,5.319148936170213,小样本,5.319148936170213,1.0,1.0
李适,冨,1,0.753822,0.753822,中和节赐群臣宴赋七韵,戒之在无荒,戒之在得,,0.753822,194,2,10.309278350515465,稳健样本,5.154639175257732,0.5,1.0
李适,君臣,1,0.750845,0.750845,重阳日即事,思为君臣同,知臣莫若君,,0.750845,194,2,10.309278350515465,稳健样本,5.154639175257732,0.5,2.0
张碧,婚姻,1,0.743453,0.743453,贫女,良媒不相识,良媒,,0.743453,196,1,5.1020408163265305,稳健样本,5.1020408163265305,1.0,1.0
章碣,洞,1,0.800349,0.800349,对月,别有洞天三十六,三十六,《茅君內傳》：大天之內，有玄中之洞三十六所。第一王屋山之洞：周迴萬里，名曰小有清虛之天。第二委羽之洞：周迴萬里，名曰大有空明之天。第三西域土山之谷：周迴三千里，名曰太玄，摠真之天。第四西方玄三山之谷：周迴千里名曰三玄，極真之天。第五青城之洞：周迴三千里，名曰寶仙，九室之天。第六赤城丹山之洞：周迴三百里，名曰上酒平之天。第七羅浮山之洞：周五百里，名曰朱明，曜真之天。第八曲向山之洞：周一百五十里，名曰金壇華陽之天。第九林屋山之洞：周四百里，名曰左神幽墟之天。第十括蒼之洞：周迴三百里，名曰成德隱玄之天。凡此十洞，皆仙人靈真之陰天，內宮也，其八海之中，崑崙、蓬萊、方丈、瀛洲、滄波、白山，八停之神山，山皆有洞宮，或有方千里、五百里，非名小天之例，不在三十六天之洞數也。五嶽及名山洞室，或三十里、二十里、十里，難並合神仙之言，又非小天之數，嶽洞萬里，其岱宗山之洞，周三千里，名曰三宮空洞之天。羅酆山之洞：周一萬五千里，名曰北帝死生之天，皆死神所治五帝之官考，謫之府也。鬼神所冶，又有二十八小洞，天之陰宮，或地官所在者，不能一一記其洞山之名，略摽其大者耳。其餘有六洞：天陰宮山，皆夷狄異類，鬼所不治，犬戎鳥獸蠻裸，夷之種也。匈奴之天下：北戎之善山，南越之拘屢是也。句曲山洞宮之中：本有仙人郭四，朝者治其宮，亦司三官。領羅酆師。晨候四朝，燕人也。兄弟四人得道，四朝是長兄也。,0.800349,200,1,5.0,稳健样本,5.0,1.0,1.0
舒元舆,求仙,1,0.79497,0.79497,八月五日中部官舍读唐历天宝已来追怆故事,神仙不可求,神仙,,0.79497,204,1,4.901960784313726,小样本,4.901960784313726,1.0,1.0
窦牟,幕府,1,0.827767,0.827767,送刘公达判官赴天德军幕,特建青油幕,青油幕,,0.827767,208,1,4.807692307692308,稳健样本,4.807692307692308,1.0,1.0
綦毋潜,劍,1,0.779495,0.779495,送宋秀才,长剑倚天外,倚天,《宋玉賦》：長劍耿介倚天外。,0.779495,210,1,4.761904761904763,稳健样本,4.761904761904763,1.0,1.0
杨师道,笑,1,0.750574,0.750574,阙题,一笑千金判是轻,一笑千金,,0.750574,210,1,4.761904761904763,稳健样本,4.761904761904763,1.0,1.0
上官仪,馬,1,0.798693,0.798693,从驾闾山咏马,徒嗟塞上翁,塞上翁,失馬人弔曰：「未必不為福。俄爾馬引塞外馬歸。,0.798693,212,1,4.716981132075471,稳健样本,4.716981132075471,1.0,1.0
聂夷中,仙,2,0.815883,0.815883,相和歌辞。胡无人行,更愿生羽翼,生羽翼,,0.815883,444,2,4.504504504504505,稳健样本,4.504504504504505,1.0,1.0
柳宗元,讓功,1,0.761079,0.761079,乐府杂曲。鼓吹铙歌。铁山碎,功不可逾,功成不居,,0.761079,223,1,4.484304932735426,稳健样本,4.484304932735426,1.0,1.0
刘方平,九月九日,1,0.750441,0.750441,寄陇右严判官,九日白衣人,白衣,,0.750441,223,1,4.484304932735426,稳健样本,4.484304932735426,1.0,1.0
翁承赞,食,1,0.783571,0.783571,晨兴,旅食甘藜藿,藜藿,《七發》曰：予甘藜藿，未暇此食。,0.783571,224,1,4.464285714285714,稳健样本,4.464285714285714,1.0,1.0
于邺,奉使,1,0.787376,0.787376,书情,已过千里程,千里程,《漢舊》：儀奉璽書，使者乗馳傳，日夜千里為程也。,0.787376,244,1,4.0983606557377055,稳健样本,4.0983606557377055,1.0,1.0
杜光庭,國政,1,0.891481,0.891481,纪道德,百姓日用而不知,百姓日用而不知。,,0.891481,246,2,8.130081300813009,稳健样本,4.065040650406504,0.5,1.0
杜光庭,道教,1,0.798726,0.798726,纪道德,上士勤行而必克,上士勤行,上士聞道勤，而中之；中士聞道，若存若亡；下士聞道大笑之，不笑不足以為道。,0.798726,246,2,8.130081300813009,稳健样本,4.065040650406504,0.5,2.0
窦庠,傲慢,1,0.831326,0.831326,于阗钟歌送灵彻上人归越（钟在越灵嘉寺，从天竺飞来）,一国之人皆若狂,一國之人皆若狂。,,0.831326,251,3,11.952191235059761,稳健样本,3.9840637450199203,0.3333333333333333,1.0
窦庠,仙,1,0.769199,0.769199,金山行（润州金山寺，寺在江心）,三神山上蓬莱宫,三神山,《史記》：蓬萊、方丈、瀛洲三神山，在渤海中，莫有至者。諸仙人不死藥在焉，禽獸盡白，黃金白銀為宮闕，欲到，則風引船而去，終莫能至也。,0.769199,251,3,11.952191235059761,稳健样本,3.9840637450199203,0.3333333333333333,2.0
窦庠,竹,1,0.742665,0.742665,于阗钟歌送灵彻上人归越（钟在越灵嘉寺，从天竺飞来）,东南之美天下传,東南之美,《爾雅》曰：東南之美者，有會稽之竹箭焉。,0.742665,251,3,11.952191235059761,稳健样本,3.9840637450199203,0.3333333333333333,3.0
崔融,直,1,0.820234,0.820234,哭蒋詹事俨,汲黯言当直,汲黯正直,黯，字長孺。,0.820234,252,3,11.904761904761903,稳健样本,3.968253968253968,0.3333333333333333,2.0
尚颜,行旅,1,0.795626,0.795626,怀智栖上人,不同游子暮何之,遊子暮何之,《李陵詩》。,0.795626,270,1,3.7037037037037037,稳健样本,3.7037037037037037,1.0,1.0
张南史,賔館,1,0.7516,0.7516,独孤常州北亭,人欢倒屣迎,倒屣迎賔,王粲仲宣詣蔡邕，邕倒屣迎之，粲年少，容貌短小，既至一座盡驚曰：「王孫有異才，吾不如也。吾家書籍文章盡與之。」,0.7516,272,1,3.676470588235294,稳健样本,3.676470588235294,1.0,1.0
郑愔,降,1,0.770161,0.770161,塞外三首,须筑受降城,漢築受降城。,,0.770161,282,1,3.5460992907801416,稳健样本,3.5460992907801416,1.0,1.0
卢肇,行旅,1,0.950043,0.950043,汉堤诗,不日不月,不日不月,,0.950043,283,3,10.60070671378092,稳健样本,3.5335689045936394,0.3333333333333333,1.0
卢肇,禁暴,1,0.769429,0.769429,汉堤诗,不知其防,知防。,,0.769429,283,3,10.60070671378092,稳健样本,3.5335689045936394,0.3333333333333333,2.0
卢肇,母子,1,0.747603,0.747603,汉堤诗,母不能子,子上之母,《禮》曰：「子上之母，死而不喪。問諸？子思曰：「昔者，子之先君子喪，出母乎？」曰：「然子之不使白也。喪之何也？」子思曰：「吾先君子無所失道。道隆則從而隆，道汚則従而汚，伋則安能為伋也。妻云云。注：為禮出母期父卒，為父後者則不服,0.747603,283,3,10.60070671378092,稳健样本,3.5335689045936394,0.3333333333333333,3.0
陶翰,鷺,1,0.799606,0.799606,赠房侍御（时房公在新安）,君其振羽翮,值其振羽,《詩》：振鷺于飛，坎其擊鼓。宛丘之下，無冬無夏，值其振羽，《詩》所以剌陳幽王，游蕩無度。名爾雅一名，春鉏也。,0.799606,284,3,10.56338028169014,稳健样本,3.5211267605633805,0.3333333333333333,1.0
陶翰,御史,1,0.761108,0.761108,赠郑员外,数年侍御史,柱下史,侍御史。,0.761108,284,3,10.56338028169014,稳健样本,3.5211267605633805,0.3333333333333333,2.0
陶翰,徵聘,1,0.757705,0.757705,古塞下曲,天子不召见,不召之臣,公車詔楊秉、韋著並稱疾，不至。有司劾大不敬，正罪。周景、邊韶等議，秉以退譲為節，誠違仄席之望，然逶迤退跡，是抑苟進之風，明王之，世必有不召之臣也。,0.757705,284,3,10.56338028169014,稳健样本,3.5211267605633805,0.3333333333333333,3.0
王翰,華山,1,0.828108,0.828108,赋得明星玉女坛，送廉察尉华阴,发地削成五千仞,削成五千仞,《山海經》：「華山削成而四方，高五千仞，其廣千里。」,0.828108,295,1,3.389830508474576,稳健样本,3.389830508474576,1.0,1.0
褚亮,祭祀,1,0.741959,0.741959,享先农乐章。诚和,式崇明祀,祭祀之式,《周禮．太宰》：以九式均節財用。一曰：祭祀之式，謂財用之節度。,0.741959,295,1,3.389830508474576,稳健样本,3.389830508474576,1.0,1.0
李瀚,哭,2,0.851099,0.811885,蒙求,卞和泣玉,泣玉,卞和既刖抱玉而泣。,0.851099,600,15,25.0,小样本,3.3333333333333335,0.13333333333333333,1.0
孙元晏,相,1,0.765309,0.765309,吴。顾雍,贵为丞相封侯了,鷰頷封侯,班超詣相者曰當封侯萬里之外問其狀相者曰鷰頷虎頭飛而肉食萬里侯相後封定遠侯,0.765309,300,2,6.666666666666667,稳健样本,3.3333333333333335,0.5,1.0
孙元晏,舉薦,1,0.761395,0.761395,梁。勍敌,传闻天子重儒才,為將用儒士。,《後漢》：祭遵為將軍，取士皆用儒術。,0.761395,300,2,6.666666666666667,稳健样本,3.3333333333333335,0.5,2.0
魏徵,蒸嘗,1,0.782102,0.782102,享太庙乐章。永和,是用孝享,吉蠲為饎，是用孝享,,0.782102,304,3,9.868421052631579,稳健样本,3.289473684210526,0.3333333333333333,1.0
魏徵,日,1,0.779794,0.779794,享太庙乐章。长发舞,就日重光,重光,崔豹《古今注》曰：「漢明帝作太子樂，八歌四章，以贊太子，一曰日重光。」,0.779794,304,3,9.868421052631579,稳健样本,3.289473684210526,0.3333333333333333,2.0
魏徵,禮,1,0.774365,0.774365,享太庙乐章。雍和,礼以昭事,禮以防人,,0.774365,304,3,9.868421052631579,稳健样本,3.289473684210526,0.3333333333333333,3.0
孟云卿,性情,1,0.797548,0.797548,今别离（一作别离曲）,人生各有志,人各有心,,0.797548,306,5,16.339869281045754,稳健样本,3.2679738562091503,0.2,2.0
孟云卿,月,1,0.75687,0.75687,伤时二首（一作宋郊）,天道有亏盈,盈必毀天之道也,,0.75687,306,5,16.339869281045754,稳健样本,3.2679738562091503,0.2,3.0
孟云卿,變化,1,0.748302,0.748302,伤情,万物各有常,雖變化之多端,亦天地之常理。,0.748302,306,5,16.339869281045754,稳健样本,3.2679738562091503,0.2,4.0
灵一,儒術,1,0.743792,0.743792,远公,一朝弃儒服,儒服,漢王入彭城，叔孫通儒服降，漢王憎之，乃變服，服短衣，楚制。,0.743792,318,1,3.1446540880503147,稳健样本,3.1446540880503147,1.0,1.0
武则天,戈殳矛戟,1,0.753152,0.753152,唐明堂乐章。皇帝行,永戢干戈,載戢干戈,,0.753152,320,1,3.125,稳健样本,3.125,1.0,1.0
崔道融,寒食,1,0.824139,0.824139,春晚,三月寒食时,一月寒食,《後漢》周舉遷并州刺史，太原舊俗，以介子推焚骸一月，斷火舉移書於子推廟。云寒食一月，老小不堪，今則三日而巳。,0.824139,326,1,3.067484662576687,稳健样本,3.067484662576687,1.0,1.0
崔国辅,言語,1,0.742936,0.742936,漂母岸,时哉不敢言,似不能言,,0.742936,336,1,2.976190476190476,稳健样本,2.976190476190476,1.0,1.0
邵谒,天,1,0.832851,0.832851,送从弟长安下第南归觐亲,戴天如戴盆,戴盆,多謝悠悠子，瞻天如戴盆。,0.832851,354,4,11.299435028248588,稳健样本,2.824858757062147,0.25,1.0
邵谒,勤勞,1,0.788251,0.788251,送徐群宰望江,知食不知耕,不知稼穡之艱難,,0.788251,354,4,11.299435028248588,稳健样本,2.824858757062147,0.25,2.0
邵谒,爭,1,0.759348,0.759348,少年行,然后致得人心争,爭奪相殺，謂之人患,《禮》。,0.759348,354,4,11.299435028248588,稳健样本,2.824858757062147,0.25,3.0
邵谒,大理卿,1,0.749109,0.749109,少年行,能使天下平,天下之平,高柔，字文思。魏明時為廷尉，每曰：「廷尉，天下之平。」,0.749109,354,4,11.299435028248588,稳健样本,2.824858757062147,0.25,4.0
张谓,讓功,1,0.822471,0.822471,同孙构免官后登蓟楼,功成不相让,功成不居,,0.822471,376,2,5.319148936170213,稳健样本,2.6595744680851063,0.5,1.0
张谓,相,1,0.762988,0.762988,同孙构免官后登蓟楼,必是封侯相,鷰頷封侯,班超詣相者曰當封侯萬里之外問其狀相者曰鷰頷虎頭飛而肉食萬里侯相後封定遠侯,0.762988,376,2,5.319148936170213,稳健样本,2.6595744680851063,0.5,2.0
李乂,樓,1,0.81301,0.81301,高安公主挽歌二首,楼台十二重,十二重之制,《鮑昭詩》：鳳樓十二重。,0.81301,380,4,10.526315789473683,稳健样本,2.631578947368421,0.25,1.0
李乂,仙,1,0.780549,0.780549,次苏州,无因生羽翼,生羽翼,,0.780549,380,4,10.526315789473683,稳健样本,2.631578947368421,0.25,2.0
李乂,皇后,1,0.754551,0.754551,奉和七夕两仪殿会宴应制,桂宫明月夜,桂宮,,0.754551,380,4,10.526315789473683,稳健样本,2.631578947368421,0.25,3.0
李乂,太子,1,0.74822,0.74822,幸白鹿观应制,南山四皓谒,四皓,漢張良令太子作書與商山四皓卑辭安車請以為客,0.74822,380,4,10.526315789473683,稳健样本,2.631578947368421,0.25,4.0
李煜,馬,1,0.77529,0.77529,忆江南,车如流水马如龙,如龍,《漢書》曰：車如流水馬如龍。,0.77529,382,1,2.617801047120419,稳健样本,2.617801047120419,1.0,1.0
司马扎,節操,1,0.760998,0.760998,古边卒思归,有田不得耕,非耕不食,《後漢》：周燮有先人草廬結于岡畔，下有陂田，常肆勤以自給，非身所耕，不食也。,0.760998,384,1,2.6041666666666665,稳健样本,2.6041666666666665,1.0,1.0
崔湜,相思,1,0.754745,0.754745,登总持寺阁,故人不可见,我思故人,,0.754745,394,1,2.5380710659898473,稳健样本,2.5380710659898473,1.0,1.0
包佶,馬,1,0.755683,0.755683,酬于侍郎湖南见寄十四韵,悲宽塞上翁,塞上翁,失馬人弔曰：「未必不為福。俄爾馬引塞外馬歸。,0.755683,396,1,2.5252525252525255,稳健样本,2.5252525252525255,1.0,1.0
拾得,羊,1,0.805466,0.805466,诗,且遭豺狼逐,豺狼逐,《漢書》：譬如使豺狼逐群羊，無畏驅羊攻虎。,0.805466,422,5,11.848341232227487,小样本,2.3696682464454977,0.2,1.0
拾得,土功,1,0.784999,0.784999,诗,自量其事力,量力,,0.784999,422,5,11.848341232227487,小样本,2.3696682464454977,0.2,2.0
拾得,射,1,0.753103,0.753103,诗,后来人不知,人不知,《晉》：魏舒為後將軍，盧毓每與參佐射，常為畫籌。後遇朋人不足，以舒滿數。毓初不知其善射，容範閑雅，發無不中。舉坐莫有，敵之者。,0.753103,422,5,11.848341232227487,小样本,2.3696682464454977,0.2,3.0
拾得,醢,1,0.747152,0.747152,诗,不能得衣食,不得不食,《語》不得其醤，不食。,0.747152,422,5,11.848341232227487,小样本,2.3696682464454977,0.2,4.0
拾得,變化,1,0.742285,0.742285,诗,所以不能知,于何不有,莫究其由。,0.742285,422,5,11.848341232227487,小样本,2.3696682464454977,0.2,5.0
李华,宗族,1,0.770672,0.770672,杂诗六首,不复庇本根,本根無庇,《傳》：叔向曰：「肹聞之公族，將卑其宗族，枝葉先落，根本從而亡也。」,0.770672,424,2,4.716981132075471,稳健样本,2.3584905660377355,0.5,1.0
李华,未能為政,1,0.747421,0.747421,杂诗六首,终不得其力,不能者止。,,0.747421,424,2,4.716981132075471,稳健样本,2.3584905660377355,0.5,2.0
钱珝,名譽,1,0.747342,0.747342,江行无题一百首,行是知名物,行浮於名。,,0.747342,440,1,2.2727272727272725,小样本,2.2727272727272725,1.0,1.0
徐彦伯,鳥,1,0.809048,0.809048,拟古三首,含春向我鸣,懷春向我鳴,,0.809048,442,1,2.2624434389140275,稳健样本,2.2624434389140275,1.0,1.0
贾至,露,1,0.776567,0.776567,闲居秋怀，寄阳翟陆赞府、封丘高少府,八月白露降,立秋後五日白露降,,0.776567,453,1,2.207505518763797,稳健样本,2.207505518763797,1.0,1.0
乔知之,扇,1,0.825738,0.825738,长信宫中树,香摇五明扇,五明扇,崔豹《古今注》曰：「舜廣視聽求賢人，以自輔作五明扇。,0.825738,462,1,2.1645021645021645,稳健样本,2.1645021645021645,1.0,1.0
萧颖士,美人,1,0.79934,0.79934,菊荣一篇五章,彼美淑人,彼美,淑姬。見上注。,0.79934,466,4,8.583690987124463,稳健样本,2.1459227467811157,0.25,1.0
萧颖士,貧,1,0.792501,0.792501,江有枫一篇十章,君子居焉,君子居,《易》以俟命。,0.792501,466,4,8.583690987124463,稳健样本,2.1459227467811157,0.25,2.0
萧颖士,對見,1,0.776433,0.776433,江有归舟三章,扬于王庭,揚于王庭。,,0.776433,466,4,8.583690987124463,稳健样本,2.1459227467811157,0.25,3.0
萧颖士,言語,1,0.767724,0.767724,菊荣一篇五章,诗人有言,發言為詩,,0.767724,466,4,8.583690987124463,稳健样本,2.1459227467811157,0.25,4.0
杨炯,菊,1,0.794711,0.794711,和酬虢州李司法,菊花宜泛酒,菊花酒,費長房謂桓景：「九月九日可登高，飲菊花酒以消災。,0.794711,470,1,2.127659574468085,稳健样本,2.127659574468085,1.0,1.0
于濆,衣服,1,0.85755,0.85755,野蚕,化为寒者衣,寒者衣之,,0.85755,486,1,2.05761316872428,稳健样本,2.05761316872428,1.0,1.0
元结,天,3,0.787192,0.78719205,补乐歌十首。九渊,孰知其然,焉知,裨灶焉知天道。,0.787192,1486,12,8.075370121130552,大样本,2.018842530282638,0.25,1.0
杜审言,忠,1,0.787016,0.787016,泛舟送郑卿入京,恩追社稷臣,社稷臣,漢文帝目送絳侯曰：「社稷臣袁盎。」曰：「功臣非社稷臣也。社稷臣者，主存與存，主亡與亡。諸呂用事，絳侯為太尉，本柄不正，共誅諸呂，適會功成。故曰功臣。」,0.787016,516,1,1.937984496124031,稳健样本,1.937984496124031,1.0,1.0
章孝标,勸學,1,0.750107,0.750107,上西川王尚书,人人入蜀谒文翁,文翁化蜀,,0.750107,530,1,1.8867924528301887,大样本,1.8867924528301887,1.0,1.0
郎士元,鳥,1,0.792346,0.792346,题刘相公三湘图,飞鸟不知倦,鳥倦飛而知還,,0.792346,539,1,1.8552875695732838,大样本,1.8552875695732838,1.0,1.0
王贞白,宴,1,0.772105,0.772105,少年行二首,游宴不知厌,終宴不知疲,《文選》。,0.772105,589,1,1.697792869269949,大样本,1.697792869269949,1.0,1.0
杨衡,美人,1,0.822758,0.822758,赋得夜雨滴空阶送魏秀才,况有人如玉,如玉,有佳人，美者顔如玉,0.822758,596,1,1.6778523489932886,大样本,1.6778523489932886,1.0,1.0
李瀚,信,1,0.921941,0.921941,蒙求,耿恭拜井,耿恭拜井,《後漢》：耿恭，字伯宗。守疎勒城，城中無水，穿井十丈，無水，恭整衣冠，拜井，泉涌出。,0.921941,600,15,25.0,小样本,1.6666666666666667,0.06666666666666667,2.0
李瀚,筆硯,1,0.905781,0.905781,蒙求,蒙恬制笔,蒙恬之制,《博物志》：秦蒙恬制筆。,0.905781,600,15,25.0,小样本,1.6666666666666667,0.06666666666666667,3.0
李瀚,忠,1,0.864556,0.864556,蒙求,子囊城郢,子囊城郢,子囊將死，遺言謂子庚曰：「必進思君子。」謂子嚢将死，不忘衛社稷，可謂不忠乎！,0.864556,600,15,25.0,小样本,1.6666666666666667,0.06666666666666667,4.0
李瀚,嘯,1,0.856695,0.856695,蒙求,成瑨坐啸,成瑨坐嘯,成瑨為南陽太守，委任功曹岑晊。人語曰：「南陽太守岑公孝，弘農成瑨但坐嘯。,0.856695,600,15,25.0,小样本,1.6666666666666667,0.06666666666666667,5.0
李瀚,報德,1,0.833841,0.833841,蒙求,渊客泣珠,客泣珠,泉客宿將去。泣珠於盤以酬主人。,0.833841,600,15,25.0,小样本,1.6666666666666667,0.06666666666666667,6.0
李瀚,琴,1,0.829261,0.829261,蒙求,蔡琰辨琴,蔡琰辨斷絃,事具“知音”門。,0.829261,600,15,25.0,小样本,1.6666666666666667,0.06666666666666667,7.0
李瀚,雷,1,0.79684,0.79684,蒙求,备失匕箸,失匕箸,曹操謂蜀先主曰：「天下英雄，唯使君與操耳，本初之徒，不足數也。」先主方食，失匕箸。時正雷震，備謂操曰：「聖人云：迅雷風烈必變，今有以也。」,0.79684,600,15,25.0,小样本,1.6666666666666667,0.06666666666666667,8.0
李瀚,待士,1,0.791554,0.791554,蒙求,蔡邕倒屣,倒屣,蔡邕竒王粲粲至倒屣迎之既至容貌短小一坐盡驚邕曰此王生也有異才吾家書文章當與之,0.791554,600,15,25.0,小样本,1.6666666666666667,0.06666666666666667,9.0
李瀚,隠逸,1,0.788084,0.788084,蒙求,仲蔚蓬蒿,蓬蒿,張仲蔚隱居蓬蒿沒人。,0.788084,600,15,25.0,小样本,1.6666666666666667,0.06666666666666667,10.0
李瀚,牛,1,0.77296,0.77296,蒙求,甯戚叩角,叩角,甯戚叩角，而為商歌，齊桓公知而舉之。,0.77296,600,15,25.0,小样本,1.6666666666666667,0.06666666666666667,11.0
李瀚,游俠,1,0.772902,0.772902,蒙求,季布一诺,季布之諾,《漢書》：季布任俠，立然諾之，信氣蓋闗中。,0.772902,600,15,25.0,小样本,1.6666666666666667,0.06666666666666667,12.0
李瀚,大理卿,1,0.749864,0.749864,蒙求,于公高门,高門,于公理獄，積陰德，脩宅令高其門以待，曰：「我子孫必有昌者。」至定國，為廷尉。,0.749864,600,15,25.0,小样本,1.6666666666666667,0.06666666666666667,13.0
李瀚,恭敬,1,0.742403,0.742403,蒙求,周公握发,握髮,周公下白屋之士，一飯三吐哺，一沐三握髮。,0.742403,600,15,25.0,小样本,1.6666666666666667,0.06666666666666667,14.0
常建,縣尉,1,0.768863,0.768863,送李十一尉临溪,以言神仙尉,仙吏,仙尉。,0.768863,660,1,1.5151515151515151,大样本,1.5151515151515151,1.0,1.0
王绩,材木,1,0.904409,0.904409,薛记室收过庄见寻率题古意以赠,朽木不可雕,朽木不可彫,,0.904409,661,4,6.051437216338881,稳健样本,1.5128593040847202,0.25,1.0
王绩,老,1,0.823531,0.823531,在京思故园见乡人问,老去不知回,不知老之將至,,0.823531,661,4,6.051437216338881,稳健样本,1.5128593040847202,0.25,2.0
王绩,太師,1,0.771347,0.771347,赠梁公,圣莫若周公,周公,《書》：召公為保，周公為師，相成王為左右。,0.771347,661,4,6.051437216338881,稳健样本,1.5128593040847202,0.25,3.0
王绩,蒲桃,1,0.742082,0.742082,独酌,不如多酿酒,釀酒,史大宛以蒲桃釀酒，富人藏酒至萬石，數十年不敗。,0.742082,661,4,6.051437216338881,稳健样本,1.5128593040847202,0.25,4.0
刘希夷,君臣,1,0.764128,0.764128,洛川怀古,朝廷多近臣,近臣,漢嚴助為太中大夫後得朱買臣吾邱壽王主父偃徐樂嚴安枚臯從車並在左右助等與大臣辨論中外相應以義理之文大臣數詘司馬相如數稱疾避事枚臯東方朔不根持論上頗俳優畜之唯助與壽王見任而助最先進,0.764128,682,1,1.466275659824047,稳健样本,1.466275659824047,1.0,1.0
李德裕,貴,2,0.797556,0.781576,近于伊川卜山居将命者画图而至欣然有感…青田胎化鹤,惭逾六百石,不過六百石,《後漢》：邴渙兄曼容亦飬志，自修為官，不過六百石，輒自免去。,0.797556,1419,4,2.8188865398167726,大样本,1.4094432699083863,0.5,1.0
崔颢,終南山,1,0.760499,0.760499,杂诗,玉堂有美女,玉堂,南五十里，有玉堂陽官。,0.760499,710,2,2.8169014084507045,稳健样本,1.4084507042253522,0.5,1.0
崔颢,推斷獄,1,0.751191,0.751191,结定襄郡狱效陶体,小大必以情,察必以情。,小大之獄，雖不能察必以情。,0.751191,710,2,2.8169014084507045,稳健样本,1.4084507042253522,0.5,2.0
胡曾,貴,1,0.76051,0.76051,咏史诗。上蔡,功成不解谋身退,身退,功成名遂身退，天之道。,0.76051,716,1,1.3966480446927374,大样本,1.3966480446927374,1.0,1.0
卢照邻,道路,2,0.749436,0.749436,乐府杂曲。鼓吹曲辞。上之回,回中道路险,回中道,武帝通回中道。,0.749436,1445,11,7.612456747404845,大样本,1.3840830449826989,0.18181818181818182,1.0
元结,父子,2,0.746863,0.744583,二风诗。治风诗五篇。至慈,而不知其慈,不慈,父不慈，子不孝。祗服厥父。,0.746863,1486,12,8.075370121130552,大样本,1.3458950201884252,0.16666666666666666,2.0
李山甫,敬遠,1,0.771524,0.771524,山中答刘书记寓怀,鬼神亦相敬,鬼神之德,子曰：鬼神之為德，其至矣乎？視之而不見，聽之而不聞，使天下之齊明盛德，以承祭祀，洋洋乎如在。洋洋相思之貌。,0.771524,754,3,3.9787798408488064,大样本,1.3262599469496021,0.3333333333333333,1.0
李山甫,賞賜,1,0.752068,0.752068,古石砚,何啻直千金,不吝千金,《魏志》：太祖其有功勳勞，不吝千金。無功望施，分毫不與。,0.752068,754,3,3.9787798408488064,大样本,1.3262599469496021,0.3333333333333333,2.0
李山甫,父子,1,0.742462,0.742462,山中依韵答刘书记见赠,讵言才不才,才不才,亦各言其子也。,0.742462,754,3,3.9787798408488064,大样本,1.3262599469496021,0.3333333333333333,3.0
李隆基,推斷獄,1,0.812973,0.812973,赐诸州刺史以题座右,讼狱必以情,察必以情。,小大之獄，雖不能察必以情。,0.812973,757,4,5.284015852047556,大样本,1.321003963011889,0.25,1.0
李隆基,射,1,0.767554,0.767554,校猎义成喜逢大雪率题九韵以示群官,弧矢威天下,以威天下,聖人弦木為弧，剡木為矢。弧矢之利，以威天下，蓋取諸睽。,0.767554,757,4,5.284015852047556,大样本,1.321003963011889,0.25,2.0
李隆基,貧,1,0.764493,0.764493,途经华岳,四方皆石壁,四壁,司馬相如居徒四壁。,0.764493,757,4,5.284015852047556,大样本,1.321003963011889,0.25,3.0
李隆基,笑,1,0.755272,0.755272,经邹鲁祭孔子而叹之,夫子何为者,夫子何哂,,0.755272,757,4,5.284015852047556,大样本,1.321003963011889,0.25,4.0
张蠙,儒教,1,0.802154,0.802154,送成州牧,自古有儒流,儒流,,0.802154,764,3,3.926701570680628,大样本,1.3089005235602096,0.3333333333333333,1.0
张蠙,雨,1,0.762022,0.762022,投翰林张侍郎,愿与吾君作霖雨,霖雨,若歲大旱，用汝作霖雨。,0.762022,764,3,3.926701570680628,大样本,1.3089005235602096,0.3333333333333333,2.0
张蠙,晦日,1,0.754073,0.754073,送友人赴泾州幕（一作送李中丞再赴虔州）,日月相期尽,月桂盡,謂月晦也。,0.754073,764,3,3.926701570680628,大样本,1.3089005235602096,0.3333333333333333,3.0
佚名,德,6,0.96043,0.86687,郊庙歌辞。释奠文宣王乐章。雍和,明德惟馨,明德惟馨,,0.96043,4653,44,9.456264775413711,大样本,1.2894906511927788,0.13636363636363635,1.0
雍陶,柳,1,0.790246,0.790246,和孙明府怀旧山,五柳先生本在山,五柳先生,《晉書》：陶潛，字淵明。為彭澤令**：宅邊栽五株柳，自號為「五柳先生」。,0.790246,776,1,1.288659793814433,大样本,1.288659793814433,1.0,1.0
周昙,險固,1,0.815338,0.815338,前汉门。僭号公孙述,方知在德不在险,在德不在險,《史記》魏武侯曰：「美哉山河之固，此乃魏之寶也。」吳起曰：「在德不在險，昔三苗左洞庭，右彭𧋠，德義不修而禹滅之；夏桀之居，左濟河，右太菙，侯闕在其南，羊腸在其北，脩政不仁，而湯放之；殷紂之國，左孟門，右太行，常山在其北，太行經其南，不修德政，武王殺之。由此言之，在德不在險。」武侯曰：「善哉。」,0.815338,780,5,6.41025641025641,大样本,1.2820512820512822,0.2,1.0
周昙,火,1,0.792662,0.792662,春秋战国门。再吟,曲突徙薪不谓贤,曲突徙薪,無恩澤焦頭爛額為上客，漢時，人有上書論徐福先言霍氏也。,0.792662,780,5,6.41025641025641,大样本,1.2820512820512822,0.2,2.0
周昙,土功,1,0.773782,0.773782,隋门。炀帝,兆人疲弊不堪命,人不堪命,,0.773782,780,5,6.41025641025641,大样本,1.2820512820512822,0.2,3.0
周昙,天,1,0.761867,0.761867,春秋战国门。赵简子,不是生知焉得知,焉知,裨灶焉知天道。,0.761867,780,5,6.41025641025641,大样本,1.2820512820512822,0.2,4.0
周昙,鞭扑,1,0.750117,0.750117,三代门。成王,成王有过伯禽笞,撻伯禽。,成王有過，則撻伯禽。,0.750117,780,5,6.41025641025641,大样本,1.2820512820512822,0.2,5.0
耿湋,菊,2,0.752234,0.752234,九日,更望尊中菊花酒,菊花酒,費長房謂桓景：「九月九日可登高，飲菊花酒以消災。,0.752234,1565,2,1.2779552715654952,大样本,1.2779552715654952,1.0,1.0
王勃,仙,1,0.776838,0.776838,观内怀仙,自能成羽翼,生羽翼,,0.776838,849,2,2.3557126030624262,大样本,1.1778563015312131,0.5,1.0
王勃,恐懼,1,0.769922,0.769922,倬彼我系,忧心忉忉,心之憂矣,,0.769922,849,2,2.3557126030624262,大样本,1.1778563015312131,0.5,2.0
卢仝,美婦人,2,0.876528,0.876528,乐府杂曲。鼓吹曲辞。有所思,美人兮美人,彼美人兮,,0.876528,1740,13,7.471264367816092,大样本,1.1494252873563218,0.15384615384615385,1.0
卢仝,玉,2,0.830086,0.830086,杂曲歌辞。自君之出矣,玉是君之德,玉德,子貢問於孔子曰：「敢問君子貴玉而賤碈者，何也？為玉之寡，而碈之多與？」孔子曰：「非為碈之多，故賤之也。玉之寡，故貴之也。夫昔者，君子比德於玉焉，溫潤而澤仁也。縝密以栗智也，廉而不劌義也，垂之如墜，禮也。叩之其聲清越，以長其終，詘然樂也，瑕不揜瑜，瑜不揜瑕，忠也。孚尹旁達，信也。氣如白虹，天也。精神見于山川，地也。圭璋時達，德也。天下莫不貴者，道也。故君子貴之也。」,0.830086,1740,13,7.471264367816092,大样本,1.1494252873563218,0.15384615384615385,2.0
吕温,宗族,1,0.809515,0.809515,登少陵原望秦中诸川太原王至德妙用有水术因用感叹,吾人得其宗,吾宗,《傳》曰：晉吾宗也。豈害我哉！,0.809515,902,4,4.434589800443459,大样本,1.1086474501108647,0.25,1.0
吕温,酒,1,0.761311,0.761311,河中城南姚家浴后题赠主人,主人有美酒,我有旨酒,君子有酒。,0.761311,902,4,4.434589800443459,大样本,1.1086474501108647,0.25,2.0
吕温,司空,1,0.749976,0.749976,登少陵原望秦中诸川太原王至德妙用有水术因用感叹,大禹平水土,平水土,舜命伯禹作司空帝曰：「咨禹汝平水土，惟時懋哉？」懋，勉也。,0.749976,902,4,4.434589800443459,大样本,1.1086474501108647,0.25,3.0
吕温,賔主,1,0.742798,0.742798,道州酬送何山人之容州,何门不可曳长裾,曳裾王門,鄒陽上書曰：臣飾庸陋，則何王之門，不可曳長裾乎？,0.742798,902,4,4.434589800443459,大样本,1.1086474501108647,0.25,4.0
不详,死,1,0.788483,0.788483,佚句,知其不寿,知命之不長,《傳》。,0.788483,907,7,7.717750826901874,大样本,1.1025358324145536,0.14285714285714285,1.0
不详,寒,1,0.785044,0.785044,佚句,（《苦寒》见《事文类聚》）,苦寒行,魏武《苦寒行》曰：「人馬同時飢，擔囊行取薪，斧冰持作糜。」糜，粥也。,0.785044,907,7,7.717750826901874,大样本,1.1025358324145536,0.14285714285714285,2.0
不详,雲,1,0.781267,0.781267,佚句,闲云生不雨,密雲不雨,,0.781267,907,7,7.717750826901874,大样本,1.1025358324145536,0.14285714285714285,3.0
不详,僧,1,0.76642,0.76642,佚句,见《高僧传》）,長老,高僧。,0.76642,907,7,7.717750826901874,大样本,1.1025358324145536,0.14285714285714285,4.0
不详,鬼神,1,0.757444,0.757444,佚句,应有鬼神看,幽則有鬼神,言可以助天地成化。,0.757444,907,7,7.717750826901874,大样本,1.1025358324145536,0.14285714285714285,5.0
不详,車,1,0.744394,0.744394,佚句,兄弟也沾陪,兄弟也,張骼謂宛射犬曰：「公孫乘兄弟也。」注云：同乘之恩，若兄弟也。,0.744394,907,7,7.717750826901874,大样本,1.1025358324145536,0.14285714285714285,6.0
不详,隠逸,1,0.742595,0.742595,佚句,远方之人,方外之人,,0.742595,907,7,7.717750826901874,大样本,1.1025358324145536,0.14285714285714285,7.0
刘商,桂,1,0.835503,0.835503,乌夜啼（一作乌栖曲）,月中有桂树,月中有仙桂樹一枝,晉郤詵對武帝曰：「臣對策為天下第一，猶桂林一枝也。,0.835503,966,1,1.0351966873706004,大样本,1.0351966873706004,1.0,1.0
曹邺,笑,1,0.910702,0.910702,赵城怀古,一笑千万金,一笑千金,,0.910702,1020,3,2.941176470588235,大样本,0.9803921568627451,0.3333333333333333,1.0
曹邺,門戶,1,0.807235,0.807235,去不返,九重十二门,九重,《楚辭》曰：「君之門兮！九重。,0.807235,1020,3,2.941176470588235,大样本,0.9803921568627451,0.3333333333333333,2.0
曹邺,道教,1,0.7921,0.7921,秦后作,大道不居谦,大道不器,,0.7921,1020,3,2.941176470588235,大样本,0.9803921568627451,0.3333333333333333,3.0
李嘉祐,縣尉,1,0.802906,0.802906,春日长安送从弟尉吴县,好是神仙尉,仙吏,仙尉。,0.802906,1071,1,0.9337068160597572,大样本,0.9337068160597572,1.0,1.0
宋之问,竹,2,0.783447,0.783447,琴曲歌辞。绿竹引,何可一日无此君,此君,何可一日無此君。,0.783447,2213,5,2.2593764121102575,大样本,0.9037505648441031,0.4,1.0
戎昱,笳,1,0.755864,0.755864,听杜山人弹胡笳,更闻出塞入塞声,出塞入塞,胡笳者，張博望入西域，傳其法於西京，唯得《摩訶兜勤》一曲。李延年因胡曲，更造新聲二十八解，以為武樂，有《出塞》、《入塞》、《楊柳》等十曲。,0.755864,1127,2,1.7746228926353151,大样本,0.8873114463176576,0.5,1.0
戎昱,冠弁冕,1,0.751441,0.751441,闰春宴花溪严侍御庄,瓶开巾漉酒,漉酒,陶潛在家，酒熟，取頭上葛巾漉酒。漉畢，還復著之。,0.751441,1127,2,1.7746228926353151,大样本,0.8873114463176576,0.5,2.0
鲍溶,死,2,0.778518,0.76436555,经秦皇墓,死者不复知,死者不可復生,《史》：淳于緹縈上書，請以身贖父之罪。,0.778518,2311,6,2.5962786672436176,大样本,0.8654262224145391,0.3333333333333333,1.0
苏颋,星,1,0.818246,0.818246,饯荆州崔司马,星拱北辰居,拱北辰,《語》：為政以德，譬如北辰。居其所，眾星拱之。,0.818246,1156,4,3.4602076124567476,大样本,0.8650519031141869,0.25,1.0
苏颋,貴,1,0.777248,0.777248,送光禄姚卿还都,九卿朝已入,四至,九卿。,0.777248,1156,4,3.4602076124567476,大样本,0.8650519031141869,0.25,2.0
苏颋,馬,1,0.77529,0.77529,夜宴安乐公主新宅,车如流水马如龙,如龍,《漢書》曰：車如流水馬如龍。,0.77529,1156,4,3.4602076124567476,大样本,0.8650519031141869,0.25,3.0
苏颋,夫婦,1,0.750775,0.750775,奉和姚令公温汤旧馆永怀故人卢公之作,同心不可忘,同心,僶俛同心。,0.750775,1156,4,3.4602076124567476,大样本,0.8650519031141869,0.25,4.0
高適,衣服,3,0.893403,0.824466,奉酬睢阳李太守,衣赠黑貂裘,黑貂裘,《史記》：蘇秦說趙相李兌，兌送以黑貂之裘。,0.893403,3550,17,4.788732394366197,大样本,0.8450704225352114,0.17647058823529413,1.0
独孤及,鳳,1,0.841508,0.841508,送陈兼应辟兼寄高適、贾至,凤凰翔千仞,翔千仞,《文》：鳳皇翔干千仞兮，覽德輝而下之。見細德之險微兮，搖增翮而去。,0.841508,1196,3,2.508361204013378,大样本,0.8361204013377926,0.3333333333333333,1.0
独孤及,逆旅,1,0.778401,0.778401,丙戌岁正月出洛阳书怀,来酬主人恩,主人之恩。,,0.778401,1196,3,2.508361204013378,大样本,0.8361204013377926,0.3333333333333333,2.0
独孤及,戎狄,1,0.74814,0.74814,初晴抱琴登马退山对酒望远醉后作,荒服何所有,要荒之服,,0.74814,1196,3,2.508361204013378,大样本,0.8361204013377926,0.3333333333333333,3.0
顾况,星,2,0.869718,0.8221795,上古之什补亡训传十三章。陵霜之华一章,五星如珠,五星如連珠,,0.869718,2441,18,7.37402703809914,大样本,0.8193363375665711,0.1111111111111111,1.0
顾况,河,2,0.7805,0.7805,山居即事,崦合桃花水,桃花水,《溝洫志》：河決而桃花水漾溢。注云：三月水漲名。,0.7805,2441,18,7.37402703809914,大样本,0.8193363375665711,0.1111111111111111,2.0
吕岩,養生,2,0.840476,0.81027997,谷神歌,谷神不死此中求,谷神不死,,0.840476,2450,7,2.857142857142857,大样本,0.8163265306122449,0.2857142857142857,1.0
韩愈,幕府,1,0.78829,0.78829,晚秋郾城夜会联句,谈笑青油幕,青油幕,,0.78829,1248,1,0.8012820512820512,稳健样本,0.8012820512820512,1.0,1.0
刘得仁,圖籙,1,0.764991,0.764991,赠敬晊助教二首（一作无可诗）,仙籍不知名姓有,仙籍,,0.764991,1268,2,1.5772870662460567,大样本,0.7886435331230284,0.5,1.0
刘得仁,封疆,1,0.751104,0.751104,塞上行作,向此取封侯,諸侯正封,封疆有定分也。,0.751104,1268,2,1.5772870662460567,大样本,0.7886435331230284,0.5,2.0
徐铉,笑,2,0.780688,0.780688,抛球乐辞二首,一笑千场醉,一笑千金,,0.780688,2555,7,2.73972602739726,大样本,0.7827788649706459,0.2857142857142857,1.0
李端,賢,2,0.788044,0.788044,杂曲歌辞。春游乐二首,倡女蒲葵扇,蒲葵扇,謝安風流，時多愛慕故人，罷中宿縣，還有蒲葵扇五萬，安取中者題之，京師慕效，競市價數倍。,0.788044,2589,6,2.317497103128621,大样本,0.772499034376207,0.3333333333333333,1.0
许棠,行人,1,0.803451,0.803451,秋日归旧山,行人不愿看,行人不使。,今兩國治戎行人不使不可謂整,0.803451,1309,2,1.5278838808250572,大样本,0.7639419404125286,0.5,1.0
许棠,言語,1,0.743775,0.743775,宿青山馆,无言有所思,似不能言,,0.743775,1309,2,1.5278838808250572,大样本,0.7639419404125286,0.5,2.0
朱庆馀,刺史,1,0.792311,0.792311,送邵州林使君,州人应为立生祠,立祠,《晉》：祖逖為豫州，行恩德。及卒，人為立祠。,0.792311,1314,2,1.5220700152207,大样本,0.76103500761035,0.5,1.0
朱庆馀,守官,1,0.746144,0.746144,题胡氏溪亭,主人能守静,其靜也專。,,0.746144,1314,2,1.5220700152207,大样本,0.76103500761035,0.5,2.0
吴融,女樂,2,0.91502,0.85582745,李周弹筝歌（淮南韦太尉席上赠）,竹不如肉,竹不如肉,桓溫問孟嘉曰：「聽妓，絲不如竹，竹不如肉，何也？」嘉曰：「漸近自然。,0.91502,2709,5,1.8456995201181248,大样本,0.7382798080472499,0.4,1.0
吴融,松柏,2,0.802992,0.7889895,题画柏,未知陵上柏,青陵上柏,,0.802992,2709,5,1.8456995201181248,大样本,0.7382798080472499,0.4,2.0
司空曙,九月九日,1,0.788508,0.788508,九日送人,值节佩茱萸,佩茱萸,《西京雜記》：武帝宮人賈蘭佩茱萸，食餌飲菊花酒。,0.788508,1361,1,0.7347538574577516,大样本,0.7347538574577516,1.0,1.0
薛能,弔,2,0.744636,0.744636,横吹曲辞。长安道,不相知姓名,不知名,《漢》：龔勝死，有父老弔之，甚哀曰：「膏以明自煎，龔生竟夭天年。人莫知其名也。」,0.744636,2731,4,1.4646649578908824,大样本,0.7323324789454412,0.5,1.0
吴筠,貴,1,0.915111,0.915111,览古十四首,知进不知退,知進而不知退,,0.915111,1398,7,5.007153075822604,大样本,0.7153075822603719,0.14285714285714285,1.0
吴筠,險固,1,0.910235,0.910235,建业怀古,在德不在险,在德不在險,《史記》魏武侯曰：「美哉山河之固，此乃魏之寶也。」吳起曰：「在德不在險，昔三苗左洞庭，右彭𧋠，德義不修而禹滅之；夏桀之居，左濟河，右太菙，侯闕在其南，羊腸在其北，脩政不仁，而湯放之；殷紂之國，左孟門，右太行，常山在其北，太行經其南，不修德政，武王殺之。由此言之，在德不在險。」武侯曰：「善哉。」,0.910235,1398,7,5.007153075822604,大样本,0.7153075822603719,0.14285714285714285,2.0
吴筠,讓功,1,0.834573,0.834573,高士咏。臧丈人,功成遂不处,功成不居,,0.834573,1398,7,5.007153075822604,大样本,0.7153075822603719,0.14285714285714285,3.0
吴筠,藩籬,1,0.764036,0.764036,览古十四首,焉得游其藩,游藩,《莊子》曰：「願游其藩。藩籬之鷃。」,0.764036,1398,7,5.007153075822604,大样本,0.7153075822603719,0.14285714285714285,4.0
吴筠,性情,1,0.762678,0.762678,翰林院望终南山,物情不可易,性不可易,《老子》曰：「性不可逸命不可變，時不可止。」,0.762678,1398,7,5.007153075822604,大样本,0.7153075822603719,0.14285714285714285,5.0
吴筠,席,1,0.757891,0.757891,览古十四首,孔席不暇暖,不煖,孔席不煖。,0.757891,1398,7,5.007153075822604,大样本,0.7153075822603719,0.14285714285714285,6.0
吴筠,貧,1,0.751988,0.751988,高士咏。郑子真张仲蔚,仲蔚蓬蒿居,蓬蒿,張仲蔚所居，蓬蒿沒人。,0.751988,1398,7,5.007153075822604,大样本,0.7153075822603719,0.14285714285714285,7.0
李德裕,石,1,0.783899,0.783899,重忆山居六首。巫山石,此中多怪石,怪石,《禹貢》曰：「鈆松，怪石。」注：怪異好貌。,0.783899,1419,4,2.8188865398167726,大样本,0.7047216349541932,0.25,2.0
李德裕,山,1,0.74743,0.74743,题罗浮石（刻于石上）,名山何必去,名山,《史》：天下名山，八山在夷，五在中國。華山，首陽山，太室山，少室山，東太山，此五山黃帝之常遊。,0.74743,1419,4,2.8188865398167726,大样本,0.7047216349541932,0.25,3.0
马戴,燈燭,1,0.760268,0.760268,夕发邠宁寄从弟（一作寄舒从事）,入夜不能息,三夜不息,《禮記》：嫁女之家，三夜不息，燭思相離也。,0.760268,1434,1,0.6973500697350069,大样本,0.6973500697350069,1.0,1.0
卢照邻,御史,1,0.84867,0.84867,咏史四首,一为侍御史,柱下史,侍御史。,0.84867,1445,11,7.612456747404845,大样本,0.6920415224913494,0.09090909090909091,2.0
卢照邻,師,1,0.781675,0.781675,赤谷安禅师塔,从吾所好云,從吾所好,既多知十之賢**：博我以文，必重在三之義。,0.781675,1445,11,7.612456747404845,大样本,0.6920415224913494,0.09090909090909091,3.0
卢照邻,智,1,0.780294,0.780294,赠益府群官,智者不我邀,智者,不失人。《語》。,0.780294,1445,11,7.612456747404845,大样本,0.6920415224913494,0.09090909090909091,4.0
卢照邻,叛亂,1,0.774808,0.774808,咏史四首,天子不得臣,臣而不臣,,0.774808,1445,11,7.612456747404845,大样本,0.6920415224913494,0.09090909090909091,5.0
卢照邻,德,1,0.774157,0.774157,中和乐九章。歌诸王第七,我有明德,德明惟明,,0.774157,1445,11,7.612456747404845,大样本,0.6920415224913494,0.09090909090909091,6.0
卢照邻,笑,1,0.770515,0.770515,十五夜观灯,别有千金笑,一笑千金,,0.770515,1445,11,7.612456747404845,大样本,0.6920415224913494,0.09090909090909091,7.0
卢照邻,寛不按吏,1,0.750847,0.750847,咏史四首,三公不敢吏,三公府不按吏。,丙吉為丞相，令三公府不按吏，後遂為常,0.750847,1445,11,7.612456747404845,大样本,0.6920415224913494,0.09090909090909091,8.0
卢照邻,食,1,0.750569,0.750569,咏史四首,所食常不充,不飽,《詩》曰：今也每食無餘。每食不飽。,0.750569,1445,11,7.612456747404845,大样本,0.6920415224913494,0.09090909090909091,9.0
卢照邻,賢,1,0.74863,0.74863,咏史四首,重价折角巾,折角巾,郭林宗行，遇雨，巾一角墊士，人故折其巾角以效之。,0.74863,1445,11,7.612456747404845,大样本,0.6920415224913494,0.09090909090909091,10.0
陈子昂,死,1,0.759039,0.759039,蓟丘览古赠卢居士藏用七首。田光先生,自古皆有死,死生有命,,0.759039,1457,1,0.6863417982155113,大样本,0.6863417982155113,1.0,1.0
元结,倉廩,1,0.798462,0.798462,二风诗。治风诗五篇。至劳,不盈不延,不盈,《管子》曰：「不務地利，則倉不盈。」,0.798462,1486,12,8.075370121130552,大样本,0.6729475100942126,0.08333333333333333,3.0
元结,相思,1,0.791712,0.791712,二风诗。乱风诗五篇。至惑,如何不思,如之何勿思,,0.791712,1486,12,8.075370121130552,大样本,0.6729475100942126,0.08333333333333333,4.0
元结,儉,1,0.784333,0.784333,二风诗。乱风诗五篇。至虐,可以化人,化人,毛玠，字孝先。居顯位，常布衣蔬食，以儉率人由是天下莫不以廉節自勵，雖貴寵，輿服不敢過度，太祖歎之。又許劭子將為郡功曹人，皆改操飾行，袁紹豪俠，罷濮陽令，車徒甚盛入境，豈可使子將見耶？遂乘車歸家。,0.784333,1486,12,8.075370121130552,大样本,0.6729475100942126,0.08333333333333333,5.0
元结,冨,1,0.759774,0.759774,二风诗。乱风诗五篇。至荒,而不亡其国,不亡,《傳》曰：冨而不驕，驕而不亡，未之有也。,0.759774,1486,12,8.075370121130552,大样本,0.6729475100942126,0.08333333333333333,6.0
元结,言語,1,0.751851,0.751851,演兴四首。闵岭中,岂言之而已乎,天何言哉,子曰予欲無言。,0.751851,1486,12,8.075370121130552,大样本,0.6729475100942126,0.08333333333333333,7.0
元结,讓功,1,0.748602,0.748602,二风诗。治风诗五篇。至慈,而不知其功,無功而受名，臣不敢以為,,0.748602,1486,12,8.075370121130552,大样本,0.6729475100942126,0.08333333333333333,8.0
元结,疾,1,0.74505,0.74505,二风诗。乱风诗五篇。至伤,不可救乎,不可救療,《傳》。,0.74505,1486,12,8.075370121130552,大样本,0.6729475100942126,0.08333333333333333,9.0
李贺,疑獄,2,0.769384,0.769384,相和歌辞。猛虎行,吏不敢听,吏不能決,高詔御史獄之疑者，吏不能決，使有罪者久而不論，無罪者久繫而不決，自今縣道官獄疑者，各讞屬所二千石官。二千石官以罪名當報之。注當處也。某所不能決者，移廷尉，廷尉亦報之。廷尉不能決者具奏。,0.769384,2987,5,1.6739203213927016,大样本,0.6695681285570807,0.4,1.0
韩翃,囊橐,1,0.797826,0.797826,家兄自山南罢归献诗叙事,唯奉一囊钱,一囊錢,後漢《趙壹詩》曰：「文籍徒滿腹，不如一囊錢。」,0.797826,1534,6,3.911342894393742,大样本,0.651890482398957,0.16666666666666666,1.0
韩翃,衣服,1,0.785726,0.785726,赠王逖,暂试黑貂裘,黑貂裘,《史記》：蘇秦說趙相李兌，兌送以黑貂之裘。,0.785726,1534,6,3.911342894393742,大样本,0.651890482398957,0.16666666666666666,2.0
韩翃,三月三,1,0.768151,0.768151,送南少府归寿春,若在八公山,八公山,宋武帝三月三日，登八公山。劉安故臺曰：「城郭如匹帛之，繞叢花也。」,0.768151,1534,6,3.911342894393742,大样本,0.651890482398957,0.16666666666666666,3.0
韩翃,賢,1,0.766956,0.766956,别李明府,待君障日蒲葵扇,蒲葵扇,謝安風流，時多愛慕故人，罷中宿縣，還有蒲葵扇五萬，安取中者題之，京師慕效，競市價數倍。,0.766956,1534,6,3.911342894393742,大样本,0.651890482398957,0.16666666666666666,4.0
韩翃,裘,1,0.751873,0.751873,送崔秀才赴上元兼省叔父,重裘千里道,重裘,諺曰：「救寒莫若重裘。」,0.751873,1534,6,3.911342894393742,大样本,0.651890482398957,0.16666666666666666,5.0
韩翃,東京,1,0.74478,0.74478,陪孟都督祭岳途中有赠,封疆七百里,封畿千里,,0.74478,1534,6,3.911342894393742,大样本,0.651890482398957,0.16666666666666666,6.0
武元衡,星,1,0.841132,0.841132,德宗皇帝挽歌词三首,星拱北辰箓,拱北辰,《語》：為政以德，譬如北辰。居其所，眾星拱之。,0.841132,1544,2,1.2953367875647668,大样本,0.6476683937823834,0.5,1.0
武元衡,祭祀,1,0.832958,0.832958,德宗皇帝挽歌词三首,为人祈福处,為人祈福,,0.832958,1544,2,1.2953367875647668,大样本,0.6476683937823834,0.5,2.0
佚名,祭祀,3,0.972149,0.878938,明皇祀圜丘乐章。舒和,祀事孔明,祀事孔明,,0.972149,4653,44,9.456264775413711,大样本,0.6447453255963894,0.06818181818181818,2.0
唐彦谦,華山,1,0.868949,0.868949,望岳时贼据华夏,削成绝壁五千仞,削成五千仞,《山海經》：「華山削成而四方，高五千仞，其廣千里。」,0.868949,1578,2,1.2674271229404308,大样本,0.6337135614702154,0.5,1.0
唐彦谦,性情,1,0.797548,0.797548,和陶渊明贫士诗七首,人生各有志,人各有心,,0.797548,1578,2,1.2674271229404308,大样本,0.6337135614702154,0.5,2.0
李绅,信,1,0.74255,0.74255,趋翰苑遭诬构四十六韵,尧门信未孚,小信未孚,,0.74255,1626,1,0.6150061500615006,大样本,0.6150061500615006,1.0,1.0
李益,山,1,0.754351,0.754351,从军夜次六胡北饮马磨剑石为祝殇辞,尔独不可以久留,不可久留,《離騷》：山中不可久留。,0.754351,1635,1,0.6116207951070336,大样本,0.6116207951070336,1.0,1.0
陈陶,智,1,0.781996,0.781996,续古二十九首,智不及鶢鶋,智不足稱,陽處父不役其身，其智不足稱。,0.781996,1637,2,1.2217470983506415,大样本,0.6108735491753208,0.5,1.0
陈陶,酒,1,0.750422,0.750422,悲哉行,服之一千日,千日,中山有酒飲者，一醉千日。玄石飲之，一千日乃醒。,0.750422,1637,2,1.2217470983506415,大样本,0.6108735491753208,0.5,2.0
李频,徒役,1,0.759428,0.759428,蜀中逢友人,自古有行役,役。諸司空,周禮凡萬人有罪者桎梏而坐諸嘉石役諸司空重罪旬有三日坐朞月役則宥而赦之注云役者使給百工之役者也,0.759428,1676,1,0.5966587112171838,大样本,0.5966587112171838,1.0,1.0
张说,仙,2,0.780147,0.77854955,游洞庭湖湘,何人生羽翼,生羽翼,,0.780147,3440,10,2.9069767441860463,大样本,0.5813953488372093,0.2,1.0
黄滔,隄渠,1,0.770342,0.770342,广州试越台怀古,东流水不回,水不流,《後漢》：王梁，字君嚴。為河南尹，穿伊穀水。注洛陽城下，東寫鞏川。及渠成開決，而水不流，有司刻之。,0.770342,1725,1,0.5797101449275363,大样本,0.5797101449275363,1.0,1.0
卢仝,視,1,0.876619,0.876619,月蚀诗,五色令人目盲,五色令人目盲。,,0.876619,1740,13,7.471264367816092,大样本,0.5747126436781609,0.07692307692307693,3.0
卢仝,度,1,0.842291,0.842291,蜻蜓歌（黄河中蜻蜓，其力小，犯险无溺）,进寸退尺莫能度,進寸退尺,《老子》曰：「不敢進寸退尺。」,0.842291,1740,13,7.471264367816092,大样本,0.5747126436781609,0.07692307692307693,4.0
卢仝,井,1,0.82912,0.82912,萧宅二三子赠答诗二十首。客谢井,改邑不改井,改井,《易》：改邑不改井。,0.82912,1740,13,7.471264367816092,大样本,0.5747126436781609,0.07692307692307693,5.0
卢仝,役使不均,1,0.804,0.804,感古四首,所患患不均,不患寡而患不均,《語》。,0.804,1740,13,7.471264367816092,大样本,0.5747126436781609,0.07692307692307693,6.0
卢仝,利,1,0.779221,0.779221,冬行三首,利命子罕言,子罕言利,,0.779221,1740,13,7.471264367816092,大样本,0.5747126436781609,0.07692307692307693,7.0
卢仝,笑,1,0.764423,0.764423,孟夫子生生亭赋,夫子何之兮,夫子何哂,,0.764423,1740,13,7.471264367816092,大样本,0.5747126436781609,0.07692307692307693,8.0
卢仝,流罪,1,0.761938,0.761938,萧宅二三子赠答诗二十首。石请客,小人安得不怀土,小人懷土，,尚於我有尤乎？,0.761938,1740,13,7.471264367816092,大样本,0.5747126436781609,0.07692307692307693,9.0
卢仝,賦稅,1,0.757989,0.757989,感古四首,古来不患寡,不患寡而患不均,,0.757989,1740,13,7.471264367816092,大样本,0.5747126436781609,0.07692307692307693,10.0
卢仝,鶴,1,0.743743,0.743743,哭玉碑子,十里五里行,五里,《飛來雙白鶴篇》曰：五里一反顧，十里一徘徊。云云。,0.743743,1740,13,7.471264367816092,大样本,0.5747126436781609,0.07692307692307693,11.0
王昌龄,寢,1,0.819588,0.819588,宿京江口期刘昚虚不至,明发不能寐,明發不寐,《詩》。,0.819588,1759,4,2.2740193291642976,大样本,0.5685048322910744,0.25,1.0
王昌龄,笳,1,0.802578,0.802578,塞下曲四首,出塞入塞寒,出塞入塞,胡笳者，張博望入西域，傳其法於西京，唯得《摩訶兜勤》一曲。李延年因胡曲，更造新聲二十八解，以為武樂，有《出塞》、《入塞》、《楊柳》等十曲。,0.802578,1759,4,2.2740193291642976,大样本,0.5685048322910744,0.25,2.0
王昌龄,鬼神,1,0.784233,0.784233,箜篌引,鬼神不得知其由,神有不通,《楚辭》。,0.784233,1759,4,2.2740193291642976,大样本,0.5685048322910744,0.25,3.0
王昌龄,泰山,1,0.777241,0.777241,代扶风主人答,天子初封禅,封禪,《白虎通》曰：「王者受命，必封太山之高，以報天禪，梁甫之趾，以報地。」《史記》：「自古封太山禪。梁甫者有七十二君。」,0.777241,1759,4,2.2740193291642976,大样本,0.5685048322910744,0.25,4.0
李颀,燈燭,1,0.834233,0.834233,王母歌,为看青玉五枝灯,青玉五枝燈,《西京雜記》曰：「高祖入咸陽宮，秦有青玉五枝燈，高七尺五寸，有蟠螭口銜燈，然之，鱗甲皆動，煥炳列星。,0.834233,1762,6,3.40522133938706,大样本,0.5675368898978433,0.16666666666666666,1.0
李颀,衣服,1,0.807484,0.807484,塞下曲,千骑黑貂裘,黑貂裘,《史記》：蘇秦說趙相李兌，兌送以黑貂之裘。,0.807484,1762,6,3.40522133938706,大样本,0.5675368898978433,0.16666666666666666,2.0
李颀,吏部,1,0.80237,0.80237,送皇甫曾游襄阳山水兼谒韦太守,持衡吏部郎,持衡,,0.80237,1762,6,3.40522133938706,大样本,0.5675368898978433,0.16666666666666666,3.0
李颀,錢,1,0.76541,0.76541,送乔琳,口不言金帛,不言,王衍，字夷甫。疾，妻郭氏貪。口不言錢，云，舉阿堵物。,0.76541,1762,6,3.40522133938706,大样本,0.5675368898978433,0.16666666666666666,4.0
李颀,郊,1,0.756616,0.756616,春送从叔游襄阳,刺史在郊迎,郊迓,郊迎。,0.756616,1762,6,3.40522133938706,大样本,0.5675368898978433,0.16666666666666666,5.0
李颀,馬,1,0.742388,0.742388,别梁锽,不见古时塞上翁,塞上翁,失馬人弔曰：「未必不為福。俄爾馬引塞外馬歸。,0.742388,1762,6,3.40522133938706,大样本,0.5675368898978433,0.16666666666666666,6.0
高適,仙,2,0.808006,0.779589,酬庞十兵曹,自言生羽翼,生羽翼,,0.808006,3550,17,4.788732394366197,大样本,0.5633802816901409,0.11764705882352941,2.0
高適,名譽,2,0.77251,0.77251,杂曲歌辞。蓟门行五首,出入有声名,行浮於名。,,0.77251,3550,17,4.788732394366197,大样本,0.5633802816901409,0.11764705882352941,3.0
王维,相思,2,0.754745,0.754745,奉寄韦太守陟,故人不可见,我思故人,,0.754745,3604,16,4.439511653718091,大样本,0.5549389567147613,0.125,1.0
王维,羽林將軍,2,0.743923,0.743923,杂曲歌辞。少年行四首,出身仕汉羽林郎,羽林,漢置羽林郎。,0.743923,3604,16,4.439511653718091,大样本,0.5549389567147613,0.125,2.0
赵嘏,酒,1,0.743335,0.743335,赠曹处士幽居,中山暂醉一千日,千日,中山有酒飲者，一醉千日。玄石飲之，一千日乃醒。,0.743335,1832,1,0.5458515283842794,大样本,0.5458515283842794,1.0,1.0
李咸用,慎,1,0.756714,0.756714,君子行,君子慎所履,君子思患而預防之，可不慎乎？,言行君子之樞機也。,0.756714,1840,2,1.0869565217391304,大样本,0.5434782608695652,0.5,1.0
李咸用,禍福,1,0.755882,0.755882,富贵曲,鬼神辟易不敢害,鬼神害盈而福謙,《易》。,0.755882,1840,2,1.0869565217391304,大样本,0.5434782608695652,0.5,2.0
皇甫冉,内外兄弟,1,0.775256,0.775256,适荆州途次南阳赠何明府,一遇朗陵公,朗陵公,《文選詩序》曰：「朗陵公何敬祖？余之從外兄也。」,0.775256,2031,2,0.9847365829640572,大样本,0.4923682914820286,0.5,1.0
皇甫冉,辟召,1,0.758161,0.758161,送归中丞使新罗,通儒有令名,名儒。,劉矩再為太尉所尉召皆名儒宿德不與州郡交還,0.758161,2031,2,0.9847365829640572,大样本,0.4923682914820286,0.5,2.0
李峤,休假,1,0.81795,0.81795,马武骑挽歌二首,五日皆休沐,漢律：五日一沐。,漢律吏得五日下言休息以洗沐也,0.81795,2048,5,2.44140625,大样本,0.48828125,0.2,1.0
李峤,筆硯,1,0.792063,0.792063,凤,五色成文章,五色,江淹夢授五色筆，由是文藻由新。,0.792063,2048,5,2.44140625,大样本,0.48828125,0.2,2.0
李峤,日,1,0.760397,0.760397,皇帝上礼抚事述怀,春还日再中,再中,漢文帝時，新垣平候日再中。,0.760397,2048,5,2.44140625,大样本,0.48828125,0.2,3.0
李峤,鳳,1,0.750974,0.750974,凤,其名曰凤凰,翽翽其羽,鳳皇于飛。云云。,0.750974,2048,5,2.44140625,大样本,0.48828125,0.2,4.0
李峤,樓,1,0.743476,0.743476,道,青楼十二重,十二重之制,《鮑昭詩》：鳳樓十二重。,0.743476,2048,5,2.44140625,大样本,0.48828125,0.2,5.0
张籍,性情,2,0.818214,0.818214,杂曲歌辞。妾薄命,人生各各有所欲,人各有心,,0.818214,4130,11,2.6634382566585955,大样本,0.48426150121065376,0.18181818181818182,1.0
沈佺期,雞,1,0.750646,0.750646,送卢管记仙客北伐,雁行度函谷,出函谷,孟嘗君有難，夜半出函谷關。馮煖詐作雞鳴，乃得出。,0.750646,2088,1,0.4789272030651341,大样本,0.4789272030651341,1.0,1.0
许浑,吏隱,2,0.787302,0.767429,题灞西骆隐士,却笑南昌尉,南昌尉,梅福子真為南昌尉，時人謂之神仙之吏。,0.787302,4218,4,0.948316737790422,大样本,0.474158368895211,0.5,1.0
徐夤,人餓,1,0.809215,0.809215,逐臭苍蝇,饱食嗟来未胜饥,嗟來之食,齊大飢，黔敖為食於路，以待餓者而食之。有餓者蒙袂輯屢，貿貿然來。黔敖左奉食，右執飲曰：「嗟來食。揚其目而視之曰：「子惟不食嗟來之食，以至於斯也。從而謝焉，終不食而死。曾子聞之曰：「微與！其嗟也可去其謝也可食。貿貿目不明貌。,0.809215,2118,2,0.9442870632672333,大样本,0.47214353163361666,0.5,1.0
徐夤,公田,1,0.80587,0.80587,喜雨上主人尚书,雨我公田兆岁丰,雨我公田,遂及我私。《詩》。,0.80587,2118,2,0.9442870632672333,大样本,0.47214353163361666,0.5,2.0
骆宾王,河,1,0.838487,0.838487,送郭少府探得忧字,龙门竹箭流,竹箭流,《慎子》曰：「河下龍門流駛，竹箭駟馬追之，不及。,0.838487,2171,5,2.3030861354214647,大样本,0.460617227084293,0.2,1.0
骆宾王,舞,1,0.755843,0.755843,帝京篇,延年女弟双凤入,延年女弟,李延年侍上歌曰：北方有佳人。云云。平陽主因言延年女弟，上召見，實妙麗而善舞。,0.755843,2171,5,2.3030861354214647,大样本,0.460617227084293,0.2,2.0
骆宾王,隠逸,1,0.754581,0.754581,同辛簿简仰酬思玄上人林泉四首,安知有逸人,逸人,,0.754581,2171,5,2.3030861354214647,大样本,0.460617227084293,0.2,3.0
骆宾王,勤學,1,0.754299,0.754299,在江南赠宋五之问,三冬足文史,三冬足用,東方朔曰：「臣學書三冬，文史足用。,0.754299,2171,5,2.3030861354214647,大样本,0.460617227084293,0.2,4.0
骆宾王,君臣,1,0.745422,0.745422,帝京篇,王侯贵人多近臣,近臣,漢嚴助為太中大夫後得朱買臣吾邱壽王主父偃徐樂嚴安枚臯從車並在左右助等與大臣辨論中外相應以義理之文大臣數詘司馬相如數稱疾避事枚臯東方朔不根持論上頗俳優畜之唯助與壽王見任而助最先進,0.745422,2171,5,2.3030861354214647,大样本,0.460617227084293,0.2,5.0
司空图,美人,1,0.865515,0.865515,诗品二十四则。清奇,可人如玉,如玉,有佳人，美者顔如玉,0.865515,2175,2,0.9195402298850575,大样本,0.45977011494252873,0.5,1.0
司空图,柳,1,0.783981,0.783981,歌者十二首,五柳先生自识微,五柳先生,《晉書》：陶潛，字淵明。為彭澤令**：宅邊栽五株柳，自號為「五柳先生」。,0.783981,2175,2,0.9195402298850575,大样本,0.45977011494252873,0.5,2.0
宋之问,奉使,1,0.871035,0.871035,送姚侍御出使江东,饮冰朝受命,朝受命而夕飲冰,,0.871035,2213,5,2.2593764121102575,大样本,0.45187528242205155,0.2,2.0
宋之问,天,1,0.811016,0.811016,明河篇,倬彼昭回如练白,倬彼昭回,,0.811016,2213,5,2.2593764121102575,大样本,0.45187528242205155,0.2,3.0
宋之问,君臣,1,0.7867,0.7867,药,君臣有礼焉,天子無客禮，莫敢為主焉。君適其臣升自阼階，不敢有其室也。,《禮》。,0.7867,2213,5,2.2593764121102575,大样本,0.45187528242205155,0.2,4.0
李群玉,功,1,0.80871,0.80871,始忝四座奏状闻荐蒙恩授官旋进歌诗延英宣…二十四韵,伫将告成功,告厥成功,,0.80871,2234,4,1.7905102954341987,大样本,0.4476275738585497,0.25,1.0
李群玉,僧,1,0.767015,0.767015,湘中别成威闍黎,至哉彼上人,上人,彼上人者。,0.767015,2234,4,1.7905102954341987,大样本,0.4476275738585497,0.25,2.0
李群玉,美婦人,1,0.762831,0.762831,长沙九日登东楼观舞,南国有佳人,南國,曹植詩云：南國有佳人，容華若桃李。,0.762831,2234,4,1.7905102954341987,大样本,0.4476275738585497,0.25,3.0
李群玉,水,1,0.760392,0.760392,自澧浦东游江表，途出巴丘，投员外从公虞,艰哉水投石,投石,《運命論》曰：「以水投石，莫之受也。以石投水，莫之逆也。」,0.760392,2234,4,1.7905102954341987,大样本,0.4476275738585497,0.25,4.0
戴叔伦,堂,1,0.792859,0.792859,送汶水王明府,知君不下堂,不下堂,天子不下堂而見諸侯。,0.792859,2279,1,0.43878894251864853,大样本,0.43878894251864853,1.0,1.0
鲍溶,夏,1,0.915054,0.915054,夏日华山别韩博士愈,夏日可畏时,夏日可畏,,0.915054,2311,6,2.5962786672436176,大样本,0.4327131112072696,0.16666666666666666,2.0
鲍溶,崑崙山,1,0.786059,0.786059,忆旧游,仙人居其中,仙人居,《葛仙公傳》：崑崙山一曰玄圃臺，一曰積瑤房，一曰閬風臺，一曰華蓋，一曰天柱，皆仙人所居。,0.786059,2311,6,2.5962786672436176,大样本,0.4327131112072696,0.16666666666666666,3.0
鲍溶,嵩山,1,0.783654,0.783654,悼豆卢策先辈,嵩高山西北,嵩高,《白虎通》曰：「中央之嶽，獨加高字者何？」中史，四方之中，可高。故曰嵩高山。,0.783654,2311,6,2.5962786672436176,大样本,0.4327131112072696,0.16666666666666666,4.0
鲍溶,軍政令,1,0.760051,0.760051,岐路,古人有遗训,軍之善政，,古之善教。,0.760051,2311,6,2.5962786672436176,大样本,0.4327131112072696,0.16666666666666666,5.0
佚名,祝史,2,0.962769,0.962769,郊庙歌辞。昭德皇后庙乐章。寿和,工祝致告,工祝致告,,0.962769,4653,44,9.456264775413711,大样本,0.4298302170642596,0.045454545454545456,3.0
佚名,郊天,2,0.867681,0.8288555,郊庙歌辞。享太庙乐章。文舞,克配彼天,思文后稷,克配彼天。,0.867681,4653,44,9.456264775413711,大样本,0.4298302170642596,0.045454545454545456,4.0
佚名,天子孝,2,0.83514,0.79182446,封泰山乐章。寿和,孝天下臣,孝理天下,先王之以孝治天下也。故得萬國之歡心，是以天下和平，災害不生。,0.83514,4653,44,9.456264775413711,大样本,0.4298302170642596,0.045454545454545456,5.0
佚名,蒸嘗,2,0.782102,0.78085,郊庙歌辞。享太庙乐章。永和,是用孝享,吉蠲為饎，是用孝享,,0.782102,4653,44,9.456264775413711,大样本,0.4298302170642596,0.045454545454545456,6.0
佚名,日,2,0.779794,0.7737535,郊庙歌辞。享太庙乐章。长发舞,就日重光,重光,崔豹《古今注》曰：「漢明帝作太子樂，八歌四章，以贊太子，一曰日重光。」,0.779794,4653,44,9.456264775413711,大样本,0.4298302170642596,0.045454545454545456,7.0
李中,行,1,0.775488,0.775488,送仙客,危言危行是男儿,危言危行,,0.775488,2336,3,1.2842465753424657,大样本,0.4280821917808219,0.3333333333333333,1.0
李中,相思,1,0.754745,0.754745,春日野望怀故人,故人不可见,我思故人,,0.754745,2336,3,1.2842465753424657,大样本,0.4280821917808219,0.3333333333333333,2.0
李中,清亷,1,0.753555,0.753555,献乔侍郎,鉴物心如水,心如水,哀帝謂鄭崇曰君門如市何以禁切人主對曰臣門如市臣心如水,0.753555,2336,3,1.2842465753424657,大样本,0.4280821917808219,0.3333333333333333,3.0
刘禹锡,酒,2,0.781825,0.781263,同乐天和微之深春二十首（同用家花车斜四韵）,醉酒一千日,千日,中山有酒飲者，一醉千日。玄石飲之，一千日乃醒。,0.781825,4802,11,2.2907122032486464,大样本,0.41649312786339027,0.18181818181818182,1.0
杜荀鹤,儒教,1,0.900229,0.900229,将归山逢友人,儒为君子儒,君子之儒,子謂子夏，曰：「汝為君子儒，無為小人儒。,0.900229,2412,4,1.658374792703151,大样本,0.41459369817578773,0.25,1.0
杜荀鹤,桂,1,0.802898,0.802898,顾云侍御出二子请诗因遗一绝,想得月中仙桂树,月中有仙桂樹一枝,晉郤詵對武帝曰：「臣對策為天下第一，猶桂林一枝也。,0.802898,2412,4,1.658374792703151,大样本,0.41459369817578773,0.25,2.0
杜荀鹤,宗族,1,0.759885,0.759885,寄从叔,三族不当路,三族不虞,《儀禮》：士婚禮，請期曰：「唯是三族之不虞。」注：三族：父昆弟、已昆弟、子昆弟。,0.759885,2412,4,1.658374792703151,大样本,0.41459369817578773,0.25,3.0
杜荀鹤,酒,1,0.746146,0.746146,途中春,酒力不能久,醉而不出,是謂伐德,0.746146,2412,4,1.658374792703151,大样本,0.41459369817578773,0.25,4.0
顾况,老,1,0.842411,0.842411,宜城放琴客歌（柳浑封宜城县伯）,七十非人不暖热,七十非帛不暖,,0.842411,2441,18,7.37402703809914,大样本,0.40966816878328555,0.05555555555555555,3.0
顾况,海,1,0.830894,0.830894,曲龙山歌,乘桴浮于海,桴浮,子曰：「道不行，乘桴浮于海。」,0.830894,2441,18,7.37402703809914,大样本,0.40966816878328555,0.05555555555555555,4.0
顾况,夢,1,0.824515,0.824515,上古之什补亡训传十三章。十月之郊一章,梦人占之,夢中占夢,《莊子》：長吾子謂瞿鵲曰：夢飲酒者，旦而哭泣，夢哭泣者，旦而田獵，方其夢也。不知其夢中之占又夢焉。無異寤也。固乃非常人之所知。,0.824515,2441,18,7.37402703809914,大样本,0.40966816878328555,0.05555555555555555,5.0
顾况,貧,1,0.802306,0.802306,上古之什补亡训传十三章。十月之郊一章,君子居公室,君子居,《易》以俟命。,0.802306,2441,18,7.37402703809914,大样本,0.40966816878328555,0.05555555555555555,6.0
顾况,賢,1,0.788044,0.788044,春游曲二首,倡女蒲葵扇,蒲葵扇,謝安風流，時多愛慕故人，罷中宿縣，還有蒲葵扇五萬，安取中者題之，京師慕效，競市價數倍。,0.788044,2441,18,7.37402703809914,大样本,0.40966816878328555,0.05555555555555555,7.0
顾况,戎狄,1,0.762719,0.762719,曲龙山歌,子欲居九夷,子欲居九夷，或曰：陋，如之何？子曰：君子居之，何陋之有？君子所居則化,,0.762719,2441,18,7.37402703809914,大样本,0.40966816878328555,0.05555555555555555,8.0
顾况,田疇,1,0.757986,0.757986,上古之什补亡训传十三章。上古一章,惟彼甫田,甫田,《詩》：倬彼甫田，歲取十千。,0.757986,2441,18,7.37402703809914,大样本,0.40966816878328555,0.05555555555555555,9.0
顾况,相,1,0.75778,0.75778,从军行二首,不有封侯相,奴有侯相,衛青至甘泉居至有鉗徒相青，官至封侯，青曰：「人之奴得無笞罵足矣。安敢望封侯？」,0.75778,2441,18,7.37402703809914,大样本,0.40966816878328555,0.05555555555555555,10.0
顾况,道路,1,0.748262,0.748262,寄上兵部韩侍郎奉呈李户部、卢刑部、杜三侍郎,出门多岐路,多岐,楊朱曰：「大道多岐，亡羊也。」,0.748262,2441,18,7.37402703809914,大样本,0.40966816878328555,0.05555555555555555,11.0
顾况,鷰,1,0.748138,0.748138,上古之什补亡训传十三章。燕于巢一章,）燕燕于巢,燕燕于飛,差池其羽*，上下其音。,0.748138,2441,18,7.37402703809914,大样本,0.40966816878328555,0.05555555555555555,12.0
顾况,勤學,1,0.747928,0.747928,曲龙山歌,圣人之意有所在,聖人重分寸之陰,《淮南子》云。,0.747928,2441,18,7.37402703809914,大样本,0.40966816878328555,0.05555555555555555,13.0
顾况,《詩》,1,0.745658,0.745658,上古之什补亡训传十三章。左车二章,而作是诗,興於詩,修身當先學，詩也。,0.745658,2441,18,7.37402703809914,大样本,0.40966816878328555,0.05555555555555555,14.0
顾况,夫婦,1,0.74416,0.74416,上古之什补亡训传十三章。十月之郊一章,琴瑟在堂,琴瑟,,0.74416,2441,18,7.37402703809914,大样本,0.40966816878328555,0.05555555555555555,15.0
顾况,鳳,1,0.743012,0.743012,谢王郎中见赠琴鹤,去食琅玕英,食琅玕,靈鳳振羽儀，戢景西海濱。朝食琅玕實，夕飲玉池津。,0.743012,2441,18,7.37402703809914,大样本,0.40966816878328555,0.05555555555555555,16.0
吕岩,鬼神,1,0.838802,0.838802,谷神歌,神得一以灵,仰得一之靈,《老子》曰：神得一以靈，神無以靈，將恐歇。,0.838802,2450,7,2.857142857142857,大样本,0.40816326530612246,0.14285714285714285,2.0
吕岩,谷,1,0.813673,0.813673,谷神歌,谷得一以盈,得一,谷得一以盈。《老子》。,0.813673,2450,7,2.857142857142857,大样本,0.40816326530612246,0.14285714285714285,3.0
吕岩,仙,1,0.785375,0.785375,七言,尽知白日升天去,白日升天,,0.785375,2450,7,2.857142857142857,大样本,0.40816326530612246,0.14285714285714285,4.0
吕岩,雪,1,0.779842,0.779842,七言,雨雪霏霏天已暮,雨雪霏霏,昔我往矣，楊柳依依，今我來思，云云。《詩》。,0.779842,2450,7,2.857142857142857,大样本,0.40816326530612246,0.14285714285714285,5.0
吕岩,《春秋》,1,0.760623,0.760623,题桐柏山黄先生庵门,其中有一分三五,分為五,《漢．藝文志》云：仲尼沒而微言絕，七十子喪而大義乖，故《春秋》分為五。注謂《左氏》、《公羊》、《榖梁》、《鄒氏》、《郟氏》。,0.760623,2450,7,2.857142857142857,大样本,0.40816326530612246,0.14285714285714285,6.0
郑谷,忠,1,0.864149,0.864149,故少师从翁隐岩别墅乱后榛芜感旧怆怀遂有追纪,忠为社稷臣,社稷臣,漢文帝目送絳侯曰：「社稷臣袁盎。」曰：「功臣非社稷臣也。社稷臣者，主存與存，主亡與亡。諸呂用事，絳侯為太尉，本柄不正，共誅諸呂，適會功成。故曰功臣。」,0.864149,2484,2,0.8051529790660226,大样本,0.4025764895330113,0.5,1.0
郑谷,裘,1,0.764982,0.764982,转正郎后寄献集贤相公,屈指年来三十年,三十年,晏子一狐裘三十年，晏子焉知禮？言太儉也。,0.764982,2484,2,0.8051529790660226,大样本,0.4025764895330113,0.5,2.0
韩偓,侍中,1,0.763669,0.763669,八月六日作四首,御衣空惜侍中血,血湔御衣,《晉》：嵇劭為侍中，王師敗，百官皆奔，惟劭不去。被害于帝側，血湔御衣。及定，左右欲淣之，帝曰：「此嵇侍中血，勿令去也。,0.763669,2486,2,0.8045052292839903,大样本,0.40225261464199513,0.5,1.0
韩偓,河,1,0.750147,0.750147,野钓,细雨桃花水,桃花水,《溝洫志》：河決而桃花水漾溢。注云：三月水漲名。,0.750147,2486,2,0.8045052292839903,大样本,0.40225261464199513,0.5,2.0
皮日休,仙,2,0.792002,0.7709755,太湖诗。以毛公泉一瓶献上谏议因寄,服之生羽翼,生羽翼,,0.792002,5032,14,2.7821939586645468,大样本,0.397456279809221,0.14285714285714285,1.0
徐铉,菊,1,0.803217,0.803217,茱萸诗,长和菊花酒,菊花酒,費長房謂桓景：「九月九日可登高，飲菊花酒以消災。,0.803217,2555,7,2.73972602739726,大样本,0.39138943248532293,0.14285714285714285,2.0
徐铉,貴,1,0.786947,0.786947,病题二首,进与时乖不知退,知進而不知退,,0.786947,2555,7,2.73972602739726,大样本,0.39138943248532293,0.14285714285714285,3.0
徐铉,行,1,0.776411,0.776411,寄萧给事（萧江西致仕）,危言危行古时人,危言危行,,0.776411,2555,7,2.73972602739726,大样本,0.39138943248532293,0.14285714285714285,4.0
徐铉,鼠,1,0.756212,0.756212,和江州江中丞见寄,鼠穴依城社,穴社,社鼠者不可灌君之左右。出則異，入則比周，此之謂也。,0.756212,2555,7,2.73972602739726,大样本,0.39138943248532293,0.14285714285714285,5.0
徐铉,性情,1,0.754263,0.754263,行园树,群生各有性,人各有性,張竦答陳遵曰：「人各有性，長短自裁。子欲為我，亦不能，吾將效子亦敗矣！」,0.754263,2555,7,2.73972602739726,大样本,0.39138943248532293,0.14285714285714285,6.0
孟浩然,扇,1,0.860818,0.860818,白云先生王迥见访,手持白羽扇,白羽扇,裴啟《語林》曰：「諸葛武侯，持白羽扇，指麾三軍。,0.860818,2559,8,3.126221180148496,大样本,0.390777647518562,0.125,1.0
孟浩然,爭長,1,0.827759,0.827759,送洗然弟进士举,以吾一日长,一日,子曰：以吾一日長乎爾？,0.827759,2559,8,3.126221180148496,大样本,0.390777647518562,0.125,2.0
孟浩然,酒,1,0.816314,0.816314,洗然弟竹亭,达是酒中趣,酒中趣,孟嘉嗜酒，人問之，荅曰：君未知酒中趣。,0.816314,2559,8,3.126221180148496,大样本,0.390777647518562,0.125,3.0
孟浩然,湖,1,0.799025,0.799025,自浔阳泛舟经明海,因之泛五湖,其浸五湖,《周禮》：楊州其浸五湖。注云：太湖方五百里，故曰五湖。,0.799025,2559,8,3.126221180148496,大样本,0.390777647518562,0.125,4.0
孟浩然,舟,1,0.765971,0.765971,自洛之越,扁舟泛湖海,扁舟,句踐既滅吳，范蠡乘扁舟泛五湖。,0.765971,2559,8,3.126221180148496,大样本,0.390777647518562,0.125,5.0
孟浩然,劍,1,0.764782,0.764782,送朱大入秦,宝剑直千金,千金,《西京記》：昭帝時，茂陵人獻寶劍，上銘曰：「直千金壽萬歲。,0.764782,2559,8,3.126221180148496,大样本,0.390777647518562,0.125,6.0
孟浩然,歌,1,0.764542,0.764542,崔明府宅夜观妓,新声子夜歌,《子夜歌》,者，女子夜造之。孝武時，王軻之家有鬼歌《子夜》，是此時也。,0.764542,2559,8,3.126221180148496,大样本,0.390777647518562,0.125,7.0
孟浩然,休假,1,0.74861,0.74861,宴包二融宅,五日休沐归,漢律：五日一沐。,漢律吏得五日下言休息以洗沐也,0.74861,2559,8,3.126221180148496,大样本,0.390777647518562,0.125,8.0
李端,羽林將軍,1,0.775631,0.775631,送王羽林往秦州,汉日羽林郎,羽林,漢置羽林郎。,0.775631,2589,6,2.317497103128621,大样本,0.3862495171881035,0.16666666666666666,2.0
李端,隄渠,1,0.770342,0.770342,过宋州,东流水不回,水不流,《後漢》：王梁，字君嚴。為河南尹，穿伊穀水。注洛陽城下，東寫鞏川。及渠成開決，而水不流，有司刻之。,0.770342,2589,6,2.317497103128621,大样本,0.3862495171881035,0.16666666666666666,3.0
李端,棄官,1,0.757336,0.757336,酬晋侍御见寄,不在子真官,不之官,後漢楊倫以諌不合出補常山主簿病不之官司𨽻催促倫上䟽曰有留死一尺無北行一寸徴詣廷尉詔原之,0.757336,2589,6,2.317497103128621,大样本,0.3862495171881035,0.16666666666666666,4.0
李端,草,1,0.746099,0.746099,山中期张芬不至,石堤春草碧,春草碧色,,0.746099,2589,6,2.317497103128621,大样本,0.3862495171881035,0.16666666666666666,5.0
张祜,刺史,1,0.830166,0.830166,投常州从兄中丞,今闻虎渡江,虎渡江,宋均叔庠為九江守多暴虎。先是設檻捕之，猶多傷害。均下記，曰：「虎豹在山。云云。去檻阱，人人相傳。虎東渡江而去。,0.830166,2662,2,0.7513148009015778,大样本,0.3756574004507889,0.5,1.0
张祜,舞,1,0.817598,0.817598,送杨秀才游蜀,旧俗巴渝舞,賨俗巴渝之舞,《晉．禮樂志》：巴郡善歌舞，高祖愛其舞，詔樂府習之，今巴渝舞是也。,0.817598,2662,2,0.7513148009015778,大样本,0.3756574004507889,0.5,2.0
吴融,利,1,0.752145,0.752145,出迟,文王之囿小,文王之囿，與人共之,,0.752145,2709,5,1.8456995201181248,大样本,0.36913990402362495,0.2,3.0
方干,堂,1,0.792859,0.792859,送汶上王明府之任,知君不下堂,不下堂,天子不下堂而見諸侯。,0.792859,2715,2,0.7366482504604052,大样本,0.3683241252302026,0.5,1.0
方干,仙,1,0.755668,0.755668,送何道者,必拟一身生羽翼,生羽翼,,0.755668,2715,2,0.7366482504604052,大样本,0.3683241252302026,0.5,2.0
薛能,龍,1,0.801118,0.801118,又和留山鸡,由来不是池中物,非池中物,《吳志》：龍非池中物，雨必飛去。,0.801118,2731,4,1.4646649578908824,大样本,0.3661662394727206,0.25,2.0
薛能,役使不均,1,0.74773,0.74773,春日寓怀,无端患不均,不患寡而患不均,《語》。,0.74773,2731,4,1.4646649578908824,大样本,0.3661662394727206,0.25,3.0
皎然,貴,2,0.767806,0.75597346,妙喜寺达公禅斋寄李司直公孙、房都曹德裕…四十二韵,有志不可越,志不可滿,,0.767806,5651,14,2.4774376216598832,大样本,0.3539196602371262,0.14285714285714285,1.0
张九龄,祭祀,1,0.972149,0.972149,南郊文武出入舒和之乐,祀事孔明,祀事孔明,,0.972149,2828,15,5.3041018387553045,大样本,0.3536067892503536,0.06666666666666667,1.0
张九龄,夏,1,0.947344,0.947344,奉和圣制烛龙斋祭,六月徂暑,徂暑,六月徂暑。,0.947344,2828,15,5.3041018387553045,大样本,0.3536067892503536,0.06666666666666667,2.0
张九龄,忠孝,1,0.913893,0.913893,和裴侍中承恩拜扫旋辔途中有怀…官僚乡国亲故（后缺）,移孝入为忠,移孝為忠,,0.913893,2828,15,5.3041018387553045,大样本,0.3536067892503536,0.06666666666666667,3.0
张九龄,險固,1,0.910235,0.910235,奉和圣制度潼关口号,在德不在险,在德不在險,《史記》魏武侯曰：「美哉山河之固，此乃魏之寶也。」吳起曰：「在德不在險，昔三苗左洞庭，右彭𧋠，德義不修而禹滅之；夏桀之居，左濟河，右太菙，侯闕在其南，羊腸在其北，脩政不仁，而湯放之；殷紂之國，左孟門，右太行，常山在其北，太行經其南，不修德政，武王殺之。由此言之，在德不在險。」武侯曰：「善哉。」,0.910235,2828,15,5.3041018387553045,大样本,0.3536067892503536,0.06666666666666667,4.0
张九龄,德,1,0.877932,0.877932,奉和圣制喜雨,惟德之馨,明德惟馨,,0.877932,2828,15,5.3041018387553045,大样本,0.3536067892503536,0.06666666666666667,5.0
张九龄,巡狩,1,0.84574,0.84574,奉和圣制幸晋阳宫,一月朔巡狩,朔巡,十有一月朔巡狩至于北岳如西禮朔北也,0.84574,2828,15,5.3041018387553045,大样本,0.3536067892503536,0.06666666666666667,6.0
张九龄,漢,1,0.831171,0.831171,感遇十二首,汉上有游女,游女,《詩》：漢有游女，不可求思。,0.831171,2828,15,5.3041018387553045,大样本,0.3536067892503536,0.06666666666666667,7.0
张九龄,印綬,1,0.829882,0.829882,登荆州城楼,来参竹使符,竹使符,竹符五枚，長五寸。錐畫篆書，一至五，以代古之珪璋。,0.829882,2828,15,5.3041018387553045,大样本,0.3536067892503536,0.06666666666666667,8.0
张九龄,功,1,0.801738,0.801738,奉和圣制途经华山,来此告成功,告厥成功,,0.801738,2828,15,5.3041018387553045,大样本,0.3536067892503536,0.06666666666666667,9.0
张九龄,裘,1,0.795478,0.795478,和姚令公从幸温汤喜雪,千金狐白裘,千金狐腋,王褒《講德論》曰：「千金之裘，非一狐之腋。,0.795478,2828,15,5.3041018387553045,大样本,0.3536067892503536,0.06666666666666667,10.0
张九龄,名字,1,0.786926,0.786926,郢城西北有大古冢数十观其封域多是楚时诸王…尽知之,嘉名有所在,嘉名,《楚詞》：朕皇考曰伯庸，肇錫予以嘉名。,0.786926,2828,15,5.3041018387553045,大样本,0.3536067892503536,0.06666666666666667,11.0
张九龄,刺史,1,0.786157,0.786157,奉和圣制早渡蒲津关,还闻股肱郡,股肱之郡,季布為河東守上曰：「河東，吾股肱之郡也。」,0.786157,2828,15,5.3041018387553045,大样本,0.3536067892503536,0.06666666666666667,12.0
张九龄,吏隱,1,0.769598,0.769598,送韦城李少府,送客南昌尉,南昌尉,梅福子真為南昌尉，時人謂之神仙之吏。,0.769598,2828,15,5.3041018387553045,大样本,0.3536067892503536,0.06666666666666667,13.0
张九龄,諫諍,1,0.756927,0.756927,巡属县道中作,苟得不可遂,遂事不諌,,0.756927,2828,15,5.3041018387553045,大样本,0.3536067892503536,0.06666666666666667,14.0
张九龄,寢,1,0.7467,0.7467,题画山水障,置陈北堂上,北堂,安寢北堂上。,0.7467,2828,15,5.3041018387553045,大样本,0.3536067892503536,0.06666666666666667,15.0
李贺,河,1,0.791538,0.791538,荣华乐（一作东洛梁家谣）,白璧一双,白璧,《河圖》：趙王政以白璧沉于河。,0.791538,2987,5,1.6739203213927016,大样本,0.33478406427854035,0.2,2.0
李贺,華山,1,0.786811,0.786811,赠陈商,太华五千仞,削成五千仞,《山海經》：「華山削成而四方，高五千仞，其廣千里。」,0.786811,2987,5,1.6739203213927016,大样本,0.33478406427854035,0.2,3.0
李贺,賢,1,0.759102,0.759102,南园,方领蕙带折角巾,折角巾,郭林宗行，遇雨，巾一角墊士，人故折其巾角以效之。,0.759102,2987,5,1.6739203213927016,大样本,0.33478406427854035,0.2,4.0
韦庄,忠,1,0.757145,0.757145,赠野童,肯问中兴社稷臣,社稷臣,漢文帝目送絳侯曰：「社稷臣袁盎。」曰：「功臣非社稷臣也。社稷臣者，主存與存，主亡與亡。諸呂用事，絳侯為太尉，本柄不正，共誅諸呂，適會功成。故曰功臣。」,0.757145,2989,2,0.6691201070592171,大样本,0.33456005352960855,0.5,1.0
韦庄,月,1,0.74746,0.74746,和人岁宴旅舍见寄,天道有盈虚,盈必毀天之道也,,0.74746,2989,2,0.6691201070592171,大样本,0.33456005352960855,0.5,2.0
陆龟蒙,扇,2,0.851597,0.8325185,奉和袭美太湖诗二十首。太湖石,玲珑五明扇,五明扇,崔豹《古今注》曰：「舜廣視聽求賢人，以自輔作五明扇。,0.851597,6183,17,2.749474365194889,大样本,0.3234675723758693,0.11764705882352941,1.0
李白,酒,5,0.8062,0.77115804,月下独酌四首,但得酒中趣,酒中趣,孟嘉嗜酒，人問之，荅曰：君未知酒中趣。,0.8062,15477,71,4.587452348646379,大样本,0.3230600245525619,0.07042253521126761,1.0
储光羲,崑崙山,1,0.869222,0.869222,述华清宫五首,五城十二楼,五城十二樓,又曰：「崑崙之墟，五城十二樓，河水出，四維魚龍。」,0.869222,3113,13,4.176035978156119,大样本,0.32123353678124,0.07692307692307693,1.0
储光羲,言語,1,0.843849,0.843849,同王十三维偶然作十首,虽若不能言,似不能言,,0.843849,3113,13,4.176035978156119,大样本,0.32123353678124,0.07692307692307693,2.0
储光羲,雷,1,0.824909,0.824909,过新丰道中,雷雨杳冥冥,雷雨晦冥,《漢書》：劉媼息大澤中，夢與神遇，是時，雷雨晦冥。太公往視之，則見蛟龍在上。已而，有娠，而產高祖。,0.824909,3113,13,4.176035978156119,大样本,0.32123353678124,0.07692307692307693,3.0
储光羲,菊,1,0.805378,0.805378,田家杂兴八首,秋至菊花酒,菊花酒,費長房謂桓景：「九月九日可登高，飲菊花酒以消災。,0.805378,3113,13,4.176035978156119,大样本,0.32123353678124,0.07692307692307693,4.0
储光羲,夢,1,0.779092,0.779092,咏山泉（一作题山中流泉）,山中有流水,山上有水,魏鄧艾伐蜀夢坐山上有水流問袁卲卲曰山上有水蹇蹇利西南往有功也不利東圵其道窮也往必克蜀其不還者乎,0.779092,3113,13,4.176035978156119,大样本,0.32123353678124,0.07692307692307693,5.0
储光羲,七月七日,1,0.765657,0.765657,田家杂兴八首,君看西王母,西王母,漢武故事，七月七日，上於承華殿，齋正中有一青鳥從西方來，集殿前，上問東方朔，朔曰：「西王母欲來。」有頃，王母至，有二青鳥侍王母傍。,0.765657,3113,13,4.176035978156119,大样本,0.32123353678124,0.07692307692307693,6.0
储光羲,淫亂,1,0.758218,0.758218,同王十三维偶然作十首,使我不能还,不能自還,原涉曰：「寡婦欲慕宋伯姬，不幸一為盜賊所汙，遂為淫泆，知非禮然不能自還。,0.758218,3113,13,4.176035978156119,大样本,0.32123353678124,0.07692307692307693,7.0
储光羲,美田,1,0.758146,0.758146,同王十三维哭殷遥,膏腴不可求,膏腴,,0.758146,3113,13,4.176035978156119,大样本,0.32123353678124,0.07692307692307693,8.0
储光羲,和戎,1,0.755101,0.755101,同诸公秋日游昆明池思古,征彼西南夷,漢通西南夷,《史》：唐蒙已略夜郎，因發巴蜀。廣漢卒，通南夷道。時筇笮之君聞南夷與漢通，得賞多，願內屬，請吏為臣妾。上使司馬相如持節，以幣賂西南夷，便略定西夷、筇笮，除邊關，通筇笮都還。天子大悅之。,0.755101,3113,13,4.176035978156119,大样本,0.32123353678124,0.07692307692307693,9.0
储光羲,巡狩,1,0.752865,0.752865,望幸亭,五年一巡狩,王有巡狩，,省四方也。《傳》。,0.752865,3113,13,4.176035978156119,大样本,0.32123353678124,0.07692307692307693,10.0
储光羲,珠,1,0.747578,0.747578,贻王侍御出台掾丹阳,照车十二乘,照乘,魏王曰：「寡人有徑寸珠，照車前，後十二乘者十枚。」,0.747578,3113,13,4.176035978156119,大样本,0.32123353678124,0.07692307692307693,11.0
储光羲,衡山,1,0.747026,0.747026,敬酬陈掾亲家翁秋夜有赠,梧桐生朝阳,梧桐生,馬融《琴賦》曰：「惟梧桐之所生，在衡山之峻陂。,0.747026,3113,13,4.176035978156119,大样本,0.32123353678124,0.07692307692307693,12.0
储光羲,君臣,1,0.746996,0.746996,同诸公秋霁曲江俯见南山,大君及群臣,近臣,漢嚴助為太中大夫後得朱買臣吾邱壽王主父偃徐樂嚴安枚臯從車並在左右助等與大臣辨論中外相應以義理之文大臣數詘司馬相如數稱疾避事枚臯東方朔不根持論上頗俳優畜之唯助與壽王見任而助最先進,0.746996,3113,13,4.176035978156119,大样本,0.32123353678124,0.07692307692307693,13.0
卢纶,幕府,1,0.781432,0.781432,和李中丞酬万年房署少府过汾州景云观…李早年同居此观,低回青油幕,青油幕,,0.781432,3177,3,0.9442870632672333,大样本,0.3147623544224111,0.3333333333333333,1.0
卢纶,性情,1,0.766429,0.766429,河中府崇福寺看花,应与看人心不同,人各有心,,0.766429,3177,3,0.9442870632672333,大样本,0.3147623544224111,0.3333333333333333,2.0
卢纶,貧,1,0.744843,0.744843,同柳侍郎题侯钊侍郎新昌里（一作酬候钊侍郎春日见寄）,清源君子居,君子居,《易》以俟命。,0.744843,3177,3,0.9442870632672333,大样本,0.3147623544224111,0.3333333333333333,3.0
孟郊,傲慢,2,0.782253,0.782253,相和歌辞。杂怨三首,狂夫不可从,狂夫,,0.782253,6441,18,2.794597112249651,大样本,0.3105107902499612,0.1111111111111111,1.0
孟郊,離别,2,0.760383,0.760383,杂曲歌辞。古离别二首,人皆有离别,悲莫悲於生別離,《楚辭》。,0.760383,6441,18,2.794597112249651,大样本,0.3105107902499612,0.1111111111111111,2.0
齐己,幕府,2,0.761651,0.761651,相和歌辞。君子行,苟进不如此,交辟,苟進。,0.761651,6718,9,1.3396844298898483,大样本,0.29770765108663294,0.2222222222222222,1.0
贾岛,冰,1,0.83137,0.83137,让纠曹上乐使君,犹如履薄冰,履薄,戰戰兢兢，如履薄冰。,0.83137,3417,7,2.048580626280363,大样本,0.292654375182909,0.14285714285714285,1.0
贾岛,商賈,1,0.829886,0.829886,送僧,日午游都市,日游都市,,0.829886,3417,7,2.048580626280363,大样本,0.292654375182909,0.14285714285714285,2.0
贾岛,鶴,1,0.799146,0.799146,马戴居华山因寄,孤高不可言,孤高,,0.799146,3417,7,2.048580626280363,大样本,0.292654375182909,0.14285714285714285,3.0
贾岛,堂,1,0.754139,0.754139,黄子陂上韩吏部,相逐升堂者,升堂,希升堂者，又曰：升我堂矣。,0.754139,3417,7,2.048580626280363,大样本,0.292654375182909,0.14285714285714285,4.0
贾岛,仙,1,0.753783,0.753783,游仙,身自有羽翼,生羽翼,,0.753783,3417,7,2.048580626280363,大样本,0.292654375182909,0.14285714285714285,5.0
贾岛,華山,1,0.746775,0.746775,送令狐绹相公,岳整五千仞,削成五千仞,《山海經》：「華山削成而四方，高五千仞，其廣千里。」,0.746775,3417,7,2.048580626280363,大样本,0.292654375182909,0.14285714285714285,6.0
贾岛,嵩山,1,0.746195,0.746195,北岳庙,天地有五岳,五嶽之中,嵩高維嶽，峻極于天，維嶽降神，生甫及申。,0.746195,3417,7,2.048580626280363,大样本,0.292654375182909,0.14285714285714285,7.0
张说,郊天,1,0.867681,0.867681,唐享太庙乐章。文舞,克配彼天,思文后稷,克配彼天。,0.867681,3440,10,2.9069767441860463,大样本,0.29069767441860467,0.1,2.0
张说,老,1,0.850729,0.850729,岳州夜坐,五十知天命,孔子五十而知天命。,,0.850729,3440,10,2.9069767441860463,大样本,0.29069767441860467,0.1,3.0
张说,恭敬,1,0.838006,0.838006,唐享太庙乐章。太和,在貌思恭,事思敬,貌思恭。,0.838006,3440,10,2.9069767441860463,大样本,0.29069767441860467,0.1,4.0
张说,貧,1,0.837708,0.837708,古泉驿,乐亦在其中,樂在其中矣,飲水，曲肱而枕之，樂亦在其中矣！,0.837708,3440,10,2.9069767441860463,大样本,0.29069767441860467,0.1,5.0
张说,舉選,1,0.784194,0.784194,奉和圣制赐诸州刺史应制以题坐右,朝廷多秀士,進士秀才。,考課令進士試時務䇿五條帖大經通四其䇿文辭順序義理愜當并帖經文過者為通帖策全通為甲第諸秀才試方䇿五條文理俱髙者為上上文髙理平理高文平為上中云云,0.784194,3440,10,2.9069767441860463,大样本,0.29069767441860467,0.1,6.0
张说,天子孝,1,0.748509,0.748509,唐享太庙乐章。肃和,天子享孝,孝理天下,先王之以孝治天下也。故得萬國之歡心，是以天下和平，災害不生。,0.748509,3440,10,2.9069767441860463,大样本,0.29069767441860467,0.1,7.0
张说,三公,1,0.742854,0.742854,洛桥北亭诏饯诸刺史,三公不远求,三公,,0.742854,3440,10,2.9069767441860463,大样本,0.29069767441860467,0.1,8.0
张说,怨棄,1,0.742241,0.742241,右侍郎集贤院学士徐公挽词二首,岂忘平生眷,久要不忘平生,,0.742241,3440,10,2.9069767441860463,大样本,0.29069767441860467,0.1,9.0
权德舆,桂,1,0.835503,0.835503,古兴,月中有桂树,月中有仙桂樹一枝,晉郤詵對武帝曰：「臣對策為天下第一，猶桂林一枝也。,0.835503,3457,13,3.7604859704946487,大样本,0.2892681515765114,0.07692307692307693,1.0
权德舆,宅,1,0.815955,0.815955,奉和新卜城南郊居得与卫右丞邻舍，因赋诗寄赠,盛德必有邻,必有鄰,《論語》：德不孤，必有鄰。,0.815955,3457,13,3.7604859704946487,大样本,0.2892681515765114,0.07692307692307693,2.0
权德舆,司天,1,0.796954,0.796954,唐开州文编远寄新赋累惠良药咏叹仰佩…聊书还答,君为太史氏,太史,《周官》太史掌建邦之六典。,0.796954,3457,13,3.7604859704946487,大样本,0.2892681515765114,0.07692307692307693,3.0
权德舆,工部,1,0.793601,0.793601,送张曹长工部大夫奉使西番,奉使小司空,侍郎,小司空,0.793601,3457,13,3.7604859704946487,大样本,0.2892681515765114,0.07692307692307693,4.0
权德舆,《詩》,1,0.787714,0.787714,奉酬从兄南仲见示十九韵,诗成三百篇,刪《詩》為三百篇,,0.787714,3457,13,3.7604859704946487,大样本,0.2892681515765114,0.07692307692307693,5.0
权德舆,樂,1,0.775208,0.775208,奉和圣制丰年多庆九日示怀,乐和天地同,大樂與天地同和。,,0.775208,3457,13,3.7604859704946487,大样本,0.2892681515765114,0.07692307692307693,6.0
权德舆,叛亂,1,0.774808,0.774808,严陵钓台下作,天子不得臣,臣而不臣,,0.774808,3457,13,3.7604859704946487,大样本,0.2892681515765114,0.07692307692307693,7.0
权德舆,喪妻,1,0.763506,0.763506,晚渡扬子江却寄江南亲故,佳人不可望,佳人難再得,荀璨，字奉倩。娶曹洪女卒，歎曰：「佳人難再得。」見上注。,0.763506,3457,13,3.7604859704946487,大样本,0.2892681515765114,0.07692307692307693,8.0
权德舆,地,1,0.748217,0.748217,早夏青龙寺致斋凭眺感物因书十四韵,汉乃一抔土,一抔,漢張釋之曰：「盜長陵一抔土。」抔，音蒲侯反。,0.748217,3457,13,3.7604859704946487,大样本,0.2892681515765114,0.07692307692307693,9.0
权德舆,食,1,0.746311,0.746311,拜昭陵过咸阳墅,人以食为天,食為民天,《文選》,0.746311,3457,13,3.7604859704946487,大样本,0.2892681515765114,0.07692307692307693,10.0
权德舆,鶴,1,0.745393,0.745393,送密秀才吏部驳放后归蜀，应崔大理序,迢迢三千里,千里,,0.745393,3457,13,3.7604859704946487,大样本,0.2892681515765114,0.07692307692307693,11.0
权德舆,冠弁冕,1,0.745132,0.745132,献岁送李十兄赴黔中酒后绝句,异时应戴惠文冠,柱後惠文冠,秦時法官冠張敝弟武為梁相，云當以惠文冠治之。,0.745132,3457,13,3.7604859704946487,大样本,0.2892681515765114,0.07692307692307693,12.0
权德舆,錄事,1,0.743857,0.743857,送岳州温录事赴任,解巾州主簿,州主簿,,0.743857,3457,13,3.7604859704946487,大样本,0.2892681515765114,0.07692307692307693,13.0
高適,案,1,0.872815,0.872815,奉酬睢阳李太守,诗题青玉案,青玉案,《張平子詩》曰：「美人贈我錦繡段，何以報之青玉案。」,0.872815,3550,17,4.788732394366197,大样本,0.28169014084507044,0.058823529411764705,4.0
高適,吏隱,1,0.827856,0.827856,同群公题郑少府田家（此公昔任白马尉，今寄住滑台）,昔为南昌尉,南昌尉,梅福子真為南昌尉，時人謂之神仙之吏。,0.827856,3550,17,4.788732394366197,大样本,0.28169014084507044,0.058823529411764705,5.0
高適,縣令,1,0.814125,0.814125,宓公琴台诗三首,昔人不忍欺,人不忍欺,宓子賤為政，人不忍欺。餘見“彊毅”門注。,0.814125,3550,17,4.788732394366197,大样本,0.28169014084507044,0.058823529411764705,6.0
高適,疾,1,0.811795,0.811795,东平路中遇大水,天灾自古有,天有災癘,,0.811795,3550,17,4.788732394366197,大样本,0.28169014084507044,0.058823529411764705,7.0
高適,兄弟,1,0.80801,0.80801,宋中十首,人皆有兄弟,人兄,教以弟所以敬天下之為人兄也。,0.80801,3550,17,4.788732394366197,大样本,0.28169014084507044,0.058823529411764705,8.0
高適,雨,1,0.789152,0.789152,秦中送李九赴越,愁霖不可向,愁霖,《文選》：愁霖貫秋序。,0.789152,3550,17,4.788732394366197,大样本,0.28169014084507044,0.058823529411764705,9.0
高適,御史大夫,1,0.764564,0.764564,奉酬睢阳李太守,赋得黄金赐,賜金,薛廣德為御史大夫，乞歸。上賜黃金六十斤，安車駟馬。,0.764564,3550,17,4.788732394366197,大样本,0.28169014084507044,0.058823529411764705,10.0
高適,賢婦,1,0.759234,0.759234,过卢明府有赠,以此知其贤,知人,晉王渾妻鍾氏，名琰。有文才淑求賢，夫有兵家子甚俊，欲妻之。令與羣小吏雜處，琰自帷中察之曰：此人才足㧞萃，然地寒夀促不足展其器，遂止其人。數年卒。,0.759234,3550,17,4.788732394366197,大样本,0.28169014084507044,0.058823529411764705,11.0
高適,怒,1,0.752191,0.752191,李云南征蛮诗,圣人赫斯怒,王赫斯怒,,0.752191,3550,17,4.788732394366197,大样本,0.28169014084507044,0.058823529411764705,12.0
高適,夢,1,0.745577,0.745577,赋得还山吟，送沈四山人,梦魂可以相周旋,魂交,《莊子》云：「其夢也。魂交其覺也，形開。」,0.745577,3550,17,4.788732394366197,大样本,0.28169014084507044,0.058823529411764705,13.0
贯休,食,2,0.791159,0.791159,琴曲歌辞。白雪歌,却思食藜藿,藜藿,《七發》曰：予甘藜藿，未暇此食。,0.791159,7120,32,4.49438202247191,大样本,0.2808988764044944,0.0625,1.0
贯休,嗣立,2,0.787329,0.787329,杂曲歌辞。轻薄篇二首,其名不彰,不隕其名,,0.787329,7120,32,4.49438202247191,大样本,0.2808988764044944,0.0625,2.0
贯休,帝德,2,0.77286,0.77286,相和歌辞。胡无人行,天子富有四海,富有天下。,,0.77286,7120,32,4.49438202247191,大样本,0.2808988764044944,0.0625,3.0
贯休,山,2,0.764959,0.756317,闻无相道人顺世五首,去矣不可留,不可久留,《離騷》：山中不可久留。,0.764959,7120,32,4.49438202247191,大样本,0.2808988764044944,0.0625,4.0
贯休,視,2,0.763803,0.7638025,秋晚泊石头驿有寄,所思不可见,目所不見,故若存若亡心所不繋故不生不滅。,0.763803,7120,32,4.49438202247191,大样本,0.2808988764044944,0.0625,5.0
王维,雞,1,0.821402,0.821402,冬日游览,关东出函谷,出函谷,孟嘗君有難，夜半出函谷關。馮煖詐作雞鳴，乃得出。,0.821402,3604,16,4.439511653718091,大样本,0.27746947835738067,0.0625,3.0
王维,丹藥,1,0.800989,0.800989,奉和圣制幸玉真公主山庄因题石壁十韵之作应制,泥灶化丹砂,化丹砂,李少君曰：「祠竈丹砂，可化為黃金。,0.800989,3604,16,4.439511653718091,大样本,0.27746947835738067,0.0625,4.0
王维,視,1,0.781045,0.781045,奉和圣制御春明楼临右相园亭赋乐贤诗应制,褰旒明四目,四目,舜明四目，而天下治。,0.781045,3604,16,4.439511653718091,大样本,0.27746947835738067,0.0625,5.0
王维,冠弁冕,1,0.767875,0.767875,奉和圣制暮春送朝集使归郡应制,衣冠拜冕旒,鷸冠,《傳》曰：「服美不稱，必以惡終。,0.767875,3604,16,4.439511653718091,大样本,0.27746947835738067,0.0625,6.0
王维,縣令,1,0.759321,0.759321,赠房卢氏琯,或可累安邑,累安邑,閔仲叔居安邑，買豬肝食，令乃進豬肝。歎曰：閔仲叔豈以口腹累安邑哉！遂去之。,0.759321,3604,16,4.439511653718091,大样本,0.27746947835738067,0.0625,7.0
王维,仙,1,0.754364,0.754364,赠李颀,几时生羽翼,生羽翼,,0.754364,3604,16,4.439511653718091,大样本,0.27746947835738067,0.0625,8.0
王维,柳,1,0.753817,0.753817,田园乐七首（一作辋川六言，第六首一作皇甫曾诗）,五柳先生对门,五柳先生,《晉書》：陶潛，字淵明。為彭澤令**：宅邊栽五株柳，自號為「五柳先生」。,0.753817,3604,16,4.439511653718091,大样本,0.27746947835738067,0.0625,9.0
王维,河,1,0.751678,0.751678,桃源行（时年十九）,春来遍是桃花水,桃花水,《溝洫志》：河決而桃花水漾溢。注云：三月水漲名。,0.751678,3604,16,4.439511653718091,大样本,0.27746947835738067,0.0625,10.0
王维,衣服,1,0.749326,0.749326,送友人归山歌二首（离骚题作山中人）,君不可兮褰衣,澣衣,《禮》：晏平仲澣衣濯冠以朝，君子以為隘。,0.749326,3604,16,4.439511653718091,大样本,0.27746947835738067,0.0625,11.0
王维,井,1,0.747962,0.747962,林园即事寄舍弟ヨ（次荆州时作）,讵有丹砂井,眢井,廢井也。,0.747962,3604,16,4.439511653718091,大样本,0.27746947835738067,0.0625,12.0
王维,賔館,1,0.747578,0.747578,春过贺遂员外药园,来蒙倒屣迎,倒屣迎賔,王粲仲宣詣蔡邕，邕倒屣迎之，粲年少，容貌短小，既至一座盡驚曰：「王孫有異才，吾不如也。吾家書籍文章盡與之。」,0.747578,3604,16,4.439511653718091,大样本,0.27746947835738067,0.0625,13.0
王维,乳母,1,0.744739,0.744739,送李员外贤郎,知为童子郎,童子何知,《傳》。,0.744739,3604,16,4.439511653718091,大样本,0.27746947835738067,0.0625,14.0
罗隐,嫂叔,1,0.81413,0.81413,蟋蟀诗,不冠不緌,不冠,《後漢》：馬援敬事寡嫂，不冠不入廬。,0.81413,3754,5,1.3319126265316996,大样本,0.2663825253063399,0.2,1.0
罗隐,玉,1,0.768816,0.768816,言,珪玷由来尚可磨,磨玷,白珪之玷，尚可磨。,0.768816,3754,5,1.3319126265316996,大样本,0.2663825253063399,0.2,2.0
罗隐,儒教,1,0.768531,0.768531,代文宣王答,三教之中儒最尊,君子之儒,子謂子夏，曰：「汝為君子儒，無為小人儒。,0.768531,3754,5,1.3319126265316996,大样本,0.2663825253063399,0.2,3.0
罗隐,相思,1,0.754745,0.754745,思故人,故人不可见,我思故人,,0.754745,3754,5,1.3319126265316996,大样本,0.2663825253063399,0.2,4.0
罗隐,遺物,1,0.74173,0.74173,寄易定公乘亿侍郎,昭王有馀烈,墜屨,昭王。,0.74173,3754,5,1.3319126265316996,大样本,0.2663825253063399,0.2,5.0
元稹,相思,3,0.771964,0.7665553,酬乐天赴江州路上见寄三首,一日不得见,一日不見。,如三月兮，如三秋兮。,0.771964,11812,24,2.031832035218422,大样本,0.25397900440230275,0.125,1.0
温庭筠,雪,1,0.871343,0.871343,蕃女怨,飞雪千里,飛雪千里,《楚辭》。,0.871343,3980,2,0.5025125628140704,大样本,0.2512562814070352,0.5,1.0
温庭筠,宰相,1,0.803389,0.803389,中书令裴公挽歌词二首,萧何社稷臣,社稷臣,,0.803389,3980,2,0.5025125628140704,大样本,0.2512562814070352,0.5,2.0
张籍,宰相,1,0.80751,0.80751,送李司空赴镇襄阳,中外兼权社稷臣,社稷臣,,0.80751,4130,11,2.6634382566585955,大样本,0.24213075060532688,0.09090909090909091,2.0
张籍,出征,1,0.800477,0.800477,董公诗,朝廷有大事,君命大事。,大事，謂軍事。,0.800477,4130,11,2.6634382566585955,大样本,0.24213075060532688,0.09090909090909091,3.0
张籍,擇交,1,0.793992,0.793992,祭退之,坐令其子拜,拜其子,《後漢》：侯霸欲友王丹，霸子見丹，下車拜丹，荅拜。霸子曰：「大人方願交歡，奈何？拜小子。丹曰：「君房有是言。」丹未之許也。,0.793992,4130,11,2.6634382566585955,大样本,0.24213075060532688,0.09090909090909091,4.0
张籍,裘,1,0.787438,0.787438,祭退之,到今三十年,三十年,晏子一狐裘三十年，晏子焉知禮？言太儉也。,0.787438,4130,11,2.6634382566585955,大样本,0.24213075060532688,0.09090909090909091,5.0
张籍,七月七日,1,0.779223,0.779223,不食姑（一作赠山中女道士）,要问西王母,西王母,漢武故事，七月七日，上於承華殿，齋正中有一青鳥從西方來，集殿前，上問東方朔，朔曰：「西王母欲來。」有頃，王母至，有二青鳥侍王母傍。,0.779223,4130,11,2.6634382566585955,大样本,0.24213075060532688,0.09090909090909091,6.0
张籍,太子太師太傅太保,1,0.758347,0.758347,祭退之,公为大司成,司成,《禮》曰：樂正司業，父師司成。一有元良萬國以貞。注：貞，正也。司主也，言樂正教以樂，父師教以成。,0.758347,4130,11,2.6634382566585955,大样本,0.24213075060532688,0.09090909090909091,7.0
张籍,隠逸,1,0.758134,0.758134,赠别孟郊,才名振京国,名振京師,漢鄭子真不屈其志，耕於巖谷中，名振京師。,0.758134,4130,11,2.6634382566585955,大样本,0.24213075060532688,0.09090909090909091,8.0
张籍,慎,1,0.753933,0.753933,寄韩愈,君子在其间,君子之道,思其始也。思其終也。,0.753933,4130,11,2.6634382566585955,大样本,0.24213075060532688,0.09090909090909091,9.0
张籍,寒食,1,0.74601,0.74601,寒食,唯有一年寒食日,一月寒食,《後漢》周舉遷并州刺史，太原舊俗，以介子推焚骸一月，斷火舉移書於子推廟。云寒食一月，老小不堪，今則三日而巳。,0.74601,4130,11,2.6634382566585955,大样本,0.24213075060532688,0.09090909090909091,10.0
王建,津渡,1,0.785383,0.785383,相和歌辞。公无渡河,公无渡河公自为,公無渡河,崔豹《古今注》：津吏霍子高見白首，狂夫被髮，提壺亂流而渡，其妻止之，不及，遂溺死。妻乃援箜篌，作《公無渡河》之曲，歌終亦投河而死。,0.785383,4194,8,1.9074868860276586,大样本,0.23843586075345732,0.125,1.0
王建,秋,1,0.770876,0.770876,秋日后（一作新晴后）,立秋日后无多热,立秋日涼風至,七月節也，後五日白露降，後五日寒蟬鳴。,0.770876,4194,8,1.9074868860276586,大样本,0.23843586075345732,0.125,2.0
王建,道路,1,0.770431,0.770431,将归故山留别杜侍御,有路不得行,行不由徑,澹臺滅明，字子羽。,0.770431,4194,8,1.9074868860276586,大样本,0.23843586075345732,0.125,3.0
王建,兄弟,1,0.759467,0.759467,送于丹移家洺州,兄弟相攻研,攻弟,袁譚欲攻弟尚。王脩諫曰：敗亡道也。兄弟左右手，譬人將鬪㫁右手。曰：「我必勝乎！」,0.759467,4194,8,1.9074868860276586,大样本,0.23843586075345732,0.125,4.0
王建,仁,1,0.757958,0.757958,赠王侍御,君子抱仁义,君子去仁,惡乎成名。,0.757958,4194,8,1.9074868860276586,大样本,0.23843586075345732,0.125,5.0
王建,死,1,0.748309,0.748309,主人故亭,死生不相及,死生有命,,0.748309,4194,8,1.9074868860276586,大样本,0.23843586075345732,0.125,6.0
王建,堂,1,0.746017,0.746017,寄李益少监兼送张实游幽州,不上君子堂,不下堂,天子不下堂而見諸侯。,0.746017,4194,8,1.9074868860276586,大样本,0.23843586075345732,0.125,7.0
王建,舅姑,1,0.741815,0.741815,促刺词（一作促促行）,嫁来常在舅姑傍,舅沒而姑老,《傳》：家事於子婦。,0.741815,4194,8,1.9074868860276586,大样本,0.23843586075345732,0.125,8.0
许浑,仙,1,0.815972,0.815972,王居士,即应生羽翼,生羽翼,,0.815972,4218,4,0.948316737790422,大样本,0.2370791844476055,0.25,2.0
许浑,儒教,1,0.76879,0.76879,送郑寂上人南行,儒家有释子,君子之儒,子謂子夏，曰：「汝為君子儒，無為小人儒。,0.76879,4218,4,0.948316737790422,大样本,0.2370791844476055,0.25,3.0
岑参,竹,1,0.813624,0.813624,梁园歌，送河南王说判官,君不见梁孝王修竹园,梁園,梁孝王有脩竹園。,0.813624,4487,11,2.4515266324938714,大样本,0.22286605749944285,0.09090909090909091,1.0
岑参,言語,1,0.769577,0.769577,潼关镇国军句覆使院早春，寄王同州,闭口不敢言,似不能言,,0.769577,4487,11,2.4515266324938714,大样本,0.22286605749944285,0.09090909090909091,2.0
岑参,笳,1,0.759666,0.759666,田使君美人舞如莲花北鋋歌（此曲本出北同城）,忽作出塞入塞声,出塞入塞,胡笳者，張博望入西域，傳其法於西京，唯得《摩訶兜勤》一曲。李延年因胡曲，更造新聲二十八解，以為武樂，有《出塞》、《入塞》、《楊柳》等十曲。,0.759666,4487,11,2.4515266324938714,大样本,0.22286605749944285,0.09090909090909091,3.0
岑参,縣令,1,0.759304,0.759304,尹相公京兆府中棠树降甘露诗,政成人不欺,人不敢欺,西門豹為政，人不敢欺；鄭子產為政，人不能欺；宓子賤為政，人不敢欺。,0.759304,4487,11,2.4515266324938714,大样本,0.22286605749944285,0.09090909090909091,4.0
岑参,徵聘,1,0.757705,0.757705,送祁乐归河东,天子不召见,不召之臣,公車詔楊秉、韋著並稱疾，不至。有司劾大不敬，正罪。周景、邊韶等議，秉以退譲為節，誠違仄席之望，然逶迤退跡，是抑苟進之風，明王之，世必有不召之臣也。,0.757705,4487,11,2.4515266324938714,大样本,0.22286605749944285,0.09090909090909091,5.0
岑参,弔,1,0.756982,0.756982,渔父,无人知姓名,不知名,《漢》：龔勝死，有父老弔之，甚哀曰：「膏以明自煎，龔生竟夭天年。人莫知其名也。」,0.756982,4487,11,2.4515266324938714,大样本,0.22286605749944285,0.09090909090909091,6.0
岑参,貧,1,0.752805,0.752805,至大梁却寄匡城主人,置之君子堂,君子居,《易》以俟命。,0.752805,4487,11,2.4515266324938714,大样本,0.22286605749944285,0.09090909090909091,7.0
岑参,豪彊,1,0.750936,0.750936,赠酒泉韩太守,太守有能政,威重於太守,寗成免官，居持吏，長短出，從數十騎，其使之威，重于太守。,0.750936,4487,11,2.4515266324938714,大样本,0.22286605749944285,0.09090909090909091,8.0
岑参,出征,1,0.748492,0.748492,送郭仆射节制剑南,丞相欲专征,専征伐,諸侯賜彤弓然後専征伐,0.748492,4487,11,2.4515266324938714,大样本,0.22286605749944285,0.09090909090909091,9.0
岑参,刀,1,0.747393,0.747393,武威送刘单判官赴安西行营，便呈高开府,其锋利如霜,霜鍔,霜鋒。,0.747393,4487,11,2.4515266324938714,大样本,0.22286605749944285,0.09090909090909091,10.0
岑参,寢,1,0.747076,0.747076,河西太守杜公挽歌四首,回瞻北堂上,北堂,安寢北堂上。,0.747076,4487,11,2.4515266324938714,大样本,0.22286605749944285,0.09090909090909091,11.0
钱起,宰相,1,0.765453,0.765453,早渡伊川见旧邻作,相见具舟楫,舟楫,,0.765453,4612,6,1.3009540329575022,大样本,0.21682567215958368,0.16666666666666666,1.0
钱起,勤學,1,0.76333,0.76333,裴侍郎湘川回，以青竹筒相遗，因而赠之,君子知虚心,君子求諸己,,0.76333,4612,6,1.3009540329575022,大样本,0.21682567215958368,0.16666666666666666,2.0
钱起,官班,1,0.75235,0.75235,江行无题一百首（一作钱珝诗）,信是知名物,名以出信,信以守器，器以藏物。《傳》。,0.75235,4612,6,1.3009540329575022,大样本,0.21682567215958368,0.16666666666666666,3.0
钱起,鬼神,1,0.745999,0.745999,咏白油帽送客,行止必依人,依人,鬼神依人而行。,0.745999,4612,6,1.3009540329575022,大样本,0.21682567215958368,0.16666666666666666,4.0
钱起,行旅,1,0.744925,0.744925,夕发箭场岩下作,行役不遑安,不遑寧處,,0.744925,4612,6,1.3009540329575022,大样本,0.21682567215958368,0.16666666666666666,5.0
钱起,賔館,1,0.744264,0.744264,赠李十六,欣然倒屣迎,倒屣迎賔,王粲仲宣詣蔡邕，邕倒屣迎之，粲年少，容貌短小，既至一座盡驚曰：「王孫有異才，吾不如也。吾家書籍文章盡與之。」,0.744264,4612,6,1.3009540329575022,大样本,0.21682567215958368,0.16666666666666666,6.0
佚名,黍稷,1,0.977369,0.977369,郊庙歌辞。梁太庙乐舞辞。送神,黍稷非馨,黍稷非馨,,0.977369,4653,44,9.456264775413711,大样本,0.2149151085321298,0.022727272727272728,8.0
佚名,禍福,1,0.97074,0.97074,郊庙歌辞。太清宫乐章。登歌,降福穰穰,降福穰穰,,0.97074,4653,44,9.456264775413711,大样本,0.2149151085321298,0.022727272727272728,9.0
佚名,鬼神,1,0.9508,0.9508,郊庙歌辞。释奠武成王乐章。迎神,感而遂通,感而遂通,,0.9508,4653,44,9.456264775413711,大样本,0.2149151085321298,0.022727272727272728,10.0
佚名,慎,1,0.945914,0.945914,郊庙歌辞。享太庙乐章。升和,夕惕若厉,夕惕若厲,,0.945914,4653,44,9.456264775413711,大样本,0.2149151085321298,0.022727272727272728,11.0
佚名,侑,1,0.907102,0.907102,郊庙歌辞。周宗庙乐舞辞。肃雍舞,以妥以侑,以妥以侑,《詩》。,0.907102,4653,44,9.456264775413711,大样本,0.2149151085321298,0.022727272727272728,12.0
佚名,舞,1,0.879055,0.879055,郊庙歌辞。周宗庙乐舞辞。肃雍舞,进旅退旅,進旅退旅,言進退齊一也。《禮》。,0.879055,4653,44,9.456264775413711,大样本,0.2149151085321298,0.022727272727272728,13.0
佚名,材木,1,0.876387,0.876387,沈亚之,伐木丁丁,伐木丁丁,聲也。,0.876387,4653,44,9.456264775413711,大样本,0.2149151085321298,0.022727272727272728,14.0
佚名,豬,1,0.870291,0.870291,郊庙歌辞。后唐宗庙乐舞辞。文明舞,信及豚鱼,信及豚魚,《易．中孚》卦。妖《傳》：齊侯田于貝丘，見大豕，人立。從者曰：「彭生也。公怒射之，豕人立而啼。公乃懼之。,0.870291,4653,44,9.456264775413711,大样本,0.2149151085321298,0.022727272727272728,15.0
佚名,恭敬,1,0.838006,0.838006,郊庙歌辞。享太庙乐章。太和,在貌思恭,事思敬,貌思恭。,0.838006,4653,44,9.456264775413711,大样本,0.2149151085321298,0.022727272727272728,16.0
佚名,帝德,1,0.825569,0.825569,郊庙歌辞。后唐宗庙乐舞辞。雍熙舞,百度惟贞,百度惟貞。,,0.825569,4653,44,9.456264775413711,大样本,0.2149151085321298,0.022727272727272728,17.0
佚名,玉,1,0.824575,0.824575,沈亚之,如琢如磨,琢,如琢如磨，玉不琢，不成器。,0.824575,4653,44,9.456264775413711,大样本,0.2149151085321298,0.022727272727272728,18.0
佚名,言語,1,0.822856,0.822856,郊庙歌辞。祀九宫贵神乐章。肃和,穆穆皇皇,穆穆皇皇,言語之美。,0.822856,4653,44,9.456264775413711,大样本,0.2149151085321298,0.022727272727272728,19.0
佚名,御宴,1,0.81821,0.81821,郊庙歌辞。周宗庙乐舞辞。禋顺,旨酒既献,我肴,旨酒,0.81821,4653,44,9.456264775413711,大样本,0.2149151085321298,0.022727272727272728,20.0
佚名,射,1,0.805092,0.805092,郊庙歌辞。晋昭德成功舞歌。武功舞歌二首,既已櫜弓矢,弓矢既調,,0.805092,4653,44,9.456264775413711,大样本,0.2149151085321298,0.022727272727272728,21.0
佚名,海,1,0.780274,0.780274,郊庙歌辞。梁太庙乐舞辞。昭德舞,奄有四海,四海,七戎六蠻，九夷八狄。形類不同。摠而言，謂之四海，言皆近於海。,0.780274,4653,44,9.456264775413711,大样本,0.2149151085321298,0.022727272727272728,22.0
佚名,禮,1,0.774365,0.774365,郊庙歌辞。享太庙乐章。雍和,礼以昭事,禮以防人,,0.774365,4653,44,9.456264775413711,大样本,0.2149151085321298,0.022727272727272728,23.0
佚名,智謀,1,0.771,0.771,郊庙歌辞。周宗庙乐舞辞。明德舞,知微知彰,知微知章。,,0.771,4653,44,9.456264775413711,大样本,0.2149151085321298,0.022727272727272728,24.0
佚名,妖訛,1,0.76364,0.76364,又歌,惑人人不知,熒惑於人,言經營惑亂也。,0.76364,4653,44,9.456264775413711,大样本,0.2149151085321298,0.022727272727272728,25.0
佚名,車,1,0.760259,0.760259,李勣引谚别张文瓘,千里相送,致千里,《莊子》曰：「軸不運而致千里。」,0.760259,4653,44,9.456264775413711,大样本,0.2149151085321298,0.022727272727272728,26.0
佚名,水,1,0.754492,0.754492,郊庙歌辞。汉宗庙乐舞辞。积善舞,滔滔不竭,浩浩滔天,言漫天也。,0.754492,4653,44,9.456264775413711,大样本,0.2149151085321298,0.022727272727272728,27.0
佚名,勤勞,1,0.753801,0.753801,巴州薛刺史歌,日出而耕,暴背而耕,,0.753801,4653,44,9.456264775413711,大样本,0.2149151085321298,0.022727272727272728,28.0
佚名,戈殳矛戟,1,0.753152,0.753152,武后明堂乐章。皇帝行,永戢干戈,載戢干戈,,0.753152,4653,44,9.456264775413711,大样本,0.2149151085321298,0.022727272727272728,29.0
佚名,節度使,1,0.747848,0.747848,劝进疏引谶,中央有天子,摠元帥之任,殿天子之邦。,0.747848,4653,44,9.456264775413711,大样本,0.2149151085321298,0.022727272727272728,30.0
佚名,文武相須,1,0.747472,0.747472,郊庙歌辞。梁太庙乐舞辞。登歌,动以武功,文德,武功。,0.747472,4653,44,9.456264775413711,大样本,0.2149151085321298,0.022727272727272728,31.0
佚名,禱祀,1,0.741768,0.741768,郊庙歌辞。梁郊祀乐章。庆平,享祀不忒,神不享矣,,0.741768,4653,44,9.456264775413711,大样本,0.2149151085321298,0.022727272727272728,32.0
杜牧,日,1,0.826663,0.826663,雪中书怀,如日月縆升,如日之升,,0.826663,4767,5,1.0488777008600798,大样本,0.20977554017201594,0.2,1.0
杜牧,丹藥,1,0.820676,0.820676,题桐叶,一丸五色成虚语,一丸五色,《古詩》云：與我一丸藥，光輝有五色。服之四五日，身體生羽翼。,0.820676,4767,5,1.0488777008600798,大样本,0.20977554017201594,0.2,2.0
杜牧,道士,1,0.748774,0.748774,偶题,道在人间或可传,人能弘道,,0.748774,4767,5,1.0488777008600798,大样本,0.20977554017201594,0.2,3.0
杜牧,乳母,1,0.74416,0.74416,偶题,甘罗昔作秦丞相,甘羅,十二為秦相。,0.74416,4767,5,1.0488777008600798,大样本,0.20977554017201594,0.2,4.0
杜牧,弓,1,0.743773,0.743773,送沈士赴苏州，李中丞招以诗赠行,悬弓三百斤,後漢蓋延（巨卿）彎弓三百斤,,0.743773,4767,5,1.0488777008600798,大样本,0.20977554017201594,0.2,5.0
姚合,仙,1,0.788209,0.788209,寄狄拾遗，时为魏州从事,岂要生羽翼,生羽翼,,0.788209,4771,6,1.2575979878432193,大样本,0.2095996646405366,0.16666666666666666,1.0
姚合,宴,1,0.760999,0.760999,庄恪太子挽词二首,薤露歌连哭,歌薤露,《後漢》：梁商三月上巳會親懿，歌極歡，酒闌罷，唱繼以《薤露》之歌，座中皆掩淚，周舉宣光，以病不預聞之，曰：「哀樂失節。」云云。秋果商薨。,0.760999,4771,6,1.2575979878432193,大样本,0.2095996646405366,0.16666666666666666,2.0
姚合,僕射,1,0.754987,0.754987,送丁端公赴河阴,何人不在朝,不朝,何澄，字君玄。以腳疾，制聽坐家視事。,0.754987,4771,6,1.2575979878432193,大样本,0.2095996646405366,0.16666666666666666,3.0
姚合,太行山,1,0.751106,0.751106,寄送卢拱秘书游魏州,太行山下路,塹太行之道,《戰國策》曰：「范雎說秦曰：舉兵攻榮陽，則成皋之路不通，塹太行之道，則上黨之，兵不下舉，兵而攻榮陽，則其國斷而為三。,0.751106,4771,6,1.2575979878432193,大样本,0.2095996646405366,0.16666666666666666,4.0
姚合,勤,1,0.749587,0.749587,酬任畴协律夏中苦雨见寄,终日不能酬,終日矻矻,,0.749587,4771,6,1.2575979878432193,大样本,0.2095996646405366,0.16666666666666666,5.0
姚合,雁,1,0.745741,0.745741,送张宗原,鸿雁春北去,春北秋南,《管子》桓公曰：「夫鴻雁春北而秋南，不失其時。,0.745741,4771,6,1.2575979878432193,大样本,0.2095996646405366,0.16666666666666666,6.0
刘禹锡,印綬,1,0.823516,0.823516,酬喜相遇同州与乐天替代,新交竹使符,竹使符,竹符五枚，長五寸。錐畫篆書，一至五，以代古之珪璋。,0.823516,4802,11,2.2907122032486464,大样本,0.20824656393169513,0.09090909090909091,2.0
刘禹锡,案,1,0.816354,0.816354,酬郑州权舍人见寄二十韵,学堂青玉案,青玉案,《張平子詩》曰：「美人贈我錦繡段，何以報之青玉案。」,0.816354,4802,11,2.2907122032486464,大样本,0.20824656393169513,0.09090909090909091,3.0
刘禹锡,簿籍,1,0.778391,0.778391,奉和司空裴相公中书即事通简旧僚之作,时看赤白囊,赤白囊,邴吉馭吏，習知邊事警急。因驛騎持赤白囊書，馭吏因刺取探候之，知虜入雲中代郡，因白告也。,0.778391,4802,11,2.2907122032486464,大样本,0.20824656393169513,0.09090909090909091,4.0
刘禹锡,相思,1,0.777799,0.777799,酬令狐相公见寄,千里相思难命驾,千里命駕,嵇呂事，見上注。,0.777799,4802,11,2.2907122032486464,大样本,0.20824656393169513,0.09090909090909091,5.0
刘禹锡,珠,1,0.77077,0.77077,省试风光草际浮,带露如珠缀,秋露如珠,,0.77077,4802,11,2.2907122032486464,大样本,0.20824656393169513,0.09090909090909091,6.0
刘禹锡,湖,1,0.768974,0.768974,酬李相公喜归乡国自巩县夜泛洛水见寄,犹泛五湖舟,其浸五湖,《周禮》：楊州其浸五湖。注云：太湖方五百里，故曰五湖。,0.768974,4802,11,2.2907122032486464,大样本,0.20824656393169513,0.09090909090909091,7.0
刘禹锡,星,1,0.751107,0.751107,许给事见示哭工部刘尚书诗因命同作,驰心拱北辰,拱北辰,《語》：為政以德，譬如北辰。居其所，眾星拱之。,0.751107,4802,11,2.2907122032486464,大样本,0.20824656393169513,0.09090909090909091,8.0
刘禹锡,司空,1,0.7454,0.7454,江陵严司空见示与成都武相公唱和，因命同作,名重三司平水土,平水土,舜命伯禹作司空帝曰：「咨禹汝平水土，惟時懋哉？」懋，勉也。,0.7454,4802,11,2.2907122032486464,大样本,0.20824656393169513,0.09090909090909091,9.0
刘禹锡,鳥,1,0.743797,0.743797,令狐相公见示新栽蕙兰二草之什，兼命同作,寄言知音者,寄言,《楚辭》：願寄言於三鳥。三鳥飛，以自南覽其志而欲北。也見《離騷》。,0.743797,4802,11,2.2907122032486464,大样本,0.20824656393169513,0.09090909090909091,10.0
皮日休,幕府,1,0.809025,0.809025,初夏游楞伽精舍,似入青油幕,青油幕,,0.809025,5032,14,2.7821939586645468,大样本,0.1987281399046105,0.07142857142857142,2.0
皮日休,竊盜,1,0.797338,0.797338,太湖诗。入林屋洞,窃之不加刑,不竊,子曰：苟子之不欲，雖賞之不竊。,0.797338,5032,14,2.7821939586645468,大样本,0.1987281399046105,0.07142857142857142,3.0
皮日休,僧,1,0.797119,0.797119,初夏游楞伽精舍,念彼上人者,上人,彼上人者。,0.797119,5032,14,2.7821939586645468,大样本,0.1987281399046105,0.07142857142857142,4.0
皮日休,賜食,1,0.782865,0.782865,三羞诗三首,食之以侯食,與之禮食,《傳》：晉侯以魏絳，為能以刑佐民，與之禮食，使佐新軍。《注》：《禮》食以表其功。,0.782865,5032,14,2.7821939586645468,大样本,0.1987281399046105,0.07142857142857142,5.0
皮日休,李,1,0.777139,0.777139,二游诗。任诗,闲日不整冠,不整冠,《古詩》：君子防未然，李下不整冠。,0.777139,5032,14,2.7821939586645468,大样本,0.1987281399046105,0.07142857142857142,6.0
皮日休,案,1,0.77022,0.77022,酬鲁望见迎绿罽次韵,酬赠既无青玉案,青玉案,《張平子詩》曰：「美人贈我錦繡段，何以報之青玉案。」,0.77022,5032,14,2.7821939586645468,大样本,0.1987281399046105,0.07142857142857142,7.0
皮日休,食器,1,0.76941,0.76941,补周礼九夏系文。九夏歌九篇,自筐及筥,維筐及筥,于以盛之，維筐及筥。,0.76941,5032,14,2.7821939586645468,大样本,0.1987281399046105,0.07142857142857142,8.0
皮日休,圖畫,1,0.766935,0.766935,鲁望昨以五百言见贻过有褒美内揣庸陋弥增愧悚…微旨也,其中有拟者,擬諸形容,象其物宜。,0.766935,5032,14,2.7821939586645468,大样本,0.1987281399046105,0.07142857142857142,9.0
皮日休,致仕,1,0.759039,0.759039,七爱诗。白太傅（居易）,仕若不得志,若不得謝,謂不聽致仕也。,0.759039,5032,14,2.7821939586645468,大样本,0.1987281399046105,0.07142857142857142,10.0
皮日休,衣服,1,0.748049,0.748049,三羞诗三首,衣之以侯衣,寒者衣之,,0.748049,5032,14,2.7821939586645468,大样本,0.1987281399046105,0.07142857142857142,11.0
皮日休,正月十五日,1,0.745135,0.745135,太湖诗。石板（在石公山前）,安得三五夕,三五之夕,,0.745135,5032,14,2.7821939586645468,大样本,0.1987281399046105,0.07142857142857142,12.0
皮日休,舟,1,0.744262,0.744262,吴中苦雨因书一百韵寄鲁望,此时一千里,舳艫,千里。,0.744262,5032,14,2.7821939586645468,大样本,0.1987281399046105,0.07142857142857142,13.0
刘长卿,寒,1,0.836255,0.836255,酬张夏雪夜赴州访别途中苦寒作,不惮苦寒行,苦寒行,魏武《苦寒行》曰：「人馬同時飢，擔囊行取薪，斧冰持作糜。」糜，粥也。,0.836255,5373,9,1.6750418760469012,大样本,0.18611576400521124,0.1111111111111111,1.0
刘长卿,弓,1,0.808989,0.808989,避地江东，留别淮南使院诸公,却使他人得楚弓,楚人亡弓楚人得之,,0.808989,5373,9,1.6750418760469012,大样本,0.18611576400521124,0.1111111111111111,2.0
刘长卿,市,1,0.806776,0.806776,颍川留别司仓李万,且知投刃皆若虚,投刃皆虛,庖丁解牛者，砉然騞然，莫不中音，投刃皆虛。丁曰：臣始解牛之時，所見非牛。三年之後未嘗見全牛也。今臣之刀，十九年所解千牛，而刃無肯綮，若初發硎，以其游刃必有餘地。,0.806776,5373,9,1.6750418760469012,大样本,0.18611576400521124,0.1111111111111111,3.0
刘长卿,九月九日,1,0.801896,0.801896,九日登李明府北楼,九日登高望,登高,《續齊諧記》：汝南桓景隨費長房遊學，長房謂曰：「九月九日，汝家當有災異，急令家人縫絳囊，盛茱萸，繫臂上，登高飲菊花酒，此禍乃消，景從其言，還家登山，夕還見雞犬，一時暴死。今人九月九日登高是其事。,0.801896,5373,9,1.6750418760469012,大样本,0.18611576400521124,0.1111111111111111,4.0
刘长卿,三月三,1,0.800237,0.800237,奉陪使君西庭送淮西魏判官（得山字）,多在八公山,八公山,宋武帝三月三日，登八公山。劉安故臺曰：「城郭如匹帛之，繞叢花也。」,0.800237,5373,9,1.6750418760469012,大样本,0.18611576400521124,0.1111111111111111,5.0
刘长卿,丹藥,1,0.797804,0.797804,寻洪尊师不遇,何处化丹砂,化丹砂,李少君曰：「祠竈丹砂，可化為黃金。,0.797804,5373,9,1.6750418760469012,大样本,0.18611576400521124,0.1111111111111111,6.0
刘长卿,寛不按吏,1,0.775934,0.775934,送薛据宰涉县（自永乐主簿陟状，寻复选受此官）,蒲鞭使人畏,蒲鞭。,劉寛宇文饒吏人有過以蒲鞭罰之以示辱也,0.775934,5373,9,1.6750418760469012,大样本,0.18611576400521124,0.1111111111111111,7.0
刘长卿,仙,1,0.753489,0.753489,对雨赠济阴马少府考城蒋少府兼献成武五兄南华二兄,谁为生羽翼,生羽翼,,0.753489,5373,9,1.6750418760469012,大样本,0.18611576400521124,0.1111111111111111,8.0
刘长卿,衣服,1,0.743609,0.743609,送张判官罢使东归,范叔寒犹在,范叔寒,見上綈袍注。,0.743609,5373,9,1.6750418760469012,大样本,0.18611576400521124,0.1111111111111111,9.0
白居易,老,6,0.89456,0.8118167,洛中偶作（自此后在东都作）,不知老将至,不知老之將至,,0.89456,33303,161,4.834399303366062,大样本,0.18016394919376633,0.037267080745341616,1.0
皎然,德,1,0.96043,0.96043,讲德联句,明德惟馨,明德惟馨,,0.96043,5651,14,2.4774376216598832,大样本,0.1769598301185631,0.07142857142857142,2.0
皎然,兄弟,1,0.837343,0.837343,哭吴县房耸明府,夫子寡兄弟,寡兄弟,子路曰：「吾寡兄弟而不忍除也。姊喪,0.837343,5651,14,2.4774376216598832,大样本,0.1769598301185631,0.07142857142857142,3.0
皎然,扇,1,0.829892,0.829892,因游支硎寺寄邢端公,诗题白羽扇,白羽扇,裴啟《語林》曰：「諸葛武侯，持白羽扇，指麾三軍。,0.829892,5651,14,2.4774376216598832,大样本,0.1769598301185631,0.07142857142857142,4.0
皎然,縣令,1,0.809101,0.809101,讲德联句,吏不能欺,人不敢欺,西門豹為政，人不敢欺；鄭子產為政，人不能欺；宓子賤為政，人不敢欺。,0.809101,5651,14,2.4774376216598832,大样本,0.1769598301185631,0.07142857142857142,5.0
皎然,桑,1,0.797204,0.797204,浮云三章,集于扶桑,扶桑,,0.797204,5651,14,2.4774376216598832,大样本,0.1769598301185631,0.07142857142857142,6.0
皎然,龍,1,0.79251,0.79251,郑容全成蛟形木机歌,还应不是池中物,非池中物,《吳志》：龍非池中物，雨必飛去。,0.79251,5651,14,2.4774376216598832,大样本,0.1769598301185631,0.07142857142857142,7.0
皎然,日,1,0.790799,0.790799,浮云三章,日昃之时,日昃之離,,0.790799,5651,14,2.4774376216598832,大样本,0.1769598301185631,0.07142857142857142,8.0
皎然,言語,1,0.779522,0.779522,讲德联句,其言不朽,其容不改,斯言有章。,0.779522,5651,14,2.4774376216598832,大样本,0.1769598301185631,0.07142857142857142,9.0
皎然,視,1,0.763802,0.763802,访陆处士羽（一作访陆羽处士不遇）,所思不可见,目所不見,故若存若亡心所不繋故不生不滅。,0.763802,5651,14,2.4774376216598832,大样本,0.1769598301185631,0.07142857142857142,10.0
皎然,雲,1,0.763015,0.763015,同薛员外谊喜雨诗兼上杨使君,郊云不待族,不待族,廣成子謂：黃帝自爾，治天下雲氣，不待族而雨。,0.763015,5651,14,2.4774376216598832,大样本,0.1769598301185631,0.07142857142857142,11.0
皎然,故舊,1,0.750033,0.750033,新秋送卢判官,故人念宿昔,恤飬故人,漢婁䕶君卿有故人，呂公無子歸䕶䕶身與吕公妻與呂嫗同食，及居。妻子頗厭䕶流涕責曰：「呂公以故舊老窮，寄身於我，義所當奉。」遂飬呂公終身。,0.750033,5651,14,2.4774376216598832,大样本,0.1769598301185631,0.07142857142857142,12.0
皎然,洞,1,0.744064,0.744064,奉同颜使君真卿清风楼赋得洞庭歌送吴炼师归林屋洞,三十六洞称最灵,三十六,《茅君內傳》：大天之內，有玄中之洞三十六所。第一王屋山之洞：周迴萬里，名曰小有清虛之天。第二委羽之洞：周迴萬里，名曰大有空明之天。第三西域土山之谷：周迴三千里，名曰太玄，摠真之天。第四西方玄三山之谷：周迴千里名曰三玄，極真之天。第五青城之洞：周迴三千里，名曰寶仙，九室之天。第六赤城丹山之洞：周迴三百里，名曰上酒平之天。第七羅浮山之洞：周五百里，名曰朱明，曜真之天。第八曲向山之洞：周一百五十里，名曰金壇華陽之天。第九林屋山之洞：周四百里，名曰左神幽墟之天。第十括蒼之洞：周迴三百里，名曰成德隱玄之天。凡此十洞，皆仙人靈真之陰天，內宮也，其八海之中，崑崙、蓬萊、方丈、瀛洲、滄波、白山，八停之神山，山皆有洞宮，或有方千里、五百里，非名小天之例，不在三十六天之洞數也。五嶽及名山洞室，或三十里、二十里、十里，難並合神仙之言，又非小天之數，嶽洞萬里，其岱宗山之洞，周三千里，名曰三宮空洞之天。羅酆山之洞：周一萬五千里，名曰北帝死生之天，皆死神所治五帝之官考，謫之府也。鬼神所冶，又有二十八小洞，天之陰宮，或地官所在者，不能一一記其洞山之名，略摽其大者耳。其餘有六洞：天陰宮山，皆夷狄異類，鬼所不治，犬戎鳥獸蠻裸，夷之種也。匈奴之天下：北戎之善山，南越之拘屢是也。句曲山洞宮之中：本有仙人郭四，朝者治其宮，亦司三官。領羅酆師。晨候四朝，燕人也。兄弟四人得道，四朝是長兄也。,0.744064,5651,14,2.4774376216598832,大样本,0.1769598301185631,0.07142857142857142,13.0
李商隐,犯夜,1,0.786496,0.786496,少年,灞陵夜猎随田窦,灞亭夜獵,李廣將軍夜獵還灞陵亭長呵叱之,0.786496,5687,5,0.8791981712678038,大样本,0.17583963425356075,0.2,1.0
李商隐,河,1,0.784135,0.784135,拟意,濯锦桃花水,桃花水,《溝洫志》：河決而桃花水漾溢。注云：三月水漲名。,0.784135,5687,5,0.8791981712678038,大样本,0.17583963425356075,0.2,2.0
李商隐,郊,1,0.769504,0.769504,寿安公主出降,四郊多垒在,多壘,《禮》曰：「四郊多壘，卿大夫之辱。,0.769504,5687,5,0.8791981712678038,大样本,0.17583963425356075,0.2,3.0
李商隐,怒,1,0.764072,0.764072,骄儿诗,威怒不可律,不怒而威,神,0.764072,5687,5,0.8791981712678038,大样本,0.17583963425356075,0.2,4.0
李商隐,老,1,0.746602,0.746602,韩碑,传之七十有二代,七十老而傳,《傳》：家事在子孫。,0.746602,5687,5,0.8791981712678038,大样本,0.17583963425356075,0.2,5.0
元稹,言語,2,0.785553,0.784397,感梦（梦故兵部裴尚书相公）,我亦不能语,似不能言,,0.785553,11812,24,2.031832035218422,大样本,0.16931933626820184,0.08333333333333333,2.0
陆龟蒙,命運,1,0.839724,0.839724,紫溪翁歌,吾不知所以然而然,不知所以然而然,,0.839724,6183,17,2.749474365194889,大样本,0.16173378618793466,0.058823529411764705,2.0
陆龟蒙,藻鑑,1,0.800289,0.800289,袭美先辈以龟蒙所献五百言既蒙见和复示荣唱…用伸酬谢,纵有月旦评,月旦評,後漢許劭與兄靖俱有高名共覈論鄉黨人物每月更品題由是汝南俗有月旦評也,0.800289,6183,17,2.749474365194889,大样本,0.16173378618793466,0.058823529411764705,3.0
陆龟蒙,賞賜,1,0.783061,0.783061,奉和袭美太湖诗二十首。投龙潭,民皆受其赐,受賜。,民到于今受其賜。,0.783061,6183,17,2.749474365194889,大样本,0.16173378618793466,0.058823529411764705,4.0
陆龟蒙,案,1,0.780053,0.780053,以竹夹膝寄赠袭美,持赠敢齐青玉案,青玉案,《張平子詩》曰：「美人贈我錦繡段，何以報之青玉案。」,0.780053,6183,17,2.749474365194889,大样本,0.16173378618793466,0.058823529411764705,5.0
陆龟蒙,舟,1,0.775062,0.775062,奉和袭美太湖诗二十首。明月湾,但当乘扁舟,扁舟,句踐既滅吳，范蠡乘扁舟泛五湖。,0.775062,6183,17,2.749474365194889,大样本,0.16173378618793466,0.058823529411764705,6.0
陆龟蒙,師,1,0.766457,0.766457,奉和袭美添渔具五篇。渔庵,各随吾所好,從吾所好,既多知十之賢**：博我以文，必重在三之義。,0.766457,6183,17,2.749474365194889,大样本,0.16173378618793466,0.058823529411764705,7.0
陆龟蒙,酒,1,0.766225,0.766225,江南秋怀寄华阳山人,俄分上尊酒,上尊酒,漢賜丞相上尊。《注》云：糯米一斗為上尊，稷為中粟，為下。,0.766225,6183,17,2.749474365194889,大样本,0.16173378618793466,0.058823529411764705,8.0
陆龟蒙,乳母,1,0.765769,0.765769,袭美先辈以龟蒙所献五百言既蒙见和复示荣唱…用伸酬谢,少小不好弄,弱不好弄,《傳》：夷吾弱，不好弄。弄，戱也。弱，幼也。,0.765769,6183,17,2.749474365194889,大样本,0.16173378618793466,0.058823529411764705,9.0
陆龟蒙,飢饉,1,0.762448,0.762448,奉和袭美太湖诗二十首。包山祠,所祈年不凶,祈年不應,《周禮》。祈年，祈豐年也。,0.762448,6183,17,2.749474365194889,大样本,0.16173378618793466,0.058823529411764705,10.0
陆龟蒙,智謀,1,0.761474,0.761474,京口与友生话别,博物君能继,博物君子,晉侯謂子産為博物君子,0.761474,6183,17,2.749474365194889,大样本,0.16173378618793466,0.058823529411764705,11.0
陆龟蒙,冬,1,0.755496,0.755496,读《阴符经》寄鹿门子,昼短苦夜永,宵長晝短,,0.755496,6183,17,2.749474365194889,大样本,0.16173378618793466,0.058823529411764705,12.0
陆龟蒙,鼎,1,0.749837,0.749837,杂讽九首,暮列五鼎食,五鼎,主父偃曰：「生不五鼎食，死當五鼎烹。,0.749837,6183,17,2.749474365194889,大样本,0.16173378618793466,0.058823529411764705,13.0
陆龟蒙,劍,1,0.748731,0.748731,杂讽九首,左右佩剑者,進劍者左手,尊也。《禮》。,0.748731,6183,17,2.749474365194889,大样本,0.16173378618793466,0.058823529411764705,14.0
陆龟蒙,宮殿,1,0.746147,0.746147,奉和袭美添渔具五篇。蓑衣,上有青袯襫,朱甍。,青甃。,0.746147,6183,17,2.749474365194889,大样本,0.16173378618793466,0.058823529411764705,15.0
陆龟蒙,言語,1,0.745546,0.745546,袭美先辈以龟蒙所献五百言既蒙见和复示荣唱…用伸酬谢,信知君子言,孟子之知言,詖辭知其所蔽，淫辭知其所䧟邪。辭知其所離遁，辭知其所窮。,0.745546,6183,17,2.749474365194889,大样本,0.16173378618793466,0.058823529411764705,16.0
韦应物,印綬,1,0.817344,0.817344,郡内闲居,腰悬竹使符,竹使符,竹符五枚，長五寸。錐畫篆書，一至五，以代古之珪璋。,0.817344,6307,10,1.5855398763278896,大样本,0.15855398763278897,0.1,1.0
韦应物,伏日,1,0.808127,0.808127,秋夕西斋与僧神静游,正当秋夏交,秋夏之交,,0.808127,6307,10,1.5855398763278896,大样本,0.15855398763278897,0.1,2.0
韦应物,美人,1,0.794144,0.794144,雪中闻李儋过门不访，聊以寄赠,已想人如玉,如玉,有佳人，美者顔如玉,0.794144,6307,10,1.5855398763278896,大样本,0.15855398763278897,0.1,3.0
韦应物,仙,1,0.783316,0.783316,谢栎阳令归西郊，赠别诸友生,何由生羽翼,生羽翼,,0.783316,6307,10,1.5855398763278896,大样本,0.15855398763278897,0.1,4.0
韦应物,錦,1,0.771617,0.771617,金谷园歌,锦为步障四十里,步障,《世說》：石崇錦，步障四十里。,0.771617,6307,10,1.5855398763278896,大样本,0.15855398763278897,0.1,5.0
韦应物,裘,1,0.759161,0.759161,上方僧,今年三十年,三十年,晏子一狐裘三十年，晏子焉知禮？言太儉也。,0.759161,6307,10,1.5855398763278896,大样本,0.15855398763278897,0.1,6.0
韦应物,冠弁冕,1,0.756509,0.756509,寄别李儋,首戴惠文冠,惠文,武冠一，曰惠文。或曰趙惠文王所造。或曰齊人，見千歲涸澤之神，名曰慶忌。冠大冠，乘小車。疾馳，因象其冠而服焉。,0.756509,6307,10,1.5855398763278896,大样本,0.15855398763278897,0.1,7.0
韦应物,僣賞,1,0.747388,0.747388,拟古诗十二首,君子不在赏,君子不以小言受大祿,不以大言受小祿。祿，賞也。,0.747388,6307,10,1.5855398763278896,大样本,0.15855398763278897,0.1,8.0
韦应物,義,1,0.746799,0.746799,寄黄、刘二尊师,道尊不可屈,節不可奪，,道不可屈。,0.746799,6307,10,1.5855398763278896,大样本,0.15855398763278897,0.1,9.0
韦应物,性情,1,0.743905,0.743905,效陶彭泽,物性有如此,人各有性,張竦答陳遵曰：「人各有性，長短自裁。子欲為我，亦不能，吾將效子亦敗矣！」,0.743905,6307,10,1.5855398763278896,大样本,0.15855398763278897,0.1,10.0
孟郊,道路,1,0.865447,0.865447,吊江南老家人春梅,胡为乎泥中,胡為泥中,,0.865447,6441,18,2.794597112249651,大样本,0.1552553951249806,0.05555555555555555,3.0
孟郊,扇,1,0.838187,0.838187,塘下行,徒将白羽扇,白羽扇,裴啟《語林》曰：「諸葛武侯，持白羽扇，指麾三軍。,0.838187,6441,18,2.794597112249651,大样本,0.1552553951249806,0.05555555555555555,4.0
孟郊,怨棄,1,0.831317,0.831317,张徐州席送岑秀才,久要不可忘,久要不忘平生,,0.831317,6441,18,2.794597112249651,大样本,0.1552553951249806,0.05555555555555555,5.0
孟郊,天,1,0.793854,0.793854,吊元鲁山,造次不可升,不可階而升,,0.793854,6441,18,2.794597112249651,大样本,0.1552553951249806,0.05555555555555555,6.0
孟郊,怠惰,1,0.781184,0.781184,品松,所以不敢慵,不敢怠荒。,,0.781184,6441,18,2.794597112249651,大样本,0.1552553951249806,0.05555555555555555,7.0
孟郊,貧,1,0.772171,0.772171,伤时,常闻贫贱士之常,而貧者,亦士之常。,0.772171,6441,18,2.794597112249651,大样本,0.1552553951249806,0.05555555555555555,8.0
孟郊,雁,1,0.770549,0.770549,和丁助教塞上吟,哀哀不能已,哀哀,音響何哀哀。,0.770549,6441,18,2.794597112249651,大样本,0.1552553951249806,0.05555555555555555,9.0
孟郊,鸞,1,0.765646,0.765646,感怀,徘徊不能寐,徘徊,《漢》息夫躬絕命辭曰：鷹隼橫厲，鸞徘徊兮。矰若浮焱，動則機兮兮。叢棘棧棧曷可棲兮，冤頸折翼庸得往兮。云云。,0.765646,6441,18,2.794597112249651,大样本,0.1552553951249806,0.05555555555555555,10.0
孟郊,老,1,0.7626,0.7626,送柳淳,相逢不知老,不知老之將至,,0.7626,6441,18,2.794597112249651,大样本,0.1552553951249806,0.05555555555555555,11.0
孟郊,九月九日,1,0.761742,0.761742,感怀,登高有所思,登高,《續齊諧記》：汝南桓景隨費長房遊學，長房謂曰：「九月九日，汝家當有災異，急令家人縫絳囊，盛茱萸，繫臂上，登高飲菊花酒，此禍乃消，景從其言，還家登山，夕還見雞犬，一時暴死。今人九月九日登高是其事。,0.761742,6441,18,2.794597112249651,大样本,0.1552553951249806,0.05555555555555555,12.0
孟郊,月,1,0.75687,0.75687,感怀,天道有亏盈,盈必毀天之道也,,0.75687,6441,18,2.794597112249651,大样本,0.1552553951249806,0.05555555555555555,13.0
孟郊,射,1,0.7516,0.7516,赠别殷山人说易后归幽墅,幽幽人不知,人不知,《晉》：魏舒為後將軍，盧毓每與參佐射，常為畫籌。後遇朋人不足，以舒滿數。毓初不知其善射，容範閑雅，發無不中。舉坐莫有，敵之者。,0.7516,6441,18,2.794597112249651,大样本,0.1552553951249806,0.05555555555555555,14.0
孟郊,貴,1,0.750319,0.750319,感别送从叔校书简再登科东归,下有名利人,下人,《家語》：以冨貴而下人，何人不與？,0.750319,6441,18,2.794597112249651,大样本,0.1552553951249806,0.05555555555555555,15.0
孟郊,言語,1,0.746085,0.746085,和钱侍郎甘露,玄天何以言,天何言哉,子曰予欲無言。,0.746085,6441,18,2.794597112249651,大样本,0.1552553951249806,0.05555555555555555,16.0
齐己,地,1,0.782247,0.782247,寄诗友,天地有万物,資生萬物。,,0.782247,6718,9,1.3396844298898483,大样本,0.14885382554331647,0.1111111111111111,2.0
齐己,行旅,1,0.774315,0.774315,城中晚夏思山,岂同游子暮何之,遊子暮何之,《李陵詩》。,0.774315,6718,9,1.3396844298898483,大样本,0.14885382554331647,0.1111111111111111,3.0
齐己,瓜,1,0.767965,0.767965,夏云曲,而又变之成五色,五色,阮藉瓜《詩》曰：五色曜朝日。,0.767965,6718,9,1.3396844298898483,大样本,0.14885382554331647,0.1111111111111111,4.0
齐己,鬼神,1,0.757444,0.757444,古松,应有鬼神看,幽則有鬼神,言可以助天地成化。,0.757444,6718,9,1.3396844298898483,大样本,0.14885382554331647,0.1111111111111111,5.0
齐己,蓮,1,0.747408,0.747408,蝴蝶,犹得采芙蓉,涉江采芙蓉,《古詩》。,0.747408,6718,9,1.3396844298898483,大样本,0.14885382554331647,0.1111111111111111,6.0
齐己,崑崙山,1,0.747217,0.747217,酬西川楚峦上人卷,东西五千里,去中國五萬里,《水經》曰：「崑崙之墟在西北方，去嵩高五萬里，地之中其高萬一千里，河水出其東北陬也。」,0.747217,6718,9,1.3396844298898483,大样本,0.14885382554331647,0.1111111111111111,7.0
齐己,堂,1,0.744285,0.744285,赠李明府,能消不下堂,不下堂,天子不下堂而見諸侯。,0.744285,6718,9,1.3396844298898483,大样本,0.14885382554331647,0.1111111111111111,8.0
贯休,造化,1,0.888025,0.888025,村行遇猎,我闻天地之大德曰生,天地之大德曰生,,0.888025,7120,32,4.49438202247191,大样本,0.1404494382022472,0.03125,6.0
贯休,宰相,1,0.871803,0.871803,大蜀皇帝寿春节进尧铭舜颂二首。舜颂,五典克从,百揆時序,五典克從。,0.871803,7120,32,4.49438202247191,大样本,0.1404494382022472,0.03125,7.0
贯休,疾,1,0.816062,0.816062,问岳禅师疾,而有斯疾,伯牛有疾,子曰：斯人也。而有斯疾也。,0.816062,7120,32,4.49438202247191,大样本,0.1404494382022472,0.03125,8.0
贯休,信,1,0.807036,0.807036,循吏曲上王使君,大信不信,大信不約,,0.807036,7120,32,4.49438202247191,大样本,0.1404494382022472,0.03125,9.0
贯休,仙,1,0.80624,0.80624,赠方干,白日升天路,白日升天,,0.80624,7120,32,4.49438202247191,大样本,0.1404494382022472,0.03125,10.0
贯休,父子,1,0.803623,0.803623,山中作,不论才不才,才不才,亦各言其子也。,0.803623,7120,32,4.49438202247191,大样本,0.1404494382022472,0.03125,11.0
贯休,性情,1,0.800312,0.800312,怀张为、周朴,心与人不同,人各有心,,0.800312,7120,32,4.49438202247191,大样本,0.1404494382022472,0.03125,12.0
贯休,郊天,1,0.797149,0.797149,大蜀皇帝寿春节进尧铭舜颂二首。尧铭,承天眷命,皇天眷命,,0.797149,7120,32,4.49438202247191,大样本,0.1404494382022472,0.03125,13.0
贯休,道士,1,0.796324,0.796324,商山道者,五千言外得玄音,五千玄言,,0.796324,7120,32,4.49438202247191,大样本,0.1404494382022472,0.03125,14.0
贯休,清亷,1,0.793643,0.793643,上缙云段使君,清畏人知人尽知,畏人知,胡質為徐州子威自京師歸省驅驢毎舍於驢取樵見父十餘日告歸父賜絹一匹威跪曰大人清亷安得此絹質曰吾俸祿之餘後威為徐州晉武帝問卿清何如父清對曰臣不如父父清畏人知臣清畏人不知,0.793643,7120,32,4.49438202247191,大样本,0.1404494382022472,0.03125,15.0
贯休,諫諍,1,0.788311,0.788311,续姚梁公坐右铭,成人之美,成人之美。,君子。,0.788311,7120,32,4.49438202247191,大样本,0.1404494382022472,0.03125,16.0
贯休,俎,1,0.782596,0.782596,长持经僧,一食而已,一食之人，一人徹,為聚食也。,0.782596,7120,32,4.49438202247191,大样本,0.1404494382022472,0.03125,17.0
贯休,行旅,1,0.781785,0.781785,送少年禅师二首,岂愁游子暮何之,遊子暮何之,《李陵詩》。,0.781785,7120,32,4.49438202247191,大样本,0.1404494382022472,0.03125,18.0
贯休,言語,1,0.777352,0.777352,寄杜使君,有时作章句,有章,出言有章。,0.777352,7120,32,4.49438202247191,大样本,0.1404494382022472,0.03125,19.0
贯休,冨,1,0.773303,0.773303,甘雨应祈,不足者足,不足觀,子曰：「如有周公之才之美，使驕且吝。其餘，不足觀也。」,0.773303,7120,32,4.49438202247191,大样本,0.1404494382022472,0.03125,20.0
贯休,未能為政,1,0.772319,0.772319,续姚梁公坐右铭,不得不止,不能者止。,,0.772319,7120,32,4.49438202247191,大样本,0.1404494382022472,0.03125,21.0
贯休,弔,1,0.756982,0.756982,秋末怀旧山,无人知姓名,不知名,《漢》：龔勝死，有父老弔之，甚哀曰：「膏以明自煎，龔生竟夭天年。人莫知其名也。」,0.756982,7120,32,4.49438202247191,大样本,0.1404494382022472,0.03125,22.0
贯休,終南山,1,0.750326,0.750326,寄韩团练,独立千仞壁,壁千丈,,0.750326,7120,32,4.49438202247191,大样本,0.1404494382022472,0.03125,23.0
贯休,奴婢,1,0.750155,0.750155,句,至竟不封侯,封不義侯,《後漢》：詔討彭寵者封侯。寵，蒼頭。奴子密殺寵，朝廷以奴殺主不義，復不可不封，乃封為不義侯。,0.750155,7120,32,4.49438202247191,大样本,0.1404494382022472,0.03125,24.0
贯休,疑獄,1,0.743757,0.743757,大蜀皇帝寿春节进尧铭舜颂二首。尧铭,不疑不疑,疑事無質。,質，成也。疑則捨之，不可成言也。,0.743757,7120,32,4.49438202247191,大样本,0.1404494382022472,0.03125,25.0
贯休,筆硯,1,0.743051,0.743051,笔,何妨成五色,五色,江淹夢授五色筆，由是文藻由新。,0.743051,7120,32,4.49438202247191,大样本,0.1404494382022472,0.03125,26.0
贯休,日,1,0.741658,0.741658,大蜀高祖潜龙日献陈情偈颂,揭日月行,昭昭揭行,如揭日月。,0.741658,7120,32,4.49438202247191,大样本,0.1404494382022472,0.03125,27.0
李白,手,2,0.858565,0.858565,相和歌辞。君道曲,如心之使臂,如臂之使手,,0.858565,15477,71,4.587452348646379,大样本,0.12922400982102475,0.028169014084507043,2.0
李白,西京,2,0.83794,0.83794,相和歌辞。对酒二首,自古帝王宅,帝王之宅,崤函作帝王之宅。,0.83794,15477,71,4.587452348646379,大样本,0.12922400982102475,0.028169014084507043,3.0
李白,拜揖,2,0.837274,0.80626047,游泰山六首（天宝元年四月从故御道上泰山）,稽首再拜之,大夫稽首再拜君答拜之,《禮》無不答,0.837274,15477,71,4.587452348646379,大样本,0.12922400982102475,0.028169014084507043,4.0
李白,草,2,0.832501,0.82955,送舍弟,应得池塘生春草,池塘生春草,,0.832501,15477,71,4.587452348646379,大样本,0.12922400982102475,0.028169014084507043,5.0
李白,笑,2,0.81618,0.81618,舞曲歌辞。白纻辞,美人一笑千黄金,一笑千金,,0.81618,15477,71,4.587452348646379,大样本,0.12922400982102475,0.028169014084507043,6.0
李白,案,2,0.804832,0.7850685,南奔书怀（一作自丹阳南奔道中作。萧士赟云是伪作）,传觞青玉案,青玉案,《張平子詩》曰：「美人贈我錦繡段，何以報之青玉案。」,0.804832,15477,71,4.587452348646379,大样本,0.12922400982102475,0.028169014084507043,7.0
李白,言語,2,0.800832,0.7807755,忆旧游，寄谯郡元参军,言亦不可尽,似不能言,,0.800832,15477,71,4.587452348646379,大样本,0.12922400982102475,0.028169014084507043,8.0
李白,賔主,2,0.799422,0.799422,杂曲歌辞。行路难三首,曳裾王门不称情,曳裾王門,鄒陽上書曰：臣飾庸陋，則何王之門，不可曳長裾乎？,0.799422,15477,71,4.587452348646379,大样本,0.12922400982102475,0.028169014084507043,9.0
李白,石,2,0.796491,0.7787255,送张秀才谒高中丞,玉石俱烧焚,與石俱焚,《書》云：「火炎岷岡，玉石俱焚。」,0.796491,15477,71,4.587452348646379,大样本,0.12922400982102475,0.028169014084507043,10.0
李白,仙,2,0.788961,0.77214396,商山四皓,倏起生羽翼,生羽翼,,0.788961,15477,71,4.587452348646379,大样本,0.12922400982102475,0.028169014084507043,11.0
李白,舂,2,0.78167,0.78167,杂歌谣辞。箜篌谣,汉谣一斗粟,斗粟,漢文殺淮南王人歌曰：一斗粟尚可舂，兄弟二人不相容。,0.78167,15477,71,4.587452348646379,大样本,0.12922400982102475,0.028169014084507043,12.0
李白,死,2,0.771154,0.771154,杂曲歌辞。悲歌,死生一度人皆有,死生有命,,0.771154,15477,71,4.587452348646379,大样本,0.12922400982102475,0.028169014084507043,13.0
李白,書,2,0.769788,0.769788,杂曲歌辞。悲歌,书能知姓名,記姓名,《漢書》項羽少時，學書不成。乃曰：「書足記姓名而已。」,0.769788,15477,71,4.587452348646379,大样本,0.12922400982102475,0.028169014084507043,14.0
李白,致仕,2,0.766278,0.766278,杂曲歌辞。悲歌,功成名遂身自退,功成名遂身退，天之道,,0.766278,15477,71,4.587452348646379,大样本,0.12922400982102475,0.028169014084507043,15.0
李白,虎,2,0.765892,0.765892,相和歌辞。猛虎行,朝作猛虎行,猛虎行,《文．陸機〈猛虎行〉》：「渴不飲盜泉水，熱不息惡水陰。,0.765892,15477,71,4.587452348646379,大样本,0.12922400982102475,0.028169014084507043,16.0
李白,宮殿,2,0.758462,0.758462,乐府杂曲。鼓吹曲辞。上之回,三十六离宫,便殿,離宫,0.758462,15477,71,4.587452348646379,大样本,0.12922400982102475,0.028169014084507043,17.0
李白,兄弟,2,0.742253,0.742253,相和歌辞。上留田,尺布之谣,旣彰尋斧之醜,豈慙尺布之謡,0.742253,15477,71,4.587452348646379,大样本,0.12922400982102475,0.028169014084507043,18.0
白居易,性情,4,0.844809,0.8155295,截树,人各有偏好,人各有心,,0.844809,33303,161,4.834399303366062,大样本,0.12010929946251088,0.024844720496894408,2.0
白居易,言語,4,0.830862,0.769054,访陶公旧宅,口终不能言,似不能言,,0.830862,33303,161,4.834399303366062,大样本,0.12010929946251088,0.024844720496894408,3.0
白居易,食,4,0.805846,0.7690095,官俸初罢，亲故见忧，以诗谕之,未至食藜藿,藜藿,《七發》曰：予甘藜藿，未暇此食。,0.805846,33303,161,4.834399303366062,大样本,0.12010929946251088,0.024844720496894408,4.0
白居易,仙,4,0.790618,0.7694115,感事,常期生羽翼,生羽翼,,0.790618,33303,161,4.834399303366062,大样本,0.12010929946251088,0.024844720496894408,5.0
白居易,杯,4,0.771274,0.75375724,秋池独泛,手中持酒卮,卮酒,何武賜何，壽兄卮酒。,0.771274,33303,161,4.834399303366062,大样本,0.12010929946251088,0.024844720496894408,6.0
白居易,命運,4,0.76972,0.75370824,偶然二首,毕竟不能知所以,不知所以然而然,,0.76972,33303,161,4.834399303366062,大样本,0.12010929946251088,0.024844720496894408,7.0
白居易,弔,4,0.759523,0.75087726,续古诗十首,不知姓与名,不知名,《漢》：龔勝死，有父老弔之，甚哀曰：「膏以明自煎，龔生竟夭天年。人莫知其名也。」,0.759523,33303,161,4.834399303366062,大样本,0.12010929946251088,0.024844720496894408,8.0
杜甫,勤學,2,0.848644,0.80734205,壮游,欲罢不能忘,欲罷不能,,0.848644,19576,47,2.40089906007356,大样本,0.1021659174499387,0.0425531914893617,1.0
杜甫,龍,2,0.810553,0.8046495,上韦左相二十韵（见素）,岂是池中物,非池中物,《吳志》：龍非池中物，雨必飛去。,0.810553,19576,47,2.40089906007356,大样本,0.1021659174499387,0.0425531914893617,2.0
杜甫,神異,2,0.79238,0.776231,遣兴五首,嵇康不得死,嵇康受廣陵散,嵇康夜宿華亭，彈琴。夜半有客詣之。共談音律，辭致清辯。謂《廣陵散》，調絕倫，遂授康。仍誓不得傳，康撰高士傳，云云。,0.79238,19576,47,2.40089906007356,大样本,0.1021659174499387,0.0425531914893617,3.0
杜甫,徵聘,2,0.789149,0.76778,遣兴五首,膏以明自煎,以明自煎,龔勝被王莽徵，不食而死，有老父來弔，甚哀曰：「膏以明自煎龔生，競夭天年，非吾徒也。遂出，不知其姓名。,0.789149,19576,47,2.40089906007356,大样本,0.1021659174499387,0.0425531914893617,4.0
杜甫,死,2,0.769671,0.75831854,怀旧,便有死生分,死生有命,,0.769671,19576,47,2.40089906007356,大样本,0.1021659174499387,0.0425531914893617,5.0
白居易,直,3,0.925862,0.80435103,三谣。朱藤谣,直如朱绳,直如朱絲繩,,0.925862,33303,161,4.834399303366062,大样本,0.09008197459688316,0.018633540372670808,9.0
白居易,堂,3,0.80189,0.77234,饱食闲坐,闲坐不下堂,不下堂,天子不下堂而見諸侯。,0.80189,33303,161,4.834399303366062,大样本,0.09008197459688316,0.018633540372670808,10.0
白居易,酒,3,0.787113,0.7738387,不能忘情吟,我姑酌彼金罍,酌彼金罍,《詩》,0.787113,33303,161,4.834399303366062,大样本,0.09008197459688316,0.018633540372670808,11.0
白居易,露,3,0.776567,0.770189,和答诗十首。和松树,八月白露降,立秋後五日白露降,,0.776567,33303,161,4.834399303366062,大样本,0.09008197459688316,0.018633540372670808,12.0
白居易,裘,3,0.766973,0.7560584,游悟真寺诗（一百三十韵）,犹得三十年,三十年,晏子一狐裘三十年，晏子焉知禮？言太儉也。,0.766973,33303,161,4.834399303366062,大样本,0.09008197459688316,0.018633540372670808,13.0
元稹,致仕,1,0.859346,0.859346,望云骓马歌,功成事遂身退天之道,功成名遂身退，天之道,,0.859346,11812,24,2.031832035218422,大样本,0.08465966813410092,0.041666666666666664,3.0
元稹,劍,1,0.815678,0.815678,说剑,剑可剸犀兕,剸犀,,0.815678,11812,24,2.031832035218422,大样本,0.08465966813410092,0.041666666666666664,4.0
元稹,拜揖,1,0.813781,0.813781,庙之神,复再拜而再祝,再拜,,0.813781,11812,24,2.031832035218422,大样本,0.08465966813410092,0.041666666666666664,5.0
元稹,土功,1,0.81274,0.81274,赛神,主人不堪命,人不堪命,,0.81274,11812,24,2.031832035218422,大样本,0.08465966813410092,0.041666666666666664,6.0
元稹,養生,1,0.798938,0.798938,有鸟二十章（庚寅）,啄腐吞腥笑雕鹗,啄腐吞腥,,0.798938,11812,24,2.031832035218422,大样本,0.08465966813410092,0.041666666666666664,7.0
元稹,羊,1,0.795999,0.795999,江边四十韵（此后并江陵时作）,豺狼逐野麃,豺狼逐,《漢書》：譬如使豺狼逐群羊，無畏驅羊攻虎。,0.795999,11812,24,2.031832035218422,大样本,0.08465966813410092,0.041666666666666664,8.0
元稹,仙,1,0.795482,0.795482,江陵三梦,纵我生羽翼,生羽翼,,0.795482,11812,24,2.031832035218422,大样本,0.08465966813410092,0.041666666666666664,9.0
元稹,酒,1,0.791403,0.791403,寄刘颇二首,平生嗜酒颠狂甚,酒狂,蓋寛饒曰：無多酌我，我則酒狂。,0.791403,11812,24,2.031832035218422,大样本,0.08465966813410092,0.041666666666666664,10.0
元稹,河南尹,1,0.788821,0.788821,忆云之,各在四方表,四方表則,《晉》：庾純，字謀甫，為河南尹，為四方之表則。,0.788821,11812,24,2.031832035218422,大样本,0.08465966813410092,0.041666666666666664,11.0
元稹,勤官,1,0.774518,0.774518,旱灾自咎，贻七县宰同州时,竭力不敢惮,不敢怠遑,,0.774518,11812,24,2.031832035218422,大样本,0.08465966813410092,0.041666666666666664,12.0
元稹,長大人,1,0.766907,0.766907,青云驿,下有千仞谿,千仞,《楚詞》曰：「東方長人千仞，唯䰟是索。」,0.766907,11812,24,2.031832035218422,大样本,0.08465966813410092,0.041666666666666664,13.0
元稹,扇,1,0.761708,0.761708,酬孝甫见赠十首（各酬本意，次用旧韵）,雉尾扇开朝日出,雉尾扇,又曰：殷高宗有雉雊之徵服，章多用翟羽。故有雉尾扇。周制：以為王后夫人車服。輦車有翣，即緝雉羽以為扇。,0.761708,11812,24,2.031832035218422,大样本,0.08465966813410092,0.041666666666666664,14.0
元稹,寒食,1,0.759257,0.759257,连昌宫词,初过寒食一百六,一月寒食,《後漢》周舉遷并州刺史，太原舊俗，以介子推焚骸一月，斷火舉移書於子推廟。云寒食一月，老小不堪，今則三日而巳。,0.759257,11812,24,2.031832035218422,大样本,0.08465966813410092,0.041666666666666664,15.0
元稹,才不稱職,1,0.757925,0.757925,有酒十章,位者不逮其德耶,雖有其位茍無其德則素餐也,,0.757925,11812,24,2.031832035218422,大样本,0.08465966813410092,0.041666666666666664,16.0
元稹,桑,1,0.753344,0.753344,茅舍,奔走伐桑柘,無伐桑柘,,0.753344,11812,24,2.031832035218422,大样本,0.08465966813410092,0.041666666666666664,17.0
元稹,直,1,0.749734,0.749734,感梦（梦故兵部裴尚书相公）,好直者皆是,可謂直矣,,0.749734,11812,24,2.031832035218422,大样本,0.08465966813410092,0.041666666666666664,18.0
元稹,清亷,1,0.749719,0.749719,遣春三首,杨公三不惑,楊秉三不惑：,酒色財也為兖豫州刺史計日受俸,0.749719,11812,24,2.031832035218422,大样本,0.08465966813410092,0.041666666666666664,19.0
元稹,禱祀,1,0.746553,0.746553,庙之神,神不福人耶,神不享矣,,0.746553,11812,24,2.031832035218422,大样本,0.08465966813410092,0.041666666666666664,20.0
元稹,射,1,0.742264,0.742264,箭镞,不射人不安,射不主皮,,0.742264,11812,24,2.031832035218422,大样本,0.08465966813410092,0.041666666666666664,21.0
李白,吏隱,1,0.847301,0.847301,赠瑕丘王少府,来作南昌尉,南昌尉,梅福子真為南昌尉，時人謂之神仙之吏。,0.847301,15477,71,4.587452348646379,大样本,0.06461200491051237,0.014084507042253521,19.0
李白,射,1,0.833703,0.833703,经乱离后天恩流夜郎忆旧游书怀赠江夏韦太守良宰,安得羿善射,羿善射不得其死焉,,0.833703,15477,71,4.587452348646379,大样本,0.06461200491051237,0.014084507042253521,20.0
李白,戲謔,1,0.826365,0.826365,见野草中有曰白头翁者,亦有白头翁,白頭翁,吳諸葛恪侍權坐，有白頭烏集殿前。恪曰：白頭翁。張昭年老，疑恪戱之。因曰：「恪欺陛下，未有鳥名，白頭翁。請覔白頭母。」恪曰：「鳥有鸎母，請覔鸎父。」相弄謔如此。有司俱不罪。張昭有悟於聴聞。,0.826365,15477,71,4.587452348646379,大样本,0.06461200491051237,0.014084507042253521,21.0
李白,舟,1,0.810559,0.810559,越中秋怀,亦可乘扁舟,扁舟,句踐既滅吳，范蠡乘扁舟泛五湖。,0.810559,15477,71,4.587452348646379,大样本,0.06461200491051237,0.014084507042253521,22.0
李白,扇,1,0.810172,0.810172,夏日山中,懒摇白羽扇,白羽扇,裴啟《語林》曰：「諸葛武侯，持白羽扇，指麾三軍。,0.810172,15477,71,4.587452348646379,大样本,0.06461200491051237,0.014084507042253521,23.0
李白,霧,1,0.809511,0.809511,赠韦秘书子春二首,披云睹青天,睹青天,徐幹《中論》曰：「文王遇姜公於渭陽，執竿而釣，文王得之，若披雲見日月，如開霧睹青天。」,0.809511,15477,71,4.587452348646379,大样本,0.06461200491051237,0.014084507042253521,24.0
李白,乞師,1,0.808931,0.808931,酬裴侍御对雨感时见赠,申包哭秦庭,哭秦庭,《左傳》：吳入楚，楚申包胥詣秦，乞師，立依庭牆而哭，日夜不絕音，水漿不入口。七日而得兵。,0.808931,15477,71,4.587452348646379,大样本,0.06461200491051237,0.014084507042253521,25.0
李白,口齒,1,0.804346,0.804346,笑歌行（以下二首，苏轼云是伪作）,张仪所以只掉三寸舌,張儀掉三寸舌。,,0.804346,15477,71,4.587452348646379,大样本,0.06461200491051237,0.014084507042253521,26.0
李白,隠逸,1,0.786152,0.786152,之广陵宿常二南郭幽居,有如桃花源,避秦,桃源。,0.786152,15477,71,4.587452348646379,大样本,0.06461200491051237,0.014084507042253521,27.0
李白,冰,1,0.786147,0.786147,秋日炼药院镊白发，赠元六兄林宗,瓶冰知天寒,瓶中冰,《淮南子》曰：「見一葉之落，知歲之將暮，睹瓶中之冰，知天下之寒，以近論遠。」,0.786147,15477,71,4.587452348646379,大样本,0.06461200491051237,0.014084507042253521,28.0
李白,衣服,1,0.785909,0.785909,秋浦歌十七首,泪满黑貂裘,黑貂裘,《史記》：蘇秦說趙相李兌，兌送以黑貂之裘。,0.785909,15477,71,4.587452348646379,大样本,0.06461200491051237,0.014084507042253521,29.0
李白,河,1,0.784045,0.784045,西岳云台歌，送丹丘子,千年一清圣人在,見一清於千年,《運命論》曰：「黃河清，聖人出。」《拾遺記》曰：「河千年一清，聖王之大瑞。」,0.784045,15477,71,4.587452348646379,大样本,0.06461200491051237,0.014084507042253521,30.0
李白,刺史,1,0.781554,0.781554,感时留别从兄徐王延年、从弟延陵,出入畏人知,畏人知,《晉》：胡質為荊州，子威自京師省父，辭歸洛陽。父賜絹一匹威跪問曰：「安得此絹？」質曰：「吾俸料之餘。」後威為徐州，帝問曰：「卿清何如父？」對曰：「臣不如父，臣清畏人不知，父清畏人知。,0.781554,15477,71,4.587452348646379,大样本,0.06461200491051237,0.014084507042253521,31.0
李白,規誨,1,0.779712,0.779712,别韦少府,赠我以微言,贈人以言,《史》：孔子去周，老子送之曰：「仁者贈人以言，夫聰明深察，近於死者議人也。博辨宏達危身也。」,0.779712,15477,71,4.587452348646379,大样本,0.06461200491051237,0.014084507042253521,32.0
李白,食,1,0.779194,0.779194,玉真公主别馆苦雨，赠卫尉张卿二首,藜藿不满眼,藜藿,《七發》曰：予甘藜藿，未暇此食。,0.779194,15477,71,4.587452348646379,大样本,0.06461200491051237,0.014084507042253521,33.0
李白,圖畫,1,0.774623,0.774623,王右军,笔精妙入神,手擇,筆精。,0.774623,15477,71,4.587452348646379,大样本,0.06461200491051237,0.014084507042253521,34.0
李白,猿,1,0.774224,0.774224,古风,棘刺造沐猴,造棘剌,《韓子》：燕王好微巧，衛人曰：「臣能於棘剌之端，造沐猴。及成其術乃逃。,0.774224,15477,71,4.587452348646379,大样本,0.06461200491051237,0.014084507042253521,35.0
李白,杯,1,0.771847,0.771847,游泰山六首（天宝元年四月从故御道上泰山）,遗我流霞杯,流霞一杯,《論衡》曰：「須曼都好道，去家三年而反。」曰：仙人將上天，飲我流霞一杯，數月不飢。,0.771847,15477,71,4.587452348646379,大样本,0.06461200491051237,0.014084507042253521,36.0
李白,矢,1,0.771427,0.771427,酬裴侍御对雨感时见赠,颇似今之人,今人,以指夾舞之是也。,0.771427,15477,71,4.587452348646379,大样本,0.06461200491051237,0.014084507042253521,37.0
李白,怨棄,1,0.767008,0.767008,雪谗诗赠友人,不我遐弃,不我遐棄。,《詩》,0.767008,15477,71,4.587452348646379,大样本,0.06461200491051237,0.014084507042253521,38.0
李白,宅,1,0.761558,0.761558,玩月金陵城西孙楚酒楼达曙歌吹日晚乘醉…访崔四侍御,疑是王子猷,王子猷,《世說》：王子猷每假人宅，必種竹，人詰之曰：「不可一日無此君。,0.761558,15477,71,4.587452348646379,大样本,0.06461200491051237,0.014084507042253521,39.0
李白,弔,1,0.756214,0.756214,自溧水道哭王炎三首,吊死不及哀,弔生不及哀,,0.756214,15477,71,4.587452348646379,大样本,0.06461200491051237,0.014084507042253521,40.0
李白,九月九日,1,0.756146,0.756146,九月十日即事,昨日登高罢,登高,《續齊諧記》：汝南桓景隨費長房遊學，長房謂曰：「九月九日，汝家當有災異，急令家人縫絳囊，盛茱萸，繫臂上，登高飲菊花酒，此禍乃消，景從其言，還家登山，夕還見雞犬，一時暴死。今人九月九日登高是其事。,0.756146,15477,71,4.587452348646379,大样本,0.06461200491051237,0.014084507042253521,41.0
李白,相思,1,0.754745,0.754745,淮南卧病书怀，寄蜀中赵征君蕤,故人不可见,我思故人,,0.754745,15477,71,4.587452348646379,大样本,0.06461200491051237,0.014084507042253521,42.0
李白,書信,1,0.754708,0.754708,感兴六首,何如投水中,投水,殷羨、洪喬為豫章太守，都下士人。因其致書者，百餘函，行次石頭皆投水中，曰：「沉者自沉，浮者自浮。」殷羨不為致書郵也。,0.754708,15477,71,4.587452348646379,大样本,0.06461200491051237,0.014084507042253521,43.0
李白,别,1,0.754606,0.754606,送殷淑三首,相看不忍别,攀桃李兮不忍别,,0.754606,15477,71,4.587452348646379,大样本,0.06461200491051237,0.014084507042253521,44.0
李白,金,1,0.753744,0.753744,书怀赠南陵常赞府,不如一盘粟,如粟,《後漢》：張奐為安定屬，國人遺金以酒酹，曰：「使金如粟，不以入懷。,0.753744,15477,71,4.587452348646379,大样本,0.06461200491051237,0.014084507042253521,45.0
李白,鳥,1,0.748317,0.748317,下泾县陵阳溪至涩滩,侧足不容舠,側足,,0.748317,15477,71,4.587452348646379,大样本,0.06461200491051237,0.014084507042253521,46.0
李白,崑崙山,1,0.747777,0.747777,上清宝鼎诗（前见《东观馀论》，后见《王直方诗话》）,奄有仙人房,仙人居,《葛仙公傳》：崑崙山一曰玄圃臺，一曰積瑤房，一曰閬風臺，一曰華蓋，一曰天柱，皆仙人所居。,0.747777,15477,71,4.587452348646379,大样本,0.06461200491051237,0.014084507042253521,47.0
李白,淫亂,1,0.7473,0.7473,登梅冈望金陵，赠族侄高座寺僧中孚,奔走相驰突,相奔,男女不待時而相奔。,0.7473,15477,71,4.587452348646379,大样本,0.06461200491051237,0.014084507042253521,48.0
李白,裘,1,0.745157,0.745157,相和歌辞。白头吟二首,鷫鸘裘在锦屏上,錦衣以裼之,《記》曰：「君衣狐白裘，錦衣以裼之。注云：君衣白裘以素錦為衣，袒而有衣曰裼。,0.745157,15477,71,4.587452348646379,大样本,0.06461200491051237,0.014084507042253521,49.0
李白,松柏,1,0.744889,0.744889,登梅冈望金陵，赠族侄高座寺僧中孚,草木不剪伐,草不植,松柏之下草不植。,0.744889,15477,71,4.587452348646379,大样本,0.06461200491051237,0.014084507042253521,50.0
白居易,致仕,2,0.89608,0.8273115,秦中吟十首。不致仕（一作合致仕）,七十而致仕,七十致仕,還君事也。,0.89608,33303,161,4.834399303366062,大样本,0.06005464973125544,0.012422360248447204,14.0
白居易,竊盜,2,0.870539,0.8550525,和答诗十首。答箭镞,盗心憎主人,盜憎主人,,0.870539,33303,161,4.834399303366062,大样本,0.06005464973125544,0.012422360248447204,15.0
白居易,相思,2,0.827696,0.786633,长斋月满寄思黯,一日不见如三月,一日不見。,如三月兮，如三秋兮。,0.827696,33303,161,4.834399303366062,大样本,0.06005464973125544,0.012422360248447204,16.0
白居易,道士,2,0.82539,0.79328203,酬赵秀才赠新登科诸先辈,君看名在丹台者,名在丹臺,紫陽真人，周季通入蒙山，遇羨門子。再拜乞長生訣，羨門子曰：「名在丹臺、玉室中，何憂不仙？,0.82539,33303,161,4.834399303366062,大样本,0.06005464973125544,0.012422360248447204,17.0
白居易,賢,2,0.813438,0.804793,早夏游宴,已动蒲葵扇,蒲葵扇,謝安風流，時多愛慕故人，罷中宿縣，還有蒲葵扇五萬，安取中者題之，京師慕效，競市價數倍。,0.813438,33303,161,4.834399303366062,大样本,0.06005464973125544,0.012422360248447204,18.0
白居易,示信,2,0.807212,0.776092,寓意诗五首,何以示诚信,示人以信,,0.807212,33303,161,4.834399303366062,大样本,0.06005464973125544,0.012422360248447204,19.0
白居易,龍,2,0.788855,0.780018,咏兴五首。四月池水满,只是池中物,非池中物,《吳志》：龍非池中物，雨必飛去。,0.788855,33303,161,4.834399303366062,大样本,0.06005464973125544,0.012422360248447204,20.0
白居易,讓功,2,0.784755,0.7694615,齿落辞,功成者去,功成不居,,0.784755,33303,161,4.834399303366062,大样本,0.06005464973125544,0.012422360248447204,21.0
白居易,天,2,0.771589,0.765745,新沐浴,孰知其所由,焉知,裨灶焉知天道。,0.771589,33303,161,4.834399303366062,大样本,0.06005464973125544,0.012422360248447204,22.0
白居易,冨,2,0.771511,0.7596725,和微之诗二十三首。和栉沐寄道友,但且知止足,知足,知止。,0.771511,33303,161,4.834399303366062,大样本,0.06005464973125544,0.012422360248447204,23.0
白居易,拜揖,2,0.770675,0.760471,贺雨,稽首再三拜,大夫稽首再拜君答拜之,《禮》無不答,0.770675,33303,161,4.834399303366062,大样本,0.06005464973125544,0.012422360248447204,24.0
白居易,未能為政,2,0.770248,0.767178,谕怀,止遏不能得,不能者止。,,0.770248,33303,161,4.834399303366062,大样本,0.06005464973125544,0.012422360248447204,25.0
白居易,百工,2,0.767787,0.767787,相和歌辞。反白头吟,则人有所惩,物勒其名,必遵賞罰。,0.767787,33303,161,4.834399303366062,大样本,0.06005464973125544,0.012422360248447204,26.0
白居易,師,2,0.767488,0.7567775,池上篇,皆吾所好,從吾所好,既多知十之賢**：博我以文，必重在三之義。,0.767488,33303,161,4.834399303366062,大样本,0.06005464973125544,0.012422360248447204,27.0
白居易,父子,2,0.758663,0.75501096,谕友,不系才不才,才不才,亦各言其子也。,0.758663,33303,161,4.834399303366062,大样本,0.06005464973125544,0.012422360248447204,28.0
白居易,射,2,0.752084,0.74819505,池畔二首,此意人不知,人不知,《晉》：魏舒為後將軍，盧毓每與參佐射，常為畫籌。後遇朋人不足，以舒滿數。毓初不知其善射，容範閑雅，發無不中。舉坐莫有，敵之者。,0.752084,33303,161,4.834399303366062,大样本,0.06005464973125544,0.012422360248447204,29.0
杜甫,知人,1,0.886258,0.886258,送高三十五书记,人实不易知,人不易知，,,0.886258,19576,47,2.40089906007356,大样本,0.05108295872496935,0.02127659574468085,6.0
杜甫,過禮,1,0.882687,0.882687,病橘,虽多亦奚为,雖多奚以為,,0.882687,19576,47,2.40089906007356,大样本,0.05108295872496935,0.02127659574468085,7.0
杜甫,衣服,1,0.846075,0.846075,奉送王信州崟北归,寒腻黑貂裘,黑貂裘,《史記》：蘇秦說趙相李兌，兌送以黑貂之裘。,0.846075,19576,47,2.40089906007356,大样本,0.05108295872496935,0.02127659574468085,8.0
杜甫,扇,1,0.84457,0.84457,八哀诗。故司徒李公光弼,平生白羽扇,白羽扇,裴啟《語林》曰：「諸葛武侯，持白羽扇，指麾三軍。,0.84457,19576,47,2.40089906007356,大样本,0.05108295872496935,0.02127659574468085,9.0
杜甫,改制灋令,1,0.832576,0.832576,述古三首,秦时任商鞅,自敝。,商鞅。,0.832576,19576,47,2.40089906007356,大样本,0.05108295872496935,0.02127659574468085,10.0
杜甫,美婦人,1,0.822086,0.822086,佳人,绝代有佳人,絶代,李延年歌曰：北方有佳人，絶代而獨立。一顧傾人城，再顧傾人國。,0.822086,19576,47,2.40089906007356,大样本,0.05108295872496935,0.02127659574468085,11.0
杜甫,致仕,1,0.819828,0.819828,遣兴五首,上疏乞骸骨,乞骸骨,,0.819828,19576,47,2.40089906007356,大样本,0.05108295872496935,0.02127659574468085,12.0
杜甫,灰,1,0.81869,0.81869,秋日荆南述怀三十韵,冥心若死灰,心若死灰,《莊子》。,0.81869,19576,47,2.40089906007356,大样本,0.05108295872496935,0.02127659574468085,13.0
杜甫,裘,1,0.816814,0.816814,奉送魏六丈佑少府之交广,季子黑貂敝,黑貂敝,《史記》：蘇秦說相李兌，兌遺之以黑貂裘。蘇秦游秦，秦不能用，於是貂裘敝。,0.816814,19576,47,2.40089906007356,大样本,0.05108295872496935,0.02127659574468085,14.0
杜甫,貴,1,0.813231,0.813231,盐井（盐井在成州长道县，有盐官故城）,君子慎止足,止足,《史》：蔡澤曰：「吳君白起、越大夫種，功成不去禍，至范蠡知止，足超然避世。長為陶，朱公孰見與禍至，忍不能離，疑不能決云云。應侯曰：「吾聞欲而不知止，則失其所欲也。」,0.813231,19576,47,2.40089906007356,大样本,0.05108295872496935,0.02127659574468085,15.0
杜甫,渭,1,0.812589,0.812589,阆州东楼筵，奉送十一舅往青城县，得昏字,今我送舅氏,送舅,《詩》：我送舅氏，曰至渭陽。,0.812589,19576,47,2.40089906007356,大样本,0.05108295872496935,0.02127659574468085,16.0
杜甫,案,1,0.812357,0.812357,又示宗武,试吟青玉案,青玉案,《張平子詩》曰：「美人贈我錦繡段，何以報之青玉案。」,0.812357,19576,47,2.40089906007356,大样本,0.05108295872496935,0.02127659574468085,17.0
杜甫,勇,1,0.799052,0.799052,舟中苦热遣怀，奉呈阳中丞通简台省诸公,吾非丈夫特,非夫,非丈夫也,0.799052,19576,47,2.40089906007356,大样本,0.05108295872496935,0.02127659574468085,18.0
杜甫,義,1,0.797966,0.797966,丹青引，赠曹将军霸,富贵于我如浮云,不義,而富，且貴於我如浮雲。,0.797966,19576,47,2.40089906007356,大样本,0.05108295872496935,0.02127659574468085,19.0
杜甫,冨,1,0.79682,0.79682,牵牛织女,戒之在至公,戒之在得,,0.79682,19576,47,2.40089906007356,大样本,0.05108295872496935,0.02127659574468085,20.0
杜甫,乞師,1,0.787011,0.787011,秦州见敕目薛三璩授司议郎毕四曜除监察与二…凡三十韵,俱议哭秦庭,哭秦庭,《左傳》：吳入楚，楚申包胥詣秦，乞師，立依庭牆而哭，日夜不絕音，水漿不入口。七日而得兵。,0.787011,19576,47,2.40089906007356,大样本,0.05108295872496935,0.02127659574468085,21.0
杜甫,屋室,1,0.786468,0.786468,自京赴奉先县咏怀五百字,恐触天柱折,天柱折,《列子》曰：「共工氏與顓頊爭帝位，頭觸不周山，崩天柱折。,0.786468,19576,47,2.40089906007356,大样本,0.05108295872496935,0.02127659574468085,22.0
杜甫,河,1,0.783435,0.783435,南征,春岸桃花水,桃花水,《溝洫志》：河決而桃花水漾溢。注云：三月水漲名。,0.783435,19576,47,2.40089906007356,大样本,0.05108295872496935,0.02127659574468085,23.0
杜甫,功,1,0.776296,0.776296,往在,相贺以成功,告厥成功,,0.776296,19576,47,2.40089906007356,大样本,0.05108295872496935,0.02127659574468085,24.0
杜甫,行旅,1,0.774635,0.774635,成都府,自古有羁旅,羈旅,《西征賦》云：遠行有羇旅之情,0.774635,19576,47,2.40089906007356,大样本,0.05108295872496935,0.02127659574468085,25.0
杜甫,司天,1,0.772215,0.772215,敬简王明府（甫尝为唐兴县宰王潜作客馆记疑即王明府）,周南太史公,太史,《周官》太史掌建邦之六典。,0.772215,19576,47,2.40089906007356,大样本,0.05108295872496935,0.02127659574468085,26.0
杜甫,羊,1,0.77129,0.77129,日暮,牛羊下来久,日之夕矣牛羊下來,,0.77129,19576,47,2.40089906007356,大样本,0.05108295872496935,0.02127659574468085,27.0
杜甫,射,1,0.770306,0.770306,过南邻朱山人水亭,相过人不知,人不知,《晉》：魏舒為後將軍，盧毓每與參佐射，常為畫籌。後遇朋人不足，以舒滿數。毓初不知其善射，容範閑雅，發無不中。舉坐莫有，敵之者。,0.770306,19576,47,2.40089906007356,大样本,0.05108295872496935,0.02127659574468085,28.0
杜甫,卜筮,1,0.769074,0.769074,秋日夔府咏怀奉寄郑监李宾客一百韵,卜羡君平杖,君平杖頭,嚴君平賣卜於都市曰得杖頭百錢，即閉肆垂簾。,0.769074,19576,47,2.40089906007356,大样本,0.05108295872496935,0.02127659574468085,29.0
杜甫,君臣,1,0.766271,0.766271,别张十三建封,君臣各有分,知臣莫若君,,0.766271,19576,47,2.40089906007356,大样本,0.05108295872496935,0.02127659574468085,30.0
杜甫,心,1,0.765999,0.765999,催宗文树鸡栅,其气心匪石,我心匪石,不可轉也。,0.765999,19576,47,2.40089906007356,大样本,0.05108295872496935,0.02127659574468085,31.0
杜甫,食,1,0.765887,0.765887,赠李白,蔬食常不饱,不飽,《詩》曰：今也每食無餘。每食不飽。,0.765887,19576,47,2.40089906007356,大样本,0.05108295872496935,0.02127659574468085,32.0
杜甫,儒教,1,0.765134,0.765134,偶题,法自儒家有,儒有忠信以為甲冑；仁義以為干櫓,《禮》。,0.765134,19576,47,2.40089906007356,大样本,0.05108295872496935,0.02127659574468085,33.0
杜甫,秋,1,0.765066,0.765066,秋行官张望督促东渚耗稻向毕清晨遣女奴阿稽竖子…往问,荏苒百工休,百工休,膠漆之作停也。,0.765066,19576,47,2.40089906007356,大样本,0.05108295872496935,0.02127659574468085,34.0
杜甫,姊妹,1,0.76256,0.76256,不归,从弟人皆有,從兄,《禮》：婦人從人者也。幼從父，兄嫁從夫。,0.76256,19576,47,2.40089906007356,大样本,0.05108295872496935,0.02127659574468085,35.0
杜甫,貧,1,0.76176,0.76176,甘林,试问甘藜藿,甘藜藿,《文選》。,0.76176,19576,47,2.40089906007356,大样本,0.05108295872496935,0.02127659574468085,36.0
杜甫,居喪越禮,1,0.760666,0.760666,晦日寻崔戢、李封,至今阮籍等,慕阮籍,姚興時，京兆韋高慕阮籍為人居喪，彈琴飲酒。黃門郎古成詵以文章雅正，參掌機密，聞之泣曰：「吾私刃斬之以崇風教。遂持劍見高，高懼而逃走。,0.760666,19576,47,2.40089906007356,大样本,0.05108295872496935,0.02127659574468085,37.0
杜甫,日,1,0.756883,0.756883,赠郑十八贲（云安令）,古人日以远,問日近遠,晉明帝少時，言長安遠於日。,0.756883,19576,47,2.40089906007356,大样本,0.05108295872496935,0.02127659574468085,38.0
杜甫,相思,1,0.752158,0.752158,梦李白二首,故人入我梦,我思故人,,0.752158,19576,47,2.40089906007356,大样本,0.05108295872496935,0.02127659574468085,39.0
杜甫,虎,1,0.749707,0.749707,送顾八分文学适洪吉州,赠子猛虎行,猛虎行,《文．陸機〈猛虎行〉》：「渴不飲盜泉水，熱不息惡水陰。,0.749707,19576,47,2.40089906007356,大样本,0.05108295872496935,0.02127659574468085,40.0
杜甫,寒,1,0.748252,0.748252,寒硖,寒硖不可度,沍寒,,0.748252,19576,47,2.40089906007356,大样本,0.05108295872496935,0.02127659574468085,41.0
杜甫,席,1,0.744023,0.744023,送李校书二十六韵,天子正前席,前席,《賈誼傳》：文帝前席。注云：促席近聽誼言。,0.744023,19576,47,2.40089906007356,大样本,0.05108295872496935,0.02127659574468085,42.0
白居易,開鑿,1,0.85439,0.85439,道州民－美臣遇明主也,民到于今受其赐,受賜,民到于今受其賜。,0.85439,33303,161,4.834399303366062,大样本,0.03002732486562772,0.006211180124223602,30.0
白居易,寬恕,1,0.843944,0.843944,七年春题府厅,示耻用蒲鞭,蒲鞭示恥,,0.843944,33303,161,4.834399303366062,大样本,0.03002732486562772,0.006211180124223602,31.0
白居易,門戶,1,0.836644,0.836644,采诗官－监前王乱亡之由也,君之门兮九重閟,九重,《楚辭》曰：「君之門兮！九重。,0.836644,33303,161,4.834399303366062,大样本,0.03002732486562772,0.006211180124223602,32.0
白居易,葬,1,0.83576,0.83576,朱陈村,死者不远葬,袝葬者不筮宅,謂袝先塋，不改十墓也。,0.83576,33303,161,4.834399303366062,大样本,0.03002732486562772,0.006211180124223602,33.0
白居易,悔恨,1,0.828468,0.828468,和答诗十首。和阳城驿,往者不可追,往者不可諫,,0.828468,33303,161,4.834399303366062,大样本,0.03002732486562772,0.006211180124223602,34.0
白居易,報怨,1,0.82728,0.82728,读史五首,鬼得而诛之,鬼誅,鬼得而誅。,0.82728,33303,161,4.834399303366062,大样本,0.03002732486562772,0.006211180124223602,35.0
白居易,鳥,1,0.827014,0.827014,醉后走笔酬刘五主簿长句之赠兼简张大贾二十四先辈昆季,三年不鸣鸣必大,三年不鳴,齊威王曰：「有大鳥止于王庭，三年不飛，飛則沖天；三年不鳴，鳴則驚人。,0.827014,33303,161,4.834399303366062,大样本,0.03002732486562772,0.006211180124223602,36.0
白居易,馬,1,0.818888,0.818888,八骏图－戒奇物、惩佚游也,不知房星之精下为怪,房精,房星之精。,0.818888,33303,161,4.834399303366062,大样本,0.03002732486562772,0.006211180124223602,37.0
白居易,獄囚,1,0.813385,0.813385,朱陈村,以此自桎梏,桎梏以縶。,,0.813385,33303,161,4.834399303366062,大样本,0.03002732486562772,0.006211180124223602,38.0
白居易,寒食,1,0.812959,0.812959,会昌元年春五绝句。赠举之仆射,一月三回寒食会,一月寒食,《後漢》周舉遷并州刺史，太原舊俗，以介子推焚骸一月，斷火舉移書於子推廟。云寒食一月，老小不堪，今則三日而巳。,0.812959,33303,161,4.834399303366062,大样本,0.03002732486562772,0.006211180124223602,39.0
白居易,儒教,1,0.807387,0.807387,哭王质夫,重有君子儒,君子之儒,子謂子夏，曰：「汝為君子儒，無為小人儒。,0.807387,33303,161,4.834399303366062,大样本,0.03002732486562772,0.006211180124223602,40.0
白居易,泉源,1,0.806912,0.806912,江楼夜吟元九律诗，成三十韵,醴泉流出地,醴泉,美泉也。水之精也。崑崙山有醴泉，華池君乘土而王，其政太平，則醴泉出湧。乘水而王，其政和平，則醴泉瀌。神靈滋液，百珍實用，則醴泉出。黃帝時，以醴泉為漿。堯之世，德茂清平，則醴泉出。夏后之時，俊乂在官，醴泉出。漢宣帝三年，醴泉流滂，枯槁榮茂禮，天不愛其道，地不愛其寶，則醴泉出也。,0.806912,33303,161,4.834399303366062,大样本,0.03002732486562772,0.006211180124223602,41.0
白居易,縣令,1,0.805278,0.805278,丘中有一士二首（命首句为题）,不忍相欺侵,人不忍欺,宓子賤為政，人不忍欺。餘見“彊毅”門注。,0.805278,33303,161,4.834399303366062,大样本,0.03002732486562772,0.006211180124223602,42.0
白居易,德,1,0.802944,0.802944,骠国乐－欲王化之先迩后远也（贞元十七年来献之）,至尊德广之所及,德廣所及,,0.802944,33303,161,4.834399303366062,大样本,0.03002732486562772,0.006211180124223602,43.0
白居易,倉廩,1,0.797948,0.797948,赠友五首,量入以为出,量入,《禮》曰：「五穀皆入，必量於歲之杪。,0.797948,33303,161,4.834399303366062,大样本,0.03002732486562772,0.006211180124223602,44.0
白居易,死,1,0.794316,0.794316,和微之诗二十三首。和李势女,人各有一死,死生有命,,0.794316,33303,161,4.834399303366062,大样本,0.03002732486562772,0.006211180124223602,45.0
白居易,公政,1,0.79332,0.79332,郊陶潜体诗十六首,有功不自伐,不伐功,魏陳羣言劉兾於太祖太祖赦之冀徳羣羣曰議刑為國非為私且明主之意吾何知其弘博不伐功如此也,0.79332,33303,161,4.834399303366062,大样本,0.03002732486562772,0.006211180124223602,46.0
白居易,相,1,0.792964,0.792964,答卜者,问我决疑不,决疑,《歸田賦》曰：感蔡子之慷慨，從唐生以決疑。」,0.792964,33303,161,4.834399303366062,大样本,0.03002732486562772,0.006211180124223602,47.0
白居易,松柏,1,0.787744,0.787744,文柏床,陵上有老柏,青陵上柏,,0.787744,33303,161,4.834399303366062,大样本,0.03002732486562772,0.006211180124223602,48.0
白居易,勤,1,0.787276,0.787276,饮后戏示弟子,弟子服劳止,服其勞,有事弟子服其勞。,0.787276,33303,161,4.834399303366062,大样本,0.03002732486562772,0.006211180124223602,49.0
白居易,珪璋,1,0.786721,0.786721,齐物二首,长短各有分,長短之制以辨上下,別貴賤。《周禮》。,0.786721,33303,161,4.834399303366062,大样本,0.03002732486562772,0.006211180124223602,50.0
白居易,愚,1,0.78474,0.78474,涧底松－念寒俊也,下者未必愚,下愚,子曰：唯上智與下愚不移。,0.78474,33303,161,4.834399303366062,大样本,0.03002732486562772,0.006211180124223602,51.0
白居易,嗜好,1,0.782151,0.782151,双石,人皆有所好,是人之所欲,,0.782151,33303,161,4.834399303366062,大样本,0.03002732486562772,0.006211180124223602,52.0
白居易,秋,1,0.782119,0.782119,杜陵叟－伤农夫之困也,九月降霜秋早寒,霜降,,0.782119,33303,161,4.834399303366062,大样本,0.03002732486562772,0.006211180124223602,53.0
白居易,貴,1,0.782092,0.782092,重修香山寺毕，题二十二韵以纪之,先宜知止足,止足,《史》：蔡澤曰：「吳君白起、越大夫種，功成不去禍，至范蠡知止，足超然避世。長為陶，朱公孰見與禍至，忍不能離，疑不能決云云。應侯曰：「吾聞欲而不知止，則失其所欲也。」,0.782092,33303,161,4.834399303366062,大样本,0.03002732486562772,0.006211180124223602,54.0
白居易,齊物,1,0.781519,0.781519,对酒,知得不知失,得失,肩吾，謂孫叔敖曰：「子三為令尹，不榮華。三去無憂色。令視皋門栩栩然，子之用獨奈何？敖曰：「吾以來可卻，去不可止，得失非我，在彼乎？在我乎，注，云：曠然無係，玄同彼我，何暇至乎人貴人賤也。,0.781519,33303,161,4.834399303366062,大样本,0.03002732486562772,0.006211180124223602,55.0
白居易,宰相,1,0.781414,0.781414,裴侍中晋公以集贤林亭即事诗三十六韵见赠…以伸酬献,维云社稷臣,社稷臣,,0.781414,33303,161,4.834399303366062,大样本,0.03002732486562772,0.006211180124223602,56.0
白居易,勤官,1,0.78115,0.78115,自到郡斋仅经旬日方专公务未及宴游偷闲…仍呈吴中诸客,补拙莫如勤,非徳莫如勤,,0.78115,33303,161,4.834399303366062,大样本,0.03002732486562772,0.006211180124223602,57.0
白居易,星,1,0.780702,0.780702,和微之春日投简阳明洞天五十韵,牛斗天垂象,天垂象,,0.780702,33303,161,4.834399303366062,大样本,0.03002732486562772,0.006211180124223602,58.0
白居易,恐懼,1,0.779773,0.779773,旱热二首,赫日吁可畏,吁可畏也,,0.779773,33303,161,4.834399303366062,大样本,0.03002732486562772,0.006211180124223602,59.0
白居易,明堂,1,0.779649,0.779649,寓意诗五首,天子建明堂,天子立明堂者，所以正四時之序，敦五教之本。,在國之南也。《白虎通》。,0.779649,33303,161,4.834399303366062,大样本,0.03002732486562772,0.006211180124223602,60.0
白居易,教化,1,0.77729,0.77729,玩松竹二首,乃知性相近,性相近習相逺,言人同稟五常之性趨舍相近但所習漸積而相去逺也,0.77729,33303,161,4.834399303366062,大样本,0.03002732486562772,0.006211180124223602,61.0
白居易,棄官,1,0.776734,0.776734,答刘禹锡白太守行,吏满六百石,不過六百石,漢邴漢兄子曼容為官不過六百石輙自免去,0.776734,33303,161,4.834399303366062,大样本,0.03002732486562772,0.006211180124223602,62.0
白居易,苑囿,1,0.776548,0.776548,浔阳三题。庐山桂,得入上林园,上林。,漢舊儀上林苑中廣長二百里離宮七十所皆容千乗萬騎,0.776548,33303,161,4.834399303366062,大样本,0.03002732486562772,0.006211180124223602,63.0
白居易,贈貺,1,0.776219,0.776219,初除户曹，喜而言志,不以我为贪,不以為貪,管仲與鮑叔分財。管仲毎多取之，管仲曰：「鮑子不以為貪，知我家貧也。」,0.776219,33303,161,4.834399303366062,大样本,0.03002732486562772,0.006211180124223602,64.0
白居易,竽,1,0.775544,0.775544,题西亭,鼓瑟吹笙竽,笙竽俱唱,《文選》。,0.775544,33303,161,4.834399303366062,大样本,0.03002732486562772,0.006211180124223602,65.0
白居易,僭,1,0.774119,0.774119,司天台－引古以儆今也,上陵下替谪见天,下陵上替,,0.774119,33303,161,4.834399303366062,大样本,0.03002732486562772,0.006211180124223602,66.0
白居易,霧,1,0.773235,0.773235,截树,豁达睹青天,睹青天,徐幹《中論》曰：「文王遇姜公於渭陽，執竿而釣，文王得之，若披雲見日月，如開霧睹青天。」,0.773235,33303,161,4.834399303366062,大样本,0.03002732486562772,0.006211180124223602,67.0
白居易,醜婦人,1,0.772174,0.772174,玩止水,鉴形不如止,無徵怨於下山,宜鑒形於止水。,0.772174,33303,161,4.834399303366062,大样本,0.03002732486562772,0.006211180124223602,68.0
白居易,塉田,1,0.768376,0.768376,郊陶潜体诗十六首,胡为生稻粱,生稻粱,《史》：鄴令引漳水灌田。人歌曰：決漳水灌鄴田旁，千石斥鹵生稻粱。,0.768376,33303,161,4.834399303366062,大样本,0.03002732486562772,0.006211180124223602,69.0
白居易,刺史,1,0.766716,0.766716,咏怀,今为二千石,二千石,之善政。,0.766716,33303,161,4.834399303366062,大样本,0.03002732486562772,0.006211180124223602,70.0
白居易,父母疾,1,0.764899,0.764899,首夏病间,非忧即有疾,病則致其憂,,0.764899,33303,161,4.834399303366062,大样本,0.03002732486562772,0.006211180124223602,71.0
白居易,竹,1,0.762897,0.762897,妇人苦,有如林中竹,如竹苞矣,《詩》。,0.762897,33303,161,4.834399303366062,大样本,0.03002732486562772,0.006211180124223602,72.0
白居易,五月五日,1,0.762672,0.762672,百炼镜－辨皇王鉴也,五月五日日午时,五日良時,,0.762672,33303,161,4.834399303366062,大样本,0.03002732486562772,0.006211180124223602,73.0
白居易,旱,1,0.761822,0.761822,游悟真寺诗（一百三十韵）,若岁有水旱,國乃大旱,,0.761822,33303,161,4.834399303366062,大样本,0.03002732486562772,0.006211180124223602,74.0
白居易,君臣,1,0.761323,0.761323,太行路－借夫妇以讽君臣之不终也,近代君臣亦如此,近臣,漢嚴助為太中大夫後得朱買臣吾邱壽王主父偃徐樂嚴安枚臯從車並在左右助等與大臣辨論中外相應以義理之文大臣數詘司馬相如數稱疾避事枚臯東方朔不根持論上頗俳優畜之唯助與壽王見任而助最先進,0.761323,33303,161,4.834399303366062,大样本,0.03002732486562772,0.006211180124223602,75.0
白居易,烈婦,1,0.761215,0.761215,和答诗十首。和雉媒,高于磨笄山,磨笄山,趙襄子登夏屋山，請代王使廚人操銅斗行鍖代王殺之，其姊聞之，呼天磨笄自殺，因以為其山名也。,0.761215,33303,161,4.834399303366062,大样本,0.03002732486562772,0.006211180124223602,76.0
白居易,知人,1,0.759982,0.759982,寓意诗五首,须有知人明,知人者智。,《老子》。,0.759982,33303,161,4.834399303366062,大样本,0.03002732486562772,0.006211180124223602,77.0
白居易,患難,1,0.759692,0.759692,郊陶潜体诗十六首,但未知生死,終始,生死。,0.759692,33303,161,4.834399303366062,大样本,0.03002732486562772,0.006211180124223602,78.0
白居易,形貎,1,0.758803,0.758803,思子台有感二首,江充不敢作江充,魁岸,江充。,0.758803,33303,161,4.834399303366062,大样本,0.03002732486562772,0.006211180124223602,79.0
白居易,樂器,1,0.758651,0.758651,咏拙,所禀有巧拙,巧拙相非,《魏》：杜夔公良善鍾律。初，漢鑄鍾工柴玉巧有意思，夔令玉鑄鍾聲，鈞清濁，多不如法，數改作。玉饜之，謂杜夔清濁任意。夔玉更相白太祖，太祖取所鑄鍾，錯雜，更試，然後知夔之精，玉之妄，於是罪玉也。,0.758651,33303,161,4.834399303366062,大样本,0.03002732486562772,0.006211180124223602,80.0
白居易,善誘,1,0.758558,0.758558,赠友五首,谁能救其失,救失,學者有四失，教者必知之。人之學也，或失則多，或失則寡，或失則易，或失則止，此者心之莫同也。知其心然後能救其失也。,0.758558,33303,161,4.834399303366062,大样本,0.03002732486562772,0.006211180124223602,81.0
白居易,慎,1,0.758305,0.758305,旅次华州，赠袁右丞,君子在其中,君子之道,思其始也。思其終也。,0.758305,33303,161,4.834399303366062,大样本,0.03002732486562772,0.006211180124223602,82.0
白居易,祖孫,1,0.755806,0.755806,有感三首,子孙非我有,不爲子孫留財産,《列子》：衛端木叔子，貢世子也。籍先資累千金，年六十，棄家散庫，一年盡，不為子孫留財，散之一國，及病無藥，石之儲，死無瘞埋之，所受施者相與，及子孫之財也。,0.755806,33303,161,4.834399303366062,大样本,0.03002732486562772,0.006211180124223602,83.0
白居易,誅罰,1,0.754769,0.754769,游悟真寺诗（一百三十韵）,以此自惭惕,自省。,晉宣帝問諸葛公起居何如而使者曰罰世以上皆自省覽帝曰其能乆乎,0.754769,33303,161,4.834399303366062,大样本,0.03002732486562772,0.006211180124223602,84.0
白居易,御宴,1,0.754388,0.754388,续古诗十首,东阁有旨酒,我肴,旨酒,0.754388,33303,161,4.834399303366062,大样本,0.03002732486562772,0.006211180124223602,85.0
白居易,囊橐,1,0.754262,0.754262,三年为刺史二首,此抵有千金,千金,陸賈使南越，越王它賜賈，橐中裝直千金。,0.754262,33303,161,4.834399303366062,大样本,0.03002732486562772,0.006211180124223602,86.0
白居易,短小人,1,0.754203,0.754203,惜栯李花,高低二三尺,二尺,廣延之國人長二尺。,0.754203,33303,161,4.834399303366062,大样本,0.03002732486562772,0.006211180124223602,87.0
白居易,琴,1,0.754111,0.754111,松斋自题（时为翰林学士）,琴聊以自娱,琴者所以正人心,《白虎通》。,0.754111,33303,161,4.834399303366062,大样本,0.03002732486562772,0.006211180124223602,88.0
白居易,皇后,1,0.753601,0.753601,江南遇天宝乐叟,是时天下太平久,天下內和。,,0.753601,33303,161,4.834399303366062,大样本,0.03002732486562772,0.006211180124223602,89.0
白居易,心,1,0.752984,0.752984,夏日独直，寄萧侍御,是以方寸内,方寸,徐庻曰：「方寸亂矣！」,0.752984,33303,161,4.834399303366062,大样本,0.03002732486562772,0.006211180124223602,90.0
白居易,磬,1,0.752805,0.752805,华原磬－刺乐工非其人也,磬襄入海去不归,擊磬襄入于海。,襄，磬師名。,0.752805,33303,161,4.834399303366062,大样本,0.03002732486562772,0.006211180124223602,91.0
白居易,妖怪,1,0.750904,0.750904,双石,石虽不能言,石言於晉,師曠曰：「石不能言或憑焉，不然民聽濫也。,0.750904,33303,161,4.834399303366062,大样本,0.03002732486562772,0.006211180124223602,92.0
白居易,與食,1,0.750692,0.750692,招山僧,能入城中乞食否,乞食,《史記》：伍子胥夜行晝伏，吹竽乞食於吳市。,0.750692,33303,161,4.834399303366062,大样本,0.03002732486562772,0.006211180124223602,93.0
白居易,離,1,0.750628,0.750628,和微之听妻弹别鹤操，因为解释其义，依韵加四句,生离不如死,生離,楚詞曰悲莫悲乎生離別,0.750628,33303,161,4.834399303366062,大样本,0.03002732486562772,0.006211180124223602,94.0
白居易,熱,1,0.750347,0.750347,自诲,爇人如火,如惔如焚,惔：燎也。言熱如火燒。,0.750347,33303,161,4.834399303366062,大样本,0.03002732486562772,0.006211180124223602,95.0
白居易,度支使,1,0.749909,0.749909,苦热喜凉,岁功成者去,歲成,《禮記》：司會以歲之成質於天子。注：要，計也。質，平也。平其計要於天子。,0.749909,33303,161,4.834399303366062,大样本,0.03002732486562772,0.006211180124223602,96.0
白居易,妖訛,1,0.749635,0.749635,和答诗十首。和阳城驿,去邪勿复疑,去邪勿疑，除惡務本,,0.749635,33303,161,4.834399303366062,大样本,0.03002732486562772,0.006211180124223602,97.0
白居易,律呂,1,0.747067,0.747067,不能忘情吟,此人之情也,天地之情也,,0.747067,33303,161,4.834399303366062,大样本,0.03002732486562772,0.006211180124223602,98.0
白居易,重斂,1,0.746357,0.746357,秦中吟十首。重赋（一作无名税）,浚我以求宠,浚我以生,浚取也。,0.746357,33303,161,4.834399303366062,大样本,0.03002732486562772,0.006211180124223602,99.0
白居易,舂,1,0.746034,0.746034,招萧处士,相对不相知,不相,鄰有喪春不相。,0.746034,33303,161,4.834399303366062,大样本,0.03002732486562772,0.006211180124223602,100.0
白居易,太行山,1,0.745056,0.745056,太行路－借夫妇以讽君臣之不终也,太行之路能摧车,塹太行之道,《戰國策》曰：「范雎說秦曰：舉兵攻榮陽，則成皋之路不通，塹太行之道，則上黨之，兵不下舉，兵而攻榮陽，則其國斷而為三。,0.745056,33303,161,4.834399303366062,大样本,0.03002732486562772,0.006211180124223602,101.0
白居易,警備,1,0.744559,0.744559,咏拙,以此自安分,聊以自固,,0.744559,33303,161,4.834399303366062,大样本,0.03002732486562772,0.006211180124223602,102.0
白居易,案,1,0.743958,0.743958,问少年,千首诗堆青玉案,青玉案,《張平子詩》曰：「美人贈我錦繡段，何以報之青玉案。」,0.743958,33303,161,4.834399303366062,大样本,0.03002732486562772,0.006211180124223602,103.0
白居易,烏,1,0.743815,0.743815,和答诗十首。和大觜乌,虽生八九子,八九子,樂府詩：有烏生八九子。見上注。,0.743815,33303,161,4.834399303366062,大样本,0.03002732486562772,0.006211180124223602,104.0
白居易,幼學,1,0.743528,0.743528,感鹤,如此十余年,外傅,十年,0.743528,33303,161,4.834399303366062,大样本,0.03002732486562772,0.006211180124223602,105.0
白居易,爭長,1,0.743226,0.743226,不能忘情吟,何必一日之内,一日,子曰：以吾一日長乎爾？,0.743226,33303,161,4.834399303366062,大样本,0.03002732486562772,0.006211180124223602,106.0
白居易,哭,1,0.742228,0.742228,东坡种花二首,尽日不能回,不盡,《家語》：衛司徒敬子死，夫子弔之。主人不哀，夫子哭，不盡而退。,0.742228,33303,161,4.834399303366062,大样本,0.03002732486562772,0.006211180124223602,107.0
白居易,車,1,0.742153,0.742153,寄卢少尹,将欲致千里,致千里,《莊子》曰：「軸不運而致千里。」,0.742153,33303,161,4.834399303366062,大样本,0.03002732486562772,0.006211180124223602,108.0
白居易,疾,1,0.742086,0.742086,对酒闲吟，赠同老者,病亦不能治,病莫能興,,0.742086,33303,161,4.834399303366062,大样本,0.03002732486562772,0.006211180124223602,109.0
