作者规范,作者,样本规模标记,total_poem_count,total_line_count,稳健密度样本,大样本密度样本,candidate_line_count,候选句密度_每千句,matched_poem_count,候选诗密度_每百首,line_p90_count,句级p90互文密度_每千句,line_p95_count,句级p95互文密度_每千句,line_ge08_count,句级0.8互文密度_每千句,poem_p90_count,诗级p90互文密度_每百首,poem_p95_count,诗级p95互文密度_每百首,poem_ge08_count,诗级0.8互文密度_每百首,候选句转p90率,候选句转p95率,候选诗转p90率,候选诗转p95率,line_best_mean,line_best_median,line_best_max,poem_best_mean,poem_best_median,poem_best_max,句级p90密度排名_全体,句级p90密度排名_稳健,句级p95密度排名_稳健,诗级p90密度排名_稳健
白居易,白居易,大样本,2643,33303,True,True,1369,41.10740774104435,785,29.701097237987135,161,4.834399303366062,67,2.0118307659970576,30,0.9008197459688316,107,4.048429814604615,44,1.6647748770336739,29,1.0972379871358307,0.11760409057706354,0.04894083272461651,0.13630573248407643,0.05605095541401274,0.6672860796201607,0.665314,0.925862,0.6782619694267517,0.676668,0.925862,135.0,46.0,58.0,44.0
李白,李白,大样本,896,15477,True,True,602,38.89642695612845,340,37.94642857142857,71,4.587452348646379,37,2.3906441816889576,20,1.2922400982102475,53,5.915178571428571,29,3.2366071428571432,20,2.232142857142857,0.11794019933554817,0.061461794019933555,0.15588235294117647,0.08529411764705883,0.6674915016611296,0.6652155,0.858565,0.6864913235294118,0.6821025000000001,0.858565,142.0,53.0,47.0,29.0
杜甫,杜甫,大样本,1158,19576,True,True,464,23.702492848385777,306,26.42487046632124,47,2.40089906007356,25,1.2770739681242336,14,0.7151614221495709,42,3.6269430051813467,23,1.9861830742659756,14,1.2089810017271159,0.10129310344827586,0.05387931034482758,0.13725490196078433,0.07516339869281045,0.6659159310344827,0.662214,0.886258,0.6767574215686275,0.6740065,0.886258,187.0,98.0,78.0,52.0
佚名,佚名,大样本,840,4653,True,True,166,35.675908016333544,139,16.547619047619047,44,9.456264775413711,31,6.662368364496023,25,5.372877713303246,33,3.9285714285714284,22,2.619047619047619,21,2.5,0.26506024096385544,0.18674698795180722,0.23741007194244604,0.15827338129496402,0.7029852108433735,0.681746,0.977369,0.7043472446043165,0.681895,0.977369,99.0,18.0,13.0,46.0
贯休,贯休,大样本,553,7120,True,True,272,38.20224719101124,167,30.198915009041592,32,4.49438202247191,21,2.949438202247191,7,0.9831460674157304,25,4.520795660036167,15,2.7124773960216997,7,1.2658227848101267,0.11764705882352941,0.07720588235294118,0.1497005988023952,0.08982035928143713,0.6668738676470588,0.6625115,0.888025,0.6818553832335329,0.669026,0.888025,144.0,55.0,40.0,41.0
元稹,元稹,大样本,593,11812,True,True,325,27.514392143582796,166,27.99325463743676,24,2.031832035218422,12,1.015916017609211,4,0.3386386725364037,20,3.372681281618887,10,1.6863406408094435,4,0.6745362563237773,0.07384615384615385,0.036923076923076927,0.12048192771084337,0.060240963855421686,0.6550502215384616,0.656611,0.859346,0.6699185903614457,0.6709149999999999,0.859346,201.0,111.0,88.0,56.0
孟郊,孟郊,大样本,402,6441,True,True,184,28.566992702996426,127,31.592039800995025,18,2.794597112249651,7,1.0867877658748641,3,0.4657661853749418,14,3.482587064676617,4,0.9950248756218906,3,0.7462686567164178,0.09782608695652174,0.03804347826086957,0.11023622047244094,0.031496062992125984,0.670800820652174,0.665781,0.865447,0.6805996141732283,0.684793,0.865447,173.0,84.0,86.0,53.0
顾况,顾况,大样本,235,2441,True,True,110,45.06349856616141,68,28.936170212765955,18,7.37402703809914,9,3.68701351904957,5,2.048340843916428,9,3.829787234042553,5,2.127659574468085,4,1.702127659574468,0.16363636363636364,0.08181818181818182,0.1323529411764706,0.07352941176470588,0.6691437363636364,0.661813,0.869718,0.6819610882352941,0.66593,0.869718,112.0,28.0,32.0,50.0
高適,高適,大样本,208,3550,True,True,127,35.774647887323944,83,39.90384615384615,17,4.788732394366197,10,2.8169014084507045,8,2.2535211267605635,13,6.25,8,3.8461538461538463,7,3.3653846153846154,0.13385826771653545,0.07874015748031496,0.1566265060240964,0.0963855421686747,0.6715985433070866,0.66865,0.893403,0.6853130843373494,0.676804,0.893403,137.0,48.0,42.0,26.0
陆龟蒙,陆龟蒙,大样本,502,6183,True,True,128,20.701924632055636,89,17.729083665338646,17,2.749474365194889,7,1.1321365033155426,4,0.6469351447517386,12,2.3904382470119523,4,0.796812749003984,4,0.796812749003984,0.1328125,0.0546875,0.1348314606741573,0.0449438202247191,0.6638175,0.6510370000000001,0.851597,0.6719842134831461,0.661103,0.851597,175.0,86.0,84.0,86.0
王维,王维,大样本,328,3604,True,True,120,33.29633740288568,92,28.04878048780488,16,4.439511653718091,3,0.832408435072142,2,0.5549389567147613,10,3.048780487804878,2,0.6097560975609756,2,0.6097560975609756,0.13333333333333333,0.025,0.10869565217391304,0.021739130434782608,0.6733358500000001,0.6676925,0.821402,0.6867435434782608,0.6828784999999999,0.821402,148.0,59.0,94.0,59.0
张九龄,张九龄,大样本,193,2828,True,True,66,23.33804809052334,49,25.38860103626943,15,5.3041018387553045,12,4.243281471004243,9,3.1824611032531824,14,7.253886010362693,12,6.217616580310881,9,4.66321243523316,0.22727272727272727,0.18181818181818182,0.2857142857142857,0.24489795918367346,0.7026151818181818,0.685743,0.972149,0.7145507959183673,0.687619,0.972149,129.0,41.0,26.0,18.0
李瀚,李瀚2,小样本,2,600,False,False,25,41.666666666666664,1,50.0,15,25.0,13,21.666666666666668,7,11.666666666666668,1,50.0,1,50.0,1,50.0,0.6,0.52,1.0,1.0,0.75614384,0.772671,0.921941,0.921941,0.921941,0.921941,56.0,,,
皮日休,皮日休,大样本,353,5032,True,True,110,21.860095389507155,66,18.69688385269122,14,2.7821939586645468,6,1.1923688394276628,1,0.1987281399046105,9,2.5495750708215295,3,0.84985835694051,1,0.28328611898017,0.12727272727272726,0.05454545454545454,0.13636363636363635,0.045454545454545456,0.6623257818181818,0.654344,0.809025,0.6684228484848485,0.6593249999999999,0.809025,174.0,85.0,81.0,81.0
皎然,皎然,大样本,506,5651,True,True,154,27.251813838258716,110,21.73913043478261,14,2.4774376216598832,8,1.4156786409485047,4,0.7078393204742524,8,1.5810276679841897,5,0.9881422924901186,3,0.592885375494071,0.09090909090909091,0.05194805194805195,0.07272727272727272,0.045454545454545456,0.659131461038961,0.65152,0.96043,0.6658135636363636,0.6646615,0.96043,184.0,95.0,70.0,106.0
权德舆,权德舆,大样本,283,3457,True,True,70,20.2487706103558,57,20.141342756183743,13,3.7604859704946487,7,2.0248770610355797,2,0.5785363031530228,8,2.8268551236749118,5,1.76678445229682,2,0.7067137809187279,0.18571428571428572,0.1,0.14035087719298245,0.08771929824561403,0.6700648,0.6658415,0.835503,0.6789506315789474,0.669422,0.835503,155.0,66.0,57.0,70.0
卢仝,卢仝,大样本,92,1740,True,True,113,64.94252873563218,44,47.82608695652174,13,7.471264367816092,9,5.172413793103448,8,4.597701149425287,11,11.956521739130435,8,8.695652173913043,8,8.695652173913043,0.11504424778761062,0.07964601769911504,0.25,0.18181818181818182,0.6667539911504424,0.657933,0.876619,0.7045770681818181,0.6914184999999999,0.876619,111.0,27.0,19.0,7.0
储光羲,储光羲,大样本,176,3113,True,True,88,28.268551236749115,58,32.95454545454545,13,4.176035978156119,5,1.6061676839061998,4,1.28493414712496,8,4.545454545454546,4,2.272727272727273,4,2.272727272727273,0.14772727272727273,0.056818181818181816,0.13793103448275862,0.06896551724137931,0.6862786477272728,0.6798125,0.869222,0.6982778275862069,0.6960120000000001,0.869222,150.0,61.0,67.0,39.0
元结,元结,大样本,91,1486,True,True,75,50.47106325706595,51,56.043956043956044,12,8.075370121130552,6,4.037685060565276,0,0.0,7,7.6923076923076925,5,5.4945054945054945,0,0.0,0.16,0.08,0.13725490196078433,0.09803921568627451,0.6960445866666667,0.699834,0.798462,0.7017596862745098,0.71604,0.798462,105.0,22.0,28.0,16.0
岑参,岑参,大样本,386,4487,True,True,127,28.30398930242924,101,26.165803108808287,11,2.4515266324938714,1,0.22286605749944285,1,0.22286605749944285,7,1.8134715025906734,1,0.2590673575129534,1,0.2590673575129534,0.08661417322834646,0.007874015748031496,0.06930693069306931,0.009900990099009901,0.6590584015748031,0.657698,0.813624,0.6634375742574257,0.658982,0.813624,185.0,96.0,120.0,100.0
刘禹锡,刘禹锡,大样本,493,4802,True,True,114,23.740108288213243,98,19.878296146044626,11,2.2907122032486464,6,1.249479383590171,2,0.41649312786339027,8,1.6227180527383367,2,0.4056795131845842,2,0.4056795131845842,0.09649122807017543,0.05263157894736842,0.08163265306122448,0.02040816326530612,0.6519848421052632,0.6533154999999999,0.823516,0.6527028265306123,0.654374,0.823516,191.0,102.0,80.0,105.0
张籍,张籍,大样本,467,4130,True,True,134,32.445520581113804,96,20.556745182012847,11,2.6634382566585955,7,1.694915254237288,4,0.9685230024213075,8,1.7130620985010707,5,1.070663811563169,4,0.8565310492505354,0.08208955223880597,0.05223880597014925,0.08333333333333333,0.052083333333333336,0.6603233880597015,0.657478,0.818214,0.6645267708333333,0.6630175,0.818214,177.0,88.0,64.0,101.0
卢照邻,卢照邻,大样本,109,1445,True,True,61,42.21453287197232,30,27.522935779816514,11,7.612456747404845,5,3.4602076124567476,1,0.6920415224913494,5,4.587155963302752,1,0.9174311926605505,1,0.9174311926605505,0.18032786885245902,0.08196721311475409,0.16666666666666666,0.03333333333333333,0.6748624590163934,0.682027,0.84867,0.6934274666666667,0.695487,0.84867,110.0,26.0,35.0,38.0
张说,张说,大样本,298,3440,True,True,72,20.930232558139533,57,19.12751677852349,10,2.9069767441860463,7,2.0348837209302326,4,1.1627906976744187,7,2.348993288590604,5,1.6778523489932886,4,1.342281879194631,0.1388888888888889,0.09722222222222222,0.12280701754385964,0.08771929824561403,0.6695569583333333,0.6611685,0.867681,0.6820964561403509,0.67496,0.867681,169.0,80.0,56.0,88.0
韦应物,韦应物,大样本,551,6307,True,True,137,21.721896305692088,97,17.604355716878402,10,1.5855398763278896,4,0.6342159505311559,2,0.31710797526557793,7,1.2704174228675136,3,0.5444646098003629,2,0.3629764065335753,0.072992700729927,0.029197080291970802,0.07216494845360824,0.030927835051546393,0.6626145985401459,0.66405,0.817344,0.6766026391752576,0.67768,0.817344,214.0,124.0,102.0,112.0
刘长卿,刘长卿,大样本,508,5373,True,True,97,18.05322910850549,88,17.322834645669293,9,1.6750418760469012,7,1.3028103480364788,5,0.9305788200260562,8,1.574803149606299,6,1.1811023622047243,5,0.984251968503937,0.09278350515463918,0.07216494845360824,0.09090909090909091,0.06818181818181818,0.6540898247422681,0.650983,0.836255,0.6581590909090909,0.653892,0.836255,211.0,121.0,75.0,107.0
齐己,齐己,大样本,783,6718,True,True,119,17.713605239654658,99,12.643678160919542,9,1.3396844298898483,2,0.29770765108663294,0,0.0,6,0.7662835249042145,0,0.0,0,0.0,0.07563025210084033,0.01680672268907563,0.06060606060606061,0.0,0.6501376302521008,0.646861,0.782247,0.6544864545454545,0.65137,0.782247,222.0,132.0,117.0,129.0
孟浩然,孟浩然,大样本,268,2559,True,True,59,23.055881203595156,52,19.402985074626866,8,3.126221180148496,4,1.563110590074248,3,1.1723329425556857,7,2.6119402985074625,4,1.4925373134328357,3,1.1194029850746268,0.13559322033898305,0.06779661016949153,0.1346153846153846,0.07692307692307693,0.6920645762711864,0.694925,0.860818,0.6982518269230769,0.7048395000000001,0.860818,164.0,75.0,68.0,77.0
王建,王建,大样本,395,4194,True,True,132,31.473533619456365,98,24.81012658227848,8,1.9074868860276586,1,0.23843586075345732,0,0.0,5,1.2658227848101267,1,0.25316455696202533,0,0.0,0.06060606060606061,0.007575757575757576,0.05102040816326531,0.01020408163265306,0.6457703787878788,0.6495005,0.785383,0.651868,0.6527700000000001,0.785383,203.0,113.0,119.0,113.0
不详,不详,大样本,224,907,True,True,41,45.20396912899669,35,15.625,7,7.717750826901874,3,3.3076074972436604,0,0.0,5,2.232142857142857,2,0.8928571428571428,0,0.0,0.17073170731707318,0.07317073170731707,0.14285714285714285,0.05714285714285714,0.6748773658536585,0.665293,0.788483,0.6825011428571429,0.670586,0.788483,108.0,24.0,37.0,90.0
徐铉,徐铉,大样本,255,2555,True,True,75,29.354207436399214,58,22.745098039215687,7,2.73972602739726,5,1.9569471624266144,1,0.39138943248532293,7,2.7450980392156863,2,0.7843137254901961,1,0.39215686274509803,0.09333333333333334,0.06666666666666667,0.1206896551724138,0.034482758620689655,0.6579215866666667,0.655919,0.803217,0.6673120517241379,0.6710815,0.803217,176.0,87.0,59.0,72.0
贾岛,贾岛,大样本,405,3417,True,True,70,20.485806262803628,62,15.308641975308642,7,2.048580626280363,3,0.8779631255487269,2,0.585308750365818,5,1.2345679012345678,3,0.7407407407407408,2,0.49382716049382713,0.1,0.04285714285714286,0.08064516129032258,0.04838709677419355,0.6570979428571428,0.646563,0.83137,0.6621686935483871,0.6475975,0.83137,200.0,110.0,93.0,114.0
吴筠,吴筠,大样本,77,1398,True,True,38,27.181688125894134,24,31.16883116883117,7,5.007153075822604,3,2.1459227467811157,3,2.1459227467811157,5,6.493506493506493,3,3.896103896103896,3,3.896103896103896,0.18421052631578946,0.07894736842105263,0.20833333333333334,0.125,0.699882947368421,0.6949775,0.915111,0.7113790833333334,0.6949775,0.915111,132.0,44.0,53.0,25.0
吕岩,吕岩,大样本,107,2450,True,True,82,33.46938775510204,35,32.71028037383177,7,2.857142857142857,6,2.4489795918367347,3,1.2244897959183674,3,2.803738317757009,2,1.8691588785046727,1,0.9345794392523363,0.08536585365853659,0.07317073170731707,0.08571428571428572,0.05714285714285714,0.658506536585366,0.6518265000000001,0.840476,0.6682684285714285,0.668226,0.840476,170.0,81.0,46.0,71.0
钱起,钱起,大样本,429,4612,True,True,80,17.346053772766695,67,15.61771561771562,6,1.3009540329575022,0,0.0,0,0.0,3,0.6993006993006993,0,0.0,0,0.0,0.075,0.0,0.04477611940298507,0.0,0.6657715,0.663159,0.765453,0.6694466417910447,0.66546,0.765453,224.0,134.0,122.0,134.0
姚合,姚合,大样本,458,4771,True,True,91,19.07356948228883,80,17.46724890829694,6,1.2575979878432193,1,0.2095996646405366,0,0.0,3,0.6550218340611353,1,0.21834061135371177,0,0.0,0.06593406593406594,0.01098901098901099,0.0375,0.0125,0.658697967032967,0.657958,0.788209,0.6605983125,0.6625300000000001,0.788209,230.0,140.0,121.0,135.0
李端,李端,大样本,271,2589,True,True,50,19.312475859405176,47,17.343173431734318,6,2.317497103128621,3,1.1587485515643106,0,0.0,5,1.8450184501845017,2,0.7380073800738007,0,0.0,0.12,0.06,0.10638297872340426,0.0425531914893617,0.65831668,0.6555425,0.788044,0.6605568936170213,0.656563,0.788044,189.0,100.0,83.0,99.0
鲍溶,鲍溶,大样本,189,2311,True,True,86,37.21332756382519,61,32.27513227513227,6,2.5962786672436176,4,1.7308524448290783,1,0.4327131112072696,5,2.6455026455026456,3,1.5873015873015872,1,0.5291005291005291,0.06976744186046512,0.046511627906976744,0.08196721311475409,0.04918032786885246,0.6576307093023256,0.660894,0.915054,0.6645945901639344,0.663148,0.915054,180.0,91.0,62.0,75.0
韩翃,韩翃,大样本,166,1534,True,True,38,24.771838331160364,30,18.072289156626507,6,3.911342894393742,2,1.303780964797914,0,0.0,5,3.0120481927710845,2,1.2048192771084338,0,0.0,0.15789473684210525,0.05263157894736842,0.16666666666666666,0.06666666666666667,0.6558359736842105,0.6483455,0.797826,0.6676767666666666,0.6543215,0.797826,154.0,65.0,74.0,64.0
李颀,李颀,大样本,129,1762,True,True,77,43.700340522133935,57,44.18604651162791,6,3.40522133938706,3,1.70261066969353,3,1.70261066969353,5,3.875968992248062,3,2.3255813953488373,3,2.3255813953488373,0.07792207792207792,0.03896103896103896,0.08771929824561403,0.05263157894736842,0.6522150909090909,0.641814,0.834233,0.6605710701754386,0.649823,0.834233,160.0,71.0,63.0,47.0
韦表微,韦表微,小样本,1,40,False,False,8,200.0,1,100.0,6,150.0,6,150.0,6,150.0,1,100.0,1,100.0,1,100.0,0.75,0.75,1.0,1.0,0.837783,0.901622,0.901622,0.901622,0.901622,0.901622,9.0,,,
周昙,周昙,大样本,195,780,True,True,38,48.717948717948715,36,18.461538461538463,5,6.41025641025641,3,3.8461538461538463,1,1.2820512820512822,4,2.051282051282051,2,1.0256410256410255,1,0.5128205128205128,0.13157894736842105,0.07894736842105263,0.1111111111111111,0.05555555555555555,0.675601052631579,0.676674,0.815338,0.6765279166666667,0.6772655000000001,0.815338,119.0,34.0,30.0,94.0
杜牧,杜牧,大样本,487,4767,True,True,108,22.655758338577723,78,16.01642710472279,5,1.0488777008600798,2,0.4195510803440319,2,0.4195510803440319,2,0.41067761806981523,2,0.41067761806981523,2,0.41067761806981523,0.046296296296296294,0.018518518518518517,0.02564102564102564,0.02564102564102564,0.6563731944444444,0.6609075,0.826663,0.6576198205128205,0.659462,0.826663,233.0,143.0,111.0,150.0
宋之问,宋之问,大样本,192,2213,True,True,45,20.334387708992317,42,21.875,5,2.2593764121102575,5,2.2593764121102575,2,0.9037505648441031,5,2.604166666666667,5,2.604166666666667,2,1.0416666666666665,0.1111111111111111,0.1111111111111111,0.11904761904761904,0.11904761904761904,0.6556177777777777,0.640293,0.871035,0.6573174047619047,0.641821,0.871035,195.0,105.0,50.0,78.0
罗隐,罗隐,大样本,470,3754,True,True,93,24.773574853489613,84,17.872340425531917,5,1.3319126265316996,1,0.2663825253063399,1,0.2663825253063399,4,0.851063829787234,1,0.2127659574468085,1,0.2127659574468085,0.053763440860215055,0.010752688172043012,0.047619047619047616,0.011904761904761904,0.6459693978494624,0.639678,0.81413,0.649090511904762,0.640324,0.81413,223.0,133.0,118.0,125.0
李商隐,李商隐,大样本,555,5687,True,True,120,21.10075611042729,89,16.036036036036037,5,0.8791981712678038,2,0.3516792685071215,0,0.0,4,0.7207207207207207,2,0.36036036036036034,0,0.0,0.041666666666666664,0.016666666666666666,0.0449438202247191,0.02247191011235955,0.6441938333333332,0.642919,0.786496,0.648039404494382,0.644956,0.786496,241.0,151.0,115.0,132.0
李贺,李贺,大样本,234,2987,True,True,85,28.45664546367593,64,27.350427350427353,5,1.6739203213927016,2,0.6695681285570807,0,0.0,5,2.1367521367521367,2,0.8547008547008548,0,0.0,0.058823529411764705,0.023529411764705882,0.078125,0.03125,0.6394562117647059,0.640675,0.791538,0.64328128125,0.640679,0.791538,212.0,122.0,101.0,92.0
孟云卿,孟云卿,稳健样本,21,306,True,False,11,35.947712418300654,9,42.857142857142854,5,16.339869281045754,3,9.803921568627452,0,0.0,3,14.285714285714285,2,9.523809523809524,0,0.0,0.45454545454545453,0.2727272727272727,0.3333333333333333,0.2222222222222222,0.7346440000000001,0.71801,0.797548,0.7323296666666667,0.71801,0.797548,72.0,3.0,7.0,5.0
骆宾王,骆宾王,大样本,124,2171,True,True,43,19.806540764624597,21,16.93548387096774,5,2.3030861354214647,1,0.460617227084293,1,0.460617227084293,4,3.225806451612903,1,0.8064516129032258,1,0.8064516129032258,0.11627906976744186,0.023255813953488372,0.19047619047619047,0.047619047619047616,0.6517224651162791,0.648863,0.838487,0.6742008095238096,0.670824,0.838487,190.0,101.0,107.0,57.0
李峤,李峤,大样本,208,2048,True,True,30,14.6484375,27,12.980769230769232,5,2.44140625,2,0.9765625,1,0.48828125,3,1.4423076923076923,2,0.9615384615384616,1,0.4807692307692308,0.16666666666666666,0.06666666666666667,0.1111111111111111,0.07407407407407407,0.6507596,0.6363475000000001,0.81795,0.6505912222222222,0.636815,0.81795,186.0,97.0,89.0,110.0
吴融,吴融,大样本,284,2709,True,True,76,28.0546327057955,53,18.661971830985916,5,1.8456995201181248,4,1.4765596160944998,2,0.7382798080472499,3,1.056338028169014,2,0.7042253521126761,2,0.7042253521126761,0.06578947368421052,0.05263157894736842,0.05660377358490566,0.03773584905660377,0.6592024342105263,0.662553,0.91502,0.6567220377358491,0.654155,0.91502,206.0,116.0,69.0,119.0
拾得,拾得,小样本,1,422,False,False,24,56.87203791469194,1,100.0,5,11.848341232227487,2,4.739336492890995,1,2.3696682464454977,1,100.0,1,100.0,1,100.0,0.20833333333333334,0.08333333333333333,1.0,1.0,0.6584647499999999,0.6416744999999999,0.805466,0.805466,0.805466,0.805466,88.0,,,
李乂,李乂,稳健样本,44,380,True,False,11,28.94736842105263,10,22.727272727272727,4,10.526315789473683,2,5.263157894736842,1,2.631578947368421,3,6.8181818181818175,1,2.272727272727273,1,2.272727272727273,0.36363636363636365,0.18181818181818182,0.3,0.1,0.7125663636363636,0.712777,0.81301,0.7164619,0.7232974999999999,0.81301,95.0,14.0,18.0,21.0
王绩,王绩,稳健样本,43,661,True,False,11,16.64145234493192,7,16.27906976744186,4,6.051437216338881,2,3.0257186081694405,2,3.0257186081694405,3,6.976744186046512,2,4.651162790697675,2,4.651162790697675,0.36363636363636365,0.18181818181818182,0.42857142857142855,0.2857142857142857,0.7012056363636364,0.666676,0.904409,0.7421744285714286,0.742082,0.904409,122.0,36.0,39.0,20.0
苏颋,苏颋,大样本,106,1156,True,True,19,16.43598615916955,17,16.037735849056602,4,3.4602076124567476,3,2.5951557093425603,1,0.8650519031141869,3,2.8301886792452833,1,0.9433962264150944,1,0.9433962264150944,0.21052631578947367,0.15789473684210525,0.17647058823529413,0.058823529411764705,0.7004483157894736,0.712034,0.818246,0.703287705882353,0.714277,0.818246,159.0,70.0,45.0,68.0
李隆基,李隆基,大样本,65,757,True,True,20,26.42007926023778,14,21.53846153846154,4,5.284015852047556,1,1.321003963011889,1,1.321003963011889,4,6.153846153846154,1,1.5384615384615385,1,1.5384615384615385,0.2,0.05,0.2857142857142857,0.07142857142857142,0.67072705,0.6685350000000001,0.812973,0.6808927142857143,0.6855005000000001,0.812973,130.0,42.0,72.0,28.0
李德裕,李德裕,大样本,136,1419,True,True,31,21.846370683579984,26,19.11764705882353,4,2.8188865398167726,2,1.4094432699083863,0,0.0,3,2.2058823529411766,2,1.4705882352941175,0,0.0,0.12903225806451613,0.06451612903225806,0.11538461538461539,0.07692307692307693,0.6706858064516129,0.677826,0.797556,0.6739975,0.681739,0.797556,171.0,82.0,71.0,91.0
王昌龄,王昌龄,大样本,170,1759,True,True,37,21.034678794769754,29,17.058823529411764,4,2.2740193291642976,4,2.2740193291642976,2,1.1370096645821488,4,2.3529411764705883,3,1.7647058823529411,2,1.1764705882352942,0.10810810810810811,0.10810810810810811,0.13793103448275862,0.10344827586206896,0.666589027027027,0.667067,0.819588,0.6730131724137931,0.667067,0.819588,192.0,103.0,48.0,87.0
杜荀鹤,杜荀鹤,大样本,325,2412,True,True,62,25.70480928689884,59,18.153846153846153,4,1.658374792703151,2,0.8291873963515755,2,0.8291873963515755,3,0.9230769230769231,2,0.6153846153846154,2,0.6153846153846154,0.06451612903225806,0.03225806451612903,0.05084745762711865,0.03389830508474576,0.6577116129032258,0.658979,0.900229,0.660329593220339,0.659703,0.900229,213.0,123.0,95.0,121.0
李群玉,李群玉,大样本,238,2234,True,True,41,18.352730528200535,33,13.865546218487395,4,1.7905102954341987,1,0.4476275738585497,1,0.4476275738585497,4,1.680672268907563,1,0.42016806722689076,1,0.42016806722689076,0.0975609756097561,0.024390243902439025,0.12121212121212122,0.030303030303030304,0.6477214634146341,0.64107,0.80871,0.6538555757575758,0.644197,0.80871,207.0,117.0,108.0,103.0
许浑,许浑,大样本,507,4218,True,True,75,17.780938833570413,70,13.806706114398423,4,0.948316737790422,2,0.474158368895211,1,0.2370791844476055,3,0.591715976331361,2,0.39447731755424065,1,0.19723865877712032,0.05333333333333334,0.02666666666666667,0.04285714285714286,0.02857142857142857,0.63978472,0.631827,0.815972,0.6404919428571428,0.634172,0.815972,236.0,146.0,106.0,142.0
薛能,薛能,大样本,271,2731,True,True,47,17.209813255217867,43,15.867158671586715,4,1.4646649578908824,1,0.3661662394727206,1,0.3661662394727206,1,0.36900369003690037,1,0.36900369003690037,1,0.36900369003690037,0.0851063829787234,0.02127659574468085,0.023255813953488372,0.023255813953488372,0.6338669361702127,0.632897,0.801118,0.6414588604651162,0.638854,0.801118,220.0,130.0,114.0,151.0
赵光逢,赵光逢,小样本,4,48,False,False,5,104.16666666666667,4,100.0,4,83.33333333333333,3,62.5,3,62.5,3,75.0,3,75.0,3,75.0,0.8,0.6,0.75,0.75,0.798562,0.814667,0.869655,0.8127605,0.8421609999999999,0.869655,22.0,,,
萧颖士,萧颖士,稳健样本,19,466,True,False,10,21.459227467811157,5,26.31578947368421,4,8.583690987124463,3,6.437768240343348,0,0.0,3,15.789473684210526,2,10.526315789473683,0,0.0,0.4,0.3,0.6,0.4,0.7231603,0.7372125,0.79934,0.7301828,0.776433,0.79934,102.0,19.0,14.0,3.0
邵谒,邵谒,稳健样本,33,354,True,False,25,70.62146892655367,14,42.42424242424242,4,11.299435028248588,2,5.649717514124294,1,2.824858757062147,3,9.090909090909092,2,6.0606060606060606,1,3.0303030303030303,0.16,0.08,0.21428571428571427,0.14285714285714285,0.6884268400000001,0.686675,0.832851,0.7103764285714286,0.704113,0.832851,90.0,10.0,17.0,11.0
吕温,吕温,大样本,104,902,True,True,32,35.47671840354767,28,26.923076923076923,4,4.434589800443459,1,1.1086474501108647,1,1.1086474501108647,2,1.9230769230769231,1,0.9615384615384616,1,0.9615384615384616,0.125,0.03125,0.07142857142857142,0.03571428571428571,0.6731225,0.6756774999999999,0.809515,0.6700222857142857,0.671813,0.809515,149.0,60.0,85.0,97.0
张衮,张衮,小样本,7,40,False,False,4,100.0,2,28.57142857142857,4,100.0,4,100.0,4,100.0,2,28.57142857142857,2,28.57142857142857,2,28.57142857142857,1.0,1.0,1.0,1.0,0.8935405000000001,0.8935405000000001,0.977369,0.977369,0.977369,0.977369,20.0,,,
裴潾,裴潾,小样本,2,146,False,False,7,47.94520547945205,1,50.0,4,27.397260273972602,2,13.698630136986301,1,6.8493150684931505,1,50.0,1,50.0,1,50.0,0.5714285714285714,0.2857142857142857,1.0,1.0,0.7678987142857142,0.768773,0.975002,0.975002,0.975002,0.975002,54.0,,,
陶翰,陶翰,稳健样本,18,284,True,False,6,21.12676056338028,4,22.22222222222222,3,10.56338028169014,1,3.5211267605633805,0,0.0,3,16.666666666666664,1,5.555555555555555,0,0.0,0.5,0.16666666666666666,0.75,0.25,0.7445786666666666,0.7448565,0.799606,0.76260675,0.7594065,0.799606,94.0,13.0,34.0,2.0
刘复,刘复,稳健样本,16,185,True,False,9,48.64864864864865,6,37.5,3,16.216216216216218,2,10.81081081081081,2,10.81081081081081,3,18.75,2,12.5,2,12.5,0.3333333333333333,0.2222222222222222,0.5,0.3333333333333333,0.7233893333333333,0.69735,0.869222,0.7482004999999999,0.732219,0.869222,73.0,4.0,2.0,1.0
魏徵,魏徵,稳健样本,36,304,True,False,9,29.605263157894736,8,22.22222222222222,3,9.868421052631579,3,9.868421052631579,0,0.0,3,8.333333333333332,0,0.0,0,0.0,0.3333333333333333,0.3333333333333333,0.375,0.0,0.7007236666666666,0.726092,0.782102,0.70739475,0.7289135,0.782102,98.0,17.0,6.0,14.0
崔融,崔融1,稳健样本,19,252,True,False,11,43.650793650793645,9,47.368421052631575,3,11.904761904761903,2,7.936507936507936,1,3.968253968253968,3,15.789473684210526,1,5.263157894736842,1,5.263157894736842,0.2727272727272727,0.18181818181818182,0.3333333333333333,0.1111111111111111,0.6838745454545454,0.662832,0.820234,0.6978611111111112,0.678782,0.820234,86.0,8.0,9.0,3.0
曹邺,曹邺,大样本,106,1020,True,True,51,50.0,37,34.90566037735849,3,2.941176470588235,3,2.941176470588235,2,1.9607843137254901,3,2.8301886792452833,3,2.8301886792452833,2,1.8867924528301887,0.058823529411764705,0.058823529411764705,0.08108108108108109,0.08108108108108109,0.6745866470588235,0.659794,0.910702,0.6813066486486486,0.658961,0.910702,168.0,79.0,41.0,68.0
独孤及,独孤及,大样本,82,1196,True,True,30,25.08361204013378,20,24.390243902439025,3,2.508361204013378,2,1.6722408026755853,1,0.8361204013377926,2,2.4390243902439024,1,1.2195121951219512,1,1.2195121951219512,0.1,0.06666666666666667,0.1,0.05,0.6702542,0.651157,0.841508,0.6881227,0.6846385,0.841508,183.0,94.0,66.0,84.0
李山甫,李山甫,大样本,78,754,True,True,20,26.525198938992045,16,20.51282051282051,3,3.9787798408488064,0,0.0,0,0.0,2,2.564102564102564,0,0.0,0,0.0,0.15,0.0,0.125,0.0,0.6640551,0.654103,0.771524,0.6660369375,0.6528309999999999,0.771524,152.0,63.0,122.0,79.0
李中,李中,大样本,287,2336,True,True,30,12.842465753424657,30,10.452961672473867,3,1.2842465753424657,1,0.4280821917808219,0,0.0,3,1.0452961672473868,0,0.0,0,0.0,0.1,0.03333333333333333,0.1,0.0,0.654162,0.64827,0.775488,0.654162,0.64827,0.775488,227.0,137.0,110.0,120.0
张蠙,张蠙,大样本,102,764,True,True,22,28.795811518324605,20,19.607843137254903,3,3.926701570680628,1,1.3089005235602096,1,1.3089005235602096,3,2.941176470588235,1,0.9803921568627451,1,0.9803921568627451,0.13636363636363635,0.045454545454545456,0.15,0.05,0.6528220454545455,0.6481684999999999,0.802154,0.6543937,0.6481684999999999,0.802154,153.0,64.0,73.0,65.0
卢纶,卢纶,大样本,322,3177,True,True,53,16.68240478438779,48,14.906832298136646,3,0.9442870632672333,1,0.3147623544224111,0,0.0,2,0.6211180124223602,0,0.0,0,0.0,0.05660377358490566,0.018867924528301886,0.041666666666666664,0.0,0.6485667735849056,0.644874,0.781432,0.64766325,0.6448164999999999,0.781432,237.0,147.0,116.0,137.0
贺知章,贺知章,稳健样本,21,187,True,False,10,53.475935828877006,5,23.809523809523807,3,16.0427807486631,2,10.695187165775401,1,5.347593582887701,2,9.523809523809524,2,9.523809523809524,1,4.761904761904762,0.3,0.2,0.4,0.4,0.7086008,0.6878205,0.91163,0.7564202,0.711784,0.91163,74.0,5.0,3.0,10.0
窦庠,窦庠,稳健样本,20,251,True,False,14,55.776892430278885,6,30.0,3,11.952191235059761,1,3.9840637450199203,1,3.9840637450199203,2,10.0,1,5.0,1,5.0,0.21428571428571427,0.07142857142857142,0.3333333333333333,0.16666666666666666,0.6586777857142857,0.637688,0.831326,0.7043941666666665,0.679554,0.831326,85.0,7.0,29.0,8.0
元希声,元希声,小样本,1,62,False,False,4,64.51612903225806,1,100.0,3,48.387096774193544,3,48.387096774193544,2,32.25806451612903,1,100.0,1,100.0,1,100.0,0.75,0.75,1.0,1.0,0.82798225,0.8292759999999999,0.961085,0.961085,0.961085,0.961085,38.0,,,
卢肇,卢肇,稳健样本,29,283,True,False,6,21.20141342756184,4,13.793103448275861,3,10.60070671378092,1,3.5335689045936394,1,3.5335689045936394,1,3.4482758620689653,1,3.4482758620689653,1,3.4482758620689653,0.5,0.16666666666666666,0.25,0.25,0.7261881666666667,0.6981415,0.950043,0.71002425,0.645943,0.950043,93.0,12.0,33.0,54.0
归登,归登,小样本,2,16,False,False,2,125.0,2,100.0,2,125.0,2,125.0,2,125.0,2,100.0,2,100.0,2,100.0,1.0,1.0,1.0,1.0,0.972149,0.972149,0.972149,0.972149,0.972149,0.972149,10.0,,,
王晙,王晙,小样本,2,16,False,False,2,125.0,2,100.0,2,125.0,2,125.0,2,125.0,2,100.0,2,100.0,2,100.0,1.0,1.0,1.0,1.0,0.97074,0.97074,0.97074,0.97074,0.97074,0.97074,10.0,,,
崔玄童,崔玄童,小样本,2,16,False,False,2,125.0,2,100.0,2,125.0,2,125.0,2,125.0,2,100.0,2,100.0,2,100.0,1.0,1.0,1.0,1.0,0.837281,0.837281,0.837281,0.837281,0.837281,0.837281,10.0,,,
常理,常理,小样本,3,38,False,False,2,52.63157894736842,2,66.66666666666666,2,52.63157894736842,2,52.63157894736842,0,0.0,2,66.66666666666666,0,0.0,0,0.0,1.0,1.0,1.0,0.0,0.775562,0.775562,0.775562,0.775562,0.775562,0.775562,32.0,,,
裴交泰,裴交泰,小样本,2,8,False,False,2,250.0,2,100.0,2,250.0,0,0.0,0,0.0,2,100.0,0,0.0,0,0.0,1.0,0.0,1.0,0.0,0.755936,0.755936,0.755936,0.755936,0.755936,0.755936,1.0,,,
贺兰进明,贺兰进明,小样本,3,100,False,False,9,90.0,2,66.66666666666666,2,20.0,2,20.0,1,10.0,2,66.66666666666666,1,33.33333333333333,1,33.33333333333333,0.2222222222222222,0.2222222222222222,1.0,0.5,0.7313788888888888,0.72604,0.802245,0.788896,0.788896,0.802245,66.0,,,
张柬之,张柬之,小样本,6,66,False,False,3,45.45454545454545,3,50.0,2,30.303030303030305,0,0.0,0,0.0,2,33.33333333333333,0,0.0,0,0.0,0.6666666666666666,0.0,0.6666666666666666,0.0,0.7218853333333333,0.759752,0.759752,0.7218853333333333,0.759752,0.759752,51.0,,,
李翱,李翱,小样本,7,50,False,False,5,100.0,3,42.857142857142854,2,40.0,1,20.0,1,20.0,1,14.285714285714285,1,14.285714285714285,1,14.285714285714285,0.4,0.2,0.3333333333333333,0.3333333333333333,0.719395,0.715632,0.813436,0.7597096666666667,0.750061,0.813436,45.0,,,
李适,李适,稳健样本,15,194,True,False,4,20.61855670103093,3,20.0,2,10.309278350515465,0,0.0,0,0.0,1,6.666666666666667,0,0.0,0,0.0,0.5,0.0,0.3333333333333333,0.0,0.71167675,0.729148,0.753822,0.7130853333333333,0.750845,0.753822,96.0,15.0,122.0,22.0
张贲,张贲,稳健样本,16,96,True,False,5,52.083333333333336,4,25.0,2,20.833333333333332,1,10.416666666666666,0,0.0,2,12.5,1,6.25,0,0.0,0.4,0.2,0.5,0.25,0.7073868,0.701914,0.799777,0.71503775,0.7296065,0.799777,61.0,1.0,4.0,6.0
韦渠牟,韦渠牟,小样本,4,320,False,False,5,15.625,3,75.0,2,6.25,0,0.0,0,0.0,2,50.0,0,0.0,0,0.0,0.4,0.0,0.6666666666666666,0.0,0.6948196,0.654597,0.77057,0.7216346666666666,0.77057,0.77057,120.0,,,
许棠,许棠,大样本,138,1309,True,True,12,9.167303284950345,11,7.971014492753622,2,1.5278838808250572,1,0.7639419404125286,1,0.7639419404125286,1,0.7246376811594203,1,0.7246376811594203,1,0.7246376811594203,0.16666666666666666,0.08333333333333333,0.09090909090909091,0.09090909090909091,0.67908975,0.68024,0.803451,0.6872761818181818,0.691747,0.803451,216.0,126.0,97.0,131.0
聂夷中,聂夷中,稳健样本,43,444,True,False,18,40.54054054054054,15,34.883720930232556,2,4.504504504504505,2,4.504504504504505,2,4.504504504504505,2,4.651162790697675,2,4.651162790697675,2,4.651162790697675,0.1111111111111111,0.1111111111111111,0.13333333333333333,0.13333333333333333,0.676468111111111,0.6661975,0.815883,0.6790865333333334,0.657421,0.815883,143.0,54.0,24.0,37.0
耿湋,耿湋,大样本,181,1565,True,True,27,17.252396166134186,23,12.70718232044199,2,1.2779552715654952,0,0.0,0,0.0,2,1.1049723756906076,0,0.0,0,0.0,0.07407407407407407,0.0,0.08695652173913043,0.0,0.6650571481481481,0.669752,0.752234,0.6755190869565217,0.679581,0.752234,228.0,138.0,122.0,118.0
朱庆馀,朱庆馀,大样本,168,1314,True,True,16,12.1765601217656,16,9.523809523809524,2,1.5220700152207,1,0.76103500761035,0,0.0,1,0.5952380952380952,1,0.5952380952380952,0,0.0,0.125,0.0625,0.0625,0.0625,0.6636724375,0.6637139999999999,0.792311,0.6636724375,0.6637139999999999,0.792311,217.0,127.0,98.0,139.0
刘得仁,刘得仁,大样本,139,1268,True,True,14,11.041009463722398,14,10.071942446043165,2,1.5772870662460567,0,0.0,0,0.0,1,0.7194244604316548,0,0.0,0,0.0,0.14285714285714285,0.0,0.07142857142857142,0.0,0.6608539285714287,0.6935819999999999,0.764991,0.6608539285714287,0.6935819999999999,0.764991,215.0,125.0,122.0,133.0
唐彦谦,唐彦谦,大样本,167,1578,True,True,36,22.813688212927758,27,16.16766467065868,2,1.2674271229404308,2,1.2674271229404308,1,0.6337135614702154,2,1.1976047904191618,2,1.1976047904191618,1,0.5988023952095809,0.05555555555555555,0.05555555555555555,0.07407407407407407,0.07407407407407407,0.6506435277777778,0.6396094999999999,0.868949,0.6494701111111111,0.629978,0.868949,229.0,139.0,79.0,115.0
司空图,司空图,大样本,231,2175,True,True,29,13.333333333333334,24,10.38961038961039,2,0.9195402298850575,2,0.9195402298850575,1,0.45977011494252873,2,0.8658008658008658,2,0.8658008658008658,1,0.4329004329004329,0.06896551724137931,0.06896551724137931,0.08333333333333333,0.08333333333333333,0.6485658620689655,0.653494,0.865515,0.654629625,0.6537545,0.865515,240.0,150.0,92.0,124.0
孙元晏,孙元晏,稳健样本,75,300,True,False,23,76.66666666666666,20,26.666666666666668,2,6.666666666666667,0,0.0,0,0.0,2,2.666666666666667,0,0.0,0,0.0,0.08695652173913043,0.0,0.1,0.0,0.6464486956521739,0.640407,0.765309,0.6479401,0.6465380000000001,0.765309,117.0,33.0,122.0,74.0
皇甫冉,皇甫冉,大样本,242,2031,True,True,40,19.694731659281143,35,14.46280991735537,2,0.9847365829640572,1,0.4923682914820286,0,0.0,2,0.8264462809917356,0,0.0,0,0.0,0.05,0.025,0.05714285714285714,0.0,0.646062775,0.6429739999999999,0.775256,0.6511376285714285,0.643921,0.775256,235.0,145.0,105.0,126.0
崔颢,崔颢,稳健样本,48,710,True,False,33,46.47887323943662,19,39.58333333333333,2,2.8169014084507045,0,0.0,0,0.0,2,4.166666666666666,0,0.0,0,0.0,0.06060606060606061,0.0,0.10526315789473684,0.0,0.6454424242424243,0.624768,0.760499,0.6588505263157894,0.659938,0.760499,172.0,83.0,122.0,42.0
郑谷,郑谷,大样本,312,2484,True,True,33,13.285024154589372,30,9.615384615384617,2,0.8051529790660226,1,0.4025764895330113,1,0.4025764895330113,2,0.641025641025641,1,0.3205128205128205,1,0.3205128205128205,0.06060606060606061,0.030303030303030304,0.06666666666666667,0.03333333333333333,0.644756606060606,0.625407,0.864149,0.6493463666666667,0.6365810000000001,0.864149,242.0,152.0,112.0,136.0
王勃,王勃,大样本,81,849,True,True,14,16.489988221436985,11,13.580246913580247,2,2.3557126030624262,1,1.1778563015312131,0,0.0,2,2.4691358024691357,0,0.0,0,0.0,0.14285714285714285,0.07142857142857142,0.18181818181818182,0.0,0.6440288571428571,0.6187775,0.776838,0.6481413636363637,0.628966,0.776838,188.0,99.0,82.0,83.0
李咸用,李咸用,大样本,177,1840,True,True,48,26.08695652173913,39,22.033898305084744,2,1.0869565217391304,0,0.0,0,0.0,2,1.1299435028248588,0,0.0,0,0.0,0.041666666666666664,0.0,0.05128205128205128,0.0,0.64161425,0.6386025,0.756714,0.6458539743589744,0.645943,0.756714,232.0,142.0,122.0,116.0
方干,方干,大样本,337,2715,True,True,53,19.521178637200737,51,15.133531157270031,2,0.7366482504604052,1,0.3683241252302026,0,0.0,2,0.5934718100890208,1,0.2967359050445104,0,0.0,0.03773584905660377,0.018867924528301886,0.0392156862745098,0.0196078431372549,0.6411934339622641,0.634631,0.792859,0.6428909215686274,0.635394,0.792859,246.0,156.0,113.0,141.0
韩偓,韩偓,大样本,316,2486,True,True,44,17.699115044247787,41,12.974683544303797,2,0.8045052292839903,0,0.0,0,0.0,1,0.31645569620253167,0,0.0,0,0.0,0.045454545454545456,0.0,0.024390243902439025,0.0,0.6409468863636364,0.6402495,0.763669,0.6414859024390244,0.64027,0.763669,243.0,153.0,122.0,153.0
张祜,张祜,大样本,367,2662,True,True,64,24.04207362885049,56,15.258855585831062,2,0.7513148009015778,2,0.7513148009015778,2,0.7513148009015778,2,0.544959128065395,2,0.544959128065395,2,0.544959128065395,0.03125,0.03125,0.03571428571428571,0.03571428571428571,0.637674921875,0.616638,0.830166,0.6412281249999999,0.6378064999999999,0.830166,245.0,155.0,99.0,146.0
徐夤,徐夤,大样本,245,2118,True,True,40,18.885741265344663,35,14.285714285714285,2,0.9442870632672333,2,0.9442870632672333,2,0.9442870632672333,2,0.8163265306122449,2,0.8163265306122449,2,0.8163265306122449,0.05,0.05,0.05714285714285714,0.05714285714285714,0.63623515,0.6316425,0.809215,0.6408092571428572,0.63473,0.809215,237.0,147.0,90.0,127.0
戎昱,戎昱,大样本,118,1127,True,True,30,26.619343389529725,22,18.64406779661017,2,1.7746228926353151,0,0.0,0,0.0,2,1.694915254237288,0,0.0,0,0.0,0.06666666666666667,0.0,0.09090909090909091,0.0,0.6330358,0.618151,0.755864,0.6346767727272727,0.6360034999999999,0.755864,208.0,118.0,122.0,102.0
温庭筠,温庭筠,大样本,351,3980,True,True,57,14.321608040201005,48,13.675213675213676,2,0.5025125628140704,2,0.5025125628140704,2,0.5025125628140704,2,0.5698005698005698,2,0.5698005698005698,2,0.5698005698005698,0.03508771929824561,0.03508771929824561,0.041666666666666664,0.041666666666666664,0.631997245614035,0.622582,0.871343,0.6357659583333334,0.6267940000000001,0.871343,256.0,166.0,104.0,144.0
陈陶,陈陶,大样本,111,1637,True,True,32,19.547953573610265,24,21.62162162162162,2,1.2217470983506415,1,0.6108735491753208,0,0.0,1,0.9009009009009009,0,0.0,0,0.0,0.0625,0.03125,0.041666666666666664,0.0,0.628177125,0.6201909999999999,0.781996,0.6335759166666667,0.620487,0.781996,231.0,141.0,103.0,122.0
韦庄,韦庄,大样本,336,2989,True,True,55,18.400802944128472,51,15.178571428571427,2,0.6691201070592171,0,0.0,0,0.0,1,0.2976190476190476,0,0.0,0,0.0,0.03636363636363636,0.0,0.0196078431372549,0.0,0.6263590727272726,0.629008,0.757145,0.6285651176470588,0.633322,0.757145,250.0,160.0,122.0,154.0
临淄县主,临淄县主,小样本,1,99,False,False,4,40.40404040404041,1,100.0,2,20.202020202020204,2,20.202020202020204,1,10.101010101010102,1,100.0,1,100.0,1,100.0,0.5,0.5,1.0,1.0,0.767625,0.7382500000000001,0.917582,0.917582,0.917582,0.917582,65.0,,,
张绍,张绍,小样本,1,96,False,False,4,41.666666666666664,1,100.0,2,20.833333333333332,1,10.416666666666666,1,10.416666666666666,1,100.0,1,100.0,1,100.0,0.5,0.25,1.0,1.0,0.7273995,0.7189305,0.821273,0.821273,0.821273,0.821273,61.0,,,
卢鸿一,卢鸿一,稳健样本,10,101,True,False,8,79.20792079207921,4,40.0,2,19.801980198019802,1,9.900990099009901,1,9.900990099009901,1,10.0,1,10.0,1,10.0,0.25,0.125,0.25,0.25,0.70912475,0.6750665,0.864592,0.73362975,0.7070865,0.864592,68.0,2.0,5.0,8.0
杨敬之,杨敬之,小样本,3,16,False,False,3,187.5,2,66.66666666666666,2,125.0,0,0.0,0,0.0,1,33.33333333333333,0,0.0,0,0.0,0.6666666666666666,0.0,0.5,0.0,0.7026773333333334,0.74739,0.752792,0.680321,0.680321,0.752792,10.0,,,
修雅,修雅,小样本,1,81,False,False,8,98.76543209876543,1,100.0,2,24.691358024691358,0,0.0,0,0.0,1,100.0,0,0.0,0,0.0,0.25,0.0,1.0,0.0,0.6955905,0.6875905,0.758138,0.758138,0.758138,0.758138,58.0,,,
李华,李华,稳健样本,15,424,True,False,21,49.528301886792455,3,20.0,2,4.716981132075471,0,0.0,0,0.0,1,6.666666666666667,0,0.0,0,0.0,0.09523809523809523,0.0,0.3333333333333333,0.0,0.6935968095238095,0.700863,0.770672,0.7334893333333333,0.716184,0.770672,140.0,51.0,122.0,22.0
张谓,张谓,稳健样本,40,376,True,False,13,34.57446808510638,7,17.5,2,5.319148936170213,1,2.6595744680851063,1,2.6595744680851063,1,2.5,1,2.5,1,2.5,0.15384615384615385,0.07692307692307693,0.14285714285714285,0.14285714285714285,0.6827194615384615,0.672914,0.822471,0.6956578571428571,0.685321,0.822471,127.0,40.0,43.0,82.0
杜光庭,杜光庭,稳健样本,29,246,True,False,19,77.23577235772358,10,34.48275862068966,2,8.130081300813009,2,8.130081300813009,1,4.065040650406504,1,3.4482758620689653,1,3.4482758620689653,1,3.4482758620689653,0.10526315789473684,0.10526315789473684,0.1,0.1,0.6744297368421053,0.672635,0.891481,0.663061,0.670291,0.891481,104.0,21.0,8.0,54.0
武元衡,武元衡,大样本,192,1544,True,True,29,18.78238341968912,25,13.020833333333334,2,1.2953367875647668,2,1.2953367875647668,2,1.2953367875647668,1,0.5208333333333333,1,0.5208333333333333,1,0.5208333333333333,0.06896551724137931,0.06896551724137931,0.04,0.04,0.6525083793103449,0.63985,0.841132,0.65630896,0.644791,0.841132,225.0,135.0,76.0,147.0
吴少微,吴少微,小样本,8,187,False,False,9,48.1283422459893,3,37.5,2,10.695187165775401,2,10.695187165775401,0,0.0,1,12.5,1,12.5,0,0.0,0.2222222222222222,0.2222222222222222,0.3333333333333333,0.3333333333333333,0.6416813333333333,0.644353,0.79074,0.6931486666666666,0.644353,0.79074,92.0,,,
于邵,于邵,小样本,5,28,False,False,1,35.714285714285715,1,20.0,1,35.714285714285715,1,35.714285714285715,1,35.714285714285715,1,20.0,1,20.0,1,20.0,1.0,1.0,1.0,1.0,0.9508,0.9508,0.9508,0.9508,0.9508,0.9508,46.0,,,
孙思邈,孙思邈,小样本,1,38,False,False,1,26.31578947368421,1,100.0,1,26.31578947368421,1,26.31578947368421,1,26.31578947368421,1,100.0,1,100.0,1,100.0,1.0,1.0,1.0,1.0,0.909358,0.909358,0.909358,0.909358,0.909358,0.909358,55.0,,,
刘行敏,刘行敏,小样本,3,20,False,False,1,50.0,1,33.33333333333333,1,50.0,1,50.0,1,50.0,1,33.33333333333333,1,33.33333333333333,1,33.33333333333333,1.0,1.0,1.0,1.0,0.864419,0.864419,0.864419,0.864419,0.864419,0.864419,33.0,,,
武昌妓,武昌妓,小样本,1,4,False,False,1,250.0,1,100.0,1,250.0,1,250.0,1,250.0,1,100.0,1,100.0,1,100.0,1.0,1.0,1.0,1.0,0.840199,0.840199,0.840199,0.840199,0.840199,0.840199,1.0,,,
成真人,成真人,小样本,1,4,False,False,1,250.0,1,100.0,1,250.0,1,250.0,1,250.0,1,100.0,1,100.0,1,100.0,1.0,1.0,1.0,1.0,0.829405,0.829405,0.829405,0.829405,0.829405,0.829405,1.0,,,
莫宣卿,莫宣卿,小样本,4,34,False,False,1,29.41176470588235,1,25.0,1,29.41176470588235,1,29.41176470588235,1,29.41176470588235,1,25.0,1,25.0,1,25.0,1.0,1.0,1.0,1.0,0.821402,0.821402,0.821402,0.821402,0.821402,0.821402,52.0,,,
李纾,李纾,小样本,8,64,False,False,1,15.625,1,12.5,1,15.625,1,15.625,1,15.625,1,12.5,1,12.5,1,12.5,1.0,1.0,1.0,1.0,0.817422,0.817422,0.817422,0.817422,0.817422,0.817422,75.0,,,
杨收,杨收,小样本,3,12,False,False,1,83.33333333333333,1,33.33333333333333,1,83.33333333333333,1,83.33333333333333,1,83.33333333333333,1,33.33333333333333,1,33.33333333333333,1,33.33333333333333,1.0,1.0,1.0,1.0,0.815976,0.815976,0.815976,0.815976,0.815976,0.815976,22.0,,,
崔翘,崔翘,小样本,3,32,False,False,1,31.25,1,33.33333333333333,1,31.25,1,31.25,1,31.25,1,33.33333333333333,1,33.33333333333333,1,33.33333333333333,1.0,1.0,1.0,1.0,0.812034,0.812034,0.812034,0.812034,0.812034,0.812034,48.0,,,
舒道纪,舒道纪,小样本,2,16,False,False,1,62.5,1,50.0,1,62.5,1,62.5,1,62.5,1,50.0,1,50.0,1,50.0,1.0,1.0,1.0,1.0,0.80801,0.80801,0.80801,0.80801,0.80801,0.80801,25.0,,,
陈叔达,陈叔达,小样本,9,74,False,False,2,27.027027027027028,1,11.11111111111111,1,13.513513513513514,1,13.513513513513514,1,13.513513513513514,1,11.11111111111111,1,11.11111111111111,1,11.11111111111111,0.5,0.5,1.0,1.0,0.8042265,0.8042265,0.97074,0.97074,0.97074,0.97074,82.0,,,
崔禹锡,崔禹锡,小样本,1,20,False,False,1,50.0,1,100.0,1,50.0,1,50.0,1,50.0,1,100.0,1,100.0,1,100.0,1.0,1.0,1.0,1.0,0.801294,0.801294,0.801294,0.801294,0.801294,0.801294,33.0,,,
王睿,王睿,稳健样本,11,72,True,False,1,13.888888888888888,1,9.090909090909092,1,13.888888888888888,1,13.888888888888888,1,13.888888888888888,1,9.090909090909092,1,9.090909090909092,1,9.090909090909092,1.0,1.0,1.0,1.0,0.800535,0.800535,0.800535,0.800535,0.800535,0.800535,80.0,6.0,1.0,11.0
杨凝式,杨凝式,小样本,5,22,False,False,1,45.45454545454545,1,20.0,1,45.45454545454545,1,45.45454545454545,0,0.0,1,20.0,1,20.0,0,0.0,1.0,1.0,1.0,1.0,0.79549,0.79549,0.79549,0.79549,0.79549,0.79549,39.0,,,
刘太真,刘太真,小样本,3,32,False,False,1,31.25,1,33.33333333333333,1,31.25,1,31.25,0,0.0,1,33.33333333333333,1,33.33333333333333,0,0.0,1.0,1.0,1.0,1.0,0.79526,0.79526,0.79526,0.79526,0.79526,0.79526,48.0,,,
郭元振,郭元振,小样本,5,40,False,False,1,25.0,1,20.0,1,25.0,1,25.0,0,0.0,1,20.0,1,20.0,0,0.0,1.0,1.0,1.0,1.0,0.784792,0.784792,0.784792,0.784792,0.784792,0.784792,56.0,,,
张易之,张易之,小样本,5,52,False,False,1,19.230769230769234,1,20.0,1,19.230769230769234,1,19.230769230769234,0,0.0,1,20.0,1,20.0,0,0.0,1.0,1.0,1.0,1.0,0.78459,0.78459,0.78459,0.78459,0.78459,0.78459,69.0,,,
长须国驸马,长须国驸马,小样本,1,4,False,False,1,250.0,1,100.0,1,250.0,1,250.0,0,0.0,1,100.0,0,0.0,0,0.0,1.0,1.0,1.0,0.0,0.7814,0.7814,0.7814,0.7814,0.7814,0.7814,1.0,,,
郭密之,郭密之,小样本,1,20,False,False,1,50.0,1,100.0,1,50.0,1,50.0,0,0.0,1,100.0,0,0.0,0,0.0,1.0,1.0,1.0,0.0,0.77345,0.77345,0.77345,0.77345,0.77345,0.77345,33.0,,,
李从谦,李从谦,小样本,1,8,False,False,1,125.0,1,100.0,1,125.0,0,0.0,0,0.0,1,100.0,0,0.0,0,0.0,1.0,0.0,1.0,0.0,0.771918,0.771918,0.771918,0.771918,0.771918,0.771918,10.0,,,
陈去疾,陈去疾,稳健样本,12,84,True,False,1,11.904761904761903,1,8.333333333333332,1,11.904761904761903,0,0.0,0,0.0,1,8.333333333333332,0,0.0,0,0.0,1.0,0.0,1.0,0.0,0.769011,0.769011,0.769011,0.769011,0.769011,0.769011,86.0,8.0,122.0,14.0
崔居俭,崔居俭,小样本,1,8,False,False,1,125.0,1,100.0,1,125.0,0,0.0,0,0.0,1,100.0,0,0.0,0,0.0,1.0,0.0,1.0,0.0,0.767713,0.767713,0.767713,0.767713,0.767713,0.767713,10.0,,,
贾躭,贾躭,小样本,1,10,False,False,1,100.0,1,100.0,1,100.0,0,0.0,0,0.0,1,100.0,0,0.0,0,0.0,1.0,0.0,1.0,0.0,0.76761,0.76761,0.76761,0.76761,0.76761,0.76761,20.0,,,
卿云,卿云,小样本,4,32,False,False,1,31.25,1,25.0,1,31.25,0,0.0,0,0.0,1,25.0,0,0.0,0,0.0,1.0,0.0,1.0,0.0,0.764269,0.764269,0.764269,0.764269,0.764269,0.764269,48.0,,,
天峤游人,天峤游人,小样本,1,4,False,False,1,250.0,1,100.0,1,250.0,0,0.0,0,0.0,1,100.0,0,0.0,0,0.0,1.0,0.0,1.0,0.0,0.763839,0.763839,0.763839,0.763839,0.763839,0.763839,1.0,,,
张濯,张濯,小样本,2,24,False,False,1,41.666666666666664,1,50.0,1,41.666666666666664,0,0.0,0,0.0,1,50.0,0,0.0,0,0.0,1.0,0.0,1.0,0.0,0.763397,0.763397,0.763397,0.763397,0.763397,0.763397,41.0,,,
刘绮庄,刘绮庄,小样本,3,24,False,False,1,41.666666666666664,1,33.33333333333333,1,41.666666666666664,0,0.0,0,0.0,1,33.33333333333333,0,0.0,0,0.0,1.0,0.0,1.0,0.0,0.762506,0.762506,0.762506,0.762506,0.762506,0.762506,41.0,,,
上官昭容,上官昭容,小样本,7,166,False,False,1,6.024096385542169,1,14.285714285714285,1,6.024096385542169,0,0.0,0,0.0,1,14.285714285714285,0,0.0,0,0.0,1.0,0.0,1.0,0.0,0.761181,0.761181,0.761181,0.761181,0.761181,0.761181,123.0,,,
豆卢回,豆卢回,小样本,1,30,False,False,1,33.333333333333336,1,100.0,1,33.333333333333336,0,0.0,0,0.0,1,100.0,0,0.0,0,0.0,1.0,0.0,1.0,0.0,0.759295,0.759295,0.759295,0.759295,0.759295,0.759295,47.0,,,
河中鬼,河中鬼,小样本,1,4,False,False,1,250.0,1,100.0,1,250.0,0,0.0,0,0.0,1,100.0,0,0.0,0,0.0,1.0,0.0,1.0,0.0,0.757581,0.757581,0.757581,0.757581,0.757581,0.757581,1.0,,,
韩昭,韩昭,小样本,2,16,False,False,1,62.5,1,50.0,1,62.5,0,0.0,0,0.0,1,50.0,0,0.0,0,0.0,1.0,0.0,1.0,0.0,0.755111,0.755111,0.755111,0.755111,0.755111,0.755111,25.0,,,
李昪,李昪,小样本,1,4,False,False,1,250.0,1,100.0,1,250.0,0,0.0,0,0.0,1,100.0,0,0.0,0,0.0,1.0,0.0,1.0,0.0,0.753902,0.753902,0.753902,0.753902,0.753902,0.753902,1.0,,,
刘方平,刘方平,稳健样本,29,223,True,False,1,4.484304932735426,1,3.4482758620689653,1,4.484304932735426,0,0.0,0,0.0,0,0.0,0,0.0,0,0.0,1.0,0.0,0.0,0.0,0.750441,0.750441,0.750441,0.750441,0.750441,0.750441,145.0,56.0,122.0,155.0
李遐周,李遐周,小样本,1,4,False,False,1,250.0,1,100.0,1,250.0,0,0.0,0,0.0,0,0.0,0,0.0,0,0.0,1.0,0.0,0.0,0.0,0.749826,0.749826,0.749826,0.749826,0.749826,0.749826,1.0,,,
卫光一,卫光一,小样本,1,8,False,False,1,125.0,1,100.0,1,125.0,0,0.0,0,0.0,0,0.0,0,0.0,0,0.0,1.0,0.0,0.0,0.0,0.748787,0.748787,0.748787,0.748787,0.748787,0.748787,10.0,,,
于尹躬,于尹躬,小样本,1,12,False,False,1,83.33333333333333,1,100.0,1,83.33333333333333,0,0.0,0,0.0,0,0.0,0,0.0,0,0.0,1.0,0.0,0.0,0.0,0.747539,0.747539,0.747539,0.747539,0.747539,0.747539,22.0,,,
谢陶,谢陶,小样本,1,8,False,False,1,125.0,1,100.0,1,125.0,0,0.0,0,0.0,0,0.0,0,0.0,0,0.0,1.0,0.0,0.0,0.0,0.746245,0.746245,0.746245,0.746245,0.746245,0.746245,10.0,,,
长孙无忌,长孙无忌,小样本,3,20,False,False,1,50.0,1,33.33333333333333,1,50.0,0,0.0,0,0.0,0,0.0,0,0.0,0,0.0,1.0,0.0,0.0,0.0,0.745414,0.745414,0.745414,0.745414,0.745414,0.745414,33.0,,,
韦璜,韦璜,小样本,3,18,False,False,1,55.55555555555555,1,33.33333333333333,1,55.55555555555555,0,0.0,0,0.0,0,0.0,0,0.0,0,0.0,1.0,0.0,0.0,0.0,0.743842,0.743842,0.743842,0.743842,0.743842,0.743842,29.0,,,
孔绍安,孔绍安,小样本,7,52,False,False,1,19.230769230769234,1,14.285714285714285,1,19.230769230769234,0,0.0,0,0.0,0,0.0,0,0.0,0,0.0,1.0,0.0,0.0,0.0,0.742103,0.742103,0.742103,0.742103,0.742103,0.742103,69.0,,,
卢士衡,卢士衡,小样本,9,64,False,False,2,31.25,2,22.22222222222222,1,15.625,0,0.0,0,0.0,1,11.11111111111111,0,0.0,0,0.0,0.5,0.0,0.5,0.0,0.7400724999999999,0.7400724999999999,0.759045,0.7400724999999999,0.7400724999999999,0.759045,75.0,,,
王烈,王烈,小样本,4,34,False,False,3,88.23529411764706,1,25.0,1,29.41176470588235,0,0.0,0,0.0,1,25.0,0,0.0,0,0.0,0.3333333333333333,0.0,1.0,0.0,0.7400683333333333,0.73269,0.755962,0.755962,0.755962,0.755962,52.0,,,
谢良辅,谢良辅,小样本,4,18,False,False,2,111.1111111111111,2,50.0,1,55.55555555555555,1,55.55555555555555,1,55.55555555555555,1,25.0,1,25.0,1,25.0,0.5,0.5,0.5,0.5,0.736052,0.736052,0.821447,0.736052,0.736052,0.821447,29.0,,,
畅当,畅当,稳健样本,15,140,True,False,2,14.285714285714285,2,13.333333333333334,1,7.142857142857142,1,7.142857142857142,0,0.0,1,6.666666666666667,0,0.0,0,0.0,0.5,0.5,0.5,0.0,0.72933,0.72933,0.77928,0.72933,0.72933,0.77928,114.0,30.0,11.0,22.0
张彪,张彪,小样本,6,76,False,False,3,39.473684210526315,2,33.33333333333333,1,13.157894736842104,0,0.0,0,0.0,0,0.0,0,0.0,0,0.0,0.3333333333333333,0.0,0.0,0.0,0.7247873333333333,0.738127,0.743759,0.7181175,0.7181175,0.743759,83.0,,,
杨师道,杨师道,稳健样本,21,210,True,False,2,9.523809523809526,2,9.523809523809524,1,4.761904761904763,0,0.0,0,0.0,0,0.0,0,0.0,0,0.0,0.5,0.0,0.0,0.0,0.718315,0.718315,0.750574,0.718315,0.718315,0.750574,138.0,49.0,122.0,155.0
唐怡,唐怡,小样本,2,8,False,False,2,250.0,1,50.0,1,125.0,1,125.0,0,0.0,1,50.0,1,50.0,0,0.0,0.5,0.5,1.0,1.0,0.7169425,0.7169425,0.785488,0.785488,0.785488,0.785488,10.0,,,
尉迟汾,尉迟汾,小样本,1,60,False,False,3,50.0,1,100.0,1,16.666666666666668,0,0.0,0,0.0,1,100.0,0,0.0,0,0.0,0.3333333333333333,0.0,1.0,0.0,0.7167043333333334,0.694297,0.763621,0.763621,0.763621,0.763621,71.0,,,
李舒,李舒,小样本,6,48,False,False,2,41.666666666666664,1,16.666666666666664,1,20.833333333333332,1,20.833333333333332,1,20.833333333333332,1,16.666666666666664,1,16.666666666666664,1,16.666666666666664,0.5,0.5,1.0,1.0,0.715938,0.715938,0.817422,0.817422,0.817422,0.817422,61.0,,,
董思恭,董思恭,稳健样本,19,160,True,False,3,18.75,3,15.789473684210526,1,6.25,1,6.25,1,6.25,1,5.263157894736842,1,5.263157894736842,1,5.263157894736842,0.3333333333333333,0.3333333333333333,0.3333333333333333,0.3333333333333333,0.71483,0.719402,0.800723,0.71483,0.719402,0.800723,120.0,35.0,15.0,33.0
武则天,武则天,稳健样本,48,320,True,False,2,6.25,2,4.166666666666666,1,3.125,0,0.0,0,0.0,1,2.083333333333333,0,0.0,0,0.0,0.5,0.0,0.5,0.0,0.7139515000000001,0.7139515000000001,0.753152,0.7139515000000001,0.7139515000000001,0.753152,165.0,76.0,122.0,93.0
袁朗,袁朗,小样本,5,124,False,False,2,16.129032258064516,1,20.0,1,8.064516129032258,1,8.064516129032258,1,8.064516129032258,1,20.0,1,20.0,1,20.0,0.5,0.5,1.0,1.0,0.7139225,0.7139225,0.801805,0.801805,0.801805,0.801805,106.0,,,
王宏,王宏,小样本,1,16,False,False,2,125.0,1,100.0,1,62.5,0,0.0,0,0.0,1,100.0,0,0.0,0,0.0,0.5,0.0,1.0,0.0,0.7123809999999999,0.7123809999999999,0.76266,0.76266,0.76266,0.76266,25.0,,,
郑愔,郑愔,稳健样本,25,282,True,False,3,10.638297872340425,2,8.0,1,3.5460992907801416,0,0.0,0,0.0,1,4.0,0,0.0,0,0.0,0.3333333333333333,0.0,0.5,0.0,0.7118393333333334,0.723453,0.770161,0.746807,0.746807,0.770161,158.0,69.0,122.0,45.0
张为,张为,小样本,4,49,False,False,2,40.816326530612244,2,50.0,1,20.408163265306122,1,20.408163265306122,0,0.0,1,25.0,0,0.0,0,0.0,0.5,0.5,0.5,0.0,0.711004,0.711004,0.778845,0.711004,0.711004,0.778845,64.0,,,
卢藏用,卢藏用,小样本,8,116,False,False,4,34.48275862068965,2,25.0,1,8.620689655172413,0,0.0,0,0.0,1,12.5,0,0.0,0,0.0,0.25,0.0,0.5,0.0,0.7080405000000001,0.701523,0.756167,0.734399,0.734399,0.756167,100.0,,,
李沛,李沛,小样本,2,24,False,False,3,125.0,2,100.0,1,41.666666666666664,0,0.0,0,0.0,1,50.0,0,0.0,0,0.0,0.3333333333333333,0.0,0.5,0.0,0.706486,0.704888,0.75696,0.7309239999999999,0.7309239999999999,0.75696,41.0,,,
孟迟,孟迟,稳健样本,18,90,True,False,5,55.55555555555555,3,16.666666666666664,1,11.11111111111111,0,0.0,0,0.0,0,0.0,0,0.0,0,0.0,0.2,0.0,0.0,0.0,0.7040006,0.721404,0.745048,0.7056426666666668,0.725566,0.745048,91.0,11.0,122.0,155.0
唐晅,唐晅,小样本,2,18,False,False,2,111.1111111111111,1,50.0,1,55.55555555555555,0,0.0,0,0.0,0,0.0,0,0.0,0,0.0,0.5,0.0,0.0,0.0,0.7025155000000001,0.7025155000000001,0.74288,0.74288,0.74288,0.74288,29.0,,,
法振,法振,稳健样本,17,126,True,False,4,31.746031746031743,4,23.52941176470588,1,7.936507936507936,0,0.0,0,0.0,1,5.88235294117647,0,0.0,0,0.0,0.25,0.0,0.25,0.0,0.701858,0.6885315000000001,0.763142,0.701858,0.6885315000000001,0.763142,107.0,23.0,122.0,30.0
刘孝孙,刘孝孙,小样本,7,72,False,False,3,41.666666666666664,3,42.857142857142854,1,13.888888888888888,0,0.0,0,0.0,1,14.285714285714285,0,0.0,0,0.0,0.3333333333333333,0.0,0.3333333333333333,0.0,0.7016293333333333,0.688622,0.758512,0.7016293333333333,0.688622,0.758512,80.0,,,
鲁收,鲁收,小样本,1,24,False,False,2,83.33333333333333,1,100.0,1,41.666666666666664,0,0.0,0,0.0,0,0.0,0,0.0,0,0.0,0.5,0.0,0.0,0.0,0.7015475,0.7015475,0.750478,0.750478,0.750478,0.750478,41.0,,,
窦牟,窦牟,稳健样本,21,208,True,False,4,19.230769230769234,4,19.047619047619047,1,4.807692307692308,1,4.807692307692308,1,4.807692307692308,1,4.761904761904762,1,4.761904761904762,1,4.761904761904762,0.25,0.25,0.25,0.25,0.70134875,0.6959569999999999,0.827767,0.70134875,0.6959569999999999,0.827767,136.0,47.0,21.0,36.0
许宣平,许宣平,小样本,3,16,False,False,2,125.0,2,66.66666666666666,1,62.5,1,62.5,1,62.5,1,33.33333333333333,1,33.33333333333333,1,33.33333333333333,0.5,0.5,0.5,0.5,0.700473,0.700473,0.808212,0.700473,0.700473,0.808212,25.0,,,
崔璐,崔璐,小样本,1,22,False,False,2,90.9090909090909,1,100.0,1,45.45454545454545,0,0.0,0,0.0,1,100.0,0,0.0,0,0.0,0.5,0.0,1.0,0.0,0.698855,0.698855,0.766816,0.766816,0.766816,0.766816,39.0,,,
尚颜,尚颜,稳健样本,33,270,True,False,3,11.11111111111111,3,9.090909090909092,1,3.7037037037037037,1,3.7037037037037037,0,0.0,1,3.0303030303030303,1,3.0303030303030303,0,0.0,0.3333333333333333,0.3333333333333333,0.3333333333333333,0.3333333333333333,0.6982503333333333,0.704891,0.795626,0.6982503333333333,0.704891,0.795626,156.0,67.0,31.0,60.0
刘允济,刘允济,小样本,4,116,False,False,3,25.862068965517242,2,50.0,1,8.620689655172413,0,0.0,0,0.0,1,25.0,0,0.0,0,0.0,0.3333333333333333,0.0,0.5,0.0,0.6980056666666666,0.6857,0.765725,0.7257125,0.7257125,0.765725,100.0,,,
王丘,王丘,小样本,3,46,False,False,2,43.47826086956522,2,66.66666666666666,1,21.73913043478261,0,0.0,0,0.0,0,0.0,0,0.0,0,0.0,0.5,0.0,0.0,0.0,0.6936855,0.6936855,0.742746,0.6936855,0.6936855,0.742746,60.0,,,
程长文,程长文,小样本,3,42,False,False,2,47.61904761904761,1,33.33333333333333,1,23.809523809523807,1,23.809523809523807,1,23.809523809523807,1,33.33333333333333,1,33.33333333333333,1,33.33333333333333,0.5,0.5,1.0,1.0,0.693363,0.693363,0.801931,0.801931,0.801931,0.801931,59.0,,,
皇甫湜,皇甫湜,小样本,3,87,False,False,7,80.45977011494253,3,100.0,1,11.494252873563218,0,0.0,0,0.0,0,0.0,0,0.0,0,0.0,0.14285714285714285,0.0,0.0,0.0,0.6917287142857143,0.682137,0.746259,0.6952280000000001,0.680458,0.746259,89.0,,,
陈子良,陈子良,稳健样本,13,144,True,False,3,20.833333333333332,2,15.384615384615385,1,6.944444444444444,0,0.0,0,0.0,0,0.0,0,0.0,0,0.0,0.3333333333333333,0.0,0.0,0.0,0.6915053333333333,0.675022,0.748742,0.711882,0.711882,0.748742,116.0,32.0,122.0,155.0
鲍防,鲍防,小样本,8,65,False,False,3,46.15384615384615,2,25.0,1,15.384615384615385,1,15.384615384615385,0,0.0,1,12.5,0,0.0,0,0.0,0.3333333333333333,0.3333333333333333,0.5,0.0,0.6907526666666666,0.665956,0.77689,0.703151,0.703151,0.77689,78.0,,,
崔湜,崔湜,稳健样本,34,394,True,False,8,20.30456852791878,7,20.588235294117645,1,2.5380710659898473,0,0.0,0,0.0,1,2.941176470588235,0,0.0,0,0.0,0.125,0.0,0.14285714285714285,0.0,0.689191875,0.6899295,0.754745,0.6975615714285714,0.698452,0.754745,181.0,92.0,122.0,65.0
綦毋潜,綦毋潜,稳健样本,26,210,True,False,5,23.809523809523807,4,15.384615384615385,1,4.761904761904763,1,4.761904761904763,0,0.0,1,3.8461538461538463,0,0.0,0,0.0,0.2,0.2,0.25,0.0,0.6874892,0.660368,0.779495,0.69614125,0.6742045,0.779495,138.0,49.0,22.0,48.0
宋华,宋华,小样本,1,50,False,False,4,80.0,1,100.0,1,20.0,1,20.0,0,0.0,1,100.0,1,100.0,0,0.0,0.25,0.25,1.0,1.0,0.68684675,0.663276,0.791688,0.791688,0.791688,0.791688,66.0,,,
柳曾,柳曾,小样本,1,20,False,False,4,200.0,1,100.0,1,50.0,0,0.0,0,0.0,1,100.0,0,0.0,0,0.0,0.25,0.0,1.0,0.0,0.685972,0.685207,0.756424,0.756424,0.756424,0.756424,33.0,,,
于濆,于濆,稳健样本,49,486,True,False,7,14.40329218106996,7,14.285714285714285,1,2.05761316872428,1,2.05761316872428,1,2.05761316872428,1,2.0408163265306123,1,2.0408163265306123,1,2.0408163265306123,0.14285714285714285,0.14285714285714285,0.14285714285714285,0.14285714285714285,0.6847895714285714,0.655879,0.85755,0.6847895714285714,0.655879,0.85755,199.0,109.0,55.0,95.0
韩愈,韩愈,稳健样本,24,1248,True,False,13,10.416666666666666,9,37.5,1,0.8012820512820512,1,0.8012820512820512,0,0.0,1,4.166666666666666,1,4.166666666666666,0,0.0,0.07692307692307693,0.07692307692307693,0.1111111111111111,0.1111111111111111,0.6839608461538462,0.696671,0.78829,0.7002932222222222,0.715557,0.78829,244.0,154.0,96.0,42.0
李冶,李冶,稳健样本,19,136,True,False,4,29.41176470588235,4,21.052631578947366,1,7.352941176470588,0,0.0,0,0.0,1,5.263157894736842,0,0.0,0,0.0,0.25,0.0,0.25,0.0,0.68340025,0.678383,0.772461,0.68340025,0.678383,0.772461,113.0,29.0,122.0,33.0
薛据,薛据,稳健样本,13,172,True,False,7,40.697674418604656,5,38.46153846153847,1,5.813953488372093,0,0.0,0,0.0,0,0.0,0,0.0,0,0.0,0.14285714285714285,0.0,0.0,0.0,0.682705,0.681527,0.74738,0.6890902000000001,0.69971,0.74738,125.0,38.0,122.0,155.0
褚亮,褚亮,稳健样本,35,295,True,False,7,23.728813559322035,7,20.0,1,3.389830508474576,0,0.0,0,0.0,0,0.0,0,0.0,0,0.0,0.14285714285714285,0.0,0.0,0.0,0.6805194285714286,0.691235,0.741959,0.6805194285714286,0.691235,0.741959,161.0,72.0,122.0,155.0
舒元舆,舒元舆,小样本,7,204,False,False,8,39.21568627450981,4,57.14285714285714,1,4.901960784313726,1,4.901960784313726,0,0.0,1,14.285714285714285,1,14.285714285714285,0,0.0,0.125,0.125,0.25,0.25,0.679748125,0.671205,0.79497,0.69991275,0.7015210000000001,0.79497,134.0,,,
崔国辅,崔国辅,稳健样本,52,336,True,False,7,20.833333333333332,6,11.538461538461538,1,2.976190476190476,0,0.0,0,0.0,0,0.0,0,0.0,0,0.0,0.14285714285714285,0.0,0.0,0.0,0.6777021428571428,0.673156,0.742936,0.6852576666666667,0.673156,0.742936,167.0,78.0,122.0,155.0
水神,水神,稳健样本,11,140,True,False,7,50.0,6,54.54545454545454,1,7.142857142857142,1,7.142857142857142,1,7.142857142857142,1,9.090909090909092,1,9.090909090909092,1,9.090909090909092,0.14285714285714285,0.14285714285714285,0.16666666666666666,0.16666666666666666,0.6756898571428571,0.651853,0.800535,0.6806435,0.6627700000000001,0.800535,114.0,30.0,11.0,11.0
钱珝,钱珝,小样本,7,440,False,False,7,15.909090909090908,1,14.285714285714285,1,2.2727272727272725,0,0.0,0,0.0,0,0.0,0,0.0,0,0.0,0.14285714285714285,0.0,0.0,0.0,0.6751218571428571,0.668749,0.747342,0.747342,0.747342,0.747342,193.0,,,
任华,任华,小样本,3,188,False,False,10,53.191489361702125,3,100.0,1,5.319148936170213,0,0.0,0,0.0,1,33.33333333333333,0,0.0,0,0.0,0.1,0.0,0.3333333333333333,0.0,0.6712956,0.679311,0.760956,0.715427,0.699243,0.760956,127.0,,,
乔知之,乔知之,稳健样本,22,462,True,False,15,32.467532467532465,11,50.0,1,2.1645021645021645,1,2.1645021645021645,1,2.1645021645021645,1,4.545454545454546,1,4.545454545454546,1,4.545454545454546,0.06666666666666667,0.06666666666666667,0.09090909090909091,0.09090909090909091,0.6697454,0.64851,0.825738,0.6865416363636364,0.711942,0.825738,197.0,107.0,52.0,39.0
崔日用,崔日用,稳健样本,13,99,True,False,4,40.40404040404041,3,23.076923076923077,1,10.101010101010102,0,0.0,0,0.0,1,7.6923076923076925,0,0.0,0,0.0,0.25,0.0,0.3333333333333333,0.0,0.669722,0.653285,0.771707,0.6881349999999999,0.692087,0.771707,97.0,16.0,122.0,16.0
卢延让,卢延让,稳健样本,14,118,True,False,4,33.898305084745765,4,28.57142857142857,1,8.474576271186441,0,0.0,0,0.0,0,0.0,0,0.0,0,0.0,0.25,0.0,0.0,0.0,0.668582,0.6953625,0.748629,0.668582,0.6953625,0.748629,103.0,20.0,122.0,155.0
柳宗元,柳宗元,稳健样本,16,223,True,False,11,49.327354260089685,6,37.5,1,4.484304932735426,0,0.0,0,0.0,1,6.25,0,0.0,0,0.0,0.09090909090909091,0.0,0.16666666666666666,0.0,0.6684699090909091,0.668479,0.761079,0.6689218333333334,0.6661125,0.761079,145.0,56.0,122.0,26.0
司马扎,司马扎,稳健样本,39,384,True,False,7,18.229166666666668,7,17.94871794871795,1,2.6041666666666665,0,0.0,0,0.0,1,2.564102564102564,0,0.0,0,0.0,0.14285714285714285,0.0,0.14285714285714285,0.0,0.6672128571428572,0.672829,0.760998,0.6672128571428572,0.672829,0.760998,179.0,90.0,122.0,79.0
杨衡,杨衡,大样本,61,596,True,True,9,15.100671140939598,9,14.754098360655737,1,1.6778523489932886,1,1.6778523489932886,1,1.6778523489932886,1,1.639344262295082,1,1.639344262295082,1,1.639344262295082,0.1111111111111111,0.1111111111111111,0.1111111111111111,0.1111111111111111,0.6667776666666667,0.642385,0.822758,0.6667776666666667,0.642385,0.822758,210.0,120.0,65.0,104.0
苏涣,苏涣,小样本,2,64,False,False,9,140.625,2,100.0,1,15.625,0,0.0,0,0.0,1,50.0,0,0.0,0,0.0,0.1111111111111111,0.0,0.5,0.0,0.6667765555555555,0.66996,0.762948,0.7480469999999999,0.7480469999999999,0.762948,75.0,,,
崔道融,崔道融,稳健样本,68,326,True,False,13,39.87730061349693,13,19.11764705882353,1,3.067484662576687,1,3.067484662576687,1,3.067484662576687,1,1.4705882352941175,1,1.4705882352941175,1,1.4705882352941175,0.07692307692307693,0.07692307692307693,0.07692307692307693,0.07692307692307693,0.6656142307692308,0.680474,0.824139,0.6656142307692308,0.680474,0.824139,166.0,77.0,38.0,109.0
黄山隐,黄山隐,小样本,1,8,False,False,2,250.0,1,100.0,1,125.0,0,0.0,0,0.0,1,100.0,0,0.0,0,0.0,0.5,0.0,1.0,0.0,0.6645825,0.6645825,0.758964,0.758964,0.758964,0.758964,10.0,,,
包佶,包佶,稳健样本,49,396,True,False,7,17.676767676767675,7,14.285714285714285,1,2.5252525252525255,0,0.0,0,0.0,1,2.0408163265306123,0,0.0,0,0.0,0.14285714285714285,0.0,0.14285714285714285,0.0,0.664411,0.690417,0.755683,0.664411,0.690417,0.755683,182.0,93.0,122.0,95.0
于邺,于邺,稳健样本,34,244,True,False,10,40.983606557377044,10,29.411764705882355,1,4.0983606557377055,1,4.0983606557377055,0,0.0,1,2.941176470588235,1,2.941176470588235,0,0.0,0.1,0.1,0.1,0.1,0.6627394,0.662315,0.787376,0.6627394,0.662315,0.787376,151.0,62.0,27.0,65.0
章孝标,章孝标,大样本,68,530,True,True,10,18.867924528301884,10,14.705882352941178,1,1.8867924528301887,0,0.0,0,0.0,0,0.0,0,0.0,0,0.0,0.1,0.0,0.0,0.0,0.6612562000000001,0.6531115000000001,0.750107,0.6612562000000001,0.6531115000000001,0.750107,204.0,114.0,122.0,155.0
马戴,马戴,大样本,168,1434,True,True,16,11.15760111576011,15,8.928571428571429,1,0.6973500697350069,0,0.0,0,0.0,1,0.5952380952380952,0,0.0,0,0.0,0.0625,0.0,0.06666666666666667,0.0,0.6583759375,0.6626785,0.760268,0.6626670666666666,0.680029,0.760268,248.0,158.0,122.0,139.0
王贞白,王贞白,大样本,67,589,True,True,15,25.466893039049236,12,17.91044776119403,1,1.697792869269949,0,0.0,0,0.0,1,1.4925373134328357,0,0.0,0,0.0,0.06666666666666667,0.0,0.08333333333333333,0.0,0.6563946,0.668734,0.772105,0.6588289166666667,0.6717075,0.772105,209.0,119.0,122.0,108.0
灵一,灵一,稳健样本,43,318,True,False,9,28.30188679245283,8,18.6046511627907,1,3.1446540880503147,0,0.0,0,0.0,0,0.0,0,0.0,0,0.0,0.1111111111111111,0.0,0.0,0.0,0.6553132222222222,0.655794,0.743792,0.659967125,0.6558729999999999,0.743792,163.0,74.0,122.0,155.0
张南史,张南史,稳健样本,27,272,True,False,6,22.058823529411764,6,22.22222222222222,1,3.676470588235294,0,0.0,0,0.0,1,3.7037037037037033,0,0.0,0,0.0,0.16666666666666666,0.0,0.16666666666666666,0.0,0.65515,0.634681,0.7516,0.65515,0.634681,0.7516,157.0,68.0,122.0,51.0
王季友,王季友1,稳健样本,14,176,True,False,12,68.18181818181817,7,50.0,1,5.681818181818182,0,0.0,0,0.0,1,7.142857142857142,0,0.0,0,0.0,0.08333333333333333,0.0,0.14285714285714285,0.0,0.6549279166666667,0.6817934999999999,0.757705,0.6658828571428571,0.697506,0.757705,126.0,39.0,122.0,19.0
杨炯,杨炯,稳健样本,33,470,True,False,13,27.659574468085104,10,30.303030303030305,1,2.127659574468085,1,2.127659574468085,0,0.0,1,3.0303030303030303,1,3.0303030303030303,0,0.0,0.07692307692307693,0.07692307692307693,0.1,0.1,0.6526125384615384,0.633721,0.794711,0.6644585999999999,0.6547875,0.794711,198.0,108.0,54.0,60.0
李绅,李绅,大样本,127,1626,True,True,23,14.145141451414514,20,15.748031496062993,1,0.6150061500615006,0,0.0,0,0.0,0,0.0,0,0.0,0,0.0,0.043478260869565216,0.0,0.0,0.0,0.6525578260869566,0.66005,0.74255,0.65331945,0.6607155,0.74255,251.0,161.0,122.0,155.0
常建,常建,大样本,52,660,True,True,17,25.757575757575758,16,30.76923076923077,1,1.5151515151515151,0,0.0,0,0.0,1,1.9230769230769231,0,0.0,0,0.0,0.058823529411764705,0.0,0.0625,0.0,0.6521954705882352,0.63134,0.768863,0.6535575,0.6316565000000001,0.768863,218.0,128.0,122.0,97.0
李频,李频,大样本,204,1676,True,True,26,15.513126491646778,26,12.745098039215685,1,0.5966587112171838,0,0.0,0,0.0,1,0.49019607843137253,0,0.0,0,0.0,0.038461538461538464,0.0,0.038461538461538464,0.0,0.6511024615384616,0.6683889999999999,0.759428,0.6511024615384616,0.6683889999999999,0.759428,253.0,163.0,122.0,149.0
杜审言,杜审言,稳健样本,41,516,True,False,14,27.131782945736433,10,24.390243902439025,1,1.937984496124031,1,1.937984496124031,0,0.0,1,2.4390243902439024,1,2.4390243902439024,0,0.0,0.07142857142857142,0.07142857142857142,0.1,0.1,0.6505267857142857,0.646842,0.787016,0.6637522,0.65639,0.787016,202.0,112.0,60.0,84.0
陈子昂,陈子昂,大样本,90,1457,True,True,54,37.06245710363761,27,30.0,1,0.6863417982155113,0,0.0,0,0.0,1,1.1111111111111112,0,0.0,0,0.0,0.018518518518518517,0.0,0.037037037037037035,0.0,0.6498410555555556,0.64734,0.759039,0.6562680740740741,0.655112,0.759039,249.0,159.0,122.0,117.0
僧鸾,僧鸾,小样本,2,82,False,False,6,73.17073170731707,2,100.0,1,12.195121951219512,0,0.0,0,0.0,1,50.0,0,0.0,0,0.0,0.16666666666666666,0.0,0.5,0.0,0.6490105,0.6453255,0.751525,0.6425004999999999,0.6425004999999999,0.751525,84.0,,,
李煜,李煜,稳健样本,38,382,True,False,8,20.942408376963353,6,15.789473684210526,1,2.617801047120419,1,2.617801047120419,0,0.0,1,2.631578947368421,0,0.0,0,0.0,0.125,0.125,0.16666666666666666,0.0,0.648033125,0.6519425,0.77529,0.6542370000000001,0.6560835,0.77529,178.0,89.0,44.0,76.0
沈佺期,沈佺期,大样本,171,2088,True,True,30,14.367816091954023,25,14.619883040935672,1,0.4789272030651341,0,0.0,0,0.0,0,0.0,0,0.0,0,0.0,0.03333333333333333,0.0,0.0,0.0,0.6473084,0.655562,0.750646,0.6471244,0.656935,0.750646,257.0,167.0,122.0,155.0
章碣,章碣,稳健样本,26,200,True,False,4,20.0,4,15.384615384615385,1,5.0,1,5.0,1,5.0,1,3.8461538461538463,1,3.8461538461538463,1,3.8461538461538463,0.25,0.25,0.25,0.25,0.64697325,0.622279,0.800349,0.64697325,0.622279,0.800349,133.0,45.0,20.0,48.0
戴叔伦,戴叔伦,大样本,289,2279,True,True,35,15.357612988152699,33,11.418685121107266,1,0.43878894251864853,1,0.43878894251864853,0,0.0,1,0.34602076124567477,1,0.34602076124567477,0,0.0,0.02857142857142857,0.02857142857142857,0.030303030303030304,0.030303030303030304,0.6468245428571429,0.642754,0.792859,0.6484145757575757,0.642754,0.792859,258.0,168.0,109.0,152.0
李嘉祐,李嘉祐,大样本,134,1071,True,True,20,18.674136321195146,18,13.432835820895523,1,0.9337068160597572,1,0.9337068160597572,1,0.9337068160597572,1,0.7462686567164178,1,0.7462686567164178,1,0.7462686567164178,0.05,0.05,0.05555555555555555,0.05555555555555555,0.6462962,0.6455425,0.802906,0.6492620555555555,0.649553,0.802906,239.0,149.0,91.0,130.0
翁承赞,翁承赞,稳健样本,31,224,True,False,5,22.321428571428573,4,12.903225806451612,1,4.464285714285714,1,4.464285714285714,0,0.0,1,3.225806451612903,1,3.225806451612903,0,0.0,0.2,0.2,0.25,0.25,0.643845,0.63656,0.783571,0.6391147500000001,0.6203825000000001,0.783571,147.0,58.0,25.0,57.0
李益,李益,大样本,178,1635,True,True,56,34.25076452599389,37,20.786516853932586,1,0.6116207951070336,0,0.0,0,0.0,1,0.5617977528089888,0,0.0,0,0.0,0.017857142857142856,0.0,0.02702702702702703,0.0,0.6434668928571429,0.6438895,0.754351,0.6533702162162162,0.65136,0.754351,252.0,162.0,122.0,145.0
王翰,王翰,稳健样本,17,295,True,False,22,74.57627118644068,8,47.05882352941176,1,3.389830508474576,1,3.389830508474576,1,3.389830508474576,1,5.88235294117647,1,5.88235294117647,1,5.88235294117647,0.045454545454545456,0.045454545454545456,0.125,0.125,0.6430536363636364,0.6462705,0.828108,0.702334875,0.6906225,0.828108,161.0,72.0,36.0,30.0
刘希夷,刘希夷,稳健样本,33,682,True,False,22,32.25806451612903,17,51.515151515151516,1,1.466275659824047,0,0.0,0,0.0,1,3.0303030303030303,0,0.0,0,0.0,0.045454545454545456,0.0,0.058823529411764705,0.0,0.6421011818181819,0.6216090000000001,0.764128,0.6504581764705882,0.639994,0.764128,219.0,129.0,122.0,60.0
郭震,郭震,稳健样本,18,131,True,False,6,45.80152671755725,4,22.22222222222222,1,7.633587786259541,1,7.633587786259541,0,0.0,1,5.555555555555555,1,5.555555555555555,0,0.0,0.16666666666666666,0.16666666666666666,0.25,0.25,0.6419016666666667,0.6358105000000001,0.784792,0.6772595,0.6525515,0.784792,109.0,25.0,10.0,32.0
刘商,刘商,大样本,112,966,True,True,30,31.055900621118013,21,18.75,1,1.0351966873706004,1,1.0351966873706004,1,1.0351966873706004,1,0.8928571428571428,1,0.8928571428571428,1,0.8928571428571428,0.03333333333333333,0.03333333333333333,0.047619047619047616,0.047619047619047616,0.6413352,0.646133,0.835503,0.6432159047619047,0.642072,0.835503,234.0,144.0,87.0,123.0
雍陶,雍陶,大样本,124,776,True,True,20,25.773195876288657,17,13.709677419354838,1,1.288659793814433,1,1.288659793814433,0,0.0,1,0.8064516129032258,1,0.8064516129032258,0,0.0,0.05,0.05,0.058823529411764705,0.058823529411764705,0.6410328,0.6317395,0.790246,0.6478033529411765,0.638525,0.790246,226.0,136.0,77.0,128.0
胡曾,胡曾,大样本,166,716,True,True,39,54.46927374301676,36,21.686746987951807,1,1.3966480446927374,0,0.0,0,0.0,1,0.6024096385542169,0,0.0,0,0.0,0.02564102564102564,0.0,0.027777777777777776,0.0,0.6387296923076923,0.629961,0.76051,0.6389397222222222,0.6296729999999999,0.76051,221.0,131.0,122.0,138.0
徐彦伯,徐彦伯,稳健样本,37,442,True,False,7,15.837104072398189,6,16.216216216216218,1,2.2624434389140275,1,2.2624434389140275,1,2.2624434389140275,1,2.7027027027027026,1,2.7027027027027026,1,2.7027027027027026,0.14285714285714285,0.14285714285714285,0.16666666666666666,0.16666666666666666,0.636837,0.619303,0.809048,0.6292531666666666,0.599761,0.809048,194.0,104.0,49.0,73.0
高蟾,高蟾,稳健样本,33,166,True,False,11,66.26506024096386,9,27.27272727272727,1,6.024096385542169,1,6.024096385542169,1,6.024096385542169,1,3.0303030303030303,1,3.0303030303030303,1,3.0303030303030303,0.09090909090909091,0.09090909090909091,0.1111111111111111,0.1111111111111111,0.6349754545454546,0.629978,0.801496,0.635288,0.618577,0.801496,123.0,37.0,16.0,60.0
贾至,贾至,稳健样本,43,453,True,False,17,37.52759381898454,15,34.883720930232556,1,2.207505518763797,1,2.207505518763797,0,0.0,1,2.3255813953488373,0,0.0,0,0.0,0.058823529411764705,0.058823529411764705,0.06666666666666667,0.0,0.6345839411764705,0.634489,0.776567,0.6347512666666667,0.634489,0.776567,196.0,106.0,51.0,89.0
顾云,顾云,小样本,8,151,False,False,12,79.47019867549669,5,62.5,1,6.622516556291391,1,6.622516556291391,1,6.622516556291391,1,12.5,1,12.5,1,12.5,0.08333333333333333,0.08333333333333333,0.2,0.2,0.6313983333333334,0.6157865,0.828477,0.6721756,0.648035,0.828477,118.0,,,
郎士元,郎士元,大样本,72,539,True,True,9,16.697588126159555,8,11.11111111111111,1,1.8552875695732838,1,1.8552875695732838,0,0.0,1,1.3888888888888888,1,1.3888888888888888,0,0.0,0.1111111111111111,0.1111111111111111,0.125,0.125,0.631064,0.615435,0.792346,0.639875,0.6334995,0.792346,205.0,115.0,61.0,111.0
张志和,张志和,小样本,7,70,False,False,6,85.71428571428571,5,71.42857142857143,1,14.285714285714285,0,0.0,0,0.0,1,14.285714285714285,0,0.0,0,0.0,0.16666666666666666,0.0,0.2,0.0,0.6305516666666667,0.5964395,0.756177,0.6173236,0.568781,0.756177,79.0,,,
司空曙,司空曙,大样本,174,1361,True,True,12,8.81704628949302,12,6.896551724137931,1,0.7347538574577516,1,0.7347538574577516,0,0.0,1,0.5747126436781609,1,0.5747126436781609,0,0.0,0.08333333333333333,0.08333333333333333,0.08333333333333333,0.08333333333333333,0.6272497499999999,0.6153995,0.788508,0.6272497499999999,0.6153995,0.788508,247.0,157.0,100.0,143.0
赵嘏,赵嘏,大样本,258,1832,True,True,37,20.196506550218338,34,13.178294573643413,1,0.5458515283842794,0,0.0,0,0.0,0,0.0,0,0.0,0,0.0,0.02702702702702703,0.0,0.0,0.0,0.6271022432432433,0.633527,0.743335,0.6271938823529412,0.6349095,0.743335,255.0,165.0,122.0,155.0
张碧,张碧,稳健样本,15,196,True,False,11,56.12244897959184,7,46.666666666666664,1,5.1020408163265305,0,0.0,0,0.0,0,0.0,0,0.0,0,0.0,0.09090909090909091,0.0,0.0,0.0,0.6269662727272727,0.602041,0.743453,0.6564994285714285,0.66803,0.743453,131.0,43.0,122.0,155.0
黄滔,黄滔,大样本,198,1725,True,True,32,18.55072463768116,25,12.626262626262626,1,0.5797101449275363,0,0.0,0,0.0,1,0.5050505050505051,0,0.0,0,0.0,0.03125,0.0,0.04,0.0,0.62221221875,0.621191,0.770342,0.6263308,0.621915,0.770342,254.0,164.0,122.0,148.0
上官仪,上官仪,稳健样本,20,212,True,False,4,18.867924528301884,4,20.0,1,4.716981132075471,1,4.716981132075471,0,0.0,1,5.0,1,5.0,0,0.0,0.25,0.25,0.25,0.25,0.6073895,0.5507595000000001,0.798693,0.6073895,0.5507595000000001,0.798693,140.0,51.0,23.0,35.0
李宣古,李宣古,小样本,6,58,False,False,1,17.241379310344826,1,16.666666666666664,0,0.0,0,0.0,0,0.0,0,0.0,0,0.0,0,0.0,0.0,0.0,0.0,0.0,0.741534,0.741534,0.741534,0.741534,0.741534,0.741534,259.0,,,
李观,李观,小样本,4,44,False,False,1,22.727272727272727,1,25.0,0,0.0,0,0.0,0,0.0,0,0.0,0,0.0,0,0.0,0.0,0.0,0.0,0.0,0.740902,0.740902,0.740902,0.740902,0.740902,0.740902,259.0,,,
王起,王起,小样本,6,70,False,False,1,14.285714285714285,1,16.666666666666664,0,0.0,0,0.0,0,0.0,0,0.0,0,0.0,0,0.0,0.0,0.0,0.0,0.0,0.740722,0.740722,0.740722,0.740722,0.740722,0.740722,259.0,,,
张震,张震,小样本,1,8,False,False,1,125.0,1,100.0,0,0.0,0,0.0,0,0.0,0,0.0,0,0.0,0,0.0,0.0,0.0,0.0,0.0,0.738864,0.738864,0.738864,0.738864,0.738864,0.738864,259.0,,,
郑綮,郑綮,小样本,5,22,False,False,1,45.45454545454545,1,20.0,0,0.0,0,0.0,0,0.0,0,0.0,0,0.0,0,0.0,0.0,0.0,0.0,0.0,0.738271,0.738271,0.738271,0.738271,0.738271,0.738271,259.0,,,
冯涯,冯涯,小样本,1,12,False,False,1,83.33333333333333,1,100.0,0,0.0,0,0.0,0,0.0,0,0.0,0,0.0,0,0.0,0.0,0.0,0.0,0.0,0.737505,0.737505,0.737505,0.737505,0.737505,0.737505,259.0,,,
崔邠,崔邠,小样本,2,16,False,False,1,62.5,1,50.0,0,0.0,0,0.0,0,0.0,0,0.0,0,0.0,0,0.0,0.0,0.0,0.0,0.0,0.73605,0.73605,0.73605,0.73605,0.73605,0.73605,259.0,,,
赵微明,赵微明,小样本,2,18,False,False,1,55.55555555555555,1,50.0,0,0.0,0,0.0,0,0.0,0,0.0,0,0.0,0,0.0,0.0,0.0,0.0,0.0,0.73604,0.73604,0.73604,0.73604,0.73604,0.73604,259.0,,,
郑巢,郑巢,稳健样本,29,232,True,False,1,4.310344827586206,1,3.4482758620689653,0,0.0,0,0.0,0,0.0,0,0.0,0,0.0,0,0.0,0.0,0.0,0.0,0.0,0.734344,0.734344,0.734344,0.734344,0.734344,0.734344,259.0,169.0,122.0,155.0
窦威,窦威,小样本,2,16,False,False,2,125.0,2,100.0,0,0.0,0,0.0,0,0.0,0,0.0,0,0.0,0,0.0,0.0,0.0,0.0,0.0,0.733952,0.733952,0.733952,0.733952,0.733952,0.733952,259.0,,,
陈琡,陈琡,小样本,1,6,False,False,1,166.66666666666666,1,100.0,0,0.0,0,0.0,0,0.0,0,0.0,0,0.0,0,0.0,0.0,0.0,0.0,0.0,0.733534,0.733534,0.733534,0.733534,0.733534,0.733534,259.0,,,
陈乘,陈乘,小样本,1,8,False,False,1,125.0,1,100.0,0,0.0,0,0.0,0,0.0,0,0.0,0,0.0,0,0.0,0.0,0.0,0.0,0.0,0.733192,0.733192,0.733192,0.733192,0.733192,0.733192,259.0,,,
谢勮,谢勮,小样本,1,24,False,False,1,41.666666666666664,1,100.0,0,0.0,0,0.0,0,0.0,0,0.0,0,0.0,0,0.0,0.0,0.0,0.0,0.0,0.731912,0.731912,0.731912,0.731912,0.731912,0.731912,259.0,,,
沈彬,沈彬,稳健样本,18,174,True,False,1,5.747126436781609,1,5.555555555555555,0,0.0,0,0.0,0,0.0,0,0.0,0,0.0,0,0.0,0.0,0.0,0.0,0.0,0.731676,0.731676,0.731676,0.731676,0.731676,0.731676,259.0,169.0,122.0,155.0
李浩,李浩,小样本,1,16,False,False,1,62.5,1,100.0,0,0.0,0,0.0,0,0.0,0,0.0,0,0.0,0,0.0,0.0,0.0,0.0,0.0,0.731534,0.731534,0.731534,0.731534,0.731534,0.731534,259.0,,,
崔元翰,崔元翰,小样本,7,108,False,False,1,9.25925925925926,1,14.285714285714285,0,0.0,0,0.0,0,0.0,0,0.0,0,0.0,0,0.0,0.0,0.0,0.0,0.0,0.730165,0.730165,0.730165,0.730165,0.730165,0.730165,259.0,,,
张昌宗,张昌宗,小样本,3,32,False,False,1,31.25,1,33.33333333333333,0,0.0,0,0.0,0,0.0,0,0.0,0,0.0,0,0.0,0.0,0.0,0.0,0.0,0.730114,0.730114,0.730114,0.730114,0.730114,0.730114,259.0,,,
夷陵女郎,夷陵女郎,小样本,1,24,False,False,1,41.666666666666664,1,100.0,0,0.0,0,0.0,0,0.0,0,0.0,0,0.0,0,0.0,0.0,0.0,0.0,0.0,0.729701,0.729701,0.729701,0.729701,0.729701,0.729701,259.0,,,
戴休珽,戴休珽,小样本,1,16,False,False,1,62.5,1,100.0,0,0.0,0,0.0,0,0.0,0,0.0,0,0.0,0,0.0,0.0,0.0,0.0,0.0,0.729122,0.729122,0.729122,0.729122,0.729122,0.729122,259.0,,,
郑鏦,郑鏦,小样本,4,32,False,False,1,31.25,1,25.0,0,0.0,0,0.0,0,0.0,0,0.0,0,0.0,0,0.0,0.0,0.0,0.0,0.0,0.727711,0.727711,0.727711,0.727711,0.727711,0.727711,259.0,,,
张嗣初,张嗣初,小样本,2,24,False,False,1,41.666666666666664,1,50.0,0,0.0,0,0.0,0,0.0,0,0.0,0,0.0,0,0.0,0.0,0.0,0.0,0.0,0.726735,0.726735,0.726735,0.726735,0.726735,0.726735,259.0,,,
张良璞,张良璞,小样本,1,16,False,False,1,62.5,1,100.0,0,0.0,0,0.0,0,0.0,0,0.0,0,0.0,0,0.0,0.0,0.0,0.0,0.0,0.726469,0.726469,0.726469,0.726469,0.726469,0.726469,259.0,,,
白敏中,白敏中,小样本,3,22,False,False,1,45.45454545454545,1,33.33333333333333,0,0.0,0,0.0,0,0.0,0,0.0,0,0.0,0,0.0,0.0,0.0,0.0,0.0,0.726122,0.726122,0.726122,0.726122,0.726122,0.726122,259.0,,,
严武,严武,小样本,6,64,False,False,1,15.625,1,16.666666666666664,0,0.0,0,0.0,0,0.0,0,0.0,0,0.0,0,0.0,0.0,0.0,0.0,0.0,0.724836,0.724836,0.724836,0.724836,0.724836,0.724836,259.0,,,
严识玄,严识玄,小样本,2,16,False,False,2,125.0,2,100.0,0,0.0,0,0.0,0,0.0,0,0.0,0,0.0,0,0.0,0.0,0.0,0.0,0.0,0.724836,0.724836,0.724836,0.724836,0.724836,0.724836,259.0,,,
赵氏,赵氏1,小样本,6,68,False,False,1,14.705882352941176,1,16.666666666666664,0,0.0,0,0.0,0,0.0,0,0.0,0,0.0,0,0.0,0.0,0.0,0.0,0.0,0.724792,0.724792,0.724792,0.724792,0.724792,0.724792,259.0,,,
朱景玄,朱景玄,稳健样本,16,89,True,False,1,11.235955056179774,1,6.25,0,0.0,0,0.0,0,0.0,0,0.0,0,0.0,0,0.0,0.0,0.0,0.0,0.0,0.72477,0.72477,0.72477,0.72477,0.72477,0.72477,259.0,169.0,122.0,155.0
李嶷,李嶷,小样本,5,60,False,False,2,33.333333333333336,2,40.0,0,0.0,0,0.0,0,0.0,0,0.0,0,0.0,0,0.0,0.0,0.0,0.0,0.0,0.72389,0.72389,0.72389,0.72389,0.72389,0.72389,259.0,,,
韩湘,韩湘,小样本,2,18,False,False,1,55.55555555555555,1,50.0,0,0.0,0,0.0,0,0.0,0,0.0,0,0.0,0,0.0,0.0,0.0,0.0,0.0,0.723447,0.723447,0.723447,0.723447,0.723447,0.723447,259.0,,,
湛贲,湛贲,小样本,3,28,False,False,1,35.714285714285715,1,33.33333333333333,0,0.0,0,0.0,0,0.0,0,0.0,0,0.0,0,0.0,0.0,0.0,0.0,0.0,0.722665,0.722665,0.722665,0.722665,0.722665,0.722665,259.0,,,
戴司颜,戴司颜,小样本,3,18,False,False,2,111.1111111111111,1,33.33333333333333,0,0.0,0,0.0,0,0.0,0,0.0,0,0.0,0,0.0,0.0,0.0,0.0,0.0,0.7211225,0.7211225,0.737195,0.737195,0.737195,0.737195,259.0,,,
伍彬,伍彬,小样本,2,12,False,False,1,83.33333333333333,1,50.0,0,0.0,0,0.0,0,0.0,0,0.0,0,0.0,0,0.0,0.0,0.0,0.0,0.0,0.720676,0.720676,0.720676,0.720676,0.720676,0.720676,259.0,,,
孔颙,孔颙,小样本,1,4,False,False,1,250.0,1,100.0,0,0.0,0,0.0,0,0.0,0,0.0,0,0.0,0,0.0,0.0,0.0,0.0,0.0,0.720348,0.720348,0.720348,0.720348,0.720348,0.720348,259.0,,,
可止,可止,稳健样本,10,82,True,False,1,12.195121951219512,1,10.0,0,0.0,0,0.0,0,0.0,0,0.0,0,0.0,0,0.0,0.0,0.0,0.0,0.0,0.720146,0.720146,0.720146,0.720146,0.720146,0.720146,259.0,169.0,122.0,155.0
刘子玄,刘子玄,小样本,1,8,False,False,1,125.0,1,100.0,0,0.0,0,0.0,0,0.0,0,0.0,0,0.0,0,0.0,0.0,0.0,0.0,0.0,0.720058,0.720058,0.720058,0.720058,0.720058,0.720058,259.0,,,
刘知几,刘知几,小样本,1,8,False,False,1,125.0,1,100.0,0,0.0,0,0.0,0,0.0,0,0.0,0,0.0,0,0.0,0.0,0.0,0.0,0.0,0.720058,0.720058,0.720058,0.720058,0.720058,0.720058,259.0,,,
陆敬,陆敬,小样本,4,64,False,False,1,15.625,1,25.0,0,0.0,0,0.0,0,0.0,0,0.0,0,0.0,0,0.0,0.0,0.0,0.0,0.0,0.71774,0.71774,0.71774,0.71774,0.71774,0.71774,259.0,,,
徐氏,徐氏,稳健样本,16,120,True,False,2,16.666666666666668,2,12.5,0,0.0,0,0.0,0,0.0,0,0.0,0,0.0,0,0.0,0.0,0.0,0.0,0.0,0.717571,0.717571,0.725143,0.717571,0.717571,0.725143,259.0,169.0,122.0,155.0
郭仁表,郭仁表,小样本,1,5,False,False,2,400.0,1,100.0,0,0.0,0,0.0,0,0.0,0,0.0,0,0.0,0,0.0,0.0,0.0,0.0,0.0,0.716745,0.716745,0.720788,0.720788,0.720788,0.720788,259.0,,,
郑符,郑符,小样本,1,3,False,False,1,333.3333333333333,1,100.0,0,0.0,0,0.0,0,0.0,0,0.0,0,0.0,0,0.0,0.0,0.0,0.0,0.0,0.715804,0.715804,0.715804,0.715804,0.715804,0.715804,259.0,,,
裴守真,裴守真,小样本,1,24,False,False,1,41.666666666666664,1,100.0,0,0.0,0,0.0,0,0.0,0,0.0,0,0.0,0,0.0,0.0,0.0,0.0,0.0,0.714182,0.714182,0.714182,0.714182,0.714182,0.714182,259.0,,,
沈千运,沈千运,小样本,5,78,False,False,2,25.64102564102564,2,40.0,0,0.0,0,0.0,0,0.0,0,0.0,0,0.0,0,0.0,0.0,0.0,0.0,0.0,0.7141554999999999,0.7141554999999999,0.732723,0.7141554999999999,0.7141554999999999,0.732723,259.0,,,
丁泽,丁泽,小样本,3,36,False,False,3,83.33333333333333,2,66.66666666666666,0,0.0,0,0.0,0,0.0,0,0.0,0,0.0,0,0.0,0.0,0.0,0.0,0.0,0.7139486666666667,0.711717,0.730137,0.7209270000000001,0.7209270000000001,0.730137,259.0,,,
裴皞,裴皞,小样本,1,4,False,False,1,250.0,1,100.0,0,0.0,0,0.0,0,0.0,0,0.0,0,0.0,0,0.0,0.0,0.0,0.0,0.0,0.713459,0.713459,0.713459,0.713459,0.713459,0.713459,259.0,,,
李续,李续,小样本,1,8,False,False,1,125.0,1,100.0,0,0.0,0,0.0,0,0.0,0,0.0,0,0.0,0,0.0,0.0,0.0,0.0,0.0,0.71095,0.71095,0.71095,0.71095,0.71095,0.71095,259.0,,,
宋昱,宋昱,小样本,3,48,False,False,1,20.833333333333332,1,33.33333333333333,0,0.0,0,0.0,0,0.0,0,0.0,0,0.0,0,0.0,0.0,0.0,0.0,0.0,0.710326,0.710326,0.710326,0.710326,0.710326,0.710326,259.0,,,
贺朝,贺朝,小样本,7,86,False,False,2,23.25581395348837,2,28.57142857142857,0,0.0,0,0.0,0,0.0,0,0.0,0,0.0,0,0.0,0.0,0.0,0.0,0.0,0.7095335,0.7095335,0.730445,0.7095335,0.7095335,0.730445,259.0,,,
范传质,范传质,小样本,1,12,False,False,1,83.33333333333333,1,100.0,0,0.0,0,0.0,0,0.0,0,0.0,0,0.0,0,0.0,0.0,0.0,0.0,0.0,0.709161,0.709161,0.709161,0.709161,0.709161,0.709161,259.0,,,
羊昭业,羊昭业,小样本,1,8,False,False,1,125.0,1,100.0,0,0.0,0,0.0,0,0.0,0,0.0,0,0.0,0,0.0,0.0,0.0,0.0,0.0,0.708442,0.708442,0.708442,0.708442,0.708442,0.708442,259.0,,,
魏知古,魏知古,小样本,4,46,False,False,2,43.47826086956522,2,50.0,0,0.0,0,0.0,0,0.0,0,0.0,0,0.0,0,0.0,0.0,0.0,0.0,0.0,0.707924,0.707924,0.71807,0.707924,0.707924,0.71807,259.0,,,
罗珦,罗珦,小样本,1,8,False,False,1,125.0,1,100.0,0,0.0,0,0.0,0,0.0,0,0.0,0,0.0,0,0.0,0.0,0.0,0.0,0.0,0.707514,0.707514,0.707514,0.707514,0.707514,0.707514,259.0,,,
卢文纪,卢文纪,小样本,1,8,False,False,1,125.0,1,100.0,0,0.0,0,0.0,0,0.0,0,0.0,0,0.0,0,0.0,0.0,0.0,0.0,0.0,0.706309,0.706309,0.706309,0.706309,0.706309,0.706309,259.0,,,
刘戬,刘戬,小样本,1,14,False,False,1,71.42857142857143,1,100.0,0,0.0,0,0.0,0,0.0,0,0.0,0,0.0,0,0.0,0.0,0.0,0.0,0.0,0.706161,0.706161,0.706161,0.706161,0.706161,0.706161,259.0,,,
赵徵明,赵徵明,小样本,3,32,False,False,2,62.5,2,66.66666666666666,0,0.0,0,0.0,0,0.0,0,0.0,0,0.0,0,0.0,0.0,0.0,0.0,0.0,0.7057745,0.7057745,0.711529,0.7057745,0.7057745,0.711529,259.0,,,
杨达,杨达,小样本,2,12,False,False,1,83.33333333333333,1,50.0,0,0.0,0,0.0,0,0.0,0,0.0,0,0.0,0,0.0,0.0,0.0,0.0,0.0,0.705357,0.705357,0.705357,0.705357,0.705357,0.705357,259.0,,,
成辅端,成辅端,小样本,1,4,False,False,1,250.0,1,100.0,0,0.0,0,0.0,0,0.0,0,0.0,0,0.0,0,0.0,0.0,0.0,0.0,0.0,0.705243,0.705243,0.705243,0.705243,0.705243,0.705243,259.0,,,
龙女,龙女,小样本,3,12,False,False,1,83.33333333333333,1,33.33333333333333,0,0.0,0,0.0,0,0.0,0,0.0,0,0.0,0,0.0,0.0,0.0,0.0,0.0,0.704485,0.704485,0.704485,0.704485,0.704485,0.704485,259.0,,,
唐尧客,唐尧客,小样本,1,32,False,False,2,62.5,1,100.0,0,0.0,0,0.0,0,0.0,0,0.0,0,0.0,0,0.0,0.0,0.0,0.0,0.0,0.70444,0.70444,0.717028,0.717028,0.717028,0.717028,259.0,,,
李缜,李缜,小样本,1,28,False,False,1,35.714285714285715,1,100.0,0,0.0,0,0.0,0,0.0,0,0.0,0,0.0,0,0.0,0.0,0.0,0.0,0.0,0.703986,0.703986,0.703986,0.703986,0.703986,0.703986,259.0,,,
李林甫,李林甫,小样本,3,36,False,False,1,27.777777777777775,1,33.33333333333333,0,0.0,0,0.0,0,0.0,0,0.0,0,0.0,0,0.0,0.0,0.0,0.0,0.0,0.703866,0.703866,0.703866,0.703866,0.703866,0.703866,259.0,,,
长孙铸,长孙铸,小样本,1,8,False,False,1,125.0,1,100.0,0,0.0,0,0.0,0,0.0,0,0.0,0,0.0,0,0.0,0.0,0.0,0.0,0.0,0.703589,0.703589,0.703589,0.703589,0.703589,0.703589,259.0,,,
许昼,许昼,小样本,2,28,False,False,1,35.714285714285715,1,50.0,0,0.0,0,0.0,0,0.0,0,0.0,0,0.0,0,0.0,0.0,0.0,0.0,0.0,0.703553,0.703553,0.703553,0.703553,0.703553,0.703553,259.0,,,
黄损,黄损,小样本,5,50,False,False,1,20.0,1,20.0,0,0.0,0,0.0,0,0.0,0,0.0,0,0.0,0,0.0,0.0,0.0,0.0,0.0,0.703331,0.703331,0.703331,0.703331,0.703331,0.703331,259.0,,,
蒋涣,蒋涣,小样本,4,40,False,False,1,25.0,1,25.0,0,0.0,0,0.0,0,0.0,0,0.0,0,0.0,0,0.0,0.0,0.0,0.0,0.0,0.702969,0.702969,0.702969,0.702969,0.702969,0.702969,259.0,,,
田娥,田娥,小样本,6,32,False,False,1,31.25,1,16.666666666666664,0,0.0,0,0.0,0,0.0,0,0.0,0,0.0,0,0.0,0.0,0.0,0.0,0.0,0.7026,0.7026,0.7026,0.7026,0.7026,0.7026,259.0,,,
林披,林披,小样本,1,6,False,False,1,166.66666666666666,1,100.0,0,0.0,0,0.0,0,0.0,0,0.0,0,0.0,0,0.0,0.0,0.0,0.0,0.0,0.702404,0.702404,0.702404,0.702404,0.702404,0.702404,259.0,,,
玄宝,玄宝,小样本,1,8,False,False,1,125.0,1,100.0,0,0.0,0,0.0,0,0.0,0,0.0,0,0.0,0,0.0,0.0,0.0,0.0,0.0,0.702342,0.702342,0.702342,0.702342,0.702342,0.702342,259.0,,,
蔡希寂,蔡希寂,小样本,5,54,False,False,2,37.03703703703704,2,40.0,0,0.0,0,0.0,0,0.0,0,0.0,0,0.0,0,0.0,0.0,0.0,0.0,0.0,0.701733,0.701733,0.738925,0.701733,0.701733,0.738925,259.0,,,
李胄,李胄,小样本,1,12,False,False,1,83.33333333333333,1,100.0,0,0.0,0,0.0,0,0.0,0,0.0,0,0.0,0,0.0,0.0,0.0,0.0,0.0,0.701687,0.701687,0.701687,0.701687,0.701687,0.701687,259.0,,,
冯涓,冯涓,小样本,3,16,False,False,3,187.5,2,66.66666666666666,0,0.0,0,0.0,0,0.0,0,0.0,0,0.0,0,0.0,0.0,0.0,0.0,0.0,0.701488,0.68312,0.739041,0.710672,0.710672,0.739041,259.0,,,
李幼卿,李幼卿,小样本,2,32,False,False,1,31.25,1,50.0,0,0.0,0,0.0,0,0.0,0,0.0,0,0.0,0,0.0,0.0,0.0,0.0,0.0,0.701168,0.701168,0.701168,0.701168,0.701168,0.701168,259.0,,,
卢注,卢注,小样本,2,24,False,False,3,125.0,1,50.0,0,0.0,0,0.0,0,0.0,0,0.0,0,0.0,0,0.0,0.0,0.0,0.0,0.0,0.69963,0.710198,0.731008,0.731008,0.731008,0.731008,259.0,,,
刘皂,刘皂,小样本,3,20,False,False,1,50.0,1,33.33333333333333,0,0.0,0,0.0,0,0.0,0,0.0,0,0.0,0,0.0,0.0,0.0,0.0,0.0,0.699449,0.699449,0.699449,0.699449,0.699449,0.699449,259.0,,,
张嘉贞,张嘉贞,小样本,4,51,False,False,1,19.607843137254903,1,25.0,0,0.0,0,0.0,0,0.0,0,0.0,0,0.0,0,0.0,0.0,0.0,0.0,0.0,0.699141,0.699141,0.699141,0.699141,0.699141,0.699141,259.0,,,
韦嗣立,韦嗣立,小样本,7,120,False,False,2,16.666666666666668,2,28.57142857142857,0,0.0,0,0.0,0,0.0,0,0.0,0,0.0,0,0.0,0.0,0.0,0.0,0.0,0.69764,0.69764,0.726418,0.69764,0.69764,0.726418,259.0,,,
管雄甫,管雄甫,小样本,1,12,False,False,1,83.33333333333333,1,100.0,0,0.0,0,0.0,0,0.0,0,0.0,0,0.0,0,0.0,0.0,0.0,0.0,0.0,0.697535,0.697535,0.697535,0.697535,0.697535,0.697535,259.0,,,
虎丘石壁鬼,虎丘石壁鬼,小样本,2,28,False,False,1,35.714285714285715,1,50.0,0,0.0,0,0.0,0,0.0,0,0.0,0,0.0,0,0.0,0.0,0.0,0.0,0.0,0.697357,0.697357,0.697357,0.697357,0.697357,0.697357,259.0,,,
贺遂亮,贺遂亮,小样本,1,12,False,False,2,166.66666666666666,1,100.0,0,0.0,0,0.0,0,0.0,0,0.0,0,0.0,0,0.0,0.0,0.0,0.0,0.0,0.697295,0.697295,0.706767,0.706767,0.706767,0.706767,259.0,,,
晁采,晁采,小样本,5,96,False,False,3,31.25,1,20.0,0,0.0,0,0.0,0,0.0,0,0.0,0,0.0,0,0.0,0.0,0.0,0.0,0.0,0.6972526666666666,0.71493,0.732555,0.732555,0.732555,0.732555,259.0,,,
韦抗,韦抗,小样本,1,12,False,False,1,83.33333333333333,1,100.0,0,0.0,0,0.0,0,0.0,0,0.0,0,0.0,0,0.0,0.0,0.0,0.0,0.0,0.696175,0.696175,0.696175,0.696175,0.696175,0.696175,259.0,,,
王铎,王铎,小样本,4,30,False,False,2,66.66666666666667,2,50.0,0,0.0,0,0.0,0,0.0,0,0.0,0,0.0,0,0.0,0.0,0.0,0.0,0.0,0.6959815,0.6959815,0.737625,0.6959815,0.6959815,0.737625,259.0,,,
杨浚,杨浚,小样本,3,40,False,False,1,25.0,1,33.33333333333333,0,0.0,0,0.0,0,0.0,0,0.0,0,0.0,0,0.0,0.0,0.0,0.0,0.0,0.695535,0.695535,0.695535,0.695535,0.695535,0.695535,259.0,,,
无名鬼,无名鬼,小样本,2,10,False,False,3,300.0,1,50.0,0,0.0,0,0.0,0,0.0,0,0.0,0,0.0,0,0.0,0.0,0.0,0.0,0.0,0.6951526666666666,0.694326,0.740155,0.740155,0.740155,0.740155,259.0,,,
薛令之,薛令之,小样本,2,12,False,False,1,83.33333333333333,1,50.0,0,0.0,0,0.0,0,0.0,0,0.0,0,0.0,0,0.0,0.0,0.0,0.0,0.0,0.694461,0.694461,0.694461,0.694461,0.694461,0.694461,259.0,,,
刘昚虚,刘昚虚,稳健样本,17,186,True,False,3,16.129032258064516,3,17.647058823529413,0,0.0,0,0.0,0,0.0,0,0.0,0,0.0,0,0.0,0.0,0.0,0.0,0.0,0.6944543333333333,0.705917,0.716881,0.6944543333333333,0.705917,0.716881,259.0,169.0,122.0,155.0
李太玄,李太玄,小样本,2,8,False,False,1,125.0,1,50.0,0,0.0,0,0.0,0,0.0,0,0.0,0,0.0,0,0.0,0.0,0.0,0.0,0.0,0.69389,0.69389,0.69389,0.69389,0.69389,0.69389,259.0,,,
海顺,海顺,小样本,1,48,False,False,2,41.666666666666664,1,100.0,0,0.0,0,0.0,0,0.0,0,0.0,0,0.0,0,0.0,0.0,0.0,0.0,0.0,0.693817,0.693817,0.724979,0.724979,0.724979,0.724979,259.0,,,
窦群,窦群,稳健样本,23,164,True,False,1,6.097560975609756,1,4.3478260869565215,0,0.0,0,0.0,0,0.0,0,0.0,0,0.0,0,0.0,0.0,0.0,0.0,0.0,0.693106,0.693106,0.693106,0.693106,0.693106,0.693106,259.0,169.0,122.0,155.0
长孙佐辅,长孙佐辅,稳健样本,22,320,True,False,1,3.125,1,4.545454545454546,0,0.0,0,0.0,0,0.0,0,0.0,0,0.0,0,0.0,0.0,0.0,0.0,0.0,0.692411,0.692411,0.692411,0.692411,0.692411,0.692411,259.0,169.0,122.0,155.0
杨损,杨损,小样本,1,4,False,False,1,250.0,1,100.0,0,0.0,0,0.0,0,0.0,0,0.0,0,0.0,0,0.0,0.0,0.0,0.0,0.0,0.692372,0.692372,0.692372,0.692372,0.692372,0.692372,259.0,,,
沈徽,沈徽,小样本,1,24,False,False,1,41.666666666666664,1,100.0,0,0.0,0,0.0,0,0.0,0,0.0,0,0.0,0,0.0,0.0,0.0,0.0,0.0,0.692096,0.692096,0.692096,0.692096,0.692096,0.692096,259.0,,,
刘长川,刘长川,小样本,2,12,False,False,1,83.33333333333333,1,50.0,0,0.0,0,0.0,0,0.0,0,0.0,0,0.0,0,0.0,0.0,0.0,0.0,0.0,0.692045,0.692045,0.692045,0.692045,0.692045,0.692045,259.0,,,
萧祜,萧祜,小样本,2,63,False,False,1,15.873015873015872,1,50.0,0,0.0,0,0.0,0,0.0,0,0.0,0,0.0,0,0.0,0.0,0.0,0.0,0.0,0.691948,0.691948,0.691948,0.691948,0.691948,0.691948,259.0,,,
修睦,修睦,稳健样本,27,208,True,False,3,14.423076923076923,3,11.11111111111111,0,0.0,0,0.0,0,0.0,0,0.0,0,0.0,0,0.0,0.0,0.0,0.0,0.0,0.6910246666666667,0.698027,0.718339,0.6910246666666667,0.698027,0.718339,259.0,169.0,122.0,155.0
詹敦仁,詹敦仁,小样本,6,74,False,False,2,27.027027027027028,1,16.666666666666664,0,0.0,0,0.0,0,0.0,0,0.0,0,0.0,0,0.0,0.0,0.0,0.0,0.0,0.69068,0.69068,0.700311,0.700311,0.700311,0.700311,259.0,,,
李收,李收,小样本,2,12,False,False,2,166.66666666666666,2,100.0,0,0.0,0,0.0,0,0.0,0,0.0,0,0.0,0,0.0,0.0,0.0,0.0,0.0,0.6903035,0.6903035,0.692242,0.6903035,0.6903035,0.692242,259.0,,,
知玄,知玄,小样本,3,20,False,False,1,50.0,1,33.33333333333333,0,0.0,0,0.0,0,0.0,0,0.0,0,0.0,0,0.0,0.0,0.0,0.0,0.0,0.689779,0.689779,0.689779,0.689779,0.689779,0.689779,259.0,,,
张建封,张建封,小样本,2,50,False,False,2,40.0,2,100.0,0,0.0,0,0.0,0,0.0,0,0.0,0,0.0,0,0.0,0.0,0.0,0.0,0.0,0.689551,0.689551,0.717418,0.689551,0.689551,0.717418,259.0,,,
韦道逊,韦道逊,小样本,1,8,False,False,1,125.0,1,100.0,0,0.0,0,0.0,0,0.0,0,0.0,0,0.0,0,0.0,0.0,0.0,0.0,0.0,0.689238,0.689238,0.689238,0.689238,0.689238,0.689238,259.0,,,
令狐楚,令狐楚,小样本,8,92,False,False,2,21.73913043478261,2,25.0,0,0.0,0,0.0,0,0.0,0,0.0,0,0.0,0,0.0,0.0,0.0,0.0,0.0,0.6890430000000001,0.6890430000000001,0.721975,0.6890430000000001,0.6890430000000001,0.721975,259.0,,,
袁高,袁高,小样本,1,40,False,False,2,50.0,1,100.0,0,0.0,0,0.0,0,0.0,0,0.0,0,0.0,0,0.0,0.0,0.0,0.0,0.0,0.688895,0.688895,0.729273,0.729273,0.729273,0.729273,259.0,,,
贺朝清,贺朝清,小样本,2,16,False,False,1,62.5,1,50.0,0,0.0,0,0.0,0,0.0,0,0.0,0,0.0,0,0.0,0.0,0.0,0.0,0.0,0.688622,0.688622,0.688622,0.688622,0.688622,0.688622,259.0,,,
朱昼,朱昼,小样本,3,34,False,False,2,58.8235294117647,1,33.33333333333333,0,0.0,0,0.0,0,0.0,0,0.0,0,0.0,0,0.0,0.0,0.0,0.0,0.0,0.68859,0.68859,0.72783,0.72783,0.72783,0.72783,259.0,,,
郑愚,郑愚,小样本,4,18,False,False,1,55.55555555555555,1,25.0,0,0.0,0,0.0,0,0.0,0,0.0,0,0.0,0,0.0,0.0,0.0,0.0,0.0,0.68817,0.68817,0.68817,0.68817,0.68817,0.68817,259.0,,,
任彦思家鬼,任彦思家鬼,小样本,1,4,False,False,1,250.0,1,100.0,0,0.0,0,0.0,0,0.0,0,0.0,0,0.0,0,0.0,0.0,0.0,0.0,0.0,0.687986,0.687986,0.687986,0.687986,0.687986,0.687986,259.0,,,
梁震,梁震,小样本,1,4,False,False,1,250.0,1,100.0,0,0.0,0,0.0,0,0.0,0,0.0,0,0.0,0,0.0,0.0,0.0,0.0,0.0,0.687094,0.687094,0.687094,0.687094,0.687094,0.687094,259.0,,,
沈东美,沈东美,小样本,1,24,False,False,1,41.666666666666664,1,100.0,0,0.0,0,0.0,0,0.0,0,0.0,0,0.0,0,0.0,0.0,0.0,0.0,0.0,0.687034,0.687034,0.687034,0.687034,0.687034,0.687034,259.0,,,
郑锡,郑锡,稳健样本,11,88,True,False,1,11.363636363636363,1,9.090909090909092,0,0.0,0,0.0,0,0.0,0,0.0,0,0.0,0,0.0,0.0,0.0,0.0,0.0,0.686749,0.686749,0.686749,0.686749,0.686749,0.686749,259.0,169.0,122.0,155.0
潘咸,潘咸,小样本,7,46,False,False,1,21.73913043478261,1,14.285714285714285,0,0.0,0,0.0,0,0.0,0,0.0,0,0.0,0,0.0,0.0,0.0,0.0,0.0,0.686611,0.686611,0.686611,0.686611,0.686611,0.686611,259.0,,,
张子容,张子容,稳健样本,18,186,True,False,2,10.752688172043012,2,11.11111111111111,0,0.0,0,0.0,0,0.0,0,0.0,0,0.0,0,0.0,0.0,0.0,0.0,0.0,0.686547,0.686547,0.732901,0.686547,0.686547,0.732901,259.0,169.0,122.0,155.0
颜真卿,颜真卿,稳健样本,30,399,True,False,5,12.531328320802004,5,16.666666666666664,0,0.0,0,0.0,0,0.0,0,0.0,0,0.0,0,0.0,0.0,0.0,0.0,0.0,0.686096,0.678878,0.740637,0.686096,0.678878,0.740637,259.0,169.0,122.0,155.0
杨希道,杨希道,小样本,4,28,False,False,1,35.714285714285715,1,25.0,0,0.0,0,0.0,0,0.0,0,0.0,0,0.0,0,0.0,0.0,0.0,0.0,0.0,0.686056,0.686056,0.686056,0.686056,0.686056,0.686056,259.0,,,
刘义,刘义,小样本,1,8,False,False,1,125.0,1,100.0,0,0.0,0,0.0,0,0.0,0,0.0,0,0.0,0,0.0,0.0,0.0,0.0,0.0,0.685975,0.685975,0.685975,0.685975,0.685975,0.685975,259.0,,,
武平一,武平一,稳健样本,16,168,True,False,1,5.952380952380952,1,6.25,0,0.0,0,0.0,0,0.0,0,0.0,0,0.0,0,0.0,0.0,0.0,0.0,0.0,0.685913,0.685913,0.685913,0.685913,0.685913,0.685913,259.0,169.0,122.0,155.0
尹鹗,尹鹗,稳健样本,12,146,True,False,1,6.8493150684931505,1,8.333333333333332,0,0.0,0,0.0,0,0.0,0,0.0,0,0.0,0,0.0,0.0,0.0,0.0,0.0,0.685753,0.685753,0.685753,0.685753,0.685753,0.685753,259.0,169.0,122.0,155.0
杨谏,杨谏,小样本,2,16,False,False,1,62.5,1,50.0,0,0.0,0,0.0,0,0.0,0,0.0,0,0.0,0,0.0,0.0,0.0,0.0,0.0,0.685497,0.685497,0.685497,0.685497,0.685497,0.685497,259.0,,,
富嘉谟,富嘉谟,小样本,1,20,False,False,1,50.0,1,100.0,0,0.0,0,0.0,0,0.0,0,0.0,0,0.0,0,0.0,0.0,0.0,0.0,0.0,0.685373,0.685373,0.685373,0.685373,0.685373,0.685373,259.0,,,
崔璞,崔璞,小样本,2,16,False,False,1,62.5,1,50.0,0,0.0,0,0.0,0,0.0,0,0.0,0,0.0,0,0.0,0.0,0.0,0.0,0.0,0.685354,0.685354,0.685354,0.685354,0.685354,0.685354,259.0,,,
徐坚,徐坚,稳健样本,11,114,True,False,3,26.31578947368421,3,27.27272727272727,0,0.0,0,0.0,0,0.0,0,0.0,0,0.0,0,0.0,0.0,0.0,0.0,0.0,0.6852143333333333,0.72501,0.732064,0.6852143333333333,0.72501,0.732064,259.0,169.0,122.0,155.0
义净,义净,小样本,6,94,False,False,2,21.27659574468085,1,16.666666666666664,0,0.0,0,0.0,0,0.0,0,0.0,0,0.0,0,0.0,0.0,0.0,0.0,0.0,0.6851495000000001,0.6851495000000001,0.726518,0.726518,0.726518,0.726518,259.0,,,
京兆韦氏子,京兆韦氏子,小样本,1,4,False,False,1,250.0,1,100.0,0,0.0,0,0.0,0,0.0,0,0.0,0,0.0,0,0.0,0.0,0.0,0.0,0.0,0.685144,0.685144,0.685144,0.685144,0.685144,0.685144,259.0,,,
韦处厚,韦处厚,小样本,12,48,False,False,1,20.833333333333332,1,8.333333333333332,0,0.0,0,0.0,0,0.0,0,0.0,0,0.0,0,0.0,0.0,0.0,0.0,0.0,0.684028,0.684028,0.684028,0.684028,0.684028,0.684028,259.0,,,
任氏,任氏,小样本,1,14,False,False,1,71.42857142857143,1,100.0,0,0.0,0,0.0,0,0.0,0,0.0,0,0.0,0,0.0,0.0,0.0,0.0,0.0,0.68373,0.68373,0.68373,0.68373,0.68373,0.68373,259.0,,,
李远,李远,稳健样本,36,260,True,False,1,3.8461538461538463,1,2.7777777777777777,0,0.0,0,0.0,0,0.0,0,0.0,0,0.0,0,0.0,0.0,0.0,0.0,0.0,0.683636,0.683636,0.683636,0.683636,0.683636,0.683636,259.0,169.0,122.0,155.0
湘中女子,湘中女子,小样本,1,4,False,False,1,250.0,1,100.0,0,0.0,0,0.0,0,0.0,0,0.0,0,0.0,0,0.0,0.0,0.0,0.0,0.0,0.683467,0.683467,0.683467,0.683467,0.683467,0.683467,259.0,,,
湘驿女子,湘驿女子,小样本,1,4,False,False,1,250.0,1,100.0,0,0.0,0,0.0,0,0.0,0,0.0,0,0.0,0,0.0,0.0,0.0,0.0,0.0,0.683467,0.683467,0.683467,0.683467,0.683467,0.683467,259.0,,,
虞世南,虞世南,稳健样本,38,508,True,False,12,23.62204724409449,8,21.052631578947366,0,0.0,0,0.0,0,0.0,0,0.0,0,0.0,0,0.0,0.0,0.0,0.0,0.0,0.6833686666666666,0.6838495,0.703266,0.682028875,0.6822334999999999,0.703266,259.0,169.0,122.0,155.0
许彬,许彬,稳健样本,20,168,True,False,1,5.952380952380952,1,5.0,0,0.0,0,0.0,0,0.0,0,0.0,0,0.0,0,0.0,0.0,0.0,0.0,0.0,0.682665,0.682665,0.682665,0.682665,0.682665,0.682665,259.0,169.0,122.0,155.0
张钦敬,张钦敬,小样本,1,12,False,False,2,166.66666666666666,1,100.0,0,0.0,0,0.0,0,0.0,0,0.0,0,0.0,0,0.0,0.0,0.0,0.0,0.0,0.6822075000000001,0.6822075000000001,0.703547,0.703547,0.703547,0.703547,259.0,,,
李善夷,李善夷,小样本,2,19,False,False,3,157.89473684210526,1,50.0,0,0.0,0,0.0,0,0.0,0,0.0,0,0.0,0,0.0,0.0,0.0,0.0,0.0,0.6813106666666666,0.679675,0.720468,0.720468,0.720468,0.720468,259.0,,,
沈如筠,沈如筠,小样本,4,25,False,False,3,120.0,2,50.0,0,0.0,0,0.0,0,0.0,0,0.0,0,0.0,0,0.0,0.0,0.0,0.0,0.0,0.6801096666666666,0.689136,0.706552,0.6755964999999999,0.6755964999999999,0.706552,259.0,,,
刘湾,刘湾,小样本,6,86,False,False,1,11.627906976744185,1,16.666666666666664,0,0.0,0,0.0,0,0.0,0,0.0,0,0.0,0,0.0,0.0,0.0,0.0,0.0,0.679884,0.679884,0.679884,0.679884,0.679884,0.679884,259.0,,,
蜀宫群仙,蜀宫群仙,小样本,6,24,False,False,1,41.666666666666664,1,16.666666666666664,0,0.0,0,0.0,0,0.0,0,0.0,0,0.0,0,0.0,0.0,0.0,0.0,0.0,0.679448,0.679448,0.679448,0.679448,0.679448,0.679448,259.0,,,
陈凝,陈凝,小样本,1,8,False,False,1,125.0,1,100.0,0,0.0,0,0.0,0,0.0,0,0.0,0,0.0,0,0.0,0.0,0.0,0.0,0.0,0.679273,0.679273,0.679273,0.679273,0.679273,0.679273,259.0,,,
可朋,可朋,小样本,6,51,False,False,2,39.21568627450981,2,33.33333333333333,0,0.0,0,0.0,0,0.0,0,0.0,0,0.0,0,0.0,0.0,0.0,0.0,0.0,0.679132,0.679132,0.68031,0.679132,0.679132,0.68031,259.0,,,
卢携,卢携,小样本,1,4,False,False,1,250.0,1,100.0,0,0.0,0,0.0,0,0.0,0,0.0,0,0.0,0,0.0,0.0,0.0,0.0,0.0,0.678853,0.678853,0.678853,0.678853,0.678853,0.678853,259.0,,,
刘云,刘云,小样本,3,18,False,False,2,111.1111111111111,1,33.33333333333333,0,0.0,0,0.0,0,0.0,0,0.0,0,0.0,0,0.0,0.0,0.0,0.0,0.0,0.678791,0.678791,0.683096,0.683096,0.683096,0.683096,259.0,,,
刘氏云,刘氏云,小样本,2,14,False,False,2,142.85714285714286,1,50.0,0,0.0,0,0.0,0,0.0,0,0.0,0,0.0,0,0.0,0.0,0.0,0.0,0.0,0.678791,0.678791,0.683096,0.683096,0.683096,0.683096,259.0,,,
张贾,张贾,小样本,3,18,False,False,1,55.55555555555555,1,33.33333333333333,0,0.0,0,0.0,0,0.0,0,0.0,0,0.0,0,0.0,0.0,0.0,0.0,0.0,0.678616,0.678616,0.678616,0.678616,0.678616,0.678616,259.0,,,
破笛,破笛,小样本,1,4,False,False,1,250.0,1,100.0,0,0.0,0,0.0,0,0.0,0,0.0,0,0.0,0,0.0,0.0,0.0,0.0,0.0,0.678504,0.678504,0.678504,0.678504,0.678504,0.678504,259.0,,,
郑良士,郑良士,小样本,3,24,False,False,1,41.666666666666664,1,33.33333333333333,0,0.0,0,0.0,0,0.0,0,0.0,0,0.0,0,0.0,0.0,0.0,0.0,0.0,0.678255,0.678255,0.678255,0.678255,0.678255,0.678255,259.0,,,
释明解,释明解,小样本,1,8,False,False,1,125.0,1,100.0,0,0.0,0,0.0,0,0.0,0,0.0,0,0.0,0,0.0,0.0,0.0,0.0,0.0,0.678236,0.678236,0.678236,0.678236,0.678236,0.678236,259.0,,,
张宣明,张宣明,小样本,2,24,False,False,1,41.666666666666664,1,50.0,0,0.0,0,0.0,0,0.0,0,0.0,0,0.0,0,0.0,0.0,0.0,0.0,0.0,0.678182,0.678182,0.678182,0.678182,0.678182,0.678182,259.0,,,
喻坦之,喻坦之,稳健样本,18,168,True,False,1,5.952380952380952,1,5.555555555555555,0,0.0,0,0.0,0,0.0,0,0.0,0,0.0,0,0.0,0.0,0.0,0.0,0.0,0.677954,0.677954,0.677954,0.677954,0.677954,0.677954,259.0,169.0,122.0,155.0
张幹,张幹,小样本,1,2,False,False,1,500.0,1,100.0,0,0.0,0,0.0,0,0.0,0,0.0,0,0.0,0,0.0,0.0,0.0,0.0,0.0,0.677941,0.677941,0.677941,0.677941,0.677941,0.677941,259.0,,,
冯少吉,冯少吉,小样本,1,4,False,False,1,250.0,1,100.0,0,0.0,0,0.0,0,0.0,0,0.0,0,0.0,0,0.0,0.0,0.0,0.0,0.0,0.677816,0.677816,0.677816,0.677816,0.677816,0.677816,259.0,,,
徐九皋,徐九皋,小样本,5,36,False,False,2,55.55555555555555,2,40.0,0,0.0,0,0.0,0,0.0,0,0.0,0,0.0,0,0.0,0.0,0.0,0.0,0.0,0.6773914999999999,0.6773914999999999,0.691334,0.6773914999999999,0.6773914999999999,0.691334,259.0,,,
崔安潜,崔安潜,小样本,1,4,False,False,1,250.0,1,100.0,0,0.0,0,0.0,0,0.0,0,0.0,0,0.0,0,0.0,0.0,0.0,0.0,0.0,0.677379,0.677379,0.677379,0.677379,0.677379,0.677379,259.0,,,
陆希声,陆希声,稳健样本,21,96,True,False,2,20.833333333333332,2,9.523809523809524,0,0.0,0,0.0,0,0.0,0,0.0,0,0.0,0,0.0,0.0,0.0,0.0,0.0,0.677101,0.677101,0.711464,0.677101,0.677101,0.711464,259.0,169.0,122.0,155.0
裴漼,裴漼,小样本,4,44,False,False,1,22.727272727272727,1,25.0,0,0.0,0,0.0,0,0.0,0,0.0,0,0.0,0,0.0,0.0,0.0,0.0,0.0,0.67691,0.67691,0.67691,0.67691,0.67691,0.67691,259.0,,,
裴璀,裴璀,小样本,1,8,False,False,1,125.0,1,100.0,0,0.0,0,0.0,0,0.0,0,0.0,0,0.0,0,0.0,0.0,0.0,0.0,0.0,0.67691,0.67691,0.67691,0.67691,0.67691,0.67691,259.0,,,
谢偃,谢偃,小样本,3,60,False,False,1,16.666666666666668,1,33.33333333333333,0,0.0,0,0.0,0,0.0,0,0.0,0,0.0,0,0.0,0.0,0.0,0.0,0.0,0.676455,0.676455,0.676455,0.676455,0.676455,0.676455,259.0,,,
吴武陵,吴武陵,小样本,2,16,False,False,1,62.5,1,50.0,0,0.0,0,0.0,0,0.0,0,0.0,0,0.0,0,0.0,0.0,0.0,0.0,0.0,0.676249,0.676249,0.676249,0.676249,0.676249,0.676249,259.0,,,
孟彦深,孟彦深,小样本,1,12,False,False,1,83.33333333333333,1,100.0,0,0.0,0,0.0,0,0.0,0,0.0,0,0.0,0,0.0,0.0,0.0,0.0,0.0,0.676089,0.676089,0.676089,0.676089,0.676089,0.676089,259.0,,,
许康佐,许康佐,小样本,2,24,False,False,2,83.33333333333333,2,100.0,0,0.0,0,0.0,0,0.0,0,0.0,0,0.0,0,0.0,0.0,0.0,0.0,0.0,0.6759225,0.6759225,0.726735,0.6759225,0.6759225,0.726735,259.0,,,
李廓,李廓,稳健样本,11,236,True,False,3,12.711864406779663,3,27.27272727272727,0,0.0,0,0.0,0,0.0,0,0.0,0,0.0,0,0.0,0.0,0.0,0.0,0.0,0.6756746666666666,0.693572,0.693572,0.6756746666666666,0.693572,0.693572,259.0,169.0,122.0,155.0
李泌,李泌,小样本,5,42,False,False,5,119.04761904761904,2,40.0,0,0.0,0,0.0,0,0.0,0,0.0,0,0.0,0,0.0,0.0,0.0,0.0,0.0,0.675615,0.677494,0.71908,0.6844495,0.6844495,0.71908,259.0,,,
杨廷玉,杨廷玉,小样本,1,4,False,False,1,250.0,1,100.0,0,0.0,0,0.0,0,0.0,0,0.0,0,0.0,0,0.0,0.0,0.0,0.0,0.0,0.675565,0.675565,0.675565,0.675565,0.675565,0.675565,259.0,,,
薛存诚,薛存诚,稳健样本,12,144,True,False,2,13.888888888888888,2,16.666666666666664,0,0.0,0,0.0,0,0.0,0,0.0,0,0.0,0,0.0,0.0,0.0,0.0,0.0,0.6751895,0.6751895,0.737505,0.6751895,0.6751895,0.737505,259.0,169.0,122.0,155.0
张潮,张潮,小样本,7,110,False,False,7,63.63636363636363,4,57.14285714285714,0,0.0,0,0.0,0,0.0,0,0.0,0,0.0,0,0.0,0.0,0.0,0.0,0.0,0.6750317142857142,0.681635,0.694534,0.67962425,0.6806,0.694534,259.0,,,
罗炯,罗炯,小样本,1,8,False,False,1,125.0,1,100.0,0,0.0,0,0.0,0,0.0,0,0.0,0,0.0,0,0.0,0.0,0.0,0.0,0.0,0.675001,0.675001,0.675001,0.675001,0.675001,0.675001,259.0,,,
酒肆布衣,酒肆布衣,小样本,2,12,False,False,1,83.33333333333333,1,50.0,0,0.0,0,0.0,0,0.0,0,0.0,0,0.0,0,0.0,0.0,0.0,0.0,0.0,0.674887,0.674887,0.674887,0.674887,0.674887,0.674887,259.0,,,
张直,张直,小样本,1,22,False,False,1,45.45454545454545,1,100.0,0,0.0,0,0.0,0,0.0,0,0.0,0,0.0,0,0.0,0.0,0.0,0.0,0.0,0.674492,0.674492,0.674492,0.674492,0.674492,0.674492,259.0,,,
归仁,归仁,小样本,6,48,False,False,2,41.666666666666664,2,33.33333333333333,0,0.0,0,0.0,0,0.0,0,0.0,0,0.0,0,0.0,0.0,0.0,0.0,0.0,0.6741935,0.6741935,0.706732,0.6741935,0.6741935,0.706732,259.0,,,
九华山白衣,九华山白衣,小样本,1,4,False,False,1,250.0,1,100.0,0,0.0,0,0.0,0,0.0,0,0.0,0,0.0,0,0.0,0.0,0.0,0.0,0.0,0.674094,0.674094,0.674094,0.674094,0.674094,0.674094,259.0,,,
华山老人,华山老人,小样本,1,4,False,False,1,250.0,1,100.0,0,0.0,0,0.0,0,0.0,0,0.0,0,0.0,0,0.0,0.0,0.0,0.0,0.0,0.674094,0.674094,0.674094,0.674094,0.674094,0.674094,259.0,,,
房白,房白,小样本,1,8,False,False,1,125.0,1,100.0,0,0.0,0,0.0,0,0.0,0,0.0,0,0.0,0,0.0,0.0,0.0,0.0,0.0,0.67383,0.67383,0.67383,0.67383,0.67383,0.67383,259.0,,,
王珪,王珪,小样本,2,38,False,False,5,131.57894736842104,2,100.0,0,0.0,0,0.0,0,0.0,0,0.0,0,0.0,0,0.0,0.0,0.0,0.0,0.0,0.673253,0.68089,0.724193,0.70587,0.70587,0.724193,259.0,,,
滕白,滕白,小样本,2,8,False,False,1,125.0,1,50.0,0,0.0,0,0.0,0,0.0,0,0.0,0,0.0,0,0.0,0.0,0.0,0.0,0.0,0.673133,0.673133,0.673133,0.673133,0.673133,0.673133,259.0,,,
周弘亮,周弘亮,小样本,3,28,False,False,1,35.714285714285715,1,33.33333333333333,0,0.0,0,0.0,0,0.0,0,0.0,0,0.0,0,0.0,0.0,0.0,0.0,0.0,0.673106,0.673106,0.673106,0.673106,0.673106,0.673106,259.0,,,
李子昂,李子昂,小样本,1,16,False,False,1,62.5,1,100.0,0,0.0,0,0.0,0,0.0,0,0.0,0,0.0,0,0.0,0.0,0.0,0.0,0.0,0.672879,0.672879,0.672879,0.672879,0.672879,0.672879,259.0,,,
孙郃,孙郃,小样本,3,30,False,False,5,166.66666666666666,2,66.66666666666666,0,0.0,0,0.0,0,0.0,0,0.0,0,0.0,0,0.0,0.0,0.0,0.0,0.0,0.6718054,0.66752,0.731752,0.703738,0.703738,0.731752,259.0,,,
杨凌,杨凌,稳健样本,21,115,True,False,6,52.17391304347826,6,28.57142857142857,0,0.0,0,0.0,0,0.0,0,0.0,0,0.0,0,0.0,0.0,0.0,0.0,0.0,0.6716503333333333,0.695629,0.711393,0.6716503333333333,0.695629,0.711393,259.0,169.0,122.0,155.0
灵澈,灵澈,稳健样本,18,152,True,False,5,32.89473684210526,5,27.77777777777778,0,0.0,0,0.0,0,0.0,0,0.0,0,0.0,0,0.0,0.0,0.0,0.0,0.0,0.6713967999999999,0.670657,0.711374,0.6713967999999999,0.670657,0.711374,259.0,169.0,122.0,155.0
王毂,王毂,稳健样本,17,142,True,False,4,28.169014084507044,4,23.52941176470588,0,0.0,0,0.0,0,0.0,0,0.0,0,0.0,0,0.0,0.0,0.0,0.0,0.0,0.67097275,0.668034,0.716924,0.67097275,0.668034,0.716924,259.0,169.0,122.0,155.0
杨凝,杨凝,稳健样本,39,240,True,False,2,8.333333333333334,2,5.128205128205128,0,0.0,0,0.0,0,0.0,0,0.0,0,0.0,0,0.0,0.0,0.0,0.0,0.0,0.670942,0.670942,0.731809,0.670942,0.670942,0.731809,259.0,169.0,122.0,155.0
苏检妻,苏检妻,小样本,1,4,False,False,1,250.0,1,100.0,0,0.0,0,0.0,0,0.0,0,0.0,0,0.0,0,0.0,0.0,0.0,0.0,0.0,0.670922,0.670922,0.670922,0.670922,0.670922,0.670922,259.0,,,
卢象,卢象,稳健样本,26,309,True,False,9,29.12621359223301,8,30.76923076923077,0,0.0,0,0.0,0,0.0,0,0.0,0,0.0,0,0.0,0.0,0.0,0.0,0.0,0.6708803333333333,0.650737,0.732275,0.67367675,0.6685035,0.732275,259.0,169.0,122.0,155.0
桃花夫人,桃花夫人,小样本,1,4,False,False,1,250.0,1,100.0,0,0.0,0,0.0,0,0.0,0,0.0,0,0.0,0,0.0,0.0,0.0,0.0,0.0,0.670802,0.670802,0.670802,0.670802,0.670802,0.670802,259.0,,,
郑启,郑启,小样本,2,24,False,False,1,41.666666666666664,1,50.0,0,0.0,0,0.0,0,0.0,0,0.0,0,0.0,0,0.0,0.0,0.0,0.0,0.0,0.670009,0.670009,0.670009,0.670009,0.670009,0.670009,259.0,,,
于鹄,于鹄,大样本,69,652,True,True,15,23.006134969325153,13,18.84057971014493,0,0.0,0,0.0,0,0.0,0,0.0,0,0.0,0,0.0,0.0,0.0,0.0,0.0,0.6699216666666667,0.685457,0.723024,0.6682996923076924,0.685457,0.723024,259.0,169.0,122.0,155.0
万齐融,万齐融,小样本,4,45,False,False,1,22.22222222222222,1,25.0,0,0.0,0,0.0,0,0.0,0,0.0,0,0.0,0,0.0,0.0,0.0,0.0,0.0,0.669671,0.669671,0.669671,0.669671,0.669671,0.669671,259.0,,,
郑畋,郑畋,稳健样本,15,128,True,False,1,7.8125,1,6.666666666666667,0,0.0,0,0.0,0,0.0,0,0.0,0,0.0,0,0.0,0.0,0.0,0.0,0.0,0.669651,0.669651,0.669651,0.669651,0.669651,0.669651,259.0,169.0,122.0,155.0
李崇嗣,李崇嗣,小样本,3,12,False,False,1,83.33333333333333,1,33.33333333333333,0,0.0,0,0.0,0,0.0,0,0.0,0,0.0,0,0.0,0.0,0.0,0.0,0.0,0.669646,0.669646,0.669646,0.669646,0.669646,0.669646,259.0,,,
蒋维翰,蒋维翰,小样本,4,20,False,False,1,50.0,1,25.0,0,0.0,0,0.0,0,0.0,0,0.0,0,0.0,0,0.0,0.0,0.0,0.0,0.0,0.669634,0.669634,0.669634,0.669634,0.669634,0.669634,259.0,,,
孟翱,孟翱,小样本,1,12,False,False,2,166.66666666666666,1,100.0,0,0.0,0,0.0,0,0.0,0,0.0,0,0.0,0,0.0,0.0,0.0,0.0,0.0,0.6692910000000001,0.6692910000000001,0.686486,0.686486,0.686486,0.686486,259.0,,,
郑损,郑损,小样本,6,48,False,False,1,20.833333333333332,1,16.666666666666664,0,0.0,0,0.0,0,0.0,0,0.0,0,0.0,0,0.0,0.0,0.0,0.0,0.0,0.669143,0.669143,0.669143,0.669143,0.669143,0.669143,259.0,,,
欧阳澥,欧阳澥,小样本,2,8,False,False,1,125.0,1,50.0,0,0.0,0,0.0,0,0.0,0,0.0,0,0.0,0,0.0,0.0,0.0,0.0,0.0,0.668996,0.668996,0.668996,0.668996,0.668996,0.668996,259.0,,,
李得,李得,小样本,1,8,False,False,1,125.0,1,100.0,0,0.0,0,0.0,0,0.0,0,0.0,0,0.0,0,0.0,0.0,0.0,0.0,0.0,0.668922,0.668922,0.668922,0.668922,0.668922,0.668922,259.0,,,
洞庭龙君,洞庭龙君,小样本,1,21,False,False,2,95.23809523809523,1,100.0,0,0.0,0,0.0,0,0.0,0,0.0,0,0.0,0,0.0,0.0,0.0,0.0,0.0,0.66875,0.66875,0.692962,0.692962,0.692962,0.692962,259.0,,,
孙处玄,孙处玄,小样本,3,12,False,False,1,83.33333333333333,1,33.33333333333333,0,0.0,0,0.0,0,0.0,0,0.0,0,0.0,0,0.0,0.0,0.0,0.0,0.0,0.668633,0.668633,0.668633,0.668633,0.668633,0.668633,259.0,,,
李章武,李章武,小样本,1,4,False,False,1,250.0,1,100.0,0,0.0,0,0.0,0,0.0,0,0.0,0,0.0,0,0.0,0.0,0.0,0.0,0.0,0.667896,0.667896,0.667896,0.667896,0.667896,0.667896,259.0,,,
吴越人,吴越人,小样本,5,48,False,False,2,41.666666666666664,2,40.0,0,0.0,0,0.0,0,0.0,0,0.0,0,0.0,0,0.0,0.0,0.0,0.0,0.0,0.6678445,0.6678445,0.684727,0.6678445,0.6678445,0.684727,259.0,,,
春台仙,春台仙,小样本,1,22,False,False,1,45.45454545454545,1,100.0,0,0.0,0,0.0,0,0.0,0,0.0,0,0.0,0,0.0,0.0,0.0,0.0,0.0,0.667603,0.667603,0.667603,0.667603,0.667603,0.667603,259.0,,,
叔孙玄观,叔孙玄观,小样本,1,12,False,False,1,83.33333333333333,1,100.0,0,0.0,0,0.0,0,0.0,0,0.0,0,0.0,0,0.0,0.0,0.0,0.0,0.0,0.667355,0.667355,0.667355,0.667355,0.667355,0.667355,259.0,,,
张元宗,张元宗,小样本,2,8,False,False,1,125.0,1,50.0,0,0.0,0,0.0,0,0.0,0,0.0,0,0.0,0,0.0,0.0,0.0,0.0,0.0,0.667227,0.667227,0.667227,0.667227,0.667227,0.667227,259.0,,,
梁锽,梁锽,稳健样本,16,120,True,False,3,25.0,3,18.75,0,0.0,0,0.0,0,0.0,0,0.0,0,0.0,0,0.0,0.0,0.0,0.0,0.0,0.666276,0.691695,0.727194,0.666276,0.691695,0.727194,259.0,169.0,122.0,155.0
周延翰,周延翰,小样本,1,1,False,False,1,1000.0,1,100.0,0,0.0,0,0.0,0,0.0,0,0.0,0,0.0,0,0.0,0.0,0.0,0.0,0.0,0.66604,0.66604,0.66604,0.66604,0.66604,0.66604,259.0,,,
宋璟,宋璟,小样本,6,77,False,False,2,25.974025974025977,2,33.33333333333333,0,0.0,0,0.0,0,0.0,0,0.0,0,0.0,0,0.0,0.0,0.0,0.0,0.0,0.6659185,0.6659185,0.676808,0.6659185,0.6659185,0.676808,259.0,,,
廖凝,廖凝,小样本,4,37,False,False,2,54.054054054054056,2,50.0,0,0.0,0,0.0,0,0.0,0,0.0,0,0.0,0,0.0,0.0,0.0,0.0,0.0,0.6657715,0.6657715,0.675993,0.6657715,0.6657715,0.675993,259.0,,,
张南容,张南容,小样本,1,16,False,False,1,62.5,1,100.0,0,0.0,0,0.0,0,0.0,0,0.0,0,0.0,0,0.0,0.0,0.0,0.0,0.0,0.665666,0.665666,0.665666,0.665666,0.665666,0.665666,259.0,,,
庞蕴,庞蕴,小样本,1,36,False,False,2,55.55555555555555,1,100.0,0,0.0,0,0.0,0,0.0,0,0.0,0,0.0,0,0.0,0.0,0.0,0.0,0.0,0.6654575,0.6654575,0.693844,0.693844,0.693844,0.693844,259.0,,,
袁瓘,袁瓘,小样本,2,52,False,False,3,57.69230769230769,1,50.0,0,0.0,0,0.0,0,0.0,0,0.0,0,0.0,0,0.0,0.0,0.0,0.0,0.0,0.6652516666666667,0.669132,0.69903,0.69903,0.69903,0.69903,259.0,,,
苏拯,苏拯,稳健样本,29,328,True,False,12,36.58536585365854,10,34.48275862068966,0,0.0,0,0.0,0,0.0,0,0.0,0,0.0,0,0.0,0.0,0.0,0.0,0.0,0.6651203333333333,0.675014,0.718311,0.6751044,0.675014,0.718311,259.0,169.0,122.0,155.0
窦蒙,窦蒙,小样本,1,12,False,False,1,83.33333333333333,1,100.0,0,0.0,0,0.0,0,0.0,0,0.0,0,0.0,0,0.0,0.0,0.0,0.0,0.0,0.66452,0.66452,0.66452,0.66452,0.66452,0.66452,259.0,,,
郑仁表,郑仁表,小样本,4,14,False,False,1,71.42857142857143,1,25.0,0,0.0,0,0.0,0,0.0,0,0.0,0,0.0,0,0.0,0.0,0.0,0.0,0.0,0.664393,0.664393,0.664393,0.664393,0.664393,0.664393,259.0,,,
薛稷,薛稷,稳健样本,14,138,True,False,2,14.492753623188406,2,14.285714285714285,0,0.0,0,0.0,0,0.0,0,0.0,0,0.0,0,0.0,0.0,0.0,0.0,0.0,0.664091,0.664091,0.699853,0.664091,0.664091,0.699853,259.0,169.0,122.0,155.0
伍唐珪,伍唐珪,小样本,3,16,False,False,1,62.5,1,33.33333333333333,0,0.0,0,0.0,0,0.0,0,0.0,0,0.0,0,0.0,0.0,0.0,0.0,0.0,0.663916,0.663916,0.663916,0.663916,0.663916,0.663916,259.0,,,
吴清妻,吴清妻,小样本,1,20,False,False,2,100.0,1,100.0,0,0.0,0,0.0,0,0.0,0,0.0,0,0.0,0,0.0,0.0,0.0,0.0,0.0,0.6636915,0.6636915,0.672687,0.672687,0.672687,0.672687,259.0,,,
李祜,李祜,小样本,1,4,False,False,1,250.0,1,100.0,0,0.0,0,0.0,0,0.0,0,0.0,0,0.0,0,0.0,0.0,0.0,0.0,0.0,0.66339,0.66339,0.66339,0.66339,0.66339,0.66339,259.0,,,
金昌绪,金昌绪,小样本,1,4,False,False,1,250.0,1,100.0,0,0.0,0,0.0,0,0.0,0,0.0,0,0.0,0,0.0,0.0,0.0,0.0,0.0,0.663314,0.663314,0.663314,0.663314,0.663314,0.663314,259.0,,,
席豫,席豫,小样本,4,56,False,False,1,17.857142857142858,1,25.0,0,0.0,0,0.0,0,0.0,0,0.0,0,0.0,0,0.0,0.0,0.0,0.0,0.0,0.66308,0.66308,0.66308,0.66308,0.66308,0.66308,259.0,,,
褚载,褚载,稳健样本,15,104,True,False,4,38.46153846153847,3,20.0,0,0.0,0,0.0,0,0.0,0,0.0,0,0.0,0,0.0,0.0,0.0,0.0,0.0,0.66302325,0.6613455,0.72181,0.6815003333333333,0.710393,0.72181,259.0,169.0,122.0,155.0
陈润,陈润,小样本,8,60,False,False,3,50.0,3,37.5,0,0.0,0,0.0,0,0.0,0,0.0,0,0.0,0,0.0,0.0,0.0,0.0,0.0,0.6630096666666666,0.639892,0.728729,0.6630096666666666,0.639892,0.728729,259.0,,,
孟贯,孟贯,稳健样本,31,248,True,False,2,8.064516129032258,2,6.451612903225806,0,0.0,0,0.0,0,0.0,0,0.0,0,0.0,0,0.0,0.0,0.0,0.0,0.0,0.6627685,0.6627685,0.671786,0.6627685,0.6627685,0.671786,259.0,169.0,122.0,155.0
清江,清江,稳健样本,22,182,True,False,3,16.483516483516485,2,9.090909090909092,0,0.0,0,0.0,0,0.0,0,0.0,0,0.0,0,0.0,0.0,0.0,0.0,0.0,0.6627343333333333,0.649535,0.723168,0.6863515,0.6863515,0.723168,259.0,169.0,122.0,155.0
刘斌,刘斌,小样本,4,50,False,False,4,80.0,1,25.0,0,0.0,0,0.0,0,0.0,0,0.0,0,0.0,0,0.0,0.0,0.0,0.0,0.0,0.6627000000000001,0.676053,0.715126,0.715126,0.715126,0.715126,259.0,,,
李赤,李赤,稳健样本,10,80,True,False,2,25.0,2,20.0,0,0.0,0,0.0,0,0.0,0,0.0,0,0.0,0,0.0,0.0,0.0,0.0,0.0,0.662479,0.662479,0.669429,0.662479,0.662479,0.669429,259.0,169.0,122.0,155.0
陆复礼,陆复礼,小样本,1,12,False,False,1,83.33333333333333,1,100.0,0,0.0,0,0.0,0,0.0,0,0.0,0,0.0,0,0.0,0.0,0.0,0.0,0.0,0.662455,0.662455,0.662455,0.662455,0.662455,0.662455,259.0,,,
栖一,栖一,小样本,2,16,False,False,1,62.5,1,50.0,0,0.0,0,0.0,0,0.0,0,0.0,0,0.0,0,0.0,0.0,0.0,0.0,0.0,0.662271,0.662271,0.662271,0.662271,0.662271,0.662271,259.0,,,
唐暄,唐暄,小样本,2,18,False,False,1,55.55555555555555,1,50.0,0,0.0,0,0.0,0,0.0,0,0.0,0,0.0,0,0.0,0.0,0.0,0.0,0.0,0.662151,0.662151,0.662151,0.662151,0.662151,0.662151,259.0,,,
张孜,张孜,小样本,3,22,False,False,1,45.45454545454545,1,33.33333333333333,0,0.0,0,0.0,0,0.0,0,0.0,0,0.0,0,0.0,0.0,0.0,0.0,0.0,0.662114,0.662114,0.662114,0.662114,0.662114,0.662114,259.0,,,
朱放,朱放,稳健样本,27,156,True,False,3,19.230769230769234,3,11.11111111111111,0,0.0,0,0.0,0,0.0,0,0.0,0,0.0,0,0.0,0.0,0.0,0.0,0.0,0.6611213333333333,0.662364,0.663222,0.6611213333333333,0.662364,0.663222,259.0,169.0,122.0,155.0
窦叔向,窦叔向,稳健样本,10,81,True,False,1,12.345679012345679,1,10.0,0,0.0,0,0.0,0,0.0,0,0.0,0,0.0,0,0.0,0.0,0.0,0.0,0.0,0.661082,0.661082,0.661082,0.661082,0.661082,0.661082,259.0,169.0,122.0,155.0
王泠然,王泠然,小样本,5,71,False,False,2,28.169014084507044,2,40.0,0,0.0,0,0.0,0,0.0,0,0.0,0,0.0,0,0.0,0.0,0.0,0.0,0.0,0.6608115,0.6608115,0.723359,0.6608115,0.6608115,0.723359,259.0,,,
张巡,张巡,小样本,2,20,False,False,1,50.0,1,50.0,0,0.0,0,0.0,0,0.0,0,0.0,0,0.0,0,0.0,0.0,0.0,0.0,0.0,0.660676,0.660676,0.660676,0.660676,0.660676,0.660676,259.0,,,
张炽,张炽,小样本,2,6,False,False,2,333.3333333333333,2,100.0,0,0.0,0,0.0,0,0.0,0,0.0,0,0.0,0,0.0,0.0,0.0,0.0,0.0,0.660534,0.660534,0.660534,0.660534,0.660534,0.660534,259.0,,,
张瀛,张瀛,小样本,1,18,False,False,1,55.55555555555555,1,100.0,0,0.0,0,0.0,0,0.0,0,0.0,0,0.0,0,0.0,0.0,0.0,0.0,0.0,0.660525,0.660525,0.660525,0.660525,0.660525,0.660525,259.0,,,
皇甫曾,皇甫曾,稳健样本,50,460,True,False,4,8.695652173913043,4,8.0,0,0.0,0,0.0,0,0.0,0,0.0,0,0.0,0,0.0,0.0,0.0,0.0,0.0,0.66024425,0.6679035,0.697712,0.66024425,0.6679035,0.697712,259.0,169.0,122.0,155.0
丁棱,丁棱,小样本,2,16,False,False,1,62.5,1,50.0,0,0.0,0,0.0,0,0.0,0,0.0,0,0.0,0,0.0,0.0,0.0,0.0,0.0,0.660235,0.660235,0.660235,0.660235,0.660235,0.660235,259.0,,,
麹信陵,麹信陵,小样本,7,34,False,False,1,29.41176470588235,1,14.285714285714285,0,0.0,0,0.0,0,0.0,0,0.0,0,0.0,0,0.0,0.0,0.0,0.0,0.0,0.660084,0.660084,0.660084,0.660084,0.660084,0.660084,259.0,,,
王湾,王湾,稳健样本,11,213,True,False,1,4.694835680751174,1,9.090909090909092,0,0.0,0,0.0,0,0.0,0,0.0,0,0.0,0,0.0,0.0,0.0,0.0,0.0,0.659716,0.659716,0.659716,0.659716,0.659716,0.659716,259.0,169.0,122.0,155.0
徐敞,徐敞,小样本,5,60,False,False,1,16.666666666666668,1,20.0,0,0.0,0,0.0,0,0.0,0,0.0,0,0.0,0,0.0,0.0,0.0,0.0,0.0,0.659679,0.659679,0.659679,0.659679,0.659679,0.659679,259.0,,,
封敖,封敖,小样本,2,20,False,False,2,100.0,1,50.0,0,0.0,0,0.0,0,0.0,0,0.0,0,0.0,0,0.0,0.0,0.0,0.0,0.0,0.659633,0.659633,0.697474,0.697474,0.697474,0.697474,259.0,,,
林滋,林滋,小样本,6,56,False,False,2,35.714285714285715,2,33.33333333333333,0,0.0,0,0.0,0,0.0,0,0.0,0,0.0,0,0.0,0.0,0.0,0.0,0.0,0.6596025000000001,0.6596025000000001,0.707041,0.6596025000000001,0.6596025000000001,0.707041,259.0,,,
于良史,于良史,小样本,7,52,False,False,3,57.69230769230769,3,42.857142857142854,0,0.0,0,0.0,0,0.0,0,0.0,0,0.0,0,0.0,0.0,0.0,0.0,0.0,0.6594099999999999,0.685128,0.725441,0.6594099999999999,0.685128,0.725441,259.0,,,
应物,应物,小样本,2,16,False,False,1,62.5,1,50.0,0,0.0,0,0.0,0,0.0,0,0.0,0,0.0,0,0.0,0.0,0.0,0.0,0.0,0.659344,0.659344,0.659344,0.659344,0.659344,0.659344,259.0,,,
张泌,张泌,稳健样本,32,319,True,False,2,6.269592476489028,2,6.25,0,0.0,0,0.0,0,0.0,0,0.0,0,0.0,0,0.0,0.0,0.0,0.0,0.0,0.6592115000000001,0.6592115000000001,0.661926,0.6592115000000001,0.6592115000000001,0.661926,259.0,169.0,122.0,155.0
浩虚舟,浩虚舟,小样本,1,12,False,False,1,83.33333333333333,1,100.0,0,0.0,0,0.0,0,0.0,0,0.0,0,0.0,0,0.0,0.0,0.0,0.0,0.0,0.659009,0.659009,0.659009,0.659009,0.659009,0.659009,259.0,,,
捧剑仆,捧剑仆,小样本,3,16,False,False,2,125.0,1,33.33333333333333,0,0.0,0,0.0,0,0.0,0,0.0,0,0.0,0,0.0,0.0,0.0,0.0,0.0,0.658725,0.658725,0.684176,0.684176,0.684176,0.684176,259.0,,,
白行简,白行简,小样本,7,76,False,False,1,13.157894736842104,1,14.285714285714285,0,0.0,0,0.0,0,0.0,0,0.0,0,0.0,0,0.0,0.0,0.0,0.0,0.0,0.658395,0.658395,0.658395,0.658395,0.658395,0.658395,259.0,,,
嵩山女,嵩山女,小样本,2,12,False,False,2,166.66666666666666,2,100.0,0,0.0,0,0.0,0,0.0,0,0.0,0,0.0,0,0.0,0.0,0.0,0.0,0.0,0.6583,0.6583,0.674274,0.6583,0.6583,0.674274,259.0,,,
包融,包融,小样本,8,88,False,False,2,22.727272727272727,2,25.0,0,0.0,0,0.0,0,0.0,0,0.0,0,0.0,0,0.0,0.0,0.0,0.0,0.0,0.658167,0.658167,0.671543,0.658167,0.658167,0.671543,259.0,,,
何敬,何敬,小样本,1,8,False,False,1,125.0,1,100.0,0,0.0,0,0.0,0,0.0,0,0.0,0,0.0,0,0.0,0.0,0.0,0.0,0.0,0.658116,0.658116,0.658116,0.658116,0.658116,0.658116,259.0,,,
李节,李节,小样本,1,14,False,False,1,71.42857142857143,1,100.0,0,0.0,0,0.0,0,0.0,0,0.0,0,0.0,0,0.0,0.0,0.0,0.0,0.0,0.658059,0.658059,0.658059,0.658059,0.658059,0.658059,259.0,,,
石恪,石恪,小样本,1,8,False,False,1,125.0,1,100.0,0,0.0,0,0.0,0,0.0,0,0.0,0,0.0,0,0.0,0.0,0.0,0.0,0.0,0.657834,0.657834,0.657834,0.657834,0.657834,0.657834,259.0,,,
蒋防,蒋防,稳健样本,12,136,True,False,1,7.352941176470588,1,8.333333333333332,0,0.0,0,0.0,0,0.0,0,0.0,0,0.0,0,0.0,0.0,0.0,0.0,0.0,0.657701,0.657701,0.657701,0.657701,0.657701,0.657701,259.0,169.0,122.0,155.0
刘驾,刘驾,大样本,74,730,True,True,16,21.91780821917808,15,20.27027027027027,0,0.0,0,0.0,0,0.0,0,0.0,0,0.0,0,0.0,0.0,0.0,0.0,0.0,0.657631625,0.6554375,0.731622,0.6565464,0.654518,0.731622,259.0,169.0,122.0,155.0
宣宗宫人,宣宗宫人,小样本,1,4,False,False,1,250.0,1,100.0,0,0.0,0,0.0,0,0.0,0,0.0,0,0.0,0,0.0,0.0,0.0,0.0,0.0,0.657616,0.657616,0.657616,0.657616,0.657616,0.657616,259.0,,,
房孺复,房孺复,小样本,1,8,False,False,1,125.0,1,100.0,0,0.0,0,0.0,0,0.0,0,0.0,0,0.0,0,0.0,0.0,0.0,0.0,0.0,0.657348,0.657348,0.657348,0.657348,0.657348,0.657348,259.0,,,
冯道,冯道,小样本,6,54,False,False,5,92.59259259259258,3,50.0,0,0.0,0,0.0,0,0.0,0,0.0,0,0.0,0,0.0,0.0,0.0,0.0,0.0,0.6573378,0.655078,0.690449,0.6616430000000001,0.655078,0.690449,259.0,,,
乔备,乔备,小样本,3,24,False,False,1,41.666666666666664,1,33.33333333333333,0,0.0,0,0.0,0,0.0,0,0.0,0,0.0,0,0.0,0.0,0.0,0.0,0.0,0.657335,0.657335,0.657335,0.657335,0.657335,0.657335,259.0,,,
窦参,窦参,小样本,3,44,False,False,3,68.18181818181817,3,100.0,0,0.0,0,0.0,0,0.0,0,0.0,0,0.0,0,0.0,0.0,0.0,0.0,0.0,0.6572239999999999,0.676786,0.694292,0.6572239999999999,0.676786,0.694292,259.0,,,
滕倪,滕倪,小样本,2,12,False,False,1,83.33333333333333,1,50.0,0,0.0,0,0.0,0,0.0,0,0.0,0,0.0,0,0.0,0.0,0.0,0.0,0.0,0.657159,0.657159,0.657159,0.657159,0.657159,0.657159,259.0,,,
韦蟾,韦蟾,稳健样本,10,100,True,False,2,20.0,2,20.0,0,0.0,0,0.0,0,0.0,0,0.0,0,0.0,0,0.0,0.0,0.0,0.0,0.0,0.657151,0.657151,0.674422,0.657151,0.657151,0.674422,259.0,169.0,122.0,155.0
唐备,唐备,小样本,2,12,False,False,1,83.33333333333333,1,50.0,0,0.0,0,0.0,0,0.0,0,0.0,0,0.0,0,0.0,0.0,0.0,0.0,0.0,0.657104,0.657104,0.657104,0.657104,0.657104,0.657104,259.0,,,
赵彦昭,赵彦昭,稳健样本,22,168,True,False,4,23.809523809523807,4,18.181818181818183,0,0.0,0,0.0,0,0.0,0,0.0,0,0.0,0,0.0,0.0,0.0,0.0,0.0,0.65703675,0.654141,0.695935,0.65703675,0.654141,0.695935,259.0,169.0,122.0,155.0
祖咏,祖咏,稳健样本,37,331,True,False,7,21.148036253776436,6,16.216216216216218,0,0.0,0,0.0,0,0.0,0,0.0,0,0.0,0,0.0,0.0,0.0,0.0,0.0,0.6570128571428572,0.641151,0.72151,0.6516083333333333,0.6400205,0.72151,259.0,169.0,122.0,155.0
费冠卿,费冠卿,稳健样本,10,106,True,False,5,47.16981132075472,2,20.0,0,0.0,0,0.0,0,0.0,0,0.0,0,0.0,0,0.0,0.0,0.0,0.0,0.0,0.657002,0.665141,0.717057,0.696502,0.696502,0.717057,259.0,169.0,122.0,155.0
周存,周存,小样本,2,24,False,False,1,41.666666666666664,1,50.0,0,0.0,0,0.0,0,0.0,0,0.0,0,0.0,0,0.0,0.0,0.0,0.0,0.0,0.656436,0.656436,0.656436,0.656436,0.656436,0.656436,259.0,,,
樊珣,樊珣,小样本,2,9,False,False,2,222.2222222222222,2,100.0,0,0.0,0,0.0,0,0.0,0,0.0,0,0.0,0,0.0,0.0,0.0,0.0,0.0,0.65585,0.65585,0.706826,0.65585,0.65585,0.706826,259.0,,,
杨巨源,杨巨源,小样本,6,70,False,False,1,14.285714285714285,1,16.666666666666664,0,0.0,0,0.0,0,0.0,0,0.0,0,0.0,0,0.0,0.0,0.0,0.0,0.0,0.655748,0.655748,0.655748,0.655748,0.655748,0.655748,259.0,,,
赵冬曦,赵冬曦,稳健样本,17,208,True,False,4,19.230769230769234,4,23.52941176470588,0,0.0,0,0.0,0,0.0,0,0.0,0,0.0,0,0.0,0.0,0.0,0.0,0.0,0.65570125,0.668922,0.711519,0.65570125,0.668922,0.711519,259.0,169.0,122.0,155.0
杜淹,杜淹,小样本,3,40,False,False,1,25.0,1,33.33333333333333,0,0.0,0,0.0,0,0.0,0,0.0,0,0.0,0,0.0,0.0,0.0,0.0,0.0,0.655476,0.655476,0.655476,0.655476,0.655476,0.655476,259.0,,,
马怀素,马怀素,稳健样本,12,88,True,False,1,11.363636363636363,1,8.333333333333332,0,0.0,0,0.0,0,0.0,0,0.0,0,0.0,0,0.0,0.0,0.0,0.0,0.0,0.655387,0.655387,0.655387,0.655387,0.655387,0.655387,259.0,169.0,122.0,155.0
沈颂,沈颂,小样本,6,46,False,False,2,43.47826086956522,2,33.33333333333333,0,0.0,0,0.0,0,0.0,0,0.0,0,0.0,0,0.0,0.0,0.0,0.0,0.0,0.655373,0.655373,0.669122,0.655373,0.655373,0.669122,259.0,,,
林宽,林宽,稳健样本,33,268,True,False,7,26.119402985074625,6,18.181818181818183,0,0.0,0,0.0,0,0.0,0,0.0,0,0.0,0,0.0,0.0,0.0,0.0,0.0,0.6553332857142857,0.643139,0.707132,0.66049,0.6531994999999999,0.707132,259.0,169.0,122.0,155.0
王缙,王缙,小样本,9,74,False,False,2,27.027027027027028,2,22.22222222222222,0,0.0,0,0.0,0,0.0,0,0.0,0,0.0,0,0.0,0.0,0.0,0.0,0.0,0.655117,0.655117,0.668911,0.655117,0.655117,0.668911,259.0,,,
郑琼罗,郑琼罗,小样本,1,4,False,False,1,250.0,1,100.0,0,0.0,0,0.0,0,0.0,0,0.0,0,0.0,0,0.0,0.0,0.0,0.0,0.0,0.6551,0.6551,0.6551,0.6551,0.6551,0.6551,259.0,,,
常雅,常雅,小样本,1,4,False,False,1,250.0,1,100.0,0,0.0,0,0.0,0,0.0,0,0.0,0,0.0,0,0.0,0.0,0.0,0.0,0.0,0.655071,0.655071,0.655071,0.655071,0.655071,0.655071,259.0,,,
韩常侍,韩常侍,小样本,4,14,False,False,1,71.42857142857143,1,25.0,0,0.0,0,0.0,0,0.0,0,0.0,0,0.0,0,0.0,0.0,0.0,0.0,0.0,0.654941,0.654941,0.654941,0.654941,0.654941,0.654941,259.0,,,
万楚,万楚,小样本,9,84,False,False,2,23.809523809523807,2,22.22222222222222,0,0.0,0,0.0,0,0.0,0,0.0,0,0.0,0,0.0,0.0,0.0,0.0,0.0,0.6546945,0.6546945,0.699899,0.6546945,0.6546945,0.699899,259.0,,,
李適,李適,稳健样本,17,152,True,False,1,6.578947368421052,1,5.88235294117647,0,0.0,0,0.0,0,0.0,0,0.0,0,0.0,0,0.0,0.0,0.0,0.0,0.0,0.654689,0.654689,0.654689,0.654689,0.654689,0.654689,259.0,169.0,122.0,155.0
蒋冽,蒋冽,小样本,7,74,False,False,1,13.513513513513514,1,14.285714285714285,0,0.0,0,0.0,0,0.0,0,0.0,0,0.0,0,0.0,0.0,0.0,0.0,0.0,0.654352,0.654352,0.654352,0.654352,0.654352,0.654352,259.0,,,
何兆,何兆,小样本,3,11,False,False,1,90.9090909090909,1,33.33333333333333,0,0.0,0,0.0,0,0.0,0,0.0,0,0.0,0,0.0,0.0,0.0,0.0,0.0,0.654235,0.654235,0.654235,0.654235,0.654235,0.654235,259.0,,,
崔曙,崔曙,稳健样本,15,146,True,False,2,13.698630136986301,2,13.333333333333334,0,0.0,0,0.0,0,0.0,0,0.0,0,0.0,0,0.0,0.0,0.0,0.0,0.0,0.654146,0.654146,0.676631,0.654146,0.654146,0.676631,259.0,169.0,122.0,155.0
王锴,王锴,小样本,1,8,False,False,1,125.0,1,100.0,0,0.0,0,0.0,0,0.0,0,0.0,0,0.0,0,0.0,0.0,0.0,0.0,0.0,0.653929,0.653929,0.653929,0.653929,0.653929,0.653929,259.0,,,
刘威,刘威,稳健样本,27,216,True,False,3,13.888888888888888,3,11.11111111111111,0,0.0,0,0.0,0,0.0,0,0.0,0,0.0,0,0.0,0.0,0.0,0.0,0.0,0.653901,0.653664,0.719781,0.653901,0.653664,0.719781,259.0,169.0,122.0,155.0
彭蟾,彭蟾,小样本,1,8,False,False,1,125.0,1,100.0,0,0.0,0,0.0,0,0.0,0,0.0,0,0.0,0,0.0,0.0,0.0,0.0,0.0,0.653867,0.653867,0.653867,0.653867,0.653867,0.653867,259.0,,,
潘佑,潘佑,小样本,5,23,False,False,1,43.47826086956522,1,20.0,0,0.0,0,0.0,0,0.0,0,0.0,0,0.0,0,0.0,0.0,0.0,0.0,0.0,0.653623,0.653623,0.653623,0.653623,0.653623,0.653623,259.0,,,
谦光,谦光,小样本,1,9,False,False,1,111.1111111111111,1,100.0,0,0.0,0,0.0,0,0.0,0,0.0,0,0.0,0,0.0,0.0,0.0,0.0,0.0,0.653583,0.653583,0.653583,0.653583,0.653583,0.653583,259.0,,,
顾甄远,顾甄远,小样本,1,36,False,False,1,27.777777777777775,1,100.0,0,0.0,0,0.0,0,0.0,0,0.0,0,0.0,0,0.0,0.0,0.0,0.0,0.0,0.653552,0.653552,0.653552,0.653552,0.653552,0.653552,259.0,,,
汪遵,汪遵,稳健样本,60,244,True,False,9,36.885245901639344,8,13.333333333333334,0,0.0,0,0.0,0,0.0,0,0.0,0,0.0,0,0.0,0.0,0.0,0.0,0.0,0.6534112222222223,0.6606,0.680966,0.653420375,0.6679005,0.680966,259.0,169.0,122.0,155.0
卢汝弼,卢汝弼,小样本,5,48,False,False,1,20.833333333333332,1,20.0,0,0.0,0,0.0,0,0.0,0,0.0,0,0.0,0,0.0,0.0,0.0,0.0,0.0,0.653334,0.653334,0.653334,0.653334,0.653334,0.653334,259.0,,,
顾非熊,顾非熊,大样本,72,568,True,True,5,8.802816901408452,5,6.944444444444445,0,0.0,0,0.0,0,0.0,0,0.0,0,0.0,0,0.0,0.0,0.0,0.0,0.0,0.6532954,0.655837,0.73048,0.6532954,0.655837,0.73048,259.0,169.0,122.0,155.0
张光朝,张光朝,小样本,2,36,False,False,1,27.777777777777775,1,50.0,0,0.0,0,0.0,0,0.0,0,0.0,0,0.0,0,0.0,0.0,0.0,0.0,0.0,0.653174,0.653174,0.653174,0.653174,0.653174,0.653174,259.0,,,
崔敏童,崔敏童,小样本,1,4,False,False,1,250.0,1,100.0,0,0.0,0,0.0,0,0.0,0,0.0,0,0.0,0,0.0,0.0,0.0,0.0,0.0,0.653151,0.653151,0.653151,0.653151,0.653151,0.653151,259.0,,,
郑遨,郑遨,稳健样本,15,93,True,False,5,53.763440860215056,4,26.666666666666668,0,0.0,0,0.0,0,0.0,0,0.0,0,0.0,0,0.0,0.0,0.0,0.0,0.0,0.653137,0.659142,0.683763,0.6615725,0.6662680000000001,0.683763,259.0,169.0,122.0,155.0
栖白,栖白,稳健样本,16,116,True,False,1,8.620689655172413,1,6.25,0,0.0,0,0.0,0,0.0,0,0.0,0,0.0,0,0.0,0.0,0.0,0.0,0.0,0.653103,0.653103,0.653103,0.653103,0.653103,0.653103,259.0,169.0,122.0,155.0
李昌符,李昌符,稳健样本,35,268,True,False,4,14.925373134328359,4,11.428571428571429,0,0.0,0,0.0,0,0.0,0,0.0,0,0.0,0,0.0,0.0,0.0,0.0,0.0,0.65284575,0.6502025,0.731809,0.65284575,0.6502025,0.731809,259.0,169.0,122.0,155.0
丘光庭,丘光庭,小样本,2,56,False,False,1,17.857142857142858,1,50.0,0,0.0,0,0.0,0,0.0,0,0.0,0,0.0,0,0.0,0.0,0.0,0.0,0.0,0.652816,0.652816,0.652816,0.652816,0.652816,0.652816,259.0,,,
王諲,王諲,小样本,7,74,False,False,1,13.513513513513514,1,14.285714285714285,0,0.0,0,0.0,0,0.0,0,0.0,0,0.0,0,0.0,0.0,0.0,0.0,0.0,0.652594,0.652594,0.652594,0.652594,0.652594,0.652594,259.0,,,
中寤,中寤,小样本,1,8,False,False,1,125.0,1,100.0,0,0.0,0,0.0,0,0.0,0,0.0,0,0.0,0,0.0,0.0,0.0,0.0,0.0,0.652561,0.652561,0.652561,0.652561,0.652561,0.652561,259.0,,,
吉师老,吉师老,小样本,4,24,False,False,1,41.666666666666664,1,25.0,0,0.0,0,0.0,0,0.0,0,0.0,0,0.0,0,0.0,0.0,0.0,0.0,0.0,0.652433,0.652433,0.652433,0.652433,0.652433,0.652433,259.0,,,
王鲁复,王鲁复,小样本,4,16,False,False,1,62.5,1,25.0,0,0.0,0,0.0,0,0.0,0,0.0,0,0.0,0,0.0,0.0,0.0,0.0,0.0,0.652135,0.652135,0.652135,0.652135,0.652135,0.652135,259.0,,,
阎朝隐,阎朝隐,稳健样本,15,134,True,False,8,59.701492537313435,6,40.0,0,0.0,0,0.0,0,0.0,0,0.0,0,0.0,0,0.0,0.0,0.0,0.0,0.0,0.6513955,0.6692130000000001,0.729138,0.654928,0.6692130000000001,0.729138,259.0,169.0,122.0,155.0
刘gL,刘gL,小样本,1,8,False,False,1,125.0,1,100.0,0,0.0,0,0.0,0,0.0,0,0.0,0,0.0,0,0.0,0.0,0.0,0.0,0.0,0.651317,0.651317,0.651317,0.651317,0.651317,0.651317,259.0,,,
刘蕃,刘蕃,小样本,2,9,False,False,2,222.2222222222222,1,50.0,0,0.0,0,0.0,0,0.0,0,0.0,0,0.0,0,0.0,0.0,0.0,0.0,0.0,0.651083,0.651083,0.661994,0.661994,0.661994,0.661994,259.0,,,
崔峒,崔峒,稳健样本,48,372,True,False,8,21.505376344086024,6,12.5,0,0.0,0,0.0,0,0.0,0,0.0,0,0.0,0,0.0,0.0,0.0,0.0,0.0,0.651023375,0.635284,0.739096,0.6574306666666666,0.635284,0.739096,259.0,169.0,122.0,155.0
常衮,常衮,稳健样本,10,148,True,False,3,20.27027027027027,3,30.0,0,0.0,0,0.0,0,0.0,0,0.0,0,0.0,0,0.0,0.0,0.0,0.0,0.0,0.6505543333333333,0.627121,0.733722,0.6505543333333333,0.627121,0.733722,259.0,169.0,122.0,155.0
沈亚之,沈亚之,稳健样本,26,261,True,False,1,3.8314176245210727,1,3.8461538461538463,0,0.0,0,0.0,0,0.0,0,0.0,0,0.0,0,0.0,0.0,0.0,0.0,0.0,0.649908,0.649908,0.649908,0.649908,0.649908,0.649908,259.0,169.0,122.0,155.0
郑嵎,郑嵎,小样本,1,200,False,False,6,30.0,1,100.0,0,0.0,0,0.0,0,0.0,0,0.0,0,0.0,0,0.0,0.0,0.0,0.0,0.0,0.6496190000000001,0.6368050000000001,0.715468,0.715468,0.715468,0.715468,259.0,,,
吉中孚妻,吉中孚妻,小样本,1,16,False,False,1,62.5,1,100.0,0,0.0,0,0.0,0,0.0,0,0.0,0,0.0,0,0.0,0.0,0.0,0.0,0.0,0.649443,0.649443,0.649443,0.649443,0.649443,0.649443,259.0,,,
蒋贻恭,蒋贻恭,小样本,10,48,False,False,2,41.666666666666664,2,20.0,0,0.0,0,0.0,0,0.0,0,0.0,0,0.0,0,0.0,0.0,0.0,0.0,0.0,0.649223,0.649223,0.722851,0.649223,0.649223,0.722851,259.0,,,
王琚,王琚,小样本,4,64,False,False,3,46.875,3,75.0,0,0.0,0,0.0,0,0.0,0,0.0,0,0.0,0,0.0,0.0,0.0,0.0,0.0,0.6491803333333334,0.644807,0.689474,0.6491803333333334,0.644807,0.689474,259.0,,,
方壶居士,方壶居士,小样本,2,8,False,False,1,125.0,1,50.0,0,0.0,0,0.0,0,0.0,0,0.0,0,0.0,0,0.0,0.0,0.0,0.0,0.0,0.648964,0.648964,0.648964,0.648964,0.648964,0.648964,259.0,,,
韩琮,韩琮,稳健样本,25,188,True,False,5,26.595744680851062,5,20.0,0,0.0,0,0.0,0,0.0,0,0.0,0,0.0,0,0.0,0.0,0.0,0.0,0.0,0.648609,0.661685,0.727161,0.648609,0.661685,0.727161,259.0,169.0,122.0,155.0
庄南杰,庄南杰,稳健样本,13,118,True,False,3,25.423728813559325,3,23.076923076923077,0,0.0,0,0.0,0,0.0,0,0.0,0,0.0,0,0.0,0.0,0.0,0.0,0.0,0.648127,0.62117,0.702041,0.648127,0.62117,0.702041,259.0,169.0,122.0,155.0
张继,张继,稳健样本,49,318,True,False,4,12.578616352201259,4,8.16326530612245,0,0.0,0,0.0,0,0.0,0,0.0,0,0.0,0,0.0,0.0,0.0,0.0,0.0,0.6477625,0.6435405000000001,0.697151,0.6477625,0.6435405000000001,0.697151,259.0,169.0,122.0,155.0
阎防,阎防,小样本,6,72,False,False,3,41.666666666666664,1,16.666666666666664,0,0.0,0,0.0,0,0.0,0,0.0,0,0.0,0,0.0,0.0,0.0,0.0,0.0,0.6465489999999999,0.615804,0.708102,0.708102,0.708102,0.708102,259.0,,,
吴越僧,吴越僧,小样本,1,48,False,False,2,41.666666666666664,1,100.0,0,0.0,0,0.0,0,0.0,0,0.0,0,0.0,0,0.0,0.0,0.0,0.0,0.0,0.6462140000000001,0.6462140000000001,0.648117,0.648117,0.648117,0.648117,259.0,,,
殷少野,殷少野,小样本,1,8,False,False,1,125.0,1,100.0,0,0.0,0,0.0,0,0.0,0,0.0,0,0.0,0,0.0,0.0,0.0,0.0,0.0,0.646188,0.646188,0.646188,0.646188,0.646188,0.646188,259.0,,,
李愿,李愿,小样本,2,12,False,False,1,83.33333333333333,1,50.0,0,0.0,0,0.0,0,0.0,0,0.0,0,0.0,0,0.0,0.0,0.0,0.0,0.0,0.646129,0.646129,0.646129,0.646129,0.646129,0.646129,259.0,,,
顾夐,顾夐,稳健样本,17,320,True,False,3,9.375,3,17.647058823529413,0,0.0,0,0.0,0,0.0,0,0.0,0,0.0,0,0.0,0.0,0.0,0.0,0.0,0.6460933333333333,0.648065,0.690442,0.6460933333333333,0.648065,0.690442,259.0,169.0,122.0,155.0
李百药,李百药,稳健样本,29,331,True,False,2,6.042296072507553,2,6.896551724137931,0,0.0,0,0.0,0,0.0,0,0.0,0,0.0,0,0.0,0.0,0.0,0.0,0.0,0.646033,0.646033,0.675824,0.646033,0.646033,0.675824,259.0,169.0,122.0,155.0
子兰,子兰,稳健样本,25,171,True,False,3,17.543859649122805,3,12.0,0,0.0,0,0.0,0,0.0,0,0.0,0,0.0,0,0.0,0.0,0.0,0.0,0.0,0.6459116666666667,0.613294,0.724668,0.6459116666666667,0.613294,0.724668,259.0,169.0,122.0,155.0
孙顾,孙顾,小样本,1,12,False,False,2,166.66666666666666,1,100.0,0,0.0,0,0.0,0,0.0,0,0.0,0,0.0,0,0.0,0.0,0.0,0.0,0.0,0.6457975,0.6457975,0.660292,0.660292,0.660292,0.660292,259.0,,,
张夫人,张夫人,小样本,6,48,False,False,2,41.666666666666664,2,33.33333333333333,0,0.0,0,0.0,0,0.0,0,0.0,0,0.0,0,0.0,0.0,0.0,0.0,0.0,0.645319,0.645319,0.649443,0.645319,0.645319,0.649443,259.0,,,
黎瓘,黎瓘,小样本,1,4,False,False,1,250.0,1,100.0,0,0.0,0,0.0,0,0.0,0,0.0,0,0.0,0,0.0,0.0,0.0,0.0,0.0,0.644923,0.644923,0.644923,0.644923,0.644923,0.644923,259.0,,,
项斯,项斯,大样本,98,796,True,True,10,12.56281407035176,10,10.204081632653061,0,0.0,0,0.0,0,0.0,0,0.0,0,0.0,0,0.0,0.0,0.0,0.0,0.0,0.64455,0.627586,0.70659,0.64455,0.627586,0.70659,259.0,169.0,122.0,155.0
翁绶,翁绶,稳健样本,15,114,True,False,5,43.859649122807014,5,33.33333333333333,0,0.0,0,0.0,0,0.0,0,0.0,0,0.0,0,0.0,0.0,0.0,0.0,0.0,0.6443514,0.653691,0.671347,0.6443514,0.653691,0.671347,259.0,169.0,122.0,155.0
张乔,张乔,大样本,168,1270,True,True,11,8.661417322834646,11,6.547619047619048,0,0.0,0,0.0,0,0.0,0,0.0,0,0.0,0,0.0,0.0,0.0,0.0,0.0,0.6436922727272727,0.63675,0.717965,0.6436922727272727,0.63675,0.717965,259.0,169.0,122.0,155.0
高骈,高骈,稳健样本,49,240,True,False,12,50.0,11,22.448979591836736,0,0.0,0,0.0,0,0.0,0,0.0,0,0.0,0,0.0,0.0,0.0,0.0,0.0,0.64343425,0.6531750000000001,0.681156,0.6539239090909091,0.655253,0.681156,259.0,169.0,122.0,155.0
封抱一,封抱一,小样本,1,4,False,False,1,250.0,1,100.0,0,0.0,0,0.0,0,0.0,0,0.0,0,0.0,0,0.0,0.0,0.0,0.0,0.0,0.643432,0.643432,0.643432,0.643432,0.643432,0.643432,259.0,,,
宋齐丘,宋齐丘,小样本,4,82,False,False,1,12.195121951219512,1,25.0,0,0.0,0,0.0,0,0.0,0,0.0,0,0.0,0,0.0,0.0,0.0,0.0,0.0,0.643373,0.643373,0.643373,0.643373,0.643373,0.643373,259.0,,,
王zr,王zr,小样本,1,27,False,False,2,74.07407407407408,1,100.0,0,0.0,0,0.0,0,0.0,0,0.0,0,0.0,0,0.0,0.0,0.0,0.0,0.0,0.643344,0.643344,0.643897,0.643897,0.643897,0.643897,259.0,,,
于頔,于頔,小样本,2,52,False,False,1,19.230769230769234,1,50.0,0,0.0,0,0.0,0,0.0,0,0.0,0,0.0,0,0.0,0.0,0.0,0.0,0.0,0.643269,0.643269,0.643269,0.643269,0.643269,0.643269,259.0,,,
李建勋,李建勋,大样本,89,739,True,True,21,28.416779431664413,16,17.97752808988764,0,0.0,0,0.0,0,0.0,0,0.0,0,0.0,0,0.0,0.0,0.0,0.0,0.0,0.6432245714285715,0.648299,0.732163,0.6496014375,0.6510849999999999,0.732163,259.0,169.0,122.0,155.0
韦承庆,韦承庆,小样本,8,70,False,False,1,14.285714285714285,1,12.5,0,0.0,0,0.0,0,0.0,0,0.0,0,0.0,0,0.0,0.0,0.0,0.0,0.0,0.643154,0.643154,0.643154,0.643154,0.643154,0.643154,259.0,,,
刘沧,刘沧,大样本,102,810,True,True,7,8.641975308641975,7,6.862745098039216,0,0.0,0,0.0,0,0.0,0,0.0,0,0.0,0,0.0,0.0,0.0,0.0,0.0,0.6430294285714285,0.652691,0.714013,0.6430294285714285,0.652691,0.714013,259.0,169.0,122.0,155.0
周朴,周朴,稳健样本,46,350,True,False,9,25.714285714285715,9,19.565217391304348,0,0.0,0,0.0,0,0.0,0,0.0,0,0.0,0,0.0,0.0,0.0,0.0,0.0,0.6426013333333334,0.617123,0.722298,0.6426013333333334,0.617123,0.722298,259.0,169.0,122.0,155.0
王喦,王喦,小样本,6,24,False,False,2,83.33333333333333,1,16.666666666666664,0,0.0,0,0.0,0,0.0,0,0.0,0,0.0,0,0.0,0.0,0.0,0.0,0.0,0.6425700000000001,0.6425700000000001,0.660834,0.660834,0.660834,0.660834,259.0,,,
王周,王周,稳健样本,53,476,True,False,8,16.80672268907563,7,13.20754716981132,0,0.0,0,0.0,0,0.0,0,0.0,0,0.0,0,0.0,0.0,0.0,0.0,0.0,0.6424544999999999,0.6422205,0.710004,0.6471674285714286,0.650972,0.710004,259.0,169.0,122.0,155.0
李韶,李韶,小样本,1,4,False,False,1,250.0,1,100.0,0,0.0,0,0.0,0,0.0,0,0.0,0,0.0,0,0.0,0.0,0.0,0.0,0.0,0.642325,0.642325,0.642325,0.642325,0.642325,0.642325,259.0,,,
郭邕,郭邕,小样本,1,12,False,False,1,83.33333333333333,1,100.0,0,0.0,0,0.0,0,0.0,0,0.0,0,0.0,0,0.0,0.0,0.0,0.0,0.0,0.642317,0.642317,0.642317,0.642317,0.642317,0.642317,259.0,,,
杨逵,杨逵,小样本,1,8,False,False,1,125.0,1,100.0,0,0.0,0,0.0,0,0.0,0,0.0,0,0.0,0,0.0,0.0,0.0,0.0,0.0,0.642314,0.642314,0.642314,0.642314,0.642314,0.642314,259.0,,,
刘三复,刘三复,小样本,1,8,False,False,1,125.0,1,100.0,0,0.0,0,0.0,0,0.0,0,0.0,0,0.0,0,0.0,0.0,0.0,0.0,0.0,0.642287,0.642287,0.642287,0.642287,0.642287,0.642287,259.0,,,
王镣,王镣,小样本,1,4,False,False,1,250.0,1,100.0,0,0.0,0,0.0,0,0.0,0,0.0,0,0.0,0,0.0,0.0,0.0,0.0,0.0,0.64211,0.64211,0.64211,0.64211,0.64211,0.64211,259.0,,,
郑概,郑概,小样本,2,9,False,False,1,111.1111111111111,1,50.0,0,0.0,0,0.0,0,0.0,0,0.0,0,0.0,0,0.0,0.0,0.0,0.0,0.0,0.641869,0.641869,0.641869,0.641869,0.641869,0.641869,259.0,,,
梁知微,梁知微,小样本,1,16,False,False,1,62.5,1,100.0,0,0.0,0,0.0,0,0.0,0,0.0,0,0.0,0,0.0,0.0,0.0,0.0,0.0,0.641865,0.641865,0.641865,0.641865,0.641865,0.641865,259.0,,,
许碏,许碏,小样本,2,18,False,False,4,222.2222222222222,1,50.0,0,0.0,0,0.0,0,0.0,0,0.0,0,0.0,0,0.0,0.0,0.0,0.0,0.0,0.6416475,0.656608,0.711891,0.711891,0.711891,0.711891,259.0,,,
裴说,裴说,稳健样本,52,428,True,False,5,11.682242990654204,5,9.615384615384617,0,0.0,0,0.0,0,0.0,0,0.0,0,0.0,0,0.0,0.0,0.0,0.0,0.0,0.6416048,0.650983,0.714686,0.6416048,0.650983,0.714686,259.0,169.0,122.0,155.0
刘叉,刘叉,稳健样本,27,280,True,False,8,28.57142857142857,7,25.925925925925924,0,0.0,0,0.0,0,0.0,0,0.0,0,0.0,0,0.0,0.0,0.0,0.0,0.0,0.641515625,0.6305045,0.739084,0.6545611428571428,0.638094,0.739084,259.0,169.0,122.0,155.0
宋务光,宋务光,小样本,1,32,False,False,1,31.25,1,100.0,0,0.0,0,0.0,0,0.0,0,0.0,0,0.0,0,0.0,0.0,0.0,0.0,0.0,0.641343,0.641343,0.641343,0.641343,0.641343,0.641343,259.0,,,
张仲素,张仲素,稳健样本,30,256,True,False,8,31.25,7,23.333333333333332,0,0.0,0,0.0,0,0.0,0,0.0,0,0.0,0,0.0,0.0,0.0,0.0,0.0,0.641202625,0.6496249999999999,0.721537,0.6441037142857143,0.673819,0.721537,259.0,169.0,122.0,155.0
窦巩,窦巩,稳健样本,40,228,True,False,3,13.157894736842104,3,7.5,0,0.0,0,0.0,0,0.0,0,0.0,0,0.0,0,0.0,0.0,0.0,0.0,0.0,0.6408746666666666,0.634936,0.693222,0.6408746666666666,0.634936,0.693222,259.0,169.0,122.0,155.0
许敬宗,许敬宗,稳健样本,28,374,True,False,4,10.695187165775401,4,14.285714285714285,0,0.0,0,0.0,0,0.0,0,0.0,0,0.0,0,0.0,0.0,0.0,0.0,0.0,0.640738,0.6484405,0.687381,0.640738,0.6484405,0.687381,259.0,169.0,122.0,155.0
阎宽,阎宽,小样本,5,42,False,False,3,71.42857142857143,3,60.0,0,0.0,0,0.0,0,0.0,0,0.0,0,0.0,0,0.0,0.0,0.0,0.0,0.0,0.6402739999999999,0.65559,0.677553,0.6402739999999999,0.65559,0.677553,259.0,,,
陆坚,陆坚,小样本,2,16,False,False,1,62.5,1,50.0,0,0.0,0,0.0,0,0.0,0,0.0,0,0.0,0,0.0,0.0,0.0,0.0,0.0,0.640122,0.640122,0.640122,0.640122,0.640122,0.640122,259.0,,,
关盼盼,关盼盼,小样本,3,18,False,False,1,55.55555555555555,1,33.33333333333333,0,0.0,0,0.0,0,0.0,0,0.0,0,0.0,0,0.0,0.0,0.0,0.0,0.0,0.64005,0.64005,0.64005,0.64005,0.64005,0.64005,259.0,,,
韦元旦,韦元旦,稳健样本,10,80,True,False,3,37.5,3,30.0,0,0.0,0,0.0,0,0.0,0,0.0,0,0.0,0,0.0,0.0,0.0,0.0,0.0,0.639866,0.627746,0.669456,0.639866,0.627746,0.669456,259.0,169.0,122.0,155.0
邬载,邬载,小样本,1,20,False,False,1,50.0,1,100.0,0,0.0,0,0.0,0,0.0,0,0.0,0,0.0,0,0.0,0.0,0.0,0.0,0.0,0.639741,0.639741,0.639741,0.639741,0.639741,0.639741,259.0,,,
崔涂,崔涂,大样本,101,724,True,True,14,19.337016574585636,14,13.861386138613863,0,0.0,0,0.0,0,0.0,0,0.0,0,0.0,0,0.0,0.0,0.0,0.0,0.0,0.6394337857142858,0.6462680000000001,0.710067,0.6394337857142858,0.6462680000000001,0.710067,259.0,169.0,122.0,155.0
孙鲂,孙鲂,稳健样本,22,346,True,False,7,20.23121387283237,7,31.818181818181817,0,0.0,0,0.0,0,0.0,0,0.0,0,0.0,0,0.0,0.0,0.0,0.0,0.0,0.6391068571428572,0.594219,0.732827,0.6391068571428572,0.594219,0.732827,259.0,169.0,122.0,155.0
窦冀,窦冀,小样本,1,31,False,False,3,96.77419354838709,1,100.0,0,0.0,0,0.0,0,0.0,0,0.0,0,0.0,0,0.0,0.0,0.0,0.0,0.0,0.6389713333333332,0.67482,0.703089,0.703089,0.703089,0.703089,259.0,,,
施肩吾,施肩吾,大样本,195,942,True,True,33,35.031847133757964,31,15.897435897435896,0,0.0,0,0.0,0,0.0,0,0.0,0,0.0,0,0.0,0.0,0.0,0.0,0.0,0.6389469999999999,0.635519,0.712808,0.638507935483871,0.635519,0.712808,259.0,169.0,122.0,155.0
严维,严维,大样本,68,587,True,True,10,17.035775127768314,9,13.23529411764706,0,0.0,0,0.0,0,0.0,0,0.0,0,0.0,0,0.0,0.0,0.0,0.0,0.0,0.6387756,0.6325935,0.721856,0.6435022222222222,0.653322,0.721856,259.0,169.0,122.0,155.0
李希仲,李希仲,小样本,3,40,False,False,1,25.0,1,33.33333333333333,0,0.0,0,0.0,0,0.0,0,0.0,0,0.0,0,0.0,0.0,0.0,0.0,0.0,0.638578,0.638578,0.638578,0.638578,0.638578,0.638578,259.0,,,
任翻,任翻,稳健样本,18,128,True,False,4,31.25,3,16.666666666666664,0,0.0,0,0.0,0,0.0,0,0.0,0,0.0,0,0.0,0.0,0.0,0.0,0.0,0.63856275,0.6340220000000001,0.691945,0.631709,0.60892,0.691945,259.0,169.0,122.0,155.0
来鹄,来鹄,稳健样本,29,326,True,False,4,12.269938650306749,2,6.896551724137931,0,0.0,0,0.0,0,0.0,0,0.0,0,0.0,0,0.0,0.0,0.0,0.0,0.0,0.63841525,0.6381895,0.66903,0.6625755,0.6625755,0.66903,259.0,169.0,122.0,155.0
石倚,石倚,小样本,1,12,False,False,1,83.33333333333333,1,100.0,0,0.0,0,0.0,0,0.0,0,0.0,0,0.0,0,0.0,0.0,0.0,0.0,0.0,0.638389,0.638389,0.638389,0.638389,0.638389,0.638389,259.0,,,
钱镠,钱镠,小样本,3,16,False,False,1,62.5,1,33.33333333333333,0,0.0,0,0.0,0,0.0,0,0.0,0,0.0,0,0.0,0.0,0.0,0.0,0.0,0.638373,0.638373,0.638373,0.638373,0.638373,0.638373,259.0,,,
唐尧臣,唐尧臣,小样本,1,36,False,False,3,83.33333333333333,1,100.0,0,0.0,0,0.0,0,0.0,0,0.0,0,0.0,0,0.0,0.0,0.0,0.0,0.0,0.6383356666666667,0.634952,0.659891,0.659891,0.659891,0.659891,259.0,,,
崔日知,崔日知,小样本,2,64,False,False,2,31.25,1,50.0,0,0.0,0,0.0,0,0.0,0,0.0,0,0.0,0,0.0,0.0,0.0,0.0,0.0,0.637967,0.637967,0.692982,0.692982,0.692982,0.692982,259.0,,,
孙逖,孙逖,大样本,61,630,True,True,14,22.22222222222222,10,16.39344262295082,0,0.0,0,0.0,0,0.0,0,0.0,0,0.0,0,0.0,0.0,0.0,0.0,0.0,0.6375657142857143,0.6439405,0.718913,0.6534105,0.6609395,0.718913,259.0,169.0,122.0,155.0
王延彬,王延彬,小样本,2,12,False,False,1,83.33333333333333,1,50.0,0,0.0,0,0.0,0,0.0,0,0.0,0,0.0,0,0.0,0.0,0.0,0.0,0.0,0.637301,0.637301,0.637301,0.637301,0.637301,0.637301,259.0,,,
唐温如,唐温如,小样本,1,4,False,False,2,500.0,1,100.0,0,0.0,0,0.0,0,0.0,0,0.0,0,0.0,0,0.0,0.0,0.0,0.0,0.0,0.6367845,0.6367845,0.664342,0.664342,0.664342,0.664342,259.0,,,
萧仿,萧仿,小样本,3,24,False,False,1,41.666666666666664,1,33.33333333333333,0,0.0,0,0.0,0,0.0,0,0.0,0,0.0,0,0.0,0.0,0.0,0.0,0.0,0.636745,0.636745,0.636745,0.636745,0.636745,0.636745,259.0,,,
秦系,秦系,稳健样本,38,264,True,False,6,22.727272727272727,6,15.789473684210526,0,0.0,0,0.0,0,0.0,0,0.0,0,0.0,0,0.0,0.0,0.0,0.0,0.0,0.6367395,0.6464255,0.679667,0.6367395,0.6464255,0.679667,259.0,169.0,122.0,155.0
唐廪,唐廪,小样本,1,8,False,False,1,125.0,1,100.0,0,0.0,0,0.0,0,0.0,0,0.0,0,0.0,0,0.0,0.0,0.0,0.0,0.0,0.636578,0.636578,0.636578,0.636578,0.636578,0.636578,259.0,,,
宫嫔,宫嫔,小样本,1,16,False,False,2,125.0,1,100.0,0,0.0,0,0.0,0,0.0,0,0.0,0,0.0,0,0.0,0.0,0.0,0.0,0.0,0.63639,0.63639,0.684868,0.684868,0.684868,0.684868,259.0,,,
许坚,许坚1,稳健样本,11,70,True,False,2,28.57142857142857,2,18.181818181818183,0,0.0,0,0.0,0,0.0,0,0.0,0,0.0,0,0.0,0.0,0.0,0.0,0.0,0.636328,0.636328,0.636328,0.636328,0.636328,0.636328,259.0,169.0,122.0,155.0
吴英秀,吴英秀,小样本,1,4,False,False,1,250.0,1,100.0,0,0.0,0,0.0,0,0.0,0,0.0,0,0.0,0,0.0,0.0,0.0,0.0,0.0,0.636266,0.636266,0.636266,0.636266,0.636266,0.636266,259.0,,,
苏郁,苏郁,小样本,4,14,False,False,1,71.42857142857143,1,25.0,0,0.0,0,0.0,0,0.0,0,0.0,0,0.0,0,0.0,0.0,0.0,0.0,0.0,0.636266,0.636266,0.636266,0.636266,0.636266,0.636266,259.0,,,
王仁裕,王仁裕,稳健样本,15,123,True,False,4,32.520325203252035,4,26.666666666666668,0,0.0,0,0.0,0,0.0,0,0.0,0,0.0,0,0.0,0.0,0.0,0.0,0.0,0.635912,0.6250150000000001,0.685944,0.635912,0.6250150000000001,0.685944,259.0,169.0,122.0,155.0
丁仙芝,丁仙芝,稳健样本,12,138,True,False,5,36.231884057971016,3,25.0,0,0.0,0,0.0,0,0.0,0,0.0,0,0.0,0,0.0,0.0,0.0,0.0,0.0,0.6357464,0.638501,0.693238,0.6537983333333334,0.665754,0.693238,259.0,169.0,122.0,155.0
罗虬,罗虬,小样本,2,402,False,False,9,22.388059701492537,1,50.0,0,0.0,0,0.0,0,0.0,0,0.0,0,0.0,0,0.0,0.0,0.0,0.0,0.0,0.6357458888888889,0.640175,0.692045,0.692045,0.692045,0.692045,259.0,,,
崔珏,崔珏,稳健样本,11,170,True,False,4,23.52941176470588,4,36.36363636363637,0,0.0,0,0.0,0,0.0,0,0.0,0,0.0,0,0.0,0.0,0.0,0.0,0.0,0.635704,0.635602,0.692168,0.635704,0.635602,0.692168,259.0,169.0,122.0,155.0
郑世翼,郑世翼,小样本,6,60,False,False,2,33.333333333333336,2,33.33333333333333,0,0.0,0,0.0,0,0.0,0,0.0,0,0.0,0,0.0,0.0,0.0,0.0,0.0,0.635661,0.635661,0.653954,0.635661,0.635661,0.653954,259.0,,,
段成式,段成式,大样本,51,575,True,True,11,19.130434782608695,10,19.607843137254903,0,0.0,0,0.0,0,0.0,0,0.0,0,0.0,0,0.0,0.0,0.0,0.0,0.0,0.6356352727272727,0.630951,0.715804,0.6383795,0.639839,0.715804,259.0,169.0,122.0,155.0
张又新,张又新,稳健样本,17,88,True,False,1,11.363636363636363,1,5.88235294117647,0,0.0,0,0.0,0,0.0,0,0.0,0,0.0,0,0.0,0.0,0.0,0.0,0.0,0.63547,0.63547,0.63547,0.63547,0.63547,0.63547,259.0,169.0,122.0,155.0
伍乔,伍乔,稳健样本,22,170,True,False,2,11.76470588235294,2,9.090909090909092,0,0.0,0,0.0,0,0.0,0,0.0,0,0.0,0,0.0,0.0,0.0,0.0,0.0,0.6354219999999999,0.6354219999999999,0.667828,0.6354219999999999,0.6354219999999999,0.667828,259.0,169.0,122.0,155.0
魏万,魏万,小样本,1,48,False,False,4,83.33333333333333,1,100.0,0,0.0,0,0.0,0,0.0,0,0.0,0,0.0,0,0.0,0.0,0.0,0.0,0.0,0.6353635,0.6414185,0.680094,0.680094,0.680094,0.680094,259.0,,,
郑澣,郑澣,小样本,5,78,False,False,1,12.82051282051282,1,20.0,0,0.0,0,0.0,0,0.0,0,0.0,0,0.0,0,0.0,0.0,0.0,0.0,0.0,0.635316,0.635316,0.635316,0.635316,0.635316,0.635316,259.0,,,
姜晞,姜晞,小样本,2,16,False,False,2,125.0,2,100.0,0,0.0,0,0.0,0,0.0,0,0.0,0,0.0,0,0.0,0.0,0.0,0.0,0.0,0.635186,0.635186,0.635186,0.635186,0.635186,0.635186,259.0,,,
李谅,李谅,小样本,1,16,False,False,2,125.0,1,100.0,0,0.0,0,0.0,0,0.0,0,0.0,0,0.0,0,0.0,0.0,0.0,0.0,0.0,0.6351095,0.6351095,0.667281,0.667281,0.667281,0.667281,259.0,,,
寒山,寒山,小样本,2,10,False,False,1,100.0,1,50.0,0,0.0,0,0.0,0,0.0,0,0.0,0,0.0,0,0.0,0.0,0.0,0.0,0.0,0.635021,0.635021,0.635021,0.635021,0.635021,0.635021,259.0,,,
裴夷直,裴夷直,稳健样本,53,276,True,False,10,36.231884057971016,9,16.9811320754717,0,0.0,0,0.0,0,0.0,0,0.0,0,0.0,0,0.0,0.0,0.0,0.0,0.0,0.6349911,0.631476,0.686002,0.636594,0.633812,0.686002,259.0,169.0,122.0,155.0
卢言,卢言,小样本,1,4,False,False,1,250.0,1,100.0,0,0.0,0,0.0,0,0.0,0,0.0,0,0.0,0,0.0,0.0,0.0,0.0,0.0,0.634667,0.634667,0.634667,0.634667,0.634667,0.634667,259.0,,,
牛希济,牛希济,小样本,6,112,False,False,4,35.714285714285715,2,33.33333333333333,0,0.0,0,0.0,0,0.0,0,0.0,0,0.0,0,0.0,0.0,0.0,0.0,0.0,0.63456325,0.6396715,0.667862,0.653878,0.653878,0.667862,259.0,,,
和凝,和凝,稳健样本,25,603,True,False,8,13.266998341625207,2,8.0,0,0.0,0,0.0,0,0.0,0,0.0,0,0.0,0,0.0,0.0,0.0,0.0,0.0,0.634455125,0.6412945,0.721584,0.7031675,0.7031675,0.721584,259.0,169.0,122.0,155.0
张元一,张元一,小样本,4,22,False,False,1,45.45454545454545,1,25.0,0,0.0,0,0.0,0,0.0,0,0.0,0,0.0,0,0.0,0.0,0.0,0.0,0.0,0.634174,0.634174,0.634174,0.634174,0.634174,0.634174,259.0,,,
王光庭,王光庭,小样本,2,32,False,False,1,31.25,1,50.0,0,0.0,0,0.0,0,0.0,0,0.0,0,0.0,0,0.0,0.0,0.0,0.0,0.0,0.633798,0.633798,0.633798,0.633798,0.633798,0.633798,259.0,,,
孙咸,孙咸,小样本,1,8,False,False,1,125.0,1,100.0,0,0.0,0,0.0,0,0.0,0,0.0,0,0.0,0,0.0,0.0,0.0,0.0,0.0,0.633784,0.633784,0.633784,0.633784,0.633784,0.633784,259.0,,,
蔡京,蔡京,小样本,3,16,False,False,3,187.5,2,66.66666666666666,0,0.0,0,0.0,0,0.0,0,0.0,0,0.0,0,0.0,0.0,0.0,0.0,0.0,0.633702,0.614018,0.684477,0.643544,0.643544,0.684477,259.0,,,
护国,护国,稳健样本,12,100,True,False,4,40.0,3,25.0,0,0.0,0,0.0,0,0.0,0,0.0,0,0.0,0,0.0,0.0,0.0,0.0,0.0,0.63364875,0.6241125000000001,0.675116,0.6411136666666667,0.626533,0.675116,259.0,169.0,122.0,155.0
曹松,曹松,大样本,146,1143,True,True,21,18.37270341207349,21,14.383561643835616,0,0.0,0,0.0,0,0.0,0,0.0,0,0.0,0,0.0,0.0,0.0,0.0,0.0,0.6335157619047619,0.627006,0.73903,0.6335157619047619,0.627006,0.73903,259.0,169.0,122.0,155.0
李从远,李从远,小样本,1,8,False,False,1,125.0,1,100.0,0,0.0,0,0.0,0,0.0,0,0.0,0,0.0,0,0.0,0.0,0.0,0.0,0.0,0.633321,0.633321,0.633321,0.633321,0.633321,0.633321,259.0,,,
李渤,李渤,小样本,4,92,False,False,5,54.34782608695652,1,25.0,0,0.0,0,0.0,0,0.0,0,0.0,0,0.0,0,0.0,0.0,0.0,0.0,0.0,0.6331276,0.643946,0.678681,0.678681,0.678681,0.678681,259.0,,,
李晔,李晔,小样本,4,46,False,False,1,21.73913043478261,1,25.0,0,0.0,0,0.0,0,0.0,0,0.0,0,0.0,0,0.0,0.0,0.0,0.0,0.0,0.633078,0.633078,0.633078,0.633078,0.633078,0.633078,259.0,,,
庾抱,庾抱,小样本,5,40,False,False,1,25.0,1,20.0,0,0.0,0,0.0,0,0.0,0,0.0,0,0.0,0,0.0,0.0,0.0,0.0,0.0,0.632771,0.632771,0.632771,0.632771,0.632771,0.632771,259.0,,,
徐仲雅,徐仲雅,小样本,7,86,False,False,2,23.25581395348837,2,28.57142857142857,0,0.0,0,0.0,0,0.0,0,0.0,0,0.0,0,0.0,0.0,0.0,0.0,0.0,0.6327435,0.6327435,0.645586,0.6327435,0.6327435,0.645586,259.0,,,
薛馧,薛馧,小样本,4,24,False,False,1,41.666666666666664,1,25.0,0,0.0,0,0.0,0,0.0,0,0.0,0,0.0,0,0.0,0.0,0.0,0.0,0.0,0.63246,0.63246,0.63246,0.63246,0.63246,0.63246,259.0,,,
罗邺,罗邺,大样本,143,993,True,True,18,18.12688821752266,17,11.888111888111888,0,0.0,0,0.0,0,0.0,0,0.0,0,0.0,0,0.0,0.0,0.0,0.0,0.0,0.6324300555555555,0.6367130000000001,0.702202,0.6329387058823529,0.645818,0.702202,259.0,169.0,122.0,155.0
皇甫松,皇甫松,稳健样本,19,158,True,False,1,6.329113924050633,1,5.263157894736842,0,0.0,0,0.0,0,0.0,0,0.0,0,0.0,0,0.0,0.0,0.0,0.0,0.0,0.632405,0.632405,0.632405,0.632405,0.632405,0.632405,259.0,169.0,122.0,155.0
邵大震,邵大震,小样本,1,4,False,False,1,250.0,1,100.0,0,0.0,0,0.0,0,0.0,0,0.0,0,0.0,0,0.0,0.0,0.0,0.0,0.0,0.632293,0.632293,0.632293,0.632293,0.632293,0.632293,259.0,,,
刘昭禹,刘昭禹,稳健样本,15,122,True,False,2,16.393442622950822,2,13.333333333333334,0,0.0,0,0.0,0,0.0,0,0.0,0,0.0,0,0.0,0.0,0.0,0.0,0.0,0.6322105,0.6322105,0.650681,0.6322105,0.6322105,0.650681,259.0,169.0,122.0,155.0
无可,无可,大样本,98,940,True,True,8,8.51063829787234,6,6.122448979591836,0,0.0,0,0.0,0,0.0,0,0.0,0,0.0,0,0.0,0.0,0.0,0.0,0.0,0.631908625,0.6243719999999999,0.697671,0.6428943333333333,0.6389175,0.697671,259.0,169.0,122.0,155.0
公乘亿,公乘亿,小样本,5,50,False,False,2,40.0,2,40.0,0,0.0,0,0.0,0,0.0,0,0.0,0,0.0,0,0.0,0.0,0.0,0.0,0.0,0.631794,0.631794,0.691334,0.631794,0.631794,0.691334,259.0,,,
唐求,唐求,稳健样本,36,264,True,False,2,7.575757575757576,2,5.555555555555555,0,0.0,0,0.0,0,0.0,0,0.0,0,0.0,0,0.0,0.0,0.0,0.0,0.0,0.631552,0.631552,0.649763,0.631552,0.631552,0.649763,259.0,169.0,122.0,155.0
崔萱,崔萱,小样本,4,22,False,False,1,45.45454545454545,1,25.0,0,0.0,0,0.0,0,0.0,0,0.0,0,0.0,0,0.0,0.0,0.0,0.0,0.0,0.631399,0.631399,0.631399,0.631399,0.631399,0.631399,259.0,,,
韦建,韦建,小样本,2,28,False,False,1,35.714285714285715,1,50.0,0,0.0,0,0.0,0,0.0,0,0.0,0,0.0,0,0.0,0.0,0.0,0.0,0.0,0.63134,0.63134,0.63134,0.63134,0.63134,0.63134,259.0,,,
杨汝士,杨汝士,小样本,9,54,False,False,1,18.51851851851852,1,11.11111111111111,0,0.0,0,0.0,0,0.0,0,0.0,0,0.0,0,0.0,0.0,0.0,0.0,0.0,0.631138,0.631138,0.631138,0.631138,0.631138,0.631138,259.0,,,
景云,景云,小样本,3,20,False,False,1,50.0,1,33.33333333333333,0,0.0,0,0.0,0,0.0,0,0.0,0,0.0,0,0.0,0.0,0.0,0.0,0.0,0.630981,0.630981,0.630981,0.630981,0.630981,0.630981,259.0,,,
李深,李深,小样本,1,24,False,False,2,83.33333333333333,1,100.0,0,0.0,0,0.0,0,0.0,0,0.0,0,0.0,0,0.0,0.0,0.0,0.0,0.0,0.6304879999999999,0.6304879999999999,0.654431,0.654431,0.654431,0.654431,259.0,,,
孟简,孟简,小样本,8,116,False,False,1,8.620689655172413,1,12.5,0,0.0,0,0.0,0,0.0,0,0.0,0,0.0,0,0.0,0.0,0.0,0.0,0.0,0.630471,0.630471,0.630471,0.630471,0.630471,0.630471,259.0,,,
薛逢,薛逢,大样本,92,874,True,True,20,22.88329519450801,14,15.217391304347828,0,0.0,0,0.0,0,0.0,0,0.0,0,0.0,0,0.0,0.0,0.0,0.0,0.0,0.6303708,0.6257325,0.732711,0.6441037857142857,0.6331644999999999,0.732711,259.0,169.0,122.0,155.0
沈仲昌,沈仲昌,小样本,1,4,False,False,1,250.0,1,100.0,0,0.0,0,0.0,0,0.0,0,0.0,0,0.0,0,0.0,0.0,0.0,0.0,0.0,0.630244,0.630244,0.630244,0.630244,0.630244,0.630244,259.0,,,
无名氏,无名氏,大样本,144,1284,True,True,19,14.797507788161994,17,11.805555555555555,0,0.0,0,0.0,0,0.0,0,0.0,0,0.0,0,0.0,0.0,0.0,0.0,0.0,0.6301447368421053,0.644791,0.705316,0.630286,0.646116,0.705316,259.0,169.0,122.0,155.0
熊孺登,熊孺登,稳健样本,30,140,True,False,2,14.285714285714285,2,6.666666666666667,0,0.0,0,0.0,0,0.0,0,0.0,0,0.0,0,0.0,0.0,0.0,0.0,0.0,0.629803,0.629803,0.646056,0.629803,0.629803,0.646056,259.0,169.0,122.0,155.0
张白,张白,小样本,3,16,False,False,1,62.5,1,33.33333333333333,0,0.0,0,0.0,0,0.0,0,0.0,0,0.0,0,0.0,0.0,0.0,0.0,0.0,0.629698,0.629698,0.629698,0.629698,0.629698,0.629698,259.0,,,
李昂,李昂1,小样本,9,112,False,False,6,53.57142857142857,3,33.33333333333333,0,0.0,0,0.0,0,0.0,0,0.0,0,0.0,0,0.0,0.0,0.0,0.0,0.0,0.6296758333333333,0.6378714999999999,0.699536,0.6730459999999999,0.678376,0.699536,259.0,,,
王纬,王纬,小样本,2,18,False,False,2,111.1111111111111,2,100.0,0,0.0,0,0.0,0,0.0,0,0.0,0,0.0,0,0.0,0.0,0.0,0.0,0.0,0.629127,0.629127,0.637837,0.629127,0.629127,0.637837,259.0,,,
薛涛,薛涛,稳健样本,78,376,True,False,9,23.93617021276596,8,10.256410256410255,0,0.0,0,0.0,0,0.0,0,0.0,0,0.0,0,0.0,0.0,0.0,0.0,0.0,0.6290778888888888,0.643667,0.690641,0.62609025,0.6352835,0.690641,259.0,169.0,122.0,155.0
常浩,常浩,小样本,2,20,False,False,1,50.0,1,50.0,0,0.0,0,0.0,0,0.0,0,0.0,0,0.0,0,0.0,0.0,0.0,0.0,0.0,0.628952,0.628952,0.628952,0.628952,0.628952,0.628952,259.0,,,
密陀僧,密陀僧,小样本,1,4,False,False,2,500.0,1,100.0,0,0.0,0,0.0,0,0.0,0,0.0,0,0.0,0,0.0,0.0,0.0,0.0,0.0,0.6289255,0.6289255,0.673939,0.673939,0.673939,0.673939,259.0,,,
李珣,李珣,稳健样本,17,312,True,False,5,16.025641025641026,4,23.52941176470588,0,0.0,0,0.0,0,0.0,0,0.0,0,0.0,0,0.0,0.0,0.0,0.0,0.0,0.6284124,0.624836,0.683708,0.6293065,0.6332495,0.683708,259.0,169.0,122.0,155.0
于武陵,于武陵,稳健样本,51,400,True,False,6,15.0,6,11.76470588235294,0,0.0,0,0.0,0,0.0,0,0.0,0,0.0,0,0.0,0.0,0.0,0.0,0.0,0.6280698333333333,0.6520905,0.666689,0.6280698333333333,0.6520905,0.666689,259.0,169.0,122.0,155.0
高亭,高亭,小样本,1,2,False,False,1,500.0,1,100.0,0,0.0,0,0.0,0,0.0,0,0.0,0,0.0,0,0.0,0.0,0.0,0.0,0.0,0.627785,0.627785,0.627785,0.627785,0.627785,0.627785,259.0,,,
熊皎,熊皎,稳健样本,11,91,True,False,2,21.978021978021978,2,18.181818181818183,0,0.0,0,0.0,0,0.0,0,0.0,0,0.0,0,0.0,0.0,0.0,0.0,0.0,0.6274934999999999,0.6274934999999999,0.704928,0.6274934999999999,0.6274934999999999,0.704928,259.0,169.0,122.0,155.0
刘言史,刘言史,大样本,71,552,True,True,12,21.73913043478261,12,16.901408450704224,0,0.0,0,0.0,0,0.0,0,0.0,0,0.0,0,0.0,0.0,0.0,0.0,0.0,0.62709,0.627018,0.694465,0.62709,0.627018,0.694465,259.0,169.0,122.0,155.0
康骈,康骈,小样本,1,8,False,False,1,125.0,1,100.0,0,0.0,0,0.0,0,0.0,0,0.0,0,0.0,0,0.0,0.0,0.0,0.0,0.0,0.626672,0.626672,0.626672,0.626672,0.626672,0.626672,259.0,,,
姚系,姚系,稳健样本,11,118,True,False,2,16.949152542372882,1,9.090909090909092,0,0.0,0,0.0,0,0.0,0,0.0,0,0.0,0,0.0,0.0,0.0,0.0,0.0,0.626558,0.626558,0.658541,0.658541,0.658541,0.658541,259.0,169.0,122.0,155.0
冯著,冯著,小样本,4,50,False,False,2,40.0,2,50.0,0,0.0,0,0.0,0,0.0,0,0.0,0,0.0,0,0.0,0.0,0.0,0.0,0.0,0.626536,0.626536,0.711282,0.626536,0.626536,0.711282,259.0,,,
厉玄,厉玄,小样本,7,60,False,False,2,33.333333333333336,2,28.57142857142857,0,0.0,0,0.0,0,0.0,0,0.0,0,0.0,0,0.0,0.0,0.0,0.0,0.0,0.626476,0.626476,0.664729,0.626476,0.626476,0.664729,259.0,,,
史俊,史俊,小样本,1,14,False,False,1,71.42857142857143,1,100.0,0,0.0,0,0.0,0,0.0,0,0.0,0,0.0,0,0.0,0.0,0.0,0.0,0.0,0.626473,0.626473,0.626473,0.626473,0.626473,0.626473,259.0,,,
李涛,李涛,小样本,4,18,False,False,1,55.55555555555555,1,25.0,0,0.0,0,0.0,0,0.0,0,0.0,0,0.0,0,0.0,0.0,0.0,0.0,0.0,0.626398,0.626398,0.626398,0.626398,0.626398,0.626398,259.0,,,
王无竞,王无竞,小样本,7,70,False,False,2,28.57142857142857,2,28.57142857142857,0,0.0,0,0.0,0,0.0,0,0.0,0,0.0,0,0.0,0.0,0.0,0.0,0.0,0.6263225,0.6263225,0.687001,0.6263225,0.6263225,0.687001,259.0,,,
张楚金,张楚金,小样本,1,8,False,False,2,250.0,1,100.0,0,0.0,0,0.0,0,0.0,0,0.0,0,0.0,0,0.0,0.0,0.0,0.0,0.0,0.6258189999999999,0.6258189999999999,0.708096,0.708096,0.708096,0.708096,259.0,,,
元和举子,元和举子,小样本,1,4,False,False,1,250.0,1,100.0,0,0.0,0,0.0,0,0.0,0,0.0,0,0.0,0,0.0,0.0,0.0,0.0,0.0,0.625691,0.625691,0.625691,0.625691,0.625691,0.625691,259.0,,,
杨夔,杨夔,稳健样本,12,108,True,False,2,18.51851851851852,2,16.666666666666664,0,0.0,0,0.0,0,0.0,0,0.0,0,0.0,0,0.0,0.0,0.0,0.0,0.0,0.6255325,0.6255325,0.642314,0.6255325,0.6255325,0.642314,259.0,169.0,122.0,155.0
李邕,李邕,小样本,4,44,False,False,1,22.727272727272727,1,25.0,0,0.0,0,0.0,0,0.0,0,0.0,0,0.0,0,0.0,0.0,0.0,0.0,0.0,0.625382,0.625382,0.625382,0.625382,0.625382,0.625382,259.0,,,
崔膺,崔膺,小样本,2,16,False,False,2,125.0,1,50.0,0,0.0,0,0.0,0,0.0,0,0.0,0,0.0,0,0.0,0.0,0.0,0.0,0.0,0.625329,0.625329,0.628713,0.628713,0.628713,0.628713,259.0,,,
牟融,牟融,大样本,62,544,True,True,12,22.058823529411764,12,19.35483870967742,0,0.0,0,0.0,0,0.0,0,0.0,0,0.0,0,0.0,0.0,0.0,0.0,0.0,0.6252255833333333,0.6239414999999999,0.670267,0.6252255833333333,0.6239414999999999,0.670267,259.0,169.0,122.0,155.0
张文姬,张文姬,小样本,4,16,False,False,1,62.5,1,25.0,0,0.0,0,0.0,0,0.0,0,0.0,0,0.0,0,0.0,0.0,0.0,0.0,0.0,0.624751,0.624751,0.624751,0.624751,0.624751,0.624751,259.0,,,
李和风,李和风,小样本,1,4,False,False,1,250.0,1,100.0,0,0.0,0,0.0,0,0.0,0,0.0,0,0.0,0,0.0,0.0,0.0,0.0,0.0,0.624744,0.624744,0.624744,0.624744,0.624744,0.624744,259.0,,,
朱长文,朱长文,小样本,7,36,False,False,3,83.33333333333333,3,42.857142857142854,0,0.0,0,0.0,0,0.0,0,0.0,0,0.0,0,0.0,0.0,0.0,0.0,0.0,0.624702,0.630472,0.639455,0.624702,0.630472,0.639455,259.0,,,
冯延巳,冯延巳,稳健样本,32,559,True,False,8,14.311270125223613,6,18.75,0,0.0,0,0.0,0,0.0,0,0.0,0,0.0,0,0.0,0.0,0.0,0.0,0.0,0.62443775,0.6280025,0.737714,0.6325196666666667,0.6366350000000001,0.737714,259.0,169.0,122.0,155.0
卢群,卢群,小样本,1,8,False,False,1,125.0,1,100.0,0,0.0,0,0.0,0,0.0,0,0.0,0,0.0,0,0.0,0.0,0.0,0.0,0.0,0.62442,0.62442,0.62442,0.62442,0.62442,0.62442,259.0,,,
杨敬述,杨敬述,小样本,1,8,False,False,1,125.0,1,100.0,0,0.0,0,0.0,0,0.0,0,0.0,0,0.0,0,0.0,0.0,0.0,0.0,0.0,0.624099,0.624099,0.624099,0.624099,0.624099,0.624099,259.0,,,
周匡物,周匡物,小样本,5,34,False,False,2,58.8235294117647,1,20.0,0,0.0,0,0.0,0,0.0,0,0.0,0,0.0,0,0.0,0.0,0.0,0.0,0.0,0.624062,0.624062,0.704442,0.704442,0.704442,0.704442,259.0,,,
狄焕,狄焕,小样本,4,24,False,False,1,41.666666666666664,1,25.0,0,0.0,0,0.0,0,0.0,0,0.0,0,0.0,0,0.0,0.0,0.0,0.0,0.0,0.623783,0.623783,0.623783,0.623783,0.623783,0.623783,259.0,,,
薛莹,薛莹,稳健样本,12,64,True,False,1,15.625,1,8.333333333333332,0,0.0,0,0.0,0,0.0,0,0.0,0,0.0,0,0.0,0.0,0.0,0.0,0.0,0.62376,0.62376,0.62376,0.62376,0.62376,0.62376,259.0,169.0,122.0,155.0
李縠,李縠,小样本,3,24,False,False,4,166.66666666666666,3,100.0,0,0.0,0,0.0,0,0.0,0,0.0,0,0.0,0,0.0,0.0,0.0,0.0,0.0,0.62352475,0.6225769999999999,0.644834,0.629996,0.626611,0.644834,259.0,,,
杨凭,杨凭,稳健样本,19,96,True,False,4,41.666666666666664,4,21.052631578947366,0,0.0,0,0.0,0,0.0,0,0.0,0,0.0,0,0.0,0.0,0.0,0.0,0.0,0.6235185,0.606374,0.716024,0.6235185,0.606374,0.716024,259.0,169.0,122.0,155.0
马异,马异,小样本,4,75,False,False,3,40.0,1,25.0,0,0.0,0,0.0,0,0.0,0,0.0,0,0.0,0,0.0,0.0,0.0,0.0,0.0,0.6234446666666666,0.632644,0.66318,0.66318,0.66318,0.66318,259.0,,,
宋迪,宋迪,小样本,1,12,False,False,1,83.33333333333333,1,100.0,0,0.0,0,0.0,0,0.0,0,0.0,0,0.0,0,0.0,0.0,0.0,0.0,0.0,0.623227,0.623227,0.623227,0.623227,0.623227,0.623227,259.0,,,
冯衮,冯衮,小样本,2,8,False,False,1,125.0,1,50.0,0,0.0,0,0.0,0,0.0,0,0.0,0,0.0,0,0.0,0.0,0.0,0.0,0.0,0.623151,0.623151,0.623151,0.623151,0.623151,0.623151,259.0,,,
隐峦,隐峦,小样本,5,32,False,False,3,93.75,2,40.0,0,0.0,0,0.0,0,0.0,0,0.0,0,0.0,0,0.0,0.0,0.0,0.0,0.0,0.622829,0.633034,0.675851,0.6177265000000001,0.6177265000000001,0.675851,259.0,,,
刘景复,刘景复,小样本,1,32,False,False,2,62.5,1,100.0,0,0.0,0,0.0,0,0.0,0,0.0,0,0.0,0,0.0,0.0,0.0,0.0,0.0,0.6226985,0.6226985,0.636285,0.636285,0.636285,0.636285,259.0,,,
李叔卿,李叔卿,小样本,2,22,False,False,2,90.9090909090909,2,100.0,0,0.0,0,0.0,0,0.0,0,0.0,0,0.0,0,0.0,0.0,0.0,0.0,0.0,0.622655,0.622655,0.636403,0.622655,0.622655,0.636403,259.0,,,
冯待征,冯待征,小样本,1,28,False,False,1,35.714285714285715,1,100.0,0,0.0,0,0.0,0,0.0,0,0.0,0,0.0,0,0.0,0.0,0.0,0.0,0.0,0.622173,0.622173,0.622173,0.622173,0.622173,0.622173,259.0,,,
杜兼,杜兼,小样本,1,3,False,False,1,333.3333333333333,1,100.0,0,0.0,0,0.0,0,0.0,0,0.0,0,0.0,0,0.0,0.0,0.0,0.0,0.0,0.621914,0.621914,0.621914,0.621914,0.621914,0.621914,259.0,,,
屈同仙,屈同仙,小样本,2,28,False,False,1,35.714285714285715,1,50.0,0,0.0,0,0.0,0,0.0,0,0.0,0,0.0,0,0.0,0.0,0.0,0.0,0.0,0.621741,0.621741,0.621741,0.621741,0.621741,0.621741,259.0,,,
崔橹,崔橹,稳健样本,30,250,True,False,7,28.0,5,16.666666666666664,0,0.0,0,0.0,0,0.0,0,0.0,0,0.0,0,0.0,0.0,0.0,0.0,0.0,0.6210932857142858,0.61167,0.68672,0.6326254,0.622544,0.68672,259.0,169.0,122.0,155.0
刘溉,刘溉,小样本,1,4,False,False,1,250.0,1,100.0,0,0.0,0,0.0,0,0.0,0,0.0,0,0.0,0,0.0,0.0,0.0,0.0,0.0,0.621057,0.621057,0.621057,0.621057,0.621057,0.621057,259.0,,,
丘为,丘为,稳健样本,13,144,True,False,2,13.888888888888888,2,15.384615384615385,0,0.0,0,0.0,0,0.0,0,0.0,0,0.0,0,0.0,0.0,0.0,0.0,0.0,0.6206855,0.6206855,0.661109,0.6206855,0.6206855,0.661109,259.0,169.0,122.0,155.0
牛峤,牛峤,稳健样本,14,199,True,False,5,25.12562814070352,5,35.714285714285715,0,0.0,0,0.0,0,0.0,0,0.0,0,0.0,0,0.0,0.0,0.0,0.0,0.0,0.6204812000000001,0.613008,0.664429,0.6204812000000001,0.613008,0.664429,259.0,169.0,122.0,155.0
喻凫,喻凫,稳健样本,65,496,True,False,3,6.048387096774193,3,4.615384615384616,0,0.0,0,0.0,0,0.0,0,0.0,0,0.0,0,0.0,0.0,0.0,0.0,0.0,0.620272,0.642603,0.664428,0.620272,0.642603,0.664428,259.0,169.0,122.0,155.0
柳珪,柳珪,小样本,1,8,False,False,1,125.0,1,100.0,0,0.0,0,0.0,0,0.0,0,0.0,0,0.0,0,0.0,0.0,0.0,0.0,0.0,0.619941,0.619941,0.619941,0.619941,0.619941,0.619941,259.0,,,
李栖筠,李栖筠,小样本,2,26,False,False,1,38.46153846153847,1,50.0,0,0.0,0,0.0,0,0.0,0,0.0,0,0.0,0,0.0,0.0,0.0,0.0,0.0,0.619814,0.619814,0.619814,0.619814,0.619814,0.619814,259.0,,,
朱湾,朱湾,稳健样本,23,223,True,False,4,17.937219730941703,4,17.391304347826086,0,0.0,0,0.0,0,0.0,0,0.0,0,0.0,0,0.0,0.0,0.0,0.0,0.0,0.6197545,0.5993505,0.695254,0.6197545,0.5993505,0.695254,259.0,169.0,122.0,155.0
李涉,李涉,大样本,108,860,True,True,35,40.697674418604656,21,19.444444444444446,0,0.0,0,0.0,0,0.0,0,0.0,0,0.0,0,0.0,0.0,0.0,0.0,0.0,0.6193886857142857,0.613286,0.735378,0.629432619047619,0.618741,0.735378,259.0,169.0,122.0,155.0
嵩岳诸仙,嵩岳诸仙,小样本,1,62,False,False,1,16.129032258064516,1,100.0,0,0.0,0,0.0,0,0.0,0,0.0,0,0.0,0,0.0,0.0,0.0,0.0,0.0,0.619135,0.619135,0.619135,0.619135,0.619135,0.619135,259.0,,,
张汯,张汯,小样本,1,4,False,False,1,250.0,1,100.0,0,0.0,0,0.0,0,0.0,0,0.0,0,0.0,0,0.0,0.0,0.0,0.0,0.0,0.618865,0.618865,0.618865,0.618865,0.618865,0.618865,259.0,,,
张纮,张纮,小样本,4,44,False,False,1,22.727272727272727,1,25.0,0,0.0,0,0.0,0,0.0,0,0.0,0,0.0,0,0.0,0.0,0.0,0.0,0.0,0.618865,0.618865,0.618865,0.618865,0.618865,0.618865,259.0,,,
张若虚,张若虚,小样本,3,84,False,False,2,23.809523809523807,2,66.66666666666666,0,0.0,0,0.0,0,0.0,0,0.0,0,0.0,0,0.0,0.0,0.0,0.0,0.0,0.618683,0.618683,0.618683,0.618683,0.618683,0.618683,259.0,,,
耽章,耽章,小样本,1,5,False,False,1,200.0,1,100.0,0,0.0,0,0.0,0,0.0,0,0.0,0,0.0,0,0.0,0.0,0.0,0.0,0.0,0.61854,0.61854,0.61854,0.61854,0.61854,0.61854,259.0,,,
张谔,张谔,稳健样本,12,89,True,False,2,22.47191011235955,2,16.666666666666664,0,0.0,0,0.0,0,0.0,0,0.0,0,0.0,0,0.0,0.0,0.0,0.0,0.0,0.6183974999999999,0.6183974999999999,0.665997,0.6183974999999999,0.6183974999999999,0.665997,259.0,169.0,122.0,155.0
徐光溥,徐光溥,小样本,2,62,False,False,1,16.129032258064516,1,50.0,0,0.0,0,0.0,0,0.0,0,0.0,0,0.0,0,0.0,0.0,0.0,0.0,0.0,0.618389,0.618389,0.618389,0.618389,0.618389,0.618389,259.0,,,
崔护,崔护,小样本,6,52,False,False,1,19.230769230769234,1,16.666666666666664,0,0.0,0,0.0,0,0.0,0,0.0,0,0.0,0,0.0,0.0,0.0,0.0,0.0,0.618012,0.618012,0.618012,0.618012,0.618012,0.618012,259.0,,,
韩熙载,韩熙载,小样本,5,39,False,False,1,25.64102564102564,1,20.0,0,0.0,0,0.0,0,0.0,0,0.0,0,0.0,0,0.0,0.0,0.0,0.0,0.0,0.617909,0.617909,0.617909,0.617909,0.617909,0.617909,259.0,,,
罗绍威,罗绍威,小样本,4,22,False,False,1,45.45454545454545,1,25.0,0,0.0,0,0.0,0,0.0,0,0.0,0,0.0,0,0.0,0.0,0.0,0.0,0.0,0.61771,0.61771,0.61771,0.61771,0.61771,0.61771,259.0,,,
程紫霄,程紫霄,小样本,2,7,False,False,1,142.85714285714286,1,50.0,0,0.0,0,0.0,0,0.0,0,0.0,0,0.0,0,0.0,0.0,0.0,0.0,0.0,0.616685,0.616685,0.616685,0.616685,0.616685,0.616685,259.0,,,
顾在镕,顾在镕,小样本,3,24,False,False,1,41.666666666666664,1,33.33333333333333,0,0.0,0,0.0,0,0.0,0,0.0,0,0.0,0,0.0,0.0,0.0,0.0,0.0,0.616454,0.616454,0.616454,0.616454,0.616454,0.616454,259.0,,,
赵抟,赵抟,小样本,2,50,False,False,3,60.0,2,100.0,0,0.0,0,0.0,0,0.0,0,0.0,0,0.0,0,0.0,0.0,0.0,0.0,0.0,0.6164353333333333,0.600819,0.660191,0.630505,0.630505,0.660191,259.0,,,
李郢,李郢,大样本,71,529,True,True,10,18.90359168241966,10,14.084507042253522,0,0.0,0,0.0,0,0.0,0,0.0,0,0.0,0,0.0,0.0,0.0,0.0,0.0,0.6163241,0.608833,0.729261,0.6163241,0.608833,0.729261,259.0,169.0,122.0,155.0
殷文圭,殷文圭,稳健样本,28,234,True,False,1,4.273504273504274,1,3.571428571428571,0,0.0,0,0.0,0,0.0,0,0.0,0,0.0,0,0.0,0.0,0.0,0.0,0.0,0.616106,0.616106,0.616106,0.616106,0.616106,0.616106,259.0,169.0,122.0,155.0
萧微,萧微,小样本,1,4,False,False,1,250.0,1,100.0,0,0.0,0,0.0,0,0.0,0,0.0,0,0.0,0,0.0,0.0,0.0,0.0,0.0,0.616096,0.616096,0.616096,0.616096,0.616096,0.616096,259.0,,,
刘友贤,刘友贤,小样本,1,8,False,False,1,125.0,1,100.0,0,0.0,0,0.0,0,0.0,0,0.0,0,0.0,0,0.0,0.0,0.0,0.0,0.0,0.615168,0.615168,0.615168,0.615168,0.615168,0.615168,259.0,,,
太白山玄士,太白山玄士,小样本,1,4,False,False,1,250.0,1,100.0,0,0.0,0,0.0,0,0.0,0,0.0,0,0.0,0,0.0,0.0,0.0,0.0,0.0,0.614949,0.614949,0.614949,0.614949,0.614949,0.614949,259.0,,,
眉娘,眉娘,小样本,3,12,False,False,1,83.33333333333333,1,33.33333333333333,0,0.0,0,0.0,0,0.0,0,0.0,0,0.0,0,0.0,0.0,0.0,0.0,0.0,0.614949,0.614949,0.614949,0.614949,0.614949,0.614949,259.0,,,
李绛,李绛,小样本,4,46,False,False,2,43.47826086956522,1,25.0,0,0.0,0,0.0,0,0.0,0,0.0,0,0.0,0,0.0,0.0,0.0,0.0,0.0,0.614491,0.614491,0.618774,0.618774,0.618774,0.618774,259.0,,,
汤悦,汤悦,小样本,5,40,False,False,1,25.0,1,20.0,0,0.0,0,0.0,0,0.0,0,0.0,0,0.0,0,0.0,0.0,0.0,0.0,0.0,0.613795,0.613795,0.613795,0.613795,0.613795,0.613795,259.0,,,
辛常伯,辛常伯,小样本,1,64,False,False,1,15.625,1,100.0,0,0.0,0,0.0,0,0.0,0,0.0,0,0.0,0,0.0,0.0,0.0,0.0,0.0,0.613784,0.613784,0.613784,0.613784,0.613784,0.613784,259.0,,,
刘兼,刘兼,大样本,73,632,True,True,14,22.151898734177216,13,17.80821917808219,0,0.0,0,0.0,0,0.0,0,0.0,0,0.0,0,0.0,0.0,0.0,0.0,0.0,0.6137425,0.6073325,0.701576,0.6124843846153847,0.606919,0.701576,259.0,169.0,122.0,155.0
李玖,李玖,小样本,4,56,False,False,3,53.57142857142857,2,50.0,0,0.0,0,0.0,0,0.0,0,0.0,0,0.0,0,0.0,0.0,0.0,0.0,0.0,0.6136,0.623376,0.625289,0.6087119999999999,0.6087119999999999,0.625289,259.0,,,
孙偓,孙偓,小样本,4,20,False,False,1,50.0,1,25.0,0,0.0,0,0.0,0,0.0,0,0.0,0,0.0,0,0.0,0.0,0.0,0.0,0.0,0.613573,0.613573,0.613573,0.613573,0.613573,0.613573,259.0,,,
雍裕之,雍裕之,稳健样本,31,132,True,False,2,15.151515151515152,2,6.451612903225806,0,0.0,0,0.0,0,0.0,0,0.0,0,0.0,0,0.0,0.0,0.0,0.0,0.0,0.61341,0.61341,0.615838,0.61341,0.61341,0.615838,259.0,169.0,122.0,155.0
张循之,张循之,小样本,7,52,False,False,1,19.230769230769234,1,14.285714285714285,0,0.0,0,0.0,0,0.0,0,0.0,0,0.0,0,0.0,0.0,0.0,0.0,0.0,0.613273,0.613273,0.613273,0.613273,0.613273,0.613273,259.0,,,
曹唐,曹唐,稳健样本,41,880,True,False,32,36.36363636363636,10,24.390243902439025,0,0.0,0,0.0,0,0.0,0,0.0,0,0.0,0,0.0,0.0,0.0,0.0,0.0,0.61312446875,0.6142255,0.712972,0.6271629,0.632134,0.712972,259.0,169.0,122.0,155.0
丘上卿,丘上卿,小样本,1,8,False,False,1,125.0,1,100.0,0,0.0,0,0.0,0,0.0,0,0.0,0,0.0,0,0.0,0.0,0.0,0.0,0.0,0.613098,0.613098,0.613098,0.613098,0.613098,0.613098,259.0,,,
裴铏,裴铏,小样本,1,8,False,False,1,125.0,1,100.0,0,0.0,0,0.0,0,0.0,0,0.0,0,0.0,0,0.0,0.0,0.0,0.0,0.0,0.61306,0.61306,0.61306,0.61306,0.61306,0.61306,259.0,,,
郑馥,郑馥,小样本,1,16,False,False,1,62.5,1,100.0,0,0.0,0,0.0,0,0.0,0,0.0,0,0.0,0,0.0,0.0,0.0,0.0,0.0,0.612874,0.612874,0.612874,0.612874,0.612874,0.612874,259.0,,,
徐凝,徐凝,稳健样本,92,434,True,False,20,46.082949308755765,17,18.478260869565215,0,0.0,0,0.0,0,0.0,0,0.0,0,0.0,0,0.0,0.0,0.0,0.0,0.0,0.6127029,0.618119,0.678285,0.6167078823529412,0.6198,0.678285,259.0,169.0,122.0,155.0
王播,王播,小样本,2,16,False,False,3,187.5,2,100.0,0,0.0,0,0.0,0,0.0,0,0.0,0,0.0,0,0.0,0.0,0.0,0.0,0.0,0.6125783333333333,0.615843,0.629038,0.6224405,0.6224405,0.629038,259.0,,,
陆畅,陆畅,稳健样本,36,163,True,False,5,30.67484662576687,5,13.88888888888889,0,0.0,0,0.0,0,0.0,0,0.0,0,0.0,0,0.0,0.0,0.0,0.0,0.0,0.6122712,0.597557,0.707895,0.6122712,0.597557,0.707895,259.0,169.0,122.0,155.0
卫万,卫万,小样本,1,8,False,False,1,125.0,1,100.0,0,0.0,0,0.0,0,0.0,0,0.0,0,0.0,0,0.0,0.0,0.0,0.0,0.0,0.612065,0.612065,0.612065,0.612065,0.612065,0.612065,259.0,,,
韩溉,韩溉,小样本,8,58,False,False,3,51.724137931034484,3,37.5,0,0.0,0,0.0,0,0.0,0,0.0,0,0.0,0,0.0,0.0,0.0,0.0,0.0,0.6119186666666666,0.568915,0.70298,0.6119186666666666,0.568915,0.70298,259.0,,,
契盈,契盈,小样本,1,2,False,False,1,500.0,1,100.0,0,0.0,0,0.0,0,0.0,0,0.0,0,0.0,0,0.0,0.0,0.0,0.0,0.0,0.611185,0.611185,0.611185,0.611185,0.611185,0.611185,259.0,,,
包何,包何,稳健样本,19,140,True,False,5,35.714285714285715,5,26.31578947368421,0,0.0,0,0.0,0,0.0,0,0.0,0,0.0,0,0.0,0.0,0.0,0.0,0.0,0.6106578,0.613273,0.713903,0.6106578,0.613273,0.713903,259.0,169.0,122.0,155.0
谭铢,谭铢,小样本,2,34,False,False,2,58.8235294117647,1,50.0,0,0.0,0,0.0,0,0.0,0,0.0,0,0.0,0,0.0,0.0,0.0,0.0,0.0,0.610478,0.610478,0.668102,0.668102,0.668102,0.668102,259.0,,,
欧阳炯,欧阳炯,稳健样本,26,426,True,False,13,30.516431924882628,9,34.61538461538461,0,0.0,0,0.0,0,0.0,0,0.0,0,0.0,0,0.0,0.0,0.0,0.0,0.0,0.6103535384615385,0.635657,0.681064,0.6061228888888889,0.63204,0.681064,259.0,169.0,122.0,155.0
叶法善,叶法善,小样本,1,24,False,False,1,41.666666666666664,1,100.0,0,0.0,0,0.0,0,0.0,0,0.0,0,0.0,0,0.0,0.0,0.0,0.0,0.0,0.610334,0.610334,0.610334,0.610334,0.610334,0.610334,259.0,,,
张元正,张元正,小样本,1,12,False,False,1,83.33333333333333,1,100.0,0,0.0,0,0.0,0,0.0,0,0.0,0,0.0,0,0.0,0.0,0.0,0.0,0.0,0.610043,0.610043,0.610043,0.610043,0.610043,0.610043,259.0,,,
张正元,张正元,小样本,2,24,False,False,1,41.666666666666664,1,50.0,0,0.0,0,0.0,0,0.0,0,0.0,0,0.0,0,0.0,0.0,0.0,0.0,0.0,0.610043,0.610043,0.610043,0.610043,0.610043,0.610043,259.0,,,
志定,志定,小样本,1,4,False,False,1,250.0,1,100.0,0,0.0,0,0.0,0,0.0,0,0.0,0,0.0,0,0.0,0.0,0.0,0.0,0.0,0.609962,0.609962,0.609962,0.609962,0.609962,0.609962,259.0,,,
郭利贞,郭利贞,小样本,1,8,False,False,1,125.0,1,100.0,0,0.0,0,0.0,0,0.0,0,0.0,0,0.0,0,0.0,0.0,0.0,0.0,0.0,0.609924,0.609924,0.609924,0.609924,0.609924,0.609924,259.0,,,
崔枢,崔枢,小样本,2,24,False,False,1,41.666666666666664,1,50.0,0,0.0,0,0.0,0,0.0,0,0.0,0,0.0,0,0.0,0.0,0.0,0.0,0.0,0.609845,0.609845,0.609845,0.609845,0.609845,0.609845,259.0,,,
张顶,张顶,小样本,1,4,False,False,1,250.0,1,100.0,0,0.0,0,0.0,0,0.0,0,0.0,0,0.0,0,0.0,0.0,0.0,0.0,0.0,0.609608,0.609608,0.609608,0.609608,0.609608,0.609608,259.0,,,
周贺,周贺,大样本,93,728,True,True,3,4.120879120879121,3,3.225806451612903,0,0.0,0,0.0,0,0.0,0,0.0,0,0.0,0,0.0,0.0,0.0,0.0,0.0,0.6087886666666666,0.604722,0.681345,0.6087886666666666,0.604722,0.681345,259.0,169.0,122.0,155.0
西鄙人,西鄙人,小样本,1,4,False,False,1,250.0,1,100.0,0,0.0,0,0.0,0,0.0,0,0.0,0,0.0,0,0.0,0.0,0.0,0.0,0.0,0.608555,0.608555,0.608555,0.608555,0.608555,0.608555,259.0,,,
敬括,敬括,小样本,1,12,False,False,1,83.33333333333333,1,100.0,0,0.0,0,0.0,0,0.0,0,0.0,0,0.0,0,0.0,0.0,0.0,0.0,0.0,0.607684,0.607684,0.607684,0.607684,0.607684,0.607684,259.0,,,
刘虚白,刘虚白,小样本,2,6,False,False,1,166.66666666666666,1,50.0,0,0.0,0,0.0,0,0.0,0,0.0,0,0.0,0,0.0,0.0,0.0,0.0,0.0,0.607455,0.607455,0.607455,0.607455,0.607455,0.607455,259.0,,,
郭周藩,郭周藩,小样本,1,48,False,False,3,62.5,1,100.0,0,0.0,0,0.0,0,0.0,0,0.0,0,0.0,0,0.0,0.0,0.0,0.0,0.0,0.6071663333333334,0.615407,0.62419,0.62419,0.62419,0.62419,259.0,,,
乔琳,乔琳,小样本,1,8,False,False,1,125.0,1,100.0,0,0.0,0,0.0,0,0.0,0,0.0,0,0.0,0,0.0,0.0,0.0,0.0,0.0,0.607074,0.607074,0.607074,0.607074,0.607074,0.607074,259.0,,,
清豁,清豁,小样本,1,4,False,False,1,250.0,1,100.0,0,0.0,0,0.0,0,0.0,0,0.0,0,0.0,0,0.0,0.0,0.0,0.0,0.0,0.606993,0.606993,0.606993,0.606993,0.606993,0.606993,259.0,,,
刘庭琦,刘庭琦,小样本,4,38,False,False,2,52.63157894736842,1,25.0,0,0.0,0,0.0,0,0.0,0,0.0,0,0.0,0,0.0,0.0,0.0,0.0,0.0,0.6069895000000001,0.6069895000000001,0.637627,0.637627,0.637627,0.637627,259.0,,,
成都醉道士,成都醉道士,小样本,1,24,False,False,1,41.666666666666664,1,100.0,0,0.0,0,0.0,0,0.0,0,0.0,0,0.0,0,0.0,0.0,0.0,0.0,0.0,0.606917,0.606917,0.606917,0.606917,0.606917,0.606917,259.0,,,
鱼玄机,鱼玄机,稳健样本,49,394,True,False,5,12.690355329949238,5,10.204081632653061,0,0.0,0,0.0,0,0.0,0,0.0,0,0.0,0,0.0,0.0,0.0,0.0,0.0,0.6067756,0.595097,0.697959,0.6067756,0.595097,0.697959,259.0,169.0,122.0,155.0
平曾,平曾,小样本,3,20,False,False,3,150.0,2,66.66666666666666,0,0.0,0,0.0,0,0.0,0,0.0,0,0.0,0,0.0,0.0,0.0,0.0,0.0,0.6067196666666667,0.631811,0.645465,0.638638,0.638638,0.645465,259.0,,,
李世民,李世民,大样本,89,1031,True,True,6,5.819592628516004,5,5.617977528089887,0,0.0,0,0.0,0,0.0,0,0.0,0,0.0,0,0.0,0.0,0.0,0.0,0.0,0.6064436666666667,0.617688,0.678284,0.6072684,0.624415,0.678284,259.0,169.0,122.0,155.0
伊用昌,伊用昌,小样本,8,48,False,False,1,20.833333333333332,1,12.5,0,0.0,0,0.0,0,0.0,0,0.0,0,0.0,0,0.0,0.0,0.0,0.0,0.0,0.606298,0.606298,0.606298,0.606298,0.606298,0.606298,259.0,,,
陶雍,陶雍,小样本,1,20,False,False,1,50.0,1,100.0,0,0.0,0,0.0,0,0.0,0,0.0,0,0.0,0,0.0,0.0,0.0,0.0,0.0,0.606256,0.606256,0.606256,0.606256,0.606256,0.606256,259.0,,,
邢象玉,邢象玉,小样本,1,16,False,False,1,62.5,1,100.0,0,0.0,0,0.0,0,0.0,0,0.0,0,0.0,0,0.0,0.0,0.0,0.0,0.0,0.60611,0.60611,0.60611,0.60611,0.60611,0.60611,259.0,,,
李洞,李洞,大样本,168,1477,True,True,16,10.832769126607989,16,9.523809523809524,0,0.0,0,0.0,0,0.0,0,0.0,0,0.0,0,0.0,0.0,0.0,0.0,0.0,0.6060463125,0.6021,0.687586,0.6060463125,0.6021,0.687586,259.0,169.0,122.0,155.0
苏广文,苏广文,小样本,3,24,False,False,3,125.0,2,66.66666666666666,0,0.0,0,0.0,0,0.0,0,0.0,0,0.0,0,0.0,0.0,0.0,0.0,0.0,0.6053206666666667,0.618082,0.638206,0.59894,0.59894,0.638206,259.0,,,
薛奇童,薛奇童,小样本,7,94,False,False,1,10.638297872340425,1,14.285714285714285,0,0.0,0,0.0,0,0.0,0,0.0,0,0.0,0,0.0,0.0,0.0,0.0,0.0,0.605305,0.605305,0.605305,0.605305,0.605305,0.605305,259.0,,,
胡皓,胡皓,小样本,6,92,False,False,1,10.869565217391305,1,16.666666666666664,0,0.0,0,0.0,0,0.0,0,0.0,0,0.0,0,0.0,0.0,0.0,0.0,0.0,0.605208,0.605208,0.605208,0.605208,0.605208,0.605208,259.0,,,
胡宿,胡宿,稳健样本,19,152,True,False,4,26.31578947368421,3,15.789473684210526,0,0.0,0,0.0,0,0.0,0,0.0,0,0.0,0,0.0,0.0,0.0,0.0,0.0,0.60468975,0.5976049999999999,0.654116,0.616442,0.602271,0.654116,259.0,169.0,122.0,155.0
卢从愿,卢从愿,小样本,3,36,False,False,1,27.777777777777775,1,33.33333333333333,0,0.0,0,0.0,0,0.0,0,0.0,0,0.0,0,0.0,0.0,0.0,0.0,0.0,0.604514,0.604514,0.604514,0.604514,0.604514,0.604514,259.0,,,
孟宾于,孟宾于,小样本,9,80,False,False,3,37.5,3,33.33333333333333,0,0.0,0,0.0,0,0.0,0,0.0,0,0.0,0,0.0,0.0,0.0,0.0,0.0,0.604117,0.585934,0.64326,0.604117,0.585934,0.64326,259.0,,,
金真德,金真德,小样本,1,20,False,False,2,100.0,1,100.0,0,0.0,0,0.0,0,0.0,0,0.0,0,0.0,0,0.0,0.0,0.0,0.0,0.0,0.6040719999999999,0.6040719999999999,0.638422,0.638422,0.638422,0.638422,259.0,,,
李九龄,李九龄,稳健样本,19,92,True,False,2,21.73913043478261,2,10.526315789473683,0,0.0,0,0.0,0,0.0,0,0.0,0,0.0,0,0.0,0.0,0.0,0.0,0.0,0.604014,0.604014,0.642887,0.604014,0.604014,0.642887,259.0,169.0,122.0,155.0
张琰,张琰,小样本,3,22,False,False,2,90.9090909090909,1,33.33333333333333,0,0.0,0,0.0,0,0.0,0,0.0,0,0.0,0,0.0,0.0,0.0,0.0,0.0,0.6039755,0.6039755,0.673312,0.673312,0.673312,0.673312,259.0,,,
杨嗣复,杨嗣复,小样本,5,54,False,False,1,18.51851851851852,1,20.0,0,0.0,0,0.0,0,0.0,0,0.0,0,0.0,0,0.0,0.0,0.0,0.0,0.0,0.603775,0.603775,0.603775,0.603775,0.603775,0.603775,259.0,,,
高拯,高拯,小样本,1,4,False,False,2,500.0,1,100.0,0,0.0,0,0.0,0,0.0,0,0.0,0,0.0,0,0.0,0.0,0.0,0.0,0.0,0.603632,0.603632,0.639553,0.639553,0.639553,0.639553,259.0,,,
杨牢,杨牢,小样本,3,28,False,False,2,71.42857142857143,2,66.66666666666666,0,0.0,0,0.0,0,0.0,0,0.0,0,0.0,0,0.0,0.0,0.0,0.0,0.0,0.603494,0.603494,0.616251,0.603494,0.603494,0.616251,259.0,,,
张良器,张良器,小样本,1,16,False,False,1,62.5,1,100.0,0,0.0,0,0.0,0,0.0,0,0.0,0,0.0,0,0.0,0.0,0.0,0.0,0.0,0.603152,0.603152,0.603152,0.603152,0.603152,0.603152,259.0,,,
李贞白,李贞白,小样本,6,26,False,False,1,38.46153846153847,1,16.666666666666664,0,0.0,0,0.0,0,0.0,0,0.0,0,0.0,0,0.0,0.0,0.0,0.0,0.0,0.603005,0.603005,0.603005,0.603005,0.603005,0.603005,259.0,,,
胡玢,胡玢,小样本,4,26,False,False,1,38.46153846153847,1,25.0,0,0.0,0,0.0,0,0.0,0,0.0,0,0.0,0,0.0,0.0,0.0,0.0,0.0,0.602938,0.602938,0.602938,0.602938,0.602938,0.602938,259.0,,,
柳中庸,柳中庸,稳健样本,12,80,True,False,4,50.0,4,33.33333333333333,0,0.0,0,0.0,0,0.0,0,0.0,0,0.0,0,0.0,0.0,0.0,0.0,0.0,0.6026627499999999,0.600641,0.645013,0.6026627499999999,0.600641,0.645013,259.0,169.0,122.0,155.0
林氏,林氏,小样本,1,16,False,False,2,125.0,1,100.0,0,0.0,0,0.0,0,0.0,0,0.0,0,0.0,0,0.0,0.0,0.0,0.0,0.0,0.6026199999999999,0.6026199999999999,0.643069,0.643069,0.643069,0.643069,259.0,,,
阎德隐,阎德隐,小样本,2,32,False,False,1,31.25,1,50.0,0,0.0,0,0.0,0,0.0,0,0.0,0,0.0,0,0.0,0.0,0.0,0.0,0.0,0.602525,0.602525,0.602525,0.602525,0.602525,0.602525,259.0,,,
崔宗之,崔宗之,小样本,1,30,False,False,1,33.333333333333336,1,100.0,0,0.0,0,0.0,0,0.0,0,0.0,0,0.0,0,0.0,0.0,0.0,0.0,0.0,0.601983,0.601983,0.601983,0.601983,0.601983,0.601983,259.0,,,
崔惠童,崔惠童,小样本,1,4,False,False,1,250.0,1,100.0,0,0.0,0,0.0,0,0.0,0,0.0,0,0.0,0,0.0,0.0,0.0,0.0,0.0,0.601706,0.601706,0.601706,0.601706,0.601706,0.601706,259.0,,,
花蕊夫人,花蕊夫人,小样本,2,632,False,False,11,17.40506329113924,1,50.0,0,0.0,0,0.0,0,0.0,0,0.0,0,0.0,0,0.0,0.0,0.0,0.0,0.0,0.6016889090909091,0.597809,0.67614,0.67614,0.67614,0.67614,259.0,,,
孙光宪,孙光宪,稳健样本,36,560,True,False,8,14.285714285714285,5,13.88888888888889,0,0.0,0,0.0,0,0.0,0,0.0,0,0.0,0,0.0,0.0,0.0,0.0,0.0,0.6015358749999999,0.604275,0.6827,0.6161994,0.608142,0.6827,259.0,169.0,122.0,155.0
殷尧藩,殷尧藩,大样本,78,588,True,True,13,22.108843537414966,12,15.384615384615385,0,0.0,0,0.0,0,0.0,0,0.0,0,0.0,0,0.0,0.0,0.0,0.0,0.0,0.6010834615384616,0.594706,0.684645,0.6024641666666667,0.5963415,0.684645,259.0,169.0,122.0,155.0
毕耀,毕耀,小样本,3,22,False,False,1,45.45454545454545,1,33.33333333333333,0,0.0,0,0.0,0,0.0,0,0.0,0,0.0,0,0.0,0.0,0.0,0.0,0.0,0.600723,0.600723,0.600723,0.600723,0.600723,0.600723,259.0,,,
若虚,若虚,小样本,3,24,False,False,2,83.33333333333333,2,66.66666666666666,0,0.0,0,0.0,0,0.0,0,0.0,0,0.0,0,0.0,0.0,0.0,0.0,0.0,0.6006165,0.6006165,0.731461,0.6006165,0.6006165,0.731461,259.0,,,
繁知一,繁知一,小样本,1,4,False,False,1,250.0,1,100.0,0,0.0,0,0.0,0,0.0,0,0.0,0,0.0,0,0.0,0.0,0.0,0.0,0.0,0.600566,0.600566,0.600566,0.600566,0.600566,0.600566,259.0,,,
李建,李建,小样本,1,8,False,False,1,125.0,1,100.0,0,0.0,0,0.0,0,0.0,0,0.0,0,0.0,0,0.0,0.0,0.0,0.0,0.0,0.6004,0.6004,0.6004,0.6004,0.6004,0.6004,259.0,,,
刘元叔,刘元叔,小样本,1,24,False,False,2,83.33333333333333,1,100.0,0,0.0,0,0.0,0,0.0,0,0.0,0,0.0,0,0.0,0.0,0.0,0.0,0.0,0.600336,0.600336,0.640418,0.640418,0.640418,0.640418,259.0,,,
广宣,广宣,稳健样本,16,149,True,False,2,13.422818791946309,2,12.5,0,0.0,0,0.0,0,0.0,0,0.0,0,0.0,0,0.0,0.0,0.0,0.0,0.0,0.600136,0.600136,0.613078,0.600136,0.600136,0.613078,259.0,169.0,122.0,155.0
秦韬玉,秦韬玉,稳健样本,38,304,True,False,8,26.31578947368421,8,21.052631578947366,0,0.0,0,0.0,0,0.0,0,0.0,0,0.0,0,0.0,0.0,0.0,0.0,0.0,0.6000735,0.590492,0.669674,0.6000735,0.590492,0.669674,259.0,169.0,122.0,155.0
释彪,释彪,小样本,1,8,False,False,1,125.0,1,100.0,0,0.0,0,0.0,0,0.0,0,0.0,0,0.0,0,0.0,0.0,0.0,0.0,0.0,0.599674,0.599674,0.599674,0.599674,0.599674,0.599674,259.0,,,
水府君,水府君,小样本,1,20,False,False,2,100.0,1,100.0,0,0.0,0,0.0,0,0.0,0,0.0,0,0.0,0,0.0,0.0,0.0,0.0,0.0,0.599564,0.599564,0.636071,0.636071,0.636071,0.636071,259.0,,,
萼岭书生,萼岭书生,小样本,1,4,False,False,1,250.0,1,100.0,0,0.0,0,0.0,0,0.0,0,0.0,0,0.0,0,0.0,0.0,0.0,0.0,0.0,0.599412,0.599412,0.599412,0.599412,0.599412,0.599412,259.0,,,
吴商浩,吴商浩,小样本,9,56,False,False,1,17.857142857142858,1,11.11111111111111,0,0.0,0,0.0,0,0.0,0,0.0,0,0.0,0,0.0,0.0,0.0,0.0,0.0,0.59912,0.59912,0.59912,0.59912,0.59912,0.59912,259.0,,,
杨续,杨续,小样本,1,12,False,False,1,83.33333333333333,1,100.0,0,0.0,0,0.0,0,0.0,0,0.0,0,0.0,0,0.0,0.0,0.0,0.0,0.0,0.599069,0.599069,0.599069,0.599069,0.599069,0.599069,259.0,,,
原陵老翁,原陵老翁,小样本,1,49,False,False,1,20.408163265306122,1,100.0,0,0.0,0,0.0,0,0.0,0,0.0,0,0.0,0,0.0,0.0,0.0,0.0,0.0,0.598994,0.598994,0.598994,0.598994,0.598994,0.598994,259.0,,,
怀楚,怀楚,小样本,2,16,False,False,1,62.5,1,50.0,0,0.0,0,0.0,0,0.0,0,0.0,0,0.0,0,0.0,0.0,0.0,0.0,0.0,0.598988,0.598988,0.598988,0.598988,0.598988,0.598988,259.0,,,
贾曾,贾曾,小样本,6,46,False,False,2,43.47826086956522,1,16.666666666666664,0,0.0,0,0.0,0,0.0,0,0.0,0,0.0,0,0.0,0.0,0.0,0.0,0.0,0.5987365,0.5987365,0.603101,0.603101,0.603101,0.603101,259.0,,,
霍总,霍总,小样本,7,58,False,False,2,34.48275862068965,2,28.57142857142857,0,0.0,0,0.0,0,0.0,0,0.0,0,0.0,0,0.0,0.0,0.0,0.0,0.0,0.598696,0.598696,0.613194,0.598696,0.598696,0.613194,259.0,,,
李康成,李康成,小样本,6,57,False,False,2,35.08771929824561,2,33.33333333333333,0,0.0,0,0.0,0,0.0,0,0.0,0,0.0,0,0.0,0.0,0.0,0.0,0.0,0.5986644999999999,0.5986644999999999,0.623815,0.5986644999999999,0.5986644999999999,0.623815,259.0,,,
李馀,李馀,小样本,3,14,False,False,1,71.42857142857143,1,33.33333333333333,0,0.0,0,0.0,0,0.0,0,0.0,0,0.0,0,0.0,0.0,0.0,0.0,0.0,0.597642,0.597642,0.597642,0.597642,0.597642,0.597642,259.0,,,
于季子,于季子,小样本,7,44,False,False,3,68.18181818181817,3,42.857142857142854,0,0.0,0,0.0,0,0.0,0,0.0,0,0.0,0,0.0,0.0,0.0,0.0,0.0,0.5971933333333334,0.576441,0.643154,0.5971933333333334,0.576441,0.643154,259.0,,,
吴仁璧,吴仁璧,稳健样本,12,56,True,False,1,17.857142857142858,1,8.333333333333332,0,0.0,0,0.0,0,0.0,0,0.0,0,0.0,0,0.0,0.0,0.0,0.0,0.0,0.597103,0.597103,0.597103,0.597103,0.597103,0.597103,259.0,169.0,122.0,155.0
崔涤,崔涤,小样本,1,4,False,False,2,500.0,1,100.0,0,0.0,0,0.0,0,0.0,0,0.0,0,0.0,0,0.0,0.0,0.0,0.0,0.0,0.596605,0.596605,0.61263,0.61263,0.61263,0.61263,259.0,,,
李建枢,李建枢,小样本,1,4,False,False,1,250.0,1,100.0,0,0.0,0,0.0,0,0.0,0,0.0,0,0.0,0,0.0,0.0,0.0,0.0,0.0,0.5966,0.5966,0.5966,0.5966,0.5966,0.5966,259.0,,,
徐知仁,徐知仁,小样本,1,20,False,False,1,50.0,1,100.0,0,0.0,0,0.0,0,0.0,0,0.0,0,0.0,0,0.0,0.0,0.0,0.0,0.0,0.596407,0.596407,0.596407,0.596407,0.596407,0.596407,259.0,,,
王初,王初,稳健样本,17,104,True,False,2,19.230769230769234,2,11.76470588235294,0,0.0,0,0.0,0,0.0,0,0.0,0,0.0,0,0.0,0.0,0.0,0.0,0.0,0.5961535,0.5961535,0.615349,0.5961535,0.5961535,0.615349,259.0,169.0,122.0,155.0
朱冲和,朱冲和,小样本,2,8,False,False,1,125.0,1,50.0,0,0.0,0,0.0,0,0.0,0,0.0,0,0.0,0,0.0,0.0,0.0,0.0,0.0,0.596073,0.596073,0.596073,0.596073,0.596073,0.596073,259.0,,,
姚鹄,姚鹄,稳健样本,33,316,True,False,2,6.329113924050633,2,6.0606060606060606,0,0.0,0,0.0,0,0.0,0,0.0,0,0.0,0,0.0,0.0,0.0,0.0,0.0,0.596041,0.596041,0.602564,0.596041,0.596041,0.602564,259.0,169.0,122.0,155.0
郎馀令,郎馀令,小样本,1,8,False,False,1,125.0,1,100.0,0,0.0,0,0.0,0,0.0,0,0.0,0,0.0,0,0.0,0.0,0.0,0.0,0.0,0.595404,0.595404,0.595404,0.595404,0.595404,0.595404,259.0,,,
栖蟾,栖蟾,稳健样本,12,96,True,False,1,10.416666666666666,1,8.333333333333332,0,0.0,0,0.0,0,0.0,0,0.0,0,0.0,0,0.0,0.0,0.0,0.0,0.0,0.595383,0.595383,0.595383,0.595383,0.595383,0.595383,259.0,169.0,122.0,155.0
蔡孚,蔡孚,小样本,3,34,False,False,1,29.41176470588235,1,33.33333333333333,0,0.0,0,0.0,0,0.0,0,0.0,0,0.0,0,0.0,0.0,0.0,0.0,0.0,0.594789,0.594789,0.594789,0.594789,0.594789,0.594789,259.0,,,
殷陶,殷陶,小样本,1,8,False,False,1,125.0,1,100.0,0,0.0,0,0.0,0,0.0,0,0.0,0,0.0,0,0.0,0.0,0.0,0.0,0.0,0.594345,0.594345,0.594345,0.594345,0.594345,0.594345,259.0,,,
高湘,高湘,小样本,2,5,False,False,1,200.0,1,50.0,0,0.0,0,0.0,0,0.0,0,0.0,0,0.0,0,0.0,0.0,0.0,0.0,0.0,0.593889,0.593889,0.593889,0.593889,0.593889,0.593889,259.0,,,
赵z,赵z7,小样本,1,4,False,False,1,250.0,1,100.0,0,0.0,0,0.0,0,0.0,0,0.0,0,0.0,0,0.0,0.0,0.0,0.0,0.0,0.593679,0.593679,0.593679,0.593679,0.593679,0.593679,259.0,,,
李忱,李忱,小样本,7,40,False,False,2,50.0,2,28.57142857142857,0,0.0,0,0.0,0,0.0,0,0.0,0,0.0,0,0.0,0.0,0.0,0.0,0.0,0.5934915000000001,0.5934915000000001,0.613807,0.5934915000000001,0.5934915000000001,0.613807,259.0,,,
刘元淑,刘元淑,小样本,1,24,False,False,1,41.666666666666664,1,100.0,0,0.0,0,0.0,0,0.0,0,0.0,0,0.0,0,0.0,0.0,0.0,0.0,0.0,0.592734,0.592734,0.592734,0.592734,0.592734,0.592734,259.0,,,
钟离权,钟离权,小样本,2,40,False,False,2,50.0,2,100.0,0,0.0,0,0.0,0,0.0,0,0.0,0,0.0,0,0.0,0.0,0.0,0.0,0.0,0.5927005000000001,0.5927005000000001,0.599479,0.5927005000000001,0.5927005000000001,0.599479,259.0,,,
赵璜,赵璜,小样本,5,32,False,False,1,31.25,1,20.0,0,0.0,0,0.0,0,0.0,0,0.0,0,0.0,0,0.0,0.0,0.0,0.0,0.0,0.592634,0.592634,0.592634,0.592634,0.592634,0.592634,259.0,,,
赵牧,赵牧,小样本,1,18,False,False,1,55.55555555555555,1,100.0,0,0.0,0,0.0,0,0.0,0,0.0,0,0.0,0,0.0,0.0,0.0,0.0,0.0,0.592551,0.592551,0.592551,0.592551,0.592551,0.592551,259.0,,,
袁傪,袁傪,小样本,2,18,False,False,1,55.55555555555555,1,50.0,0,0.0,0,0.0,0,0.0,0,0.0,0,0.0,0,0.0,0.0,0.0,0.0,0.0,0.592004,0.592004,0.592004,0.592004,0.592004,0.592004,259.0,,,
黄颇,黄颇,小样本,3,28,False,False,1,35.714285714285715,1,33.33333333333333,0,0.0,0,0.0,0,0.0,0,0.0,0,0.0,0,0.0,0.0,0.0,0.0,0.0,0.591959,0.591959,0.591959,0.591959,0.591959,0.591959,259.0,,,
姚月华,姚月华,小样本,5,56,False,False,1,17.857142857142858,1,20.0,0,0.0,0,0.0,0,0.0,0,0.0,0,0.0,0,0.0,0.0,0.0,0.0,0.0,0.591766,0.591766,0.591766,0.591766,0.591766,0.591766,259.0,,,
鹿虔扆,鹿虔扆,小样本,4,49,False,False,1,20.408163265306122,1,25.0,0,0.0,0,0.0,0,0.0,0,0.0,0,0.0,0,0.0,0.0,0.0,0.0,0.0,0.591058,0.591058,0.591058,0.591058,0.591058,0.591058,259.0,,,
唐扶,唐扶,小样本,2,46,False,False,1,21.73913043478261,1,50.0,0,0.0,0,0.0,0,0.0,0,0.0,0,0.0,0,0.0,0.0,0.0,0.0,0.0,0.590918,0.590918,0.590918,0.590918,0.590918,0.590918,259.0,,,
贾弇,贾弇,小样本,1,4,False,False,1,250.0,1,100.0,0,0.0,0,0.0,0,0.0,0,0.0,0,0.0,0,0.0,0.0,0.0,0.0,0.0,0.590713,0.590713,0.590713,0.590713,0.590713,0.590713,259.0,,,
王氏妇,王氏妇,小样本,1,28,False,False,1,35.714285714285715,1,100.0,0,0.0,0,0.0,0,0.0,0,0.0,0,0.0,0,0.0,0.0,0.0,0.0,0.0,0.590656,0.590656,0.590656,0.590656,0.590656,0.590656,259.0,,,
陈沆,陈沆,小样本,2,10,False,False,1,100.0,1,50.0,0,0.0,0,0.0,0,0.0,0,0.0,0,0.0,0,0.0,0.0,0.0,0.0,0.0,0.590217,0.590217,0.590217,0.590217,0.590217,0.590217,259.0,,,
蒋吉,蒋吉,稳健样本,15,60,True,False,3,50.0,3,20.0,0,0.0,0,0.0,0,0.0,0,0.0,0,0.0,0,0.0,0.0,0.0,0.0,0.0,0.5891543333333334,0.608234,0.640201,0.5891543333333334,0.608234,0.640201,259.0,169.0,122.0,155.0
李逢吉,李逢吉,小样本,9,86,False,False,1,11.627906976744185,1,11.11111111111111,0,0.0,0,0.0,0,0.0,0,0.0,0,0.0,0,0.0,0.0,0.0,0.0,0.0,0.589148,0.589148,0.589148,0.589148,0.589148,0.589148,259.0,,,
刘晏,刘晏,小样本,3,20,False,False,1,50.0,1,33.33333333333333,0,0.0,0,0.0,0,0.0,0,0.0,0,0.0,0,0.0,0.0,0.0,0.0,0.0,0.589132,0.589132,0.589132,0.589132,0.589132,0.589132,259.0,,,
张令问,张令问,小样本,2,8,False,False,2,250.0,2,100.0,0,0.0,0,0.0,0,0.0,0,0.0,0,0.0,0,0.0,0.0,0.0,0.0,0.0,0.587687,0.587687,0.587687,0.587687,0.587687,0.587687,259.0,,,
张省躬,张省躬,小样本,1,4,False,False,1,250.0,1,100.0,0,0.0,0,0.0,0,0.0,0,0.0,0,0.0,0,0.0,0.0,0.0,0.0,0.0,0.587381,0.587381,0.587381,0.587381,0.587381,0.587381,259.0,,,
陈标,陈标,稳健样本,12,80,True,False,1,12.5,1,8.333333333333332,0,0.0,0,0.0,0,0.0,0,0.0,0,0.0,0,0.0,0.0,0.0,0.0,0.0,0.587049,0.587049,0.587049,0.587049,0.587049,0.587049,259.0,169.0,122.0,155.0
袁皓,袁皓,小样本,4,56,False,False,2,35.714285714285715,1,25.0,0,0.0,0,0.0,0,0.0,0,0.0,0,0.0,0,0.0,0.0,0.0,0.0,0.0,0.586592,0.586592,0.609015,0.609015,0.609015,0.609015,259.0,,,
薛昭纬,薛昭纬,小样本,2,11,False,False,1,90.9090909090909,1,50.0,0,0.0,0,0.0,0,0.0,0,0.0,0,0.0,0,0.0,0.0,0.0,0.0,0.0,0.586383,0.586383,0.586383,0.586383,0.586383,0.586383,259.0,,,
卢僎,卢僎,稳健样本,13,184,True,False,1,5.434782608695652,1,7.6923076923076925,0,0.0,0,0.0,0,0.0,0,0.0,0,0.0,0,0.0,0.0,0.0,0.0,0.0,0.585196,0.585196,0.585196,0.585196,0.585196,0.585196,259.0,169.0,122.0,155.0
曹修古,曹修古,小样本,1,4,False,False,1,250.0,1,100.0,0,0.0,0,0.0,0,0.0,0,0.0,0,0.0,0,0.0,0.0,0.0,0.0,0.0,0.583989,0.583989,0.583989,0.583989,0.583989,0.583989,259.0,,,
崔泰之,崔泰之,小样本,4,92,False,False,1,10.869565217391305,1,25.0,0,0.0,0,0.0,0,0.0,0,0.0,0,0.0,0,0.0,0.0,0.0,0.0,0.0,0.583116,0.583116,0.583116,0.583116,0.583116,0.583116,259.0,,,
窦常,窦常,稳健样本,26,216,True,False,5,23.148148148148145,4,15.384615384615385,0,0.0,0,0.0,0,0.0,0,0.0,0,0.0,0,0.0,0.0,0.0,0.0,0.0,0.5830642,0.577228,0.596732,0.58462725,0.5848135,0.596732,259.0,169.0,122.0,155.0
杨发,杨发,稳健样本,13,104,True,False,1,9.615384615384617,1,7.6923076923076925,0,0.0,0,0.0,0,0.0,0,0.0,0,0.0,0,0.0,0.0,0.0,0.0,0.0,0.58163,0.58163,0.58163,0.58163,0.58163,0.58163,259.0,169.0,122.0,155.0
冥吏,冥吏,小样本,1,3,False,False,1,333.3333333333333,1,100.0,0,0.0,0,0.0,0,0.0,0,0.0,0,0.0,0,0.0,0.0,0.0,0.0,0.0,0.580954,0.580954,0.580954,0.580954,0.580954,0.580954,259.0,,,
崔涯,崔涯,小样本,9,60,False,False,3,50.0,3,33.33333333333333,0,0.0,0,0.0,0,0.0,0,0.0,0,0.0,0,0.0,0.0,0.0,0.0,0.0,0.5805893333333333,0.569857,0.628713,0.5805893333333333,0.569857,0.628713,259.0,,,
储嗣宗,储嗣宗,稳健样本,39,268,True,False,5,18.656716417910445,4,10.256410256410255,0,0.0,0,0.0,0,0.0,0,0.0,0,0.0,0,0.0,0.0,0.0,0.0,0.0,0.5804298,0.572011,0.629504,0.59916575,0.5975925,0.629504,259.0,169.0,122.0,155.0
谭用之,谭用之,稳健样本,40,328,True,False,3,9.146341463414634,3,7.5,0,0.0,0,0.0,0,0.0,0,0.0,0,0.0,0,0.0,0.0,0.0,0.0,0.0,0.5801733333333333,0.60135,0.662151,0.5801733333333333,0.60135,0.662151,259.0,169.0,122.0,155.0
富春沙际鬼,富春沙际鬼,小样本,2,8,False,False,1,125.0,1,50.0,0,0.0,0,0.0,0,0.0,0,0.0,0,0.0,0,0.0,0.0,0.0,0.0,0.0,0.579838,0.579838,0.579838,0.579838,0.579838,0.579838,259.0,,,
韦承贻,韦承贻,小样本,1,12,False,False,1,83.33333333333333,1,100.0,0,0.0,0,0.0,0,0.0,0,0.0,0,0.0,0,0.0,0.0,0.0,0.0,0.0,0.579608,0.579608,0.579608,0.579608,0.579608,0.579608,259.0,,,
张立,张立,小样本,3,10,False,False,2,200.0,2,66.66666666666666,0,0.0,0,0.0,0,0.0,0,0.0,0,0.0,0,0.0,0.0,0.0,0.0,0.0,0.578642,0.578642,0.625226,0.578642,0.578642,0.625226,259.0,,,
张保胤,张保胤,小样本,2,12,False,False,1,83.33333333333333,1,50.0,0,0.0,0,0.0,0,0.0,0,0.0,0,0.0,0,0.0,0.0,0.0,0.0,0.0,0.578641,0.578641,0.578641,0.578641,0.578641,0.578641,259.0,,,
慕幽,慕幽,小样本,6,48,False,False,1,20.833333333333332,1,16.666666666666664,0,0.0,0,0.0,0,0.0,0,0.0,0,0.0,0,0.0,0.0,0.0,0.0,0.0,0.578561,0.578561,0.578561,0.578561,0.578561,0.578561,259.0,,,
常楚老,常楚老,小样本,3,22,False,False,1,45.45454545454545,1,33.33333333333333,0,0.0,0,0.0,0,0.0,0,0.0,0,0.0,0,0.0,0.0,0.0,0.0,0.0,0.577635,0.577635,0.577635,0.577635,0.577635,0.577635,259.0,,,
周繇,周繇,稳健样本,22,168,True,False,2,11.904761904761903,2,9.090909090909092,0,0.0,0,0.0,0,0.0,0,0.0,0,0.0,0,0.0,0.0,0.0,0.0,0.0,0.577242,0.577242,0.601458,0.577242,0.577242,0.601458,259.0,169.0,122.0,155.0
戴衢,戴衢,小样本,2,6,False,False,1,166.66666666666666,1,50.0,0,0.0,0,0.0,0,0.0,0,0.0,0,0.0,0,0.0,0.0,0.0,0.0,0.0,0.575814,0.575814,0.575814,0.575814,0.575814,0.575814,259.0,,,
何赞,何赞,小样本,1,8,False,False,1,125.0,1,100.0,0,0.0,0,0.0,0,0.0,0,0.0,0,0.0,0,0.0,0.0,0.0,0.0,0.0,0.575808,0.575808,0.575808,0.575808,0.575808,0.575808,259.0,,,
李公佐仆,李公佐仆,小样本,2,16,False,False,1,62.5,1,50.0,0,0.0,0,0.0,0,0.0,0,0.0,0,0.0,0,0.0,0.0,0.0,0.0,0.0,0.575642,0.575642,0.575642,0.575642,0.575642,0.575642,259.0,,,
骊山游人,骊山游人,小样本,1,4,False,False,1,250.0,1,100.0,0,0.0,0,0.0,0,0.0,0,0.0,0,0.0,0,0.0,0.0,0.0,0.0,0.0,0.573567,0.573567,0.573567,0.573567,0.573567,0.573567,259.0,,,
白氏,白氏,小样本,1,4,False,False,1,250.0,1,100.0,0,0.0,0,0.0,0,0.0,0,0.0,0,0.0,0,0.0,0.0,0.0,0.0,0.0,0.573566,0.573566,0.573566,0.573566,0.573566,0.573566,259.0,,,
萧静,萧静,小样本,1,4,False,False,1,250.0,1,100.0,0,0.0,0,0.0,0,0.0,0,0.0,0,0.0,0,0.0,0.0,0.0,0.0,0.0,0.572993,0.572993,0.572993,0.572993,0.572993,0.572993,259.0,,,
冷朝阳,冷朝阳,稳健样本,11,88,True,False,1,11.363636363636363,1,9.090909090909092,0,0.0,0,0.0,0,0.0,0,0.0,0,0.0,0,0.0,0.0,0.0,0.0,0.0,0.572317,0.572317,0.572317,0.572317,0.572317,0.572317,259.0,169.0,122.0,155.0
太乙真君,太乙真君,小样本,1,4,False,False,1,250.0,1,100.0,0,0.0,0,0.0,0,0.0,0,0.0,0,0.0,0,0.0,0.0,0.0,0.0,0.0,0.571849,0.571849,0.571849,0.571849,0.571849,0.571849,259.0,,,
滕迈,滕迈,小样本,3,18,False,False,1,55.55555555555555,1,33.33333333333333,0,0.0,0,0.0,0,0.0,0,0.0,0,0.0,0,0.0,0.0,0.0,0.0,0.0,0.571428,0.571428,0.571428,0.571428,0.571428,0.571428,259.0,,,
李豫,李豫,小样本,1,2,False,False,1,500.0,1,100.0,0,0.0,0,0.0,0,0.0,0,0.0,0,0.0,0,0.0,0.0,0.0,0.0,0.0,0.569839,0.569839,0.569839,0.569839,0.569839,0.569839,259.0,,,
李播,李播,小样本,2,8,False,False,1,125.0,1,50.0,0,0.0,0,0.0,0,0.0,0,0.0,0,0.0,0,0.0,0.0,0.0,0.0,0.0,0.569306,0.569306,0.569306,0.569306,0.569306,0.569306,259.0,,,
梁宝,梁宝,小样本,1,9,False,False,1,111.1111111111111,1,100.0,0,0.0,0,0.0,0,0.0,0,0.0,0,0.0,0,0.0,0.0,0.0,0.0,0.0,0.569176,0.569176,0.569176,0.569176,0.569176,0.569176,259.0,,,
张生妻,张生妻,小样本,1,25,False,False,1,40.0,1,100.0,0,0.0,0,0.0,0,0.0,0,0.0,0,0.0,0,0.0,0.0,0.0,0.0,0.0,0.56903,0.56903,0.56903,0.56903,0.56903,0.56903,259.0,,,
梁补阙,梁补阙,小样本,1,4,False,False,1,250.0,1,100.0,0,0.0,0,0.0,0,0.0,0,0.0,0,0.0,0,0.0,0.0,0.0,0.0,0.0,0.568291,0.568291,0.568291,0.568291,0.568291,0.568291,259.0,,,
顾封人,顾封人,小样本,1,12,False,False,1,83.33333333333333,1,100.0,0,0.0,0,0.0,0,0.0,0,0.0,0,0.0,0,0.0,0.0,0.0,0.0,0.0,0.567619,0.567619,0.567619,0.567619,0.567619,0.567619,259.0,,,
裴谞,裴谞,小样本,3,36,False,False,1,27.777777777777775,1,33.33333333333333,0,0.0,0,0.0,0,0.0,0,0.0,0,0.0,0,0.0,0.0,0.0,0.0,0.0,0.566718,0.566718,0.566718,0.566718,0.566718,0.566718,259.0,,,
张保嗣,张保嗣,小样本,1,4,False,False,1,250.0,1,100.0,0,0.0,0,0.0,0,0.0,0,0.0,0,0.0,0,0.0,0.0,0.0,0.0,0.0,0.565438,0.565438,0.565438,0.565438,0.565438,0.565438,259.0,,,
成彦雄,成彦雄,稳健样本,20,116,True,False,1,8.620689655172413,1,5.0,0,0.0,0,0.0,0,0.0,0,0.0,0,0.0,0,0.0,0.0,0.0,0.0,0.0,0.564617,0.564617,0.564617,0.564617,0.564617,0.564617,259.0,169.0,122.0,155.0
徐锴,徐锴,小样本,5,36,False,False,1,27.777777777777775,1,20.0,0,0.0,0,0.0,0,0.0,0,0.0,0,0.0,0,0.0,0.0,0.0,0.0,0.0,0.563078,0.563078,0.563078,0.563078,0.563078,0.563078,259.0,,,
廖有方,廖有方,小样本,1,4,False,False,1,250.0,1,100.0,0,0.0,0,0.0,0,0.0,0,0.0,0,0.0,0,0.0,0.0,0.0,0.0,0.0,0.562683,0.562683,0.562683,0.562683,0.562683,0.562683,259.0,,,
元万顷,元万顷,小样本,3,20,False,False,1,50.0,1,33.33333333333333,0,0.0,0,0.0,0,0.0,0,0.0,0,0.0,0,0.0,0.0,0.0,0.0,0.0,0.561019,0.561019,0.561019,0.561019,0.561019,0.561019,259.0,,,
赵彦伯,赵彦伯,小样本,4,24,False,False,1,41.666666666666664,1,25.0,0,0.0,0,0.0,0,0.0,0,0.0,0,0.0,0,0.0,0.0,0.0,0.0,0.0,0.560864,0.560864,0.560864,0.560864,0.560864,0.560864,259.0,,,
韦检,韦检,小样本,2,8,False,False,1,125.0,1,50.0,0,0.0,0,0.0,0,0.0,0,0.0,0,0.0,0,0.0,0.0,0.0,0.0,0.0,0.55797,0.55797,0.55797,0.55797,0.55797,0.55797,259.0,,,
吴人,吴人,小样本,1,4,False,False,1,250.0,1,100.0,0,0.0,0,0.0,0,0.0,0,0.0,0,0.0,0,0.0,0.0,0.0,0.0,0.0,0.556397,0.556397,0.556397,0.556397,0.556397,0.556397,259.0,,,
李显,李显,小样本,7,72,False,False,1,13.888888888888888,1,14.285714285714285,0,0.0,0,0.0,0,0.0,0,0.0,0,0.0,0,0.0,0.0,0.0,0.0,0.0,0.556388,0.556388,0.556388,0.556388,0.556388,0.556388,259.0,,,
病狂人,病狂人,小样本,1,5,False,False,1,200.0,1,100.0,0,0.0,0,0.0,0,0.0,0,0.0,0,0.0,0,0.0,0.0,0.0,0.0,0.0,0.55433,0.55433,0.55433,0.55433,0.55433,0.55433,259.0,,,
上元夫人,上元夫人,小样本,3,12,False,False,1,83.33333333333333,1,33.33333333333333,0,0.0,0,0.0,0,0.0,0,0.0,0,0.0,0,0.0,0.0,0.0,0.0,0.0,0.554093,0.554093,0.554093,0.554093,0.554093,0.554093,259.0,,,
张萧远,张萧远,小样本,4,33,False,False,1,30.303030303030305,1,25.0,0,0.0,0,0.0,0,0.0,0,0.0,0,0.0,0,0.0,0.0,0.0,0.0,0.0,0.55396,0.55396,0.55396,0.55396,0.55396,0.55396,259.0,,,
葛氏女,葛氏女,小样本,1,4,False,False,1,250.0,1,100.0,0,0.0,0,0.0,0,0.0,0,0.0,0,0.0,0,0.0,0.0,0.0,0.0,0.0,0.553271,0.553271,0.553271,0.553271,0.553271,0.553271,259.0,,,
婺州山中人,婺州山中人,小样本,1,4,False,False,1,250.0,1,100.0,0,0.0,0,0.0,0,0.0,0,0.0,0,0.0,0,0.0,0.0,0.0,0.0,0.0,0.551672,0.551672,0.551672,0.551672,0.551672,0.551672,259.0,,,
李敬方,李敬方,小样本,8,140,False,False,1,7.142857142857142,1,12.5,0,0.0,0,0.0,0,0.0,0,0.0,0,0.0,0,0.0,0.0,0.0,0.0,0.0,0.550713,0.550713,0.550713,0.550713,0.550713,0.550713,259.0,,,
沈廷瑞,沈廷瑞,小样本,4,28,False,False,1,35.714285714285715,1,25.0,0,0.0,0,0.0,0,0.0,0,0.0,0,0.0,0,0.0,0.0,0.0,0.0,0.0,0.549414,0.549414,0.549414,0.549414,0.549414,0.549414,259.0,,,
牛殳,牛殳,小样本,2,54,False,False,1,18.51851851851852,1,50.0,0,0.0,0,0.0,0,0.0,0,0.0,0,0.0,0,0.0,0.0,0.0,0.0,0.0,0.549406,0.549406,0.549406,0.549406,0.549406,0.549406,259.0,,,
王表,王表,小样本,3,24,False,False,1,41.666666666666664,1,33.33333333333333,0,0.0,0,0.0,0,0.0,0,0.0,0,0.0,0,0.0,0.0,0.0,0.0,0.0,0.547407,0.547407,0.547407,0.547407,0.547407,0.547407,259.0,,,
闽后陈氏,闽后陈氏,小样本,1,6,False,False,1,166.66666666666666,1,100.0,0,0.0,0,0.0,0,0.0,0,0.0,0,0.0,0,0.0,0.0,0.0,0.0,0.0,0.545586,0.545586,0.545586,0.545586,0.545586,0.545586,259.0,,,
王继勋,王继勋,小样本,1,8,False,False,1,125.0,1,100.0,0,0.0,0,0.0,0,0.0,0,0.0,0,0.0,0,0.0,0.0,0.0,0.0,0.0,0.542993,0.542993,0.542993,0.542993,0.542993,0.542993,259.0,,,
王智兴,王智兴,小样本,1,4,False,False,1,250.0,1,100.0,0,0.0,0,0.0,0,0.0,0,0.0,0,0.0,0,0.0,0.0,0.0,0.0,0.0,0.54198,0.54198,0.54198,0.54198,0.54198,0.54198,259.0,,,
冯渚,冯渚,小样本,1,13,False,False,1,76.92307692307693,1,100.0,0,0.0,0,0.0,0,0.0,0,0.0,0,0.0,0,0.0,0.0,0.0,0.0,0.0,0.54179,0.54179,0.54179,0.54179,0.54179,0.54179,259.0,,,
卢绛,卢绛,小样本,1,12,False,False,1,83.33333333333333,1,100.0,0,0.0,0,0.0,0,0.0,0,0.0,0,0.0,0,0.0,0.0,0.0,0.0,0.0,0.53858,0.53858,0.53858,0.53858,0.53858,0.53858,259.0,,,
李搏,李搏,小样本,2,12,False,False,1,83.33333333333333,1,50.0,0,0.0,0,0.0,0,0.0,0,0.0,0,0.0,0,0.0,0.0,0.0,0.0,0.0,0.535895,0.535895,0.535895,0.535895,0.535895,0.535895,259.0,,,
赵铎,赵铎,小样本,1,16,False,False,1,62.5,1,100.0,0,0.0,0,0.0,0,0.0,0,0.0,0,0.0,0,0.0,0.0,0.0,0.0,0.0,0.535564,0.535564,0.535564,0.535564,0.535564,0.535564,259.0,,,
皇甫曙,皇甫曙,小样本,1,8,False,False,1,125.0,1,100.0,0,0.0,0,0.0,0,0.0,0,0.0,0,0.0,0,0.0,0.0,0.0,0.0,0.0,0.535377,0.535377,0.535377,0.535377,0.535377,0.535377,259.0,,,
王偃,王偃,小样本,4,16,False,False,3,187.5,2,50.0,0,0.0,0,0.0,0,0.0,0,0.0,0,0.0,0,0.0,0.0,0.0,0.0,0.0,0.534929,0.540512,0.540512,0.540512,0.540512,0.540512,259.0,,,
易思,易思,小样本,4,20,False,False,1,50.0,1,25.0,0,0.0,0,0.0,0,0.0,0,0.0,0,0.0,0,0.0,0.0,0.0,0.0,0.0,0.53255,0.53255,0.53255,0.53255,0.53255,0.53255,259.0,,,
唐思言,唐思言,小样本,1,8,False,False,1,125.0,1,100.0,0,0.0,0,0.0,0,0.0,0,0.0,0,0.0,0,0.0,0.0,0.0,0.0,0.0,0.529478,0.529478,0.529478,0.529478,0.529478,0.529478,259.0,,,
王祝,王祝,小样本,1,4,False,False,1,250.0,1,100.0,0,0.0,0,0.0,0,0.0,0,0.0,0,0.0,0,0.0,0.0,0.0,0.0,0.0,0.528641,0.528641,0.528641,0.528641,0.528641,0.528641,259.0,,,
颜舒,颜舒,小样本,1,8,False,False,1,125.0,1,100.0,0,0.0,0,0.0,0,0.0,0,0.0,0,0.0,0,0.0,0.0,0.0,0.0,0.0,0.527067,0.527067,0.527067,0.527067,0.527067,0.527067,259.0,,,
陈璠,陈璠,小样本,1,4,False,False,1,250.0,1,100.0,0,0.0,0,0.0,0,0.0,0,0.0,0,0.0,0,0.0,0.0,0.0,0.0,0.0,0.526906,0.526906,0.526906,0.526906,0.526906,0.526906,259.0,,,
查文徽,查文徽,小样本,1,8,False,False,1,125.0,1,100.0,0,0.0,0,0.0,0,0.0,0,0.0,0,0.0,0,0.0,0.0,0.0,0.0,0.0,0.522436,0.522436,0.522436,0.522436,0.522436,0.522436,259.0,,,
朱褒,朱褒,小样本,1,4,False,False,1,250.0,1,100.0,0,0.0,0,0.0,0,0.0,0,0.0,0,0.0,0,0.0,0.0,0.0,0.0,0.0,0.522039,0.522039,0.522039,0.522039,0.522039,0.522039,259.0,,,
丁位,丁位,小样本,1,12,False,False,0,0.0,0,0.0,0,0.0,0,0.0,0,0.0,0,0.0,0,0.0,0,0.0,0.0,0.0,0.0,0.0,0.0,0.0,0.0,0.0,0.0,0.0,259.0,,,
丁元和,丁元和,小样本,1,4,False,False,0,0.0,0,0.0,0,0.0,0,0.0,0,0.0,0,0.0,0,0.0,0,0.0,0.0,0.0,0.0,0.0,0.0,0.0,0.0,0.0,0.0,0.0,259.0,,,
丁居晦,丁居晦,小样本,1,12,False,False,0,0.0,0,0.0,0,0.0,0,0.0,0,0.0,0,0.0,0,0.0,0,0.0,0.0,0.0,0.0,0.0,0.0,0.0,0.0,0.0,0.0,0.0,259.0,,,
七岁女子,七岁女子,小样本,1,4,False,False,0,0.0,0,0.0,0,0.0,0,0.0,0,0.0,0,0.0,0,0.0,0,0.0,0.0,0.0,0.0,0.0,0.0,0.0,0.0,0.0,0.0,0.0,259.0,,,
万俟造,万俟造,小样本,1,12,False,False,0,0.0,0,0.0,0,0.0,0,0.0,0,0.0,0,0.0,0,0.0,0,0.0,0.0,0.0,0.0,0.0,0.0,0.0,0.0,0.0,0.0,0.0,259.0,,,
万彤云,万彤云,小样本,1,4,False,False,0,0.0,0,0.0,0,0.0,0,0.0,0,0.0,0,0.0,0,0.0,0,0.0,0.0,0.0,0.0,0.0,0.0,0.0,0.0,0.0,0.0,0.0,259.0,,,
丘丹,丘丹,稳健样本,13,127,True,False,0,0.0,0,0.0,0,0.0,0,0.0,0,0.0,0,0.0,0,0.0,0,0.0,0.0,0.0,0.0,0.0,0.0,0.0,0.0,0.0,0.0,0.0,259.0,169.0,122.0,155.0
丘悦,丘悦,小样本,1,8,False,False,0,0.0,0,0.0,0,0.0,0,0.0,0,0.0,0,0.0,0,0.0,0,0.0,0.0,0.0,0.0,0.0,0.0,0.0,0.0,0.0,0.0,0.0,259.0,,,
丘说,丘说,小样本,1,8,False,False,0,0.0,0,0.0,0,0.0,0,0.0,0,0.0,0,0.0,0,0.0,0,0.0,0.0,0.0,0.0,0.0,0.0,0.0,0.0,0.0,0.0,0.0,259.0,,,
东方虬,东方虬,小样本,3,28,False,False,0,0.0,0,0.0,0,0.0,0,0.0,0,0.0,0,0.0,0,0.0,0,0.0,0.0,0.0,0.0,0.0,0.0,0.0,0.0,0.0,0.0,0.0,259.0,,,
严休复,严休复,小样本,1,8,False,False,0,0.0,0,0.0,0,0.0,0,0.0,0,0.0,0,0.0,0,0.0,0,0.0,0.0,0.0,0.0,0.0,0.0,0.0,0.0,0.0,0.0,0.0,259.0,,,
严公弼,严公弼,小样本,1,4,False,False,0,0.0,0,0.0,0,0.0,0,0.0,0,0.0,0,0.0,0,0.0,0,0.0,0.0,0.0,0.0,0.0,0.0,0.0,0.0,0.0,0.0,0.0,259.0,,,
严公贶,严公贶,小样本,1,8,False,False,0,0.0,0,0.0,0,0.0,0,0.0,0,0.0,0,0.0,0,0.0,0,0.0,0.0,0.0,0.0,0.0,0.0,0.0,0.0,0.0,0.0,0.0,259.0,,,
严含质,严含质,小样本,2,10,False,False,0,0.0,0,0.0,0,0.0,0,0.0,0,0.0,0,0.0,0,0.0,0,0.0,0.0,0.0,0.0,0.0,0.0,0.0,0.0,0.0,0.0,0.0,259.0,,,
严巨川,严巨川,小样本,2,24,False,False,0,0.0,0,0.0,0,0.0,0,0.0,0,0.0,0,0.0,0,0.0,0,0.0,0.0,0.0,0.0,0.0,0.0,0.0,0.0,0.0,0.0,0.0,259.0,,,
严恽,严恽,小样本,1,4,False,False,0,0.0,0,0.0,0,0.0,0,0.0,0,0.0,0,0.0,0,0.0,0,0.0,0.0,0.0,0.0,0.0,0.0,0.0,0.0,0.0,0.0,0.0,259.0,,,
严续姬,严续姬,小样本,1,4,False,False,0,0.0,0,0.0,0,0.0,0,0.0,0,0.0,0,0.0,0,0.0,0,0.0,0.0,0.0,0.0,0.0,0.0,0.0,0.0,0.0,0.0,0.0,259.0,,,
严郭,严郭,小样本,1,8,False,False,0,0.0,0,0.0,0,0.0,0,0.0,0,0.0,0,0.0,0,0.0,0,0.0,0.0,0.0,0.0,0.0,0.0,0.0,0.0,0.0,0.0,0.0,259.0,,,
严郾,严郾,小样本,2,16,False,False,0,0.0,0,0.0,0,0.0,0,0.0,0,0.0,0,0.0,0,0.0,0,0.0,0.0,0.0,0.0,0.0,0.0,0.0,0.0,0.0,0.0,0.0,259.0,,,
严震,严震,小样本,1,5,False,False,0,0.0,0,0.0,0,0.0,0,0.0,0,0.0,0,0.0,0,0.0,0,0.0,0.0,0.0,0.0,0.0,0.0,0.0,0.0,0.0,0.0,0.0,259.0,,,
中宗朝优人,中宗朝优人,小样本,1,4,False,False,0,0.0,0,0.0,0,0.0,0,0.0,0,0.0,0,0.0,0,0.0,0,0.0,0.0,0.0,0.0,0.0,0.0,0.0,0.0,0.0,0.0,0.0,259.0,,,
丰干,丰干,小样本,1,24,False,False,0,0.0,0,0.0,0,0.0,0,0.0,0,0.0,0,0.0,0,0.0,0,0.0,0.0,0.0,0.0,0.0,0.0,0.0,0.0,0.0,0.0,0.0,259.0,,,
乐伸,乐伸,小样本,1,12,False,False,0,0.0,0,0.0,0,0.0,0,0.0,0,0.0,0,0.0,0,0.0,0,0.0,0.0,0.0,0.0,0.0,0.0,0.0,0.0,0.0,0.0,0.0,259.0,,,
乔侃,乔侃,小样本,1,10,False,False,0,0.0,0,0.0,0,0.0,0,0.0,0,0.0,0,0.0,0,0.0,0,0.0,0.0,0.0,0.0,0.0,0.0,0.0,0.0,0.0,0.0,0.0,259.0,,,
乔氏,乔氏,小样本,1,4,False,False,0,0.0,0,0.0,0,0.0,0,0.0,0,0.0,0,0.0,0,0.0,0,0.0,0.0,0.0,0.0,0.0,0.0,0.0,0.0,0.0,0.0,0.0,259.0,,,
乔舜,乔舜,小样本,1,8,False,False,0,0.0,0,0.0,0,0.0,0,0.0,0,0.0,0,0.0,0,0.0,0,0.0,0.0,0.0,0.0,0.0,0.0,0.0,0.0,0.0,0.0,0.0,259.0,,,
书生,书生,小样本,1,4,False,False,0,0.0,0,0.0,0,0.0,0,0.0,0,0.0,0,0.0,0,0.0,0,0.0,0.0,0.0,0.0,0.0,0.0,0.0,0.0,0.0,0.0,0.0,259.0,,,
乾康,乾康,小样本,3,12,False,False,0,0.0,0,0.0,0,0.0,0,0.0,0,0.0,0,0.0,0,0.0,0,0.0,0.0,0.0,0.0,0.0,0.0,0.0,0.0,0.0,0.0,0.0,259.0,,,
于兴宗,于兴宗,小样本,2,12,False,False,0,0.0,0,0.0,0,0.0,0,0.0,0,0.0,0,0.0,0,0.0,0,0.0,0.0,0.0,0.0,0.0,0.0,0.0,0.0,0.0,0.0,0.0,259.0,,,
于志宁,于志宁,小样本,1,8,False,False,0,0.0,0,0.0,0,0.0,0,0.0,0,0.0,0,0.0,0,0.0,0,0.0,0.0,0.0,0.0,0.0,0.0,0.0,0.0,0.0,0.0,0.0,259.0,,,
于敖,于敖,小样本,1,4,False,False,0,0.0,0,0.0,0,0.0,0,0.0,0,0.0,0,0.0,0,0.0,0,0.0,0.0,0.0,0.0,0.0,0.0,0.0,0.0,0.0,0.0,0.0,259.0,,,
于瑰,于瑰,小样本,1,16,False,False,0,0.0,0,0.0,0,0.0,0,0.0,0,0.0,0,0.0,0,0.0,0,0.0,0.0,0.0,0.0,0.0,0.0,0.0,0.0,0.0,0.0,0.0,259.0,,,
于经野,于经野,小样本,1,8,False,False,0,0.0,0,0.0,0,0.0,0,0.0,0,0.0,0,0.0,0,0.0,0,0.0,0.0,0.0,0.0,0.0,0.0,0.0,0.0,0.0,0.0,0.0,259.0,,,
于结,于结,小样本,1,12,False,False,0,0.0,0,0.0,0,0.0,0,0.0,0,0.0,0,0.0,0,0.0,0,0.0,0.0,0.0,0.0,0.0,0.0,0.0,0.0,0.0,0.0,0.0,259.0,,,
于逖,于逖,小样本,2,30,False,False,0,0.0,0,0.0,0,0.0,0,0.0,0,0.0,0,0.0,0,0.0,0,0.0,0.0,0.0,0.0,0.0,0.0,0.0,0.0,0.0,0.0,0.0,259.0,,,
云台峰女仙,云台峰女仙,小样本,5,20,False,False,0,0.0,0,0.0,0,0.0,0,0.0,0,0.0,0,0.0,0,0.0,0,0.0,0.0,0.0,0.0,0.0,0.0,0.0,0.0,0.0,0.0,0.0,259.0,,,
云容,云容,小样本,1,1,False,False,0,0.0,0,0.0,0,0.0,0,0.0,0,0.0,0,0.0,0,0.0,0,0.0,0.0,0.0,0.0,0.0,0.0,0.0,0.0,0.0,0.0,0.0,259.0,,,
云表,云表,小样本,1,4,False,False,0,0.0,0,0.0,0,0.0,0,0.0,0,0.0,0,0.0,0,0.0,0,0.0,0.0,0.0,0.0,0.0,0.0,0.0,0.0,0.0,0.0,0.0,259.0,,,
亚栖,亚栖,小样本,2,8,False,False,0,0.0,0,0.0,0,0.0,0,0.0,0,0.0,0,0.0,0,0.0,0,0.0,0.0,0.0,0.0,0.0,0.0,0.0,0.0,0.0,0.0,0.0,259.0,,,
京兆女子,京兆女子,小样本,1,4,False,False,0,0.0,0,0.0,0,0.0,0,0.0,0,0.0,0,0.0,0,0.0,0,0.0,0.0,0.0,0.0,0.0,0.0,0.0,0.0,0.0,0.0,0.0,259.0,,,
介胄鬼,介胄鬼,小样本,1,8,False,False,0,0.0,0,0.0,0,0.0,0,0.0,0,0.0,0,0.0,0,0.0,0,0.0,0.0,0.0,0.0,0.0,0.0,0.0,0.0,0.0,0.0,0.0,259.0,,,
令狐峘,令狐峘,小样本,2,28,False,False,0,0.0,0,0.0,0,0.0,0,0.0,0,0.0,0,0.0,0,0.0,0,0.0,0.0,0.0,0.0,0.0,0.0,0.0,0.0,0.0,0.0,0.0,259.0,,,
令狐德棻,令狐德棻,小样本,1,8,False,False,0,0.0,0,0.0,0,0.0,0,0.0,0,0.0,0,0.0,0,0.0,0,0.0,0.0,0.0,0.0,0.0,0.0,0.0,0.0,0.0,0.0,0.0,259.0,,,
令狐挺,令狐挺,小样本,1,4,False,False,0,0.0,0,0.0,0,0.0,0,0.0,0,0.0,0,0.0,0,0.0,0,0.0,0.0,0.0,0.0,0.0,0.0,0.0,0.0,0.0,0.0,0.0,259.0,,,
令狐绹,令狐绹,小样本,1,4,False,False,0,0.0,0,0.0,0,0.0,0,0.0,0,0.0,0,0.0,0,0.0,0,0.0,0.0,0.0,0.0,0.0,0.0,0.0,0.0,0.0,0.0,0.0,259.0,,,
仲子陵,仲子陵,小样本,1,12,False,False,0,0.0,0,0.0,0,0.0,0,0.0,0,0.0,0,0.0,0,0.0,0,0.0,0.0,0.0,0.0,0.0,0.0,0.0,0.0,0.0,0.0,0.0,259.0,,,
任希古,任希古,小样本,6,98,False,False,0,0.0,0,0.0,0,0.0,0,0.0,0,0.0,0,0.0,0,0.0,0,0.0,0.0,0.0,0.0,0.0,0.0,0.0,0.0,0.0,0.0,0.0,259.0,,,
任玠,任玠,小样本,1,2,False,False,0,0.0,0,0.0,0,0.0,0,0.0,0,0.0,0,0.0,0,0.0,0,0.0,0.0,0.0,0.0,0.0,0.0,0.0,0.0,0.0,0.0,0.0,259.0,,,
任生,任生,小样本,2,8,False,False,0,0.0,0,0.0,0,0.0,0,0.0,0,0.0,0,0.0,0,0.0,0,0.0,0.0,0.0,0.0,0.0,0.0,0.0,0.0,0.0,0.0,0.0,259.0,,,
任要,任要,小样本,1,10,False,False,0,0.0,0,0.0,0,0.0,0,0.0,0,0.0,0,0.0,0,0.0,0,0.0,0.0,0.0,0.0,0.0,0.0,0.0,0.0,0.0,0.0,0.0,259.0,,,
伊梦昌,伊梦昌,小样本,2,13,False,False,0,0.0,0,0.0,0,0.0,0,0.0,0,0.0,0,0.0,0,0.0,0,0.0,0.0,0.0,0.0,0.0,0.0,0.0,0.0,0.0,0.0,0.0,259.0,,,
伊璠,伊璠,小样本,1,8,False,False,0,0.0,0,0.0,0,0.0,0,0.0,0,0.0,0,0.0,0,0.0,0,0.0,0.0,0.0,0.0,0.0,0.0,0.0,0.0,0.0,0.0,0.0,259.0,,,
伶人,伶人,小样本,1,2,False,False,0,0.0,0,0.0,0,0.0,0,0.0,0,0.0,0,0.0,0,0.0,0,0.0,0.0,0.0,0.0,0.0,0.0,0.0,0.0,0.0,0.0,0.0,259.0,,,
何仲举,何仲举,小样本,2,8,False,False,0,0.0,0,0.0,0,0.0,0,0.0,0,0.0,0,0.0,0,0.0,0,0.0,0.0,0.0,0.0,0.0,0.0,0.0,0.0,0.0,0.0,0.0,259.0,,,
何仲宣,何仲宣,小样本,1,8,False,False,0,0.0,0,0.0,0,0.0,0,0.0,0,0.0,0,0.0,0,0.0,0,0.0,0.0,0.0,0.0,0.0,0.0,0.0,0.0,0.0,0.0,0.0,259.0,,,
何儒亮,何儒亮,小样本,1,12,False,False,0,0.0,0,0.0,0,0.0,0,0.0,0,0.0,0,0.0,0,0.0,0,0.0,0.0,0.0,0.0,0.0,0.0,0.0,0.0,0.0,0.0,0.0,259.0,,,
何元上,何元上,小样本,1,8,False,False,0,0.0,0,0.0,0,0.0,0,0.0,0,0.0,0,0.0,0,0.0,0,0.0,0.0,0.0,0.0,0.0,0.0,0.0,0.0,0.0,0.0,0.0,259.0,,,
何光远,何光远,小样本,3,16,False,False,0,0.0,0,0.0,0,0.0,0,0.0,0,0.0,0,0.0,0,0.0,0,0.0,0.0,0.0,0.0,0.0,0.0,0.0,0.0,0.0,0.0,0.0,259.0,,,
何希尧,何希尧,小样本,4,16,False,False,0,0.0,0,0.0,0,0.0,0,0.0,0,0.0,0,0.0,0,0.0,0,0.0,0.0,0.0,0.0,0.0,0.0,0.0,0.0,0.0,0.0,0.0,259.0,,,
何扶,何扶,小样本,2,12,False,False,0,0.0,0,0.0,0,0.0,0,0.0,0,0.0,0,0.0,0,0.0,0,0.0,0.0,0.0,0.0,0.0,0.0,0.0,0.0,0.0,0.0,0.0,259.0,,,
何承裕,何承裕,小样本,1,2,False,False,0,0.0,0,0.0,0,0.0,0,0.0,0,0.0,0,0.0,0,0.0,0,0.0,0.0,0.0,0.0,0.0,0.0,0.0,0.0,0.0,0.0,0.0,259.0,,,
何昌龄,何昌龄,小样本,1,4,False,False,0,0.0,0,0.0,0,0.0,0,0.0,0,0.0,0,0.0,0,0.0,0,0.0,0.0,0.0,0.0,0.0,0.0,0.0,0.0,0.0,0.0,0.0,259.0,,,
何象,何象,小样本,1,4,False,False,0,0.0,0,0.0,0,0.0,0,0.0,0,0.0,0,0.0,0,0.0,0,0.0,0.0,0.0,0.0,0.0,0.0,0.0,0.0,0.0,0.0,0.0,259.0,,,
何频瑜,何频瑜,小样本,1,12,False,False,0,0.0,0,0.0,0,0.0,0,0.0,0,0.0,0,0.0,0,0.0,0,0.0,0.0,0.0,0.0,0.0,0.0,0.0,0.0,0.0,0.0,0.0,259.0,,,
何鸾,何鸾,小样本,2,16,False,False,0,0.0,0,0.0,0,0.0,0,0.0,0,0.0,0,0.0,0,0.0,0,0.0,0.0,0.0,0.0,0.0,0.0,0.0,0.0,0.0,0.0,0.0,259.0,,,
余延寿,余延寿,小样本,1,16,False,False,0,0.0,0,0.0,0,0.0,0,0.0,0,0.0,0,0.0,0,0.0,0,0.0,0.0,0.0,0.0,0.0,0.0,0.0,0.0,0.0,0.0,0.0,259.0,,,
侯冽,侯冽,小样本,2,24,False,False,0,0.0,0,0.0,0,0.0,0,0.0,0,0.0,0,0.0,0,0.0,0,0.0,0.0,0.0,0.0,0.0,0.0,0.0,0.0,0.0,0.0,0.0,259.0,,,
侯氏,侯氏,小样本,1,8,False,False,0,0.0,0,0.0,0,0.0,0,0.0,0,0.0,0,0.0,0,0.0,0,0.0,0.0,0.0,0.0,0.0,0.0,0.0,0.0,0.0,0.0,0.0,259.0,,,
侯道华,侯道华,小样本,1,12,False,False,0,0.0,0,0.0,0,0.0,0,0.0,0,0.0,0,0.0,0,0.0,0,0.0,0.0,0.0,0.0,0.0,0.0,0.0,0.0,0.0,0.0,0.0,259.0,,,
俞简,俞简,小样本,1,12,False,False,0,0.0,0,0.0,0,0.0,0,0.0,0,0.0,0,0.0,0,0.0,0,0.0,0.0,0.0,0.0,0.0,0.0,0.0,0.0,0.0,0.0,0.0,259.0,,,
僖宗北省官,僖宗北省官,小样本,1,4,False,False,0,0.0,0,0.0,0,0.0,0,0.0,0,0.0,0,0.0,0,0.0,0,0.0,0.0,0.0,0.0,0.0,0.0,0.0,0.0,0.0,0.0,0.0,259.0,,,
僖宗宫人,僖宗宫人,小样本,1,4,False,False,0,0.0,0,0.0,0,0.0,0,0.0,0,0.0,0,0.0,0,0.0,0,0.0,0.0,0.0,0.0,0.0,0.0,0.0,0.0,0.0,0.0,0.0,259.0,,,
僧凤,僧凤,小样本,1,8,False,False,0,0.0,0,0.0,0,0.0,0,0.0,0,0.0,0,0.0,0,0.0,0,0.0,0.0,0.0,0.0,0.0,0.0,0.0,0.0,0.0,0.0,0.0,259.0,,,
僧法轨,僧法轨,小样本,1,5,False,False,0,0.0,0,0.0,0,0.0,0,0.0,0,0.0,0,0.0,0,0.0,0,0.0,0.0,0.0,0.0,0.0,0.0,0.0,0.0,0.0,0.0,0.0,259.0,,,
元凛,元凛,小样本,2,16,False,False,0,0.0,0,0.0,0,0.0,0,0.0,0,0.0,0,0.0,0,0.0,0,0.0,0.0,0.0,0.0,0.0,0.0,0.0,0.0,0.0,0.0,0.0,259.0,,,
元友直,元友直,小样本,1,12,False,False,0,0.0,0,0.0,0,0.0,0,0.0,0,0.0,0,0.0,0,0.0,0,0.0,0.0,0.0,0.0,0.0,0.0,0.0,0.0,0.0,0.0,0.0,259.0,,,
元友让,元友让,小样本,1,12,False,False,0,0.0,0,0.0,0,0.0,0,0.0,0,0.0,0,0.0,0,0.0,0,0.0,0.0,0.0,0.0,0.0,0.0,0.0,0.0,0.0,0.0,0.0,259.0,,,
元孚,元孚,小样本,2,8,False,False,0,0.0,0,0.0,0,0.0,0,0.0,0,0.0,0,0.0,0,0.0,0,0.0,0.0,0.0,0.0,0.0,0.0,0.0,0.0,0.0,0.0,0.0,259.0,,,
元季川,元季川,小样本,4,44,False,False,0,0.0,0,0.0,0,0.0,0,0.0,0,0.0,0,0.0,0,0.0,0,0.0,0.0,0.0,0.0,0.0,0.0,0.0,0.0,0.0,0.0,0.0,259.0,,,
元寂,元寂,小样本,1,4,False,False,0,0.0,0,0.0,0,0.0,0,0.0,0,0.0,0,0.0,0,0.0,0,0.0,0.0,0.0,0.0,0.0,0.0,0.0,0.0,0.0,0.0,0.0,259.0,,,
元晟,元晟,小样本,1,8,False,False,0,0.0,0,0.0,0,0.0,0,0.0,0,0.0,0,0.0,0,0.0,0,0.0,0.0,0.0,0.0,0.0,0.0,0.0,0.0,0.0,0.0,0.0,259.0,,,
元晦,元晦,小样本,3,52,False,False,0,0.0,0,0.0,0,0.0,0,0.0,0,0.0,0,0.0,0,0.0,0,0.0,0.0,0.0,0.0,0.0,0.0,0.0,0.0,0.0,0.0,0.0,259.0,,,
元淳,元淳,小样本,3,24,False,False,0,0.0,0,0.0,0,0.0,0,0.0,0,0.0,0,0.0,0,0.0,0,0.0,0.0,0.0,0.0,0.0,0.0,0.0,0.0,0.0,0.0,0.0,259.0,,,
元础,元础,小样本,1,4,False,False,0,0.0,0,0.0,0,0.0,0,0.0,0,0.0,0,0.0,0,0.0,0,0.0,0.0,0.0,0.0,0.0,0.0,0.0,0.0,0.0,0.0,0.0,259.0,,,
元载,元载,小样本,1,4,False,False,0,0.0,0,0.0,0,0.0,0,0.0,0,0.0,0,0.0,0,0.0,0,0.0,0.0,0.0,0.0,0.0,0.0,0.0,0.0,0.0,0.0,0.0,259.0,,,
先汪,先汪,小样本,1,4,False,False,0,0.0,0,0.0,0,0.0,0,0.0,0,0.0,0,0.0,0,0.0,0,0.0,0.0,0.0,0.0,0.0,0.0,0.0,0.0,0.0,0.0,0.0,259.0,,,
公孙杲,公孙杲,小样本,1,8,False,False,0,0.0,0,0.0,0,0.0,0,0.0,0,0.0,0,0.0,0,0.0,0,0.0,0.0,0.0,0.0,0.0,0.0,0.0,0.0,0.0,0.0,0.0,259.0,,,
冢中人,冢中人,小样本,1,5,False,False,0,0.0,0,0.0,0,0.0,0,0.0,0,0.0,0,0.0,0,0.0,0,0.0,0.0,0.0,0.0,0.0,0.0,0.0,0.0,0.0,0.0,0.0,259.0,,,
冯伉,冯伉,小样本,1,8,False,False,0,0.0,0,0.0,0,0.0,0,0.0,0,0.0,0,0.0,0,0.0,0,0.0,0.0,0.0,0.0,0.0,0.0,0.0,0.0,0.0,0.0,0.0,259.0,,,
冯宿,冯宿,小样本,2,20,False,False,0,0.0,0,0.0,0,0.0,0,0.0,0,0.0,0,0.0,0,0.0,0,0.0,0.0,0.0,0.0,0.0,0.0,0.0,0.0,0.0,0.0,0.0,259.0,,,
冯晖,冯晖,小样本,1,2,False,False,0,0.0,0,0.0,0,0.0,0,0.0,0,0.0,0,0.0,0,0.0,0,0.0,0.0,0.0,0.0,0.0,0.0,0.0,0.0,0.0,0.0,0.0,259.0,,,
冯道之,冯道之,小样本,1,12,False,False,0,0.0,0,0.0,0,0.0,0,0.0,0,0.0,0,0.0,0,0.0,0,0.0,0.0,0.0,0.0,0.0,0.0,0.0,0.0,0.0,0.0,0.0,259.0,,,
冯道幕客,冯道幕客,小样本,1,4,False,False,0,0.0,0,0.0,0,0.0,0,0.0,0,0.0,0,0.0,0,0.0,0,0.0,0.0,0.0,0.0,0.0,0.0,0.0,0.0,0.0,0.0,0.0,259.0,,,
冷朝光,冷朝光,小样本,1,4,False,False,0,0.0,0,0.0,0,0.0,0,0.0,0,0.0,0,0.0,0,0.0,0,0.0,0.0,0.0,0.0,0.0,0.0,0.0,0.0,0.0,0.0,0.0,259.0,,,
净显,净显,小样本,1,7,False,False,0,0.0,0,0.0,0,0.0,0,0.0,0,0.0,0,0.0,0,0.0,0,0.0,0.0,0.0,0.0,0.0,0.0,0.0,0.0,0.0,0.0,0.0,259.0,,,
刘义度,刘义度,小样本,1,4,False,False,0,0.0,0,0.0,0,0.0,0,0.0,0,0.0,0,0.0,0,0.0,0,0.0,0.0,0.0,0.0,0.0,0.0,0.0,0.0,0.0,0.0,0.0,259.0,,,
刘乙,刘乙,小样本,4,26,False,False,0,0.0,0,0.0,0,0.0,0,0.0,0,0.0,0,0.0,0,0.0,0,0.0,0.0,0.0,0.0,0.0,0.0,0.0,0.0,0.0,0.0,0.0,259.0,,,
刘侍读,刘侍读,小样本,1,8,False,False,0,0.0,0,0.0,0,0.0,0,0.0,0,0.0,0,0.0,0,0.0,0,0.0,0.0,0.0,0.0,0.0,0.0,0.0,0.0,0.0,0.0,0.0,259.0,,,
刘元济,刘元济,小样本,1,8,False,False,0,0.0,0,0.0,0,0.0,0,0.0,0,0.0,0,0.0,0,0.0,0,0.0,0.0,0.0,0.0,0.0,0.0,0.0,0.0,0.0,0.0,0.0,259.0,,,
刘元载妻,刘元载妻,小样本,1,4,False,False,0,0.0,0,0.0,0,0.0,0,0.0,0,0.0,0,0.0,0,0.0,0,0.0,0.0,0.0,0.0,0.0,0.0,0.0,0.0,0.0,0.0,0.0,259.0,,,
刘公兴,刘公兴,小样本,1,12,False,False,0,0.0,0,0.0,0,0.0,0,0.0,0,0.0,0,0.0,0,0.0,0,0.0,0.0,0.0,0.0,0.0,0.0,0.0,0.0,0.0,0.0,0.0,259.0,,,
刘升,刘升,小样本,1,12,False,False,0,0.0,0,0.0,0,0.0,0,0.0,0,0.0,0,0.0,0,0.0,0,0.0,0.0,0.0,0.0,0.0,0.0,0.0,0.0,0.0,0.0,0.0,259.0,,,
刘坦,刘坦,小样本,1,4,False,False,0,0.0,0,0.0,0,0.0,0,0.0,0,0.0,0,0.0,0,0.0,0,0.0,0.0,0.0,0.0,0.0,0.0,0.0,0.0,0.0,0.0,0.0,259.0,,,
刘太冲,刘太冲,小样本,1,8,False,False,0,0.0,0,0.0,0,0.0,0,0.0,0,0.0,0,0.0,0,0.0,0,0.0,0.0,0.0,0.0,0.0,0.0,0.0,0.0,0.0,0.0,0.0,259.0,,,
刘夷道,刘夷道,小样本,1,4,False,False,0,0.0,0,0.0,0,0.0,0,0.0,0,0.0,0,0.0,0,0.0,0,0.0,0.0,0.0,0.0,0.0,0.0,0.0,0.0,0.0,0.0,0.0,259.0,,,
刘媛,刘媛,小样本,3,16,False,False,0,0.0,0,0.0,0,0.0,0,0.0,0,0.0,0,0.0,0,0.0,0,0.0,0.0,0.0,0.0,0.0,0.0,0.0,0.0,0.0,0.0,0.0,259.0,,,
刘宪,刘宪,稳健样本,27,220,True,False,0,0.0,0,0.0,0,0.0,0,0.0,0,0.0,0,0.0,0,0.0,0,0.0,0.0,0.0,0.0,0.0,0.0,0.0,0.0,0.0,0.0,0.0,259.0,169.0,122.0,155.0
刘山甫,刘山甫,小样本,1,4,False,False,0,0.0,0,0.0,0,0.0,0,0.0,0,0.0,0,0.0,0,0.0,0,0.0,0.0,0.0,0.0,0.0,0.0,0.0,0.0,0.0,0.0,0.0,259.0,,,
刘崇鲁,刘崇鲁,小样本,1,4,False,False,0,0.0,0,0.0,0,0.0,0,0.0,0,0.0,0,0.0,0,0.0,0,0.0,0.0,0.0,0.0,0.0,0.0,0.0,0.0,0.0,0.0,0.0,259.0,,,
刘崇龟,刘崇龟,小样本,1,4,False,False,0,0.0,0,0.0,0,0.0,0,0.0,0,0.0,0,0.0,0,0.0,0,0.0,0.0,0.0,0.0,0.0,0.0,0.0,0.0,0.0,0.0,0.0,259.0,,,
刘幽求,刘幽求,小样本,1,4,False,False,0,0.0,0,0.0,0,0.0,0,0.0,0,0.0,0,0.0,0,0.0,0,0.0,0.0,0.0,0.0,0.0,0.0,0.0,0.0,0.0,0.0,0.0,259.0,,,
刘庄物,刘庄物,小样本,1,12,False,False,0,0.0,0,0.0,0,0.0,0,0.0,0,0.0,0,0.0,0,0.0,0,0.0,0.0,0.0,0.0,0.0,0.0,0.0,0.0,0.0,0.0,0.0,259.0,,,
刘廓,刘廓,小样本,1,8,False,False,0,0.0,0,0.0,0,0.0,0,0.0,0,0.0,0,0.0,0,0.0,0,0.0,0.0,0.0,0.0,0.0,0.0,0.0,0.0,0.0,0.0,0.0,259.0,,,
刘怀一,刘怀一,小样本,1,12,False,False,0,0.0,0,0.0,0,0.0,0,0.0,0,0.0,0,0.0,0,0.0,0,0.0,0.0,0.0,0.0,0.0,0.0,0.0,0.0,0.0,0.0,0.0,259.0,,,
刘损,刘损,小样本,1,24,False,False,0,0.0,0,0.0,0,0.0,0,0.0,0,0.0,0,0.0,0,0.0,0,0.0,0.0,0.0,0.0,0.0,0.0,0.0,0.0,0.0,0.0,0.0,259.0,,,
刘晃,刘晃,小样本,2,16,False,False,0,0.0,0,0.0,0,0.0,0,0.0,0,0.0,0,0.0,0,0.0,0,0.0,0.0,0.0,0.0,0.0,0.0,0.0,0.0,0.0,0.0,0.0,259.0,,,
刘暌,刘暌,小样本,1,8,False,False,0,0.0,0,0.0,0,0.0,0,0.0,0,0.0,0,0.0,0,0.0,0,0.0,0.0,0.0,0.0,0.0,0.0,0.0,0.0,0.0,0.0,0.0,259.0,,,
刘望,刘望,小样本,1,8,False,False,0,0.0,0,0.0,0,0.0,0,0.0,0,0.0,0,0.0,0,0.0,0,0.0,0.0,0.0,0.0,0.0,0.0,0.0,0.0,0.0,0.0,0.0,259.0,,,
刘氏亡妇,刘氏亡妇,小样本,1,8,False,False,0,0.0,0,0.0,0,0.0,0,0.0,0,0.0,0,0.0,0,0.0,0,0.0,0.0,0.0,0.0,0.0,0.0,0.0,0.0,0.0,0.0,0.0,259.0,,,
刘氏妇,刘氏妇,小样本,1,8,False,False,0,0.0,0,0.0,0,0.0,0,0.0,0,0.0,0,0.0,0,0.0,0,0.0,0.0,0.0,0.0,0.0,0.0,0.0,0.0,0.0,0.0,0.0,259.0,,,
刘氏媛,刘氏媛,小样本,1,8,False,False,0,0.0,0,0.0,0,0.0,0,0.0,0,0.0,0,0.0,0,0.0,0,0.0,0.0,0.0,0.0,0.0,0.0,0.0,0.0,0.0,0.0,0.0,259.0,,,
刘氏瑶,刘氏瑶,小样本,1,10,False,False,0,0.0,0,0.0,0,0.0,0,0.0,0,0.0,0,0.0,0,0.0,0,0.0,0.0,0.0,0.0,0.0,0.0,0.0,0.0,0.0,0.0,0.0,259.0,,,
刘洎,刘洎,小样本,1,12,False,False,0,0.0,0,0.0,0,0.0,0,0.0,0,0.0,0,0.0,0,0.0,0,0.0,0.0,0.0,0.0,0.0,0.0,0.0,0.0,0.0,0.0,0.0,259.0,,,
刘洞,刘洞,小样本,2,10,False,False,0,0.0,0,0.0,0,0.0,0,0.0,0,0.0,0,0.0,0,0.0,0,0.0,0.0,0.0,0.0,0.0,0.0,0.0,0.0,0.0,0.0,0.0,259.0,,,
刘济,刘济,小样本,1,16,False,False,0,0.0,0,0.0,0,0.0,0,0.0,0,0.0,0,0.0,0,0.0,0,0.0,0.0,0.0,0.0,0.0,0.0,0.0,0.0,0.0,0.0,0.0,259.0,,,
刘淑柔,刘淑柔,小样本,1,8,False,False,0,0.0,0,0.0,0,0.0,0,0.0,0,0.0,0,0.0,0,0.0,0,0.0,0.0,0.0,0.0,0.0,0.0,0.0,0.0,0.0,0.0,0.0,259.0,,,
刘炎,刘炎,小样本,1,2,False,False,0,0.0,0,0.0,0,0.0,0,0.0,0,0.0,0,0.0,0,0.0,0,0.0,0.0,0.0,0.0,0.0,0.0,0.0,0.0,0.0,0.0,0.0,259.0,,,
刘猛,刘猛,小样本,3,22,False,False,0,0.0,0,0.0,0,0.0,0,0.0,0,0.0,0,0.0,0,0.0,0,0.0,0.0,0.0,0.0,0.0,0.0,0.0,0.0,0.0,0.0,0.0,259.0,,,
刘瑶,刘瑶,小样本,3,20,False,False,0,0.0,0,0.0,0,0.0,0,0.0,0,0.0,0,0.0,0,0.0,0,0.0,0.0,0.0,0.0,0.0,0.0,0.0,0.0,0.0,0.0,0.0,259.0,,,
刘璐,刘璐,小样本,1,8,False,False,0,0.0,0,0.0,0,0.0,0,0.0,0,0.0,0,0.0,0,0.0,0,0.0,0.0,0.0,0.0,0.0,0.0,0.0,0.0,0.0,0.0,0.0,259.0,,,
刘畋,刘畋,小样本,2,11,False,False,0,0.0,0,0.0,0,0.0,0,0.0,0,0.0,0,0.0,0,0.0,0,0.0,0.0,0.0,0.0,0.0,0.0,0.0,0.0,0.0,0.0,0.0,259.0,,,
刘皋,刘皋,小样本,1,8,False,False,0,0.0,0,0.0,0,0.0,0,0.0,0,0.0,0,0.0,0,0.0,0,0.0,0.0,0.0,0.0,0.0,0.0,0.0,0.0,0.0,0.0,0.0,259.0,,,
刘真,刘真,小样本,1,12,False,False,0,0.0,0,0.0,0,0.0,0,0.0,0,0.0,0,0.0,0,0.0,0,0.0,0.0,0.0,0.0,0.0,0.0,0.0,0.0,0.0,0.0,0.0,259.0,,,
刘祎之,刘祎之,小样本,5,56,False,False,0,0.0,0,0.0,0,0.0,0,0.0,0,0.0,0,0.0,0,0.0,0,0.0,0.0,0.0,0.0,0.0,0.0,0.0,0.0,0.0,0.0,0.0,259.0,,,
刘章,刘章,小样本,1,8,False,False,0,0.0,0,0.0,0,0.0,0,0.0,0,0.0,0,0.0,0,0.0,0,0.0,0.0,0.0,0.0,0.0,0.0,0.0,0.0,0.0,0.0,0.0,259.0,,,
刘羲叟,刘羲叟,小样本,1,4,False,False,0,0.0,0,0.0,0,0.0,0,0.0,0,0.0,0,0.0,0,0.0,0,0.0,0.0,0.0,0.0,0.0,0.0,0.0,0.0,0.0,0.0,0.0,259.0,,,
刘耕,刘耕,小样本,1,8,False,False,0,0.0,0,0.0,0,0.0,0,0.0,0,0.0,0,0.0,0,0.0,0,0.0,0.0,0.0,0.0,0.0,0.0,0.0,0.0,0.0,0.0,0.0,259.0,,,
刘舟,刘舟,小样本,1,8,False,False,0,0.0,0,0.0,0,0.0,0,0.0,0,0.0,0,0.0,0,0.0,0,0.0,0.0,0.0,0.0,0.0,0.0,0.0,0.0,0.0,0.0,0.0,259.0,,,
刘谷,刘谷,小样本,1,4,False,False,0,0.0,0,0.0,0,0.0,0,0.0,0,0.0,0,0.0,0,0.0,0,0.0,0.0,0.0,0.0,0.0,0.0,0.0,0.0,0.0,0.0,0.0,259.0,,,
刘象,刘象,小样本,7,56,False,False,0,0.0,0,0.0,0,0.0,0,0.0,0,0.0,0,0.0,0,0.0,0,0.0,0.0,0.0,0.0,0.0,0.0,0.0,0.0,0.0,0.0,0.0,259.0,,,
刘赞,刘赞,小样本,2,12,False,False,0,0.0,0,0.0,0,0.0,0,0.0,0,0.0,0,0.0,0,0.0,0,0.0,0.0,0.0,0.0,0.0,0.0,0.0,0.0,0.0,0.0,0.0,259.0,,,
刘轲,刘轲,小样本,1,12,False,False,0,0.0,0,0.0,0,0.0,0,0.0,0,0.0,0,0.0,0,0.0,0,0.0,0.0,0.0,0.0,0.0,0.0,0.0,0.0,0.0,0.0,0.0,259.0,,,
刘辟,刘辟,小样本,1,24,False,False,0,0.0,0,0.0,0,0.0,0,0.0,0,0.0,0,0.0,0,0.0,0,0.0,0.0,0.0,0.0,0.0,0.0,0.0,0.0,0.0,0.0,0.0,259.0,,,
刘迥,刘迥,小样本,1,24,False,False,0,0.0,0,0.0,0,0.0,0,0.0,0,0.0,0,0.0,0,0.0,0,0.0,0.0,0.0,0.0,0.0,0.0,0.0,0.0,0.0,0.0,0.0,259.0,,,
刘道昌,刘道昌,小样本,2,8,False,False,0,0.0,0,0.0,0,0.0,0,0.0,0,0.0,0,0.0,0,0.0,0,0.0,0.0,0.0,0.0,0.0,0.0,0.0,0.0,0.0,0.0,0.0,259.0,,,
刘邺,刘邺,小样本,2,12,False,False,0,0.0,0,0.0,0,0.0,0,0.0,0,0.0,0,0.0,0,0.0,0,0.0,0.0,0.0,0.0,0.0,0.0,0.0,0.0,0.0,0.0,0.0,259.0,,,
刘郇伯,刘郇伯,小样本,2,9,False,False,0,0.0,0,0.0,0,0.0,0,0.0,0,0.0,0,0.0,0,0.0,0,0.0,0.0,0.0,0.0,0.0,0.0,0.0,0.0,0.0,0.0,0.0,259.0,,,
刘采春,刘采春,小样本,1,24,False,False,0,0.0,0,0.0,0,0.0,0,0.0,0,0.0,0,0.0,0,0.0,0,0.0,0.0,0.0,0.0,0.0,0.0,0.0,0.0,0.0,0.0,0.0,259.0,,,
刘阜,刘阜,小样本,1,4,False,False,0,0.0,0,0.0,0,0.0,0,0.0,0,0.0,0,0.0,0,0.0,0,0.0,0.0,0.0,0.0,0.0,0.0,0.0,0.0,0.0,0.0,0.0,259.0,,,
刘鲁风,刘鲁风,小样本,1,4,False,False,0,0.0,0,0.0,0,0.0,0,0.0,0,0.0,0,0.0,0,0.0,0,0.0,0.0,0.0,0.0,0.0,0.0,0.0,0.0,0.0,0.0,0.0,259.0,,,
利涉,利涉,小样本,1,4,False,False,0,0.0,0,0.0,0,0.0,0,0.0,0,0.0,0,0.0,0,0.0,0,0.0,0.0,0.0,0.0,0.0,0.0,0.0,0.0,0.0,0.0,0.0,259.0,,,
包贺,包贺,小样本,1,6,False,False,0,0.0,0,0.0,0,0.0,0,0.0,0,0.0,0,0.0,0,0.0,0,0.0,0.0,0.0,0.0,0.0,0.0,0.0,0.0,0.0,0.0,0.0,259.0,,,
包颖,包颖,小样本,1,8,False,False,0,0.0,0,0.0,0,0.0,0,0.0,0,0.0,0,0.0,0,0.0,0,0.0,0.0,0.0,0.0,0.0,0.0,0.0,0.0,0.0,0.0,0.0,259.0,,,
卓英英,卓英英,小样本,4,16,False,False,0,0.0,0,0.0,0,0.0,0,0.0,0,0.0,0,0.0,0,0.0,0,0.0,0.0,0.0,0.0,0.0,0.0,0.0,0.0,0.0,0.0,0.0,259.0,,,
南卓,南卓,小样本,1,4,False,False,0,0.0,0,0.0,0,0.0,0,0.0,0,0.0,0,0.0,0,0.0,0,0.0,0.0,0.0,0.0,0.0,0.0,0.0,0.0,0.0,0.0,0.0,259.0,,,
南唐失名僧,南唐失名僧,小样本,1,4,False,False,0,0.0,0,0.0,0,0.0,0,0.0,0,0.0,0,0.0,0,0.0,0,0.0,0.0,0.0,0.0,0.0,0.0,0.0,0.0,0.0,0.0,0.0,259.0,,,
南巨川,南巨川,小样本,1,12,False,False,0,0.0,0,0.0,0,0.0,0,0.0,0,0.0,0,0.0,0,0.0,0,0.0,0.0,0.0,0.0,0.0,0.0,0.0,0.0,0.0,0.0,0.0,259.0,,,
南溟夫人,南溟夫人,小样本,1,4,False,False,0,0.0,0,0.0,0,0.0,0,0.0,0,0.0,0,0.0,0,0.0,0,0.0,0.0,0.0,0.0,0.0,0.0,0.0,0.0,0.0,0.0,0.0,259.0,,,
南诏骠信,南诏骠信,小样本,1,12,False,False,0,0.0,0,0.0,0,0.0,0,0.0,0,0.0,0,0.0,0,0.0,0,0.0,0.0,0.0,0.0,0.0,0.0,0.0,0.0,0.0,0.0,0.0,259.0,,,
卢储,卢储,小样本,2,8,False,False,0,0.0,0,0.0,0,0.0,0,0.0,0,0.0,0,0.0,0,0.0,0,0.0,0.0,0.0,0.0,0.0,0.0,0.0,0.0,0.0,0.0,0.0,259.0,,,
卢嗣业,卢嗣业,小样本,1,8,False,False,0,0.0,0,0.0,0,0.0,0,0.0,0,0.0,0,0.0,0,0.0,0,0.0,0.0,0.0,0.0,0.0,0.0,0.0,0.0,0.0,0.0,0.0,259.0,,,
卢嗣立,卢嗣立,小样本,1,8,False,False,0,0.0,0,0.0,0,0.0,0,0.0,0,0.0,0,0.0,0,0.0,0,0.0,0.0,0.0,0.0,0.0,0.0,0.0,0.0,0.0,0.0,0.0,259.0,,,
卢士政,卢士政,小样本,1,8,False,False,0,0.0,0,0.0,0,0.0,0,0.0,0,0.0,0,0.0,0,0.0,0,0.0,0.0,0.0,0.0,0.0,0.0,0.0,0.0,0.0,0.0,0.0,259.0,,,
卢子发,卢子发,小样本,1,4,False,False,0,0.0,0,0.0,0,0.0,0,0.0,0,0.0,0,0.0,0,0.0,0,0.0,0.0,0.0,0.0,0.0,0.0,0.0,0.0,0.0,0.0,0.0,259.0,,,
卢宗回,卢宗回,小样本,1,8,False,False,0,0.0,0,0.0,0,0.0,0,0.0,0,0.0,0,0.0,0,0.0,0,0.0,0.0,0.0,0.0,0.0,0.0,0.0,0.0,0.0,0.0,0.0,259.0,,,
卢尚书,卢尚书,小样本,2,12,False,False,0,0.0,0,0.0,0,0.0,0,0.0,0,0.0,0,0.0,0,0.0,0,0.0,0.0,0.0,0.0,0.0,0.0,0.0,0.0,0.0,0.0,0.0,259.0,,,
卢尚卿,卢尚卿,小样本,1,8,False,False,0,0.0,0,0.0,0,0.0,0,0.0,0,0.0,0,0.0,0,0.0,0,0.0,0.0,0.0,0.0,0.0,0.0,0.0,0.0,0.0,0.0,0.0,259.0,,,
卢崇道,卢崇道,小样本,1,12,False,False,0,0.0,0,0.0,0,0.0,0,0.0,0,0.0,0,0.0,0,0.0,0,0.0,0.0,0.0,0.0,0.0,0.0,0.0,0.0,0.0,0.0,0.0,259.0,,,
卢弼,卢弼,小样本,1,8,False,False,0,0.0,0,0.0,0,0.0,0,0.0,0,0.0,0,0.0,0,0.0,0,0.0,0.0,0.0,0.0,0.0,0.0,0.0,0.0,0.0,0.0,0.0,259.0,,,
卢征,卢征,小样本,1,12,False,False,0,0.0,0,0.0,0,0.0,0,0.0,0,0.0,0,0.0,0,0.0,0,0.0,0.0,0.0,0.0,0.0,0.0,0.0,0.0,0.0,0.0,0.0,259.0,,,
卢怀慎,卢怀慎,小样本,3,24,False,False,0,0.0,0,0.0,0,0.0,0,0.0,0,0.0,0,0.0,0,0.0,0,0.0,0.0,0.0,0.0,0.0,0.0,0.0,0.0,0.0,0.0,0.0,259.0,,,
卢拱,卢拱,小样本,3,22,False,False,0,0.0,0,0.0,0,0.0,0,0.0,0,0.0,0,0.0,0,0.0,0,0.0,0.0,0.0,0.0,0.0,0.0,0.0,0.0,0.0,0.0,0.0,259.0,,,
卢景亮,卢景亮,小样本,1,12,False,False,0,0.0,0,0.0,0,0.0,0,0.0,0,0.0,0,0.0,0,0.0,0,0.0,0.0,0.0,0.0,0.0,0.0,0.0,0.0,0.0,0.0,0.0,259.0,,,
卢栯,卢栯,小样本,1,8,False,False,0,0.0,0,0.0,0,0.0,0,0.0,0,0.0,0,0.0,0,0.0,0,0.0,0.0,0.0,0.0,0.0,0.0,0.0,0.0,0.0,0.0,0.0,259.0,,,
卢殷,卢殷,稳健样本,13,72,True,False,0,0.0,0,0.0,0,0.0,0,0.0,0,0.0,0,0.0,0,0.0,0,0.0,0.0,0.0,0.0,0.0,0.0,0.0,0.0,0.0,0.0,0.0,259.0,169.0,122.0,155.0
卢求,卢求,小样本,1,8,False,False,0,0.0,0,0.0,0,0.0,0,0.0,0,0.0,0,0.0,0,0.0,0,0.0,0.0,0.0,0.0,0.0,0.0,0.0,0.0,0.0,0.0,0.0,259.0,,,
卢渥,卢渥,小样本,2,20,False,False,0,0.0,0,0.0,0,0.0,0,0.0,0,0.0,0,0.0,0,0.0,0,0.0,0.0,0.0,0.0,0.0,0.0,0.0,0.0,0.0,0.0,0.0,259.0,,,
卢溵,卢溵,小样本,2,12,False,False,0,0.0,0,0.0,0,0.0,0,0.0,0,0.0,0,0.0,0,0.0,0,0.0,0.0,0.0,0.0,0.0,0.0,0.0,0.0,0.0,0.0,0.0,259.0,,,
卢献卿,卢献卿,小样本,1,4,False,False,0,0.0,0,0.0,0,0.0,0,0.0,0,0.0,0,0.0,0,0.0,0,0.0,0.0,0.0,0.0,0.0,0.0,0.0,0.0,0.0,0.0,0.0,259.0,,,
卢真,卢真,小样本,1,12,False,False,0,0.0,0,0.0,0,0.0,0,0.0,0,0.0,0,0.0,0,0.0,0,0.0,0.0,0.0,0.0,0.0,0.0,0.0,0.0,0.0,0.0,0.0,259.0,,,
卢群玉,卢群玉,小样本,2,8,False,False,0,0.0,0,0.0,0,0.0,0,0.0,0,0.0,0,0.0,0,0.0,0,0.0,0.0,0.0,0.0,0.0,0.0,0.0,0.0,0.0,0.0,0.0,259.0,,,
卢贞,卢贞,小样本,3,16,False,False,0,0.0,0,0.0,0,0.0,0,0.0,0,0.0,0,0.0,0,0.0,0,0.0,0.0,0.0,0.0,0.0,0.0,0.0,0.0,0.0,0.0,0.0,259.0,,,
卢邺,卢邺,小样本,1,4,False,False,0,0.0,0,0.0,0,0.0,0,0.0,0,0.0,0,0.0,0,0.0,0,0.0,0.0,0.0,0.0,0.0,0.0,0.0,0.0,0.0,0.0,0.0,259.0,,,
卢鉟,卢鉟,小样本,1,8,False,False,0,0.0,0,0.0,0,0.0,0,0.0,0,0.0,0,0.0,0,0.0,0,0.0,0.0,0.0,0.0,0.0,0.0,0.0,0.0,0.0,0.0,0.0,259.0,,,
卢钧,卢钧,小样本,1,12,False,False,0,0.0,0,0.0,0,0.0,0,0.0,0,0.0,0,0.0,0,0.0,0,0.0,0.0,0.0,0.0,0.0,0.0,0.0,0.0,0.0,0.0,0.0,259.0,,,
卢顺之,卢顺之,小样本,1,8,False,False,0,0.0,0,0.0,0,0.0,0,0.0,0,0.0,0,0.0,0,0.0,0,0.0,0.0,0.0,0.0,0.0,0.0,0.0,0.0,0.0,0.0,0.0,259.0,,,
卢频,卢频,小样本,3,16,False,False,0,0.0,0,0.0,0,0.0,0,0.0,0,0.0,0,0.0,0,0.0,0,0.0,0.0,0.0,0.0,0.0,0.0,0.0,0.0,0.0,0.0,0.0,259.0,,,
卢骈,卢骈,小样本,1,4,False,False,0,0.0,0,0.0,0,0.0,0,0.0,0,0.0,0,0.0,0,0.0,0,0.0,0.0,0.0,0.0,0.0,0.0,0.0,0.0,0.0,0.0,0.0,259.0,,,
卫叶,卫叶,小样本,1,8,False,False,0,0.0,0,0.0,0,0.0,0,0.0,0,0.0,0,0.0,0,0.0,0,0.0,0.0,0.0,0.0,0.0,0.0,0.0,0.0,0.0,0.0,0.0,259.0,,,
卫象,卫象,小样本,2,12,False,False,0,0.0,0,0.0,0,0.0,0,0.0,0,0.0,0,0.0,0,0.0,0,0.0,0.0,0.0,0.0,0.0,0.0,0.0,0.0,0.0,0.0,0.0,259.0,,,
厍狄履温,厍狄履温,小样本,1,20,False,False,0,0.0,0,0.0,0,0.0,0,0.0,0,0.0,0,0.0,0,0.0,0,0.0,0.0,0.0,0.0,0.0,0.0,0.0,0.0,0.0,0.0,0.0,259.0,,,
古之奇,古之奇,小样本,1,12,False,False,0,0.0,0,0.0,0,0.0,0,0.0,0,0.0,0,0.0,0,0.0,0,0.0,0.0,0.0,0.0,0.0,0.0,0.0,0.0,0.0,0.0,0.0,259.0,,,
可隆,可隆,小样本,1,2,False,False,0,0.0,0,0.0,0,0.0,0,0.0,0,0.0,0,0.0,0,0.0,0,0.0,0.0,0.0,0.0,0.0,0.0,0.0,0.0,0.0,0.0,0.0,259.0,,,
史凤,史凤,小样本,7,28,False,False,0,0.0,0,0.0,0,0.0,0,0.0,0,0.0,0,0.0,0,0.0,0,0.0,0.0,0.0,0.0,0.0,0.0,0.0,0.0,0.0,0.0,0.0,259.0,,,
史延,史延,小样本,1,12,False,False,0,0.0,0,0.0,0,0.0,0,0.0,0,0.0,0,0.0,0,0.0,0,0.0,0.0,0.0,0.0,0.0,0.0,0.0,0.0,0.0,0.0,0.0,259.0,,,
史思明,史思明,小样本,1,3,False,False,0,0.0,0,0.0,0,0.0,0,0.0,0,0.0,0,0.0,0,0.0,0,0.0,0.0,0.0,0.0,0.0,0.0,0.0,0.0,0.0,0.0,0.0,259.0,,,
史青,史青,小样本,1,8,False,False,0,0.0,0,0.0,0,0.0,0,0.0,0,0.0,0,0.0,0,0.0,0,0.0,0.0,0.0,0.0,0.0,0.0,0.0,0.0,0.0,0.0,0.0,259.0,,,
叶元良,叶元良,小样本,1,12,False,False,0,0.0,0,0.0,0,0.0,0,0.0,0,0.0,0,0.0,0,0.0,0,0.0,0.0,0.0,0.0,0.0,0.0,0.0,0.0,0.0,0.0,0.0,259.0,,,
叶季良,叶季良,小样本,3,36,False,False,0,0.0,0,0.0,0,0.0,0,0.0,0,0.0,0,0.0,0,0.0,0,0.0,0.0,0.0,0.0,0.0,0.0,0.0,0.0,0.0,0.0,0.0,259.0,,,
司马承祯,司马承祯,小样本,1,8,False,False,0,0.0,0,0.0,0,0.0,0,0.0,0,0.0,0,0.0,0,0.0,0,0.0,0.0,0.0,0.0,0.0,0.0,0.0,0.0,0.0,0.0,0.0,259.0,,,
司马退之,司马退之,小样本,1,18,False,False,0,0.0,0,0.0,0,0.0,0,0.0,0,0.0,0,0.0,0,0.0,0,0.0,0.0,0.0,0.0,0.0,0.0,0.0,0.0,0.0,0.0,0.0,259.0,,,
司马逸客,司马逸客,小样本,1,50,False,False,0,0.0,0,0.0,0,0.0,0,0.0,0,0.0,0,0.0,0,0.0,0,0.0,0.0,0.0,0.0,0.0,0.0,0.0,0.0,0.0,0.0,0.0,259.0,,,
司马都,司马都,小样本,2,16,False,False,0,0.0,0,0.0,0,0.0,0,0.0,0,0.0,0,0.0,0,0.0,0,0.0,0.0,0.0,0.0,0.0,0.0,0.0,0.0,0.0,0.0,0.0,259.0,,,
吉中孚,吉中孚,小样本,1,12,False,False,0,0.0,0,0.0,0,0.0,0,0.0,0,0.0,0,0.0,0,0.0,0,0.0,0.0,0.0,0.0,0.0,0.0,0.0,0.0,0.0,0.0,0.0,259.0,,,
吉皎,吉皎,小样本,1,12,False,False,0,0.0,0,0.0,0,0.0,0,0.0,0,0.0,0,0.0,0,0.0,0,0.0,0.0,0.0,0.0,0.0,0.0,0.0,0.0,0.0,0.0,0.0,259.0,,,
同谷子,同谷子,小样本,1,20,False,False,0,0.0,0,0.0,0,0.0,0,0.0,0,0.0,0,0.0,0,0.0,0,0.0,0.0,0.0,0.0,0.0,0.0,0.0,0.0,0.0,0.0,0.0,259.0,,,
吏部选人,吏部选人,小样本,1,4,False,False,0,0.0,0,0.0,0,0.0,0,0.0,0,0.0,0,0.0,0,0.0,0,0.0,0.0,0.0,0.0,0.0,0.0,0.0,0.0,0.0,0.0,0.0,259.0,,,
吕价,吕价,小样本,1,12,False,False,0,0.0,0,0.0,0,0.0,0,0.0,0,0.0,0,0.0,0,0.0,0,0.0,0.0,0.0,0.0,0.0,0.0,0.0,0.0,0.0,0.0,0.0,259.0,,,
吕太一,吕太一,小样本,1,4,False,False,0,0.0,0,0.0,0,0.0,0,0.0,0,0.0,0,0.0,0,0.0,0,0.0,0.0,0.0,0.0,0.0,0.0,0.0,0.0,0.0,0.0,0.0,259.0,,,
吕敞,吕敞,小样本,2,24,False,False,0,0.0,0,0.0,0,0.0,0,0.0,0,0.0,0,0.0,0,0.0,0,0.0,0.0,0.0,0.0,0.0,0.0,0.0,0.0,0.0,0.0,0.0,259.0,,,
吕渭,吕渭,小样本,5,37,False,False,0,0.0,0,0.0,0,0.0,0,0.0,0,0.0,0,0.0,0,0.0,0,0.0,0.0,0.0,0.0,0.0,0.0,0.0,0.0,0.0,0.0,0.0,259.0,,,
吕炅,吕炅,小样本,1,12,False,False,0,0.0,0,0.0,0,0.0,0,0.0,0,0.0,0,0.0,0,0.0,0,0.0,0.0,0.0,0.0,0.0,0.0,0.0,0.0,0.0,0.0,0.0,259.0,,,
吕牧,吕牧,小样本,1,12,False,False,0,0.0,0,0.0,0,0.0,0,0.0,0,0.0,0,0.0,0,0.0,0,0.0,0.0,0.0,0.0,0.0,0.0,0.0,0.0,0.0,0.0,0.0,259.0,,,
吕群,吕群,小样本,1,8,False,False,0,0.0,0,0.0,0,0.0,0,0.0,0,0.0,0,0.0,0,0.0,0,0.0,0.0,0.0,0.0,0.0,0.0,0.0,0.0,0.0,0.0,0.0,259.0,,,
含曦,含曦,小样本,1,8,False,False,0,0.0,0,0.0,0,0.0,0,0.0,0,0.0,0,0.0,0,0.0,0,0.0,0.0,0.0,0.0,0.0,0.0,0.0,0.0,0.0,0.0,0.0,259.0,,,
吴丹,吴丹,小样本,1,12,False,False,0,0.0,0,0.0,0,0.0,0,0.0,0,0.0,0,0.0,0,0.0,0,0.0,0.0,0.0,0.0,0.0,0.0,0.0,0.0,0.0,0.0,0.0,259.0,,,
吴兢,吴兢,小样本,1,16,False,False,0,0.0,0,0.0,0,0.0,0,0.0,0,0.0,0,0.0,0,0.0,0,0.0,0.0,0.0,0.0,0.0,0.0,0.0,0.0,0.0,0.0,0.0,259.0,,,
吴公,吴公,小样本,1,4,False,False,0,0.0,0,0.0,0,0.0,0,0.0,0,0.0,0,0.0,0,0.0,0,0.0,0.0,0.0,0.0,0.0,0.0,0.0,0.0,0.0,0.0,0.0,259.0,,,
吴兴神女,吴兴神女,小样本,1,4,False,False,0,0.0,0,0.0,0,0.0,0,0.0,0,0.0,0,0.0,0,0.0,0,0.0,0.0,0.0,0.0,0.0,0.0,0.0,0.0,0.0,0.0,0.0,259.0,,,
吴叔达,吴叔达,小样本,1,12,False,False,0,0.0,0,0.0,0,0.0,0,0.0,0,0.0,0,0.0,0,0.0,0,0.0,0.0,0.0,0.0,0.0,0.0,0.0,0.0,0.0,0.0,0.0,259.0,,,
吴圆,吴圆,小样本,1,4,False,False,0,0.0,0,0.0,0,0.0,0,0.0,0,0.0,0,0.0,0,0.0,0,0.0,0.0,0.0,0.0,0.0,0.0,0.0,0.0,0.0,0.0,0.0,259.0,,,
吴士矩,吴士矩,小样本,1,4,False,False,0,0.0,0,0.0,0,0.0,0,0.0,0,0.0,0,0.0,0,0.0,0,0.0,0.0,0.0,0.0,0.0,0.0,0.0,0.0,0.0,0.0,0.0,259.0,,,
吴大江,吴大江,小样本,1,8,False,False,0,0.0,0,0.0,0,0.0,0,0.0,0,0.0,0,0.0,0,0.0,0,0.0,0.0,0.0,0.0,0.0,0.0,0.0,0.0,0.0,0.0,0.0,259.0,,,
吴子来,吴子来,小样本,1,12,False,False,0,0.0,0,0.0,0,0.0,0,0.0,0,0.0,0,0.0,0,0.0,0,0.0,0.0,0.0,0.0,0.0,0.0,0.0,0.0,0.0,0.0,0.0,259.0,,,
吴巩,吴巩,小样本,1,8,False,False,0,0.0,0,0.0,0,0.0,0,0.0,0,0.0,0,0.0,0,0.0,0,0.0,0.0,0.0,0.0,0.0,0.0,0.0,0.0,0.0,0.0,0.0,259.0,,,
吴彩鸾,吴彩鸾,小样本,1,4,False,False,0,0.0,0,0.0,0,0.0,0,0.0,0,0.0,0,0.0,0,0.0,0,0.0,0.0,0.0,0.0,0.0,0.0,0.0,0.0,0.0,0.0,0.0,259.0,,,
吴晃,吴晃,小样本,1,12,False,False,0,0.0,0,0.0,0,0.0,0,0.0,0,0.0,0,0.0,0,0.0,0,0.0,0.0,0.0,0.0,0.0,0.0,0.0,0.0,0.0,0.0,0.0,259.0,,,
吴涵虚,吴涵虚,小样本,1,8,False,False,0,0.0,0,0.0,0,0.0,0,0.0,0,0.0,0,0.0,0,0.0,0,0.0,0.0,0.0,0.0,0.0,0.0,0.0,0.0,0.0,0.0,0.0,259.0,,,
吴烛,吴烛,小样本,2,8,False,False,0,0.0,0,0.0,0,0.0,0,0.0,0,0.0,0,0.0,0,0.0,0,0.0,0.0,0.0,0.0,0.0,0.0,0.0,0.0,0.0,0.0,0.0,259.0,,,
吴秘,吴秘,小样本,1,12,False,False,0,0.0,0,0.0,0,0.0,0,0.0,0,0.0,0,0.0,0,0.0,0,0.0,0.0,0.0,0.0,0.0,0.0,0.0,0.0,0.0,0.0,0.0,259.0,,,
吴象之,吴象之,小样本,2,12,False,False,0,0.0,0,0.0,0,0.0,0,0.0,0,0.0,0,0.0,0,0.0,0,0.0,0.0,0.0,0.0,0.0,0.0,0.0,0.0,0.0,0.0,0.0,259.0,,,
吴黔,吴黔,小样本,1,8,False,False,0,0.0,0,0.0,0,0.0,0,0.0,0,0.0,0,0.0,0,0.0,0,0.0,0.0,0.0,0.0,0.0,0.0,0.0,0.0,0.0,0.0,0.0,259.0,,,
员半千,员半千,小样本,4,44,False,False,0,0.0,0,0.0,0,0.0,0,0.0,0,0.0,0,0.0,0,0.0,0,0.0,0.0,0.0,0.0,0.0,0.0,0.0,0.0,0.0,0.0,0.0,259.0,,,
员南溟,员南溟,小样本,2,24,False,False,0,0.0,0,0.0,0,0.0,0,0.0,0,0.0,0,0.0,0,0.0,0,0.0,0.0,0.0,0.0,0.0,0.0,0.0,0.0,0.0,0.0,0.0,259.0,,,
周万,周万,小样本,1,8,False,False,0,0.0,0,0.0,0,0.0,0,0.0,0,0.0,0,0.0,0,0.0,0,0.0,0.0,0.0,0.0,0.0,0.0,0.0,0.0,0.0,0.0,0.0,259.0,,,
周仲美,周仲美,小样本,1,14,False,False,0,0.0,0,0.0,0,0.0,0,0.0,0,0.0,0,0.0,0,0.0,0,0.0,0.0,0.0,0.0,0.0,0.0,0.0,0.0,0.0,0.0,0.0,259.0,,,
周元范,周元范,小样本,2,12,False,False,0,0.0,0,0.0,0,0.0,0,0.0,0,0.0,0,0.0,0,0.0,0,0.0,0.0,0.0,0.0,0.0,0.0,0.0,0.0,0.0,0.0,0.0,259.0,,,
周利用,周利用,小样本,1,8,False,False,0,0.0,0,0.0,0,0.0,0,0.0,0,0.0,0,0.0,0,0.0,0,0.0,0.0,0.0,0.0,0.0,0.0,0.0,0.0,0.0,0.0,0.0,259.0,,,
周墀,周墀,小样本,2,16,False,False,0,0.0,0,0.0,0,0.0,0,0.0,0,0.0,0,0.0,0,0.0,0,0.0,0.0,0.0,0.0,0.0,0.0,0.0,0.0,0.0,0.0,0.0,259.0,,,
周岳秀,周岳秀,小样本,1,8,False,False,0,0.0,0,0.0,0,0.0,0,0.0,0,0.0,0,0.0,0,0.0,0,0.0,0.0,0.0,0.0,0.0,0.0,0.0,0.0,0.0,0.0,0.0,259.0,,,
周庠,周庠,小样本,1,8,False,False,0,0.0,0,0.0,0,0.0,0,0.0,0,0.0,0,0.0,0,0.0,0,0.0,0.0,0.0,0.0,0.0,0.0,0.0,0.0,0.0,0.0,0.0,259.0,,,
周彦昭,周彦昭,小样本,1,8,False,False,0,0.0,0,0.0,0,0.0,0,0.0,0,0.0,0,0.0,0,0.0,0,0.0,0.0,0.0,0.0,0.0,0.0,0.0,0.0,0.0,0.0,0.0,259.0,,,
周彦晖,周彦晖,小样本,2,16,False,False,0,0.0,0,0.0,0,0.0,0,0.0,0,0.0,0,0.0,0,0.0,0,0.0,0.0,0.0,0.0,0.0,0.0,0.0,0.0,0.0,0.0,0.0,259.0,,,
周彻,周彻,小样本,1,12,False,False,0,0.0,0,0.0,0,0.0,0,0.0,0,0.0,0,0.0,0,0.0,0,0.0,0.0,0.0,0.0,0.0,0.0,0.0,0.0,0.0,0.0,0.0,259.0,,,
周思钧,周思钧,小样本,2,16,False,False,0,0.0,0,0.0,0,0.0,0,0.0,0,0.0,0,0.0,0,0.0,0,0.0,0.0,0.0,0.0,0.0,0.0,0.0,0.0,0.0,0.0,0.0,259.0,,,
周渭,周渭,小样本,2,20,False,False,0,0.0,0,0.0,0,0.0,0,0.0,0,0.0,0,0.0,0,0.0,0,0.0,0.0,0.0,0.0,0.0,0.0,0.0,0.0,0.0,0.0,0.0,259.0,,,
周濆,周濆,小样本,4,16,False,False,0,0.0,0,0.0,0,0.0,0,0.0,0,0.0,0,0.0,0,0.0,0,0.0,0.0,0.0,0.0,0.0,0.0,0.0,0.0,0.0,0.0,0.0,259.0,,,
周瑀,周瑀,小样本,3,20,False,False,0,0.0,0,0.0,0,0.0,0,0.0,0,0.0,0,0.0,0,0.0,0,0.0,0.0,0.0,0.0,0.0,0.0,0.0,0.0,0.0,0.0,0.0,259.0,,,
周祚,周祚,小样本,1,4,False,False,0,0.0,0,0.0,0,0.0,0,0.0,0,0.0,0,0.0,0,0.0,0,0.0,0.0,0.0,0.0,0.0,0.0,0.0,0.0,0.0,0.0,0.0,259.0,,,
周镛,周镛,小样本,1,8,False,False,0,0.0,0,0.0,0,0.0,0,0.0,0,0.0,0,0.0,0,0.0,0,0.0,0.0,0.0,0.0,0.0,0.0,0.0,0.0,0.0,0.0,0.0,259.0,,,
周颛,周颛,小样本,1,4,False,False,0,0.0,0,0.0,0,0.0,0,0.0,0,0.0,0,0.0,0,0.0,0,0.0,0.0,0.0,0.0,0.0,0.0,0.0,0.0,0.0,0.0,0.0,259.0,,,
唐末僧,唐末僧,小样本,1,4,False,False,0,0.0,0,0.0,0,0.0,0,0.0,0,0.0,0,0.0,0,0.0,0,0.0,0.0,0.0,0.0,0.0,0.0,0.0,0.0,0.0,0.0,0.0,259.0,,,
唐末朝士,唐末朝士,小样本,1,4,False,False,0,0.0,0,0.0,0,0.0,0,0.0,0,0.0,0,0.0,0,0.0,0,0.0,0.0,0.0,0.0,0.0,0.0,0.0,0.0,0.0,0.0,0.0,259.0,,,
唐远悊,唐远悊,小样本,1,8,False,False,0,0.0,0,0.0,0,0.0,0,0.0,0,0.0,0,0.0,0,0.0,0,0.0,0.0,0.0,0.0,0.0,0.0,0.0,0.0,0.0,0.0,0.0,259.0,,,
商则,商则,小样本,1,2,False,False,0,0.0,0,0.0,0,0.0,0,0.0,0,0.0,0,0.0,0,0.0,0,0.0,0.0,0.0,0.0,0.0,0.0,0.0,0.0,0.0,0.0,0.0,259.0,,,
商山三丈夫,商山三丈夫,小样本,1,5,False,False,0,0.0,0,0.0,0,0.0,0,0.0,0,0.0,0,0.0,0,0.0,0,0.0,0.0,0.0,0.0,0.0,0.0,0.0,0.0,0.0,0.0,0.0,259.0,,,
商山客死生,商山客死生,小样本,1,12,False,False,0,0.0,0,0.0,0,0.0,0,0.0,0,0.0,0,0.0,0,0.0,0,0.0,0.0,0.0,0.0,0.0,0.0,0.0,0.0,0.0,0.0,0.0,259.0,,,
善生,善生,小样本,4,32,False,False,0,0.0,0,0.0,0,0.0,0,0.0,0,0.0,0,0.0,0,0.0,0,0.0,0.0,0.0,0.0,0.0,0.0,0.0,0.0,0.0,0.0,0.0,259.0,,,
国邵南,国邵南,小样本,1,4,False,False,0,0.0,0,0.0,0,0.0,0,0.0,0,0.0,0,0.0,0,0.0,0,0.0,0.0,0.0,0.0,0.0,0.0,0.0,0.0,0.0,0.0,0.0,259.0,,,
处默,处默,小样本,9,58,False,False,0,0.0,0,0.0,0,0.0,0,0.0,0,0.0,0,0.0,0,0.0,0,0.0,0.0,0.0,0.0,0.0,0.0,0.0,0.0,0.0,0.0,0.0,259.0,,,
夏侯子云,夏侯子云,小样本,1,4,False,False,0,0.0,0,0.0,0,0.0,0,0.0,0,0.0,0,0.0,0,0.0,0,0.0,0.0,0.0,0.0,0.0,0.0,0.0,0.0,0.0,0.0,0.0,259.0,,,
夏侯孜,夏侯孜,小样本,2,16,False,False,0,0.0,0,0.0,0,0.0,0,0.0,0,0.0,0,0.0,0,0.0,0,0.0,0.0,0.0,0.0,0.0,0.0,0.0,0.0,0.0,0.0,0.0,259.0,,,
夏侯审,夏侯审,小样本,1,4,False,False,0,0.0,0,0.0,0,0.0,0,0.0,0,0.0,0,0.0,0,0.0,0,0.0,0.0,0.0,0.0,0.0,0.0,0.0,0.0,0.0,0.0,0.0,259.0,,,
夏侯楚,夏侯楚,小样本,1,12,False,False,0,0.0,0,0.0,0,0.0,0,0.0,0,0.0,0,0.0,0,0.0,0,0.0,0.0,0.0,0.0,0.0,0.0,0.0,0.0,0.0,0.0,0.0,259.0,,,
夏鸿,夏鸿,小样本,1,8,False,False,0,0.0,0,0.0,0,0.0,0,0.0,0,0.0,0,0.0,0,0.0,0,0.0,0.0,0.0,0.0,0.0,0.0,0.0,0.0,0.0,0.0,0.0,259.0,,,
大愚,大愚,小样本,1,8,False,False,0,0.0,0,0.0,0,0.0,0,0.0,0,0.0,0,0.0,0,0.0,0,0.0,0.0,0.0,0.0,0.0,0.0,0.0,0.0,0.0,0.0,0.0,259.0,,,
大易,大易,小样本,2,16,False,False,0,0.0,0,0.0,0,0.0,0,0.0,0,0.0,0,0.0,0,0.0,0,0.0,0.0,0.0,0.0,0.0,0.0,0.0,0.0,0.0,0.0,0.0,259.0,,,
天宝宫人,天宝宫人,小样本,2,8,False,False,0,0.0,0,0.0,0,0.0,0,0.0,0,0.0,0,0.0,0,0.0,0,0.0,0.0,0.0,0.0,0.0,0.0,0.0,0.0,0.0,0.0,0.0,259.0,,,
天宝时人,天宝时人,小样本,1,4,False,False,0,0.0,0,0.0,0,0.0,0,0.0,0,0.0,0,0.0,0,0.0,0,0.0,0.0,0.0,0.0,0.0,0.0,0.0,0.0,0.0,0.0,0.0,259.0,,,
太上隐者,太上隐者,小样本,1,4,False,False,0,0.0,0,0.0,0,0.0,0,0.0,0,0.0,0,0.0,0,0.0,0,0.0,0.0,0.0,0.0,0.0,0.0,0.0,0.0,0.0,0.0,0.0,259.0,,,
太原妓,太原妓,小样本,1,4,False,False,0,0.0,0,0.0,0,0.0,0,0.0,0,0.0,0,0.0,0,0.0,0,0.0,0.0,0.0,0.0,0.0,0.0,0.0,0.0,0.0,0.0,0.0,259.0,,,
太守,太守,小样本,1,4,False,False,0,0.0,0,0.0,0,0.0,0,0.0,0,0.0,0,0.0,0,0.0,0,0.0,0.0,0.0,0.0,0.0,0.0,0.0,0.0,0.0,0.0,0.0,259.0,,,
太白山神,太白山神,小样本,1,4,False,False,0,0.0,0,0.0,0,0.0,0,0.0,0,0.0,0,0.0,0,0.0,0,0.0,0.0,0.0,0.0,0.0,0.0,0.0,0.0,0.0,0.0,0.0,259.0,,,
奚贾,奚贾,小样本,4,35,False,False,0,0.0,0,0.0,0,0.0,0,0.0,0,0.0,0,0.0,0,0.0,0,0.0,0.0,0.0,0.0,0.0,0.0,0.0,0.0,0.0,0.0,0.0,259.0,,,
妙女,妙女,小样本,1,2,False,False,0,0.0,0,0.0,0,0.0,0,0.0,0,0.0,0,0.0,0,0.0,0,0.0,0.0,0.0,0.0,0.0,0.0,0.0,0.0,0.0,0.0,0.0,259.0,,,
姚伦,姚伦,小样本,2,16,False,False,0,0.0,0,0.0,0,0.0,0,0.0,0,0.0,0,0.0,0,0.0,0,0.0,0.0,0.0,0.0,0.0,0.0,0.0,0.0,0.0,0.0,0.0,259.0,,,
姚偓,姚偓,小样本,1,8,False,False,0,0.0,0,0.0,0,0.0,0,0.0,0,0.0,0,0.0,0,0.0,0,0.0,0.0,0.0,0.0,0.0,0.0,0.0,0.0,0.0,0.0,0.0,259.0,,,
姚发,姚发,小样本,1,8,False,False,0,0.0,0,0.0,0,0.0,0,0.0,0,0.0,0,0.0,0,0.0,0,0.0,0.0,0.0,0.0,0.0,0.0,0.0,0.0,0.0,0.0,0.0,259.0,,,
姚岩杰,姚岩杰,小样本,1,8,False,False,0,0.0,0,0.0,0,0.0,0,0.0,0,0.0,0,0.0,0,0.0,0,0.0,0.0,0.0,0.0,0.0,0.0,0.0,0.0,0.0,0.0,0.0,259.0,,,
姚崇,姚崇,小样本,8,60,False,False,0,0.0,0,0.0,0,0.0,0,0.0,0,0.0,0,0.0,0,0.0,0,0.0,0.0,0.0,0.0,0.0,0.0,0.0,0.0,0.0,0.0,0.0,259.0,,,
姚嵘,姚嵘,小样本,1,4,False,False,0,0.0,0,0.0,0,0.0,0,0.0,0,0.0,0,0.0,0,0.0,0,0.0,0.0,0.0,0.0,0.0,0.0,0.0,0.0,0.0,0.0,0.0,259.0,,,
姚揆,姚揆,小样本,4,32,False,False,0,0.0,0,0.0,0,0.0,0,0.0,0,0.0,0,0.0,0,0.0,0,0.0,0.0,0.0,0.0,0.0,0.0,0.0,0.0,0.0,0.0,0.0,259.0,,,
姚氏月华,姚氏月华,小样本,1,8,False,False,0,0.0,0,0.0,0,0.0,0,0.0,0,0.0,0,0.0,0,0.0,0,0.0,0.0,0.0,0.0,0.0,0.0,0.0,0.0,0.0,0.0,0.0,259.0,,,
姜皎,姜皎,小样本,2,16,False,False,0,0.0,0,0.0,0,0.0,0,0.0,0,0.0,0,0.0,0,0.0,0,0.0,0.0,0.0,0.0,0.0,0.0,0.0,0.0,0.0,0.0,0.0,259.0,,,
孔德绍,孔德绍,稳健样本,12,122,True,False,0,0.0,0,0.0,0,0.0,0,0.0,0,0.0,0,0.0,0,0.0,0,0.0,0.0,0.0,0.0,0.0,0.0,0.0,0.0,0.0,0.0,0.0,259.0,169.0,122.0,155.0
孔氏,孔氏,小样本,1,12,False,False,0,0.0,0,0.0,0,0.0,0,0.0,0,0.0,0,0.0,0,0.0,0,0.0,0.0,0.0,0.0,0.0,0.0,0.0,0.0,0.0,0.0,0.0,259.0,,,
孔温业,孔温业,小样本,1,12,False,False,0,0.0,0,0.0,0,0.0,0,0.0,0,0.0,0,0.0,0,0.0,0,0.0,0.0,0.0,0.0,0.0,0.0,0.0,0.0,0.0,0.0,0.0,259.0,,,
孙佺,孙佺,小样本,1,8,False,False,0,0.0,0,0.0,0,0.0,0,0.0,0,0.0,0,0.0,0,0.0,0,0.0,0.0,0.0,0.0,0.0,0.0,0.0,0.0,0.0,0.0,0.0,259.0,,,
孙叔向,孙叔向,小样本,3,12,False,False,0,0.0,0,0.0,0,0.0,0,0.0,0,0.0,0,0.0,0,0.0,0,0.0,0.0,0.0,0.0,0.0,0.0,0.0,0.0,0.0,0.0,0.0,259.0,,,
孙子多,孙子多,小样本,1,4,False,False,0,0.0,0,0.0,0,0.0,0,0.0,0,0.0,0,0.0,0,0.0,0,0.0,0.0,0.0,0.0,0.0,0.0,0.0,0.0,0.0,0.0,0.0,259.0,,,
孙定,孙定,小样本,1,8,False,False,0,0.0,0,0.0,0,0.0,0,0.0,0,0.0,0,0.0,0,0.0,0,0.0,0.0,0.0,0.0,0.0,0.0,0.0,0.0,0.0,0.0,0.0,259.0,,,
孙岘,孙岘,小样本,1,8,False,False,0,0.0,0,0.0,0,0.0,0,0.0,0,0.0,0,0.0,0,0.0,0,0.0,0.0,0.0,0.0,0.0,0.0,0.0,0.0,0.0,0.0,0.0,259.0,,,
孙昌胤,孙昌胤,小样本,4,44,False,False,0,0.0,0,0.0,0,0.0,0,0.0,0,0.0,0,0.0,0,0.0,0,0.0,0.0,0.0,0.0,0.0,0.0,0.0,0.0,0.0,0.0,0.0,259.0,,,
孙棨,孙棨,小样本,4,28,False,False,0,0.0,0,0.0,0,0.0,0,0.0,0,0.0,0,0.0,0,0.0,0,0.0,0.0,0.0,0.0,0.0,0.0,0.0,0.0,0.0,0.0,0.0,259.0,,,
孙欣,孙欣,小样本,1,8,False,False,0,0.0,0,0.0,0,0.0,0,0.0,0,0.0,0,0.0,0,0.0,0,0.0,0.0,0.0,0.0,0.0,0.0,0.0,0.0,0.0,0.0,0.0,259.0,,,
孙氏,孙氏,小样本,3,16,False,False,0,0.0,0,0.0,0,0.0,0,0.0,0,0.0,0,0.0,0,0.0,0,0.0,0.0,0.0,0.0,0.0,0.0,0.0,0.0,0.0,0.0,0.0,259.0,,,
孙纬,孙纬,小样本,1,8,False,False,0,0.0,0,0.0,0,0.0,0,0.0,0,0.0,0,0.0,0,0.0,0,0.0,0.0,0.0,0.0,0.0,0.0,0.0,0.0,0.0,0.0,0.0,259.0,,,
孙翃,孙翃,小样本,1,8,False,False,0,0.0,0,0.0,0,0.0,0,0.0,0,0.0,0,0.0,0,0.0,0,0.0,0.0,0.0,0.0,0.0,0.0,0.0,0.0,0.0,0.0,0.0,259.0,,,
孙蜀,孙蜀,小样本,1,4,False,False,0,0.0,0,0.0,0,0.0,0,0.0,0,0.0,0,0.0,0,0.0,0,0.0,0.0,0.0,0.0,0.0,0.0,0.0,0.0,0.0,0.0,0.0,259.0,,,
孙长史女,孙长史女,小样本,1,16,False,False,0,0.0,0,0.0,0,0.0,0,0.0,0,0.0,0,0.0,0,0.0,0,0.0,0.0,0.0,0.0,0.0,0.0,0.0,0.0,0.0,0.0,0.0,259.0,,,
孙革,孙革,小样本,1,4,False,False,0,0.0,0,0.0,0,0.0,0,0.0,0,0.0,0,0.0,0,0.0,0,0.0,0.0,0.0,0.0,0.0,0.0,0.0,0.0,0.0,0.0,0.0,259.0,,,
孙頠,孙頠,小样本,2,24,False,False,0,0.0,0,0.0,0,0.0,0,0.0,0,0.0,0,0.0,0,0.0,0,0.0,0.0,0.0,0.0,0.0,0.0,0.0,0.0,0.0,0.0,0.0,259.0,,,
孟匡明,孟匡明,小样本,1,12,False,False,0,0.0,0,0.0,0,0.0,0,0.0,0,0.0,0,0.0,0,0.0,0,0.0,0.0,0.0,0.0,0.0,0.0,0.0,0.0,0.0,0.0,0.0,259.0,,,
孟守,孟守,小样本,1,8,False,False,0,0.0,0,0.0,0,0.0,0,0.0,0,0.0,0,0.0,0,0.0,0,0.0,0.0,0.0,0.0,0.0,0.0,0.0,0.0,0.0,0.0,0.0,259.0,,,
孟昶,孟昶,小样本,2,16,False,False,0,0.0,0,0.0,0,0.0,0,0.0,0,0.0,0,0.0,0,0.0,0,0.0,0.0,0.0,0.0,0.0,0.0,0.0,0.0,0.0,0.0,0.0,259.0,,,
孟氏,孟氏,小样本,4,16,False,False,0,0.0,0,0.0,0,0.0,0,0.0,0,0.0,0,0.0,0,0.0,0,0.0,0.0,0.0,0.0,0.0,0.0,0.0,0.0,0.0,0.0,0.0,259.0,,,
孟球,孟球,小样本,1,8,False,False,0,0.0,0,0.0,0,0.0,0,0.0,0,0.0,0,0.0,0,0.0,0,0.0,0.0,0.0,0.0,0.0,0.0,0.0,0.0,0.0,0.0,0.0,259.0,,,
孟翔,孟翔,小样本,1,22,False,False,0,0.0,0,0.0,0,0.0,0,0.0,0,0.0,0,0.0,0,0.0,0,0.0,0.0,0.0,0.0,0.0,0.0,0.0,0.0,0.0,0.0,0.0,259.0,,,
宇文融,宇文融,小样本,1,16,False,False,0,0.0,0,0.0,0,0.0,0,0.0,0,0.0,0,0.0,0,0.0,0,0.0,0.0,0.0,0.0,0.0,0.0,0.0,0.0,0.0,0.0,0.0,259.0,,,
宇文鼎,宇文鼎,小样本,1,4,False,False,0,0.0,0,0.0,0,0.0,0,0.0,0,0.0,0,0.0,0,0.0,0,0.0,0.0,0.0,0.0,0.0,0.0,0.0,0.0,0.0,0.0,0.0,259.0,,,
安凤,安凤,小样本,2,20,False,False,0,0.0,0,0.0,0,0.0,0,0.0,0,0.0,0,0.0,0,0.0,0,0.0,0.0,0.0,0.0,0.0,0.0,0.0,0.0,0.0,0.0,0.0,259.0,,,
安守范,安守范,小样本,1,9,False,False,0,0.0,0,0.0,0,0.0,0,0.0,0,0.0,0,0.0,0,0.0,0,0.0,0.0,0.0,0.0,0.0,0.0,0.0,0.0,0.0,0.0,0.0,259.0,,,
安邑坊女,安邑坊女,小样本,1,4,False,False,0,0.0,0,0.0,0,0.0,0,0.0,0,0.0,0,0.0,0,0.0,0,0.0,0.0,0.0,0.0,0.0,0.0,0.0,0.0,0.0,0.0,0.0,259.0,,,
安锜,安锜,小样本,1,8,False,False,0,0.0,0,0.0,0,0.0,0,0.0,0,0.0,0,0.0,0,0.0,0,0.0,0.0,0.0,0.0,0.0,0.0,0.0,0.0,0.0,0.0,0.0,259.0,,,
安鸿渐,安鸿渐,小样本,1,4,False,False,0,0.0,0,0.0,0,0.0,0,0.0,0,0.0,0,0.0,0,0.0,0,0.0,0.0,0.0,0.0,0.0,0.0,0.0,0.0,0.0,0.0,0.0,259.0,,,
宋元素,宋元素,小样本,1,4,False,False,0,0.0,0,0.0,0,0.0,0,0.0,0,0.0,0,0.0,0,0.0,0,0.0,0.0,0.0,0.0,0.0,0.0,0.0,0.0,0.0,0.0,0.0,259.0,,,
宋济,宋济,小样本,2,8,False,False,0,0.0,0,0.0,0,0.0,0,0.0,0,0.0,0,0.0,0,0.0,0,0.0,0.0,0.0,0.0,0.0,0.0,0.0,0.0,0.0,0.0,0.0,259.0,,,
宋若华,宋若华,小样本,1,4,False,False,0,0.0,0,0.0,0,0.0,0,0.0,0,0.0,0,0.0,0,0.0,0,0.0,0.0,0.0,0.0,0.0,0.0,0.0,0.0,0.0,0.0,0.0,259.0,,,
宋若宪,宋若宪,小样本,1,12,False,False,0,0.0,0,0.0,0,0.0,0,0.0,0,0.0,0,0.0,0,0.0,0,0.0,0.0,0.0,0.0,0.0,0.0,0.0,0.0,0.0,0.0,0.0,259.0,,,
宋若昭,宋若昭,小样本,1,12,False,False,0,0.0,0,0.0,0,0.0,0,0.0,0,0.0,0,0.0,0,0.0,0,0.0,0.0,0.0,0.0,0.0,0.0,0.0,0.0,0.0,0.0,0.0,259.0,,,
宋雍,宋雍,小样本,2,8,False,False,0,0.0,0,0.0,0,0.0,0,0.0,0,0.0,0,0.0,0,0.0,0,0.0,0.0,0.0,0.0,0.0,0.0,0.0,0.0,0.0,0.0,0.0,259.0,,,
宋鼎,宋鼎,小样本,2,24,False,False,0,0.0,0,0.0,0,0.0,0,0.0,0,0.0,0,0.0,0,0.0,0,0.0,0.0,0.0,0.0,0.0,0.0,0.0,0.0,0.0,0.0,0.0,259.0,,,
宗楚客,宗楚客,小样本,7,58,False,False,0,0.0,0,0.0,0,0.0,0,0.0,0,0.0,0,0.0,0,0.0,0,0.0,0.0,0.0,0.0,0.0,0.0,0.0,0.0,0.0,0.0,0.0,259.0,,,
宜芬公主,宜芬公主,小样本,1,8,False,False,0,0.0,0,0.0,0,0.0,0,0.0,0,0.0,0,0.0,0,0.0,0,0.0,0.0,0.0,0.0,0.0,0.0,0.0,0.0,0.0,0.0,0.0,259.0,,,
宝历宫人,宝历宫人,小样本,1,2,False,False,0,0.0,0,0.0,0,0.0,0,0.0,0,0.0,0,0.0,0,0.0,0,0.0,0.0,0.0,0.0,0.0,0.0,0.0,0.0,0.0,0.0,0.0,259.0,,,
宝月,宝月,小样本,1,12,False,False,0,0.0,0,0.0,0,0.0,0,0.0,0,0.0,0,0.0,0,0.0,0,0.0,0.0,0.0,0.0,0.0,0.0,0.0,0.0,0.0,0.0,0.0,259.0,,,
客户里女子,客户里女子,小样本,1,4,False,False,0,0.0,0,0.0,0,0.0,0,0.0,0,0.0,0,0.0,0,0.0,0,0.0,0.0,0.0,0.0,0.0,0.0,0.0,0.0,0.0,0.0,0.0,259.0,,,
寇坦,寇坦,小样本,2,28,False,False,0,0.0,0,0.0,0,0.0,0,0.0,0,0.0,0,0.0,0,0.0,0,0.0,0.0,0.0,0.0,0.0,0.0,0.0,0.0,0.0,0.0,0.0,259.0,,,
寇埴,寇埴,小样本,1,8,False,False,0,0.0,0,0.0,0,0.0,0,0.0,0,0.0,0,0.0,0,0.0,0,0.0,0.0,0.0,0.0,0.0,0.0,0.0,0.0,0.0,0.0,0.0,259.0,,,
寇泚,寇泚,小样本,1,12,False,False,0,0.0,0,0.0,0,0.0,0,0.0,0,0.0,0,0.0,0,0.0,0,0.0,0.0,0.0,0.0,0.0,0.0,0.0,0.0,0.0,0.0,0.0,259.0,,,
封孟绅,封孟绅,小样本,1,12,False,False,0,0.0,0,0.0,0,0.0,0,0.0,0,0.0,0,0.0,0,0.0,0,0.0,0.0,0.0,0.0,0.0,0.0,0.0,0.0,0.0,0.0,0.0,259.0,,,
封彦卿,封彦卿,小样本,1,4,False,False,0,0.0,0,0.0,0,0.0,0,0.0,0,0.0,0,0.0,0,0.0,0,0.0,0.0,0.0,0.0,0.0,0.0,0.0,0.0,0.0,0.0,0.0,259.0,,,
封行高,封行高,小样本,1,8,False,False,0,0.0,0,0.0,0,0.0,0,0.0,0,0.0,0,0.0,0,0.0,0,0.0,0.0,0.0,0.0,0.0,0.0,0.0,0.0,0.0,0.0,0.0,259.0,,,
尉佗,尉佗,小样本,1,4,False,False,0,0.0,0,0.0,0,0.0,0,0.0,0,0.0,0,0.0,0,0.0,0,0.0,0.0,0.0,0.0,0.0,0.0,0.0,0.0,0.0,0.0,0.0,259.0,,,
少年,少年,小样本,1,4,False,False,0,0.0,0,0.0,0,0.0,0,0.0,0,0.0,0,0.0,0,0.0,0,0.0,0.0,0.0,0.0,0.0,0.0,0.0,0.0,0.0,0.0,0.0,259.0,,,
尔鸟,尔鸟,小样本,1,2,False,False,0,0.0,0,0.0,0,0.0,0,0.0,0,0.0,0,0.0,0,0.0,0,0.0,0.0,0.0,0.0,0.0,0.0,0.0,0.0,0.0,0.0,0.0,259.0,,,
尚志,尚志,小样本,1,8,False,False,0,0.0,0,0.0,0,0.0,0,0.0,0,0.0,0,0.0,0,0.0,0,0.0,0.0,0.0,0.0,0.0,0.0,0.0,0.0,0.0,0.0,0.0,259.0,,,
尚能,尚能,小样本,2,10,False,False,0,0.0,0,0.0,0,0.0,0,0.0,0,0.0,0,0.0,0,0.0,0,0.0,0.0,0.0,0.0,0.0,0.0,0.0,0.0,0.0,0.0,0.0,259.0,,,
尹懋,尹懋,小样本,3,28,False,False,0,0.0,0,0.0,0,0.0,0,0.0,0,0.0,0,0.0,0,0.0,0,0.0,0.0,0.0,0.0,0.0,0.0,0.0,0.0,0.0,0.0,0.0,259.0,,,
尹璞,尹璞,小样本,1,4,False,False,0,0.0,0,0.0,0,0.0,0,0.0,0,0.0,0,0.0,0,0.0,0,0.0,0.0,0.0,0.0,0.0,0.0,0.0,0.0,0.0,0.0,0.0,259.0,,,
岑文本,岑文本,小样本,4,44,False,False,0,0.0,0,0.0,0,0.0,0,0.0,0,0.0,0,0.0,0,0.0,0,0.0,0.0,0.0,0.0,0.0,0.0,0.0,0.0,0.0,0.0,0.0,259.0,,,
岑羲,岑羲,小样本,6,44,False,False,0,0.0,0,0.0,0,0.0,0,0.0,0,0.0,0,0.0,0,0.0,0,0.0,0.0,0.0,0.0,0.0,0.0,0.0,0.0,0.0,0.0,0.0,259.0,,,
峡中白衣,峡中白衣,小样本,1,4,False,False,0,0.0,0,0.0,0,0.0,0,0.0,0,0.0,0,0.0,0,0.0,0,0.0,0.0,0.0,0.0,0.0,0.0,0.0,0.0,0.0,0.0,0.0,259.0,,,
崇圣寺鬼,崇圣寺鬼,小样本,1,8,False,False,0,0.0,0,0.0,0,0.0,0,0.0,0,0.0,0,0.0,0,0.0,0,0.0,0.0,0.0,0.0,0.0,0.0,0.0,0.0,0.0,0.0,0.0,259.0,,,
崔亘,崔亘,小样本,1,8,False,False,0,0.0,0,0.0,0,0.0,0,0.0,0,0.0,0,0.0,0,0.0,0,0.0,0.0,0.0,0.0,0.0,0.0,0.0,0.0,0.0,0.0,0.0,259.0,,,
崔仲容,崔仲容,小样本,4,28,False,False,0,0.0,0,0.0,0,0.0,0,0.0,0,0.0,0,0.0,0,0.0,0,0.0,0.0,0.0,0.0,0.0,0.0,0.0,0.0,0.0,0.0,0.0,259.0,,,
崔何,崔何,小样本,2,18,False,False,0,0.0,0,0.0,0,0.0,0,0.0,0,0.0,0,0.0,0,0.0,0,0.0,0.0,0.0,0.0,0.0,0.0,0.0,0.0,0.0,0.0,0.0,259.0,,,
崔信明,崔信明,小样本,2,11,False,False,0,0.0,0,0.0,0,0.0,0,0.0,0,0.0,0,0.0,0,0.0,0,0.0,0.0,0.0,0.0,0.0,0.0,0.0,0.0,0.0,0.0,0.0,259.0,,,
崔元略,崔元略,小样本,1,8,False,False,0,0.0,0,0.0,0,0.0,0,0.0,0,0.0,0,0.0,0,0.0,0,0.0,0.0,0.0,0.0,0.0,0.0,0.0,0.0,0.0,0.0,0.0,259.0,,,
崔元范,崔元范,小样本,1,4,False,False,0,0.0,0,0.0,0,0.0,0,0.0,0,0.0,0,0.0,0,0.0,0,0.0,0.0,0.0,0.0,0.0,0.0,0.0,0.0,0.0,0.0,0.0,259.0,,,
崔公佐客,崔公佐客,小样本,1,4,False,False,0,0.0,0,0.0,0,0.0,0,0.0,0,0.0,0,0.0,0,0.0,0,0.0,0.0,0.0,0.0,0.0,0.0,0.0,0.0,0.0,0.0,0.0,259.0,,,
崔公信,崔公信,小样本,1,8,False,False,0,0.0,0,0.0,0,0.0,0,0.0,0,0.0,0,0.0,0,0.0,0,0.0,0.0,0.0,0.0,0.0,0.0,0.0,0.0,0.0,0.0,0.0,259.0,,,
崔公远,崔公远,小样本,2,8,False,False,0,0.0,0,0.0,0,0.0,0,0.0,0,0.0,0,0.0,0,0.0,0,0.0,0.0,0.0,0.0,0.0,0.0,0.0,0.0,0.0,0.0,0.0,259.0,,,
崔兴宗,崔兴宗,小样本,5,28,False,False,0,0.0,0,0.0,0,0.0,0,0.0,0,0.0,0,0.0,0,0.0,0,0.0,0.0,0.0,0.0,0.0,0.0,0.0,0.0,0.0,0.0,0.0,259.0,,,
崔善为,崔善为,小样本,3,24,False,False,0,0.0,0,0.0,0,0.0,0,0.0,0,0.0,0,0.0,0,0.0,0,0.0,0.0,0.0,0.0,0.0,0.0,0.0,0.0,0.0,0.0,0.0,259.0,,,
崔备,崔备,小样本,5,60,False,False,0,0.0,0,0.0,0,0.0,0,0.0,0,0.0,0,0.0,0,0.0,0,0.0,0.0,0.0,0.0,0.0,0.0,0.0,0.0,0.0,0.0,0.0,259.0,,,
崔子向,崔子向,小样本,3,16,False,False,0,0.0,0,0.0,0,0.0,0,0.0,0,0.0,0,0.0,0,0.0,0,0.0,0.0,0.0,0.0,0.0,0.0,0.0,0.0,0.0,0.0,0.0,259.0,,,
崔季卿,崔季卿,小样本,1,4,False,False,0,0.0,0,0.0,0,0.0,0,0.0,0,0.0,0,0.0,0,0.0,0,0.0,0.0,0.0,0.0,0.0,0.0,0.0,0.0,0.0,0.0,0.0,259.0,,,
崔宗,崔宗,小样本,1,12,False,False,0,0.0,0,0.0,0,0.0,0,0.0,0,0.0,0,0.0,0,0.0,0,0.0,0.0,0.0,0.0,0.0,0.0,0.0,0.0,0.0,0.0,0.0,259.0,,,
崔少玄,崔少玄,小样本,1,14,False,False,0,0.0,0,0.0,0,0.0,0,0.0,0,0.0,0,0.0,0,0.0,0,0.0,0.0,0.0,0.0,0.0,0.0,0.0,0.0,0.0,0.0,0.0,259.0,,,
崔尚,崔尚,小样本,1,12,False,False,0,0.0,0,0.0,0,0.0,0,0.0,0,0.0,0,0.0,0,0.0,0,0.0,0.0,0.0,0.0,0.0,0.0,0.0,0.0,0.0,0.0,0.0,259.0,,,
崔常侍,崔常侍,小样本,1,4,False,False,0,0.0,0,0.0,0,0.0,0,0.0,0,0.0,0,0.0,0,0.0,0,0.0,0.0,0.0,0.0,0.0,0.0,0.0,0.0,0.0,0.0,0.0,259.0,,,
崔庸,崔庸,小样本,1,4,False,False,0,0.0,0,0.0,0,0.0,0,0.0,0,0.0,0,0.0,0,0.0,0,0.0,0.0,0.0,0.0,0.0,0.0,0.0,0.0,0.0,0.0,0.0,259.0,,,
崔怀宝,崔怀宝,小样本,1,4,False,False,0,0.0,0,0.0,0,0.0,0,0.0,0,0.0,0,0.0,0,0.0,0,0.0,0.0,0.0,0.0,0.0,0.0,0.0,0.0,0.0,0.0,0.0,259.0,,,
崔恭,崔恭,小样本,1,8,False,False,0,0.0,0,0.0,0,0.0,0,0.0,0,0.0,0,0.0,0,0.0,0,0.0,0.0,0.0,0.0,0.0,0.0,0.0,0.0,0.0,0.0,0.0,259.0,,,
崔成甫,崔成甫,小样本,1,4,False,False,0,0.0,0,0.0,0,0.0,0,0.0,0,0.0,0,0.0,0,0.0,0,0.0,0.0,0.0,0.0,0.0,0.0,0.0,0.0,0.0,0.0,0.0,259.0,,,
崔氏,崔氏,小样本,1,4,False,False,0,0.0,0,0.0,0,0.0,0,0.0,0,0.0,0,0.0,0,0.0,0,0.0,0.0,0.0,0.0,0.0,0.0,0.0,0.0,0.0,0.0,0.0,259.0,,,
崔江,崔江,小样本,1,4,False,False,0,0.0,0,0.0,0,0.0,0,0.0,0,0.0,0,0.0,0,0.0,0,0.0,0.0,0.0,0.0,0.0,0.0,0.0,0.0,0.0,0.0,0.0,259.0,,,
崔沔,崔沔,小样本,1,12,False,False,0,0.0,0,0.0,0,0.0,0,0.0,0,0.0,0,0.0,0,0.0,0,0.0,0.0,0.0,0.0,0.0,0.0,0.0,0.0,0.0,0.0,0.0,259.0,,,
崔液,崔液,小样本,7,90,False,False,0,0.0,0,0.0,0,0.0,0,0.0,0,0.0,0,0.0,0,0.0,0,0.0,0.0,0.0,0.0,0.0,0.0,0.0,0.0,0.0,0.0,0.0,259.0,,,
崔澹,崔澹,小样本,1,4,False,False,0,0.0,0,0.0,0,0.0,0,0.0,0,0.0,0,0.0,0,0.0,0,0.0,0.0,0.0,0.0,0.0,0.0,0.0,0.0,0.0,0.0,0.0,259.0,,,
崔玄亮,崔玄亮,小样本,3,13,False,False,0,0.0,0,0.0,0,0.0,0,0.0,0,0.0,0,0.0,0,0.0,0,0.0,0.0,0.0,0.0,0.0,0.0,0.0,0.0,0.0,0.0,0.0,259.0,,,
崔珪,崔珪,小样本,1,8,False,False,0,0.0,0,0.0,0,0.0,0,0.0,0,0.0,0,0.0,0,0.0,0,0.0,0.0,0.0,0.0,0.0,0.0,0.0,0.0,0.0,0.0,0.0,259.0,,,
崔琮,崔琮,小样本,1,12,False,False,0,0.0,0,0.0,0,0.0,0,0.0,0,0.0,0,0.0,0,0.0,0,0.0,0.0,0.0,0.0,0.0,0.0,0.0,0.0,0.0,0.0,0.0,259.0,,,
崔瓘,崔瓘,小样本,1,4,False,False,0,0.0,0,0.0,0,0.0,0,0.0,0,0.0,0,0.0,0,0.0,0,0.0,0.0,0.0,0.0,0.0,0.0,0.0,0.0,0.0,0.0,0.0,259.0,,,
崔知贤,崔知贤,小样本,3,28,False,False,0,0.0,0,0.0,0,0.0,0,0.0,0,0.0,0,0.0,0,0.0,0,0.0,0.0,0.0,0.0,0.0,0.0,0.0,0.0,0.0,0.0,0.0,259.0,,,
崔立言,崔立言,小样本,1,4,False,False,0,0.0,0,0.0,0,0.0,0,0.0,0,0.0,0,0.0,0,0.0,0,0.0,0.0,0.0,0.0,0.0,0.0,0.0,0.0,0.0,0.0,0.0,259.0,,,
崔素娥,崔素娥,小样本,1,4,False,False,0,0.0,0,0.0,0,0.0,0,0.0,0,0.0,0,0.0,0,0.0,0,0.0,0.0,0.0,0.0,0.0,0.0,0.0,0.0,0.0,0.0,0.0,259.0,,,
崔紫云,崔紫云,小样本,1,4,False,False,0,0.0,0,0.0,0,0.0,0,0.0,0,0.0,0,0.0,0,0.0,0,0.0,0.0,0.0,0.0,0.0,0.0,0.0,0.0,0.0,0.0,0.0,259.0,,,
崔绩,崔绩,小样本,1,12,False,False,0,0.0,0,0.0,0,0.0,0,0.0,0,0.0,0,0.0,0,0.0,0,0.0,0.0,0.0,0.0,0.0,0.0,0.0,0.0,0.0,0.0,0.0,259.0,,,
崔耿,崔耿,小样本,1,6,False,False,0,0.0,0,0.0,0,0.0,0,0.0,0,0.0,0,0.0,0,0.0,0,0.0,0.0,0.0,0.0,0.0,0.0,0.0,0.0,0.0,0.0,0.0,259.0,,,
崔莺莺,崔莺莺,小样本,3,12,False,False,0,0.0,0,0.0,0,0.0,0,0.0,0,0.0,0,0.0,0,0.0,0,0.0,0.0,0.0,0.0,0.0,0.0,0.0,0.0,0.0,0.0,0.0,259.0,,,
崔藩,崔藩,小样本,1,12,False,False,0,0.0,0,0.0,0,0.0,0,0.0,0,0.0,0,0.0,0,0.0,0,0.0,0.0,0.0,0.0,0.0,0.0,0.0,0.0,0.0,0.0,0.0,259.0,,,
崔轩,崔轩,小样本,1,8,False,False,0,0.0,0,0.0,0,0.0,0,0.0,0,0.0,0,0.0,0,0.0,0,0.0,0.0,0.0,0.0,0.0,0.0,0.0,0.0,0.0,0.0,0.0,259.0,,,
崔郊,崔郊,小样本,1,4,False,False,0,0.0,0,0.0,0,0.0,0,0.0,0,0.0,0,0.0,0,0.0,0,0.0,0.0,0.0,0.0,0.0,0.0,0.0,0.0,0.0,0.0,0.0,259.0,,,
崔郾,崔郾,小样本,1,8,False,False,0,0.0,0,0.0,0,0.0,0,0.0,0,0.0,0,0.0,0,0.0,0,0.0,0.0,0.0,0.0,0.0,0.0,0.0,0.0,0.0,0.0,0.0,259.0,,,
崔铉,崔铉,小样本,2,12,False,False,0,0.0,0,0.0,0,0.0,0,0.0,0,0.0,0,0.0,0,0.0,0,0.0,0.0,0.0,0.0,0.0,0.0,0.0,0.0,0.0,0.0,0.0,259.0,,,
崔颂,崔颂,小样本,1,8,False,False,0,0.0,0,0.0,0,0.0,0,0.0,0,0.0,0,0.0,0,0.0,0,0.0,0.0,0.0,0.0,0.0,0.0,0.0,0.0,0.0,0.0,0.0,259.0,,,
左偃,左偃,稳健样本,11,53,True,False,0,0.0,0,0.0,0,0.0,0,0.0,0,0.0,0,0.0,0,0.0,0,0.0,0.0,0.0,0.0,0.0,0.0,0.0,0.0,0.0,0.0,0.0,259.0,169.0,122.0,155.0
巴峡鬼,巴峡鬼,小样本,1,4,False,False,0,0.0,0,0.0,0,0.0,0,0.0,0,0.0,0,0.0,0,0.0,0,0.0,0.0,0.0,0.0,0.0,0.0,0.0,0.0,0.0,0.0,0.0,259.0,,,
巴陵馆鬼,巴陵馆鬼,小样本,1,4,False,False,0,0.0,0,0.0,0,0.0,0,0.0,0,0.0,0,0.0,0,0.0,0,0.0,0.0,0.0,0.0,0.0,0.0,0.0,0.0,0.0,0.0,0.0,259.0,,,
布燮,布燮,小样本,2,14,False,False,0,0.0,0,0.0,0,0.0,0,0.0,0,0.0,0,0.0,0,0.0,0,0.0,0.0,0.0,0.0,0.0,0.0,0.0,0.0,0.0,0.0,0.0,259.0,,,
希道,希道,小样本,1,10,False,False,0,0.0,0,0.0,0,0.0,0,0.0,0,0.0,0,0.0,0,0.0,0,0.0,0.0,0.0,0.0,0.0,0.0,0.0,0.0,0.0,0.0,0.0,259.0,,,
席元明,席元明,小样本,1,12,False,False,0,0.0,0,0.0,0,0.0,0,0.0,0,0.0,0,0.0,0,0.0,0,0.0,0.0,0.0,0.0,0.0,0.0,0.0,0.0,0.0,0.0,0.0,259.0,,,
席夔,席夔,小样本,2,24,False,False,0,0.0,0,0.0,0,0.0,0,0.0,0,0.0,0,0.0,0,0.0,0,0.0,0.0,0.0,0.0,0.0,0.0,0.0,0.0,0.0,0.0,0.0,259.0,,,
常沂,常沂,小样本,1,12,False,False,0,0.0,0,0.0,0,0.0,0,0.0,0,0.0,0,0.0,0,0.0,0,0.0,0.0,0.0,0.0,0.0,0.0,0.0,0.0,0.0,0.0,0.0,259.0,,,
常达,常达,小样本,1,64,False,False,0,0.0,0,0.0,0,0.0,0,0.0,0,0.0,0,0.0,0,0.0,0,0.0,0.0,0.0,0.0,0.0,0.0,0.0,0.0,0.0,0.0,0.0,259.0,,,
常非月,常非月,小样本,1,8,False,False,0,0.0,0,0.0,0,0.0,0,0.0,0,0.0,0,0.0,0,0.0,0,0.0,0.0,0.0,0.0,0.0,0.0,0.0,0.0,0.0,0.0,0.0,259.0,,,
平康妓,平康妓,小样本,1,4,False,False,0,0.0,0,0.0,0,0.0,0,0.0,0,0.0,0,0.0,0,0.0,0,0.0,0.0,0.0,0.0,0.0,0.0,0.0,0.0,0.0,0.0,0.0,259.0,,,
幸夤逊,幸夤逊,小样本,2,20,False,False,0,0.0,0,0.0,0,0.0,0,0.0,0,0.0,0,0.0,0,0.0,0,0.0,0.0,0.0,0.0,0.0,0.0,0.0,0.0,0.0,0.0,0.0,259.0,,,
广利王女,广利王女,小样本,1,8,False,False,0,0.0,0,0.0,0,0.0,0,0.0,0,0.0,0,0.0,0,0.0,0,0.0,0.0,0.0,0.0,0.0,0.0,0.0,0.0,0.0,0.0,0.0,259.0,,,
广陵道士,广陵道士,小样本,1,4,False,False,0,0.0,0,0.0,0,0.0,0,0.0,0,0.0,0,0.0,0,0.0,0,0.0,0.0,0.0,0.0,0.0,0.0,0.0,0.0,0.0,0.0,0.0,259.0,,,
庄若讷,庄若讷,小样本,1,12,False,False,0,0.0,0,0.0,0,0.0,0,0.0,0,0.0,0,0.0,0,0.0,0,0.0,0.0,0.0,0.0,0.0,0.0,0.0,0.0,0.0,0.0,0.0,259.0,,,
庞德公,庞德公,小样本,2,8,False,False,0,0.0,0,0.0,0,0.0,0,0.0,0,0.0,0,0.0,0,0.0,0,0.0,0.0,0.0,0.0,0.0,0.0,0.0,0.0,0.0,0.0,0.0,259.0,,,
座客,座客,小样本,1,4,False,False,0,0.0,0,0.0,0,0.0,0,0.0,0,0.0,0,0.0,0,0.0,0,0.0,0.0,0.0,0.0,0.0,0.0,0.0,0.0,0.0,0.0,0.0,259.0,,,
庭实,庭实,小样本,1,2,False,False,0,0.0,0,0.0,0,0.0,0,0.0,0,0.0,0,0.0,0,0.0,0,0.0,0.0,0.0,0.0,0.0,0.0,0.0,0.0,0.0,0.0,0.0,259.0,,,
康庭芝,康庭芝,小样本,1,8,False,False,0,0.0,0,0.0,0,0.0,0,0.0,0,0.0,0,0.0,0,0.0,0,0.0,0.0,0.0,0.0,0.0,0.0,0.0,0.0,0.0,0.0,0.0,259.0,,,
康翊仁,康翊仁,小样本,1,12,False,False,0,0.0,0,0.0,0,0.0,0,0.0,0,0.0,0,0.0,0,0.0,0,0.0,0.0,0.0,0.0,0.0,0.0,0.0,0.0,0.0,0.0,0.0,259.0,,,
庾传素,庾传素,小样本,1,8,False,False,0,0.0,0,0.0,0,0.0,0,0.0,0,0.0,0,0.0,0,0.0,0,0.0,0.0,0.0,0.0,0.0,0.0,0.0,0.0,0.0,0.0,0.0,259.0,,,
庾光先,庾光先,小样本,1,8,False,False,0,0.0,0,0.0,0,0.0,0,0.0,0,0.0,0,0.0,0,0.0,0,0.0,0.0,0.0,0.0,0.0,0.0,0.0,0.0,0.0,0.0,0.0,259.0,,,
庾承宣,庾承宣,小样本,1,12,False,False,0,0.0,0,0.0,0,0.0,0,0.0,0,0.0,0,0.0,0,0.0,0,0.0,0.0,0.0,0.0,0.0,0.0,0.0,0.0,0.0,0.0,0.0,259.0,,,
庾敬休,庾敬休,小样本,1,12,False,False,0,0.0,0,0.0,0,0.0,0,0.0,0,0.0,0,0.0,0,0.0,0,0.0,0.0,0.0,0.0,0.0,0.0,0.0,0.0,0.0,0.0,0.0,259.0,,,
廉氏,廉氏,小样本,3,18,False,False,0,0.0,0,0.0,0,0.0,0,0.0,0,0.0,0,0.0,0,0.0,0,0.0,0.0,0.0,0.0,0.0,0.0,0.0,0.0,0.0,0.0,0.0,259.0,,,
廖匡图,廖匡图,小样本,5,35,False,False,0,0.0,0,0.0,0,0.0,0,0.0,0,0.0,0,0.0,0,0.0,0,0.0,0.0,0.0,0.0,0.0,0.0,0.0,0.0,0.0,0.0,0.0,259.0,,,
廖融,廖融,小样本,7,54,False,False,0,0.0,0,0.0,0,0.0,0,0.0,0,0.0,0,0.0,0,0.0,0,0.0,0.0,0.0,0.0,0.0,0.0,0.0,0.0,0.0,0.0,0.0,259.0,,,
建业卜者,建业卜者,小样本,1,4,False,False,0,0.0,0,0.0,0,0.0,0,0.0,0,0.0,0,0.0,0,0.0,0,0.0,0.0,0.0,0.0,0.0,0.0,0.0,0.0,0.0,0.0,0.0,259.0,,,
开元宫人,开元宫人,小样本,1,8,False,False,0,0.0,0,0.0,0,0.0,0,0.0,0,0.0,0,0.0,0,0.0,0,0.0,0.0,0.0,0.0,0.0,0.0,0.0,0.0,0.0,0.0,0.0,259.0,,,
弓嗣初,弓嗣初,小样本,2,16,False,False,0,0.0,0,0.0,0,0.0,0,0.0,0,0.0,0,0.0,0,0.0,0,0.0,0.0,0.0,0.0,0.0,0.0,0.0,0.0,0.0,0.0,0.0,259.0,,,
张万顷,张万顷,小样本,3,22,False,False,0,0.0,0,0.0,0,0.0,0,0.0,0,0.0,0,0.0,0,0.0,0,0.0,0.0,0.0,0.0,0.0,0.0,0.0,0.0,0.0,0.0,0.0,259.0,,,
张丛,张丛,小样本,1,8,False,False,0,0.0,0,0.0,0,0.0,0,0.0,0,0.0,0,0.0,0,0.0,0,0.0,0.0,0.0,0.0,0.0,0.0,0.0,0.0,0.0,0.0,0.0,259.0,,,
张义方,张义方,小样本,1,8,False,False,0,0.0,0,0.0,0,0.0,0,0.0,0,0.0,0,0.0,0,0.0,0,0.0,0.0,0.0,0.0,0.0,0.0,0.0,0.0,0.0,0.0,0.0,259.0,,,
张云容,张云容,小样本,1,16,False,False,0,0.0,0,0.0,0,0.0,0,0.0,0,0.0,0,0.0,0,0.0,0,0.0,0.0,0.0,0.0,0.0,0.0,0.0,0.0,0.0,0.0,0.0,259.0,,,
张仁宝,张仁宝,小样本,1,4,False,False,0,0.0,0,0.0,0,0.0,0,0.0,0,0.0,0,0.0,0,0.0,0,0.0,0.0,0.0,0.0,0.0,0.0,0.0,0.0,0.0,0.0,0.0,259.0,,,
张仁溥,张仁溥,小样本,1,4,False,False,0,0.0,0,0.0,0,0.0,0,0.0,0,0.0,0,0.0,0,0.0,0,0.0,0.0,0.0,0.0,0.0,0.0,0.0,0.0,0.0,0.0,0.0,259.0,,,
张仲方,张仲方,小样本,3,34,False,False,0,0.0,0,0.0,0,0.0,0,0.0,0,0.0,0,0.0,0,0.0,0,0.0,0.0,0.0,0.0,0.0,0.0,0.0,0.0,0.0,0.0,0.0,259.0,,,
张仲谋,张仲谋,小样本,1,4,False,False,0,0.0,0,0.0,0,0.0,0,0.0,0,0.0,0,0.0,0,0.0,0,0.0,0.0,0.0,0.0,0.0,0.0,0.0,0.0,0.0,0.0,0.0,259.0,,,
张众甫,张众甫,小样本,3,24,False,False,0,0.0,0,0.0,0,0.0,0,0.0,0,0.0,0,0.0,0,0.0,0,0.0,0.0,0.0,0.0,0.0,0.0,0.0,0.0,0.0,0.0,0.0,259.0,,,
张佐,张佐,小样本,2,20,False,False,0,0.0,0,0.0,0,0.0,0,0.0,0,0.0,0,0.0,0,0.0,0,0.0,0.0,0.0,0.0,0.0,0.0,0.0,0.0,0.0,0.0,0.0,259.0,,,
张何,张何,小样本,1,12,False,False,0,0.0,0,0.0,0,0.0,0,0.0,0,0.0,0,0.0,0,0.0,0,0.0,0.0,0.0,0.0,0.0,0.0,0.0,0.0,0.0,0.0,0.0,259.0,,,
张侹,张侹,小样本,1,4,False,False,0,0.0,0,0.0,0,0.0,0,0.0,0,0.0,0,0.0,0,0.0,0,0.0,0.0,0.0,0.0,0.0,0.0,0.0,0.0,0.0,0.0,0.0,259.0,,,
张俨,张俨,小样本,1,12,False,False,0,0.0,0,0.0,0,0.0,0,0.0,0,0.0,0,0.0,0,0.0,0,0.0,0.0,0.0,0.0,0.0,0.0,0.0,0.0,0.0,0.0,0.0,259.0,,,
张修之,张修之,小样本,2,16,False,False,0,0.0,0,0.0,0,0.0,0,0.0,0,0.0,0,0.0,0,0.0,0,0.0,0.0,0.0,0.0,0.0,0.0,0.0,0.0,0.0,0.0,0.0,259.0,,,
张偁,张偁,小样本,1,4,False,False,0,0.0,0,0.0,0,0.0,0,0.0,0,0.0,0,0.0,0,0.0,0,0.0,0.0,0.0,0.0,0.0,0.0,0.0,0.0,0.0,0.0,0.0,259.0,,,
张公乂,张公乂,小样本,1,12,False,False,0,0.0,0,0.0,0,0.0,0,0.0,0,0.0,0,0.0,0,0.0,0,0.0,0.0,0.0,0.0,0.0,0.0,0.0,0.0,0.0,0.0,0.0,259.0,,,
张友正,张友正,小样本,2,24,False,False,0,0.0,0,0.0,0,0.0,0,0.0,0,0.0,0,0.0,0,0.0,0,0.0,0.0,0.0,0.0,0.0,0.0,0.0,0.0,0.0,0.0,0.0,259.0,,,
张叔卿,张叔卿,小样本,2,12,False,False,0,0.0,0,0.0,0,0.0,0,0.0,0,0.0,0,0.0,0,0.0,0,0.0,0.0,0.0,0.0,0.0,0.0,0.0,0.0,0.0,0.0,0.0,259.0,,,
张叔良,张叔良,小样本,1,12,False,False,0,0.0,0,0.0,0,0.0,0,0.0,0,0.0,0,0.0,0,0.0,0,0.0,0.0,0.0,0.0,0.0,0.0,0.0,0.0,0.0,0.0,0.0,259.0,,,
张固,张固,小样本,2,12,False,False,0,0.0,0,0.0,0,0.0,0,0.0,0,0.0,0,0.0,0,0.0,0,0.0,0.0,0.0,0.0,0.0,0.0,0.0,0.0,0.0,0.0,0.0,259.0,,,
张均,张均,小样本,6,52,False,False,0,0.0,0,0.0,0,0.0,0,0.0,0,0.0,0,0.0,0,0.0,0,0.0,0.0,0.0,0.0,0.0,0.0,0.0,0.0,0.0,0.0,0.0,259.0,,,
张垍,张垍,小样本,1,8,False,False,0,0.0,0,0.0,0,0.0,0,0.0,0,0.0,0,0.0,0,0.0,0,0.0,0.0,0.0,0.0,0.0,0.0,0.0,0.0,0.0,0.0,0.0,259.0,,,
张复,张复,小样本,1,12,False,False,0,0.0,0,0.0,0,0.0,0,0.0,0,0.0,0,0.0,0,0.0,0,0.0,0.0,0.0,0.0,0.0,0.0,0.0,0.0,0.0,0.0,0.0,259.0,,,
张复元,张复元,小样本,1,12,False,False,0,0.0,0,0.0,0,0.0,0,0.0,0,0.0,0,0.0,0,0.0,0,0.0,0.0,0.0,0.0,0.0,0.0,0.0,0.0,0.0,0.0,0.0,259.0,,,
张大安,张大安,小样本,1,8,False,False,0,0.0,0,0.0,0,0.0,0,0.0,0,0.0,0,0.0,0,0.0,0,0.0,0.0,0.0,0.0,0.0,0.0,0.0,0.0,0.0,0.0,0.0,259.0,,,
张太华,张太华,小样本,2,8,False,False,0,0.0,0,0.0,0,0.0,0,0.0,0,0.0,0,0.0,0,0.0,0,0.0,0.0,0.0,0.0,0.0,0.0,0.0,0.0,0.0,0.0,0.0,259.0,,,
张子明,张子明,小样本,1,8,False,False,0,0.0,0,0.0,0,0.0,0,0.0,0,0.0,0,0.0,0,0.0,0,0.0,0.0,0.0,0.0,0.0,0.0,0.0,0.0,0.0,0.0,0.0,259.0,,,
张季略,张季略,小样本,1,12,False,False,0,0.0,0,0.0,0,0.0,0,0.0,0,0.0,0,0.0,0,0.0,0,0.0,0.0,0.0,0.0,0.0,0.0,0.0,0.0,0.0,0.0,0.0,259.0,,,
张守中,张守中,小样本,1,4,False,False,0,0.0,0,0.0,0,0.0,0,0.0,0,0.0,0,0.0,0,0.0,0,0.0,0.0,0.0,0.0,0.0,0.0,0.0,0.0,0.0,0.0,0.0,259.0,,,
张安石,张安石,小样本,2,8,False,False,0,0.0,0,0.0,0,0.0,0,0.0,0,0.0,0,0.0,0,0.0,0,0.0,0.0,0.0,0.0,0.0,0.0,0.0,0.0,0.0,0.0,0.0,259.0,,,
张少博,张少博,小样本,2,24,False,False,0,0.0,0,0.0,0,0.0,0,0.0,0,0.0,0,0.0,0,0.0,0,0.0,0.0,0.0,0.0,0.0,0.0,0.0,0.0,0.0,0.0,0.0,259.0,,,
张希复,张希复,小样本,2,7,False,False,0,0.0,0,0.0,0,0.0,0,0.0,0,0.0,0,0.0,0,0.0,0,0.0,0.0,0.0,0.0,0.0,0.0,0.0,0.0,0.0,0.0,0.0,259.0,,,
张弘靖,张弘靖,小样本,1,8,False,False,0,0.0,0,0.0,0,0.0,0,0.0,0,0.0,0,0.0,0,0.0,0,0.0,0.0,0.0,0.0,0.0,0.0,0.0,0.0,0.0,0.0,0.0,259.0,,,
张彤,张彤,小样本,1,8,False,False,0,0.0,0,0.0,0,0.0,0,0.0,0,0.0,0,0.0,0,0.0,0,0.0,0.0,0.0,0.0,0.0,0.0,0.0,0.0,0.0,0.0,0.0,259.0,,,
张怀,张怀,小样本,1,8,False,False,0,0.0,0,0.0,0,0.0,0,0.0,0,0.0,0,0.0,0,0.0,0,0.0,0.0,0.0,0.0,0.0,0.0,0.0,0.0,0.0,0.0,0.0,259.0,,,
张怀庆,张怀庆,小样本,1,4,False,False,0,0.0,0,0.0,0,0.0,0,0.0,0,0.0,0,0.0,0,0.0,0,0.0,0.0,0.0,0.0,0.0,0.0,0.0,0.0,0.0,0.0,0.0,259.0,,,
张惟俭,张惟俭,小样本,1,12,False,False,0,0.0,0,0.0,0,0.0,0,0.0,0,0.0,0,0.0,0,0.0,0,0.0,0.0,0.0,0.0,0.0,0.0,0.0,0.0,0.0,0.0,0.0,259.0,,,
张抃,张抃,小样本,1,8,False,False,0,0.0,0,0.0,0,0.0,0,0.0,0,0.0,0,0.0,0,0.0,0,0.0,0.0,0.0,0.0,0.0,0.0,0.0,0.0,0.0,0.0,0.0,259.0,,,
张敬徽,张敬徽,小样本,1,8,False,False,0,0.0,0,0.0,0,0.0,0,0.0,0,0.0,0,0.0,0,0.0,0,0.0,0.0,0.0,0.0,0.0,0.0,0.0,0.0,0.0,0.0,0.0,259.0,,,
张敬忠,张敬忠,小样本,3,12,False,False,0,0.0,0,0.0,0,0.0,0,0.0,0,0.0,0,0.0,0,0.0,0,0.0,0.0,0.0,0.0,0.0,0.0,0.0,0.0,0.0,0.0,0.0,259.0,,,
张文恭,张文恭,小样本,2,16,False,False,0,0.0,0,0.0,0,0.0,0,0.0,0,0.0,0,0.0,0,0.0,0,0.0,0.0,0.0,0.0,0.0,0.0,0.0,0.0,0.0,0.0,0.0,259.0,,,
张文收,张文收,小样本,1,4,False,False,0,0.0,0,0.0,0,0.0,0,0.0,0,0.0,0,0.0,0,0.0,0,0.0,0.0,0.0,0.0,0.0,0.0,0.0,0.0,0.0,0.0,0.0,259.0,,,
张文琮,张文琮,小样本,8,66,False,False,0,0.0,0,0.0,0,0.0,0,0.0,0,0.0,0,0.0,0,0.0,0,0.0,0.0,0.0,0.0,0.0,0.0,0.0,0.0,0.0,0.0,0.0,259.0,,,
张文规,张文规,小样本,3,12,False,False,0,0.0,0,0.0,0,0.0,0,0.0,0,0.0,0,0.0,0,0.0,0,0.0,0.0,0.0,0.0,0.0,0.0,0.0,0.0,0.0,0.0,0.0,259.0,,,
张旭,张旭,小样本,6,24,False,False,0,0.0,0,0.0,0,0.0,0,0.0,0,0.0,0,0.0,0,0.0,0,0.0,0.0,0.0,0.0,0.0,0.0,0.0,0.0,0.0,0.0,0.0,259.0,,,
张昔,张昔,小样本,1,12,False,False,0,0.0,0,0.0,0,0.0,0,0.0,0,0.0,0,0.0,0,0.0,0,0.0,0.0,0.0,0.0,0.0,0.0,0.0,0.0,0.0,0.0,0.0,259.0,,,
张昭,张昭,小样本,2,32,False,False,0,0.0,0,0.0,0,0.0,0,0.0,0,0.0,0,0.0,0,0.0,0,0.0,0.0,0.0,0.0,0.0,0.0,0.0,0.0,0.0,0.0,0.0,259.0,,,
张景源,张景源,小样本,1,8,False,False,0,0.0,0,0.0,0,0.0,0,0.0,0,0.0,0,0.0,0,0.0,0,0.0,0.0,0.0,0.0,0.0,0.0,0.0,0.0,0.0,0.0,0.0,259.0,,,
张曙,张曙1,小样本,2,10,False,False,0,0.0,0,0.0,0,0.0,0,0.0,0,0.0,0,0.0,0,0.0,0,0.0,0.0,0.0,0.0,0.0,0.0,0.0,0.0,0.0,0.0,0.0,259.0,,,
张松龄,张松龄,小样本,2,6,False,False,0,0.0,0,0.0,0,0.0,0,0.0,0,0.0,0,0.0,0,0.0,0,0.0,0.0,0.0,0.0,0.0,0.0,0.0,0.0,0.0,0.0,0.0,259.0,,,
张果,张果,小样本,1,8,False,False,0,0.0,0,0.0,0,0.0,0,0.0,0,0.0,0,0.0,0,0.0,0,0.0,0.0,0.0,0.0,0.0,0.0,0.0,0.0,0.0,0.0,0.0,259.0,,,
张格,张格,小样本,1,8,False,False,0,0.0,0,0.0,0,0.0,0,0.0,0,0.0,0,0.0,0,0.0,0,0.0,0.0,0.0,0.0,0.0,0.0,0.0,0.0,0.0,0.0,0.0,259.0,,,
张正一,张正一,小样本,1,8,False,False,0,0.0,0,0.0,0,0.0,0,0.0,0,0.0,0,0.0,0,0.0,0,0.0,0.0,0.0,0.0,0.0,0.0,0.0,0.0,0.0,0.0,0.0,259.0,,,
张氏,张氏,小样本,2,16,False,False,0,0.0,0,0.0,0,0.0,0,0.0,0,0.0,0,0.0,0,0.0,0,0.0,0.0,0.0,0.0,0.0,0.0,0.0,0.0,0.0,0.0,0.0,259.0,,,
张氏女,张氏女,小样本,1,4,False,False,0,0.0,0,0.0,0,0.0,0,0.0,0,0.0,0,0.0,0,0.0,0,0.0,0.0,0.0,0.0,0.0,0.0,0.0,0.0,0.0,0.0,0.0,259.0,,,
张氏琰,张氏琰,小样本,1,6,False,False,0,0.0,0,0.0,0,0.0,0,0.0,0,0.0,0,0.0,0,0.0,0,0.0,0.0,0.0,0.0,0.0,0.0,0.0,0.0,0.0,0.0,0.0,259.0,,,
张氲,张氲,小样本,1,12,False,False,0,0.0,0,0.0,0,0.0,0,0.0,0,0.0,0,0.0,0,0.0,0,0.0,0.0,0.0,0.0,0.0,0.0,0.0,0.0,0.0,0.0,0.0,259.0,,,
张汇,张汇,小样本,3,32,False,False,0,0.0,0,0.0,0,0.0,0,0.0,0,0.0,0,0.0,0,0.0,0,0.0,0.0,0.0,0.0,0.0,0.0,0.0,0.0,0.0,0.0,0.0,259.0,,,
张浑,张浑,小样本,1,12,False,False,0,0.0,0,0.0,0,0.0,0,0.0,0,0.0,0,0.0,0,0.0,0,0.0,0.0,0.0,0.0,0.0,0.0,0.0,0.0,0.0,0.0,0.0,259.0,,,
张渐,张渐,小样本,1,20,False,False,0,0.0,0,0.0,0,0.0,0,0.0,0,0.0,0,0.0,0,0.0,0,0.0,0.0,0.0,0.0,0.0,0.0,0.0,0.0,0.0,0.0,0.0,259.0,,,
张演,张演,小样本,1,4,False,False,0,0.0,0,0.0,0,0.0,0,0.0,0,0.0,0,0.0,0,0.0,0,0.0,0.0,0.0,0.0,0.0,0.0,0.0,0.0,0.0,0.0,0.0,259.0,,,
张濛,张濛,小样本,1,12,False,False,0,0.0,0,0.0,0,0.0,0,0.0,0,0.0,0,0.0,0,0.0,0,0.0,0.0,0.0,0.0,0.0,0.0,0.0,0.0,0.0,0.0,0.0,259.0,,,
张灿,张灿,小样本,1,8,False,False,0,0.0,0,0.0,0,0.0,0,0.0,0,0.0,0,0.0,0,0.0,0,0.0,0.0,0.0,0.0,0.0,0.0,0.0,0.0,0.0,0.0,0.0,259.0,,,
张烜,张烜,小样本,2,16,False,False,0,0.0,0,0.0,0,0.0,0,0.0,0,0.0,0,0.0,0,0.0,0,0.0,0.0,0.0,0.0,0.0,0.0,0.0,0.0,0.0,0.0,0.0,259.0,,,
张瑛,张瑛,小样本,2,10,False,False,0,0.0,0,0.0,0,0.0,0,0.0,0,0.0,0,0.0,0,0.0,0,0.0,0.0,0.0,0.0,0.0,0.0,0.0,0.0,0.0,0.0,0.0,259.0,,,
张生,张生,小样本,1,5,False,False,0,0.0,0,0.0,0,0.0,0,0.0,0,0.0,0,0.0,0,0.0,0,0.0,0.0,0.0,0.0,0.0,0.0,0.0,0.0,0.0,0.0,0.0,259.0,,,
张登,张登,小样本,8,64,False,False,0,0.0,0,0.0,0,0.0,0,0.0,0,0.0,0,0.0,0,0.0,0,0.0,0.0,0.0,0.0,0.0,0.0,0.0,0.0,0.0,0.0,0.0,259.0,,,
张祎,张祎,小样本,2,8,False,False,0,0.0,0,0.0,0,0.0,0,0.0,0,0.0,0,0.0,0,0.0,0,0.0,0.0,0.0,0.0,0.0,0.0,0.0,0.0,0.0,0.0,0.0,259.0,,,
张窈窕,张窈窕,小样本,6,30,False,False,0,0.0,0,0.0,0,0.0,0,0.0,0,0.0,0,0.0,0,0.0,0,0.0,0.0,0.0,0.0,0.0,0.0,0.0,0.0,0.0,0.0,0.0,259.0,,,
张立本女,张立本女,小样本,1,4,False,False,0,0.0,0,0.0,0,0.0,0,0.0,0,0.0,0,0.0,0,0.0,0,0.0,0.0,0.0,0.0,0.0,0.0,0.0,0.0,0.0,0.0,0.0,259.0,,,
张绮,张绮,小样本,1,4,False,False,0,0.0,0,0.0,0,0.0,0,0.0,0,0.0,0,0.0,0,0.0,0,0.0,0.0,0.0,0.0,0.0,0.0,0.0,0.0,0.0,0.0,0.0,259.0,,,
张署,张署,小样本,1,8,False,False,0,0.0,0,0.0,0,0.0,0,0.0,0,0.0,0,0.0,0,0.0,0,0.0,0.0,0.0,0.0,0.0,0.0,0.0,0.0,0.0,0.0,0.0,259.0,,,
张翚,张翚,小样本,2,12,False,False,0,0.0,0,0.0,0,0.0,0,0.0,0,0.0,0,0.0,0,0.0,0,0.0,0.0,0.0,0.0,0.0,0.0,0.0,0.0,0.0,0.0,0.0,259.0,,,
张翱,张翱,小样本,1,4,False,False,0,0.0,0,0.0,0,0.0,0,0.0,0,0.0,0,0.0,0,0.0,0,0.0,0.0,0.0,0.0,0.0,0.0,0.0,0.0,0.0,0.0,0.0,259.0,,,
张聿,张聿,小样本,5,60,False,False,0,0.0,0,0.0,0,0.0,0,0.0,0,0.0,0,0.0,0,0.0,0,0.0,0.0,0.0,0.0,0.0,0.0,0.0,0.0,0.0,0.0,0.0,259.0,,,
张胜之,张胜之,小样本,1,12,False,False,0,0.0,0,0.0,0,0.0,0,0.0,0,0.0,0,0.0,0,0.0,0,0.0,0.0,0.0,0.0,0.0,0.0,0.0,0.0,0.0,0.0,0.0,259.0,,,
张莒,张莒,小样本,1,12,False,False,0,0.0,0,0.0,0,0.0,0,0.0,0,0.0,0,0.0,0,0.0,0,0.0,0.0,0.0,0.0,0.0,0.0,0.0,0.0,0.0,0.0,0.0,259.0,,,
张观,张观,小样本,1,8,False,False,0,0.0,0,0.0,0,0.0,0,0.0,0,0.0,0,0.0,0,0.0,0,0.0,0.0,0.0,0.0,0.0,0.0,0.0,0.0,0.0,0.0,0.0,259.0,,,
张起,张起,小样本,2,12,False,False,0,0.0,0,0.0,0,0.0,0,0.0,0,0.0,0,0.0,0,0.0,0,0.0,0.0,0.0,0.0,0.0,0.0,0.0,0.0,0.0,0.0,0.0,259.0,,,
张轸,张轸,小样本,1,8,False,False,0,0.0,0,0.0,0,0.0,0,0.0,0,0.0,0,0.0,0,0.0,0,0.0,0.0,0.0,0.0,0.0,0.0,0.0,0.0,0.0,0.0,0.0,259.0,,,
张辞,张辞,小样本,4,24,False,False,0,0.0,0,0.0,0,0.0,0,0.0,0,0.0,0,0.0,0,0.0,0,0.0,0.0,0.0,0.0,0.0,0.0,0.0,0.0,0.0,0.0,0.0,259.0,,,
张迥,张迥1,小样本,1,8,False,False,0,0.0,0,0.0,0,0.0,0,0.0,0,0.0,0,0.0,0,0.0,0,0.0,0.0,0.0,0.0,0.0,0.0,0.0,0.0,0.0,0.0,0.0,259.0,,,
张道古,张道古,小样本,2,12,False,False,0,0.0,0,0.0,0,0.0,0,0.0,0,0.0,0,0.0,0,0.0,0,0.0,0.0,0.0,0.0,0.0,0.0,0.0,0.0,0.0,0.0,0.0,259.0,,,
张道符,张道符,小样本,1,8,False,False,0,0.0,0,0.0,0,0.0,0,0.0,0,0.0,0,0.0,0,0.0,0,0.0,0.0,0.0,0.0,0.0,0.0,0.0,0.0,0.0,0.0,0.0,259.0,,,
张锡,张锡,小样本,2,16,False,False,0,0.0,0,0.0,0,0.0,0,0.0,0,0.0,0,0.0,0,0.0,0,0.0,0.0,0.0,0.0,0.0,0.0,0.0,0.0,0.0,0.0,0.0,259.0,,,
张陵,张陵,小样本,1,4,False,False,0,0.0,0,0.0,0,0.0,0,0.0,0,0.0,0,0.0,0,0.0,0,0.0,0.0,0.0,0.0,0.0,0.0,0.0,0.0,0.0,0.0,0.0,259.0,,,
张随,张随,小样本,2,24,False,False,0,0.0,0,0.0,0,0.0,0,0.0,0,0.0,0,0.0,0,0.0,0,0.0,0.0,0.0,0.0,0.0,0.0,0.0,0.0,0.0,0.0,0.0,259.0,,,
张隐,张隐,小样本,1,4,False,False,0,0.0,0,0.0,0,0.0,0,0.0,0,0.0,0,0.0,0,0.0,0,0.0,0.0,0.0,0.0,0.0,0.0,0.0,0.0,0.0,0.0,0.0,259.0,,,
张鲁封,张鲁封,小样本,1,4,False,False,0,0.0,0,0.0,0,0.0,0,0.0,0,0.0,0,0.0,0,0.0,0,0.0,0.0,0.0,0.0,0.0,0.0,0.0,0.0,0.0,0.0,0.0,259.0,,,
张鷟,张鷟,小样本,2,6,False,False,0,0.0,0,0.0,0,0.0,0,0.0,0,0.0,0,0.0,0,0.0,0,0.0,0.0,0.0,0.0,0.0,0.0,0.0,0.0,0.0,0.0,0.0,259.0,,,
张鸿,张鸿,小样本,1,8,False,False,0,0.0,0,0.0,0,0.0,0,0.0,0,0.0,0,0.0,0,0.0,0,0.0,0.0,0.0,0.0,0.0,0.0,0.0,0.0,0.0,0.0,0.0,259.0,,,
张鹭,张鹭,小样本,1,12,False,False,0,0.0,0,0.0,0,0.0,0,0.0,0,0.0,0,0.0,0,0.0,0,0.0,0.0,0.0,0.0,0.0,0.0,0.0,0.0,0.0,0.0,0.0,259.0,,,
张鼎,张鼎,小样本,4,36,False,False,0,0.0,0,0.0,0,0.0,0,0.0,0,0.0,0,0.0,0,0.0,0,0.0,0.0,0.0,0.0,0.0,0.0,0.0,0.0,0.0,0.0,0.0,259.0,,,
张齐贤,张齐贤,小样本,2,16,False,False,0,0.0,0,0.0,0,0.0,0,0.0,0,0.0,0,0.0,0,0.0,0,0.0,0.0,0.0,0.0,0.0,0.0,0.0,0.0,0.0,0.0,0.0,259.0,,,
归氏子,归氏子,小样本,1,4,False,False,0,0.0,0,0.0,0,0.0,0,0.0,0,0.0,0,0.0,0,0.0,0,0.0,0.0,0.0,0.0,0.0,0.0,0.0,0.0,0.0,0.0,0.0,259.0,,,
彭伉,彭伉,小样本,2,28,False,False,0,0.0,0,0.0,0,0.0,0,0.0,0,0.0,0,0.0,0,0.0,0,0.0,0.0,0.0,0.0,0.0,0.0,0.0,0.0,0.0,0.0,0.0,259.0,,,
彭晓,彭晓,小样本,1,16,False,False,0,0.0,0,0.0,0,0.0,0,0.0,0,0.0,0,0.0,0,0.0,0,0.0,0.0,0.0,0.0,0.0,0.0,0.0,0.0,0.0,0.0,0.0,259.0,,,
徐之才,徐之才,小样本,1,4,False,False,0,0.0,0,0.0,0,0.0,0,0.0,0,0.0,0,0.0,0,0.0,0,0.0,0.0,0.0,0.0,0.0,0.0,0.0,0.0,0.0,0.0,0.0,259.0,,,
徐仁友,徐仁友,小样本,1,8,False,False,0,0.0,0,0.0,0,0.0,0,0.0,0,0.0,0,0.0,0,0.0,0,0.0,0.0,0.0,0.0,0.0,0.0,0.0,0.0,0.0,0.0,0.0,259.0,,,
徐仁嗣,徐仁嗣,小样本,1,12,False,False,0,0.0,0,0.0,0,0.0,0,0.0,0,0.0,0,0.0,0,0.0,0,0.0,0.0,0.0,0.0,0.0,0.0,0.0,0.0,0.0,0.0,0.0,259.0,,,
徐介,徐介,小样本,1,8,False,False,0,0.0,0,0.0,0,0.0,0,0.0,0,0.0,0,0.0,0,0.0,0,0.0,0.0,0.0,0.0,0.0,0.0,0.0,0.0,0.0,0.0,0.0,259.0,,,
徐侃,徐侃,小样本,1,6,False,False,0,0.0,0,0.0,0,0.0,0,0.0,0,0.0,0,0.0,0,0.0,0,0.0,0.0,0.0,0.0,0.0,0.0,0.0,0.0,0.0,0.0,0.0,259.0,,,
徐元鼎,徐元鼎,小样本,1,12,False,False,0,0.0,0,0.0,0,0.0,0,0.0,0,0.0,0,0.0,0,0.0,0,0.0,0.0,0.0,0.0,0.0,0.0,0.0,0.0,0.0,0.0,0.0,259.0,,,
徐商,徐商,小样本,2,10,False,False,0,0.0,0,0.0,0,0.0,0,0.0,0,0.0,0,0.0,0,0.0,0,0.0,0.0,0.0,0.0,0.0,0.0,0.0,0.0,0.0,0.0,0.0,259.0,,,
徐安期,徐安期,小样本,1,4,False,False,0,0.0,0,0.0,0,0.0,0,0.0,0,0.0,0,0.0,0,0.0,0,0.0,0.0,0.0,0.0,0.0,0.0,0.0,0.0,0.0,0.0,0.0,259.0,,,
徐安贞,徐安贞,稳健样本,12,99,True,False,0,0.0,0,0.0,0,0.0,0,0.0,0,0.0,0,0.0,0,0.0,0,0.0,0.0,0.0,0.0,0.0,0.0,0.0,0.0,0.0,0.0,0.0,259.0,169.0,122.0,155.0
徐希仁,徐希仁,小样本,1,4,False,False,0,0.0,0,0.0,0,0.0,0,0.0,0,0.0,0,0.0,0,0.0,0,0.0,0.0,0.0,0.0,0.0,0.0,0.0,0.0,0.0,0.0,0.0,259.0,,,
徐延寿,徐延寿,小样本,3,36,False,False,0,0.0,0,0.0,0,0.0,0,0.0,0,0.0,0,0.0,0,0.0,0,0.0,0.0,0.0,0.0,0.0,0.0,0.0,0.0,0.0,0.0,0.0,259.0,,,
徐彦若,徐彦若,小样本,1,2,False,False,0,0.0,0,0.0,0,0.0,0,0.0,0,0.0,0,0.0,0,0.0,0,0.0,0.0,0.0,0.0,0.0,0.0,0.0,0.0,0.0,0.0,0.0,259.0,,,
徐振,徐振,小样本,2,12,False,False,0,0.0,0,0.0,0,0.0,0,0.0,0,0.0,0,0.0,0,0.0,0,0.0,0.0,0.0,0.0,0.0,0.0,0.0,0.0,0.0,0.0,0.0,259.0,,,
徐放,徐放,小样本,1,8,False,False,0,0.0,0,0.0,0,0.0,0,0.0,0,0.0,0,0.0,0,0.0,0,0.0,0.0,0.0,0.0,0.0,0.0,0.0,0.0,0.0,0.0,0.0,259.0,,,
徐昌图,徐昌图,小样本,3,29,False,False,0,0.0,0,0.0,0,0.0,0,0.0,0,0.0,0,0.0,0,0.0,0,0.0,0.0,0.0,0.0,0.0,0.0,0.0,0.0,0.0,0.0,0.0,259.0,,,
徐晶,徐晶,小样本,5,52,False,False,0,0.0,0,0.0,0,0.0,0,0.0,0,0.0,0,0.0,0,0.0,0,0.0,0.0,0.0,0.0,0.0,0.0,0.0,0.0,0.0,0.0,0.0,259.0,,,
徐月英,徐月英,小样本,3,10,False,False,0,0.0,0,0.0,0,0.0,0,0.0,0,0.0,0,0.0,0,0.0,0,0.0,0.0,0.0,0.0,0.0,0.0,0.0,0.0,0.0,0.0,0.0,259.0,,,
徐浩,徐浩,小样本,2,66,False,False,0,0.0,0,0.0,0,0.0,0,0.0,0,0.0,0,0.0,0,0.0,0,0.0,0.0,0.0,0.0,0.0,0.0,0.0,0.0,0.0,0.0,0.0,259.0,,,
徐灵府,徐灵府,小样本,2,16,False,False,0,0.0,0,0.0,0,0.0,0,0.0,0,0.0,0,0.0,0,0.0,0,0.0,0.0,0.0,0.0,0.0,0.0,0.0,0.0,0.0,0.0,0.0,259.0,,,
徐牧,徐牧,小样本,1,12,False,False,0,0.0,0,0.0,0,0.0,0,0.0,0,0.0,0,0.0,0,0.0,0,0.0,0.0,0.0,0.0,0.0,0.0,0.0,0.0,0.0,0.0,0.0,259.0,,,
徐玄之,徐玄之,小样本,1,10,False,False,0,0.0,0,0.0,0,0.0,0,0.0,0,0.0,0,0.0,0,0.0,0,0.0,0.0,0.0,0.0,0.0,0.0,0.0,0.0,0.0,0.0,0.0,259.0,,,
徐珩,徐珩,小样本,1,8,False,False,0,0.0,0,0.0,0,0.0,0,0.0,0,0.0,0,0.0,0,0.0,0,0.0,0.0,0.0,0.0,0.0,0.0,0.0,0.0,0.0,0.0,0.0,259.0,,,
徐璧,徐璧,小样本,1,4,False,False,0,0.0,0,0.0,0,0.0,0,0.0,0,0.0,0,0.0,0,0.0,0,0.0,0.0,0.0,0.0,0.0,0.0,0.0,0.0,0.0,0.0,0.0,259.0,,,
徐皓,徐皓,小样本,1,16,False,False,0,0.0,0,0.0,0,0.0,0,0.0,0,0.0,0,0.0,0,0.0,0,0.0,0.0,0.0,0.0,0.0,0.0,0.0,0.0,0.0,0.0,0.0,259.0,,,
徐至,徐至,小样本,1,12,False,False,0,0.0,0,0.0,0,0.0,0,0.0,0,0.0,0,0.0,0,0.0,0,0.0,0.0,0.0,0.0,0.0,0.0,0.0,0.0,0.0,0.0,0.0,259.0,,,
徐谦,徐谦,小样本,1,8,False,False,0,0.0,0,0.0,0,0.0,0,0.0,0,0.0,0,0.0,0,0.0,0,0.0,0.0,0.0,0.0,0.0,0.0,0.0,0.0,0.0,0.0,0.0,259.0,,,
徐贤妃,徐贤妃,小样本,6,42,False,False,0,0.0,0,0.0,0,0.0,0,0.0,0,0.0,0,0.0,0,0.0,0,0.0,0.0,0.0,0.0,0.0,0.0,0.0,0.0,0.0,0.0,0.0,259.0,,,
徐钓者,徐钓者,小样本,1,4,False,False,0,0.0,0,0.0,0,0.0,0,0.0,0,0.0,0,0.0,0,0.0,0,0.0,0.0,0.0,0.0,0.0,0.0,0.0,0.0,0.0,0.0,0.0,259.0,,,
德宗宫人,德宗宫人,小样本,1,4,False,False,0,0.0,0,0.0,0,0.0,0,0.0,0,0.0,0,0.0,0,0.0,0,0.0,0.0,0.0,0.0,0.0,0.0,0.0,0.0,0.0,0.0,0.0,259.0,,,
怀浦,怀浦,小样本,2,16,False,False,0,0.0,0,0.0,0,0.0,0,0.0,0,0.0,0,0.0,0,0.0,0,0.0,0.0,0.0,0.0,0.0,0.0,0.0,0.0,0.0,0.0,0.0,259.0,,,
怀濬,怀濬,小样本,1,8,False,False,0,0.0,0,0.0,0,0.0,0,0.0,0,0.0,0,0.0,0,0.0,0,0.0,0.0,0.0,0.0,0.0,0.0,0.0,0.0,0.0,0.0,0.0,259.0,,,
怀素,怀素,小样本,2,8,False,False,0,0.0,0,0.0,0,0.0,0,0.0,0,0.0,0,0.0,0,0.0,0,0.0,0.0,0.0,0.0,0.0,0.0,0.0,0.0,0.0,0.0,0.0,259.0,,,
恒超,恒超,小样本,1,8,False,False,0,0.0,0,0.0,0,0.0,0,0.0,0,0.0,0,0.0,0,0.0,0,0.0,0.0,0.0,0.0,0.0,0.0,0.0,0.0,0.0,0.0,0.0,259.0,,,
息夫牧,息夫牧,小样本,1,24,False,False,0,0.0,0,0.0,0,0.0,0,0.0,0,0.0,0,0.0,0,0.0,0,0.0,0.0,0.0,0.0,0.0,0.0,0.0,0.0,0.0,0.0,0.0,259.0,,,
悟清,悟清,小样本,1,2,False,False,0,0.0,0,0.0,0,0.0,0,0.0,0,0.0,0,0.0,0,0.0,0,0.0,0.0,0.0,0.0,0.0,0.0,0.0,0.0,0.0,0.0,0.0,259.0,,,
惟审,惟审,小样本,3,24,False,False,0,0.0,0,0.0,0,0.0,0,0.0,0,0.0,0,0.0,0,0.0,0,0.0,0.0,0.0,0.0,0.0,0.0,0.0,0.0,0.0,0.0,0.0,259.0,,,
慈恩寺沙门,慈恩寺沙门,小样本,1,8,False,False,0,0.0,0,0.0,0,0.0,0,0.0,0,0.0,0,0.0,0,0.0,0,0.0,0.0,0.0,0.0,0.0,0.0,0.0,0.0,0.0,0.0,0.0,259.0,,,
慈恩院女仙,慈恩院女仙,小样本,1,8,False,False,0,0.0,0,0.0,0,0.0,0,0.0,0,0.0,0,0.0,0,0.0,0,0.0,0.0,0.0,0.0,0.0,0.0,0.0,0.0,0.0,0.0,0.0,259.0,,,
慎氏,慎氏,小样本,1,4,False,False,0,0.0,0,0.0,0,0.0,0,0.0,0,0.0,0,0.0,0,0.0,0,0.0,0.0,0.0,0.0,0.0,0.0,0.0,0.0,0.0,0.0,0.0,259.0,,,
慕容垂,慕容垂,小样本,1,4,False,False,0,0.0,0,0.0,0,0.0,0,0.0,0,0.0,0,0.0,0,0.0,0,0.0,0.0,0.0,0.0,0.0,0.0,0.0,0.0,0.0,0.0,0.0,259.0,,,
慕容韦,慕容韦,小样本,1,4,False,False,0,0.0,0,0.0,0,0.0,0,0.0,0,0.0,0,0.0,0,0.0,0,0.0,0.0,0.0,0.0,0.0,0.0,0.0,0.0,0.0,0.0,0.0,259.0,,,
慧偘,慧偘,小样本,2,12,False,False,0,0.0,0,0.0,0,0.0,0,0.0,0,0.0,0,0.0,0,0.0,0,0.0,0.0,0.0,0.0,0.0,0.0,0.0,0.0,0.0,0.0,0.0,259.0,,,
慧净,慧净,小样本,5,114,False,False,0,0.0,0,0.0,0,0.0,0,0.0,0,0.0,0,0.0,0,0.0,0,0.0,0.0,0.0,0.0,0.0,0.0,0.0,0.0,0.0,0.0,0.0,259.0,,,
慧宣,慧宣,小样本,4,46,False,False,0,0.0,0,0.0,0,0.0,0,0.0,0,0.0,0,0.0,0,0.0,0,0.0,0.0,0.0,0.0,0.0,0.0,0.0,0.0,0.0,0.0,0.0,259.0,,,
懿宗朝举子,懿宗朝举子,小样本,1,22,False,False,0,0.0,0,0.0,0,0.0,0,0.0,0,0.0,0,0.0,0,0.0,0,0.0,0.0,0.0,0.0,0.0,0.0,0.0,0.0,0.0,0.0,0.0,259.0,,,
戈牢,戈牢,小样本,2,20,False,False,0,0.0,0,0.0,0,0.0,0,0.0,0,0.0,0,0.0,0,0.0,0,0.0,0.0,0.0,0.0,0.0,0.0,0.0,0.0,0.0,0.0,0.0,259.0,,,
成崿,成崿,小样本,1,12,False,False,0,0.0,0,0.0,0,0.0,0,0.0,0,0.0,0,0.0,0,0.0,0,0.0,0.0,0.0,0.0,0.0,0.0,0.0,0.0,0.0,0.0,0.0,259.0,,,
戚逍遥,戚逍遥,小样本,1,4,False,False,0,0.0,0,0.0,0,0.0,0,0.0,0,0.0,0,0.0,0,0.0,0,0.0,0.0,0.0,0.0,0.0,0.0,0.0,0.0,0.0,0.0,0.0,259.0,,,
戴公怀,戴公怀,小样本,1,28,False,False,0,0.0,0,0.0,0,0.0,0,0.0,0,0.0,0,0.0,0,0.0,0,0.0,0.0,0.0,0.0,0.0,0.0,0.0,0.0,0.0,0.0,0.0,259.0,,,
戴察,戴察,小样本,1,12,False,False,0,0.0,0,0.0,0,0.0,0,0.0,0,0.0,0,0.0,0,0.0,0,0.0,0.0,0.0,0.0,0.0,0.0,0.0,0.0,0.0,0.0,0.0,259.0,,,
房千里,房千里,小样本,1,8,False,False,0,0.0,0,0.0,0,0.0,0,0.0,0,0.0,0,0.0,0,0.0,0,0.0,0.0,0.0,0.0,0.0,0.0,0.0,0.0,0.0,0.0,0.0,259.0,,,
房琯,房琯,小样本,1,20,False,False,0,0.0,0,0.0,0,0.0,0,0.0,0,0.0,0,0.0,0,0.0,0,0.0,0.0,0.0,0.0,0.0,0.0,0.0,0.0,0.0,0.0,0.0,259.0,,,
房融,房融,小样本,1,8,False,False,0,0.0,0,0.0,0,0.0,0,0.0,0,0.0,0,0.0,0,0.0,0,0.0,0.0,0.0,0.0,0.0,0.0,0.0,0.0,0.0,0.0,0.0,259.0,,,
扈载,扈载,小样本,1,8,False,False,0,0.0,0,0.0,0,0.0,0,0.0,0,0.0,0,0.0,0,0.0,0,0.0,0.0,0.0,0.0,0.0,0.0,0.0,0.0,0.0,0.0,0.0,259.0,,,
故台城妓,故台城妓,小样本,2,12,False,False,0,0.0,0,0.0,0,0.0,0,0.0,0,0.0,0,0.0,0,0.0,0,0.0,0.0,0.0,0.0,0.0,0.0,0.0,0.0,0.0,0.0,0.0,259.0,,,
文丙,文丙,小样本,5,40,False,False,0,0.0,0,0.0,0,0.0,0,0.0,0,0.0,0,0.0,0,0.0,0,0.0,0.0,0.0,0.0,0.0,0.0,0.0,0.0,0.0,0.0,0.0,259.0,,,
文益,文益,小样本,1,8,False,False,0,0.0,0,0.0,0,0.0,0,0.0,0,0.0,0,0.0,0,0.0,0,0.0,0.0,0.0,0.0,0.0,0.0,0.0,0.0,0.0,0.0,0.0,259.0,,,
文秀,文秀,小样本,1,4,False,False,0,0.0,0,0.0,0,0.0,0,0.0,0,0.0,0,0.0,0,0.0,0,0.0,0.0,0.0,0.0,0.0,0.0,0.0,0.0,0.0,0.0,0.0,259.0,,,
文鉴,文鉴,小样本,1,4,False,False,0,0.0,0,0.0,0,0.0,0,0.0,0,0.0,0,0.0,0,0.0,0,0.0,0.0,0.0,0.0,0.0,0.0,0.0,0.0,0.0,0.0,0.0,259.0,,,
方愚,方愚,小样本,1,4,False,False,0,0.0,0,0.0,0,0.0,0,0.0,0,0.0,0,0.0,0,0.0,0,0.0,0.0,0.0,0.0,0.0,0.0,0.0,0.0,0.0,0.0,0.0,259.0,,,
方棫,方棫,小样本,1,4,False,False,0,0.0,0,0.0,0,0.0,0,0.0,0,0.0,0,0.0,0,0.0,0,0.0,0.0,0.0,0.0,0.0,0.0,0.0,0.0,0.0,0.0,0.0,259.0,,,
方泽,方泽,小样本,1,4,False,False,0,0.0,0,0.0,0,0.0,0,0.0,0,0.0,0,0.0,0,0.0,0,0.0,0.0,0.0,0.0,0.0,0.0,0.0,0.0,0.0,0.0,0.0,259.0,,,
无作,无作,小样本,1,4,False,False,0,0.0,0,0.0,0,0.0,0,0.0,0,0.0,0,0.0,0,0.0,0,0.0,0.0,0.0,0.0,0.0,0.0,0.0,0.0,0.0,0.0,0.0,259.0,,,
无则,无则,小样本,2,12,False,False,0,0.0,0,0.0,0,0.0,0,0.0,0,0.0,0,0.0,0,0.0,0,0.0,0.0,0.0,0.0,0.0,0.0,0.0,0.0,0.0,0.0,0.0,259.0,,,
无名女鬼,无名女鬼,小样本,1,4,False,False,0,0.0,0,0.0,0,0.0,0,0.0,0,0.0,0,0.0,0,0.0,0,0.0,0.0,0.0,0.0,0.0,0.0,0.0,0.0,0.0,0.0,0.0,259.0,,,
无名释,无名释,小样本,1,4,False,False,0,0.0,0,0.0,0,0.0,0,0.0,0,0.0,0,0.0,0,0.0,0,0.0,0.0,0.0,0.0,0.0,0.0,0.0,0.0,0.0,0.0,0.0,259.0,,,
无闷,无闷,小样本,2,8,False,False,0,0.0,0,0.0,0,0.0,0,0.0,0,0.0,0,0.0,0,0.0,0,0.0,0.0,0.0,0.0,0.0,0.0,0.0,0.0,0.0,0.0,0.0,259.0,,,
易重,易重,小样本,1,8,False,False,0,0.0,0,0.0,0,0.0,0,0.0,0,0.0,0,0.0,0,0.0,0,0.0,0.0,0.0,0.0,0.0,0.0,0.0,0.0,0.0,0.0,0.0,259.0,,,
昙域,昙域,小样本,3,24,False,False,0,0.0,0,0.0,0,0.0,0,0.0,0,0.0,0,0.0,0,0.0,0,0.0,0.0,0.0,0.0,0.0,0.0,0.0,0.0,0.0,0.0,0.0,259.0,,,
昙翼,昙翼,小样本,1,10,False,False,0,0.0,0,0.0,0,0.0,0,0.0,0,0.0,0,0.0,0,0.0,0,0.0,0.0,0.0,0.0,0.0,0.0,0.0,0.0,0.0,0.0,0.0,259.0,,,
景审,景审,小样本,2,6,False,False,0,0.0,0,0.0,0,0.0,0,0.0,0,0.0,0,0.0,0,0.0,0,0.0,0.0,0.0,0.0,0.0,0.0,0.0,0.0,0.0,0.0,0.0,259.0,,,
景池,景池,小样本,1,8,False,False,0,0.0,0,0.0,0,0.0,0,0.0,0,0.0,0,0.0,0,0.0,0,0.0,0.0,0.0,0.0,0.0,0.0,0.0,0.0,0.0,0.0,0.0,259.0,,,
景龙文馆士,景龙文馆士,小样本,1,4,False,False,0,0.0,0,0.0,0,0.0,0,0.0,0,0.0,0,0.0,0,0.0,0,0.0,0.0,0.0,0.0,0.0,0.0,0.0,0.0,0.0,0.0,0.0,259.0,,,
智亮,智亮,小样本,1,8,False,False,0,0.0,0,0.0,0,0.0,0,0.0,0,0.0,0,0.0,0,0.0,0,0.0,0.0,0.0,0.0,0.0,0.0,0.0,0.0,0.0,0.0,0.0,259.0,,,
智远,智远,小样本,1,8,False,False,0,0.0,0,0.0,0,0.0,0,0.0,0,0.0,0,0.0,0,0.0,0,0.0,0.0,0.0,0.0,0.0,0.0,0.0,0.0,0.0,0.0,0.0,259.0,,,
曲龙山仙,曲龙山仙,小样本,1,16,False,False,0,0.0,0,0.0,0,0.0,0,0.0,0,0.0,0,0.0,0,0.0,0,0.0,0.0,0.0,0.0,0.0,0.0,0.0,0.0,0.0,0.0,0.0,259.0,,,
曹文姬,曹文姬,小样本,1,2,False,False,0,0.0,0,0.0,0,0.0,0,0.0,0,0.0,0,0.0,0,0.0,0,0.0,0.0,0.0,0.0,0.0,0.0,0.0,0.0,0.0,0.0,0.0,259.0,,,
曹汾,曹汾,小样本,1,8,False,False,0,0.0,0,0.0,0,0.0,0,0.0,0,0.0,0,0.0,0,0.0,0,0.0,0.0,0.0,0.0,0.0,0.0,0.0,0.0,0.0,0.0,0.0,259.0,,,
曹生,曹生,小样本,1,4,False,False,0,0.0,0,0.0,0,0.0,0,0.0,0,0.0,0,0.0,0,0.0,0,0.0,0.0,0.0,0.0,0.0,0.0,0.0,0.0,0.0,0.0,0.0,259.0,,,
曹著,曹著,小样本,1,12,False,False,0,0.0,0,0.0,0,0.0,0,0.0,0,0.0,0,0.0,0,0.0,0,0.0,0.0,0.0,0.0,0.0,0.0,0.0,0.0,0.0,0.0,0.0,259.0,,,
曾崇范妻,曾崇范妻,小样本,1,2,False,False,0,0.0,0,0.0,0,0.0,0,0.0,0,0.0,0,0.0,0,0.0,0,0.0,0.0,0.0,0.0,0.0,0.0,0.0,0.0,0.0,0.0,0.0,259.0,,,
曾麻几,曾麻几,小样本,1,4,False,False,0,0.0,0,0.0,0,0.0,0,0.0,0,0.0,0,0.0,0,0.0,0,0.0,0.0,0.0,0.0,0.0,0.0,0.0,0.0,0.0,0.0,0.0,259.0,,,
朝衡,朝衡,小样本,1,12,False,False,0,0.0,0,0.0,0,0.0,0,0.0,0,0.0,0,0.0,0,0.0,0,0.0,0.0,0.0,0.0,0.0,0.0,0.0,0.0,0.0,0.0,0.0,259.0,,,
朱仲晦,朱仲晦,小样本,1,24,False,False,0,0.0,0,0.0,0,0.0,0,0.0,0,0.0,0,0.0,0,0.0,0,0.0,0.0,0.0,0.0,0.0,0.0,0.0,0.0,0.0,0.0,0.0,259.0,,,
朱休,朱休,小样本,1,12,False,False,0,0.0,0,0.0,0,0.0,0,0.0,0,0.0,0,0.0,0,0.0,0,0.0,0.0,0.0,0.0,0.0,0.0,0.0,0.0,0.0,0.0,0.0,259.0,,,
朱使欣,朱使欣,小样本,1,8,False,False,0,0.0,0,0.0,0,0.0,0,0.0,0,0.0,0,0.0,0,0.0,0,0.0,0.0,0.0,0.0,0.0,0.0,0.0,0.0,0.0,0.0,0.0,259.0,,,
朱元,朱元,小样本,1,4,False,False,0,0.0,0,0.0,0,0.0,0,0.0,0,0.0,0,0.0,0,0.0,0,0.0,0.0,0.0,0.0,0.0,0.0,0.0,0.0,0.0,0.0,0.0,259.0,,,
朱光弼,朱光弼,小样本,3,12,False,False,0,0.0,0,0.0,0,0.0,0,0.0,0,0.0,0,0.0,0,0.0,0,0.0,0.0,0.0,0.0,0.0,0.0,0.0,0.0,0.0,0.0,0.0,259.0,,,
朱华,朱华,小样本,1,12,False,False,0,0.0,0,0.0,0,0.0,0,0.0,0,0.0,0,0.0,0,0.0,0,0.0,0.0,0.0,0.0,0.0,0.0,0.0,0.0,0.0,0.0,0.0,259.0,,,
朱可名,朱可名,小样本,1,8,False,False,0,0.0,0,0.0,0,0.0,0,0.0,0,0.0,0,0.0,0,0.0,0,0.0,0.0,0.0,0.0,0.0,0.0,0.0,0.0,0.0,0.0,0.0,259.0,,,
朱均,朱均,小样本,1,18,False,False,0,0.0,0,0.0,0,0.0,0,0.0,0,0.0,0,0.0,0,0.0,0,0.0,0.0,0.0,0.0,0.0,0.0,0.0,0.0,0.0,0.0,0.0,259.0,,,
朱子奢,朱子奢,小样本,1,8,False,False,0,0.0,0,0.0,0,0.0,0,0.0,0,0.0,0,0.0,0,0.0,0,0.0,0.0,0.0,0.0,0.0,0.0,0.0,0.0,0.0,0.0,0.0,259.0,,,
朱子真,朱子真,小样本,2,8,False,False,0,0.0,0,0.0,0,0.0,0,0.0,0,0.0,0,0.0,0,0.0,0,0.0,0.0,0.0,0.0,0.0,0.0,0.0,0.0,0.0,0.0,0.0,259.0,,,
朱存,朱存,小样本,1,4,False,False,0,0.0,0,0.0,0,0.0,0,0.0,0,0.0,0,0.0,0,0.0,0,0.0,0.0,0.0,0.0,0.0,0.0,0.0,0.0,0.0,0.0,0.0,259.0,,,
朱宿,朱宿,小样本,1,16,False,False,0,0.0,0,0.0,0,0.0,0,0.0,0,0.0,0,0.0,0,0.0,0,0.0,0.0,0.0,0.0,0.0,0.0,0.0,0.0,0.0,0.0,0.0,259.0,,,
朱延,朱延,小样本,1,8,False,False,0,0.0,0,0.0,0,0.0,0,0.0,0,0.0,0,0.0,0,0.0,0,0.0,0.0,0.0,0.0,0.0,0.0,0.0,0.0,0.0,0.0,0.0,259.0,,,
朱延龄,朱延龄,小样本,1,12,False,False,0,0.0,0,0.0,0,0.0,0,0.0,0,0.0,0,0.0,0,0.0,0,0.0,0.0,0.0,0.0,0.0,0.0,0.0,0.0,0.0,0.0,0.0,259.0,,,
朱彬,朱彬,小样本,1,4,False,False,0,0.0,0,0.0,0,0.0,0,0.0,0,0.0,0,0.0,0,0.0,0,0.0,0.0,0.0,0.0,0.0,0.0,0.0,0.0,0.0,0.0,0.0,259.0,,,
朱斌,朱斌,小样本,1,4,False,False,0,0.0,0,0.0,0,0.0,0,0.0,0,0.0,0,0.0,0,0.0,0,0.0,0.0,0.0,0.0,0.0,0.0,0.0,0.0,0.0,0.0,0.0,259.0,,,
朱晦,朱晦,小样本,1,4,False,False,0,0.0,0,0.0,0,0.0,0,0.0,0,0.0,0,0.0,0,0.0,0,0.0,0.0,0.0,0.0,0.0,0.0,0.0,0.0,0.0,0.0,0.0,259.0,,,
朱泽,朱泽,小样本,1,4,False,False,0,0.0,0,0.0,0,0.0,0,0.0,0,0.0,0,0.0,0,0.0,0,0.0,0.0,0.0,0.0,0.0,0.0,0.0,0.0,0.0,0.0,0.0,259.0,,,
朱琳,朱琳,小样本,1,8,False,False,0,0.0,0,0.0,0,0.0,0,0.0,0,0.0,0,0.0,0,0.0,0,0.0,0.0,0.0,0.0,0.0,0.0,0.0,0.0,0.0,0.0,0.0,259.0,,,
朱绛,朱绛,小样本,1,4,False,False,0,0.0,0,0.0,0,0.0,0,0.0,0,0.0,0,0.0,0,0.0,0,0.0,0.0,0.0,0.0,0.0,0.0,0.0,0.0,0.0,0.0,0.0,259.0,,,
朱逵,朱逵,小样本,1,20,False,False,0,0.0,0,0.0,0,0.0,0,0.0,0,0.0,0,0.0,0,0.0,0,0.0,0.0,0.0,0.0,0.0,0.0,0.0,0.0,0.0,0.0,0.0,259.0,,,
权审,权审,小样本,2,8,False,False,0,0.0,0,0.0,0,0.0,0,0.0,0,0.0,0,0.0,0,0.0,0,0.0,0.0,0.0,0.0,0.0,0.0,0.0,0.0,0.0,0.0,0.0,259.0,,,
权彻,权彻,小样本,1,14,False,False,0,0.0,0,0.0,0,0.0,0,0.0,0,0.0,0,0.0,0,0.0,0,0.0,0.0,0.0,0.0,0.0,0.0,0.0,0.0,0.0,0.0,0.0,259.0,,,
权龙褒,权龙褒,小样本,5,18,False,False,0,0.0,0,0.0,0,0.0,0,0.0,0,0.0,0,0.0,0,0.0,0,0.0,0.0,0.0,0.0,0.0,0.0,0.0,0.0,0.0,0.0,0.0,259.0,,,
李主簿姬,李主簿姬,小样本,1,4,False,False,0,0.0,0,0.0,0,0.0,0,0.0,0,0.0,0,0.0,0,0.0,0,0.0,0.0,0.0,0.0,0.0,0.0,0.0,0.0,0.0,0.0,0.0,259.0,,,
李义府,李义府,小样本,9,124,False,False,0,0.0,0,0.0,0,0.0,0,0.0,0,0.0,0,0.0,0,0.0,0,0.0,0.0,0.0,0.0,0.0,0.0,0.0,0.0,0.0,0.0,0.0,259.0,,,
李习,李习,小样本,1,4,False,False,0,0.0,0,0.0,0,0.0,0,0.0,0,0.0,0,0.0,0,0.0,0,0.0,0.0,0.0,0.0,0.0,0.0,0.0,0.0,0.0,0.0,0.0,259.0,,,
李亨,李亨,小样本,3,35,False,False,0,0.0,0,0.0,0,0.0,0,0.0,0,0.0,0,0.0,0,0.0,0,0.0,0.0,0.0,0.0,0.0,0.0,0.0,0.0,0.0,0.0,0.0,259.0,,,
李京,李京,小样本,1,8,False,False,0,0.0,0,0.0,0,0.0,0,0.0,0,0.0,0,0.0,0,0.0,0,0.0,0.0,0.0,0.0,0.0,0.0,0.0,0.0,0.0,0.0,0.0,259.0,,,
李从善,李从善,小样本,1,36,False,False,0,0.0,0,0.0,0,0.0,0,0.0,0,0.0,0,0.0,0,0.0,0,0.0,0.0,0.0,0.0,0.0,0.0,0.0,0.0,0.0,0.0,0.0,259.0,,,
李令,李令,小样本,1,4,False,False,0,0.0,0,0.0,0,0.0,0,0.0,0,0.0,0,0.0,0,0.0,0,0.0,0.0,0.0,0.0,0.0,0.0,0.0,0.0,0.0,0.0,0.0,259.0,,,
李伉,李伉,小样本,1,4,False,False,0,0.0,0,0.0,0,0.0,0,0.0,0,0.0,0,0.0,0,0.0,0,0.0,0.0,0.0,0.0,0.0,0.0,0.0,0.0,0.0,0.0,0.0,259.0,,,
李休烈,李休烈,小样本,2,8,False,False,0,0.0,0,0.0,0,0.0,0,0.0,0,0.0,0,0.0,0,0.0,0,0.0,0.0,0.0,0.0,0.0,0.0,0.0,0.0,0.0,0.0,0.0,259.0,,,
李伦,李伦,小样本,1,8,False,False,0,0.0,0,0.0,0,0.0,0,0.0,0,0.0,0,0.0,0,0.0,0,0.0,0.0,0.0,0.0,0.0,0.0,0.0,0.0,0.0,0.0,0.0,259.0,,,
李伯鱼,李伯鱼,小样本,1,8,False,False,0,0.0,0,0.0,0,0.0,0,0.0,0,0.0,0,0.0,0,0.0,0,0.0,0.0,0.0,0.0,0.0,0.0,0.0,0.0,0.0,0.0,0.0,259.0,,,
李体仁,李体仁,小样本,1,12,False,False,0,0.0,0,0.0,0,0.0,0,0.0,0,0.0,0,0.0,0,0.0,0,0.0,0.0,0.0,0.0,0.0,0.0,0.0,0.0,0.0,0.0,0.0,259.0,,,
李何,李何,小样本,1,4,False,False,0,0.0,0,0.0,0,0.0,0,0.0,0,0.0,0,0.0,0,0.0,0,0.0,0.0,0.0,0.0,0.0,0.0,0.0,0.0,0.0,0.0,0.0,259.0,,,
李元嘉,李元嘉,小样本,1,14,False,False,0,0.0,0,0.0,0,0.0,0,0.0,0,0.0,0,0.0,0,0.0,0,0.0,0.0,0.0,0.0,0.0,0.0,0.0,0.0,0.0,0.0,0.0,259.0,,,
李元操,李元操,小样本,1,16,False,False,0,0.0,0,0.0,0,0.0,0,0.0,0,0.0,0,0.0,0,0.0,0,0.0,0.0,0.0,0.0,0.0,0.0,0.0,0.0,0.0,0.0,0.0,259.0,,,
李元纮,李元纮,小样本,3,28,False,False,0,0.0,0,0.0,0,0.0,0,0.0,0,0.0,0,0.0,0,0.0,0,0.0,0.0,0.0,0.0,0.0,0.0,0.0,0.0,0.0,0.0,0.0,259.0,,,
李克恭,李克恭,小样本,1,8,False,False,0,0.0,0,0.0,0,0.0,0,0.0,0,0.0,0,0.0,0,0.0,0,0.0,0.0,0.0,0.0,0.0,0.0,0.0,0.0,0.0,0.0,0.0,259.0,,,
李兼,李兼,小样本,1,4,False,False,0,0.0,0,0.0,0,0.0,0,0.0,0,0.0,0,0.0,0,0.0,0,0.0,0.0,0.0,0.0,0.0,0.0,0.0,0.0,0.0,0.0,0.0,259.0,,,
李助,李助,小样本,1,4,False,False,0,0.0,0,0.0,0,0.0,0,0.0,0,0.0,0,0.0,0,0.0,0,0.0,0.0,0.0,0.0,0.0,0.0,0.0,0.0,0.0,0.0,0.0,259.0,,,
李勋,李勋,小样本,1,12,False,False,0,0.0,0,0.0,0,0.0,0,0.0,0,0.0,0,0.0,0,0.0,0,0.0,0.0,0.0,0.0,0.0,0.0,0.0,0.0,0.0,0.0,0.0,259.0,,,
李升,李升,小样本,1,4,False,False,0,0.0,0,0.0,0,0.0,0,0.0,0,0.0,0,0.0,0,0.0,0,0.0,0.0,0.0,0.0,0.0,0.0,0.0,0.0,0.0,0.0,0.0,259.0,,,
李叔霁,李叔霁,小样本,1,4,False,False,0,0.0,0,0.0,0,0.0,0,0.0,0,0.0,0,0.0,0,0.0,0,0.0,0.0,0.0,0.0,0.0,0.0,0.0,0.0,0.0,0.0,0.0,259.0,,,
李吉甫,李吉甫,小样本,4,40,False,False,0,0.0,0,0.0,0,0.0,0,0.0,0,0.0,0,0.0,0,0.0,0,0.0,0.0,0.0,0.0,0.0,0.0,0.0,0.0,0.0,0.0,0.0,259.0,,,
李君何,李君何,小样本,1,12,False,False,0,0.0,0,0.0,0,0.0,0,0.0,0,0.0,0,0.0,0,0.0,0,0.0,0.0,0.0,0.0,0.0,0.0,0.0,0.0,0.0,0.0,0.0,259.0,,,
李君房,李君房,小样本,1,12,False,False,0,0.0,0,0.0,0,0.0,0,0.0,0,0.0,0,0.0,0,0.0,0,0.0,0.0,0.0,0.0,0.0,0.0,0.0,0.0,0.0,0.0,0.0,259.0,,,
李咸,李咸,小样本,1,8,False,False,0,0.0,0,0.0,0,0.0,0,0.0,0,0.0,0,0.0,0,0.0,0,0.0,0.0,0.0,0.0,0.0,0.0,0.0,0.0,0.0,0.0,0.0,259.0,,,
李回,李回,小样本,4,24,False,False,0,0.0,0,0.0,0,0.0,0,0.0,0,0.0,0,0.0,0,0.0,0,0.0,0.0,0.0,0.0,0.0,0.0,0.0,0.0,0.0,0.0,0.0,259.0,,,
李士元,李士元,小样本,2,16,False,False,0,0.0,0,0.0,0,0.0,0,0.0,0,0.0,0,0.0,0,0.0,0,0.0,0.0,0.0,0.0,0.0,0.0,0.0,0.0,0.0,0.0,0.0,259.0,,,
李夐,李夐,小样本,1,24,False,False,0,0.0,0,0.0,0,0.0,0,0.0,0,0.0,0,0.0,0,0.0,0,0.0,0.0,0.0,0.0,0.0,0.0,0.0,0.0,0.0,0.0,0.0,259.0,,,
李夔,李夔,小样本,1,8,False,False,0,0.0,0,0.0,0,0.0,0,0.0,0,0.0,0,0.0,0,0.0,0,0.0,0.0,0.0,0.0,0.0,0.0,0.0,0.0,0.0,0.0,0.0,259.0,,,
李夷简,李夷简,小样本,1,24,False,False,0,0.0,0,0.0,0,0.0,0,0.0,0,0.0,0,0.0,0,0.0,0,0.0,0.0,0.0,0.0,0.0,0.0,0.0,0.0,0.0,0.0,0.0,259.0,,,
李如璧,李如璧,小样本,1,21,False,False,0,0.0,0,0.0,0,0.0,0,0.0,0,0.0,0,0.0,0,0.0,0,0.0,0.0,0.0,0.0,0.0,0.0,0.0,0.0,0.0,0.0,0.0,259.0,,,
李子卿,李子卿,小样本,1,12,False,False,0,0.0,0,0.0,0,0.0,0,0.0,0,0.0,0,0.0,0,0.0,0,0.0,0.0,0.0,0.0,0.0,0.0,0.0,0.0,0.0,0.0,0.0,259.0,,,
李存勖,李存勖,小样本,4,31,False,False,0,0.0,0,0.0,0,0.0,0,0.0,0,0.0,0,0.0,0,0.0,0,0.0,0.0,0.0,0.0,0.0,0.0,0.0,0.0,0.0,0.0,0.0,259.0,,,
李季何,李季何,小样本,1,12,False,False,0,0.0,0,0.0,0,0.0,0,0.0,0,0.0,0,0.0,0,0.0,0,0.0,0.0,0.0,0.0,0.0,0.0,0.0,0.0,0.0,0.0,0.0,259.0,,,
李季兰,李季兰,小样本,1,16,False,False,0,0.0,0,0.0,0,0.0,0,0.0,0,0.0,0,0.0,0,0.0,0,0.0,0.0,0.0,0.0,0.0,0.0,0.0,0.0,0.0,0.0,0.0,259.0,,,
李季华,李季华,小样本,1,4,False,False,0,0.0,0,0.0,0,0.0,0,0.0,0,0.0,0,0.0,0,0.0,0,0.0,0.0,0.0,0.0,0.0,0.0,0.0,0.0,0.0,0.0,0.0,259.0,,,
李宏皋,李宏皋,小样本,2,20,False,False,0,0.0,0,0.0,0,0.0,0,0.0,0,0.0,0,0.0,0,0.0,0,0.0,0.0,0.0,0.0,0.0,0.0,0.0,0.0,0.0,0.0,0.0,259.0,,,
李宗闵,李宗闵,小样本,1,8,False,False,0,0.0,0,0.0,0,0.0,0,0.0,0,0.0,0,0.0,0,0.0,0,0.0,0.0,0.0,0.0,0.0,0.0,0.0,0.0,0.0,0.0,0.0,259.0,,,
李宣远,李宣远,小样本,2,16,False,False,0,0.0,0,0.0,0,0.0,0,0.0,0,0.0,0,0.0,0,0.0,0,0.0,0.0,0.0,0.0,0.0,0.0,0.0,0.0,0.0,0.0,0.0,259.0,,,
李家明,李家明,小样本,4,16,False,False,0,0.0,0,0.0,0,0.0,0,0.0,0,0.0,0,0.0,0,0.0,0,0.0,0.0,0.0,0.0,0.0,0.0,0.0,0.0,0.0,0.0,0.0,259.0,,,
李宾,李宾,小样本,2,32,False,False,0,0.0,0,0.0,0,0.0,0,0.0,0,0.0,0,0.0,0,0.0,0,0.0,0.0,0.0,0.0,0.0,0.0,0.0,0.0,0.0,0.0,0.0,259.0,,,
李密,李密,小样本,1,18,False,False,0,0.0,0,0.0,0,0.0,0,0.0,0,0.0,0,0.0,0,0.0,0,0.0,0.0,0.0,0.0,0.0,0.0,0.0,0.0,0.0,0.0,0.0,259.0,,,
李屿,李屿,小样本,1,20,False,False,0,0.0,0,0.0,0,0.0,0,0.0,0,0.0,0,0.0,0,0.0,0,0.0,0.0,0.0,0.0,0.0,0.0,0.0,0.0,0.0,0.0,0.0,259.0,,,
李岑,李岑1,小样本,3,30,False,False,0,0.0,0,0.0,0,0.0,0,0.0,0,0.0,0,0.0,0,0.0,0,0.0,0.0,0.0,0.0,0.0,0.0,0.0,0.0,0.0,0.0,0.0,259.0,,,
李岘,李岘,小样本,1,4,False,False,0,0.0,0,0.0,0,0.0,0,0.0,0,0.0,0,0.0,0,0.0,0,0.0,0.0,0.0,0.0,0.0,0.0,0.0,0.0,0.0,0.0,0.0,259.0,,,
李峰,李峰,小样本,1,8,False,False,0,0.0,0,0.0,0,0.0,0,0.0,0,0.0,0,0.0,0,0.0,0,0.0,0.0,0.0,0.0,0.0,0.0,0.0,0.0,0.0,0.0,0.0,259.0,,,
李嵘,李嵘,小样本,1,4,False,False,0,0.0,0,0.0,0,0.0,0,0.0,0,0.0,0,0.0,0,0.0,0,0.0,0.0,0.0,0.0,0.0,0.0,0.0,0.0,0.0,0.0,0.0,259.0,,,
李序,李序,小样本,1,4,False,False,0,0.0,0,0.0,0,0.0,0,0.0,0,0.0,0,0.0,0,0.0,0,0.0,0.0,0.0,0.0,0.0,0.0,0.0,0.0,0.0,0.0,0.0,259.0,,,
李应,李应,小样本,1,12,False,False,0,0.0,0,0.0,0,0.0,0,0.0,0,0.0,0,0.0,0,0.0,0,0.0,0.0,0.0,0.0,0.0,0.0,0.0,0.0,0.0,0.0,0.0,259.0,,,
李延陵,李延陵,小样本,1,24,False,False,0,0.0,0,0.0,0,0.0,0,0.0,0,0.0,0,0.0,0,0.0,0,0.0,0.0,0.0,0.0,0.0,0.0,0.0,0.0,0.0,0.0,0.0,259.0,,,
李廷璧,李廷璧,小样本,1,8,False,False,0,0.0,0,0.0,0,0.0,0,0.0,0,0.0,0,0.0,0,0.0,0,0.0,0.0,0.0,0.0,0.0,0.0,0.0,0.0,0.0,0.0,0.0,259.0,,,
李建业,李建业,小样本,1,8,False,False,0,0.0,0,0.0,0,0.0,0,0.0,0,0.0,0,0.0,0,0.0,0,0.0,0.0,0.0,0.0,0.0,0.0,0.0,0.0,0.0,0.0,0.0,259.0,,,
李归唐,李归唐,小样本,1,4,False,False,0,0.0,0,0.0,0,0.0,0,0.0,0,0.0,0,0.0,0,0.0,0,0.0,0.0,0.0,0.0,0.0,0.0,0.0,0.0,0.0,0.0,0.0,259.0,,,
李彦暐,李彦暐,小样本,1,8,False,False,0,0.0,0,0.0,0,0.0,0,0.0,0,0.0,0,0.0,0,0.0,0,0.0,0.0,0.0,0.0,0.0,0.0,0.0,0.0,0.0,0.0,0.0,259.0,,,
李彦远,李彦远,小样本,1,8,False,False,0,0.0,0,0.0,0,0.0,0,0.0,0,0.0,0,0.0,0,0.0,0,0.0,0.0,0.0,0.0,0.0,0.0,0.0,0.0,0.0,0.0,0.0,259.0,,,
李微,李微,小样本,1,8,False,False,0,0.0,0,0.0,0,0.0,0,0.0,0,0.0,0,0.0,0,0.0,0,0.0,0.0,0.0,0.0,0.0,0.0,0.0,0.0,0.0,0.0,0.0,259.0,,,
李徵古,李徵古,小样本,1,4,False,False,0,0.0,0,0.0,0,0.0,0,0.0,0,0.0,0,0.0,0,0.0,0,0.0,0.0,0.0,0.0,0.0,0.0,0.0,0.0,0.0,0.0,0.0,259.0,,,
李怀远,李怀远,小样本,2,26,False,False,0,0.0,0,0.0,0,0.0,0,0.0,0,0.0,0,0.0,0,0.0,0,0.0,0.0,0.0,0.0,0.0,0.0,0.0,0.0,0.0,0.0,0.0,259.0,,,
李恒,李恒,小样本,1,8,False,False,0,0.0,0,0.0,0,0.0,0,0.0,0,0.0,0,0.0,0,0.0,0,0.0,0.0,0.0,0.0,0.0,0.0,0.0,0.0,0.0,0.0,0.0,259.0,,,
李憕,李憕,小样本,3,24,False,False,0,0.0,0,0.0,0,0.0,0,0.0,0,0.0,0,0.0,0,0.0,0,0.0,0.0,0.0,0.0,0.0,0.0,0.0,0.0,0.0,0.0,0.0,259.0,,,
李拯,李拯,小样本,1,4,False,False,0,0.0,0,0.0,0,0.0,0,0.0,0,0.0,0,0.0,0,0.0,0,0.0,0.0,0.0,0.0,0.0,0.0,0.0,0.0,0.0,0.0,0.0,259.0,,,
李损之,李损之,小样本,1,12,False,False,0,0.0,0,0.0,0,0.0,0,0.0,0,0.0,0,0.0,0,0.0,0,0.0,0.0,0.0,0.0,0.0,0.0,0.0,0.0,0.0,0.0,0.0,259.0,,,
李敬玄,李敬玄,小样本,2,22,False,False,0,0.0,0,0.0,0,0.0,0,0.0,0,0.0,0,0.0,0,0.0,0,0.0,0.0,0.0,0.0,0.0,0.0,0.0,0.0,0.0,0.0,0.0,259.0,,,
李日新,李日新,小样本,1,4,False,False,0,0.0,0,0.0,0,0.0,0,0.0,0,0.0,0,0.0,0,0.0,0,0.0,0.0,0.0,0.0,0.0,0.0,0.0,0.0,0.0,0.0,0.0,259.0,,,
李旦,李旦,小样本,2,10,False,False,0,0.0,0,0.0,0,0.0,0,0.0,0,0.0,0,0.0,0,0.0,0,0.0,0.0,0.0,0.0,0.0,0.0,0.0,0.0,0.0,0.0,0.0,259.0,,,
李旭,李旭,小样本,1,8,False,False,0,0.0,0,0.0,0,0.0,0,0.0,0,0.0,0,0.0,0,0.0,0,0.0,0.0,0.0,0.0,0.0,0.0,0.0,0.0,0.0,0.0,0.0,259.0,,,
李昉,李昉,小样本,1,8,False,False,0,0.0,0,0.0,0,0.0,0,0.0,0,0.0,0,0.0,0,0.0,0,0.0,0.0,0.0,0.0,0.0,0.0,0.0,0.0,0.0,0.0,0.0,259.0,,,
李昌邺,李昌邺,小样本,1,4,False,False,0,0.0,0,0.0,0,0.0,0,0.0,0,0.0,0,0.0,0,0.0,0,0.0,0.0,0.0,0.0,0.0,0.0,0.0,0.0,0.0,0.0,0.0,259.0,,,
李明远,李明远,小样本,1,8,False,False,0,0.0,0,0.0,0,0.0,0,0.0,0,0.0,0,0.0,0,0.0,0,0.0,0.0,0.0,0.0,0.0,0.0,0.0,0.0,0.0,0.0,0.0,259.0,,,
李昭象,李昭象,小样本,9,58,False,False,0,0.0,0,0.0,0,0.0,0,0.0,0,0.0,0,0.0,0,0.0,0,0.0,0.0,0.0,0.0,0.0,0.0,0.0,0.0,0.0,0.0,0.0,259.0,,,
李昼,李昼,小样本,1,4,False,False,0,0.0,0,0.0,0,0.0,0,0.0,0,0.0,0,0.0,0,0.0,0,0.0,0.0,0.0,0.0,0.0,0.0,0.0,0.0,0.0,0.0,0.0,259.0,,,
李景,李景,小样本,2,20,False,False,0,0.0,0,0.0,0,0.0,0,0.0,0,0.0,0,0.0,0,0.0,0,0.0,0.0,0.0,0.0,0.0,0.0,0.0,0.0,0.0,0.0,0.0,259.0,,,
李景伯,李景伯,小样本,3,12,False,False,0,0.0,0,0.0,0,0.0,0,0.0,0,0.0,0,0.0,0,0.0,0,0.0,0.0,0.0,0.0,0.0,0.0,0.0,0.0,0.0,0.0,0.0,259.0,,,
李景俭,李景俭,小样本,1,9,False,False,0,0.0,0,0.0,0,0.0,0,0.0,0,0.0,0,0.0,0,0.0,0,0.0,0.0,0.0,0.0,0.0,0.0,0.0,0.0,0.0,0.0,0.0,259.0,,,
李景让,李景让,小样本,2,10,False,False,0,0.0,0,0.0,0,0.0,0,0.0,0,0.0,0,0.0,0,0.0,0,0.0,0.0,0.0,0.0,0.0,0.0,0.0,0.0,0.0,0.0,0.0,259.0,,,
李暇,李暇,小样本,6,52,False,False,0,0.0,0,0.0,0,0.0,0,0.0,0,0.0,0,0.0,0,0.0,0,0.0,0.0,0.0,0.0,0.0,0.0,0.0,0.0,0.0,0.0,0.0,259.0,,,
李暠,李暠,小样本,1,12,False,False,0,0.0,0,0.0,0,0.0,0,0.0,0,0.0,0,0.0,0,0.0,0,0.0,0.0,0.0,0.0,0.0,0.0,0.0,0.0,0.0,0.0,0.0,259.0,,,
李曜,李曜,小样本,1,4,False,False,0,0.0,0,0.0,0,0.0,0,0.0,0,0.0,0,0.0,0,0.0,0,0.0,0.0,0.0,0.0,0.0,0.0,0.0,0.0,0.0,0.0,0.0,259.0,,,
李朋,李朋,小样本,1,8,False,False,0,0.0,0,0.0,0,0.0,0,0.0,0,0.0,0,0.0,0,0.0,0,0.0,0.0,0.0,0.0,0.0,0.0,0.0,0.0,0.0,0.0,0.0,259.0,,,
李梦符,李梦符,小样本,3,18,False,False,0,0.0,0,0.0,0,0.0,0,0.0,0,0.0,0,0.0,0,0.0,0,0.0,0.0,0.0,0.0,0.0,0.0,0.0,0.0,0.0,0.0,0.0,259.0,,,
李正辞,李正辞,小样本,1,12,False,False,0,0.0,0,0.0,0,0.0,0,0.0,0,0.0,0,0.0,0,0.0,0,0.0,0.0,0.0,0.0,0.0,0.0,0.0,0.0,0.0,0.0,0.0,259.0,,,
李汶儒,李汶儒,小样本,1,8,False,False,0,0.0,0,0.0,0,0.0,0,0.0,0,0.0,0,0.0,0,0.0,0,0.0,0.0,0.0,0.0,0.0,0.0,0.0,0.0,0.0,0.0,0.0,259.0,,,
李沇,李沇,小样本,6,77,False,False,0,0.0,0,0.0,0,0.0,0,0.0,0,0.0,0,0.0,0,0.0,0,0.0,0.0,0.0,0.0,0.0,0.0,0.0,0.0,0.0,0.0,0.0,259.0,,,
李治,李治,小样本,8,98,False,False,0,0.0,0,0.0,0,0.0,0,0.0,0,0.0,0,0.0,0,0.0,0,0.0,0.0,0.0,0.0,0.0,0.0,0.0,0.0,0.0,0.0,0.0,259.0,,,
李浩弼,李浩弼,小样本,1,8,False,False,0,0.0,0,0.0,0,0.0,0,0.0,0,0.0,0,0.0,0,0.0,0,0.0,0.0,0.0,0.0,0.0,0.0,0.0,0.0,0.0,0.0,0.0,259.0,,,
李清,李清,小样本,1,4,False,False,0,0.0,0,0.0,0,0.0,0,0.0,0,0.0,0,0.0,0,0.0,0,0.0,0.0,0.0,0.0,0.0,0.0,0.0,0.0,0.0,0.0,0.0,259.0,,,
李渊,李渊,小样本,1,4,False,False,0,0.0,0,0.0,0,0.0,0,0.0,0,0.0,0,0.0,0,0.0,0,0.0,0.0,0.0,0.0,0.0,0.0,0.0,0.0,0.0,0.0,0.0,259.0,,,
李渥,李渥,小样本,1,8,False,False,0,0.0,0,0.0,0,0.0,0,0.0,0,0.0,0,0.0,0,0.0,0,0.0,0.0,0.0,0.0,0.0,0.0,0.0,0.0,0.0,0.0,0.0,259.0,,,
李溟,李溟,小样本,1,8,False,False,0,0.0,0,0.0,0,0.0,0,0.0,0,0.0,0,0.0,0,0.0,0,0.0,0.0,0.0,0.0,0.0,0.0,0.0,0.0,0.0,0.0,0.0,259.0,,,
李潜,李潜,小样本,1,8,False,False,0,0.0,0,0.0,0,0.0,0,0.0,0,0.0,0,0.0,0,0.0,0,0.0,0.0,0.0,0.0,0.0,0.0,0.0,0.0,0.0,0.0,0.0,259.0,,,
李澄之,李澄之,小样本,1,8,False,False,0,0.0,0,0.0,0,0.0,0,0.0,0,0.0,0,0.0,0,0.0,0,0.0,0.0,0.0,0.0,0.0,0.0,0.0,0.0,0.0,0.0,0.0,259.0,,,
李澣,李澣,小样本,1,4,False,False,0,0.0,0,0.0,0,0.0,0,0.0,0,0.0,0,0.0,0,0.0,0,0.0,0.0,0.0,0.0,0.0,0.0,0.0,0.0,0.0,0.0,0.0,259.0,,,
李玉箫,李玉箫,小样本,1,4,False,False,0,0.0,0,0.0,0,0.0,0,0.0,0,0.0,0,0.0,0,0.0,0,0.0,0.0,0.0,0.0,0.0,0.0,0.0,0.0,0.0,0.0,0.0,259.0,,,
李琪,李琪,小样本,3,19,False,False,0,0.0,0,0.0,0,0.0,0,0.0,0,0.0,0,0.0,0,0.0,0,0.0,0.0,0.0,0.0,0.0,0.0,0.0,0.0,0.0,0.0,0.0,259.0,,,
李璟,李璟,小样本,5,38,False,False,0,0.0,0,0.0,0,0.0,0,0.0,0,0.0,0,0.0,0,0.0,0,0.0,0.0,0.0,0.0,0.0,0.0,0.0,0.0,0.0,0.0,0.0,259.0,,,
李甘,李甘,小样本,1,4,False,False,0,0.0,0,0.0,0,0.0,0,0.0,0,0.0,0,0.0,0,0.0,0,0.0,0.0,0.0,0.0,0.0,0.0,0.0,0.0,0.0,0.0,0.0,259.0,,,
李真,李真,小样本,1,4,False,False,0,0.0,0,0.0,0,0.0,0,0.0,0,0.0,0,0.0,0,0.0,0,0.0,0.0,0.0,0.0,0.0,0.0,0.0,0.0,0.0,0.0,0.0,259.0,,,
李祎,李祎,小样本,1,20,False,False,0,0.0,0,0.0,0,0.0,0,0.0,0,0.0,0,0.0,0,0.0,0,0.0,0.0,0.0,0.0,0.0,0.0,0.0,0.0,0.0,0.0,0.0,259.0,,,
李福业,李福业,小样本,1,4,False,False,0,0.0,0,0.0,0,0.0,0,0.0,0,0.0,0,0.0,0,0.0,0,0.0,0.0,0.0,0.0,0.0,0.0,0.0,0.0,0.0,0.0,0.0,259.0,,,
李秘,李秘,小样本,1,8,False,False,0,0.0,0,0.0,0,0.0,0,0.0,0,0.0,0,0.0,0,0.0,0,0.0,0.0,0.0,0.0,0.0,0.0,0.0,0.0,0.0,0.0,0.0,259.0,,,
李程,李程,小样本,5,60,False,False,0,0.0,0,0.0,0,0.0,0,0.0,0,0.0,0,0.0,0,0.0,0,0.0,0.0,0.0,0.0,0.0,0.0,0.0,0.0,0.0,0.0,0.0,259.0,,,
李穆,李穆,小样本,1,4,False,False,0,0.0,0,0.0,0,0.0,0,0.0,0,0.0,0,0.0,0,0.0,0,0.0,0.0,0.0,0.0,0.0,0.0,0.0,0.0,0.0,0.0,0.0,259.0,,,
李章,李章,小样本,2,16,False,False,0,0.0,0,0.0,0,0.0,0,0.0,0,0.0,0,0.0,0,0.0,0,0.0,0.0,0.0,0.0,0.0,0.0,0.0,0.0,0.0,0.0,0.0,259.0,,,
李竦,李竦,小样本,1,12,False,False,0,0.0,0,0.0,0,0.0,0,0.0,0,0.0,0,0.0,0,0.0,0,0.0,0.0,0.0,0.0,0.0,0.0,0.0,0.0,0.0,0.0,0.0,259.0,,,
李约,李约,小样本,9,96,False,False,0,0.0,0,0.0,0,0.0,0,0.0,0,0.0,0,0.0,0,0.0,0,0.0,0.0,0.0,0.0,0.0,0.0,0.0,0.0,0.0,0.0,0.0,259.0,,,
李缟,李缟,小样本,1,4,False,False,0,0.0,0,0.0,0,0.0,0,0.0,0,0.0,0,0.0,0,0.0,0,0.0,0.0,0.0,0.0,0.0,0.0,0.0,0.0,0.0,0.0,0.0,259.0,,,
李羽,李羽,小样本,1,4,False,False,0,0.0,0,0.0,0,0.0,0,0.0,0,0.0,0,0.0,0,0.0,0,0.0,0.0,0.0,0.0,0.0,0.0,0.0,0.0,0.0,0.0,0.0,259.0,,,
李聪,李聪,小样本,1,4,False,False,0,0.0,0,0.0,0,0.0,0,0.0,0,0.0,0,0.0,0,0.0,0,0.0,0.0,0.0,0.0,0.0,0.0,0.0,0.0,0.0,0.0,0.0,259.0,,,
李肱,李肱,小样本,2,14,False,False,0,0.0,0,0.0,0,0.0,0,0.0,0,0.0,0,0.0,0,0.0,0,0.0,0.0,0.0,0.0,0.0,0.0,0.0,0.0,0.0,0.0,0.0,259.0,,,
李舜弦,李舜弦,小样本,3,12,False,False,0,0.0,0,0.0,0,0.0,0,0.0,0,0.0,0,0.0,0,0.0,0,0.0,0.0,0.0,0.0,0.0,0.0,0.0,0.0,0.0,0.0,0.0,259.0,,,
李节度姬,李节度姬,小样本,2,12,False,False,0,0.0,0,0.0,0,0.0,0,0.0,0,0.0,0,0.0,0,0.0,0,0.0,0.0,0.0,0.0,0.0,0.0,0.0,0.0,0.0,0.0,0.0,259.0,,,
李花开,李花开,小样本,1,4,False,False,0,0.0,0,0.0,0,0.0,0,0.0,0,0.0,0,0.0,0,0.0,0,0.0,0.0,0.0,0.0,0.0,0.0,0.0,0.0,0.0,0.0,0.0,259.0,,,
李茂复,李茂复,小样本,2,8,False,False,0,0.0,0,0.0,0,0.0,0,0.0,0,0.0,0,0.0,0,0.0,0,0.0,0.0,0.0,0.0,0.0,0.0,0.0,0.0,0.0,0.0,0.0,259.0,,,
李荣,李荣,小样本,1,4,False,False,0,0.0,0,0.0,0,0.0,0,0.0,0,0.0,0,0.0,0,0.0,0,0.0,0.0,0.0,0.0,0.0,0.0,0.0,0.0,0.0,0.0,0.0,259.0,,,
李虞,李虞,小样本,1,4,False,False,0,0.0,0,0.0,0,0.0,0,0.0,0,0.0,0,0.0,0,0.0,0,0.0,0.0,0.0,0.0,0.0,0.0,0.0,0.0,0.0,0.0,0.0,259.0,,,
李虞仲,李虞仲,小样本,1,12,False,False,0,0.0,0,0.0,0,0.0,0,0.0,0,0.0,0,0.0,0,0.0,0,0.0,0.0,0.0,0.0,0.0,0.0,0.0,0.0,0.0,0.0,0.0,259.0,,,
李行敏,李行敏,小样本,1,12,False,False,0,0.0,0,0.0,0,0.0,0,0.0,0,0.0,0,0.0,0,0.0,0,0.0,0.0,0.0,0.0,0.0,0.0,0.0,0.0,0.0,0.0,0.0,259.0,,,
李行言,李行言,小样本,1,12,False,False,0,0.0,0,0.0,0,0.0,0,0.0,0,0.0,0,0.0,0,0.0,0,0.0,0.0,0.0,0.0,0.0,0.0,0.0,0.0,0.0,0.0,0.0,259.0,,,
李衍,李衍,小样本,6,32,False,False,0,0.0,0,0.0,0,0.0,0,0.0,0,0.0,0,0.0,0,0.0,0,0.0,0.0,0.0,0.0,0.0,0.0,0.0,0.0,0.0,0.0,0.0,259.0,,,
李衢,李衢,小样本,1,12,False,False,0,0.0,0,0.0,0,0.0,0,0.0,0,0.0,0,0.0,0,0.0,0,0.0,0.0,0.0,0.0,0.0,0.0,0.0,0.0,0.0,0.0,0.0,259.0,,,
李讷,李讷,小样本,1,4,False,False,0,0.0,0,0.0,0,0.0,0,0.0,0,0.0,0,0.0,0,0.0,0,0.0,0.0,0.0,0.0,0.0,0.0,0.0,0.0,0.0,0.0,0.0,259.0,,,
李询,李询,小样本,1,4,False,False,0,0.0,0,0.0,0,0.0,0,0.0,0,0.0,0,0.0,0,0.0,0,0.0,0.0,0.0,0.0,0.0,0.0,0.0,0.0,0.0,0.0,0.0,259.0,,,
李谨言,李谨言,小样本,1,8,False,False,0,0.0,0,0.0,0,0.0,0,0.0,0,0.0,0,0.0,0,0.0,0,0.0,0.0,0.0,0.0,0.0,0.0,0.0,0.0,0.0,0.0,0.0,259.0,,,
李贞,李贞,小样本,1,10,False,False,0,0.0,0,0.0,0,0.0,0,0.0,0,0.0,0,0.0,0,0.0,0,0.0,0.0,0.0,0.0,0.0,0.0,0.0,0.0,0.0,0.0,0.0,259.0,,,
李贤,李贤,小样本,2,12,False,False,0,0.0,0,0.0,0,0.0,0,0.0,0,0.0,0,0.0,0,0.0,0,0.0,0.0,0.0,0.0,0.0,0.0,0.0,0.0,0.0,0.0,0.0,259.0,,,
李质,李质,小样本,1,8,False,False,0,0.0,0,0.0,0,0.0,0,0.0,0,0.0,0,0.0,0,0.0,0,0.0,0.0,0.0,0.0,0.0,0.0,0.0,0.0,0.0,0.0,0.0,259.0,,,
李赞华,李赞华,小样本,1,4,False,False,0,0.0,0,0.0,0,0.0,0,0.0,0,0.0,0,0.0,0,0.0,0,0.0,0.0,0.0,0.0,0.0,0.0,0.0,0.0,0.0,0.0,0.0,259.0,,,
李迥秀,李迥秀,小样本,4,28,False,False,0,0.0,0,0.0,0,0.0,0,0.0,0,0.0,0,0.0,0,0.0,0,0.0,0.0,0.0,0.0,0.0,0.0,0.0,0.0,0.0,0.0,0.0,259.0,,,
李逸,李逸,小样本,1,8,False,False,0,0.0,0,0.0,0,0.0,0,0.0,0,0.0,0,0.0,0,0.0,0,0.0,0.0,0.0,0.0,0.0,0.0,0.0,0.0,0.0,0.0,0.0,259.0,,,
李適之,李適之,小样本,2,8,False,False,0,0.0,0,0.0,0,0.0,0,0.0,0,0.0,0,0.0,0,0.0,0,0.0,0.0,0.0,0.0,0.0,0.0,0.0,0.0,0.0,0.0,0.0,259.0,,,
李邺,李邺,小样本,1,8,False,False,0,0.0,0,0.0,0,0.0,0,0.0,0,0.0,0,0.0,0,0.0,0,0.0,0.0,0.0,0.0,0.0,0.0,0.0,0.0,0.0,0.0,0.0,259.0,,,
李都,李都,小样本,1,8,False,False,0,0.0,0,0.0,0,0.0,0,0.0,0,0.0,0,0.0,0,0.0,0,0.0,0.0,0.0,0.0,0.0,0.0,0.0,0.0,0.0,0.0,0.0,259.0,,,
李阳冰,李阳冰,小样本,1,4,False,False,0,0.0,0,0.0,0,0.0,0,0.0,0,0.0,0,0.0,0,0.0,0,0.0,0.0,0.0,0.0,0.0,0.0,0.0,0.0,0.0,0.0,0.0,259.0,,,
李骘,李骘,小样本,3,58,False,False,0,0.0,0,0.0,0,0.0,0,0.0,0,0.0,0,0.0,0,0.0,0,0.0,0.0,0.0,0.0,0.0,0.0,0.0,0.0,0.0,0.0,0.0,259.0,,,
杜之松,杜之松,小样本,1,8,False,False,0,0.0,0,0.0,0,0.0,0,0.0,0,0.0,0,0.0,0,0.0,0,0.0,0.0,0.0,0.0,0.0,0.0,0.0,0.0,0.0,0.0,0.0,259.0,,,
杜俨,杜俨,小样本,1,4,False,False,0,0.0,0,0.0,0,0.0,0,0.0,0,0.0,0,0.0,0,0.0,0,0.0,0.0,0.0,0.0,0.0,0.0,0.0,0.0,0.0,0.0,0.0,259.0,,,
杜元颖,杜元颖,小样本,1,12,False,False,0,0.0,0,0.0,0,0.0,0,0.0,0,0.0,0,0.0,0,0.0,0,0.0,0.0,0.0,0.0,0.0,0.0,0.0,0.0,0.0,0.0,0.0,259.0,,,
杜周士,杜周士,小样本,1,12,False,False,0,0.0,0,0.0,0,0.0,0,0.0,0,0.0,0,0.0,0,0.0,0,0.0,0.0,0.0,0.0,0.0,0.0,0.0,0.0,0.0,0.0,0.0,259.0,,,
杜奕,杜奕,小样本,1,5,False,False,0,0.0,0,0.0,0,0.0,0,0.0,0,0.0,0,0.0,0,0.0,0,0.0,0.0,0.0,0.0,0.0,0.0,0.0,0.0,0.0,0.0,0.0,259.0,,,
杜常,杜常,小样本,1,4,False,False,0,0.0,0,0.0,0,0.0,0,0.0,0,0.0,0,0.0,0,0.0,0,0.0,0.0,0.0,0.0,0.0,0.0,0.0,0.0,0.0,0.0,0.0,259.0,,,
杜建徽,杜建徽,小样本,1,4,False,False,0,0.0,0,0.0,0,0.0,0,0.0,0,0.0,0,0.0,0,0.0,0,0.0,0.0,0.0,0.0,0.0,0.0,0.0,0.0,0.0,0.0,0.0,259.0,,,
杜易简,杜易简,小样本,2,20,False,False,0,0.0,0,0.0,0,0.0,0,0.0,0,0.0,0,0.0,0,0.0,0,0.0,0.0,0.0,0.0,0.0,0.0,0.0,0.0,0.0,0.0,0.0,259.0,,,
杜正伦,杜正伦,小样本,2,28,False,False,0,0.0,0,0.0,0,0.0,0,0.0,0,0.0,0,0.0,0,0.0,0,0.0,0.0,0.0,0.0,0.0,0.0,0.0,0.0,0.0,0.0,0.0,259.0,,,
杜羔,杜羔,小样本,2,16,False,False,0,0.0,0,0.0,0,0.0,0,0.0,0,0.0,0,0.0,0,0.0,0,0.0,0.0,0.0,0.0,0.0,0.0,0.0,0.0,0.0,0.0,0.0,259.0,,,
杜诵,杜诵,小样本,1,8,False,False,0,0.0,0,0.0,0,0.0,0,0.0,0,0.0,0,0.0,0,0.0,0,0.0,0.0,0.0,0.0,0.0,0.0,0.0,0.0,0.0,0.0,0.0,259.0,,,
杜頠,杜頠,小样本,3,40,False,False,0,0.0,0,0.0,0,0.0,0,0.0,0,0.0,0,0.0,0,0.0,0,0.0,0.0,0.0,0.0,0.0,0.0,0.0,0.0,0.0,0.0,0.0,259.0,,,
来济,来济,小样本,1,4,False,False,0,0.0,0,0.0,0,0.0,0,0.0,0,0.0,0,0.0,0,0.0,0,0.0,0.0,0.0,0.0,0.0,0.0,0.0,0.0,0.0,0.0,0.0,259.0,,,
杨乘,杨乘,小样本,5,76,False,False,0,0.0,0,0.0,0,0.0,0,0.0,0,0.0,0,0.0,0,0.0,0,0.0,0.0,0.0,0.0,0.0,0.0,0.0,0.0,0.0,0.0,0.0,259.0,,,
杨厚,杨厚,小样本,1,8,False,False,0,0.0,0,0.0,0,0.0,0,0.0,0,0.0,0,0.0,0,0.0,0,0.0,0.0,0.0,0.0,0.0,0.0,0.0,0.0,0.0,0.0,0.0,259.0,,,
杨奇鲲,杨奇鲲,小样本,1,8,False,False,0,0.0,0,0.0,0,0.0,0,0.0,0,0.0,0,0.0,0,0.0,0,0.0,0.0,0.0,0.0,0.0,0.0,0.0,0.0,0.0,0.0,0.0,259.0,,,
杨容华,杨容华,小样本,1,8,False,False,0,0.0,0,0.0,0,0.0,0,0.0,0,0.0,0,0.0,0,0.0,0,0.0,0.0,0.0,0.0,0.0,0.0,0.0,0.0,0.0,0.0,0.0,259.0,,,
杨廉,杨廉,小样本,2,16,False,False,0,0.0,0,0.0,0,0.0,0,0.0,0,0.0,0,0.0,0,0.0,0,0.0,0.0,0.0,0.0,0.0,0.0,0.0,0.0,0.0,0.0,0.0,259.0,,,
杨彝,杨彝,小样本,1,8,False,False,0,0.0,0,0.0,0,0.0,0,0.0,0,0.0,0,0.0,0,0.0,0,0.0,0.0,0.0,0.0,0.0,0.0,0.0,0.0,0.0,0.0,0.0,259.0,,,
杨德麟,杨德麟,小样本,1,4,False,False,0,0.0,0,0.0,0,0.0,0,0.0,0,0.0,0,0.0,0,0.0,0,0.0,0.0,0.0,0.0,0.0,0.0,0.0,0.0,0.0,0.0,0.0,259.0,,,
杨徽之,杨徽之,小样本,2,12,False,False,0,0.0,0,0.0,0,0.0,0,0.0,0,0.0,0,0.0,0,0.0,0,0.0,0.0,0.0,0.0,0.0,0.0,0.0,0.0,0.0,0.0,0.0,259.0,,,
杨志坚,杨志坚,小样本,1,8,False,False,0,0.0,0,0.0,0,0.0,0,0.0,0,0.0,0,0.0,0,0.0,0,0.0,0.0,0.0,0.0,0.0,0.0,0.0,0.0,0.0,0.0,0.0,259.0,,,
杨思玄,杨思玄,小样本,2,24,False,False,0,0.0,0,0.0,0,0.0,0,0.0,0,0.0,0,0.0,0,0.0,0,0.0,0.0,0.0,0.0,0.0,0.0,0.0,0.0,0.0,0.0,0.0,259.0,,,
杨持,杨持,小样本,1,4,False,False,0,0.0,0,0.0,0,0.0,0,0.0,0,0.0,0,0.0,0,0.0,0,0.0,0.0,0.0,0.0,0.0,0.0,0.0,0.0,0.0,0.0,0.0,259.0,,,
杨昭俭,杨昭俭,小样本,1,4,False,False,0,0.0,0,0.0,0,0.0,0,0.0,0,0.0,0,0.0,0,0.0,0,0.0,0.0,0.0,0.0,0.0,0.0,0.0,0.0,0.0,0.0,0.0,259.0,,,
杨汉公,杨汉公,小样本,2,8,False,False,0,0.0,0,0.0,0,0.0,0,0.0,0,0.0,0,0.0,0,0.0,0,0.0,0.0,0.0,0.0,0.0,0.0,0.0,0.0,0.0,0.0,0.0,259.0,,,
杨洵美,杨洵美,小样本,1,12,False,False,0,0.0,0,0.0,0,0.0,0,0.0,0,0.0,0,0.0,0,0.0,0,0.0,0.0,0.0,0.0,0.0,0.0,0.0,0.0,0.0,0.0,0.0,259.0,,,
杨濬,杨濬,小样本,1,8,False,False,0,0.0,0,0.0,0,0.0,0,0.0,0,0.0,0,0.0,0,0.0,0,0.0,0.0,0.0,0.0,0.0,0.0,0.0,0.0,0.0,0.0,0.0,259.0,,,
杨炎,杨炎,小样本,2,8,False,False,0,0.0,0,0.0,0,0.0,0,0.0,0,0.0,0,0.0,0,0.0,0,0.0,0.0,0.0,0.0,0.0,0.0,0.0,0.0,0.0,0.0,0.0,259.0,,,
杨玉环,杨玉环,小样本,1,4,False,False,0,0.0,0,0.0,0,0.0,0,0.0,0,0.0,0,0.0,0,0.0,0,0.0,0.0,0.0,0.0,0.0,0.0,0.0,0.0,0.0,0.0,0.0,259.0,,,
杨玢,杨玢,小样本,3,12,False,False,0,0.0,0,0.0,0,0.0,0,0.0,0,0.0,0,0.0,0,0.0,0,0.0,0.0,0.0,0.0,0.0,0.0,0.0,0.0,0.0,0.0,0.0,259.0,,,
杨知至,杨知至,小样本,2,12,False,False,0,0.0,0,0.0,0,0.0,0,0.0,0,0.0,0,0.0,0,0.0,0,0.0,0.0,0.0,0.0,0.0,0.0,0.0,0.0,0.0,0.0,0.0,259.0,,,
杨系,杨系,小样本,1,12,False,False,0,0.0,0,0.0,0,0.0,0,0.0,0,0.0,0,0.0,0,0.0,0,0.0,0.0,0.0,0.0,0.0,0.0,0.0,0.0,0.0,0.0,0.0,259.0,,,
杨苎萝,杨苎萝,小样本,1,4,False,False,0,0.0,0,0.0,0,0.0,0,0.0,0,0.0,0,0.0,0,0.0,0,0.0,0.0,0.0,0.0,0.0,0.0,0.0,0.0,0.0,0.0,0.0,259.0,,,
杨莱儿,杨莱儿,小样本,2,12,False,False,0,0.0,0,0.0,0,0.0,0,0.0,0,0.0,0,0.0,0,0.0,0,0.0,0.0,0.0,0.0,0.0,0.0,0.0,0.0,0.0,0.0,0.0,259.0,,,
杨虞卿,杨虞卿,小样本,2,10,False,False,0,0.0,0,0.0,0,0.0,0,0.0,0,0.0,0,0.0,0,0.0,0,0.0,0.0,0.0,0.0,0.0,0.0,0.0,0.0,0.0,0.0,0.0,259.0,,,
杨行敏,杨行敏,小样本,1,8,False,False,0,0.0,0,0.0,0,0.0,0,0.0,0,0.0,0,0.0,0,0.0,0,0.0,0.0,0.0,0.0,0.0,0.0,0.0,0.0,0.0,0.0,0.0,259.0,,,
杨贲,杨贲,小样本,1,8,False,False,0,0.0,0,0.0,0,0.0,0,0.0,0,0.0,0,0.0,0,0.0,0,0.0,0.0,0.0,0.0,0.0,0.0,0.0,0.0,0.0,0.0,0.0,259.0,,,
杨贵妃,杨贵妃,小样本,1,4,False,False,0,0.0,0,0.0,0,0.0,0,0.0,0,0.0,0,0.0,0,0.0,0,0.0,0.0,0.0,0.0,0.0,0.0,0.0,0.0,0.0,0.0,0.0,259.0,,,
杨郇伯,杨郇伯,小样本,1,8,False,False,0,0.0,0,0.0,0,0.0,0,0.0,0,0.0,0,0.0,0,0.0,0,0.0,0.0,0.0,0.0,0.0,0.0,0.0,0.0,0.0,0.0,0.0,259.0,,,
杨重玄,杨重玄,小样本,1,4,False,False,0,0.0,0,0.0,0,0.0,0,0.0,0,0.0,0,0.0,0,0.0,0,0.0,0.0,0.0,0.0,0.0,0.0,0.0,0.0,0.0,0.0,0.0,259.0,,,
杨颜,杨颜,小样本,1,8,False,False,0,0.0,0,0.0,0,0.0,0,0.0,0,0.0,0,0.0,0,0.0,0,0.0,0.0,0.0,0.0,0.0,0.0,0.0,0.0,0.0,0.0,0.0,259.0,,,
杨鸾,杨鸾,小样本,1,4,False,False,0,0.0,0,0.0,0,0.0,0,0.0,0,0.0,0,0.0,0,0.0,0,0.0,0.0,0.0,0.0,0.0,0.0,0.0,0.0,0.0,0.0,0.0,259.0,,,
杨鸿,杨鸿,小样本,1,4,False,False,0,0.0,0,0.0,0,0.0,0,0.0,0,0.0,0,0.0,0,0.0,0,0.0,0.0,0.0,0.0,0.0,0.0,0.0,0.0,0.0,0.0,0.0,259.0,,,
杨鼎夫,杨鼎夫,小样本,1,8,False,False,0,0.0,0,0.0,0,0.0,0,0.0,0,0.0,0,0.0,0,0.0,0,0.0,0.0,0.0,0.0,0.0,0.0,0.0,0.0,0.0,0.0,0.0,259.0,,,
杨齐哲,杨齐哲,小样本,1,8,False,False,0,0.0,0,0.0,0,0.0,0,0.0,0,0.0,0,0.0,0,0.0,0,0.0,0.0,0.0,0.0,0.0,0.0,0.0,0.0,0.0,0.0,0.0,259.0,,,
林嵩,林嵩,小样本,1,8,False,False,0,0.0,0,0.0,0,0.0,0,0.0,0,0.0,0,0.0,0,0.0,0,0.0,0.0,0.0,0.0,0.0,0.0,0.0,0.0,0.0,0.0,0.0,259.0,,,
林杰,林杰,小样本,3,10,False,False,0,0.0,0,0.0,0,0.0,0,0.0,0,0.0,0,0.0,0,0.0,0,0.0,0.0,0.0,0.0,0.0,0.0,0.0,0.0,0.0,0.0,0.0,259.0,,,
林楚翘,林楚翘,小样本,1,8,False,False,0,0.0,0,0.0,0,0.0,0,0.0,0,0.0,0,0.0,0,0.0,0,0.0,0.0,0.0,0.0,0.0,0.0,0.0,0.0,0.0,0.0,0.0,259.0,,,
林珝,林珝,小样本,1,8,False,False,0,0.0,0,0.0,0,0.0,0,0.0,0,0.0,0,0.0,0,0.0,0,0.0,0.0,0.0,0.0,0.0,0.0,0.0,0.0,0.0,0.0,0.0,259.0,,,
林琨,林琨,小样本,1,12,False,False,0,0.0,0,0.0,0,0.0,0,0.0,0,0.0,0,0.0,0,0.0,0,0.0,0.0,0.0,0.0,0.0,0.0,0.0,0.0,0.0,0.0,0.0,259.0,,,
林璠,林璠,小样本,1,8,False,False,0,0.0,0,0.0,0,0.0,0,0.0,0,0.0,0,0.0,0,0.0,0,0.0,0.0,0.0,0.0,0.0,0.0,0.0,0.0,0.0,0.0,0.0,259.0,,,
林藻,林藻,小样本,3,28,False,False,0,0.0,0,0.0,0,0.0,0,0.0,0,0.0,0,0.0,0,0.0,0,0.0,0.0,0.0,0.0,0.0,0.0,0.0,0.0,0.0,0.0,0.0,259.0,,,
柯崇,柯崇,小样本,2,16,False,False,0,0.0,0,0.0,0,0.0,0,0.0,0,0.0,0,0.0,0,0.0,0,0.0,0.0,0.0,0.0,0.0,0.0,0.0,0.0,0.0,0.0,0.0,259.0,,,
柳公权,柳公权,小样本,4,20,False,False,0,0.0,0,0.0,0,0.0,0,0.0,0,0.0,0,0.0,0,0.0,0,0.0,0.0,0.0,0.0,0.0,0.0,0.0,0.0,0.0,0.0,0.0,259.0,,,
柳公绰,柳公绰,小样本,3,20,False,False,0,0.0,0,0.0,0,0.0,0,0.0,0,0.0,0,0.0,0,0.0,0,0.0,0.0,0.0,0.0,0.0,0.0,0.0,0.0,0.0,0.0,0.0,259.0,,,
柳明献,柳明献,小样本,1,4,False,False,0,0.0,0,0.0,0,0.0,0,0.0,0,0.0,0,0.0,0,0.0,0,0.0,0.0,0.0,0.0,0.0,0.0,0.0,0.0,0.0,0.0,0.0,259.0,,,
柳棠,柳棠,小样本,4,16,False,False,0,0.0,0,0.0,0,0.0,0,0.0,0,0.0,0,0.0,0,0.0,0,0.0,0.0,0.0,0.0,0.0,0.0,0.0,0.0,0.0,0.0,0.0,259.0,,,
柳氏,柳氏,小样本,2,6,False,False,0,0.0,0,0.0,0,0.0,0,0.0,0,0.0,0,0.0,0,0.0,0,0.0,0.0,0.0,0.0,0.0,0.0,0.0,0.0,0.0,0.0,0.0,259.0,,,
柳泌,柳泌,小样本,2,36,False,False,0,0.0,0,0.0,0,0.0,0,0.0,0,0.0,0,0.0,0,0.0,0,0.0,0.0,0.0,0.0,0.0,0.0,0.0,0.0,0.0,0.0,0.0,259.0,,,
柳浑,柳浑,小样本,1,4,False,False,0,0.0,0,0.0,0,0.0,0,0.0,0,0.0,0,0.0,0,0.0,0,0.0,0.0,0.0,0.0,0.0,0.0,0.0,0.0,0.0,0.0,0.0,259.0,,,
柳藏经,柳藏经,小样本,1,8,False,False,0,0.0,0,0.0,0,0.0,0,0.0,0,0.0,0,0.0,0,0.0,0,0.0,0.0,0.0,0.0,0.0,0.0,0.0,0.0,0.0,0.0,0.0,259.0,,,
柳逢,柳逢,小样本,1,4,False,False,0,0.0,0,0.0,0,0.0,0,0.0,0,0.0,0,0.0,0,0.0,0,0.0,0.0,0.0,0.0,0.0,0.0,0.0,0.0,0.0,0.0,0.0,259.0,,,
柳郴,柳郴,小样本,2,10,False,False,0,0.0,0,0.0,0,0.0,0,0.0,0,0.0,0,0.0,0,0.0,0,0.0,0.0,0.0,0.0,0.0,0.0,0.0,0.0,0.0,0.0,0.0,259.0,,,
柴夔,柴夔,小样本,1,8,False,False,0,0.0,0,0.0,0,0.0,0,0.0,0,0.0,0,0.0,0,0.0,0,0.0,0.0,0.0,0.0,0.0,0.0,0.0,0.0,0.0,0.0,0.0,259.0,,,
柴宿,柴宿,小样本,2,24,False,False,0,0.0,0,0.0,0,0.0,0,0.0,0,0.0,0,0.0,0,0.0,0,0.0,0.0,0.0,0.0,0.0,0.0,0.0,0.0,0.0,0.0,0.0,259.0,,,
栾清,栾清,小样本,1,4,False,False,0,0.0,0,0.0,0,0.0,0,0.0,0,0.0,0,0.0,0,0.0,0,0.0,0.0,0.0,0.0,0.0,0.0,0.0,0.0,0.0,0.0,0.0,259.0,,,
梁升卿,梁升卿,小样本,1,12,False,False,0,0.0,0,0.0,0,0.0,0,0.0,0,0.0,0,0.0,0,0.0,0,0.0,0.0,0.0,0.0,0.0,0.0,0.0,0.0,0.0,0.0,0.0,259.0,,,
梁德裕,梁德裕,小样本,1,20,False,False,0,0.0,0,0.0,0,0.0,0,0.0,0,0.0,0,0.0,0,0.0,0,0.0,0.0,0.0,0.0,0.0,0.0,0.0,0.0,0.0,0.0,0.0,259.0,,,
梁氏琼,梁氏琼,小样本,2,16,False,False,0,0.0,0,0.0,0,0.0,0,0.0,0,0.0,0,0.0,0,0.0,0,0.0,0.0,0.0,0.0,0.0,0.0,0.0,0.0,0.0,0.0,0.0,259.0,,,
梁洽,梁洽,小样本,1,7,False,False,0,0.0,0,0.0,0,0.0,0,0.0,0,0.0,0,0.0,0,0.0,0,0.0,0.0,0.0,0.0,0.0,0.0,0.0,0.0,0.0,0.0,0.0,259.0,,,
梁献,梁献,小样本,2,16,False,False,0,0.0,0,0.0,0,0.0,0,0.0,0,0.0,0,0.0,0,0.0,0,0.0,0.0,0.0,0.0,0.0,0.0,0.0,0.0,0.0,0.0,0.0,259.0,,,
梁琼,梁琼,小样本,5,35,False,False,0,0.0,0,0.0,0,0.0,0,0.0,0,0.0,0,0.0,0,0.0,0,0.0,0.0,0.0,0.0,0.0,0.0,0.0,0.0,0.0,0.0,0.0,259.0,,,
梁藻,梁藻,小样本,1,4,False,False,0,0.0,0,0.0,0,0.0,0,0.0,0,0.0,0,0.0,0,0.0,0,0.0,0.0,0.0,0.0,0.0,0.0,0.0,0.0,0.0,0.0,0.0,259.0,,,
梁载言,梁载言,小样本,1,8,False,False,0,0.0,0,0.0,0,0.0,0,0.0,0,0.0,0,0.0,0,0.0,0,0.0,0.0,0.0,0.0,0.0,0.0,0.0,0.0,0.0,0.0,0.0,259.0,,,
梁铉,梁铉,小样本,1,12,False,False,0,0.0,0,0.0,0,0.0,0,0.0,0,0.0,0,0.0,0,0.0,0,0.0,0.0,0.0,0.0,0.0,0.0,0.0,0.0,0.0,0.0,0.0,259.0,,,
梁陟,梁陟,小样本,1,8,False,False,0,0.0,0,0.0,0,0.0,0,0.0,0,0.0,0,0.0,0,0.0,0,0.0,0.0,0.0,0.0,0.0,0.0,0.0,0.0,0.0,0.0,0.0,259.0,,,
楚儿,楚儿,小样本,1,8,False,False,0,0.0,0,0.0,0,0.0,0,0.0,0,0.0,0,0.0,0,0.0,0,0.0,0.0,0.0,0.0,0.0,0.0,0.0,0.0,0.0,0.0,0.0,259.0,,,
楼颖,楼颖,小样本,3,40,False,False,0,0.0,0,0.0,0,0.0,0,0.0,0,0.0,0,0.0,0,0.0,0,0.0,0.0,0.0,0.0,0.0,0.0,0.0,0.0,0.0,0.0,0.0,259.0,,,
樊夫人,樊夫人,小样本,1,4,False,False,0,0.0,0,0.0,0,0.0,0,0.0,0,0.0,0,0.0,0,0.0,0,0.0,0.0,0.0,0.0,0.0,0.0,0.0,0.0,0.0,0.0,0.0,259.0,,,
樊宗师,樊宗师,小样本,1,20,False,False,0,0.0,0,0.0,0,0.0,0,0.0,0,0.0,0,0.0,0,0.0,0,0.0,0.0,0.0,0.0,0.0,0.0,0.0,0.0,0.0,0.0,0.0,259.0,,,
樊忱,樊忱,小样本,1,8,False,False,0,0.0,0,0.0,0,0.0,0,0.0,0,0.0,0,0.0,0,0.0,0,0.0,0.0,0.0,0.0,0.0,0.0,0.0,0.0,0.0,0.0,0.0,259.0,,,
樊晃,樊晃,小样本,2,6,False,False,0,0.0,0,0.0,0,0.0,0,0.0,0,0.0,0,0.0,0,0.0,0,0.0,0.0,0.0,0.0,0.0,0.0,0.0,0.0,0.0,0.0,0.0,259.0,,,
樊骧,樊骧,小样本,1,8,False,False,0,0.0,0,0.0,0,0.0,0,0.0,0,0.0,0,0.0,0,0.0,0,0.0,0.0,0.0,0.0,0.0,0.0,0.0,0.0,0.0,0.0,0.0,259.0,,,
樵夫,樵夫,小样本,1,4,False,False,0,0.0,0,0.0,0,0.0,0,0.0,0,0.0,0,0.0,0,0.0,0,0.0,0.0,0.0,0.0,0.0,0.0,0.0,0.0,0.0,0.0,0.0,259.0,,,
欧阳宾,欧阳宾,小样本,1,4,False,False,0,0.0,0,0.0,0,0.0,0,0.0,0,0.0,0,0.0,0,0.0,0,0.0,0.0,0.0,0.0,0.0,0.0,0.0,0.0,0.0,0.0,0.0,259.0,,,
欧阳彬,欧阳彬2,小样本,1,8,False,False,0,0.0,0,0.0,0,0.0,0,0.0,0,0.0,0,0.0,0,0.0,0,0.0,0.0,0.0,0.0,0.0,0.0,0.0,0.0,0.0,0.0,0.0,259.0,,,
欧阳玭,欧阳玭,小样本,5,44,False,False,0,0.0,0,0.0,0,0.0,0,0.0,0,0.0,0,0.0,0,0.0,0,0.0,0.0,0.0,0.0,0.0,0.0,0.0,0.0,0.0,0.0,0.0,259.0,,,
欧阳瑾,欧阳瑾,小样本,2,16,False,False,0,0.0,0,0.0,0,0.0,0,0.0,0,0.0,0,0.0,0,0.0,0,0.0,0.0,0.0,0.0,0.0,0.0,0.0,0.0,0.0,0.0,0.0,259.0,,,
欧阳衮,欧阳衮,小样本,9,76,False,False,0,0.0,0,0.0,0,0.0,0,0.0,0,0.0,0,0.0,0,0.0,0,0.0,0.0,0.0,0.0,0.0,0.0,0.0,0.0,0.0,0.0,0.0,259.0,,,
欧阳詹,欧阳詹,小样本,2,20,False,False,0,0.0,0,0.0,0,0.0,0,0.0,0,0.0,0,0.0,0,0.0,0,0.0,0.0,0.0,0.0,0.0,0.0,0.0,0.0,0.0,0.0,0.0,259.0,,,
欧阳询,欧阳询,小样本,3,20,False,False,0,0.0,0,0.0,0,0.0,0,0.0,0,0.0,0,0.0,0,0.0,0,0.0,0.0,0.0,0.0,0.0,0.0,0.0,0.0,0.0,0.0,0.0,259.0,,,
步非烟,步非烟,小样本,4,16,False,False,0,0.0,0,0.0,0,0.0,0,0.0,0,0.0,0,0.0,0,0.0,0,0.0,0.0,0.0,0.0,0.0,0.0,0.0,0.0,0.0,0.0,0.0,259.0,,,
武三思,武三思,小样本,9,111,False,False,0,0.0,0,0.0,0,0.0,0,0.0,0,0.0,0,0.0,0,0.0,0,0.0,0.0,0.0,0.0,0.0,0.0,0.0,0.0,0.0,0.0,0.0,259.0,,,
武后宫人,武后宫人,小样本,1,8,False,False,0,0.0,0,0.0,0,0.0,0,0.0,0,0.0,0,0.0,0,0.0,0,0.0,0.0,0.0,0.0,0.0,0.0,0.0,0.0,0.0,0.0,0.0,259.0,,,
武瓘,武瓘,小样本,3,16,False,False,0,0.0,0,0.0,0,0.0,0,0.0,0,0.0,0,0.0,0,0.0,0,0.0,0.0,0.0,0.0,0.0,0.0,0.0,0.0,0.0,0.0,0.0,259.0,,,
武翊黄,武翊黄,小样本,1,12,False,False,0,0.0,0,0.0,0,0.0,0,0.0,0,0.0,0,0.0,0,0.0,0,0.0,0.0,0.0,0.0,0.0,0.0,0.0,0.0,0.0,0.0,0.0,259.0,,,
段弘古,段弘古,小样本,1,4,False,False,0,0.0,0,0.0,0,0.0,0,0.0,0,0.0,0,0.0,0,0.0,0,0.0,0.0,0.0,0.0,0.0,0.0,0.0,0.0,0.0,0.0,0.0,259.0,,,
段怀然,段怀然,小样本,1,4,False,False,0,0.0,0,0.0,0,0.0,0,0.0,0,0.0,0,0.0,0,0.0,0,0.0,0.0,0.0,0.0,0.0,0.0,0.0,0.0,0.0,0.0,0.0,259.0,,,
段文昌,段文昌,小样本,1,8,False,False,0,0.0,0,0.0,0,0.0,0,0.0,0,0.0,0,0.0,0,0.0,0,0.0,0.0,0.0,0.0,0.0,0.0,0.0,0.0,0.0,0.0,0.0,259.0,,,
段穀,段穀,小样本,1,8,False,False,0,0.0,0,0.0,0,0.0,0,0.0,0,0.0,0,0.0,0,0.0,0,0.0,0.0,0.0,0.0,0.0,0.0,0.0,0.0,0.0,0.0,0.0,259.0,,,
殷七七,殷七七,小样本,2,8,False,False,0,0.0,0,0.0,0,0.0,0,0.0,0,0.0,0,0.0,0,0.0,0,0.0,0.0,0.0,0.0,0.0,0.0,0.0,0.0,0.0,0.0,0.0,259.0,,,
殷寅,殷寅,小样本,2,38,False,False,0,0.0,0,0.0,0,0.0,0,0.0,0,0.0,0,0.0,0,0.0,0,0.0,0.0,0.0,0.0,0.0,0.0,0.0,0.0,0.0,0.0,0.0,259.0,,,
殷尧恭,殷尧恭,小样本,1,12,False,False,0,0.0,0,0.0,0,0.0,0,0.0,0,0.0,0,0.0,0,0.0,0,0.0,0.0,0.0,0.0,0.0,0.0,0.0,0.0,0.0,0.0,0.0,259.0,,,
殷潜之,殷潜之,小样本,1,28,False,False,0,0.0,0,0.0,0,0.0,0,0.0,0,0.0,0,0.0,0,0.0,0,0.0,0.0,0.0,0.0,0.0,0.0,0.0,0.0,0.0,0.0,0.0,259.0,,,
殷琮,殷琮,小样本,1,12,False,False,0,0.0,0,0.0,0,0.0,0,0.0,0,0.0,0,0.0,0,0.0,0,0.0,0.0,0.0,0.0,0.0,0.0,0.0,0.0,0.0,0.0,0.0,259.0,,,
殷益,殷益,小样本,1,8,False,False,0,0.0,0,0.0,0,0.0,0,0.0,0,0.0,0,0.0,0,0.0,0,0.0,0.0,0.0,0.0,0.0,0.0,0.0,0.0,0.0,0.0,0.0,259.0,,,
殷遥,殷遥,小样本,5,40,False,False,0,0.0,0,0.0,0,0.0,0,0.0,0,0.0,0,0.0,0,0.0,0,0.0,0.0,0.0,0.0,0.0,0.0,0.0,0.0,0.0,0.0,0.0,259.0,,,
毕乾泰,毕乾泰,小样本,1,8,False,False,0,0.0,0,0.0,0,0.0,0,0.0,0,0.0,0,0.0,0,0.0,0,0.0,0.0,0.0,0.0,0.0,0.0,0.0,0.0,0.0,0.0,0.0,259.0,,,
毛女正美,毛女正美,小样本,1,8,False,False,0,0.0,0,0.0,0,0.0,0,0.0,0,0.0,0,0.0,0,0.0,0,0.0,0.0,0.0,0.0,0.0,0.0,0.0,0.0,0.0,0.0,0.0,259.0,,,
毛文锡,毛文锡,稳健样本,22,216,True,False,0,0.0,0,0.0,0,0.0,0,0.0,0,0.0,0,0.0,0,0.0,0,0.0,0.0,0.0,0.0,0.0,0.0,0.0,0.0,0.0,0.0,0.0,259.0,169.0,122.0,155.0
毛明素,毛明素,小样本,1,4,False,False,0,0.0,0,0.0,0,0.0,0,0.0,0,0.0,0,0.0,0,0.0,0,0.0,0.0,0.0,0.0,0.0,0.0,0.0,0.0,0.0,0.0,0.0,259.0,,,
毛熙震,毛熙震,稳健样本,13,204,True,False,0,0.0,0,0.0,0,0.0,0,0.0,0,0.0,0,0.0,0,0.0,0,0.0,0.0,0.0,0.0,0.0,0.0,0.0,0.0,0.0,0.0,0.0,259.0,169.0,122.0,155.0
水心寺僧,水心寺僧,小样本,1,4,False,False,0,0.0,0,0.0,0,0.0,0,0.0,0,0.0,0,0.0,0,0.0,0,0.0,0.0,0.0,0.0,0.0,0.0,0.0,0.0,0.0,0.0,0.0,259.0,,,
江为,江为,小样本,9,56,False,False,0,0.0,0,0.0,0,0.0,0,0.0,0,0.0,0,0.0,0,0.0,0,0.0,0.0,0.0,0.0,0.0,0.0,0.0,0.0,0.0,0.0,0.0,259.0,,,
江妃,江妃,小样本,1,4,False,False,0,0.0,0,0.0,0,0.0,0,0.0,0,0.0,0,0.0,0,0.0,0,0.0,0.0,0.0,0.0,0.0,0.0,0.0,0.0,0.0,0.0,0.0,259.0,,,
江陵士子,江陵士子,小样本,1,8,False,False,0,0.0,0,0.0,0,0.0,0,0.0,0,0.0,0,0.0,0,0.0,0,0.0,0.0,0.0,0.0,0.0,0.0,0.0,0.0,0.0,0.0,0.0,259.0,,,
汤洙,汤洙,小样本,1,12,False,False,0,0.0,0,0.0,0,0.0,0,0.0,0,0.0,0,0.0,0,0.0,0,0.0,0.0,0.0,0.0,0.0,0.0,0.0,0.0,0.0,0.0,0.0,259.0,,,
汪万於,汪万於,小样本,1,8,False,False,0,0.0,0,0.0,0,0.0,0,0.0,0,0.0,0,0.0,0,0.0,0,0.0,0.0,0.0,0.0,0.0,0.0,0.0,0.0,0.0,0.0,0.0,259.0,,,
汪极,汪极,小样本,1,8,False,False,0,0.0,0,0.0,0,0.0,0,0.0,0,0.0,0,0.0,0,0.0,0,0.0,0.0,0.0,0.0,0.0,0.0,0.0,0.0,0.0,0.0,0.0,259.0,,,
沈传师,沈传师,小样本,5,50,False,False,0,0.0,0,0.0,0,0.0,0,0.0,0,0.0,0,0.0,0,0.0,0,0.0,0.0,0.0,0.0,0.0,0.0,0.0,0.0,0.0,0.0,0.0,259.0,,,
沈叔安,沈叔安,小样本,1,8,False,False,0,0.0,0,0.0,0,0.0,0,0.0,0,0.0,0,0.0,0,0.0,0,0.0,0.0,0.0,0.0,0.0,0.0,0.0,0.0,0.0,0.0,0.0,259.0,,,
沈回,沈回,小样本,1,12,False,False,0,0.0,0,0.0,0,0.0,0,0.0,0,0.0,0,0.0,0,0.0,0,0.0,0.0,0.0,0.0,0.0,0.0,0.0,0.0,0.0,0.0,0.0,259.0,,,
沈宇,沈宇,小样本,3,12,False,False,0,0.0,0,0.0,0,0.0,0,0.0,0,0.0,0,0.0,0,0.0,0,0.0,0.0,0.0,0.0,0.0,0.0,0.0,0.0,0.0,0.0,0.0,259.0,,,
沈祖仙,沈祖仙,小样本,1,8,False,False,0,0.0,0,0.0,0,0.0,0,0.0,0,0.0,0,0.0,0,0.0,0,0.0,0.0,0.0,0.0,0.0,0.0,0.0,0.0,0.0,0.0,0.0,259.0,,,
沈青箱,沈青箱,小样本,1,8,False,False,0,0.0,0,0.0,0,0.0,0,0.0,0,0.0,0,0.0,0,0.0,0,0.0,0.0,0.0,0.0,0.0,0.0,0.0,0.0,0.0,0.0,0.0,259.0,,,
沈韬文,沈韬文,小样本,1,4,False,False,0,0.0,0,0.0,0,0.0,0,0.0,0,0.0,0,0.0,0,0.0,0,0.0,0.0,0.0,0.0,0.0,0.0,0.0,0.0,0.0,0.0,0.0,259.0,,,
沈颜,沈颜,小样本,2,16,False,False,0,0.0,0,0.0,0,0.0,0,0.0,0,0.0,0,0.0,0,0.0,0,0.0,0.0,0.0,0.0,0.0,0.0,0.0,0.0,0.0,0.0,0.0,259.0,,,
沈鹏,沈鹏,小样本,1,12,False,False,0,0.0,0,0.0,0,0.0,0,0.0,0,0.0,0,0.0,0,0.0,0,0.0,0.0,0.0,0.0,0.0,0.0,0.0,0.0,0.0,0.0,0.0,259.0,,,
沈麟,沈麟,小样本,1,8,False,False,0,0.0,0,0.0,0,0.0,0,0.0,0,0.0,0,0.0,0,0.0,0,0.0,0.0,0.0,0.0,0.0,0.0,0.0,0.0,0.0,0.0,0.0,259.0,,,
沙碛女子,沙碛女子,小样本,1,4,False,False,0,0.0,0,0.0,0,0.0,0,0.0,0,0.0,0,0.0,0,0.0,0,0.0,0.0,0.0,0.0,0.0,0.0,0.0,0.0,0.0,0.0,0.0,259.0,,,
沧浩,沧浩,小样本,1,8,False,False,0,0.0,0,0.0,0,0.0,0,0.0,0,0.0,0,0.0,0,0.0,0,0.0,0.0,0.0,0.0,0.0,0.0,0.0,0.0,0.0,0.0,0.0,259.0,,,
河北士人,河北士人,小样本,2,12,False,False,0,0.0,0,0.0,0,0.0,0,0.0,0,0.0,0,0.0,0,0.0,0,0.0,0.0,0.0,0.0,0.0,0.0,0.0,0.0,0.0,0.0,0.0,259.0,,,
河湄鬼,河湄鬼,小样本,1,4,False,False,0,0.0,0,0.0,0,0.0,0,0.0,0,0.0,0,0.0,0,0.0,0,0.0,0.0,0.0,0.0,0.0,0.0,0.0,0.0,0.0,0.0,0.0,259.0,,,
油蔚,油蔚,小样本,1,8,False,False,0,0.0,0,0.0,0,0.0,0,0.0,0,0.0,0,0.0,0,0.0,0,0.0,0.0,0.0,0.0,0.0,0.0,0.0,0.0,0.0,0.0,0.0,259.0,,,
法宣,法宣,小样本,2,16,False,False,0,0.0,0,0.0,0,0.0,0,0.0,0,0.0,0,0.0,0,0.0,0,0.0,0.0,0.0,0.0,0.0,0.0,0.0,0.0,0.0,0.0,0.0,259.0,,,
法照,法照,小样本,3,24,False,False,0,0.0,0,0.0,0,0.0,0,0.0,0,0.0,0,0.0,0,0.0,0,0.0,0.0,0.0,0.0,0.0,0.0,0.0,0.0,0.0,0.0,0.0,259.0,,,
法轮,法轮,小样本,1,20,False,False,0,0.0,0,0.0,0,0.0,0,0.0,0,0.0,0,0.0,0,0.0,0,0.0,0.0,0.0,0.0,0.0,0.0,0.0,0.0,0.0,0.0,0.0,259.0,,,
泠然,泠然,小样本,1,8,False,False,0,0.0,0,0.0,0,0.0,0,0.0,0,0.0,0,0.0,0,0.0,0,0.0,0.0,0.0,0.0,0.0,0.0,0.0,0.0,0.0,0.0,0.0,259.0,,,
洛中举子,洛中举子,小样本,2,12,False,False,0,0.0,0,0.0,0,0.0,0,0.0,0,0.0,0,0.0,0,0.0,0,0.0,0.0,0.0,0.0,0.0,0.0,0.0,0.0,0.0,0.0,0.0,259.0,,,
洛川仙女,洛川仙女,小样本,2,12,False,False,0,0.0,0,0.0,0,0.0,0,0.0,0,0.0,0,0.0,0,0.0,0,0.0,0.0,0.0,0.0,0.0,0.0,0.0,0.0,0.0,0.0,0.0,259.0,,,
洪子舆,洪子舆,小样本,1,16,False,False,0,0.0,0,0.0,0,0.0,0,0.0,0,0.0,0,0.0,0,0.0,0,0.0,0.0,0.0,0.0,0.0,0.0,0.0,0.0,0.0,0.0,0.0,259.0,,,
洪州将军,洪州将军,小样本,1,4,False,False,0,0.0,0,0.0,0,0.0,0,0.0,0,0.0,0,0.0,0,0.0,0,0.0,0.0,0.0,0.0,0.0,0.0,0.0,0.0,0.0,0.0,0.0,259.0,,,
海印,海印,小样本,1,8,False,False,0,0.0,0,0.0,0,0.0,0,0.0,0,0.0,0,0.0,0,0.0,0,0.0,0.0,0.0,0.0,0.0,0.0,0.0,0.0,0.0,0.0,0.0,259.0,,,
淡然,淡然,小样本,1,2,False,False,0,0.0,0,0.0,0,0.0,0,0.0,0,0.0,0,0.0,0,0.0,0,0.0,0.0,0.0,0.0,0.0,0.0,0.0,0.0,0.0,0.0,0.0,259.0,,,
清尚,清尚,小样本,1,8,False,False,0,0.0,0,0.0,0,0.0,0,0.0,0,0.0,0,0.0,0,0.0,0,0.0,0.0,0.0,0.0,0.0,0.0,0.0,0.0,0.0,0.0,0.0,259.0,,,
清远道士,清远道士,小样本,1,24,False,False,0,0.0,0,0.0,0,0.0,0,0.0,0,0.0,0,0.0,0,0.0,0,0.0,0.0,0.0,0.0,0.0,0.0,0.0,0.0,0.0,0.0,0.0,259.0,,,
温宪,温宪,小样本,4,28,False,False,0,0.0,0,0.0,0,0.0,0,0.0,0,0.0,0,0.0,0,0.0,0,0.0,0.0,0.0,0.0,0.0,0.0,0.0,0.0,0.0,0.0,0.0,259.0,,,
温庭皓,温庭皓,小样本,2,40,False,False,0,0.0,0,0.0,0,0.0,0,0.0,0,0.0,0,0.0,0,0.0,0,0.0,0.0,0.0,0.0,0.0,0.0,0.0,0.0,0.0,0.0,0.0,259.0,,,
湘中蛟女,湘中蛟女,小样本,3,19,False,False,0,0.0,0,0.0,0,0.0,0,0.0,0,0.0,0,0.0,0,0.0,0,0.0,0.0,0.0,0.0,0.0,0.0,0.0,0.0,0.0,0.0,0.0,259.0,,,
源乾曜,源乾曜,小样本,4,48,False,False,0,0.0,0,0.0,0,0.0,0,0.0,0,0.0,0,0.0,0,0.0,0,0.0,0.0,0.0,0.0,0.0,0.0,0.0,0.0,0.0,0.0,0.0,259.0,,,
源光裕,源光裕,小样本,2,16,False,False,0,0.0,0,0.0,0,0.0,0,0.0,0,0.0,0,0.0,0,0.0,0,0.0,0.0,0.0,0.0,0.0,0.0,0.0,0.0,0.0,0.0,0.0,259.0,,,
滕传胤,滕传胤,小样本,3,16,False,False,0,0.0,0,0.0,0,0.0,0,0.0,0,0.0,0,0.0,0,0.0,0,0.0,0.0,0.0,0.0,0.0,0.0,0.0,0.0,0.0,0.0,0.0,259.0,,,
滕潜,滕潜,小样本,2,16,False,False,0,0.0,0,0.0,0,0.0,0,0.0,0,0.0,0,0.0,0,0.0,0,0.0,0.0,0.0,0.0,0.0,0.0,0.0,0.0,0.0,0.0,0.0,259.0,,,
滕珦,滕珦,小样本,1,12,False,False,0,0.0,0,0.0,0,0.0,0,0.0,0,0.0,0,0.0,0,0.0,0,0.0,0.0,0.0,0.0,0.0,0.0,0.0,0.0,0.0,0.0,0.0,259.0,,,
漳郡守,漳郡守,小样本,1,4,False,False,0,0.0,0,0.0,0,0.0,0,0.0,0,0.0,0,0.0,0,0.0,0,0.0,0.0,0.0,0.0,0.0,0.0,0.0,0.0,0.0,0.0,0.0,259.0,,,
潘佐,潘佐,小样本,1,4,False,False,0,0.0,0,0.0,0,0.0,0,0.0,0,0.0,0,0.0,0,0.0,0,0.0,0.0,0.0,0.0,0.0,0.0,0.0,0.0,0.0,0.0,0.0,259.0,,,
潘唐,潘唐,小样本,1,8,False,False,0,0.0,0,0.0,0,0.0,0,0.0,0,0.0,0,0.0,0,0.0,0,0.0,0.0,0.0,0.0,0.0,0.0,0.0,0.0,0.0,0.0,0.0,259.0,,,
潘图,潘图,小样本,1,4,False,False,0,0.0,0,0.0,0,0.0,0,0.0,0,0.0,0,0.0,0,0.0,0,0.0,0.0,0.0,0.0,0.0,0.0,0.0,0.0,0.0,0.0,0.0,259.0,,,
潘存实,潘存实,小样本,1,12,False,False,0,0.0,0,0.0,0,0.0,0,0.0,0,0.0,0,0.0,0,0.0,0,0.0,0.0,0.0,0.0,0.0,0.0,0.0,0.0,0.0,0.0,0.0,259.0,,,
潘求仁,潘求仁,小样本,1,4,False,False,0,0.0,0,0.0,0,0.0,0,0.0,0,0.0,0,0.0,0,0.0,0,0.0,0.0,0.0,0.0,0.0,0.0,0.0,0.0,0.0,0.0,0.0,259.0,,,
潘炎,潘炎,小样本,1,16,False,False,0,0.0,0,0.0,0,0.0,0,0.0,0,0.0,0,0.0,0,0.0,0,0.0,0.0,0.0,0.0,0.0,0.0,0.0,0.0,0.0,0.0,0.0,259.0,,,
潘纬,潘纬,小样本,3,18,False,False,0,0.0,0,0.0,0,0.0,0,0.0,0,0.0,0,0.0,0,0.0,0,0.0,0.0,0.0,0.0,0.0,0.0,0.0,0.0,0.0,0.0,0.0,259.0,,,
潘雍,潘雍,小样本,1,4,False,False,0,0.0,0,0.0,0,0.0,0,0.0,0,0.0,0,0.0,0,0.0,0,0.0,0.0,0.0,0.0,0.0,0.0,0.0,0.0,0.0,0.0,0.0,259.0,,,
澹交,澹交,小样本,3,24,False,False,0,0.0,0,0.0,0,0.0,0,0.0,0,0.0,0,0.0,0,0.0,0,0.0,0.0,0.0,0.0,0.0,0.0,0.0,0.0,0.0,0.0,0.0,259.0,,,
濮阳瓘,濮阳瓘,小样本,1,12,False,False,0,0.0,0,0.0,0,0.0,0,0.0,0,0.0,0,0.0,0,0.0,0,0.0,0.0,0.0,0.0,0.0,0.0,0.0,0.0,0.0,0.0,0.0,259.0,,,
瀵水神,瀵水神,小样本,1,2,False,False,0,0.0,0,0.0,0,0.0,0,0.0,0,0.0,0,0.0,0,0.0,0,0.0,0.0,0.0,0.0,0.0,0.0,0.0,0.0,0.0,0.0,0.0,259.0,,,
灵准,灵准,小样本,1,2,False,False,0,0.0,0,0.0,0,0.0,0,0.0,0,0.0,0,0.0,0,0.0,0,0.0,0.0,0.0,0.0,0.0,0.0,0.0,0.0,0.0,0.0,0.0,259.0,,,
焦郁,焦郁,小样本,2,28,False,False,0,0.0,0,0.0,0,0.0,0,0.0,0,0.0,0,0.0,0,0.0,0,0.0,0.0,0.0,0.0,0.0,0.0,0.0,0.0,0.0,0.0,0.0,259.0,,,
熊曜,熊曜,小样本,1,18,False,False,0,0.0,0,0.0,0,0.0,0,0.0,0,0.0,0,0.0,0,0.0,0,0.0,0.0,0.0,0.0,0.0,0.0,0.0,0.0,0.0,0.0,0.0,259.0,,,
熊皦,熊皦,小样本,2,8,False,False,0,0.0,0,0.0,0,0.0,0,0.0,0,0.0,0,0.0,0,0.0,0,0.0,0.0,0.0,0.0,0.0,0.0,0.0,0.0,0.0,0.0,0.0,259.0,,,
牛丛,牛丛,小样本,1,4,False,False,0,0.0,0,0.0,0,0.0,0,0.0,0,0.0,0,0.0,0,0.0,0,0.0,0.0,0.0,0.0,0.0,0.0,0.0,0.0,0.0,0.0,0.0,259.0,,,
牛僧孺,牛僧孺,小样本,6,81,False,False,0,0.0,0,0.0,0,0.0,0,0.0,0,0.0,0,0.0,0,0.0,0,0.0,0.0,0.0,0.0,0.0,0.0,0.0,0.0,0.0,0.0,0.0,259.0,,,
牛凤及,牛凤及,小样本,1,10,False,False,0,0.0,0,0.0,0,0.0,0,0.0,0,0.0,0,0.0,0,0.0,0,0.0,0.0,0.0,0.0,0.0,0.0,0.0,0.0,0.0,0.0,0.0,259.0,,,
牛徵,牛徵,小样本,1,8,False,False,0,0.0,0,0.0,0,0.0,0,0.0,0,0.0,0,0.0,0,0.0,0,0.0,0.0,0.0,0.0,0.0,0.0,0.0,0.0,0.0,0.0,0.0,259.0,,,
狄仁杰,狄仁杰,小样本,1,8,False,False,0,0.0,0,0.0,0,0.0,0,0.0,0,0.0,0,0.0,0,0.0,0,0.0,0.0,0.0,0.0,0.0,0.0,0.0,0.0,0.0,0.0,0.0,259.0,,,
狄归昌,狄归昌,小样本,1,4,False,False,0,0.0,0,0.0,0,0.0,0,0.0,0,0.0,0,0.0,0,0.0,0,0.0,0.0,0.0,0.0,0.0,0.0,0.0,0.0,0.0,0.0,0.0,259.0,,,
独孤实,独孤实,小样本,1,8,False,False,0,0.0,0,0.0,0,0.0,0,0.0,0,0.0,0,0.0,0,0.0,0,0.0,0.0,0.0,0.0,0.0,0.0,0.0,0.0,0.0,0.0,0.0,259.0,,,
独孤授,独孤授,小样本,1,12,False,False,0,0.0,0,0.0,0,0.0,0,0.0,0,0.0,0,0.0,0,0.0,0,0.0,0.0,0.0,0.0,0.0,0.0,0.0,0.0,0.0,0.0,0.0,259.0,,,
独孤申叔,独孤申叔,小样本,1,12,False,False,0,0.0,0,0.0,0,0.0,0,0.0,0,0.0,0,0.0,0,0.0,0,0.0,0.0,0.0,0.0,0.0,0.0,0.0,0.0,0.0,0.0,0.0,259.0,,,
独孤绶,独孤绶,小样本,1,12,False,False,0,0.0,0,0.0,0,0.0,0,0.0,0,0.0,0,0.0,0,0.0,0,0.0,0.0,0.0,0.0,0.0,0.0,0.0,0.0,0.0,0.0,0.0,259.0,,,
独孤良器,独孤良器,小样本,1,12,False,False,0,0.0,0,0.0,0,0.0,0,0.0,0,0.0,0,0.0,0,0.0,0,0.0,0.0,0.0,0.0,0.0,0.0,0.0,0.0,0.0,0.0,0.0,259.0,,,
独孤良弼,独孤良弼,小样本,1,12,False,False,0,0.0,0,0.0,0,0.0,0,0.0,0,0.0,0,0.0,0,0.0,0,0.0,0.0,0.0,0.0,0.0,0.0,0.0,0.0,0.0,0.0,0.0,259.0,,,
独孤铉,独孤铉,小样本,1,12,False,False,0,0.0,0,0.0,0,0.0,0,0.0,0,0.0,0,0.0,0,0.0,0,0.0,0.0,0.0,0.0,0.0,0.0,0.0,0.0,0.0,0.0,0.0,259.0,,,
玄幽,玄幽,小样本,1,2,False,False,0,0.0,0,0.0,0,0.0,0,0.0,0,0.0,0,0.0,0,0.0,0,0.0,0.0,0.0,0.0,0.0,0.0,0.0,0.0,0.0,0.0,0.0,259.0,,,
王严,王严,小样本,1,8,False,False,0,0.0,0,0.0,0,0.0,0,0.0,0,0.0,0,0.0,0,0.0,0,0.0,0.0,0.0,0.0,0.0,0.0,0.0,0.0,0.0,0.0,0.0,259.0,,,
王丽真,王丽真,小样本,1,8,False,False,0,0.0,0,0.0,0,0.0,0,0.0,0,0.0,0,0.0,0,0.0,0,0.0,0.0,0.0,0.0,0.0,0.0,0.0,0.0,0.0,0.0,0.0,259.0,,,
王丽真女郎,王丽真女郎,小样本,1,4,False,False,0,0.0,0,0.0,0,0.0,0,0.0,0,0.0,0,0.0,0,0.0,0,0.0,0.0,0.0,0.0,0.0,0.0,0.0,0.0,0.0,0.0,0.0,259.0,,,
王之涣,王之涣,小样本,6,28,False,False,0,0.0,0,0.0,0,0.0,0,0.0,0,0.0,0,0.0,0,0.0,0,0.0,0.0,0.0,0.0,0.0,0.0,0.0,0.0,0.0,0.0,0.0,259.0,,,
王乔,王乔,小样本,1,4,False,False,0,0.0,0,0.0,0,0.0,0,0.0,0,0.0,0,0.0,0,0.0,0,0.0,0.0,0.0,0.0,0.0,0.0,0.0,0.0,0.0,0.0,0.0,259.0,,,
王仙仙,王仙仙,小样本,2,8,False,False,0,0.0,0,0.0,0,0.0,0,0.0,0,0.0,0,0.0,0,0.0,0,0.0,0.0,0.0,0.0,0.0,0.0,0.0,0.0,0.0,0.0,0.0,259.0,,,
王仲舒,王仲舒,小样本,1,4,False,False,0,0.0,0,0.0,0,0.0,0,0.0,0,0.0,0,0.0,0,0.0,0,0.0,0.0,0.0,0.0,0.0,0.0,0.0,0.0,0.0,0.0,0.0,259.0,,,
王传,王传,小样本,1,8,False,False,0,0.0,0,0.0,0,0.0,0,0.0,0,0.0,0,0.0,0,0.0,0,0.0,0.0,0.0,0.0,0.0,0.0,0.0,0.0,0.0,0.0,0.0,259.0,,,
王储,王储,小样本,1,12,False,False,0,0.0,0,0.0,0,0.0,0,0.0,0,0.0,0,0.0,0,0.0,0,0.0,0.0,0.0,0.0,0.0,0.0,0.0,0.0,0.0,0.0,0.0,259.0,,,
王元,王元,小样本,6,42,False,False,0,0.0,0,0.0,0,0.0,0,0.0,0,0.0,0,0.0,0,0.0,0,0.0,0.0,0.0,0.0,0.0,0.0,0.0,0.0,0.0,0.0,0.0,259.0,,,
王公亮,王公亮,小样本,1,12,False,False,0,0.0,0,0.0,0,0.0,0,0.0,0,0.0,0,0.0,0,0.0,0,0.0,0.0,0.0,0.0,0.0,0.0,0.0,0.0,0.0,0.0,0.0,259.0,,,
王勔,王勔,小样本,1,8,False,False,0,0.0,0,0.0,0,0.0,0,0.0,0,0.0,0,0.0,0,0.0,0,0.0,0.0,0.0,0.0,0.0,0.0,0.0,0.0,0.0,0.0,0.0,259.0,,,
王勣,王勣,小样本,3,24,False,False,0,0.0,0,0.0,0,0.0,0,0.0,0,0.0,0,0.0,0,0.0,0,0.0,0.0,0.0,0.0,0.0,0.0,0.0,0.0,0.0,0.0,0.0,259.0,,,
王卓,王卓,小样本,1,16,False,False,0,0.0,0,0.0,0,0.0,0,0.0,0,0.0,0,0.0,0,0.0,0,0.0,0.0,0.0,0.0,0.0,0.0,0.0,0.0,0.0,0.0,0.0,259.0,,,
王季则,王季则,小样本,1,12,False,False,0,0.0,0,0.0,0,0.0,0,0.0,0,0.0,0,0.0,0,0.0,0,0.0,0.0,0.0,0.0,0.0,0.0,0.0,0.0,0.0,0.0,0.0,259.0,,,
王季文,王季文,小样本,2,32,False,False,0,0.0,0,0.0,0,0.0,0,0.0,0,0.0,0,0.0,0,0.0,0,0.0,0.0,0.0,0.0,0.0,0.0,0.0,0.0,0.0,0.0,0.0,259.0,,,
王履贞,王履贞,小样本,1,12,False,False,0,0.0,0,0.0,0,0.0,0,0.0,0,0.0,0,0.0,0,0.0,0,0.0,0.0,0.0,0.0,0.0,0.0,0.0,0.0,0.0,0.0,0.0,259.0,,,
王岳灵,王岳灵,小样本,1,12,False,False,0,0.0,0,0.0,0,0.0,0,0.0,0,0.0,0,0.0,0,0.0,0,0.0,0.0,0.0,0.0,0.0,0.0,0.0,0.0,0.0,0.0,0.0,259.0,,,
王巨仁,王巨仁,小样本,1,4,False,False,0,0.0,0,0.0,0,0.0,0,0.0,0,0.0,0,0.0,0,0.0,0,0.0,0.0,0.0,0.0,0.0,0.0,0.0,0.0,0.0,0.0,0.0,259.0,,,
王希羽,王希羽,小样本,1,4,False,False,0,0.0,0,0.0,0,0.0,0,0.0,0,0.0,0,0.0,0,0.0,0,0.0,0.0,0.0,0.0,0.0,0.0,0.0,0.0,0.0,0.0,0.0,259.0,,,
王彦威,王彦威,小样本,1,8,False,False,0,0.0,0,0.0,0,0.0,0,0.0,0,0.0,0,0.0,0,0.0,0,0.0,0.0,0.0,0.0,0.0,0.0,0.0,0.0,0.0,0.0,0.0,259.0,,,
王德真,王德真,小样本,1,10,False,False,0,0.0,0,0.0,0,0.0,0,0.0,0,0.0,0,0.0,0,0.0,0,0.0,0.0,0.0,0.0,0.0,0.0,0.0,0.0,0.0,0.0,0.0,259.0,,,
王感化,王感化,小样本,3,10,False,False,0,0.0,0,0.0,0,0.0,0,0.0,0,0.0,0,0.0,0,0.0,0,0.0,0.0,0.0,0.0,0.0,0.0,0.0,0.0,0.0,0.0,0.0,259.0,,,
王损之,王损之,小样本,1,12,False,False,0,0.0,0,0.0,0,0.0,0,0.0,0,0.0,0,0.0,0,0.0,0,0.0,0.0,0.0,0.0,0.0,0.0,0.0,0.0,0.0,0.0,0.0,259.0,,,
王揆,王揆,小样本,1,26,False,False,0,0.0,0,0.0,0,0.0,0,0.0,0,0.0,0,0.0,0,0.0,0,0.0,0.0,0.0,0.0,0.0,0.0,0.0,0.0,0.0,0.0,0.0,259.0,,,
王易从,王易从,小样本,1,8,False,False,0,0.0,0,0.0,0,0.0,0,0.0,0,0.0,0,0.0,0,0.0,0,0.0,0.0,0.0,0.0,0.0,0.0,0.0,0.0,0.0,0.0,0.0,259.0,,,
王易简,王易简,小样本,1,4,False,False,0,0.0,0,0.0,0,0.0,0,0.0,0,0.0,0,0.0,0,0.0,0,0.0,0.0,0.0,0.0,0.0,0.0,0.0,0.0,0.0,0.0,0.0,259.0,,,
王景,王景,小样本,1,8,False,False,0,0.0,0,0.0,0,0.0,0,0.0,0,0.0,0,0.0,0,0.0,0,0.0,0.0,0.0,0.0,0.0,0.0,0.0,0.0,0.0,0.0,0.0,259.0,,,
王景中,王景中,小样本,1,12,False,False,0,0.0,0,0.0,0,0.0,0,0.0,0,0.0,0,0.0,0,0.0,0,0.0,0.0,0.0,0.0,0.0,0.0,0.0,0.0,0.0,0.0,0.0,259.0,,,
王枢,王枢,小样本,1,4,False,False,0,0.0,0,0.0,0,0.0,0,0.0,0,0.0,0,0.0,0,0.0,0,0.0,0.0,0.0,0.0,0.0,0.0,0.0,0.0,0.0,0.0,0.0,259.0,,,
王梦周,王梦周,小样本,1,4,False,False,0,0.0,0,0.0,0,0.0,0,0.0,0,0.0,0,0.0,0,0.0,0,0.0,0.0,0.0,0.0,0.0,0.0,0.0,0.0,0.0,0.0,0.0,259.0,,,
王正己,王正己,小样本,2,6,False,False,0,0.0,0,0.0,0,0.0,0,0.0,0,0.0,0,0.0,0,0.0,0,0.0,0.0,0.0,0.0,0.0,0.0,0.0,0.0,0.0,0.0,0.0,259.0,,,
王武陵,王武陵,小样本,2,20,False,False,0,0.0,0,0.0,0,0.0,0,0.0,0,0.0,0,0.0,0,0.0,0,0.0,0.0,0.0,0.0,0.0,0.0,0.0,0.0,0.0,0.0,0.0,259.0,,,
王氏,王氏,小样本,1,4,False,False,0,0.0,0,0.0,0,0.0,0,0.0,0,0.0,0,0.0,0,0.0,0,0.0,0.0,0.0,0.0,0.0,0.0,0.0,0.0,0.0,0.0,0.0,259.0,,,
王氏女,王氏女,小样本,1,4,False,False,0,0.0,0,0.0,0,0.0,0,0.0,0,0.0,0,0.0,0,0.0,0,0.0,0.0,0.0,0.0,0.0,0.0,0.0,0.0,0.0,0.0,0.0,259.0,,,
王沂,王沂,小样本,1,8,False,False,0,0.0,0,0.0,0,0.0,0,0.0,0,0.0,0,0.0,0,0.0,0,0.0,0.0,0.0,0.0,0.0,0.0,0.0,0.0,0.0,0.0,0.0,259.0,,,
王沈,王沈,小样本,2,8,False,False,0,0.0,0,0.0,0,0.0,0,0.0,0,0.0,0,0.0,0,0.0,0,0.0,0.0,0.0,0.0,0.0,0.0,0.0,0.0,0.0,0.0,0.0,259.0,,,
王涣,王涣,小样本,3,64,False,False,0,0.0,0,0.0,0,0.0,0,0.0,0,0.0,0,0.0,0,0.0,0,0.0,0.0,0.0,0.0,0.0,0.0,0.0,0.0,0.0,0.0,0.0,259.0,,,
王涤,王涤,小样本,1,4,False,False,0,0.0,0,0.0,0,0.0,0,0.0,0,0.0,0,0.0,0,0.0,0,0.0,0.0,0.0,0.0,0.0,0.0,0.0,0.0,0.0,0.0,0.0,259.0,,,
王涯,王涯,小样本,8,56,False,False,0,0.0,0,0.0,0,0.0,0,0.0,0,0.0,0,0.0,0,0.0,0,0.0,0.0,0.0,0.0,0.0,0.0,0.0,0.0,0.0,0.0,0.0,259.0,,,
王濯,王濯,小样本,1,12,False,False,0,0.0,0,0.0,0,0.0,0,0.0,0,0.0,0,0.0,0,0.0,0,0.0,0.0,0.0,0.0,0.0,0.0,0.0,0.0,0.0,0.0,0.0,259.0,,,
王炎,王炎,小样本,2,20,False,False,0,0.0,0,0.0,0,0.0,0,0.0,0,0.0,0,0.0,0,0.0,0,0.0,0.0,0.0,0.0,0.0,0.0,0.0,0.0,0.0,0.0,0.0,259.0,,,
王熊,王熊,小样本,1,16,False,False,0,0.0,0,0.0,0,0.0,0,0.0,0,0.0,0,0.0,0,0.0,0,0.0,0.0,0.0,0.0,0.0,0.0,0.0,0.0,0.0,0.0,0.0,259.0,,,
王玄,王玄,小样本,1,4,False,False,0,0.0,0,0.0,0,0.0,0,0.0,0,0.0,0,0.0,0,0.0,0,0.0,0.0,0.0,0.0,0.0,0.0,0.0,0.0,0.0,0.0,0.0,259.0,,,
王瓒,王瓒,小样本,1,20,False,False,0,0.0,0,0.0,0,0.0,0,0.0,0,0.0,0,0.0,0,0.0,0,0.0,0.0,0.0,0.0,0.0,0.0,0.0,0.0,0.0,0.0,0.0,259.0,,,
王甚夷,王甚夷,小样本,2,20,False,False,0,0.0,0,0.0,0,0.0,0,0.0,0,0.0,0,0.0,0,0.0,0,0.0,0.0,0.0,0.0,0.0,0.0,0.0,0.0,0.0,0.0,0.0,259.0,,,
王硕,王硕,小样本,1,4,False,False,0,0.0,0,0.0,0,0.0,0,0.0,0,0.0,0,0.0,0,0.0,0,0.0,0.0,0.0,0.0,0.0,0.0,0.0,0.0,0.0,0.0,0.0,259.0,,,
王福娘,王福娘,小样本,3,12,False,False,0,0.0,0,0.0,0,0.0,0,0.0,0,0.0,0,0.0,0,0.0,0,0.0,0.0,0.0,0.0,0.0,0.0,0.0,0.0,0.0,0.0,0.0,259.0,,,
王约,王约,小样本,1,12,False,False,0,0.0,0,0.0,0,0.0,0,0.0,0,0.0,0,0.0,0,0.0,0,0.0,0.0,0.0,0.0,0.0,0.0,0.0,0.0,0.0,0.0,0.0,259.0,,,
王绍宗,王绍宗,小样本,1,6,False,False,0,0.0,0,0.0,0,0.0,0,0.0,0,0.0,0,0.0,0,0.0,0,0.0,0.0,0.0,0.0,0.0,0.0,0.0,0.0,0.0,0.0,0.0,259.0,,,
王继鹏,王继鹏,小样本,1,4,False,False,0,0.0,0,0.0,0,0.0,0,0.0,0,0.0,0,0.0,0,0.0,0,0.0,0.0,0.0,0.0,0.0,0.0,0.0,0.0,0.0,0.0,0.0,259.0,,,
王绰,王绰,小样本,1,12,False,False,0,0.0,0,0.0,0,0.0,0,0.0,0,0.0,0,0.0,0,0.0,0,0.0,0.0,0.0,0.0,0.0,0.0,0.0,0.0,0.0,0.0,0.0,259.0,,,
王羡门,王羡门,小样本,1,8,False,False,0,0.0,0,0.0,0,0.0,0,0.0,0,0.0,0,0.0,0,0.0,0,0.0,0.0,0.0,0.0,0.0,0.0,0.0,0.0,0.0,0.0,0.0,259.0,,,
王良会,王良会,小样本,1,8,False,False,0,0.0,0,0.0,0,0.0,0,0.0,0,0.0,0,0.0,0,0.0,0,0.0,0.0,0.0,0.0,0.0,0.0,0.0,0.0,0.0,0.0,0.0,259.0,,,
王良士,王良士,小样本,2,20,False,False,0,0.0,0,0.0,0,0.0,0,0.0,0,0.0,0,0.0,0,0.0,0,0.0,0.0,0.0,0.0,0.0,0.0,0.0,0.0,0.0,0.0,0.0,259.0,,,
王苏苏,王苏苏,小样本,1,4,False,False,0,0.0,0,0.0,0,0.0,0,0.0,0,0.0,0,0.0,0,0.0,0,0.0,0.0,0.0,0.0,0.0,0.0,0.0,0.0,0.0,0.0,0.0,259.0,,,
王若岩,王若岩,小样本,1,12,False,False,0,0.0,0,0.0,0,0.0,0,0.0,0,0.0,0,0.0,0,0.0,0,0.0,0.0,0.0,0.0,0.0,0.0,0.0,0.0,0.0,0.0,0.0,259.0,,,
王茂时,王茂时,小样本,1,8,False,False,0,0.0,0,0.0,0,0.0,0,0.0,0,0.0,0,0.0,0,0.0,0,0.0,0.0,0.0,0.0,0.0,0.0,0.0,0.0,0.0,0.0,0.0,259.0,,,
王衍,王衍,小样本,2,5,False,False,0,0.0,0,0.0,0,0.0,0,0.0,0,0.0,0,0.0,0,0.0,0,0.0,0.0,0.0,0.0,0.0,0.0,0.0,0.0,0.0,0.0,0.0,259.0,,,
王观,王观,小样本,1,8,False,False,0,0.0,0,0.0,0,0.0,0,0.0,0,0.0,0,0.0,0,0.0,0,0.0,0.0,0.0,0.0,0.0,0.0,0.0,0.0,0.0,0.0,0.0,259.0,,,
王言史,王言史,小样本,1,20,False,False,0,0.0,0,0.0,0,0.0,0,0.0,0,0.0,0,0.0,0,0.0,0,0.0,0.0,0.0,0.0,0.0,0.0,0.0,0.0,0.0,0.0,0.0,259.0,,,
王训,王训,小样本,2,16,False,False,0,0.0,0,0.0,0,0.0,0,0.0,0,0.0,0,0.0,0,0.0,0,0.0,0.0,0.0,0.0,0.0,0.0,0.0,0.0,0.0,0.0,0.0,259.0,,,
王质,王质,小样本,1,12,False,False,0,0.0,0,0.0,0,0.0,0,0.0,0,0.0,0,0.0,0,0.0,0,0.0,0.0,0.0,0.0,0.0,0.0,0.0,0.0,0.0,0.0,0.0,259.0,,,
王越宾,王越宾,小样本,1,4,False,False,0,0.0,0,0.0,0,0.0,0,0.0,0,0.0,0,0.0,0,0.0,0,0.0,0.0,0.0,0.0,0.0,0.0,0.0,0.0,0.0,0.0,0.0,259.0,,,
王轩,王轩,小样本,3,16,False,False,0,0.0,0,0.0,0,0.0,0,0.0,0,0.0,0,0.0,0,0.0,0,0.0,0.0,0.0,0.0,0.0,0.0,0.0,0.0,0.0,0.0,0.0,259.0,,,
王迥,王迥,小样本,1,6,False,False,0,0.0,0,0.0,0,0.0,0,0.0,0,0.0,0,0.0,0,0.0,0,0.0,0.0,0.0,0.0,0.0,0.0,0.0,0.0,0.0,0.0,0.0,259.0,,,
王適,王適,小样本,7,78,False,False,0,0.0,0,0.0,0,0.0,0,0.0,0,0.0,0,0.0,0,0.0,0,0.0,0.0,0.0,0.0,0.0,0.0,0.0,0.0,0.0,0.0,0.0,259.0,,,
王邕,王邕,小样本,2,24,False,False,0,0.0,0,0.0,0,0.0,0,0.0,0,0.0,0,0.0,0,0.0,0,0.0,0.0,0.0,0.0,0.0,0.0,0.0,0.0,0.0,0.0,0.0,259.0,,,
王邵,王邵,小样本,1,8,False,False,0,0.0,0,0.0,0,0.0,0,0.0,0,0.0,0,0.0,0,0.0,0,0.0,0.0,0.0,0.0,0.0,0.0,0.0,0.0,0.0,0.0,0.0,259.0,,,
王鉴,王鉴,小样本,1,12,False,False,0,0.0,0,0.0,0,0.0,0,0.0,0,0.0,0,0.0,0,0.0,0,0.0,0.0,0.0,0.0,0.0,0.0,0.0,0.0,0.0,0.0,0.0,259.0,,,
王铤,王铤,小样本,1,8,False,False,0,0.0,0,0.0,0,0.0,0,0.0,0,0.0,0,0.0,0,0.0,0,0.0,0.0,0.0,0.0,0.0,0.0,0.0,0.0,0.0,0.0,0.0,259.0,,,
王镕,王镕,小样本,1,16,False,False,0,0.0,0,0.0,0,0.0,0,0.0,0,0.0,0,0.0,0,0.0,0,0.0,0.0,0.0,0.0,0.0,0.0,0.0,0.0,0.0,0.0,0.0,259.0,,,
王霞卿,王霞卿,小样本,2,8,False,False,0,0.0,0,0.0,0,0.0,0,0.0,0,0.0,0,0.0,0,0.0,0,0.0,0.0,0.0,0.0,0.0,0.0,0.0,0.0,0.0,0.0,0.0,259.0,,,
王韫秀,王韫秀,小样本,3,12,False,False,0,0.0,0,0.0,0,0.0,0,0.0,0,0.0,0,0.0,0,0.0,0,0.0,0.0,0.0,0.0,0.0,0.0,0.0,0.0,0.0,0.0,0.0,259.0,,,
王驾,王驾,小样本,7,36,False,False,0,0.0,0,0.0,0,0.0,0,0.0,0,0.0,0,0.0,0,0.0,0,0.0,0.0,0.0,0.0,0.0,0.0,0.0,0.0,0.0,0.0,0.0,259.0,,,
王鲁,王鲁,小样本,1,2,False,False,0,0.0,0,0.0,0,0.0,0,0.0,0,0.0,0,0.0,0,0.0,0,0.0,0.0,0.0,0.0,0.0,0.0,0.0,0.0,0.0,0.0,0.0,259.0,,,
理莹,理莹,小样本,1,20,False,False,0,0.0,0,0.0,0,0.0,0,0.0,0,0.0,0,0.0,0,0.0,0,0.0,0.0,0.0,0.0,0.0,0.0,0.0,0.0,0.0,0.0,0.0,259.0,,,
甄后,甄后,小样本,1,4,False,False,0,0.0,0,0.0,0,0.0,0,0.0,0,0.0,0,0.0,0,0.0,0,0.0,0.0,0.0,0.0,0.0,0.0,0.0,0.0,0.0,0.0,0.0,259.0,,,
甘洽,甘洽,小样本,1,8,False,False,0,0.0,0,0.0,0,0.0,0,0.0,0,0.0,0,0.0,0,0.0,0,0.0,0.0,0.0,0.0,0.0,0.0,0.0,0.0,0.0,0.0,0.0,259.0,,,
甘露寺鬼,甘露寺鬼,小样本,1,16,False,False,0,0.0,0,0.0,0,0.0,0,0.0,0,0.0,0,0.0,0,0.0,0,0.0,0.0,0.0,0.0,0.0,0.0,0.0,0.0,0.0,0.0,0.0,259.0,,,
田游岩,田游岩,小样本,1,12,False,False,0,0.0,0,0.0,0,0.0,0,0.0,0,0.0,0,0.0,0,0.0,0,0.0,0.0,0.0,0.0,0.0,0.0,0.0,0.0,0.0,0.0,0.0,259.0,,,
田澄,田澄,小样本,1,8,False,False,0,0.0,0,0.0,0,0.0,0,0.0,0,0.0,0,0.0,0,0.0,0,0.0,0.0,0.0,0.0,0.0,0.0,0.0,0.0,0.0,0.0,0.0,259.0,,,
田章,田章,小样本,1,8,False,False,0,0.0,0,0.0,0,0.0,0,0.0,0,0.0,0,0.0,0,0.0,0,0.0,0.0,0.0,0.0,0.0,0.0,0.0,0.0,0.0,0.0,0.0,259.0,,,
田达诚宅鬼,田达诚宅鬼,小样本,1,4,False,False,0,0.0,0,0.0,0,0.0,0,0.0,0,0.0,0,0.0,0,0.0,0,0.0,0.0,0.0,0.0,0.0,0.0,0.0,0.0,0.0,0.0,0.0,259.0,,,
申欢,申欢,小样本,1,4,False,False,0,0.0,0,0.0,0,0.0,0,0.0,0,0.0,0,0.0,0,0.0,0,0.0,0.0,0.0,0.0,0.0,0.0,0.0,0.0,0.0,0.0,0.0,259.0,,,
畅甫,畅甫,小样本,1,8,False,False,0,0.0,0,0.0,0,0.0,0,0.0,0,0.0,0,0.0,0,0.0,0,0.0,0.0,0.0,0.0,0.0,0.0,0.0,0.0,0.0,0.0,0.0,259.0,,,
畅诸,畅诸,小样本,1,8,False,False,0,0.0,0,0.0,0,0.0,0,0.0,0,0.0,0,0.0,0,0.0,0,0.0,0.0,0.0,0.0,0.0,0.0,0.0,0.0,0.0,0.0,0.0,259.0,,,
白衫举子,白衫举子,小样本,1,4,False,False,0,0.0,0,0.0,0,0.0,0,0.0,0,0.0,0,0.0,0,0.0,0,0.0,0.0,0.0,0.0,0.0,0.0,0.0,0.0,0.0,0.0,0.0,259.0,,,
皇甫大夫,皇甫大夫,小样本,1,8,False,False,0,0.0,0,0.0,0,0.0,0,0.0,0,0.0,0,0.0,0,0.0,0,0.0,0.0,0.0,0.0,0.0,0.0,0.0,0.0,0.0,0.0,0.0,259.0,,,
皇甫澈,皇甫澈,小样本,4,48,False,False,0,0.0,0,0.0,0,0.0,0,0.0,0,0.0,0,0.0,0,0.0,0,0.0,0.0,0.0,0.0,0.0,0.0,0.0,0.0,0.0,0.0,0.0,259.0,,,
皇甫镛,皇甫镛,小样本,1,4,False,False,0,0.0,0,0.0,0,0.0,0,0.0,0,0.0,0,0.0,0,0.0,0,0.0,0.0,0.0,0.0,0.0,0.0,0.0,0.0,0.0,0.0,0.0,259.0,,,
盛小丛,盛小丛,小样本,1,4,False,False,0,0.0,0,0.0,0,0.0,0,0.0,0,0.0,0,0.0,0,0.0,0,0.0,0.0,0.0,0.0,0.0,0.0,0.0,0.0,0.0,0.0,0.0,259.0,,,
省吏,省吏,小样本,1,4,False,False,0,0.0,0,0.0,0,0.0,0,0.0,0,0.0,0,0.0,0,0.0,0,0.0,0.0,0.0,0.0,0.0,0.0,0.0,0.0,0.0,0.0,0.0,259.0,,,
知业,知业,小样本,1,2,False,False,0,0.0,0,0.0,0,0.0,0,0.0,0,0.0,0,0.0,0,0.0,0,0.0,0.0,0.0,0.0,0.0,0.0,0.0,0.0,0.0,0.0,0.0,259.0,,,
石召,石召,小样本,2,12,False,False,0,0.0,0,0.0,0,0.0,0,0.0,0,0.0,0,0.0,0,0.0,0,0.0,0.0,0.0,0.0,0.0,0.0,0.0,0.0,0.0,0.0,0.0,259.0,,,
石季武,石季武,小样本,1,4,False,False,0,0.0,0,0.0,0,0.0,0,0.0,0,0.0,0,0.0,0,0.0,0,0.0,0.0,0.0,0.0,0.0,0.0,0.0,0.0,0.0,0.0,0.0,259.0,,,
石惠泰,石惠泰,小样本,1,4,False,False,0,0.0,0,0.0,0,0.0,0,0.0,0,0.0,0,0.0,0,0.0,0,0.0,0.0,0.0,0.0,0.0,0.0,0.0,0.0,0.0,0.0,0.0,259.0,,,
石抱忠,石抱忠,小样本,1,8,False,False,0,0.0,0,0.0,0,0.0,0,0.0,0,0.0,0,0.0,0,0.0,0,0.0,0.0,0.0,0.0,0.0,0.0,0.0,0.0,0.0,0.0,0.0,259.0,,,
石殷士,石殷士,小样本,2,24,False,False,0,0.0,0,0.0,0,0.0,0,0.0,0,0.0,0,0.0,0,0.0,0,0.0,0.0,0.0,0.0,0.0,0.0,0.0,0.0,0.0,0.0,0.0,259.0,,,
石贯,石贯,小样本,1,8,False,False,0,0.0,0,0.0,0,0.0,0,0.0,0,0.0,0,0.0,0,0.0,0,0.0,0.0,0.0,0.0,0.0,0.0,0.0,0.0,0.0,0.0,0.0,259.0,,,
祝元膺,祝元膺,小样本,4,16,False,False,0,0.0,0,0.0,0,0.0,0,0.0,0,0.0,0,0.0,0,0.0,0,0.0,0.0,0.0,0.0,0.0,0.0,0.0,0.0,0.0,0.0,0.0,259.0,,,
祝钦明,祝钦明,小样本,2,16,False,False,0,0.0,0,0.0,0,0.0,0,0.0,0,0.0,0,0.0,0,0.0,0,0.0,0.0,0.0,0.0,0.0,0.0,0.0,0.0,0.0,0.0,0.0,259.0,,,
神迥,神迥,小样本,1,2,False,False,0,0.0,0,0.0,0,0.0,0,0.0,0,0.0,0,0.0,0,0.0,0,0.0,0.0,0.0,0.0,0.0,0.0,0.0,0.0,0.0,0.0,0.0,259.0,,,
神颖,神颖,小样本,2,24,False,False,0,0.0,0,0.0,0,0.0,0,0.0,0,0.0,0,0.0,0,0.0,0,0.0,0.0,0.0,0.0,0.0,0.0,0.0,0.0,0.0,0.0,0.0,259.0,,,
神龙从臣,神龙从臣,小样本,1,4,False,False,0,0.0,0,0.0,0,0.0,0,0.0,0,0.0,0,0.0,0,0.0,0,0.0,0.0,0.0,0.0,0.0,0.0,0.0,0.0,0.0,0.0,0.0,259.0,,,
秃帚,秃帚,小样本,1,4,False,False,0,0.0,0,0.0,0,0.0,0,0.0,0,0.0,0,0.0,0,0.0,0,0.0,0.0,0.0,0.0,0.0,0.0,0.0,0.0,0.0,0.0,0.0,259.0,,,
秦尚运,秦尚运,小样本,1,4,False,False,0,0.0,0,0.0,0,0.0,0,0.0,0,0.0,0,0.0,0,0.0,0,0.0,0.0,0.0,0.0,0.0,0.0,0.0,0.0,0.0,0.0,0.0,259.0,,,
秾华,秾华,小样本,1,2,False,False,0,0.0,0,0.0,0,0.0,0,0.0,0,0.0,0,0.0,0,0.0,0,0.0,0.0,0.0,0.0,0.0,0.0,0.0,0.0,0.0,0.0,0.0,259.0,,,
程弥纶,程弥纶,小样本,1,7,False,False,0,0.0,0,0.0,0,0.0,0,0.0,0,0.0,0,0.0,0,0.0,0,0.0,0.0,0.0,0.0,0.0,0.0,0.0,0.0,0.0,0.0,0.0,259.0,,,
程氏长文,程氏长文,小样本,1,8,False,False,0,0.0,0,0.0,0,0.0,0,0.0,0,0.0,0,0.0,0,0.0,0,0.0,0.0,0.0,0.0,0.0,0.0,0.0,0.0,0.0,0.0,0.0,259.0,,,
程洛宾,程洛宾,小样本,1,4,False,False,0,0.0,0,0.0,0,0.0,0,0.0,0,0.0,0,0.0,0,0.0,0,0.0,0.0,0.0,0.0,0.0,0.0,0.0,0.0,0.0,0.0,0.0,259.0,,,
程行谌,程行谌,小样本,1,12,False,False,0,0.0,0,0.0,0,0.0,0,0.0,0,0.0,0,0.0,0,0.0,0,0.0,0.0,0.0,0.0,0.0,0.0,0.0,0.0,0.0,0.0,0.0,259.0,,,
程贺,程贺,小样本,1,4,False,False,0,0.0,0,0.0,0,0.0,0,0.0,0,0.0,0,0.0,0,0.0,0,0.0,0.0,0.0,0.0,0.0,0.0,0.0,0.0,0.0,0.0,0.0,259.0,,,
穆寂,穆寂,小样本,2,24,False,False,0,0.0,0,0.0,0,0.0,0,0.0,0,0.0,0,0.0,0,0.0,0,0.0,0.0,0.0,0.0,0.0,0.0,0.0,0.0,0.0,0.0,0.0,259.0,,,
窦希玠,窦希玠,小样本,1,8,False,False,0,0.0,0,0.0,0,0.0,0,0.0,0,0.0,0,0.0,0,0.0,0,0.0,0.0,0.0,0.0,0.0,0.0,0.0,0.0,0.0,0.0,0.0,259.0,,,
窦弘馀,窦弘馀,小样本,1,8,False,False,0,0.0,0,0.0,0,0.0,0,0.0,0,0.0,0,0.0,0,0.0,0,0.0,0.0,0.0,0.0,0.0,0.0,0.0,0.0,0.0,0.0,0.0,259.0,,,
窦昉,窦昉,小样本,1,12,False,False,0,0.0,0,0.0,0,0.0,0,0.0,0,0.0,0,0.0,0,0.0,0,0.0,0.0,0.0,0.0,0.0,0.0,0.0,0.0,0.0,0.0,0.0,259.0,,,
窦梁宾,窦梁宾,小样本,2,8,False,False,0,0.0,0,0.0,0,0.0,0,0.0,0,0.0,0,0.0,0,0.0,0,0.0,0.0,0.0,0.0,0.0,0.0,0.0,0.0,0.0,0.0,0.0,259.0,,,
窦洵直,窦洵直,小样本,1,12,False,False,0,0.0,0,0.0,0,0.0,0,0.0,0,0.0,0,0.0,0,0.0,0,0.0,0.0,0.0,0.0,0.0,0.0,0.0,0.0,0.0,0.0,0.0,259.0,,,
窦裕,窦裕,小样本,1,4,False,False,0,0.0,0,0.0,0,0.0,0,0.0,0,0.0,0,0.0,0,0.0,0,0.0,0.0,0.0,0.0,0.0,0.0,0.0,0.0,0.0,0.0,0.0,259.0,,,
章八元,章八元,小样本,6,44,False,False,0,0.0,0,0.0,0,0.0,0,0.0,0,0.0,0,0.0,0,0.0,0,0.0,0.0,0.0,0.0,0.0,0.0,0.0,0.0,0.0,0.0,0.0,259.0,,,
章江书生,章江书生,小样本,1,4,False,False,0,0.0,0,0.0,0,0.0,0,0.0,0,0.0,0,0.0,0,0.0,0,0.0,0.0,0.0,0.0,0.0,0.0,0.0,0.0,0.0,0.0,0.0,259.0,,,
章玄同,章玄同,小样本,1,4,False,False,0,0.0,0,0.0,0,0.0,0,0.0,0,0.0,0,0.0,0,0.0,0,0.0,0.0,0.0,0.0,0.0,0.0,0.0,0.0,0.0,0.0,0.0,259.0,,,
童翰卿,童翰卿,小样本,2,16,False,False,0,0.0,0,0.0,0,0.0,0,0.0,0,0.0,0,0.0,0,0.0,0,0.0,0.0,0.0,0.0,0.0,0.0,0.0,0.0,0.0,0.0,0.0,259.0,,,
符子珪,符子珪,小样本,1,8,False,False,0,0.0,0,0.0,0,0.0,0,0.0,0,0.0,0,0.0,0,0.0,0,0.0,0.0,0.0,0.0,0.0,0.0,0.0,0.0,0.0,0.0,0.0,259.0,,,
符载,符载,小样本,3,10,False,False,0,0.0,0,0.0,0,0.0,0,0.0,0,0.0,0,0.0,0,0.0,0,0.0,0.0,0.0,0.0,0.0,0.0,0.0,0.0,0.0,0.0,0.0,259.0,,,
紫微孙处士,紫微孙处士,小样本,2,8,False,False,0,0.0,0,0.0,0,0.0,0,0.0,0,0.0,0,0.0,0,0.0,0,0.0,0.0,0.0,0.0,0.0,0.0,0.0,0.0,0.0,0.0,0.0,259.0,,,
綦毋诚,綦毋诚,小样本,1,8,False,False,0,0.0,0,0.0,0,0.0,0,0.0,0,0.0,0,0.0,0,0.0,0,0.0,0.0,0.0,0.0,0.0,0.0,0.0,0.0,0.0,0.0,0.0,259.0,,,
红绡妓,红绡妓,小样本,1,4,False,False,0,0.0,0,0.0,0,0.0,0,0.0,0,0.0,0,0.0,0,0.0,0,0.0,0.0,0.0,0.0,0.0,0.0,0.0,0.0,0.0,0.0,0.0,259.0,,,
纥干著,纥干著,小样本,4,16,False,False,0,0.0,0,0.0,0,0.0,0,0.0,0,0.0,0,0.0,0,0.0,0,0.0,0.0,0.0,0.0,0.0,0.0,0.0,0.0,0.0,0.0,0.0,259.0,,,
纥干讽,纥干讽,小样本,1,12,False,False,0,0.0,0,0.0,0,0.0,0,0.0,0,0.0,0,0.0,0,0.0,0,0.0,0.0,0.0,0.0,0.0,0.0,0.0,0.0,0.0,0.0,0.0,259.0,,,
纪元皋,纪元皋,小样本,1,12,False,False,0,0.0,0,0.0,0,0.0,0,0.0,0,0.0,0,0.0,0,0.0,0,0.0,0.0,0.0,0.0,0.0,0.0,0.0,0.0,0.0,0.0,0.0,259.0,,,
纪唐夫,纪唐夫,小样本,4,32,False,False,0,0.0,0,0.0,0,0.0,0,0.0,0,0.0,0,0.0,0,0.0,0,0.0,0.0,0.0,0.0,0.0,0.0,0.0,0.0,0.0,0.0,0.0,259.0,,,
织女,织女,小样本,2,16,False,False,0,0.0,0,0.0,0,0.0,0,0.0,0,0.0,0,0.0,0,0.0,0,0.0,0.0,0.0,0.0,0.0,0.0,0.0,0.0,0.0,0.0,0.0,259.0,,,
织绡女,织绡女,小样本,1,4,False,False,0,0.0,0,0.0,0,0.0,0,0.0,0,0.0,0,0.0,0,0.0,0,0.0,0.0,0.0,0.0,0.0,0.0,0.0,0.0,0.0,0.0,0.0,259.0,,,
织锦人,织锦人,小样本,2,6,False,False,0,0.0,0,0.0,0,0.0,0,0.0,0,0.0,0,0.0,0,0.0,0,0.0,0.0,0.0,0.0,0.0,0.0,0.0,0.0,0.0,0.0,0.0,259.0,,,
终南山翁,终南山翁,小样本,1,4,False,False,0,0.0,0,0.0,0,0.0,0,0.0,0,0.0,0,0.0,0,0.0,0,0.0,0.0,0.0,0.0,0.0,0.0,0.0,0.0,0.0,0.0,0.0,259.0,,,
缪氏子,缪氏子,小样本,1,4,False,False,0,0.0,0,0.0,0,0.0,0,0.0,0,0.0,0,0.0,0,0.0,0,0.0,0.0,0.0,0.0,0.0,0.0,0.0,0.0,0.0,0.0,0.0,259.0,,,
罗泰,罗泰,小样本,1,12,False,False,0,0.0,0,0.0,0,0.0,0,0.0,0,0.0,0,0.0,0,0.0,0,0.0,0.0,0.0,0.0,0.0,0.0,0.0,0.0,0.0,0.0,0.0,259.0,,,
罗立言,罗立言,小样本,1,12,False,False,0,0.0,0,0.0,0,0.0,0,0.0,0,0.0,0,0.0,0,0.0,0,0.0,0.0,0.0,0.0,0.0,0.0,0.0,0.0,0.0,0.0,0.0,259.0,,,
罗维,罗维,小样本,1,12,False,False,0,0.0,0,0.0,0,0.0,0,0.0,0,0.0,0,0.0,0,0.0,0,0.0,0.0,0.0,0.0,0.0,0.0,0.0,0.0,0.0,0.0,0.0,259.0,,,
罗衮,罗衮,小样本,3,24,False,False,0,0.0,0,0.0,0,0.0,0,0.0,0,0.0,0,0.0,0,0.0,0,0.0,0.0,0.0,0.0,0.0,0.0,0.0,0.0,0.0,0.0,0.0,259.0,,,
罗让,罗让,小样本,2,24,False,False,0,0.0,0,0.0,0,0.0,0,0.0,0,0.0,0,0.0,0,0.0,0,0.0,0.0,0.0,0.0,0.0,0.0,0.0,0.0,0.0,0.0,0.0,259.0,,,
罗颖,罗颖,小样本,1,2,False,False,0,0.0,0,0.0,0,0.0,0,0.0,0,0.0,0,0.0,0,0.0,0,0.0,0.0,0.0,0.0,0.0,0.0,0.0,0.0,0.0,0.0,0.0,259.0,,,
羊滔,羊滔,小样本,1,24,False,False,0,0.0,0,0.0,0,0.0,0,0.0,0,0.0,0,0.0,0,0.0,0,0.0,0.0,0.0,0.0,0.0,0.0,0.0,0.0,0.0,0.0,0.0,259.0,,,
翁宏,翁宏,小样本,4,30,False,False,0,0.0,0,0.0,0,0.0,0,0.0,0,0.0,0,0.0,0,0.0,0,0.0,0.0,0.0,0.0,0.0,0.0,0.0,0.0,0.0,0.0,0.0,259.0,,,
翁洮,翁洮,稳健样本,13,108,True,False,0,0.0,0,0.0,0,0.0,0,0.0,0,0.0,0,0.0,0,0.0,0,0.0,0.0,0.0,0.0,0.0,0.0,0.0,0.0,0.0,0.0,0.0,259.0,169.0,122.0,155.0
耿玉真,耿玉真,小样本,1,8,False,False,0,0.0,0,0.0,0,0.0,0,0.0,0,0.0,0,0.0,0,0.0,0,0.0,0.0,0.0,0.0,0.0,0.0,0.0,0.0,0.0,0.0,0.0,259.0,,,
胡令能,胡令能,小样本,4,16,False,False,0,0.0,0,0.0,0,0.0,0,0.0,0,0.0,0,0.0,0,0.0,0,0.0,0.0,0.0,0.0,0.0,0.0,0.0,0.0,0.0,0.0,0.0,259.0,,,
胡传美,胡传美,小样本,1,8,False,False,0,0.0,0,0.0,0,0.0,0,0.0,0,0.0,0,0.0,0,0.0,0,0.0,0.0,0.0,0.0,0.0,0.0,0.0,0.0,0.0,0.0,0.0,259.0,,,
胡元范,胡元范,小样本,1,24,False,False,0,0.0,0,0.0,0,0.0,0,0.0,0,0.0,0,0.0,0,0.0,0,0.0,0.0,0.0,0.0,0.0,0.0,0.0,0.0,0.0,0.0,0.0,259.0,,,
胡幽贞,胡幽贞,小样本,2,8,False,False,0,0.0,0,0.0,0,0.0,0,0.0,0,0.0,0,0.0,0,0.0,0,0.0,0.0,0.0,0.0,0.0,0.0,0.0,0.0,0.0,0.0,0.0,259.0,,,
胡权,胡权,小样本,1,12,False,False,0,0.0,0,0.0,0,0.0,0,0.0,0,0.0,0,0.0,0,0.0,0,0.0,0.0,0.0,0.0,0.0,0.0,0.0,0.0,0.0,0.0,0.0,259.0,,,
胡杲,胡杲,小样本,1,12,False,False,0,0.0,0,0.0,0,0.0,0,0.0,0,0.0,0,0.0,0,0.0,0,0.0,0.0,0.0,0.0,0.0,0.0,0.0,0.0,0.0,0.0,0.0,259.0,,,
胡直钧,胡直钧,小样本,1,12,False,False,0,0.0,0,0.0,0,0.0,0,0.0,0,0.0,0,0.0,0,0.0,0,0.0,0.0,0.0,0.0,0.0,0.0,0.0,0.0,0.0,0.0,0.0,259.0,,,
胡证,胡证,小样本,2,10,False,False,0,0.0,0,0.0,0,0.0,0,0.0,0,0.0,0,0.0,0,0.0,0,0.0,0.0,0.0,0.0,0.0,0.0,0.0,0.0,0.0,0.0,0.0,259.0,,,
胡雄,胡雄,小样本,2,8,False,False,0,0.0,0,0.0,0,0.0,0,0.0,0,0.0,0,0.0,0,0.0,0,0.0,0.0,0.0,0.0,0.0,0.0,0.0,0.0,0.0,0.0,0.0,259.0,,,
胡骈,胡骈,小样本,1,8,False,False,0,0.0,0,0.0,0,0.0,0,0.0,0,0.0,0,0.0,0,0.0,0,0.0,0.0,0.0,0.0,0.0,0.0,0.0,0.0,0.0,0.0,0.0,259.0,,,
胥偃,胥偃,小样本,1,2,False,False,0,0.0,0,0.0,0,0.0,0,0.0,0,0.0,0,0.0,0,0.0,0,0.0,0.0,0.0,0.0,0.0,0.0,0.0,0.0,0.0,0.0,0.0,259.0,,,
舞柘枝女,舞柘枝女,小样本,1,4,False,False,0,0.0,0,0.0,0,0.0,0,0.0,0,0.0,0,0.0,0,0.0,0,0.0,0.0,0.0,0.0,0.0,0.0,0.0,0.0,0.0,0.0,0.0,259.0,,,
良乂,良乂,小样本,1,4,False,False,0,0.0,0,0.0,0,0.0,0,0.0,0,0.0,0,0.0,0,0.0,0,0.0,0.0,0.0,0.0,0.0,0.0,0.0,0.0,0.0,0.0,0.0,259.0,,,
芮挺章,芮挺章,小样本,2,16,False,False,0,0.0,0,0.0,0,0.0,0,0.0,0,0.0,0,0.0,0,0.0,0,0.0,0.0,0.0,0.0,0.0,0.0,0.0,0.0,0.0,0.0,0.0,259.0,,,
苏味道,苏味道,稳健样本,15,166,True,False,0,0.0,0,0.0,0,0.0,0,0.0,0,0.0,0,0.0,0,0.0,0,0.0,0.0,0.0,0.0,0.0,0.0,0.0,0.0,0.0,0.0,0.0,259.0,169.0,122.0,155.0
苏晋,苏晋,小样本,2,28,False,False,0,0.0,0,0.0,0,0.0,0,0.0,0,0.0,0,0.0,0,0.0,0,0.0,0.0,0.0,0.0,0.0,0.0,0.0,0.0,0.0,0.0,0.0,259.0,,,
苏检,苏检,小样本,1,4,False,False,0,0.0,0,0.0,0,0.0,0,0.0,0,0.0,0,0.0,0,0.0,0,0.0,0.0,0.0,0.0,0.0,0.0,0.0,0.0,0.0,0.0,0.0,259.0,,,
苏源明,苏源明,小样本,2,22,False,False,0,0.0,0,0.0,0,0.0,0,0.0,0,0.0,0,0.0,0,0.0,0,0.0,0.0,0.0,0.0,0.0,0.0,0.0,0.0,0.0,0.0,0.0,259.0,,,
苏瑰,苏瑰,小样本,2,16,False,False,0,0.0,0,0.0,0,0.0,0,0.0,0,0.0,0,0.0,0,0.0,0,0.0,0.0,0.0,0.0,0.0,0.0,0.0,0.0,0.0,0.0,0.0,259.0,,,
苏绾,苏绾,小样本,1,8,False,False,0,0.0,0,0.0,0,0.0,0,0.0,0,0.0,0,0.0,0,0.0,0,0.0,0.0,0.0,0.0,0.0,0.0,0.0,0.0,0.0,0.0,0.0,259.0,,,
苏芸,苏芸,小样本,1,2,False,False,0,0.0,0,0.0,0,0.0,0,0.0,0,0.0,0,0.0,0,0.0,0,0.0,0.0,0.0,0.0,0.0,0.0,0.0,0.0,0.0,0.0,0.0,259.0,,,
苑gT,苑gT,小样本,1,12,False,False,0,0.0,0,0.0,0,0.0,0,0.0,0,0.0,0,0.0,0,0.0,0,0.0,0.0,0.0,0.0,0.0,0.0,0.0,0.0,0.0,0.0,0.0,259.0,,,
苑咸,苑咸,小样本,2,16,False,False,0,0.0,0,0.0,0,0.0,0,0.0,0,0.0,0,0.0,0,0.0,0,0.0,0.0,0.0,0.0,0.0,0.0,0.0,0.0,0.0,0.0,0.0,259.0,,,
苗仲方,苗仲方,小样本,1,12,False,False,0,0.0,0,0.0,0,0.0,0,0.0,0,0.0,0,0.0,0,0.0,0,0.0,0.0,0.0,0.0,0.0,0.0,0.0,0.0,0.0,0.0,0.0,259.0,,,
苗发,苗发,小样本,2,16,False,False,0,0.0,0,0.0,0,0.0,0,0.0,0,0.0,0,0.0,0,0.0,0,0.0,0.0,0.0,0.0,0.0,0.0,0.0,0.0,0.0,0.0,0.0,259.0,,,
苗晋卿,苗晋卿,小样本,1,16,False,False,0,0.0,0,0.0,0,0.0,0,0.0,0,0.0,0,0.0,0,0.0,0,0.0,0.0,0.0,0.0,0.0,0.0,0.0,0.0,0.0,0.0,0.0,259.0,,,
若水,若水,小样本,1,8,False,False,0,0.0,0,0.0,0,0.0,0,0.0,0,0.0,0,0.0,0,0.0,0,0.0,0.0,0.0,0.0,0.0,0.0,0.0,0.0,0.0,0.0,0.0,259.0,,,
若耶溪女子,若耶溪女子,小样本,1,4,False,False,0,0.0,0,0.0,0,0.0,0,0.0,0,0.0,0,0.0,0,0.0,0,0.0,0.0,0.0,0.0,0.0,0.0,0.0,0.0,0.0,0.0,0.0,259.0,,,
范元凯,范元凯,小样本,1,4,False,False,0,0.0,0,0.0,0,0.0,0,0.0,0,0.0,0,0.0,0,0.0,0,0.0,0.0,0.0,0.0,0.0,0.0,0.0,0.0,0.0,0.0,0.0,259.0,,,
范夜,范夜,小样本,1,4,False,False,0,0.0,0,0.0,0,0.0,0,0.0,0,0.0,0,0.0,0,0.0,0,0.0,0.0,0.0,0.0,0.0,0.0,0.0,0.0,0.0,0.0,0.0,259.0,,,
范尧佐,范尧佐,小样本,1,8,False,False,0,0.0,0,0.0,0,0.0,0,0.0,0,0.0,0,0.0,0,0.0,0,0.0,0.0,0.0,0.0,0.0,0.0,0.0,0.0,0.0,0.0,0.0,259.0,,,
范朝,范朝,小样本,2,16,False,False,0,0.0,0,0.0,0,0.0,0,0.0,0,0.0,0,0.0,0,0.0,0,0.0,0.0,0.0,0.0,0.0,0.0,0.0,0.0,0.0,0.0,0.0,259.0,,,
范灯,范灯,小样本,2,9,False,False,0,0.0,0,0.0,0,0.0,0,0.0,0,0.0,0,0.0,0,0.0,0,0.0,0.0,0.0,0.0,0.0,0.0,0.0,0.0,0.0,0.0,0.0,259.0,,,
荆人,荆人,小样本,1,4,False,False,0,0.0,0,0.0,0,0.0,0,0.0,0,0.0,0,0.0,0,0.0,0,0.0,0.0,0.0,0.0,0.0,0.0,0.0,0.0,0.0,0.0,0.0,259.0,,,
荆冬倩,荆冬倩,小样本,1,8,False,False,0,0.0,0,0.0,0,0.0,0,0.0,0,0.0,0,0.0,0,0.0,0,0.0,0.0,0.0,0.0,0.0,0.0,0.0,0.0,0.0,0.0,0.0,259.0,,,
荆叔,荆叔,小样本,1,4,False,False,0,0.0,0,0.0,0,0.0,0,0.0,0,0.0,0,0.0,0,0.0,0,0.0,0.0,0.0,0.0,0.0,0.0,0.0,0.0,0.0,0.0,0.0,259.0,,,
荆州僧,荆州僧,小样本,1,1,False,False,0,0.0,0,0.0,0,0.0,0,0.0,0,0.0,0,0.0,0,0.0,0,0.0,0.0,0.0,0.0,0.0,0.0,0.0,0.0,0.0,0.0,0.0,259.0,,,
荆浩,荆浩,小样本,1,8,False,False,0,0.0,0,0.0,0,0.0,0,0.0,0,0.0,0,0.0,0,0.0,0,0.0,0.0,0.0,0.0,0.0,0.0,0.0,0.0,0.0,0.0,0.0,259.0,,,
莲花妓,莲花妓,小样本,1,4,False,False,0,0.0,0,0.0,0,0.0,0,0.0,0,0.0,0,0.0,0,0.0,0,0.0,0.0,0.0,0.0,0.0,0.0,0.0,0.0,0.0,0.0,0.0,259.0,,,
萧华,萧华,小样本,1,16,False,False,0,0.0,0,0.0,0,0.0,0,0.0,0,0.0,0,0.0,0,0.0,0,0.0,0.0,0.0,0.0,0.0,0.0,0.0,0.0,0.0,0.0,0.0,259.0,,,
萧妃,萧妃,小样本,1,6,False,False,0,0.0,0,0.0,0,0.0,0,0.0,0,0.0,0,0.0,0,0.0,0,0.0,0.0,0.0,0.0,0.0,0.0,0.0,0.0,0.0,0.0,0.0,259.0,,,
萧嵩,萧嵩,小样本,2,28,False,False,0,0.0,0,0.0,0,0.0,0,0.0,0,0.0,0,0.0,0,0.0,0,0.0,0.0,0.0,0.0,0.0,0.0,0.0,0.0,0.0,0.0,0.0,259.0,,,
萧建,萧建,小样本,1,4,False,False,0,0.0,0,0.0,0,0.0,0,0.0,0,0.0,0,0.0,0,0.0,0,0.0,0.0,0.0,0.0,0.0,0.0,0.0,0.0,0.0,0.0,0.0,259.0,,,
萧彧,萧彧,小样本,2,16,False,False,0,0.0,0,0.0,0,0.0,0,0.0,0,0.0,0,0.0,0,0.0,0,0.0,0.0,0.0,0.0,0.0,0.0,0.0,0.0,0.0,0.0,0.0,259.0,,,
萧德言,萧德言,小样本,1,4,False,False,0,0.0,0,0.0,0,0.0,0,0.0,0,0.0,0,0.0,0,0.0,0,0.0,0.0,0.0,0.0,0.0,0.0,0.0,0.0,0.0,0.0,0.0,259.0,,,
萧意,萧意,小样本,1,4,False,False,0,0.0,0,0.0,0,0.0,0,0.0,0,0.0,0,0.0,0,0.0,0,0.0,0.0,0.0,0.0,0.0,0.0,0.0,0.0,0.0,0.0,0.0,259.0,,,
萧旷,萧旷,小样本,1,4,False,False,0,0.0,0,0.0,0,0.0,0,0.0,0,0.0,0,0.0,0,0.0,0,0.0,0.0,0.0,0.0,0.0,0.0,0.0,0.0,0.0,0.0,0.0,259.0,,,
萧昕,萧昕,小样本,2,24,False,False,0,0.0,0,0.0,0,0.0,0,0.0,0,0.0,0,0.0,0,0.0,0,0.0,0.0,0.0,0.0,0.0,0.0,0.0,0.0,0.0,0.0,0.0,259.0,,,
萧楚材,萧楚材,小样本,1,10,False,False,0,0.0,0,0.0,0,0.0,0,0.0,0,0.0,0,0.0,0,0.0,0,0.0,0.0,0.0,0.0,0.0,0.0,0.0,0.0,0.0,0.0,0.0,259.0,,,
萧结,萧结,小样本,1,4,False,False,0,0.0,0,0.0,0,0.0,0,0.0,0,0.0,0,0.0,0,0.0,0,0.0,0.0,0.0,0.0,0.0,0.0,0.0,0.0,0.0,0.0,0.0,259.0,,,
萧缜,萧缜,小样本,1,4,False,False,0,0.0,0,0.0,0,0.0,0,0.0,0,0.0,0,0.0,0,0.0,0,0.0,0.0,0.0,0.0,0.0,0.0,0.0,0.0,0.0,0.0,0.0,259.0,,,
萧翼,萧翼,小样本,1,8,False,False,0,0.0,0,0.0,0,0.0,0,0.0,0,0.0,0,0.0,0,0.0,0,0.0,0.0,0.0,0.0,0.0,0.0,0.0,0.0,0.0,0.0,0.0,259.0,,,
萧至忠,萧至忠,小样本,9,84,False,False,0,0.0,0,0.0,0,0.0,0,0.0,0,0.0,0,0.0,0,0.0,0,0.0,0.0,0.0,0.0,0.0,0.0,0.0,0.0,0.0,0.0,0.0,259.0,,,
萧遘,萧遘,小样本,4,22,False,False,0,0.0,0,0.0,0,0.0,0,0.0,0,0.0,0,0.0,0,0.0,0,0.0,0.0,0.0,0.0,0.0,0.0,0.0,0.0,0.0,0.0,0.0,259.0,,,
萧项,萧项,小样本,1,8,False,False,0,0.0,0,0.0,0,0.0,0,0.0,0,0.0,0,0.0,0,0.0,0,0.0,0.0,0.0,0.0,0.0,0.0,0.0,0.0,0.0,0.0,0.0,259.0,,,
葛鸦儿,葛鸦儿,小样本,2,12,False,False,0,0.0,0,0.0,0,0.0,0,0.0,0,0.0,0,0.0,0,0.0,0,0.0,0.0,0.0,0.0,0.0,0.0,0.0,0.0,0.0,0.0,0.0,259.0,,,
董初,董初,小样本,1,8,False,False,0,0.0,0,0.0,0,0.0,0,0.0,0,0.0,0,0.0,0,0.0,0,0.0,0.0,0.0,0.0,0.0,0.0,0.0,0.0,0.0,0.0,0.0,259.0,,,
蒋挺,蒋挺,小样本,2,16,False,False,0,0.0,0,0.0,0,0.0,0,0.0,0,0.0,0,0.0,0,0.0,0,0.0,0.0,0.0,0.0,0.0,0.0,0.0,0.0,0.0,0.0,0.0,259.0,,,
蒋氏,蒋氏,小样本,1,4,False,False,0,0.0,0,0.0,0,0.0,0,0.0,0,0.0,0,0.0,0,0.0,0,0.0,0.0,0.0,0.0,0.0,0.0,0.0,0.0,0.0,0.0,0.0,259.0,,,
蒋肱,蒋肱,小样本,1,8,False,False,0,0.0,0,0.0,0,0.0,0,0.0,0,0.0,0,0.0,0,0.0,0,0.0,0.0,0.0,0.0,0.0,0.0,0.0,0.0,0.0,0.0,0.0,259.0,,,
蒯希逸,蒯希逸,小样本,2,12,False,False,0,0.0,0,0.0,0,0.0,0,0.0,0,0.0,0,0.0,0,0.0,0,0.0,0.0,0.0,0.0,0.0,0.0,0.0,0.0,0.0,0.0,0.0,259.0,,,
蓝采和,蓝采和,小样本,1,10,False,False,0,0.0,0,0.0,0,0.0,0,0.0,0,0.0,0,0.0,0,0.0,0,0.0,0.0,0.0,0.0,0.0,0.0,0.0,0.0,0.0,0.0,0.0,259.0,,,
蔡允恭,蔡允恭,小样本,1,8,False,False,0,0.0,0,0.0,0,0.0,0,0.0,0,0.0,0,0.0,0,0.0,0,0.0,0.0,0.0,0.0,0.0,0.0,0.0,0.0,0.0,0.0,0.0,259.0,,,
蔡希周,蔡希周,小样本,1,8,False,False,0,0.0,0,0.0,0,0.0,0,0.0,0,0.0,0,0.0,0,0.0,0,0.0,0.0,0.0,0.0,0.0,0.0,0.0,0.0,0.0,0.0,0.0,259.0,,,
蔡押衙,蔡押衙,小样本,1,2,False,False,0,0.0,0,0.0,0,0.0,0,0.0,0,0.0,0,0.0,0,0.0,0,0.0,0.0,0.0,0.0,0.0,0.0,0.0,0.0,0.0,0.0,0.0,259.0,,,
蔡文恭,蔡文恭,小样本,1,12,False,False,0,0.0,0,0.0,0,0.0,0,0.0,0,0.0,0,0.0,0,0.0,0,0.0,0.0,0.0,0.0,0.0,0.0,0.0,0.0,0.0,0.0,0.0,259.0,,,
蔡昆,蔡昆,小样本,2,8,False,False,0,0.0,0,0.0,0,0.0,0,0.0,0,0.0,0,0.0,0,0.0,0,0.0,0.0,0.0,0.0,0.0,0.0,0.0,0.0,0.0,0.0,0.0,259.0,,,
蔡瑰,蔡瑰,小样本,1,20,False,False,0,0.0,0,0.0,0,0.0,0,0.0,0,0.0,0,0.0,0,0.0,0,0.0,0.0,0.0,0.0,0.0,0.0,0.0,0.0,0.0,0.0,0.0,259.0,,,
蔡隐丘,蔡隐丘,小样本,2,6,False,False,0,0.0,0,0.0,0,0.0,0,0.0,0,0.0,0,0.0,0,0.0,0,0.0,0.0,0.0,0.0,0.0,0.0,0.0,0.0,0.0,0.0,0.0,259.0,,,
薛zm,薛zm,小样本,1,4,False,False,0,0.0,0,0.0,0,0.0,0,0.0,0,0.0,0,0.0,0,0.0,0,0.0,0.0,0.0,0.0,0.0,0.0,0.0,0.0,0.0,0.0,0.0,259.0,,,
薛业,薛业,小样本,2,14,False,False,0,0.0,0,0.0,0,0.0,0,0.0,0,0.0,0,0.0,0,0.0,0,0.0,0.0,0.0,0.0,0.0,0.0,0.0,0.0,0.0,0.0,0.0,259.0,,,
薛元超,薛元超,小样本,1,14,False,False,0,0.0,0,0.0,0,0.0,0,0.0,0,0.0,0,0.0,0,0.0,0,0.0,0.0,0.0,0.0,0.0,0.0,0.0,0.0,0.0,0.0,0.0,259.0,,,
薛光谦,薛光谦,小样本,1,12,False,False,0,0.0,0,0.0,0,0.0,0,0.0,0,0.0,0,0.0,0,0.0,0,0.0,0.0,0.0,0.0,0.0,0.0,0.0,0.0,0.0,0.0,0.0,259.0,,,
薛克构,薛克构,小样本,1,10,False,False,0,0.0,0,0.0,0,0.0,0,0.0,0,0.0,0,0.0,0,0.0,0,0.0,0.0,0.0,0.0,0.0,0.0,0.0,0.0,0.0,0.0,0.0,259.0,,,
薛准,薛准,小样本,1,4,False,False,0,0.0,0,0.0,0,0.0,0,0.0,0,0.0,0,0.0,0,0.0,0,0.0,0.0,0.0,0.0,0.0,0.0,0.0,0.0,0.0,0.0,0.0,259.0,,,
薛媛,薛媛,小样本,1,8,False,False,0,0.0,0,0.0,0,0.0,0,0.0,0,0.0,0,0.0,0,0.0,0,0.0,0.0,0.0,0.0,0.0,0.0,0.0,0.0,0.0,0.0,0.0,259.0,,,
薛宜僚,薛宜僚,小样本,1,8,False,False,0,0.0,0,0.0,0,0.0,0,0.0,0,0.0,0,0.0,0,0.0,0,0.0,0.0,0.0,0.0,0.0,0.0,0.0,0.0,0.0,0.0,0.0,259.0,,,
薛少殷,薛少殷,小样本,1,12,False,False,0,0.0,0,0.0,0,0.0,0,0.0,0,0.0,0,0.0,0,0.0,0,0.0,0.0,0.0,0.0,0.0,0.0,0.0,0.0,0.0,0.0,0.0,259.0,,,
薛戎,薛戎,小样本,1,24,False,False,0,0.0,0,0.0,0,0.0,0,0.0,0,0.0,0,0.0,0,0.0,0,0.0,0.0,0.0,0.0,0.0,0.0,0.0,0.0,0.0,0.0,0.0,259.0,,,
薛昚惑,薛昚惑,小样本,1,8,False,False,0,0.0,0,0.0,0,0.0,0,0.0,0,0.0,0,0.0,0,0.0,0,0.0,0.0,0.0,0.0,0.0,0.0,0.0,0.0,0.0,0.0,0.0,259.0,,,
薛昭蕴,薛昭蕴,小样本,8,123,False,False,0,0.0,0,0.0,0,0.0,0,0.0,0,0.0,0,0.0,0,0.0,0,0.0,0.0,0.0,0.0,0.0,0.0,0.0,0.0,0.0,0.0,0.0,259.0,,,
薛曜,薛曜,小样本,8,96,False,False,0,0.0,0,0.0,0,0.0,0,0.0,0,0.0,0,0.0,0,0.0,0,0.0,0.0,0.0,0.0,0.0,0.0,0.0,0.0,0.0,0.0,0.0,259.0,,,
薛琼,薛琼,小样本,1,4,False,False,0,0.0,0,0.0,0,0.0,0,0.0,0,0.0,0,0.0,0,0.0,0,0.0,0.0,0.0,0.0,0.0,0.0,0.0,0.0,0.0,0.0,0.0,259.0,,,
薛瑶,薛瑶,小样本,1,4,False,False,0,0.0,0,0.0,0,0.0,0,0.0,0,0.0,0,0.0,0,0.0,0,0.0,0.0,0.0,0.0,0.0,0.0,0.0,0.0,0.0,0.0,0.0,259.0,,,
薛维翰,薛维翰,小样本,1,8,False,False,0,0.0,0,0.0,0,0.0,0,0.0,0,0.0,0,0.0,0,0.0,0,0.0,0.0,0.0,0.0,0.0,0.0,0.0,0.0,0.0,0.0,0.0,259.0,,,
薛耀,薛耀,小样本,1,4,False,False,0,0.0,0,0.0,0,0.0,0,0.0,0,0.0,0,0.0,0,0.0,0,0.0,0.0,0.0,0.0,0.0,0.0,0.0,0.0,0.0,0.0,0.0,259.0,,,
薛蒙,薛蒙,小样本,1,8,False,False,0,0.0,0,0.0,0,0.0,0,0.0,0,0.0,0,0.0,0,0.0,0,0.0,0.0,0.0,0.0,0.0,0.0,0.0,0.0,0.0,0.0,0.0,259.0,,,
虚中,虚中,稳健样本,15,132,True,False,0,0.0,0,0.0,0,0.0,0,0.0,0,0.0,0,0.0,0,0.0,0,0.0,0.0,0.0,0.0,0.0,0.0,0.0,0.0,0.0,0.0,0.0,259.0,169.0,122.0,155.0
虞有贤,虞有贤,小样本,1,11,False,False,0,0.0,0,0.0,0,0.0,0,0.0,0,0.0,0,0.0,0,0.0,0,0.0,0.0,0.0,0.0,0.0,0.0,0.0,0.0,0.0,0.0,0.0,259.0,,,
虞羽客,虞羽客,小样本,2,40,False,False,0,0.0,0,0.0,0,0.0,0,0.0,0,0.0,0,0.0,0,0.0,0,0.0,0.0,0.0,0.0,0.0,0.0,0.0,0.0,0.0,0.0,0.0,259.0,,,
蜀酒阁道人,蜀酒阁道人,小样本,1,4,False,False,0,0.0,0,0.0,0,0.0,0,0.0,0,0.0,0,0.0,0,0.0,0,0.0,0.0,0.0,0.0,0.0,0.0,0.0,0.0,0.0,0.0,0.0,259.0,,,
衡州舟子,衡州舟子,小样本,1,4,False,False,0,0.0,0,0.0,0,0.0,0,0.0,0,0.0,0,0.0,0,0.0,0,0.0,0.0,0.0,0.0,0.0,0.0,0.0,0.0,0.0,0.0,0.0,259.0,,,
袁不约,袁不约,小样本,5,36,False,False,0,0.0,0,0.0,0,0.0,0,0.0,0,0.0,0,0.0,0,0.0,0,0.0,0.0,0.0,0.0,0.0,0.0,0.0,0.0,0.0,0.0,0.0,259.0,,,
袁恕己,袁恕己,小样本,1,8,False,False,0,0.0,0,0.0,0,0.0,0,0.0,0,0.0,0,0.0,0,0.0,0,0.0,0.0,0.0,0.0,0.0,0.0,0.0,0.0,0.0,0.0,0.0,259.0,,,
袁晖,袁晖,稳健样本,10,96,True,False,0,0.0,0,0.0,0,0.0,0,0.0,0,0.0,0,0.0,0,0.0,0,0.0,0.0,0.0,0.0,0.0,0.0,0.0,0.0,0.0,0.0,0.0,259.0,169.0,122.0,155.0
袁求贤,袁求贤,小样本,1,12,False,False,0,0.0,0,0.0,0,0.0,0,0.0,0,0.0,0,0.0,0,0.0,0,0.0,0.0,0.0,0.0,0.0,0.0,0.0,0.0,0.0,0.0,0.0,259.0,,,
袁郊,袁郊,小样本,4,16,False,False,0,0.0,0,0.0,0,0.0,0,0.0,0,0.0,0,0.0,0,0.0,0,0.0,0.0,0.0,0.0,0.0,0.0,0.0,0.0,0.0,0.0,0.0,259.0,,,
裴休,裴休,小样本,2,16,False,False,0,0.0,0,0.0,0,0.0,0,0.0,0,0.0,0,0.0,0,0.0,0,0.0,0.0,0.0,0.0,0.0,0.0,0.0,0.0,0.0,0.0,0.0,259.0,,,
裴元,裴元,小样本,1,12,False,False,0,0.0,0,0.0,0,0.0,0,0.0,0,0.0,0,0.0,0,0.0,0,0.0,0.0,0.0,0.0,0.0,0.0,0.0,0.0,0.0,0.0,0.0,259.0,,,
裴光庭,裴光庭,小样本,1,16,False,False,0,0.0,0,0.0,0,0.0,0,0.0,0,0.0,0,0.0,0,0.0,0,0.0,0.0,0.0,0.0,0.0,0.0,0.0,0.0,0.0,0.0,0.0,259.0,,,
裴士淹,裴士淹,小样本,1,4,False,False,0,0.0,0,0.0,0,0.0,0,0.0,0,0.0,0,0.0,0,0.0,0,0.0,0.0,0.0,0.0,0.0,0.0,0.0,0.0,0.0,0.0,0.0,259.0,,,
裴大章,裴大章,小样本,1,12,False,False,0,0.0,0,0.0,0,0.0,0,0.0,0,0.0,0,0.0,0,0.0,0,0.0,0.0,0.0,0.0,0.0,0.0,0.0,0.0,0.0,0.0,0.0,259.0,,,
裴度,裴度,稳健样本,10,247,True,False,0,0.0,0,0.0,0,0.0,0,0.0,0,0.0,0,0.0,0,0.0,0,0.0,0.0,0.0,0.0,0.0,0.0,0.0,0.0,0.0,0.0,0.0,259.0,169.0,122.0,155.0
裴延,裴延,小样本,2,8,False,False,0,0.0,0,0.0,0,0.0,0,0.0,0,0.0,0,0.0,0,0.0,0,0.0,0.0,0.0,0.0,0.0,0.0,0.0,0.0,0.0,0.0,0.0,259.0,,,
裴廷裕,裴廷裕,小样本,2,16,False,False,0,0.0,0,0.0,0,0.0,0,0.0,0,0.0,0,0.0,0,0.0,0,0.0,0.0,0.0,0.0,0.0,0.0,0.0,0.0,0.0,0.0,0.0,259.0,,,
裴思谦,裴思谦,小样本,1,4,False,False,0,0.0,0,0.0,0,0.0,0,0.0,0,0.0,0,0.0,0,0.0,0,0.0,0.0,0.0,0.0,0.0,0.0,0.0,0.0,0.0,0.0,0.0,259.0,,,
裴杞,裴杞,小样本,1,12,False,False,0,0.0,0,0.0,0,0.0,0,0.0,0,0.0,0,0.0,0,0.0,0,0.0,0.0,0.0,0.0,0.0,0.0,0.0,0.0,0.0,0.0,0.0,259.0,,,
裴次元,裴次元,小样本,4,38,False,False,0,0.0,0,0.0,0,0.0,0,0.0,0,0.0,0,0.0,0,0.0,0,0.0,0.0,0.0,0.0,0.0,0.0,0.0,0.0,0.0,0.0,0.0,259.0,,,
裴淑,裴淑,小样本,1,8,False,False,0,0.0,0,0.0,0,0.0,0,0.0,0,0.0,0,0.0,0,0.0,0,0.0,0.0,0.0,0.0,0.0,0.0,0.0,0.0,0.0,0.0,0.0,259.0,,,
裴澄,裴澄,小样本,1,12,False,False,0,0.0,0,0.0,0,0.0,0,0.0,0,0.0,0,0.0,0,0.0,0,0.0,0.0,0.0,0.0,0.0,0.0,0.0,0.0,0.0,0.0,0.0,259.0,,,
裴澈,裴澈,小样本,1,4,False,False,0,0.0,0,0.0,0,0.0,0,0.0,0,0.0,0,0.0,0,0.0,0,0.0,0.0,0.0,0.0,0.0,0.0,0.0,0.0,0.0,0.0,0.0,259.0,,,
裴玄智,裴玄智,小样本,1,4,False,False,0,0.0,0,0.0,0,0.0,0,0.0,0,0.0,0,0.0,0,0.0,0,0.0,0.0,0.0,0.0,0.0,0.0,0.0,0.0,0.0,0.0,0.0,259.0,,,
裴瑶,裴瑶,小样本,1,4,False,False,0,0.0,0,0.0,0,0.0,0,0.0,0,0.0,0,0.0,0,0.0,0,0.0,0.0,0.0,0.0,0.0,0.0,0.0,0.0,0.0,0.0,0.0,259.0,,,
裴略,裴略,小样本,2,9,False,False,0,0.0,0,0.0,0,0.0,0,0.0,0,0.0,0,0.0,0,0.0,0,0.0,0.0,0.0,0.0,0.0,0.0,0.0,0.0,0.0,0.0,0.0,259.0,,,
裴羽仙,裴羽仙,小样本,1,8,False,False,0,0.0,0,0.0,0,0.0,0,0.0,0,0.0,0,0.0,0,0.0,0,0.0,0.0,0.0,0.0,0.0,0.0,0.0,0.0,0.0,0.0,0.0,259.0,,,
裴翛然,裴翛然,小样本,1,4,False,False,0,0.0,0,0.0,0,0.0,0,0.0,0,0.0,0,0.0,0,0.0,0,0.0,0.0,0.0,0.0,0.0,0.0,0.0,0.0,0.0,0.0,0.0,259.0,,,
裴翻,裴翻,小样本,1,8,False,False,0,0.0,0,0.0,0,0.0,0,0.0,0,0.0,0,0.0,0,0.0,0,0.0,0.0,0.0,0.0,0.0,0.0,0.0,0.0,0.0,0.0,0.0,259.0,,,
裴耀卿,裴耀卿,小样本,2,26,False,False,0,0.0,0,0.0,0,0.0,0,0.0,0,0.0,0,0.0,0,0.0,0,0.0,0.0,0.0,0.0,0.0,0.0,0.0,0.0,0.0,0.0,0.0,259.0,,,
裴航,裴航,小样本,1,4,False,False,0,0.0,0,0.0,0,0.0,0,0.0,0,0.0,0,0.0,0,0.0,0,0.0,0.0,0.0,0.0,0.0,0.0,0.0,0.0,0.0,0.0,0.0,259.0,,,
裴虔馀,裴虔馀,小样本,2,16,False,False,0,0.0,0,0.0,0,0.0,0,0.0,0,0.0,0,0.0,0,0.0,0,0.0,0.0,0.0,0.0,0.0,0.0,0.0,0.0,0.0,0.0,0.0,259.0,,,
裴諴,裴諴,小样本,2,20,False,False,0,0.0,0,0.0,0,0.0,0,0.0,0,0.0,0,0.0,0,0.0,0,0.0,0.0,0.0,0.0,0.0,0.0,0.0,0.0,0.0,0.0,0.0,259.0,,,
裴谈,裴谈,小样本,1,4,False,False,0,0.0,0,0.0,0,0.0,0,0.0,0,0.0,0,0.0,0,0.0,0,0.0,0.0,0.0,0.0,0.0,0.0,0.0,0.0,0.0,0.0,0.0,259.0,,,
裴谐,裴谐,小样本,2,22,False,False,0,0.0,0,0.0,0,0.0,0,0.0,0,0.0,0,0.0,0,0.0,0,0.0,0.0,0.0,0.0,0.0,0.0,0.0,0.0,0.0,0.0,0.0,259.0,,,
裴贽,裴贽,小样本,1,8,False,False,0,0.0,0,0.0,0,0.0,0,0.0,0,0.0,0,0.0,0,0.0,0,0.0,0.0,0.0,0.0,0.0,0.0,0.0,0.0,0.0,0.0,0.0,259.0,,,
裴达,裴达,小样本,1,12,False,False,0,0.0,0,0.0,0,0.0,0,0.0,0,0.0,0,0.0,0,0.0,0,0.0,0.0,0.0,0.0,0.0,0.0,0.0,0.0,0.0,0.0,0.0,259.0,,,
裴迪,裴迪,稳健样本,29,138,True,False,0,0.0,0,0.0,0,0.0,0,0.0,0,0.0,0,0.0,0,0.0,0,0.0,0.0,0.0,0.0,0.0,0.0,0.0,0.0,0.0,0.0,0.0,259.0,169.0,122.0,155.0
裴逵,裴逵,小样本,1,12,False,False,0,0.0,0,0.0,0,0.0,0,0.0,0,0.0,0,0.0,0,0.0,0,0.0,0.0,0.0,0.0,0.0,0.0,0.0,0.0,0.0,0.0,0.0,259.0,,,
褚朝阳,褚朝阳,小样本,3,24,False,False,0,0.0,0,0.0,0,0.0,0,0.0,0,0.0,0,0.0,0,0.0,0,0.0,0.0,0.0,0.0,0.0,0.0,0.0,0.0,0.0,0.0,0.0,259.0,,,
褚琇,褚琇,小样本,1,12,False,False,0,0.0,0,0.0,0,0.0,0,0.0,0,0.0,0,0.0,0,0.0,0,0.0,0.0,0.0,0.0,0.0,0.0,0.0,0.0,0.0,0.0,0.0,259.0,,,
褚遂良,褚遂良,小样本,1,12,False,False,0,0.0,0,0.0,0,0.0,0,0.0,0,0.0,0,0.0,0,0.0,0,0.0,0.0,0.0,0.0,0.0,0.0,0.0,0.0,0.0,0.0,0.0,259.0,,,
襄阳举人,襄阳举人,小样本,1,4,False,False,0,0.0,0,0.0,0,0.0,0,0.0,0,0.0,0,0.0,0,0.0,0,0.0,0.0,0.0,0.0,0.0,0.0,0.0,0.0,0.0,0.0,0.0,259.0,,,
襄阳妓,襄阳妓,小样本,1,4,False,False,0,0.0,0,0.0,0,0.0,0,0.0,0,0.0,0,0.0,0,0.0,0,0.0,0.0,0.0,0.0,0.0,0.0,0.0,0.0,0.0,0.0,0.0,259.0,,,
西施,西施,小样本,3,12,False,False,0,0.0,0,0.0,0,0.0,0,0.0,0,0.0,0,0.0,0,0.0,0,0.0,0.0,0.0,0.0,0.0,0.0,0.0,0.0,0.0,0.0,0.0,259.0,,,
观梅女仙,观梅女仙,小样本,1,4,False,False,0,0.0,0,0.0,0,0.0,0,0.0,0,0.0,0,0.0,0,0.0,0,0.0,0.0,0.0,0.0,0.0,0.0,0.0,0.0,0.0,0.0,0.0,259.0,,,
解彦融,解彦融,小样本,1,20,False,False,0,0.0,0,0.0,0,0.0,0,0.0,0,0.0,0,0.0,0,0.0,0,0.0,0.0,0.0,0.0,0.0,0.0,0.0,0.0,0.0,0.0,0.0,259.0,,,
解琬,解琬,小样本,2,16,False,False,0,0.0,0,0.0,0,0.0,0,0.0,0,0.0,0,0.0,0,0.0,0,0.0,0.0,0.0,0.0,0.0,0.0,0.0,0.0,0.0,0.0,0.0,259.0,,,
詹琲,詹琲,小样本,3,24,False,False,0,0.0,0,0.0,0,0.0,0,0.0,0,0.0,0,0.0,0,0.0,0,0.0,0.0,0.0,0.0,0.0,0.0,0.0,0.0,0.0,0.0,0.0,259.0,,,
许三畏,许三畏,小样本,1,8,False,False,0,0.0,0,0.0,0,0.0,0,0.0,0,0.0,0,0.0,0,0.0,0,0.0,0.0,0.0,0.0,0.0,0.0,0.0,0.0,0.0,0.0,0.0,259.0,,,
许圉师,许圉师,小样本,1,4,False,False,0,0.0,0,0.0,0,0.0,0,0.0,0,0.0,0,0.0,0,0.0,0,0.0,0.0,0.0,0.0,0.0,0.0,0.0,0.0,0.0,0.0,0.0,259.0,,,
许大,许大,小样本,1,4,False,False,0,0.0,0,0.0,0,0.0,0,0.0,0,0.0,0,0.0,0,0.0,0,0.0,0.0,0.0,0.0,0.0,0.0,0.0,0.0,0.0,0.0,0.0,259.0,,,
许天正,许天正,小样本,1,14,False,False,0,0.0,0,0.0,0,0.0,0,0.0,0,0.0,0,0.0,0,0.0,0,0.0,0.0,0.0,0.0,0.0,0.0,0.0,0.0,0.0,0.0,0.0,259.0,,,
许孟容,许孟容,小样本,1,8,False,False,0,0.0,0,0.0,0,0.0,0,0.0,0,0.0,0,0.0,0,0.0,0,0.0,0.0,0.0,0.0,0.0,0.0,0.0,0.0,0.0,0.0,0.0,259.0,,,
许学士,许学士,小样本,2,8,False,False,0,0.0,0,0.0,0,0.0,0,0.0,0,0.0,0,0.0,0,0.0,0,0.0,0.0,0.0,0.0,0.0,0.0,0.0,0.0,0.0,0.0,0.0,259.0,,,
许宏,许宏,小样本,1,4,False,False,0,0.0,0,0.0,0,0.0,0,0.0,0,0.0,0,0.0,0,0.0,0,0.0,0.0,0.0,0.0,0.0,0.0,0.0,0.0,0.0,0.0,0.0,259.0,,,
许尧佐,许尧佐,小样本,1,12,False,False,0,0.0,0,0.0,0,0.0,0,0.0,0,0.0,0,0.0,0,0.0,0,0.0,0.0,0.0,0.0,0.0,0.0,0.0,0.0,0.0,0.0,0.0,259.0,,,
许岷,许岷,小样本,1,16,False,False,0,0.0,0,0.0,0,0.0,0,0.0,0,0.0,0,0.0,0,0.0,0,0.0,0.0,0.0,0.0,0.0,0.0,0.0,0.0,0.0,0.0,0.0,259.0,,,
许景先,许景先,小样本,5,102,False,False,0,0.0,0,0.0,0,0.0,0,0.0,0,0.0,0,0.0,0,0.0,0,0.0,0.0,0.0,0.0,0.0,0.0,0.0,0.0,0.0,0.0,0.0,259.0,,,
许瀍,许瀍,小样本,1,4,False,False,0,0.0,0,0.0,0,0.0,0,0.0,0,0.0,0,0.0,0,0.0,0,0.0,0.0,0.0,0.0,0.0,0.0,0.0,0.0,0.0,0.0,0.0,259.0,,,
许玫,许玫,小样本,1,8,False,False,0,0.0,0,0.0,0,0.0,0,0.0,0,0.0,0,0.0,0,0.0,0,0.0,0.0,0.0,0.0,0.0,0.0,0.0,0.0,0.0,0.0,0.0,259.0,,,
许瑶,许瑶,小样本,1,4,False,False,0,0.0,0,0.0,0,0.0,0,0.0,0,0.0,0,0.0,0,0.0,0,0.0,0.0,0.0,0.0,0.0,0.0,0.0,0.0,0.0,0.0,0.0,259.0,,,
许鼎,许鼎,小样本,2,8,False,False,0,0.0,0,0.0,0,0.0,0,0.0,0,0.0,0,0.0,0,0.0,0,0.0,0.0,0.0,0.0,0.0,0.0,0.0,0.0,0.0,0.0,0.0,259.0,,,
谁氏女,谁氏女,小样本,1,4,False,False,0,0.0,0,0.0,0,0.0,0,0.0,0,0.0,0,0.0,0,0.0,0,0.0,0.0,0.0,0.0,0.0,0.0,0.0,0.0,0.0,0.0,0.0,259.0,,,
谈戭,谈戭,小样本,2,10,False,False,0,0.0,0,0.0,0,0.0,0,0.0,0,0.0,0,0.0,0,0.0,0,0.0,0.0,0.0,0.0,0.0,0.0,0.0,0.0,0.0,0.0,0.0,259.0,,,
谢仲宣,谢仲宣,小样本,1,8,False,False,0,0.0,0,0.0,0,0.0,0,0.0,0,0.0,0,0.0,0,0.0,0,0.0,0.0,0.0,0.0,0.0,0.0,0.0,0.0,0.0,0.0,0.0,259.0,,,
谢太虚,谢太虚,小样本,1,16,False,False,0,0.0,0,0.0,0,0.0,0,0.0,0,0.0,0,0.0,0,0.0,0,0.0,0.0,0.0,0.0,0.0,0.0,0.0,0.0,0.0,0.0,0.0,259.0,,,
谢邈,谢邈,小样本,2,16,False,False,0,0.0,0,0.0,0,0.0,0,0.0,0,0.0,0,0.0,0,0.0,0,0.0,0.0,0.0,0.0,0.0,0.0,0.0,0.0,0.0,0.0,0.0,259.0,,,
谭峭,谭峭,小样本,2,6,False,False,0,0.0,0,0.0,0,0.0,0,0.0,0,0.0,0,0.0,0,0.0,0,0.0,0.0,0.0,0.0,0.0,0.0,0.0,0.0,0.0,0.0,0.0,259.0,,,
豆卢复,豆卢复,小样本,2,12,False,False,0,0.0,0,0.0,0,0.0,0,0.0,0,0.0,0,0.0,0,0.0,0,0.0,0.0,0.0,0.0,0.0,0.0,0.0,0.0,0.0,0.0,0.0,259.0,,,
贞元文士,贞元文士,小样本,1,4,False,False,0,0.0,0,0.0,0,0.0,0,0.0,0,0.0,0,0.0,0,0.0,0,0.0,0.0,0.0,0.0,0.0,0.0,0.0,0.0,0.0,0.0,0.0,259.0,,,
贺兰朋吉,贺兰朋吉,小样本,1,8,False,False,0,0.0,0,0.0,0,0.0,0,0.0,0,0.0,0,0.0,0,0.0,0,0.0,0.0,0.0,0.0,0.0,0.0,0.0,0.0,0.0,0.0,0.0,259.0,,,
贺敱,贺敱,小样本,1,18,False,False,0,0.0,0,0.0,0,0.0,0,0.0,0,0.0,0,0.0,0,0.0,0,0.0,0.0,0.0,0.0,0.0,0.0,0.0,0.0,0.0,0.0,0.0,259.0,,,
贺遂涉,贺遂涉,小样本,1,4,False,False,0,0.0,0,0.0,0,0.0,0,0.0,0,0.0,0,0.0,0,0.0,0,0.0,0.0,0.0,0.0,0.0,0.0,0.0,0.0,0.0,0.0,0.0,259.0,,,
贾宗,贾宗,小样本,1,12,False,False,0,0.0,0,0.0,0,0.0,0,0.0,0,0.0,0,0.0,0,0.0,0,0.0,0.0,0.0,0.0,0.0,0.0,0.0,0.0,0.0,0.0,0.0,259.0,,,
贾彦璋,贾彦璋,小样本,4,32,False,False,0,0.0,0,0.0,0,0.0,0,0.0,0,0.0,0,0.0,0,0.0,0,0.0,0.0,0.0,0.0,0.0,0.0,0.0,0.0,0.0,0.0,0.0,259.0,,,
贾谟,贾谟,小样本,1,12,False,False,0,0.0,0,0.0,0,0.0,0,0.0,0,0.0,0,0.0,0,0.0,0,0.0,0.0,0.0,0.0,0.0,0.0,0.0,0.0,0.0,0.0,0.0,259.0,,,
贾邕,贾邕,小样本,1,8,False,False,0,0.0,0,0.0,0,0.0,0,0.0,0,0.0,0,0.0,0,0.0,0,0.0,0.0,0.0,0.0,0.0,0.0,0.0,0.0,0.0,0.0,0.0,259.0,,,
贾驰,贾驰,小样本,3,20,False,False,0,0.0,0,0.0,0,0.0,0,0.0,0,0.0,0,0.0,0,0.0,0,0.0,0.0,0.0,0.0,0.0,0.0,0.0,0.0,0.0,0.0,0.0,259.0,,,
赵中虚,赵中虚,小样本,1,16,False,False,0,0.0,0,0.0,0,0.0,0,0.0,0,0.0,0,0.0,0,0.0,0,0.0,0.0,0.0,0.0,0.0,0.0,0.0,0.0,0.0,0.0,0.0,259.0,,,
赵光远,赵光远,小样本,2,24,False,False,0,0.0,0,0.0,0,0.0,0,0.0,0,0.0,0,0.0,0,0.0,0,0.0,0.0,0.0,0.0,0.0,0.0,0.0,0.0,0.0,0.0,0.0,259.0,,,
赵叔达,赵叔达,小样本,1,8,False,False,0,0.0,0,0.0,0,0.0,0,0.0,0,0.0,0,0.0,0,0.0,0,0.0,0.0,0.0,0.0,0.0,0.0,0.0,0.0,0.0,0.0,0.0,259.0,,,
赵存约,赵存约,小样本,1,12,False,False,0,0.0,0,0.0,0,0.0,0,0.0,0,0.0,0,0.0,0,0.0,0,0.0,0.0,0.0,0.0,0.0,0.0,0.0,0.0,0.0,0.0,0.0,259.0,,,
赵宗儒,赵宗儒,小样本,1,8,False,False,0,0.0,0,0.0,0,0.0,0,0.0,0,0.0,0,0.0,0,0.0,0,0.0,0.0,0.0,0.0,0.0,0.0,0.0,0.0,0.0,0.0,0.0,259.0,,,
赵居贞,赵居贞,小样本,1,32,False,False,0,0.0,0,0.0,0,0.0,0,0.0,0,0.0,0,0.0,0,0.0,0,0.0,0.0,0.0,0.0,0.0,0.0,0.0,0.0,0.0,0.0,0.0,259.0,,,
赵延寿,赵延寿,小样本,1,8,False,False,0,0.0,0,0.0,0,0.0,0,0.0,0,0.0,0,0.0,0,0.0,0,0.0,0.0,0.0,0.0,0.0,0.0,0.0,0.0,0.0,0.0,0.0,259.0,,,
赵惠宗,赵惠宗,小样本,1,20,False,False,0,0.0,0,0.0,0,0.0,0,0.0,0,0.0,0,0.0,0,0.0,0,0.0,0.0,0.0,0.0,0.0,0.0,0.0,0.0,0.0,0.0,0.0,259.0,,,
赵武建,赵武建,小样本,1,4,False,False,0,0.0,0,0.0,0,0.0,0,0.0,0,0.0,0,0.0,0,0.0,0,0.0,0.0,0.0,0.0,0.0,0.0,0.0,0.0,0.0,0.0,0.0,259.0,,,
赵湘,赵湘,小样本,1,8,False,False,0,0.0,0,0.0,0,0.0,0,0.0,0,0.0,0,0.0,0,0.0,0,0.0,0.0,0.0,0.0,0.0,0.0,0.0,0.0,0.0,0.0,0.0,259.0,,,
赵自然,赵自然,小样本,1,4,False,False,0,0.0,0,0.0,0,0.0,0,0.0,0,0.0,0,0.0,0,0.0,0,0.0,0.0,0.0,0.0,0.0,0.0,0.0,0.0,0.0,0.0,0.0,259.0,,,
赵良器,赵良器,小样本,2,20,False,False,0,0.0,0,0.0,0,0.0,0,0.0,0,0.0,0,0.0,0,0.0,0,0.0,0.0,0.0,0.0,0.0,0.0,0.0,0.0,0.0,0.0,0.0,259.0,,,
赵蕃,赵蕃,小样本,2,24,False,False,0,0.0,0,0.0,0,0.0,0,0.0,0,0.0,0,0.0,0,0.0,0,0.0,0.0,0.0,0.0,0.0,0.0,0.0,0.0,0.0,0.0,0.0,259.0,,,
赵虚舟,赵虚舟,小样本,1,4,False,False,0,0.0,0,0.0,0,0.0,0,0.0,0,0.0,0,0.0,0,0.0,0,0.0,0.0,0.0,0.0,0.0,0.0,0.0,0.0,0.0,0.0,0.0,259.0,,,
赵谦光,赵谦光,小样本,2,8,False,False,0,0.0,0,0.0,0,0.0,0,0.0,0,0.0,0,0.0,0,0.0,0,0.0,0.0,0.0,0.0,0.0,0.0,0.0,0.0,0.0,0.0,0.0,259.0,,,
赵起,赵起,小样本,1,8,False,False,0,0.0,0,0.0,0,0.0,0,0.0,0,0.0,0,0.0,0,0.0,0,0.0,0.0,0.0,0.0,0.0,0.0,0.0,0.0,0.0,0.0,0.0,259.0,,,
赵防,赵防,小样本,1,8,False,False,0,0.0,0,0.0,0,0.0,0,0.0,0,0.0,0,0.0,0,0.0,0,0.0,0.0,0.0,0.0,0.0,0.0,0.0,0.0,0.0,0.0,0.0,259.0,,,
赵骅,赵骅,小样本,1,8,False,False,0,0.0,0,0.0,0,0.0,0,0.0,0,0.0,0,0.0,0,0.0,0,0.0,0.0,0.0,0.0,0.0,0.0,0.0,0.0,0.0,0.0,0.0,259.0,,,
赵鸾鸾,赵鸾鸾,小样本,5,20,False,False,0,0.0,0,0.0,0,0.0,0,0.0,0,0.0,0,0.0,0,0.0,0,0.0,0.0,0.0,0.0,0.0,0.0,0.0,0.0,0.0,0.0,0.0,259.0,,,
赵鸿,赵鸿,小样本,3,16,False,False,0,0.0,0,0.0,0,0.0,0,0.0,0,0.0,0,0.0,0,0.0,0,0.0,0.0,0.0,0.0,0.0,0.0,0.0,0.0,0.0,0.0,0.0,259.0,,,
越溪杨女,越溪杨女,小样本,2,14,False,False,0,0.0,0,0.0,0,0.0,0,0.0,0,0.0,0,0.0,0,0.0,0,0.0,0.0,0.0,0.0,0.0,0.0,0.0,0.0,0.0,0.0,0.0,259.0,,,
路应,路应,小样本,1,28,False,False,0,0.0,0,0.0,0,0.0,0,0.0,0,0.0,0,0.0,0,0.0,0,0.0,0.0,0.0,0.0,0.0,0.0,0.0,0.0,0.0,0.0,0.0,259.0,,,
路德延,路德延,小样本,4,118,False,False,0,0.0,0,0.0,0,0.0,0,0.0,0,0.0,0,0.0,0,0.0,0,0.0,0.0,0.0,0.0,0.0,0.0,0.0,0.0,0.0,0.0,0.0,259.0,,,
路洵美,路洵美,小样本,1,8,False,False,0,0.0,0,0.0,0,0.0,0,0.0,0,0.0,0,0.0,0,0.0,0,0.0,0.0,0.0,0.0,0.0,0.0,0.0,0.0,0.0,0.0,0.0,259.0,,,
路贯,路贯,小样本,1,8,False,False,0,0.0,0,0.0,0,0.0,0,0.0,0,0.0,0,0.0,0,0.0,0,0.0,0.0,0.0,0.0,0.0,0.0,0.0,0.0,0.0,0.0,0.0,259.0,,,
车缅,车缅,小样本,1,12,False,False,0,0.0,0,0.0,0,0.0,0,0.0,0,0.0,0,0.0,0,0.0,0,0.0,0.0,0.0,0.0,0.0,0.0,0.0,0.0,0.0,0.0,0.0,259.0,,,
轩辕弥明,轩辕弥明,小样本,1,8,False,False,0,0.0,0,0.0,0,0.0,0,0.0,0,0.0,0,0.0,0,0.0,0,0.0,0.0,0.0,0.0,0.0,0.0,0.0,0.0,0.0,0.0,0.0,259.0,,,
辅国将军,辅国将军,小样本,1,8,False,False,0,0.0,0,0.0,0,0.0,0,0.0,0,0.0,0,0.0,0,0.0,0,0.0,0.0,0.0,0.0,0.0,0.0,0.0,0.0,0.0,0.0,0.0,259.0,,,
辛学士,辛学士,小样本,1,4,False,False,0,0.0,0,0.0,0,0.0,0,0.0,0,0.0,0,0.0,0,0.0,0,0.0,0.0,0.0,0.0,0.0,0.0,0.0,0.0,0.0,0.0,0.0,259.0,,,
辛宏,辛宏,小样本,1,12,False,False,0,0.0,0,0.0,0,0.0,0,0.0,0,0.0,0,0.0,0,0.0,0,0.0,0.0,0.0,0.0,0.0,0.0,0.0,0.0,0.0,0.0,0.0,259.0,,,
辛弘智,辛弘智,小样本,4,16,False,False,0,0.0,0,0.0,0,0.0,0,0.0,0,0.0,0,0.0,0,0.0,0,0.0,0.0,0.0,0.0,0.0,0.0,0.0,0.0,0.0,0.0,0.0,259.0,,,
辛替否,辛替否,小样本,1,8,False,False,0,0.0,0,0.0,0,0.0,0,0.0,0,0.0,0,0.0,0,0.0,0,0.0,0.0,0.0,0.0,0.0,0.0,0.0,0.0,0.0,0.0,0.0,259.0,,,
辨才,辨才,小样本,1,8,False,False,0,0.0,0,0.0,0,0.0,0,0.0,0,0.0,0,0.0,0,0.0,0,0.0,0.0,0.0,0.0,0.0,0.0,0.0,0.0,0.0,0.0,0.0,259.0,,,
选人,选人,小样本,1,4,False,False,0,0.0,0,0.0,0,0.0,0,0.0,0,0.0,0,0.0,0,0.0,0,0.0,0.0,0.0,0.0,0.0,0.0,0.0,0.0,0.0,0.0,0.0,259.0,,,
道会,道会,小样本,1,4,False,False,0,0.0,0,0.0,0,0.0,0,0.0,0,0.0,0,0.0,0,0.0,0,0.0,0.0,0.0,0.0,0.0,0.0,0.0,0.0,0.0,0.0,0.0,259.0,,,
道恭,道恭,小样本,1,8,False,False,0,0.0,0,0.0,0,0.0,0,0.0,0,0.0,0,0.0,0,0.0,0,0.0,0.0,0.0,0.0,0.0,0.0,0.0,0.0,0.0,0.0,0.0,259.0,,,
邓倚,邓倚,小样本,1,12,False,False,0,0.0,0,0.0,0,0.0,0,0.0,0,0.0,0,0.0,0,0.0,0,0.0,0.0,0.0,0.0,0.0,0.0,0.0,0.0,0.0,0.0,0.0,259.0,,,
邓洵美,邓洵美,小样本,1,8,False,False,0,0.0,0,0.0,0,0.0,0,0.0,0,0.0,0,0.0,0,0.0,0,0.0,0.0,0.0,0.0,0.0,0.0,0.0,0.0,0.0,0.0,0.0,259.0,,,
邓陟,邓陟,小样本,1,12,False,False,0,0.0,0,0.0,0,0.0,0,0.0,0,0.0,0,0.0,0,0.0,0,0.0,0.0,0.0,0.0,0.0,0.0,0.0,0.0,0.0,0.0,0.0,259.0,,,
邢凤,邢凤,小样本,1,4,False,False,0,0.0,0,0.0,0,0.0,0,0.0,0,0.0,0,0.0,0,0.0,0,0.0,0.0,0.0,0.0,0.0,0.0,0.0,0.0,0.0,0.0,0.0,259.0,,,
邢巨,邢巨,小样本,2,12,False,False,0,0.0,0,0.0,0,0.0,0,0.0,0,0.0,0,0.0,0,0.0,0,0.0,0.0,0.0,0.0,0.0,0.0,0.0,0.0,0.0,0.0,0.0,259.0,,,
邢群,邢群,小样本,1,8,False,False,0,0.0,0,0.0,0,0.0,0,0.0,0,0.0,0,0.0,0,0.0,0,0.0,0.0,0.0,0.0,0.0,0.0,0.0,0.0,0.0,0.0,0.0,259.0,,,
邵升,邵升,小样本,1,8,False,False,0,0.0,0,0.0,0,0.0,0,0.0,0,0.0,0,0.0,0,0.0,0,0.0,0.0,0.0,0.0,0.0,0.0,0.0,0.0,0.0,0.0,0.0,259.0,,,
邵士彦,邵士彦,小样本,1,8,False,False,0,0.0,0,0.0,0,0.0,0,0.0,0,0.0,0,0.0,0,0.0,0,0.0,0.0,0.0,0.0,0.0,0.0,0.0,0.0,0.0,0.0,0.0,259.0,,,
邵景,邵景,小样本,1,4,False,False,0,0.0,0,0.0,0,0.0,0,0.0,0,0.0,0,0.0,0,0.0,0,0.0,0.0,0.0,0.0,0.0,0.0,0.0,0.0,0.0,0.0,0.0,259.0,,,
邵楚苌,邵楚苌,小样本,1,8,False,False,0,0.0,0,0.0,0,0.0,0,0.0,0,0.0,0,0.0,0,0.0,0,0.0,0.0,0.0,0.0,0.0,0.0,0.0,0.0,0.0,0.0,0.0,259.0,,,
邵真,邵真,小样本,1,4,False,False,0,0.0,0,0.0,0,0.0,0,0.0,0,0.0,0,0.0,0,0.0,0,0.0,0.0,0.0,0.0,0.0,0.0,0.0,0.0,0.0,0.0,0.0,259.0,,,
邹绍先,邹绍先,小样本,2,12,False,False,0,0.0,0,0.0,0,0.0,0,0.0,0,0.0,0,0.0,0,0.0,0,0.0,0.0,0.0,0.0,0.0,0.0,0.0,0.0,0.0,0.0,0.0,259.0,,,
邹象先,邹象先,小样本,1,4,False,False,0,0.0,0,0.0,0,0.0,0,0.0,0,0.0,0,0.0,0,0.0,0,0.0,0.0,0.0,0.0,0.0,0.0,0.0,0.0,0.0,0.0,0.0,259.0,,,
邻道场人,邻道场人,小样本,1,4,False,False,0,0.0,0,0.0,0,0.0,0,0.0,0,0.0,0,0.0,0,0.0,0,0.0,0.0,0.0,0.0,0.0,0.0,0.0,0.0,0.0,0.0,0.0,259.0,,,
郎大家宋氏,郎大家宋氏,小样本,8,54,False,False,0,0.0,0,0.0,0,0.0,0,0.0,0,0.0,0,0.0,0,0.0,0,0.0,0.0,0.0,0.0,0.0,0.0,0.0,0.0,0.0,0.0,0.0,259.0,,,
郑严,郑严,小样本,1,8,False,False,0,0.0,0,0.0,0,0.0,0,0.0,0,0.0,0,0.0,0,0.0,0,0.0,0.0,0.0,0.0,0.0,0.0,0.0,0.0,0.0,0.0,0.0,259.0,,,
郑中丞,郑中丞,小样本,1,4,False,False,0,0.0,0,0.0,0,0.0,0,0.0,0,0.0,0,0.0,0,0.0,0,0.0,0.0,0.0,0.0,0.0,0.0,0.0,0.0,0.0,0.0,0.0,259.0,,,
郑丹,郑丹,小样本,2,16,False,False,0,0.0,0,0.0,0,0.0,0,0.0,0,0.0,0,0.0,0,0.0,0,0.0,0.0,0.0,0.0,0.0,0.0,0.0,0.0,0.0,0.0,0.0,259.0,,,
郑义真,郑义真,小样本,1,10,False,False,0,0.0,0,0.0,0,0.0,0,0.0,0,0.0,0,0.0,0,0.0,0,0.0,0.0,0.0,0.0,0.0,0.0,0.0,0.0,0.0,0.0,0.0,259.0,,,
郑仆射,郑仆射,小样本,1,4,False,False,0,0.0,0,0.0,0,0.0,0,0.0,0,0.0,0,0.0,0,0.0,0,0.0,0.0,0.0,0.0,0.0,0.0,0.0,0.0,0.0,0.0,0.0,259.0,,,
郑俞,郑俞,小样本,1,12,False,False,0,0.0,0,0.0,0,0.0,0,0.0,0,0.0,0,0.0,0,0.0,0,0.0,0.0,0.0,0.0,0.0,0.0,0.0,0.0,0.0,0.0,0.0,259.0,,,
郑光业,郑光业,小样本,1,4,False,False,0,0.0,0,0.0,0,0.0,0,0.0,0,0.0,0,0.0,0,0.0,0,0.0,0.0,0.0,0.0,0.0,0.0,0.0,0.0,0.0,0.0,0.0,259.0,,,
郑冠卿,郑冠卿,小样本,1,3,False,False,0,0.0,0,0.0,0,0.0,0,0.0,0,0.0,0,0.0,0,0.0,0,0.0,0.0,0.0,0.0,0.0,0.0,0.0,0.0,0.0,0.0,0.0,259.0,,,
郑准,郑准,小样本,6,38,False,False,0,0.0,0,0.0,0,0.0,0,0.0,0,0.0,0,0.0,0,0.0,0,0.0,0.0,0.0,0.0,0.0,0.0,0.0,0.0,0.0,0.0,0.0,259.0,,,
郑南金,郑南金,小样本,1,8,False,False,0,0.0,0,0.0,0,0.0,0,0.0,0,0.0,0,0.0,0,0.0,0,0.0,0.0,0.0,0.0,0.0,0.0,0.0,0.0,0.0,0.0,0.0,259.0,,,
郑史,郑史,小样本,3,20,False,False,0,0.0,0,0.0,0,0.0,0,0.0,0,0.0,0,0.0,0,0.0,0,0.0,0.0,0.0,0.0,0.0,0.0,0.0,0.0,0.0,0.0,0.0,259.0,,,
郑合,郑合,小样本,1,4,False,False,0,0.0,0,0.0,0,0.0,0,0.0,0,0.0,0,0.0,0,0.0,0,0.0,0.0,0.0,0.0,0.0,0.0,0.0,0.0,0.0,0.0,0.0,259.0,,,
郑善玉,郑善玉,小样本,2,16,False,False,0,0.0,0,0.0,0,0.0,0,0.0,0,0.0,0,0.0,0,0.0,0,0.0,0.0,0.0,0.0,0.0,0.0,0.0,0.0,0.0,0.0,0.0,259.0,,,
郑孺华,郑孺华,小样本,1,12,False,False,0,0.0,0,0.0,0,0.0,0,0.0,0,0.0,0,0.0,0,0.0,0,0.0,0.0,0.0,0.0,0.0,0.0,0.0,0.0,0.0,0.0,0.0,259.0,,,
郑审,郑审,小样本,2,24,False,False,0,0.0,0,0.0,0,0.0,0,0.0,0,0.0,0,0.0,0,0.0,0,0.0,0.0,0.0,0.0,0.0,0.0,0.0,0.0,0.0,0.0,0.0,259.0,,,
郑师贞,郑师贞,小样本,1,12,False,False,0,0.0,0,0.0,0,0.0,0,0.0,0,0.0,0,0.0,0,0.0,0,0.0,0.0,0.0,0.0,0.0,0.0,0.0,0.0,0.0,0.0,0.0,259.0,,,
郑常,郑常,小样本,3,24,False,False,0,0.0,0,0.0,0,0.0,0,0.0,0,0.0,0,0.0,0,0.0,0,0.0,0.0,0.0,0.0,0.0,0.0,0.0,0.0,0.0,0.0,0.0,259.0,,,
郑德玄,郑德玄,小样本,1,8,False,False,0,0.0,0,0.0,0,0.0,0,0.0,0,0.0,0,0.0,0,0.0,0,0.0,0.0,0.0,0.0,0.0,0.0,0.0,0.0,0.0,0.0,0.0,259.0,,,
郑惟忠,郑惟忠,小样本,1,4,False,False,0,0.0,0,0.0,0,0.0,0,0.0,0,0.0,0,0.0,0,0.0,0,0.0,0.0,0.0,0.0,0.0,0.0,0.0,0.0,0.0,0.0,0.0,259.0,,,
郑愕,郑愕,小样本,1,8,False,False,0,0.0,0,0.0,0,0.0,0,0.0,0,0.0,0,0.0,0,0.0,0,0.0,0.0,0.0,0.0,0.0,0.0,0.0,0.0,0.0,0.0,0.0,259.0,,,
郑据,郑据,小样本,1,12,False,False,0,0.0,0,0.0,0,0.0,0,0.0,0,0.0,0,0.0,0,0.0,0,0.0,0.0,0.0,0.0,0.0,0.0,0.0,0.0,0.0,0.0,0.0,259.0,,,
郑昈,郑昈,小样本,1,8,False,False,0,0.0,0,0.0,0,0.0,0,0.0,0,0.0,0,0.0,0,0.0,0,0.0,0.0,0.0,0.0,0.0,0.0,0.0,0.0,0.0,0.0,0.0,259.0,,,
郑昉,郑昉,小样本,1,16,False,False,0,0.0,0,0.0,0,0.0,0,0.0,0,0.0,0,0.0,0,0.0,0,0.0,0.0,0.0,0.0,0.0,0.0,0.0,0.0,0.0,0.0,0.0,259.0,,,
郑洪业,郑洪业,小样本,1,12,False,False,0,0.0,0,0.0,0,0.0,0,0.0,0,0.0,0,0.0,0,0.0,0,0.0,0.0,0.0,0.0,0.0,0.0,0.0,0.0,0.0,0.0,0.0,259.0,,,
郑渥,郑渥,小样本,3,24,False,False,0,0.0,0,0.0,0,0.0,0,0.0,0,0.0,0,0.0,0,0.0,0,0.0,0.0,0.0,0.0,0.0,0.0,0.0,0.0,0.0,0.0,0.0,259.0,,,
郑玉,郑玉,小样本,1,4,False,False,0,0.0,0,0.0,0,0.0,0,0.0,0,0.0,0,0.0,0,0.0,0,0.0,0.0,0.0,0.0,0.0,0.0,0.0,0.0,0.0,0.0,0.0,259.0,,,
郑璧,郑璧,小样本,4,24,False,False,0,0.0,0,0.0,0,0.0,0,0.0,0,0.0,0,0.0,0,0.0,0,0.0,0.0,0.0,0.0,0.0,0.0,0.0,0.0,0.0,0.0,0.0,259.0,,,
郑立之,郑立之,小样本,1,4,False,False,0,0.0,0,0.0,0,0.0,0,0.0,0,0.0,0,0.0,0,0.0,0,0.0,0.0,0.0,0.0,0.0,0.0,0.0,0.0,0.0,0.0,0.0,259.0,,,
郑絪,郑絪,小样本,7,54,False,False,0,0.0,0,0.0,0,0.0,0,0.0,0,0.0,0,0.0,0,0.0,0,0.0,0.0,0.0,0.0,0.0,0.0,0.0,0.0,0.0,0.0,0.0,259.0,,,
郑繇,郑繇,小样本,2,12,False,False,0,0.0,0,0.0,0,0.0,0,0.0,0,0.0,0,0.0,0,0.0,0,0.0,0.0,0.0,0.0,0.0,0.0,0.0,0.0,0.0,0.0,0.0,259.0,,,
郑绍,郑绍,小样本,1,8,False,False,0,0.0,0,0.0,0,0.0,0,0.0,0,0.0,0,0.0,0,0.0,0,0.0,0.0,0.0,0.0,0.0,0.0,0.0,0.0,0.0,0.0,0.0,259.0,,,
郑缙,郑缙,小样本,2,18,False,False,0,0.0,0,0.0,0,0.0,0,0.0,0,0.0,0,0.0,0,0.0,0,0.0,0.0,0.0,0.0,0.0,0.0,0.0,0.0,0.0,0.0,0.0,259.0,,,
郑蕡,郑蕡,小样本,2,24,False,False,0,0.0,0,0.0,0,0.0,0,0.0,0,0.0,0,0.0,0,0.0,0,0.0,0.0,0.0,0.0,0.0,0.0,0.0,0.0,0.0,0.0,0.0,259.0,,,
郑薰,郑薰,小样本,2,42,False,False,0,0.0,0,0.0,0,0.0,0,0.0,0,0.0,0,0.0,0,0.0,0,0.0,0.0,0.0,0.0,0.0,0.0,0.0,0.0,0.0,0.0,0.0,259.0,,,
郑虔,郑虔,小样本,1,4,False,False,0,0.0,0,0.0,0,0.0,0,0.0,0,0.0,0,0.0,0,0.0,0,0.0,0.0,0.0,0.0,0.0,0.0,0.0,0.0,0.0,0.0,0.0,259.0,,,
郑蜀宾,郑蜀宾,小样本,1,4,False,False,0,0.0,0,0.0,0,0.0,0,0.0,0,0.0,0,0.0,0,0.0,0,0.0,0.0,0.0,0.0,0.0,0.0,0.0,0.0,0.0,0.0,0.0,259.0,,,
郑衮,郑衮,小样本,1,12,False,False,0,0.0,0,0.0,0,0.0,0,0.0,0,0.0,0,0.0,0,0.0,0,0.0,0.0,0.0,0.0,0.0,0.0,0.0,0.0,0.0,0.0,0.0,259.0,,,
郑轨,郑轨,小样本,1,8,False,False,0,0.0,0,0.0,0,0.0,0,0.0,0,0.0,0,0.0,0,0.0,0,0.0,0.0,0.0,0.0,0.0,0.0,0.0,0.0,0.0,0.0,0.0,259.0,,,
郑辕,郑辕,小样本,1,12,False,False,0,0.0,0,0.0,0,0.0,0,0.0,0,0.0,0,0.0,0,0.0,0,0.0,0.0,0.0,0.0,0.0,0.0,0.0,0.0,0.0,0.0,0.0,259.0,,,
郑还古,郑还古,小样本,3,20,False,False,0,0.0,0,0.0,0,0.0,0,0.0,0,0.0,0,0.0,0,0.0,0,0.0,0.0,0.0,0.0,0.0,0.0,0.0,0.0,0.0,0.0,0.0,259.0,,,
郑述诚,郑述诚,小样本,1,12,False,False,0,0.0,0,0.0,0,0.0,0,0.0,0,0.0,0,0.0,0,0.0,0,0.0,0.0,0.0,0.0,0.0,0.0,0.0,0.0,0.0,0.0,0.0,259.0,,,
郑遂初,郑遂初,小样本,1,8,False,False,0,0.0,0,0.0,0,0.0,0,0.0,0,0.0,0,0.0,0,0.0,0,0.0,0.0,0.0,0.0,0.0,0.0,0.0,0.0,0.0,0.0,0.0,259.0,,,
郑適,郑適,小样本,1,4,False,False,0,0.0,0,0.0,0,0.0,0,0.0,0,0.0,0,0.0,0,0.0,0,0.0,0.0,0.0,0.0,0.0,0.0,0.0,0.0,0.0,0.0,0.0,259.0,,,
郑露,郑露,小样本,1,4,False,False,0,0.0,0,0.0,0,0.0,0,0.0,0,0.0,0,0.0,0,0.0,0,0.0,0.0,0.0,0.0,0.0,0.0,0.0,0.0,0.0,0.0,0.0,259.0,,,
郑颋,郑颋,小样本,1,4,False,False,0,0.0,0,0.0,0,0.0,0,0.0,0,0.0,0,0.0,0,0.0,0,0.0,0.0,0.0,0.0,0.0,0.0,0.0,0.0,0.0,0.0,0.0,259.0,,,
郑颢,郑颢,小样本,1,20,False,False,0,0.0,0,0.0,0,0.0,0,0.0,0,0.0,0,0.0,0,0.0,0,0.0,0.0,0.0,0.0,0.0,0.0,0.0,0.0,0.0,0.0,0.0,259.0,,,
郑馀庆,郑馀庆,小样本,3,24,False,False,0,0.0,0,0.0,0,0.0,0,0.0,0,0.0,0,0.0,0,0.0,0,0.0,0.0,0.0,0.0,0.0,0.0,0.0,0.0,0.0,0.0,0.0,259.0,,,
郫城令,郫城令,小样本,1,4,False,False,0,0.0,0,0.0,0,0.0,0,0.0,0,0.0,0,0.0,0,0.0,0,0.0,0.0,0.0,0.0,0.0,0.0,0.0,0.0,0.0,0.0,0.0,259.0,,,
郭受,郭受,小样本,1,8,False,False,0,0.0,0,0.0,0,0.0,0,0.0,0,0.0,0,0.0,0,0.0,0,0.0,0.0,0.0,0.0,0.0,0.0,0.0,0.0,0.0,0.0,0.0,259.0,,,
郭向,郭向,小样本,1,4,False,False,0,0.0,0,0.0,0,0.0,0,0.0,0,0.0,0,0.0,0,0.0,0,0.0,0.0,0.0,0.0,0.0,0.0,0.0,0.0,0.0,0.0,0.0,259.0,,,
郭圆,郭圆,小样本,1,4,False,False,0,0.0,0,0.0,0,0.0,0,0.0,0,0.0,0,0.0,0,0.0,0,0.0,0.0,0.0,0.0,0.0,0.0,0.0,0.0,0.0,0.0,0.0,259.0,,,
郭夔,郭夔,小样本,1,8,False,False,0,0.0,0,0.0,0,0.0,0,0.0,0,0.0,0,0.0,0,0.0,0,0.0,0.0,0.0,0.0,0.0,0.0,0.0,0.0,0.0,0.0,0.0,259.0,,,
郭子仪,郭子仪,小样本,4,32,False,False,0,0.0,0,0.0,0,0.0,0,0.0,0,0.0,0,0.0,0,0.0,0,0.0,0.0,0.0,0.0,0.0,0.0,0.0,0.0,0.0,0.0,0.0,259.0,,,
郭恭,郭恭,小样本,1,4,False,False,0,0.0,0,0.0,0,0.0,0,0.0,0,0.0,0,0.0,0,0.0,0,0.0,0.0,0.0,0.0,0.0,0.0,0.0,0.0,0.0,0.0,0.0,259.0,,,
郭正一,郭正一,小样本,1,8,False,False,0,0.0,0,0.0,0,0.0,0,0.0,0,0.0,0,0.0,0,0.0,0,0.0,0.0,0.0,0.0,0.0,0.0,0.0,0.0,0.0,0.0,0.0,259.0,,,
郭求,郭求,小样本,1,12,False,False,0,0.0,0,0.0,0,0.0,0,0.0,0,0.0,0,0.0,0,0.0,0,0.0,0.0,0.0,0.0,0.0,0.0,0.0,0.0,0.0,0.0,0.0,259.0,,,
郭汭,郭汭,小样本,1,12,False,False,0,0.0,0,0.0,0,0.0,0,0.0,0,0.0,0,0.0,0,0.0,0,0.0,0.0,0.0,0.0,0.0,0.0,0.0,0.0,0.0,0.0,0.0,259.0,,,
郭澹,郭澹,小样本,2,18,False,False,0,0.0,0,0.0,0,0.0,0,0.0,0,0.0,0,0.0,0,0.0,0,0.0,0.0,0.0,0.0,0.0,0.0,0.0,0.0,0.0,0.0,0.0,259.0,,,
郭绍兰,郭绍兰,小样本,1,4,False,False,0,0.0,0,0.0,0,0.0,0,0.0,0,0.0,0,0.0,0,0.0,0,0.0,0.0,0.0,0.0,0.0,0.0,0.0,0.0,0.0,0.0,0.0,259.0,,,
郭良,郭良,小样本,2,16,False,False,0,0.0,0,0.0,0,0.0,0,0.0,0,0.0,0,0.0,0,0.0,0,0.0,0.0,0.0,0.0,0.0,0.0,0.0,0.0,0.0,0.0,0.0,259.0,,,
郭良骥,郭良骥,小样本,2,12,False,False,0,0.0,0,0.0,0,0.0,0,0.0,0,0.0,0,0.0,0,0.0,0,0.0,0.0,0.0,0.0,0.0,0.0,0.0,0.0,0.0,0.0,0.0,259.0,,,
郭郧,郭郧,小样本,1,8,False,False,0,0.0,0,0.0,0,0.0,0,0.0,0,0.0,0,0.0,0,0.0,0,0.0,0.0,0.0,0.0,0.0,0.0,0.0,0.0,0.0,0.0,0.0,259.0,,,
释元康,释元康,小样本,1,5,False,False,0,0.0,0,0.0,0,0.0,0,0.0,0,0.0,0,0.0,0,0.0,0,0.0,0.0,0.0,0.0,0.0,0.0,0.0,0.0,0.0,0.0,0.0,259.0,,,
释泚,释泚,小样本,2,16,False,False,0,0.0,0,0.0,0,0.0,0,0.0,0,0.0,0,0.0,0,0.0,0,0.0,0.0,0.0,0.0,0.0,0.0,0.0,0.0,0.0,0.0,0.0,259.0,,,
金厚载,金厚载,小样本,2,20,False,False,0,0.0,0,0.0,0,0.0,0,0.0,0,0.0,0,0.0,0,0.0,0,0.0,0.0,0.0,0.0,0.0,0.0,0.0,0.0,0.0,0.0,0.0,259.0,,,
金地藏,金地藏,小样本,1,8,False,False,0,0.0,0,0.0,0,0.0,0,0.0,0,0.0,0,0.0,0,0.0,0,0.0,0.0,0.0,0.0,0.0,0.0,0.0,0.0,0.0,0.0,0.0,259.0,,,
金车美人,金车美人,小样本,1,24,False,False,0,0.0,0,0.0,0,0.0,0,0.0,0,0.0,0,0.0,0,0.0,0,0.0,0.0,0.0,0.0,0.0,0.0,0.0,0.0,0.0,0.0,0.0,259.0,,,
钟蒨,钟蒨,小样本,1,8,False,False,0,0.0,0,0.0,0,0.0,0,0.0,0,0.0,0,0.0,0,0.0,0,0.0,0.0,0.0,0.0,0.0,0.0,0.0,0.0,0.0,0.0,0.0,259.0,,,
钟谟,钟谟,小样本,3,16,False,False,0,0.0,0,0.0,0,0.0,0,0.0,0,0.0,0,0.0,0,0.0,0,0.0,0.0,0.0,0.0,0.0,0.0,0.0,0.0,0.0,0.0,0.0,259.0,,,
钟辂,钟辂,小样本,1,12,False,False,0,0.0,0,0.0,0,0.0,0,0.0,0,0.0,0,0.0,0,0.0,0,0.0,0.0,0.0,0.0,0.0,0.0,0.0,0.0,0.0,0.0,0.0,259.0,,,
钟辐,钟辐,小样本,1,16,False,False,0,0.0,0,0.0,0,0.0,0,0.0,0,0.0,0,0.0,0,0.0,0,0.0,0.0,0.0,0.0,0.0,0.0,0.0,0.0,0.0,0.0,0.0,259.0,,,
钱众仲,钱众仲,小样本,2,24,False,False,0,0.0,0,0.0,0,0.0,0,0.0,0,0.0,0,0.0,0,0.0,0,0.0,0.0,0.0,0.0,0.0,0.0,0.0,0.0,0.0,0.0,0.0,259.0,,,
钱信,钱信,小样本,1,4,False,False,0,0.0,0,0.0,0,0.0,0,0.0,0,0.0,0,0.0,0,0.0,0,0.0,0.0,0.0,0.0,0.0,0.0,0.0,0.0,0.0,0.0,0.0,259.0,,,
钱俶,钱俶,小样本,1,8,False,False,0,0.0,0,0.0,0,0.0,0,0.0,0,0.0,0,0.0,0,0.0,0,0.0,0.0,0.0,0.0,0.0,0.0,0.0,0.0,0.0,0.0,0.0,259.0,,,
钱可复,钱可复,小样本,1,12,False,False,0,0.0,0,0.0,0,0.0,0,0.0,0,0.0,0,0.0,0,0.0,0,0.0,0.0,0.0,0.0,0.0,0.0,0.0,0.0,0.0,0.0,0.0,259.0,,,
钱戭,钱戭,小样本,1,8,False,False,0,0.0,0,0.0,0,0.0,0,0.0,0,0.0,0,0.0,0,0.0,0,0.0,0.0,0.0,0.0,0.0,0.0,0.0,0.0,0.0,0.0,0.0,259.0,,,
铁铫,铁铫,小样本,1,4,False,False,0,0.0,0,0.0,0,0.0,0,0.0,0,0.0,0,0.0,0,0.0,0,0.0,0.0,0.0,0.0,0.0,0.0,0.0,0.0,0.0,0.0,0.0,259.0,,,
长孙佐转妻,长孙佐转妻,小样本,1,12,False,False,0,0.0,0,0.0,0,0.0,0,0.0,0,0.0,0,0.0,0,0.0,0,0.0,0.0,0.0,0.0,0.0,0.0,0.0,0.0,0.0,0.0,0.0,259.0,,,
长孙正隐,长孙正隐,小样本,1,8,False,False,0,0.0,0,0.0,0,0.0,0,0.0,0,0.0,0,0.0,0,0.0,0,0.0,0.0,0.0,0.0,0.0,0.0,0.0,0.0,0.0,0.0,0.0,259.0,,,
长孙氏,长孙氏,小样本,1,8,False,False,0,0.0,0,0.0,0,0.0,0,0.0,0,0.0,0,0.0,0,0.0,0,0.0,0.0,0.0,0.0,0.0,0.0,0.0,0.0,0.0,0.0,0.0,259.0,,,
长孙翱,长孙翱,小样本,1,4,False,False,0,0.0,0,0.0,0,0.0,0,0.0,0,0.0,0,0.0,0,0.0,0,0.0,0.0,0.0,0.0,0.0,0.0,0.0,0.0,0.0,0.0,0.0,259.0,,,
长安中鬼,长安中鬼,小样本,1,4,False,False,0,0.0,0,0.0,0,0.0,0,0.0,0,0.0,0,0.0,0,0.0,0,0.0,0.0,0.0,0.0,0.0,0.0,0.0,0.0,0.0,0.0,0.0,259.0,,,
长屋,长屋,小样本,1,4,False,False,0,0.0,0,0.0,0,0.0,0,0.0,0,0.0,0,0.0,0,0.0,0,0.0,0.0,0.0,0.0,0.0,0.0,0.0,0.0,0.0,0.0,0.0,259.0,,,
闾丘均,闾丘均,小样本,1,12,False,False,0,0.0,0,0.0,0,0.0,0,0.0,0,0.0,0,0.0,0,0.0,0,0.0,0.0,0.0,0.0,0.0,0.0,0.0,0.0,0.0,0.0,0.0,259.0,,,
闾丘晓,闾丘晓,小样本,1,8,False,False,0,0.0,0,0.0,0,0.0,0,0.0,0,0.0,0,0.0,0,0.0,0,0.0,0.0,0.0,0.0,0.0,0.0,0.0,0.0,0.0,0.0,0.0,259.0,,,
阎敬爱,阎敬爱,小样本,1,4,False,False,0,0.0,0,0.0,0,0.0,0,0.0,0,0.0,0,0.0,0,0.0,0,0.0,0.0,0.0,0.0,0.0,0.0,0.0,0.0,0.0,0.0,0.0,259.0,,,
阎济美,阎济美,小样本,2,16,False,False,0,0.0,0,0.0,0,0.0,0,0.0,0,0.0,0,0.0,0,0.0,0,0.0,0.0,0.0,0.0,0.0,0.0,0.0,0.0,0.0,0.0,0.0,259.0,,,
阎立本,阎立本,小样本,1,16,False,False,0,0.0,0,0.0,0,0.0,0,0.0,0,0.0,0,0.0,0,0.0,0,0.0,0.0,0.0,0.0,0.0,0.0,0.0,0.0,0.0,0.0,0.0,259.0,,,
阎选,阎选,小样本,7,72,False,False,0,0.0,0,0.0,0,0.0,0,0.0,0,0.0,0,0.0,0,0.0,0,0.0,0.0,0.0,0.0,0.0,0.0,0.0,0.0,0.0,0.0,0.0,259.0,,,
阴行先,阴行先,小样本,1,8,False,False,0,0.0,0,0.0,0,0.0,0,0.0,0,0.0,0,0.0,0,0.0,0,0.0,0.0,0.0,0.0,0.0,0.0,0.0,0.0,0.0,0.0,0.0,259.0,,,
陆凭,陆凭,小样本,1,4,False,False,0,0.0,0,0.0,0,0.0,0,0.0,0,0.0,0,0.0,0,0.0,0,0.0,0.0,0.0,0.0,0.0,0.0,0.0,0.0,0.0,0.0,0.0,259.0,,,
陆子,陆子,小样本,1,3,False,False,0,0.0,0,0.0,0,0.0,0,0.0,0,0.0,0,0.0,0,0.0,0,0.0,0.0,0.0,0.0,0.0,0.0,0.0,0.0,0.0,0.0,0.0,259.0,,,
陆岩梦,陆岩梦,小样本,1,8,False,False,0,0.0,0,0.0,0,0.0,0,0.0,0,0.0,0,0.0,0,0.0,0,0.0,0.0,0.0,0.0,0.0,0.0,0.0,0.0,0.0,0.0,0.0,259.0,,,
陆弘休,陆弘休,小样本,1,8,False,False,0,0.0,0,0.0,0,0.0,0,0.0,0,0.0,0,0.0,0,0.0,0,0.0,0.0,0.0,0.0,0.0,0.0,0.0,0.0,0.0,0.0,0.0,259.0,,,
陆扆,陆扆,小样本,2,13,False,False,0,0.0,0,0.0,0,0.0,0,0.0,0,0.0,0,0.0,0,0.0,0,0.0,0.0,0.0,0.0,0.0,0.0,0.0,0.0,0.0,0.0,0.0,259.0,,,
陆景初,陆景初,小样本,1,8,False,False,0,0.0,0,0.0,0,0.0,0,0.0,0,0.0,0,0.0,0,0.0,0,0.0,0.0,0.0,0.0,0.0,0.0,0.0,0.0,0.0,0.0,0.0,259.0,,,
陆海,陆海,小样本,3,13,False,False,0,0.0,0,0.0,0,0.0,0,0.0,0,0.0,0,0.0,0,0.0,0,0.0,0.0,0.0,0.0,0.0,0.0,0.0,0.0,0.0,0.0,0.0,259.0,,,
陆瀍,陆瀍,小样本,1,8,False,False,0,0.0,0,0.0,0,0.0,0,0.0,0,0.0,0,0.0,0,0.0,0,0.0,0.0,0.0,0.0,0.0,0.0,0.0,0.0,0.0,0.0,0.0,259.0,,,
陆禹臣,陆禹臣,小样本,1,4,False,False,0,0.0,0,0.0,0,0.0,0,0.0,0,0.0,0,0.0,0,0.0,0,0.0,0.0,0.0,0.0,0.0,0.0,0.0,0.0,0.0,0.0,0.0,259.0,,,
陆羽,陆羽,小样本,3,16,False,False,0,0.0,0,0.0,0,0.0,0,0.0,0,0.0,0,0.0,0,0.0,0,0.0,0.0,0.0,0.0,0.0,0.0,0.0,0.0,0.0,0.0,0.0,259.0,,,
陆翱,陆翱,小样本,2,16,False,False,0,0.0,0,0.0,0,0.0,0,0.0,0,0.0,0,0.0,0,0.0,0,0.0,0.0,0.0,0.0,0.0,0.0,0.0,0.0,0.0,0.0,0.0,259.0,,,
陆肱,陆肱,小样本,1,8,False,False,0,0.0,0,0.0,0,0.0,0,0.0,0,0.0,0,0.0,0,0.0,0,0.0,0.0,0.0,0.0,0.0,0.0,0.0,0.0,0.0,0.0,0.0,259.0,,,
陆贞洞,陆贞洞,小样本,1,4,False,False,0,0.0,0,0.0,0,0.0,0,0.0,0,0.0,0,0.0,0,0.0,0,0.0,0.0,0.0,0.0,0.0,0.0,0.0,0.0,0.0,0.0,0.0,259.0,,,
陆贽,陆贽,小样本,4,40,False,False,0,0.0,0,0.0,0,0.0,0,0.0,0,0.0,0,0.0,0,0.0,0,0.0,0.0,0.0,0.0,0.0,0.0,0.0,0.0,0.0,0.0,0.0,259.0,,,
陆长源,陆长源,小样本,5,40,False,False,0,0.0,0,0.0,0,0.0,0,0.0,0,0.0,0,0.0,0,0.0,0,0.0,0.0,0.0,0.0,0.0,0.0,0.0,0.0,0.0,0.0,0.0,259.0,,,
陈上美,陈上美,小样本,1,8,False,False,0,0.0,0,0.0,0,0.0,0,0.0,0,0.0,0,0.0,0,0.0,0,0.0,0.0,0.0,0.0,0.0,0.0,0.0,0.0,0.0,0.0,0.0,259.0,,,
陈中师,陈中师,小样本,1,12,False,False,0,0.0,0,0.0,0,0.0,0,0.0,0,0.0,0,0.0,0,0.0,0,0.0,0.0,0.0,0.0,0.0,0.0,0.0,0.0,0.0,0.0,0.0,259.0,,,
陈京,陈京,小样本,2,16,False,False,0,0.0,0,0.0,0,0.0,0,0.0,0,0.0,0,0.0,0,0.0,0,0.0,0.0,0.0,0.0,0.0,0.0,0.0,0.0,0.0,0.0,0.0,259.0,,,
陈元光,陈元光,小样本,3,56,False,False,0,0.0,0,0.0,0,0.0,0,0.0,0,0.0,0,0.0,0,0.0,0,0.0,0.0,0.0,0.0,0.0,0.0,0.0,0.0,0.0,0.0,0.0,259.0,,,
陈元初,陈元初,小样本,1,5,False,False,0,0.0,0,0.0,0,0.0,0,0.0,0,0.0,0,0.0,0,0.0,0,0.0,0.0,0.0,0.0,0.0,0.0,0.0,0.0,0.0,0.0,0.0,259.0,,,
陈元裕,陈元裕,小样本,1,8,False,False,0,0.0,0,0.0,0,0.0,0,0.0,0,0.0,0,0.0,0,0.0,0,0.0,0.0,0.0,0.0,0.0,0.0,0.0,0.0,0.0,0.0,0.0,259.0,,,
陈光,陈光,小样本,3,24,False,False,0,0.0,0,0.0,0,0.0,0,0.0,0,0.0,0,0.0,0,0.0,0,0.0,0.0,0.0,0.0,0.0,0.0,0.0,0.0,0.0,0.0,0.0,259.0,,,
陈嘉言,陈嘉言,小样本,3,24,False,False,0,0.0,0,0.0,0,0.0,0,0.0,0,0.0,0,0.0,0,0.0,0,0.0,0.0,0.0,0.0,0.0,0.0,0.0,0.0,0.0,0.0,0.0,259.0,,,
陈复休,陈复休,小样本,1,2,False,False,0,0.0,0,0.0,0,0.0,0,0.0,0,0.0,0,0.0,0,0.0,0,0.0,0.0,0.0,0.0,0.0,0.0,0.0,0.0,0.0,0.0,0.0,259.0,,,
陈存,陈存,小样本,6,44,False,False,0,0.0,0,0.0,0,0.0,0,0.0,0,0.0,0,0.0,0,0.0,0,0.0,0.0,0.0,0.0,0.0,0.0,0.0,0.0,0.0,0.0,0.0,259.0,,,
陈孙,陈孙,小样本,1,8,False,False,0,0.0,0,0.0,0,0.0,0,0.0,0,0.0,0,0.0,0,0.0,0,0.0,0.0,0.0,0.0,0.0,0.0,0.0,0.0,0.0,0.0,0.0,259.0,,,
陈季,陈季,小样本,2,24,False,False,0,0.0,0,0.0,0,0.0,0,0.0,0,0.0,0,0.0,0,0.0,0,0.0,0.0,0.0,0.0,0.0,0.0,0.0,0.0,0.0,0.0,0.0,259.0,,,
陈季卿,陈季卿,小样本,5,36,False,False,0,0.0,0,0.0,0,0.0,0,0.0,0,0.0,0,0.0,0,0.0,0,0.0,0.0,0.0,0.0,0.0,0.0,0.0,0.0,0.0,0.0,0.0,259.0,,,
陈宫妃嫔,陈宫妃嫔,小样本,1,16,False,False,0,0.0,0,0.0,0,0.0,0,0.0,0,0.0,0,0.0,0,0.0,0,0.0,0.0,0.0,0.0,0.0,0.0,0.0,0.0,0.0,0.0,0.0,259.0,,,
陈寡言,陈寡言,小样本,2,12,False,False,0,0.0,0,0.0,0,0.0,0,0.0,0,0.0,0,0.0,0,0.0,0,0.0,0.0,0.0,0.0,0.0,0.0,0.0,0.0,0.0,0.0,0.0,259.0,,,
陈峤,陈峤,小样本,1,2,False,False,0,0.0,0,0.0,0,0.0,0,0.0,0,0.0,0,0.0,0,0.0,0,0.0,0.0,0.0,0.0,0.0,0.0,0.0,0.0,0.0,0.0,0.0,259.0,,,
陈嶰,陈嶰,小样本,1,4,False,False,0,0.0,0,0.0,0,0.0,0,0.0,0,0.0,0,0.0,0,0.0,0,0.0,0.0,0.0,0.0,0.0,0.0,0.0,0.0,0.0,0.0,0.0,259.0,,,
陈师穆,陈师穆,小样本,1,12,False,False,0,0.0,0,0.0,0,0.0,0,0.0,0,0.0,0,0.0,0,0.0,0,0.0,0.0,0.0,0.0,0.0,0.0,0.0,0.0,0.0,0.0,0.0,259.0,,,
陈希烈,陈希烈,小样本,3,32,False,False,0,0.0,0,0.0,0,0.0,0,0.0,0,0.0,0,0.0,0,0.0,0,0.0,0.0,0.0,0.0,0.0,0.0,0.0,0.0,0.0,0.0,0.0,259.0,,,
陈彦,陈彦,小样本,1,4,False,False,0,0.0,0,0.0,0,0.0,0,0.0,0,0.0,0,0.0,0,0.0,0,0.0,0.0,0.0,0.0,0.0,0.0,0.0,0.0,0.0,0.0,0.0,259.0,,,
陈彦博,陈彦博,小样本,1,12,False,False,0,0.0,0,0.0,0,0.0,0,0.0,0,0.0,0,0.0,0,0.0,0,0.0,0.0,0.0,0.0,0.0,0.0,0.0,0.0,0.0,0.0,0.0,259.0,,,
陈政,陈政,小样本,1,24,False,False,0,0.0,0,0.0,0,0.0,0,0.0,0,0.0,0,0.0,0,0.0,0,0.0,0.0,0.0,0.0,0.0,0.0,0.0,0.0,0.0,0.0,0.0,259.0,,,
陈昌言,陈昌言,小样本,2,24,False,False,0,0.0,0,0.0,0,0.0,0,0.0,0,0.0,0,0.0,0,0.0,0,0.0,0.0,0.0,0.0,0.0,0.0,0.0,0.0,0.0,0.0,0.0,259.0,,,
陈昭,陈昭,小样本,1,8,False,False,0,0.0,0,0.0,0,0.0,0,0.0,0,0.0,0,0.0,0,0.0,0,0.0,0.0,0.0,0.0,0.0,0.0,0.0,0.0,0.0,0.0,0.0,259.0,,,
陈玉兰,陈玉兰,小样本,1,4,False,False,0,0.0,0,0.0,0,0.0,0,0.0,0,0.0,0,0.0,0,0.0,0,0.0,0.0,0.0,0.0,0.0,0.0,0.0,0.0,0.0,0.0,0.0,259.0,,,
陈璀,陈璀,小样本,1,12,False,False,0,0.0,0,0.0,0,0.0,0,0.0,0,0.0,0,0.0,0,0.0,0,0.0,0.0,0.0,0.0,0.0,0.0,0.0,0.0,0.0,0.0,0.0,259.0,,,
陈祜,陈祜,小样本,1,12,False,False,0,0.0,0,0.0,0,0.0,0,0.0,0,0.0,0,0.0,0,0.0,0,0.0,0.0,0.0,0.0,0.0,0.0,0.0,0.0,0.0,0.0,0.0,259.0,,,
陈羽,陈羽,小样本,2,8,False,False,0,0.0,0,0.0,0,0.0,0,0.0,0,0.0,0,0.0,0,0.0,0,0.0,0.0,0.0,0.0,0.0,0.0,0.0,0.0,0.0,0.0,0.0,259.0,,,
陈翊,陈翊,小样本,7,50,False,False,0,0.0,0,0.0,0,0.0,0,0.0,0,0.0,0,0.0,0,0.0,0,0.0,0.0,0.0,0.0,0.0,0.0,0.0,0.0,0.0,0.0,0.0,259.0,,,
陈翥,陈翥,小样本,2,20,False,False,0,0.0,0,0.0,0,0.0,0,0.0,0,0.0,0,0.0,0,0.0,0,0.0,0.0,0.0,0.0,0.0,0.0,0.0,0.0,0.0,0.0,0.0,259.0,,,
陈至,陈至,小样本,3,26,False,False,0,0.0,0,0.0,0,0.0,0,0.0,0,0.0,0,0.0,0,0.0,0,0.0,0.0,0.0,0.0,0.0,0.0,0.0,0.0,0.0,0.0,0.0,259.0,,,
陈蓬,陈蓬,小样本,1,3,False,False,0,0.0,0,0.0,0,0.0,0,0.0,0,0.0,0,0.0,0,0.0,0,0.0,0.0,0.0,0.0,0.0,0.0,0.0,0.0,0.0,0.0,0.0,259.0,,,
陈讽,陈讽,小样本,1,12,False,False,0,0.0,0,0.0,0,0.0,0,0.0,0,0.0,0,0.0,0,0.0,0,0.0,0.0,0.0,0.0,0.0,0.0,0.0,0.0,0.0,0.0,0.0,259.0,,,
陈贶,陈贶,小样本,1,8,False,False,0,0.0,0,0.0,0,0.0,0,0.0,0,0.0,0,0.0,0,0.0,0,0.0,0.0,0.0,0.0,0.0,0.0,0.0,0.0,0.0,0.0,0.0,259.0,,,
陈述,陈述,小样本,1,6,False,False,0,0.0,0,0.0,0,0.0,0,0.0,0,0.0,0,0.0,0,0.0,0,0.0,0.0,0.0,0.0,0.0,0.0,0.0,0.0,0.0,0.0,0.0,259.0,,,
陈通方,陈通方,小样本,3,26,False,False,0,0.0,0,0.0,0,0.0,0,0.0,0,0.0,0,0.0,0,0.0,0,0.0,0.0,0.0,0.0,0.0,0.0,0.0,0.0,0.0,0.0,0.0,259.0,,,
陈黯,陈黯,小样本,1,4,False,False,0,0.0,0,0.0,0,0.0,0,0.0,0,0.0,0,0.0,0,0.0,0,0.0,0.0,0.0,0.0,0.0,0.0,0.0,0.0,0.0,0.0,0.0,259.0,,,
陶岘,陶岘,小样本,1,8,False,False,0,0.0,0,0.0,0,0.0,0,0.0,0,0.0,0,0.0,0,0.0,0,0.0,0.0,0.0,0.0,0.0,0.0,0.0,0.0,0.0,0.0,0.0,259.0,,,
陶拱,陶拱,小样本,1,12,False,False,0,0.0,0,0.0,0,0.0,0,0.0,0,0.0,0,0.0,0,0.0,0,0.0,0.0,0.0,0.0,0.0,0.0,0.0,0.0,0.0,0.0,0.0,259.0,,,
隐求,隐求,小样本,1,4,False,False,0,0.0,0,0.0,0,0.0,0,0.0,0,0.0,0,0.0,0,0.0,0,0.0,0.0,0.0,0.0,0.0,0.0,0.0,0.0,0.0,0.0,0.0,259.0,,,
隐者,隐者,小样本,1,4,False,False,0,0.0,0,0.0,0,0.0,0,0.0,0,0.0,0,0.0,0,0.0,0,0.0,0.0,0.0,0.0,0.0,0.0,0.0,0.0,0.0,0.0,0.0,259.0,,,
隔窗鬼,隔窗鬼,小样本,1,4,False,False,0,0.0,0,0.0,0,0.0,0,0.0,0,0.0,0,0.0,0,0.0,0,0.0,0.0,0.0,0.0,0.0,0.0,0.0,0.0,0.0,0.0,0.0,259.0,,,
青城丈人,青城丈人,小样本,1,4,False,False,0,0.0,0,0.0,0,0.0,0,0.0,0,0.0,0,0.0,0,0.0,0,0.0,0.0,0.0,0.0,0.0,0.0,0.0,0.0,0.0,0.0,0.0,259.0,,,
青童,青童,小样本,1,4,False,False,0,0.0,0,0.0,0,0.0,0,0.0,0,0.0,0,0.0,0,0.0,0,0.0,0.0,0.0,0.0,0.0,0.0,0.0,0.0,0.0,0.0,0.0,259.0,,,
韦丹,韦丹,小样本,2,8,False,False,0,0.0,0,0.0,0,0.0,0,0.0,0,0.0,0,0.0,0,0.0,0,0.0,0.0,0.0,0.0,0.0,0.0,0.0,0.0,0.0,0.0,0.0,259.0,,,
韦元甫,韦元甫,小样本,1,44,False,False,0,0.0,0,0.0,0,0.0,0,0.0,0,0.0,0,0.0,0,0.0,0,0.0,0.0,0.0,0.0,0.0,0.0,0.0,0.0,0.0,0.0,0.0,259.0,,,
韦冰,韦冰,小样本,1,4,False,False,0,0.0,0,0.0,0,0.0,0,0.0,0,0.0,0,0.0,0,0.0,0,0.0,0.0,0.0,0.0,0.0,0.0,0.0,0.0,0.0,0.0,0.0,259.0,,,
韦同则,韦同则,小样本,1,4,False,False,0,0.0,0,0.0,0,0.0,0,0.0,0,0.0,0,0.0,0,0.0,0,0.0,0.0,0.0,0.0,0.0,0.0,0.0,0.0,0.0,0.0,0.0,259.0,,,
韦夏卿,韦夏卿,小样本,3,28,False,False,0,0.0,0,0.0,0,0.0,0,0.0,0,0.0,0,0.0,0,0.0,0,0.0,0.0,0.0,0.0,0.0,0.0,0.0,0.0,0.0,0.0,0.0,259.0,,,
韦安石,韦安石,小样本,3,24,False,False,0,0.0,0,0.0,0,0.0,0,0.0,0,0.0,0,0.0,0,0.0,0,0.0,0.0,0.0,0.0,0.0,0.0,0.0,0.0,0.0,0.0,0.0,259.0,,,
韦式,韦式,小样本,1,8,False,False,0,0.0,0,0.0,0,0.0,0,0.0,0,0.0,0,0.0,0,0.0,0,0.0,0.0,0.0,0.0,0.0,0.0,0.0,0.0,0.0,0.0,0.0,259.0,,,
韦执中,韦执中,小样本,1,8,False,False,0,0.0,0,0.0,0,0.0,0,0.0,0,0.0,0,0.0,0,0.0,0,0.0,0.0,0.0,0.0,0.0,0.0,0.0,0.0,0.0,0.0,0.0,259.0,,,
韦检亡姬,韦检亡姬,小样本,1,4,False,False,0,0.0,0,0.0,0,0.0,0,0.0,0,0.0,0,0.0,0,0.0,0,0.0,0.0,0.0,0.0,0.0,0.0,0.0,0.0,0.0,0.0,0.0,259.0,,,
韦洪,韦洪,小样本,1,10,False,False,0,0.0,0,0.0,0,0.0,0,0.0,0,0.0,0,0.0,0,0.0,0,0.0,0.0,0.0,0.0,0.0,0.0,0.0,0.0,0.0,0.0,0.0,259.0,,,
韦济,韦济,小样本,1,8,False,False,0,0.0,0,0.0,0,0.0,0,0.0,0,0.0,0,0.0,0,0.0,0,0.0,0.0,0.0,0.0,0.0,0.0,0.0,0.0,0.0,0.0,0.0,259.0,,,
韦瓘,韦瓘,小样本,1,8,False,False,0,0.0,0,0.0,0,0.0,0,0.0,0,0.0,0,0.0,0,0.0,0,0.0,0.0,0.0,0.0,0.0,0.0,0.0,0.0,0.0,0.0,0.0,259.0,,,
韦皋,韦皋,小样本,3,16,False,False,0,0.0,0,0.0,0,0.0,0,0.0,0,0.0,0,0.0,0,0.0,0,0.0,0.0,0.0,0.0,0.0,0.0,0.0,0.0,0.0,0.0,0.0,259.0,,,
韦迢,韦迢,小样本,2,16,False,False,0,0.0,0,0.0,0,0.0,0,0.0,0,0.0,0,0.0,0,0.0,0,0.0,0.0,0.0,0.0,0.0,0.0,0.0,0.0,0.0,0.0,0.0,259.0,,,
韦述,韦述,小样本,4,48,False,False,0,0.0,0,0.0,0,0.0,0,0.0,0,0.0,0,0.0,0,0.0,0,0.0,0.0,0.0,0.0,0.0,0.0,0.0,0.0,0.0,0.0,0.0,259.0,,,
韦遵,韦遵,小样本,1,4,False,False,0,0.0,0,0.0,0,0.0,0,0.0,0,0.0,0,0.0,0,0.0,0,0.0,0.0,0.0,0.0,0.0,0.0,0.0,0.0,0.0,0.0,0.0,259.0,,,
韦铿,韦铿,小样本,1,4,False,False,0,0.0,0,0.0,0,0.0,0,0.0,0,0.0,0,0.0,0,0.0,0,0.0,0.0,0.0,0.0,0.0,0.0,0.0,0.0,0.0,0.0,0.0,259.0,,,
韦镒,韦镒,小样本,1,20,False,False,0,0.0,0,0.0,0,0.0,0,0.0,0,0.0,0,0.0,0,0.0,0,0.0,0.0,0.0,0.0,0.0,0.0,0.0,0.0,0.0,0.0,0.0,259.0,,,
韦鹏翼,韦鹏翼,小样本,2,8,False,False,0,0.0,0,0.0,0,0.0,0,0.0,0,0.0,0,0.0,0,0.0,0,0.0,0.0,0.0,0.0,0.0,0.0,0.0,0.0,0.0,0.0,0.0,259.0,,,
韦鼎,韦鼎,小样本,1,8,False,False,0,0.0,0,0.0,0,0.0,0,0.0,0,0.0,0,0.0,0,0.0,0,0.0,0.0,0.0,0.0,0.0,0.0,0.0,0.0,0.0,0.0,0.0,259.0,,,
韩仪,韩仪,小样本,1,4,False,False,0,0.0,0,0.0,0,0.0,0,0.0,0,0.0,0,0.0,0,0.0,0,0.0,0.0,0.0,0.0,0.0,0.0,0.0,0.0,0.0,0.0,0.0,259.0,,,
韩仲宣,韩仲宣,小样本,4,36,False,False,0,0.0,0,0.0,0,0.0,0,0.0,0,0.0,0,0.0,0,0.0,0,0.0,0.0,0.0,0.0,0.0,0.0,0.0,0.0,0.0,0.0,0.0,259.0,,,
韩休,韩休,小样本,4,52,False,False,0,0.0,0,0.0,0,0.0,0,0.0,0,0.0,0,0.0,0,0.0,0,0.0,0.0,0.0,0.0,0.0,0.0,0.0,0.0,0.0,0.0,0.0,259.0,,,
韩垂,韩垂,小样本,1,8,False,False,0,0.0,0,0.0,0,0.0,0,0.0,0,0.0,0,0.0,0,0.0,0,0.0,0.0,0.0,0.0,0.0,0.0,0.0,0.0,0.0,0.0,0.0,259.0,,,
韩定辞,韩定辞,小样本,1,4,False,False,0,0.0,0,0.0,0,0.0,0,0.0,0,0.0,0,0.0,0,0.0,0,0.0,0.0,0.0,0.0,0.0,0.0,0.0,0.0,0.0,0.0,0.0,259.0,,,
韩察,韩察,小样本,1,8,False,False,0,0.0,0,0.0,0,0.0,0,0.0,0,0.0,0,0.0,0,0.0,0,0.0,0.0,0.0,0.0,0.0,0.0,0.0,0.0,0.0,0.0,0.0,259.0,,,
韩屿,韩屿,小样本,1,8,False,False,0,0.0,0,0.0,0,0.0,0,0.0,0,0.0,0,0.0,0,0.0,0,0.0,0.0,0.0,0.0,0.0,0.0,0.0,0.0,0.0,0.0,0.0,259.0,,,
韩弇,韩弇,小样本,1,4,False,False,0,0.0,0,0.0,0,0.0,0,0.0,0,0.0,0,0.0,0,0.0,0,0.0,0.0,0.0,0.0,0.0,0.0,0.0,0.0,0.0,0.0,0.0,259.0,,,
韩思复,韩思复,小样本,2,16,False,False,0,0.0,0,0.0,0,0.0,0,0.0,0,0.0,0,0.0,0,0.0,0,0.0,0.0,0.0,0.0,0.0,0.0,0.0,0.0,0.0,0.0,0.0,259.0,,,
韩思彦,韩思彦,小样本,1,12,False,False,0,0.0,0,0.0,0,0.0,0,0.0,0,0.0,0,0.0,0,0.0,0,0.0,0.0,0.0,0.0,0.0,0.0,0.0,0.0,0.0,0.0,0.0,259.0,,,
韩昭裔,韩昭裔,小样本,1,4,False,False,0,0.0,0,0.0,0,0.0,0,0.0,0,0.0,0,0.0,0,0.0,0,0.0,0.0,0.0,0.0,0.0,0.0,0.0,0.0,0.0,0.0,0.0,259.0,,,
韩滉,韩滉,小样本,3,16,False,False,0,0.0,0,0.0,0,0.0,0,0.0,0,0.0,0,0.0,0,0.0,0,0.0,0.0,0.0,0.0,0.0,0.0,0.0,0.0,0.0,0.0,0.0,259.0,,,
韩濬,韩濬,小样本,1,12,False,False,0,0.0,0,0.0,0,0.0,0,0.0,0,0.0,0,0.0,0,0.0,0,0.0,0.0,0.0,0.0,0.0,0.0,0.0,0.0,0.0,0.0,0.0,259.0,,,
韩襄客,韩襄客,小样本,1,2,False,False,0,0.0,0,0.0,0,0.0,0,0.0,0,0.0,0,0.0,0,0.0,0,0.0,0.0,0.0,0.0,0.0,0.0,0.0,0.0,0.0,0.0,0.0,259.0,,,
韩雄,韩雄,小样本,1,8,False,False,0,0.0,0,0.0,0,0.0,0,0.0,0,0.0,0,0.0,0,0.0,0,0.0,0.0,0.0,0.0,0.0,0.0,0.0,0.0,0.0,0.0,0.0,259.0,,,
韬光,韬光,小样本,1,8,False,False,0,0.0,0,0.0,0,0.0,0,0.0,0,0.0,0,0.0,0,0.0,0,0.0,0.0,0.0,0.0,0.0,0.0,0.0,0.0,0.0,0.0,0.0,259.0,,,
顾伟,顾伟,小样本,1,12,False,False,0,0.0,0,0.0,0,0.0,0,0.0,0,0.0,0,0.0,0,0.0,0,0.0,0.0,0.0,0.0,0.0,0.0,0.0,0.0,0.0,0.0,0.0,259.0,,,
顾朝阳,顾朝阳,小样本,2,16,False,False,0,0.0,0,0.0,0,0.0,0,0.0,0,0.0,0,0.0,0,0.0,0,0.0,0.0,0.0,0.0,0.0,0.0,0.0,0.0,0.0,0.0,0.0,259.0,,,
颜仁郁,颜仁郁,小样本,2,8,False,False,0,0.0,0,0.0,0,0.0,0,0.0,0,0.0,0,0.0,0,0.0,0,0.0,0.0,0.0,0.0,0.0,0.0,0.0,0.0,0.0,0.0,0.0,259.0,,,
颜令宾,颜令宾,小样本,1,4,False,False,0,0.0,0,0.0,0,0.0,0,0.0,0,0.0,0,0.0,0,0.0,0,0.0,0.0,0.0,0.0,0.0,0.0,0.0,0.0,0.0,0.0,0.0,259.0,,,
颜师古,颜师古,小样本,1,8,False,False,0,0.0,0,0.0,0,0.0,0,0.0,0,0.0,0,0.0,0,0.0,0,0.0,0.0,0.0,0.0,0.0,0.0,0.0,0.0,0.0,0.0,0.0,259.0,,,
颜粲,颜粲,小样本,2,24,False,False,0,0.0,0,0.0,0,0.0,0,0.0,0,0.0,0,0.0,0,0.0,0,0.0,0.0,0.0,0.0,0.0,0.0,0.0,0.0,0.0,0.0,0.0,259.0,,,
颜胄,颜胄,小样本,1,34,False,False,0,0.0,0,0.0,0,0.0,0,0.0,0,0.0,0,0.0,0,0.0,0,0.0,0.0,0.0,0.0,0.0,0.0,0.0,0.0,0.0,0.0,0.0,259.0,,,
颜荛,颜荛,小样本,2,7,False,False,0,0.0,0,0.0,0,0.0,0,0.0,0,0.0,0,0.0,0,0.0,0,0.0,0.0,0.0,0.0,0.0,0.0,0.0,0.0,0.0,0.0,0.0,259.0,,,
颜萱,颜萱,小样本,3,24,False,False,0,0.0,0,0.0,0,0.0,0,0.0,0,0.0,0,0.0,0,0.0,0,0.0,0.0,0.0,0.0,0.0,0.0,0.0,0.0,0.0,0.0,0.0,259.0,,,
马乂,马乂,小样本,1,12,False,False,0,0.0,0,0.0,0,0.0,0,0.0,0,0.0,0,0.0,0,0.0,0,0.0,0.0,0.0,0.0,0.0,0.0,0.0,0.0,0.0,0.0,0.0,259.0,,,
马令,马令,小样本,1,28,False,False,0,0.0,0,0.0,0,0.0,0,0.0,0,0.0,0,0.0,0,0.0,0,0.0,0.0,0.0,0.0,0.0,0.0,0.0,0.0,0.0,0.0,0.0,259.0,,,
马冉,马冉,小样本,1,4,False,False,0,0.0,0,0.0,0,0.0,0,0.0,0,0.0,0,0.0,0,0.0,0,0.0,0.0,0.0,0.0,0.0,0.0,0.0,0.0,0.0,0.0,0.0,259.0,,,
马周,马周,小样本,2,11,False,False,0,0.0,0,0.0,0,0.0,0,0.0,0,0.0,0,0.0,0,0.0,0,0.0,0.0,0.0,0.0,0.0,0.0,0.0,0.0,0.0,0.0,0.0,259.0,,,
马彧,马彧,小样本,1,4,False,False,0,0.0,0,0.0,0,0.0,0,0.0,0,0.0,0,0.0,0,0.0,0,0.0,0.0,0.0,0.0,0.0,0.0,0.0,0.0,0.0,0.0,0.0,259.0,,,
马植,马植,小样本,1,8,False,False,0,0.0,0,0.0,0,0.0,0,0.0,0,0.0,0,0.0,0,0.0,0,0.0,0.0,0.0,0.0,0.0,0.0,0.0,0.0,0.0,0.0,0.0,259.0,,,
马湘,马湘,小样本,4,28,False,False,0,0.0,0,0.0,0,0.0,0,0.0,0,0.0,0,0.0,0,0.0,0,0.0,0.0,0.0,0.0,0.0,0.0,0.0,0.0,0.0,0.0,0.0,259.0,,,
马致恭,马致恭,小样本,1,8,False,False,0,0.0,0,0.0,0,0.0,0,0.0,0,0.0,0,0.0,0,0.0,0,0.0,0.0,0.0,0.0,0.0,0.0,0.0,0.0,0.0,0.0,0.0,259.0,,,
马逢,马逢,小样本,4,28,False,False,0,0.0,0,0.0,0,0.0,0,0.0,0,0.0,0,0.0,0,0.0,0,0.0,0.0,0.0,0.0,0.0,0.0,0.0,0.0,0.0,0.0,0.0,259.0,,,
骆浚,骆浚,小样本,1,4,False,False,0,0.0,0,0.0,0,0.0,0,0.0,0,0.0,0,0.0,0,0.0,0,0.0,0.0,0.0,0.0,0.0,0.0,0.0,0.0,0.0,0.0,0.0,259.0,,,
高傪,高傪,小样本,1,6,False,False,0,0.0,0,0.0,0,0.0,0,0.0,0,0.0,0,0.0,0,0.0,0,0.0,0.0,0.0,0.0,0.0,0.0,0.0,0.0,0.0,0.0,0.0,259.0,,,
高力士,高力士,小样本,2,7,False,False,0,0.0,0,0.0,0,0.0,0,0.0,0,0.0,0,0.0,0,0.0,0,0.0,0.0,0.0,0.0,0.0,0.0,0.0,0.0,0.0,0.0,0.0,259.0,,,
高峤,高峤,小样本,2,16,False,False,0,0.0,0,0.0,0,0.0,0,0.0,0,0.0,0,0.0,0,0.0,0,0.0,0.0,0.0,0.0,0.0,0.0,0.0,0.0,0.0,0.0,0.0,259.0,,,
高崇文,高崇文,小样本,1,4,False,False,0,0.0,0,0.0,0,0.0,0,0.0,0,0.0,0,0.0,0,0.0,0,0.0,0.0,0.0,0.0,0.0,0.0,0.0,0.0,0.0,0.0,0.0,259.0,,,
高弁,高弁,小样本,1,12,False,False,0,0.0,0,0.0,0,0.0,0,0.0,0,0.0,0,0.0,0,0.0,0,0.0,0.0,0.0,0.0,0.0,0.0,0.0,0.0,0.0,0.0,0.0,259.0,,,
高正臣,高正臣,小样本,2,16,False,False,0,0.0,0,0.0,0,0.0,0,0.0,0,0.0,0,0.0,0,0.0,0,0.0,0.0,0.0,0.0,0.0,0.0,0.0,0.0,0.0,0.0,0.0,259.0,,,
高球,高球,小样本,2,20,False,False,0,0.0,0,0.0,0,0.0,0,0.0,0,0.0,0,0.0,0,0.0,0,0.0,0.0,0.0,0.0,0.0,0.0,0.0,0.0,0.0,0.0,0.0,259.0,,,
高瑾,高瑾,小样本,4,36,False,False,0,0.0,0,0.0,0,0.0,0,0.0,0,0.0,0,0.0,0,0.0,0,0.0,0.0,0.0,0.0,0.0,0.0,0.0,0.0,0.0,0.0,0.0,259.0,,,
高璩,高璩,小样本,2,10,False,False,0,0.0,0,0.0,0,0.0,0,0.0,0,0.0,0,0.0,0,0.0,0,0.0,0.0,0.0,0.0,0.0,0.0,0.0,0.0,0.0,0.0,0.0,259.0,,,
高绍,高绍,小样本,1,8,False,False,0,0.0,0,0.0,0,0.0,0,0.0,0,0.0,0,0.0,0,0.0,0,0.0,0.0,0.0,0.0,0.0,0.0,0.0,0.0,0.0,0.0,0.0,259.0,,,
高衢,高衢,小样本,1,4,False,False,0,0.0,0,0.0,0,0.0,0,0.0,0,0.0,0,0.0,0,0.0,0,0.0,0.0,0.0,0.0,0.0,0.0,0.0,0.0,0.0,0.0,0.0,259.0,,,
高越,高越,小样本,1,4,False,False,0,0.0,0,0.0,0,0.0,0,0.0,0,0.0,0,0.0,0,0.0,0,0.0,0.0,0.0,0.0,0.0,0.0,0.0,0.0,0.0,0.0,0.0,259.0,,,
高辇,高辇,小样本,2,12,False,False,0,0.0,0,0.0,0,0.0,0,0.0,0,0.0,0,0.0,0,0.0,0,0.0,0.0,0.0,0.0,0.0,0.0,0.0,0.0,0.0,0.0,0.0,259.0,,,
高退之,高退之,小样本,1,8,False,False,0,0.0,0,0.0,0,0.0,0,0.0,0,0.0,0,0.0,0,0.0,0,0.0,0.0,0.0,0.0,0.0,0.0,0.0,0.0,0.0,0.0,0.0,259.0,,,
高铢,高铢,小样本,1,8,False,False,0,0.0,0,0.0,0,0.0,0,0.0,0,0.0,0,0.0,0,0.0,0,0.0,0.0,0.0,0.0,0.0,0.0,0.0,0.0,0.0,0.0,0.0,259.0,,,
魏元忠,魏元忠,小样本,2,16,False,False,0,0.0,0,0.0,0,0.0,0,0.0,0,0.0,0,0.0,0,0.0,0,0.0,0.0,0.0,0.0,0.0,0.0,0.0,0.0,0.0,0.0,0.0,259.0,,,
魏兼恕,魏兼恕,小样本,1,8,False,False,0,0.0,0,0.0,0,0.0,0,0.0,0,0.0,0,0.0,0,0.0,0,0.0,0.0,0.0,0.0,0.0,0.0,0.0,0.0,0.0,0.0,0.0,259.0,,,
魏奉古,魏奉古,小样本,1,20,False,False,0,0.0,0,0.0,0,0.0,0,0.0,0,0.0,0,0.0,0,0.0,0,0.0,0.0,0.0,0.0,0.0,0.0,0.0,0.0,0.0,0.0,0.0,259.0,,,
魏峦,魏峦,小样本,1,4,False,False,0,0.0,0,0.0,0,0.0,0,0.0,0,0.0,0,0.0,0,0.0,0,0.0,0.0,0.0,0.0,0.0,0.0,0.0,0.0,0.0,0.0,0.0,259.0,,,
魏扶,魏扶,小样本,3,20,False,False,0,0.0,0,0.0,0,0.0,0,0.0,0,0.0,0,0.0,0,0.0,0,0.0,0.0,0.0,0.0,0.0,0.0,0.0,0.0,0.0,0.0,0.0,259.0,,,
魏承班,魏承班,小样本,9,143,False,False,0,0.0,0,0.0,0,0.0,0,0.0,0,0.0,0,0.0,0,0.0,0,0.0,0.0,0.0,0.0,0.0,0.0,0.0,0.0,0.0,0.0,0.0,259.0,,,
魏朋妻,魏朋妻,小样本,1,12,False,False,0,0.0,0,0.0,0,0.0,0,0.0,0,0.0,0,0.0,0,0.0,0,0.0,0.0,0.0,0.0,0.0,0.0,0.0,0.0,0.0,0.0,0.0,259.0,,,
魏朴,魏朴,小样本,1,12,False,False,0,0.0,0,0.0,0,0.0,0,0.0,0,0.0,0,0.0,0,0.0,0,0.0,0.0,0.0,0.0,0.0,0.0,0.0,0.0,0.0,0.0,0.0,259.0,,,
魏氏,魏氏,小样本,1,34,False,False,0,0.0,0,0.0,0,0.0,0,0.0,0,0.0,0,0.0,0,0.0,0,0.0,0.0,0.0,0.0,0.0,0.0,0.0,0.0,0.0,0.0,0.0,259.0,,,
魏求己,魏求己,小样本,1,8,False,False,0,0.0,0,0.0,0,0.0,0,0.0,0,0.0,0,0.0,0,0.0,0,0.0,0.0,0.0,0.0,0.0,0.0,0.0,0.0,0.0,0.0,0.0,259.0,,,
魏璀,魏璀,小样本,1,12,False,False,0,0.0,0,0.0,0,0.0,0,0.0,0,0.0,0,0.0,0,0.0,0,0.0,0.0,0.0,0.0,0.0,0.0,0.0,0.0,0.0,0.0,0.0,259.0,,,
魏谟,魏谟,小样本,1,4,False,False,0,0.0,0,0.0,0,0.0,0,0.0,0,0.0,0,0.0,0,0.0,0,0.0,0.0,0.0,0.0,0.0,0.0,0.0,0.0,0.0,0.0,0.0,259.0,,,
鱼又玄,鱼又玄,小样本,1,11,False,False,0,0.0,0,0.0,0,0.0,0,0.0,0,0.0,0,0.0,0,0.0,0,0.0,0.0,0.0,0.0,0.0,0.0,0.0,0.0,0.0,0.0,0.0,259.0,,,
鲍君徽,鲍君徽,小样本,4,41,False,False,0,0.0,0,0.0,0,0.0,0,0.0,0,0.0,0,0.0,0,0.0,0,0.0,0.0,0.0,0.0,0.0,0.0,0.0,0.0,0.0,0.0,0.0,259.0,,,
鲍家四弦,鲍家四弦,小样本,2,8,False,False,0,0.0,0,0.0,0,0.0,0,0.0,0,0.0,0,0.0,0,0.0,0,0.0,0.0,0.0,0.0,0.0,0.0,0.0,0.0,0.0,0.0,0.0,259.0,,,
鲍氏君徽,鲍氏君徽,小样本,1,12,False,False,0,0.0,0,0.0,0,0.0,0,0.0,0,0.0,0,0.0,0,0.0,0,0.0,0.0,0.0,0.0,0.0,0.0,0.0,0.0,0.0,0.0,0.0,259.0,,,
麹崇裕,麹崇裕,小样本,1,4,False,False,0,0.0,0,0.0,0,0.0,0,0.0,0,0.0,0,0.0,0,0.0,0,0.0,0.0,0.0,0.0,0.0,0.0,0.0,0.0,0.0,0.0,0.0,259.0,,,
麹瞻,麹瞻,小样本,1,8,False,False,0,0.0,0,0.0,0,0.0,0,0.0,0,0.0,0,0.0,0,0.0,0,0.0,0.0,0.0,0.0,0.0,0.0,0.0,0.0,0.0,0.0,0.0,259.0,,,
麻温其,麻温其,小样本,1,8,False,False,0,0.0,0,0.0,0,0.0,0,0.0,0,0.0,0,0.0,0,0.0,0,0.0,0.0,0.0,0.0,0.0,0.0,0.0,0.0,0.0,0.0,0.0,259.0,,,
黄冠野夫,黄冠野夫,小样本,1,8,False,False,0,0.0,0,0.0,0,0.0,0,0.0,0,0.0,0,0.0,0,0.0,0,0.0,0.0,0.0,0.0,0.0,0.0,0.0,0.0,0.0,0.0,0.0,259.0,,,
黄崇嘏,黄崇嘏,小样本,2,12,False,False,0,0.0,0,0.0,0,0.0,0,0.0,0,0.0,0,0.0,0,0.0,0,0.0,0.0,0.0,0.0,0.0,0.0,0.0,0.0,0.0,0.0,0.0,259.0,,,
黄巢,黄巢,小样本,3,12,False,False,0,0.0,0,0.0,0,0.0,0,0.0,0,0.0,0,0.0,0,0.0,0,0.0,0.0,0.0,0.0,0.0,0.0,0.0,0.0,0.0,0.0,0.0,259.0,,,
黄幡绰,黄幡绰,小样本,1,4,False,False,0,0.0,0,0.0,0,0.0,0,0.0,0,0.0,0,0.0,0,0.0,0,0.0,0.0,0.0,0.0,0.0,0.0,0.0,0.0,0.0,0.0,0.0,259.0,,,
黄文,黄文,小样本,1,8,False,False,0,0.0,0,0.0,0,0.0,0,0.0,0,0.0,0,0.0,0,0.0,0,0.0,0.0,0.0,0.0,0.0,0.0,0.0,0.0,0.0,0.0,0.0,259.0,,,
黄陵美人,黄陵美人,小样本,1,4,False,False,0,0.0,0,0.0,0,0.0,0,0.0,0,0.0,0,0.0,0,0.0,0,0.0,0.0,0.0,0.0,0.0,0.0,0.0,0.0,0.0,0.0,0.0,259.0,,,
黄麟,黄麟,小样本,1,8,False,False,0,0.0,0,0.0,0,0.0,0,0.0,0,0.0,0,0.0,0,0.0,0,0.0,0.0,0.0,0.0,0.0,0.0,0.0,0.0,0.0,0.0,0.0,259.0,,,
黎逢,黎逢,小样本,2,24,False,False,0,0.0,0,0.0,0,0.0,0,0.0,0,0.0,0,0.0,0,0.0,0,0.0,0.0,0.0,0.0,0.0,0.0,0.0,0.0,0.0,0.0,0.0,259.0,,,
齐浣,齐浣,小样本,3,20,False,False,0,0.0,0,0.0,0,0.0,0,0.0,0,0.0,0,0.0,0,0.0,0,0.0,0.0,0.0,0.0,0.0,0.0,0.0,0.0,0.0,0.0,0.0,259.0,,,
龙护老人,龙护老人,小样本,1,8,False,False,0,0.0,0,0.0,0,0.0,0,0.0,0,0.0,0,0.0,0,0.0,0,0.0,0.0,0.0,0.0,0.0,0.0,0.0,0.0,0.0,0.0,0.0,259.0,,,
