unit_id,granularity,poem_id,卷,集类,集类号,诗类,题目,小序,组诗题,source_indices,reconstruction_mode,编号,作年,poem_source,注释引书_归一书名,初学记艺文类聚共同典源_归一书名,初学记艺文类聚共同典源_数量,是否涉及初学记艺文类聚共同典源,引文片段级共同典源_归一书名,引文片段级共同典源_数量,是否涉及引文片段级共同典源,verse_count,line_count,text,embedding_text,embedding_chars
0,poem,0,卷一,,,諷諭,賀雨,,,0,revised_jsonl_direct,0001,809,revised_jsonl,谱；笺；与元九书；白氏文集；两都赋序；诗品；晋记室左思；礼记；诗；唐摭言；宋高僧传；后唐明州国宁寺𧦪光传；梁书；陈书；尔雅；论语；墨子；吕氏春秋；左传；汤诰；泰誓；旧唐书；资治通鉴；奏请加德音中节目状；通鉴；书；谷梁传；汉书；天保；采薇；新唐书；刘辟传；李锜传；鹡鸰颂；寄题江外草堂；雨雹对；孟子；说苑；周礼；唐两京城坊考；大典；图；宫词；雍录；朝堂讳榜表；后汉书；病橘；乐府诗集；伤歌行；荀子；管子；易；往在；幽思赋；集传；闲居赋；省试风光草际浮；皇初颂；滁城对雪；奉和上元酺宴应诏；忆夜直金銮殿承旨；仪礼；日知录；楚语；周书；求存问亲戚疏；送綦毋秘书弃官还江东；史记,礼记；诗；尔雅；论语；墨子；吕氏春秋；左传；书；谷梁传；汉书；孟子；说苑；周礼；图；后汉书；管子；易；闲居赋；仪礼；周书；史记,21,True,,0,False,1,64,"皇帝嗣寶曆
元和三年冬
自冬及春暮
不雨旱爞爞
上心念下民
懼歲成災凶
遂下罪己詔
殷勤告萬邦
帝曰予一人
繼天承祖宗
憂勤不遑寧
夙夜心忡忡
元年誅劉闢
一舉靖巴邛
二年戮李錡
不戰安江東
顧惟眇眇德
遽有巍巍功
或者天降沴
無乃儆予躬
上思答天戒
下思致時邕
莫如率其身
慈和與儉恭
乃命罷進獻
乃命賑饑窮
宥死降五刑
已責寬三農
宮女出宣徽
厩馬減飛龍
庶政靡不舉
皆出自宸衷
奔騰道路人
傴僂田野翁
歡呼相告報
感泣涕沾胸
順人人心悦
先天天意從
詔下纔七日
和氣生沖融
凝爲悠悠雲
散作習習風
晝夜三日雨
淒淒復濛濛
萬心春熙熙
百穀青芃芃
人變愁爲喜
歲易儉爲豐
乃知王者心
憂樂與衆同
皇天與后土
所感無不通
冠珮何鏘鏘
將相及王公
蹈舞呼萬歲
列賀明庭中
小臣誠愚陋
職忝金鑾宮
稽首再三拜
一言獻天聰
君以明爲聖
臣以直爲忠
敢賀有其始
亦願有其終","賀雨皇帝嗣寶曆
元和三年冬
自冬及春暮
不雨旱爞爞
上心念下民
懼歲成災凶
遂下罪己詔
殷勤告萬邦
帝曰予一人
繼天承祖宗
憂勤不遑寧
夙夜心忡忡
元年誅劉闢
一舉靖巴邛
二年戮李錡
不戰安江東
顧惟眇眇德
遽有巍巍功
或者天降沴
無乃儆予躬
上思答天戒
下思致時邕
莫如率其身
慈和與儉恭
乃命罷進獻
乃命賑饑窮
宥死降五刑
已責寬三農
宮女出宣徽
厩馬減飛龍
庶政靡不舉
皆出自宸衷
奔騰道路人
傴僂田野翁
歡呼相告報
感泣涕沾胸
順人人心悦
先天天意從
詔下纔七日
和氣生沖融
凝爲悠悠雲
散作習習風
晝夜三日雨
淒淒復濛濛
萬心春熙熙
百穀青芃芃
人變愁爲喜
歲易儉爲豐
乃知王者心
憂樂與衆同
皇天與后土
所感無不通
冠珮何鏘鏘
將相及王公
蹈舞呼萬歲
列賀明庭中
小臣誠愚陋
職忝金鑾宮
稽首再三拜
一言獻天聰
君以明爲聖
臣以直爲忠
敢賀有其始
亦願有其終",385
1,poem,1,卷一,,,諷諭,讀張籍古樂府,,,1,revised_jsonl_direct,0002,815,revised_jsonl,笺；唐书；张司业集；全唐诗；古乐府飞龙曲留上陈左相；杂怨；古乐府杂怨；乐府新歌应教；旧唐书；学仙；董公；送李二十九兄员外赴邠宁使幕；题文集柜；毛诗序；周礼；盐铁论；论衡；晋书；董公诗；汉书；商女；勤齐；历阳壮士勤将军名思齐歌序；江南通志；舆记志古迹；论语；孟子；淮南子；易；诗；七契；食货志；后汉书；新唐书；说郛；梅妃传；一斛珠；左传；文心雕龙；与元九书；白氏文集；书怀；寄张籍；酬张十八访宿见赠；长安志；唐两京城坊考,毛诗序；周礼；盐铁论；论衡；晋书；汉书；论语；孟子；淮南子；易；诗；后汉书；左传,13,True,,0,False,1,40,"張君何爲者
業文三十春
尤工樂府詩
舉代少其倫
爲詩意如何
六義互鋪陳
風雅比興外
未嘗著空文
讀君學仙詩
可諷放佚君
讀君董公詩
可誨貪暴臣
讀君商女詩
可感悍婦仁
讀君勤齊詩
可勸薄夫敦
上可裨教化
舒之濟萬民
下可理情性
卷之善一身
始從青衿歲
迨此白髮新
日夜秉筆吟
心苦力亦勤
時無采詩官
委棄如泥塵
恐君百歲後
滅没人不聞
願藏中秘書
百代不湮淪
願播内樂府
時得聞至尊
言者志之苗
行者文之根
所以讀君詩
亦知君爲人
如何欲五十
官小身賤貧
病眼街西住
無人行到門","讀張籍古樂府張君何爲者
業文三十春
尤工樂府詩
舉代少其倫
爲詩意如何
六義互鋪陳
風雅比興外
未嘗著空文
讀君學仙詩
可諷放佚君
讀君董公詩
可誨貪暴臣
讀君商女詩
可感悍婦仁
讀君勤齊詩
可勸薄夫敦
上可裨教化
舒之濟萬民
下可理情性
卷之善一身
始從青衿歲
迨此白髮新
日夜秉筆吟
心苦力亦勤
時無采詩官
委棄如泥塵
恐君百歲後
滅没人不聞
願藏中秘書
百代不湮淪
願播内樂府
時得聞至尊
言者志之苗
行者文之根
所以讀君詩
亦知君爲人
如何欲五十
官小身賤貧
病眼街西住
無人行到門",245
2,poem,2,卷一,,,諷諭,孔戡,,,2,revised_jsonl_direct,0003,810,revised_jsonl,谱；笺；旧唐书；唐朝散大夫赠司勋员外郎孔君墓志铭；礼记；新唐书；述祖德诗二首；侠客行；后汉书；写怀二首；卢从史传；书；褚渊碑文；文选；题云门山寄越府包户曹徐起居；魏书；和答诗十首；秋日台中寄怀简诸僚；论语；易；楚辞；庄子；世说新语；拟古九首；赠贾岛；与山巨源绝交书；王梵志诗校注；与庾冰诗；感遇诗,礼记；后汉书；书；魏书；论语；易；楚辞；庄子,8,True,,0,False,1,32,"洛陽誰不死
戡死聞長安
我是知戡者
聞之涕泫然
戡佐山東軍
非義不可干
拂衣向西來
其道直如絃
從事得如此
人人以爲難
人言明明代
合置在朝端
或望居諫司
有事戡必言
或望居憲府
有邪戡必彈
惜哉兩不諧
没齒爲閑官
竟不得一日
謇謇立君前
形骸隨衆人
歛葬北邙山
平生剛腸内
直氣歸其間
賢者爲生民
生死懸在天
謂天不愛人
胡爲生其賢
爲天果愛民
胡爲奪其年
茫茫元化中
誰執如此權","孔戡洛陽誰不死
戡死聞長安
我是知戡者
聞之涕泫然
戡佐山東軍
非義不可干
拂衣向西來
其道直如絃
從事得如此
人人以爲難
人言明明代
合置在朝端
或望居諫司
有事戡必言
或望居憲府
有邪戡必彈
惜哉兩不諧
没齒爲閑官
竟不得一日
謇謇立君前
形骸隨衆人
歛葬北邙山
平生剛腸内
直氣歸其間
賢者爲生民
生死懸在天
謂天不愛人
胡爲生其賢
爲天果愛民
胡爲奪其年
茫茫元化中
誰執如此權",193
3,poem,3,卷一,,,諷諭,凶宅,,,3,revised_jsonl_direct,0004,,revised_jsonl,太平广记；韦协律兄；玄怪录；韩朝宗；朝野佥载；苏遏；唐两京城坊考；轻薄篇；长安道；伤歌行；奉和往虎窟山寺诗；太平御览；新论；赠何郎诗；登大雷岸与妹书；礼记；七发；文选；说文；捜神记；冬日晚郡事隙诗；孟门行；诗；楚辞；魏书；易；荀子；说苑；过秦论上；战国策书录；左传；汉书；旧唐书；老子化胡经；老君十六变词；史记；为袁绍檄豫州,新论；礼记；说文；诗；楚辞；魏书；易；说苑；左传；汉书；史记,11,True,,0,False,1,44,"長安多大宅
列在街西東
往往朱門内
房廊相對空
梟鳴松桂枝
狐藏蘭菊叢
蒼苔黄葉地
日暮多旋風
前主爲將相
得罪竄巴庸
後主爲公卿
寢疾殁其中
連延四五主
殃禍繼相鍾
自從十年來
不利主人翁
風雨壞簷隙
蛇鼠穿牆墉
人疑不敢買
日毀土木功
嗟嗟俗人心
甚矣其愚蒙
但恐災將至
不思禍所從
我今題此詩
欲悟迷者胸
凡爲大官人
年祿多高崇
權重持難久
位高勢易窮
驕者物之盈
老者數之終
四者如寇盜
日夜來相攻
假使居吉土
孰能保其躬
因小以明大
借家可諭邦
周秦宅崤函
其宅非不同
一興八百年
一死望夷宮
寄語家與國
人凶非宅凶","凶宅長安多大宅
列在街西東
往往朱門内
房廊相對空
梟鳴松桂枝
狐藏蘭菊叢
蒼苔黄葉地
日暮多旋風
前主爲將相
得罪竄巴庸
後主爲公卿
寢疾殁其中
連延四五主
殃禍繼相鍾
自從十年來
不利主人翁
風雨壞簷隙
蛇鼠穿牆墉
人疑不敢買
日毀土木功
嗟嗟俗人心
甚矣其愚蒙
但恐災將至
不思禍所從
我今題此詩
欲悟迷者胸
凡爲大官人
年祿多高崇
權重持難久
位高勢易窮
驕者物之盈
老者數之終
四者如寇盜
日夜來相攻
假使居吉土
孰能保其躬
因小以明大
借家可諭邦
周秦宅崤函
其宅非不同
一興八百年
一死望夷宮
寄語家與國
人凶非宅凶",265
4,poem,4,卷一,,,諷諭,夢仙,,,4,revised_jsonl_direct,0005,,revised_jsonl,云笈七签；道教三洞宗元；上清源统经目注序；列仙传；道士王纂；楚辞；洛神赋；魏书；四梵三界三十二天；史记；秦始皇本纪；太平广记；汉武帝；汉武内传；淮南子；桥陵诗三十韵；养性延命录；抱朴子内篇；陵阳子明经；捜神记；古诗十九首；养生论；以服散鎗赠殷钧别诗；蔡经；司马承祯；续仙传；题随州紫阳先生壁；汉书音义；三国志；典论；太清丹经；九鼎丹经；金液丹经；列子；赠白马王彪诗,列仙传；楚辞；洛神赋；魏书；史记；汉武内传；淮南子；列子,8,True,,0,False,1,48,"人有夢仙者
夢身升上清
坐乘一白鶴
前引雙紅旌
羽衣忽飄飄
玉鸞俄錚錚
半空直下視
人世塵冥冥
漸失鄉國處
纔分山水形
東海一片白
列岳五點青
須臾羣仙來
相引朝玉京
安期羨門輩
列侍如公卿
仰謁玉皇帝
稽首前致誠
帝言汝仙才
努力勿自輕
却後十五年
期汝不死庭
再拜受斯言
即寤喜且驚
秘之不敢泄
誓志居巖扃
恩愛捨骨肉
飲食斷羶腥
朝餐雲母散
夜吸沆瀣精
空山三十載
日望輜輧迎
前期過已久
鸞鶴無來聲
齒髮日衰白
耳目減聰明
一朝同物化
身與糞壤并
神仙信有之
俗力非可營
苟無金骨相
不列丹臺名
徒傳辟穀法
虛受燒丹經
只自取勤苦
百年終不成
悲哉夢仙人
一夢誤一生","夢仙人有夢仙者
夢身升上清
坐乘一白鶴
前引雙紅旌
羽衣忽飄飄
玉鸞俄錚錚
半空直下視
人世塵冥冥
漸失鄉國處
纔分山水形
東海一片白
列岳五點青
須臾羣仙來
相引朝玉京
安期羨門輩
列侍如公卿
仰謁玉皇帝
稽首前致誠
帝言汝仙才
努力勿自輕
却後十五年
期汝不死庭
再拜受斯言
即寤喜且驚
秘之不敢泄
誓志居巖扃
恩愛捨骨肉
飲食斷羶腥
朝餐雲母散
夜吸沆瀣精
空山三十載
日望輜輧迎
前期過已久
鸞鶴無來聲
齒髮日衰白
耳目減聰明
一朝同物化
身與糞壤并
神仙信有之
俗力非可營
苟無金骨相
不列丹臺名
徒傳辟穀法
虛受燒丹經
只自取勤苦
百年終不成
悲哉夢仙人
一夢誤一生",289
5,poem,5,卷一,,,諷諭,觀刈麥,,,5,revised_jsonl_direct,0006,807,revised_jsonl,谱；笺；元和郡县志；春晓；后汉书；礼记；孟子；公羊传；三国志；魏略；太平广记；番禺村女；稽神录；东阳夜怪录；诗；观田家；列子；行官张望补稻畦水归；汉书；冬至诗,后汉书；礼记；孟子；公羊传；魏略；诗；列子；汉书；冬至诗,9,True,,0,False,1,26,"田家少閑月
五月人倍忙
夜來南風起
小麥覆隴黄
婦姑荷簞食
童稚攜壺漿
相隨餉田去
丁壯在南崗
足蒸暑土氣
背灼炎天光
力盡不知熱
但惜夏日長
復有貧婦人
抱子在其傍
右手秉遺穗
左臂懸弊筐
聽其相顧言
聞者爲悲傷
家田輸税盡
拾此充飢腸
今我何功德
曾不事農桑
吏祿三百石
歲晏有餘糧
念此私自愧
盡日不能忘","觀刈麥田家少閑月
五月人倍忙
夜來南風起
小麥覆隴黄
婦姑荷簞食
童稚攜壺漿
相隨餉田去
丁壯在南崗
足蒸暑土氣
背灼炎天光
力盡不知熱
但惜夏日長
復有貧婦人
抱子在其傍
右手秉遺穗
左臂懸弊筐
聽其相顧言
聞者爲悲傷
家田輸税盡
拾此充飢腸
今我何功德
曾不事農桑
吏祿三百石
歲晏有餘糧
念此私自愧
盡日不能忘",158
6,poem,6,卷一,,,諷諭,題海圖屏風,,,6,revised_jsonl_direct,0007,809,revised_jsonl,谱；笺；海图屏风；白氏文集；请罢兵第二状；东坡志林；临汉隐居诗话；魏都赋；文选；列子；史记；吴都赋；列仙传；鲁灵光殿赋；左氏传；左传；楚辞；汉书；反离骚；沧海赋；海赋；书,魏都赋；列子；史记；列仙传；左氏传；左传；楚辞；汉书；沧海赋；海赋；书,11,True,,0,False,1,26,"海水無風時
波濤安悠悠
鱗介無小大
遂性各沉浮
突兀海底鼇
首冠三神丘
鈎網不能制
其來非一秋
或者不量力
謂兹鼇可求
屓贔牽不動
綸絶沉其鈎
一鼇既頓頷
諸鼇齊掉頭
白濤與黑浪
呼吸繞咽喉
噴風激飛廉
鼓波怒陽侯
鯨鯢得其便
張口欲吞舟
萬里無活鱗
百川多倒流
遂使江漢水
朝宗意亦休
蒼然屏風上
此畫良有由","題海圖屏風海水無風時
波濤安悠悠
鱗介無小大
遂性各沉浮
突兀海底鼇
首冠三神丘
鈎網不能制
其來非一秋
或者不量力
謂兹鼇可求
屓贔牽不動
綸絶沉其鈎
一鼇既頓頷
諸鼇齊掉頭
白濤與黑浪
呼吸繞咽喉
噴風激飛廉
鼓波怒陽侯
鯨鯢得其便
張口欲吞舟
萬里無活鱗
百川多倒流
遂使江漢水
朝宗意亦休
蒼然屏風上
此畫良有由",160
7,poem,7,卷一,,,諷諭,羸駿,,,7,revised_jsonl_direct,0008,,revised_jsonl,庄子；天育骠骑歌；战国策；昔游；史记；韩诗外传；旧唐书；楚辞,庄子；战国策；史记；韩诗外传；楚辞,5,True,,0,False,1,16,"驊騮失其主
羸餓無人牧
向風嘶一聲
莽蒼黄河曲
踏冰水畔立
卧雪冢間宿
歲暮田野空
寒草不滿腹
豈無市駿者
盡是凡人目
相馬失於瘦
遂遺千里足
村中何擾擾
有吏徵芻粟
輸彼軍厩中
化作駑駘肉","羸駿驊騮失其主
羸餓無人牧
向風嘶一聲
莽蒼黄河曲
踏冰水畔立
卧雪冢間宿
歲暮田野空
寒草不滿腹
豈無市駿者
盡是凡人目
相馬失於瘦
遂遺千里足
村中何擾擾
有吏徵芻粟
輸彼軍厩中
化作駑駘肉",97
8,poem,8,卷一,,,諷諭,廢琴,,,8,revised_jsonl_direct,0009,,revised_jsonl,新论；通典；清调；琴调；五弄调；楚调四弄调；弹幽琴；岳上逢琴；伤离新体诗；礼记；乐部曹观乐诗；文赋；文选；长笛赋；风俗通；拟咏怀诗；谏逐客书；善哉行,新论；礼记；文赋；长笛赋；风俗通,5,True,,0,False,1,12,"絲桐合爲琴
中有太古聲
古聲淡無味
不稱今人情
玉徽光彩滅
朱絃塵土生
廢棄來已久
遺音尚泠泠
不辭爲君彈
縱彈人不聽
何物使之然
羌笛與秦箏","廢琴絲桐合爲琴
中有太古聲
古聲淡無味
不稱今人情
玉徽光彩滅
朱絃塵土生
廢棄來已久
遺音尚泠泠
不辭爲君彈
縱彈人不聽
何物使之然
羌笛與秦箏",73
9,poem,9,卷一,,,諷諭,李都尉古劍,,,9,revised_jsonl_direct,0010,,revised_jsonl,笺；文选；杂体诗；李都尉陵；杂感；春听琵琶兼简长孙司户；李都尉重阳日得苏属国书；全唐诗；拟连珠；结客少年场行；从军行；宝剑篇；酬张夏；晋书；庄子；别沈助教诗；门有车马客行；白孔六帖；越绝书；侠客控绝影诗；姚秀才爱予小剑因赠；武军赋；重赠卢谌；汉书；题剑；七命,晋书；庄子；汉书,3,True,,0,False,1,18,"古劍寒黯黯
鑄來幾千秋
白光納日月
紫氣排斗牛
有客借一觀
愛之不敢求
湛然玉匣中
秋水澄不流
至寶有本性
精剛無與儔
可使寸寸折
不能繞指柔
願快直士心
將斷佞臣頭
不願報小怨
夜半刺私讎
勸君慎所用
無作神兵羞","李都尉古劍古劍寒黯黯
鑄來幾千秋
白光納日月
紫氣排斗牛
有客借一觀
愛之不敢求
湛然玉匣中
秋水澄不流
至寶有本性
精剛無與儔
可使寸寸折
不能繞指柔
願快直士心
將斷佞臣頭
不願報小怨
夜半刺私讎
勸君慎所用
無作神兵羞",112
10,poem,10,卷一,,,諷諭,雲居寺孤桐,,,10,revised_jsonl_direct,0011,,revised_jsonl,笺；全唐文；唐云居寺故寺主律大德神道碑铭；游云居寺赠穆三十六地主；畿辅通志；蕉廊脞录；寄王质夫；和从驾登云居寺塔诗；云居寺高顶诗；题度支杂事典庭中柏树；老子；孝武帝哀策文,老子,1,True,,0,False,1,14,"一株青玉立
千葉綠雲委
亭亭五丈餘
高意猶未已
山僧年九十
清淨老不死
自云手種時
一顆青桐子
直從萌芽拔
高自毫末始
四面無附枝
中心有通理
寄言立身者
孤直當如此","雲居寺孤桐一株青玉立
千葉綠雲委
亭亭五丈餘
高意猶未已
山僧年九十
清淨老不死
自云手種時
一顆青桐子
直從萌芽拔
高自毫末始
四面無附枝
中心有通理
寄言立身者
孤直當如此",88
11,poem,11,卷一,,,諷諭,京兆府新栽蓮,,,11,revised_jsonl_direct,0012,807,revised_jsonl,谱；笺；元和郡县志；乐府诗集；西都赋；论衡；自京赴奉先县咏怀；秋池一株莲诗；楚辞；诗；过始宁墅诗；高松赋,西都赋；论衡；楚辞；诗,4,True,,0,False,1,16,"污溝貯濁水
水上葉田田
我來一長歎
知是東溪蓮
下有清泥污
馨香無復全
上有紅塵撲
顔色不得鮮
物性猶如此
人事亦宜然
託根非其所
不如遭棄捐
昔在溪中日
花葉媚清漣
今來不得地
顦顇府門前","京兆府新栽蓮污溝貯濁水
水上葉田田
我來一長歎
知是東溪蓮
下有清泥污
馨香無復全
上有紅塵撲
顔色不得鮮
物性猶如此
人事亦宜然
託根非其所
不如遭棄捐
昔在溪中日
花葉媚清漣
今來不得地
顦顇府門前",101
12,poem,12,卷一,,,諷諭,月燈閣避暑,,,12,revised_jsonl_direct,0013,,revised_jsonl,双白簃唐诗卮谈；文学遗产；酬翰林白学士代书一百韵；南部新书；唐摭言；咸宁县志；地理志；隋唐文化；楚辞；论衡；戊申岁六月中遇火；左传；桃花源诗；景福殿赋；入奏行赠西山检察使窦侍御；登楼赋,楚辞；论衡；左传；登楼赋,4,True,,0,False,1,16,"旱久炎氣甚
中去人若燔燒
清風隱何處
草樹不動摇
何以避暑氣
無如出塵囂
行行都門外
佛閣正岧嶤
清凉近高生
煩熱委靜銷
開襟當軒坐
意泰神飄飄
迴看歸路傍
禾黍盡枯焦
獨善誠有計
將何救旱苗","月燈閣避暑旱久炎氣甚
中去人若燔燒
清風隱何處
草樹不動摇
何以避暑氣
無如出塵囂
行行都門外
佛閣正岧嶤
清凉近高生
煩熱委靜銷
開襟當軒坐
意泰神飄飄
迴看歸路傍
禾黍盡枯焦
獨善誠有計
將何救旱苗",101
13,poem,13,卷一,,,諷諭,初授拾遺,,,13,revised_jsonl_direct,0014,808,revised_jsonl,笺；初授拾遗献书；白氏文集；和许给事中直夜简诸公；酬于侍郎湖南见寄十四韵；论语；三国志；季汉辅臣赞；送薛据宰涉县；封丘作；新唐书；旧唐书；唐故工部员外郎杜君墓系铭；三大礼赋；唐书；易；蹇；蒙求；草堂记；自诫令；五君咏；赠清漳明府侄聿；书；汉书；唐六典；敕赐百官樱桃；与元九书；论制科人状；醉后走笔酬刘五主簿长句之赠兼简张大贾二十四先辈昆季；纪怀赠李六户曹崔二十功曹五十韵；升平词,论语；易；书；汉书,4,True,,0,False,1,20,"奉詔登左掖
束帶參朝議
何言初命卑
且脱風塵吏
杜甫陳子昂
才名括天地
當時非不遇
尚無過斯位
况予蹇薄者
寵至不自意
驚近白日光
慚非青雲器
天子方從諫
朝庭無忌諱
豈不思匪躬
適遇時無事
受命已旬月
飽食隨班次
諫紙忽盈箱
對之終自愧","初授拾遺奉詔登左掖
束帶參朝議
何言初命卑
且脱風塵吏
杜甫陳子昂
才名括天地
當時非不遇
尚無過斯位
况予蹇薄者
寵至不自意
驚近白日光
慚非青雲器
天子方從諫
朝庭無忌諱
豈不思匪躬
適遇時無事
受命已旬月
飽食隨班次
諫紙忽盈箱
對之終自愧",123
14,poem,14,卷一,,,諷諭,贈元稹,,,14,revised_jsonl_direct,0015,806,revised_jsonl,笺；唐书；白氏文集；河南元公墓志铭；旧唐书；史记；蓝田山庄；咏史；君子行；竹枝词；诗；咏竹诗；和王护军秋夕诗；报任安书；三国志；赠崔侍郎；大乘起信论；奉和武帝三教诗；自衡阳至韶州谒能禅师,史记；诗；咏竹诗,3,True,,0,False,1,24,"自我從宦遊
七年在長安
所得唯元君
乃知定交難
豈無山上苗
徑寸無歲寒
豈無要津水
咫尺有波瀾
之子異於是
久處誓不諼
無波古井水
有節秋竹竿
一爲同心友
三及芳歲闌
花下鞍馬遊
雪中杯酒歡
衡門相逢迎
不具帶與冠
春風日高睡
秋月夜深看
不爲同登科
不爲同署官
所合在方寸
心源無異端","贈元稹自我從宦遊
七年在長安
所得唯元君
乃知定交難
豈無山上苗
徑寸無歲寒
豈無要津水
咫尺有波瀾
之子異於是
久處誓不諼
無波古井水
有節秋竹竿
一爲同心友
三及芳歲闌
花下鞍馬遊
雪中杯酒歡
衡門相逢迎
不具帶與冠
春風日高睡
秋月夜深看
不爲同登科
不爲同署官
所合在方寸
心源無異端",146
15,poem,15,卷一,,,諷諭,哭劉敦質,,,15,revised_jsonl_direct,0016,804,revised_jsonl,笺；感化寺见元九刘三十二题名处；常乐里闲居偶题十六韵兼寄刘十五公舆……刘三十二敦质；元和姓纂；新唐书；答王十二寒夜独酌有怀；哭吕衡州时予方谪居；诗；楚辞；左传；河间张平子碑；魏书；与元九书；咏史；赠别于群投笔赴安西；易；象；文言；周易；东都赋；春秋；文选,诗；楚辞；左传；魏书；易；象；周易；春秋,8,True,,0,False,1,14,"小樹兩株柏
新土三尺墳
蒼蒼白露草
此地哭劉君
哭君豈無辭
辭云君子人
如何天不弔
窮悴至終身
愚者多貴壽
賢者獨賤迍
龍亢彼無悔
蠖屈此不伸
哭罷持此辭
吾將詰羲文","哭劉敦質小樹兩株柏
新土三尺墳
蒼蒼白露草
此地哭劉君
哭君豈無辭
辭云君子人
如何天不弔
窮悴至終身
愚者多貴壽
賢者獨賤迍
龍亢彼無悔
蠖屈此不伸
哭罷持此辭
吾將詰羲文",87
16,poem,16,卷一,,,諷諭,答友問,,,16,revised_jsonl_direct,0017,,revised_jsonl,礼记；老子；卜疑；说苑；论衡；汉书；后汉书；山海经图赞；淮南子,礼记；老子；说苑；论衡；汉书；后汉书；淮南子,7,True,,0,False,1,10,"大圭廉不割
利劍用不缺
當其斬馬時
良玉不如鐵
置鐵在洪爐
鐵消易如雪
良玉同其中
三日燒不熱
君疑才與德
詠此知優劣","答友問大圭廉不割
利劍用不缺
當其斬馬時
良玉不如鐵
置鐵在洪爐
鐵消易如雪
良玉同其中
三日燒不熱
君疑才與德
詠此知優劣",62
17,poem,17,卷一,,,諷諭,雜興三首其一,,,17,revised_jsonl_direct,0018,,revised_jsonl,左传；国语；史记；三国志；蜀书；襄阳记；易；西京赋；文选；代东武吟；秋兴赋；游猎篇；洛神赋；七启；白马篇；说文；行路难；乐府诗集；神弦歌；书；礼记；子虚赋；吕氏春秋；直谏；战国策；淮南子；联句；秋夜；结客少年场行；三月三日洛水作；哀江头；闲情赋；奉同郭给事汤东灵湫作；祭告智𫖮文；白纻辞；列女传,左传；国语；史记；襄阳记；易；西京赋；秋兴赋；洛神赋；说文；书；礼记；吕氏春秋；战国策；淮南子；列女传,15,True,,0,False,1,26,"楚王多内寵
傾國選嬪妃
又愛從禽樂
馳騁每相隨
錦韝臂花隼
羅袂控金羈
遂習宮中女
皆如馬上兒
色禽合爲荒
刑政兩已衰
雲夢春仍獵
章華夜不歸
東風二月天
春雁正離離
美人挾銀鏑
一發疊雙飛
飛鴻驚斷行
斂翅避蛾眉
君王顧之笑
弓箭生光輝
迴眸語君曰
昔聞莊王時
有一愚夫人
其名曰樊姬
不有此遊樂
三載斷鮮肥","雜興三首其一楚王多内寵
傾國選嬪妃
又愛從禽樂
馳騁每相隨
錦韝臂花隼
羅袂控金羈
遂習宮中女
皆如馬上兒
色禽合爲荒
刑政兩已衰
雲夢春仍獵
章華夜不歸
東風二月天
春雁正離離
美人挾銀鏑
一發疊雙飛
飛鴻驚斷行
斂翅避蛾眉
君王顧之笑
弓箭生光輝
迴眸語君曰
昔聞莊王時
有一愚夫人
其名曰樊姬
不有此遊樂
三載斷鮮肥",161
18,poem,18,卷一,,,諷諭,雜興三首其二,,,18,revised_jsonl_direct,0019,,revised_jsonl,国语；公羊传；群书治要；六韬；左传；和王著作融八公山；野居池上看月；游南亭夜还叙志七十韵；滕王阁序；享龙池乐章；楚辞；尔雅；本草；答曹思文难神灭论,国语；公羊传；六韬；左传；楚辞；尔雅；本草,7,True,,0,False,1,20,"越國政初荒
越天旱不已
風日燥水田
水涸塵飛起
國中新下令
官渠禁流水
流水不入田
壅入王宮裏
餘波養魚鳥
倒影浮樓雉
澹灧九折池
縈迴十餘里
四月芰荷發
越王日遊嬉
左右好風來
香動芙蓉蘂
但愛芙蓉香
又種芙蓉子
不念閶門外
千里稻苗死","雜興三首其二越國政初荒
越天旱不已
風日燥水田
水涸塵飛起
國中新下令
官渠禁流水
流水不入田
壅入王宮裏
餘波養魚鳥
倒影浮樓雉
澹灧九折池
縈迴十餘里
四月芰荷發
越王日遊嬉
左右好風來
香動芙蓉蘂
但愛芙蓉香
又種芙蓉子
不念閶門外
千里稻苗死",125
19,poem,19,卷一,,,諷諭,雜興三首其三,,,19,revised_jsonl_direct,0020,,revised_jsonl,左传；韩非子；吴都赋；汉书；戏萧娘；怨歌行；吴越春秋；后汉书；洛阳伽蓝记；谏逐客书；抱朴子内篇；新唐书；郑注传；舞鹤赋；文选；论语；晋书；旧唐书；东京赋；尚书；计然；史记；越绝书；国语；白居易诗选；唐会要；白居易选集；资治通鉴,左传；汉书；吴越春秋；后汉书；舞鹤赋；论语；晋书；尚书；史记；国语,10,True,,0,False,1,20,"吳王心日侈
服玩盡奇瓌
身卧翠羽帳
手持紅玉杯
冠垂明月珠
帶束通天犀
行動自矜顧
數步一徘徊
小人知所好
懷寶四方來
奸邪得藉手
從此倖門開
古稱國之寶
穀米與賢才
今看君王眼
視之如塵灰
伍員諫已死
浮屍去不迴
姑蘇臺下草
麋鹿暗生麑","雜興三首其三吳王心日侈
服玩盡奇瓌
身卧翠羽帳
手持紅玉杯
冠垂明月珠
帶束通天犀
行動自矜顧
數步一徘徊
小人知所好
懷寶四方來
奸邪得藉手
從此倖門開
古稱國之寶
穀米與賢才
今看君王眼
視之如塵灰
伍員諫已死
浮屍去不迴
姑蘇臺下草
麋鹿暗生麑",125
20,poem,20,卷一,,,諷諭,宿紫閣山北村,,,20,revised_jsonl_direct,0021,810,revised_jsonl,笺；陕西通志；终南山记；雍胜略；唐会要；太平广记；张老；续玄怪录；麒麟客；玄怪录；诗；古挽歌；会昌狂士；芝田录；裴延龄；谭宾录；册府元龜；旧唐书；旧书；新书；论承璀职名状；白氏文集,诗,1,True,,0,False,1,20,"晨遊紫閣峰
暮宿山下村
村老見予喜
爲予開一樽
舉杯未及飲
暴卒來入門
紫衣挾刀斧
草草十餘人
奪我蓆上酒
掣我盤中飧
主人退後立
斂手反如賓
中庭有奇樹
種來三十春
主人惜不得
持斧斷其根
口稱采造家
身屬神策軍
主人慎勿語
中尉正承恩","宿紫閣山北村晨遊紫閣峰
暮宿山下村
村老見予喜
爲予開一樽
舉杯未及飲
暴卒來入門
紫衣挾刀斧
草草十餘人
奪我蓆上酒
掣我盤中飧
主人退後立
斂手反如賓
中庭有奇樹
種來三十春
主人惜不得
持斧斷其根
口稱采造家
身屬神策軍
主人慎勿語
中尉正承恩",125
21,poem,21,卷一,,,諷諭,讀漢書,,,21,revised_jsonl_direct,0022,,revised_jsonl,诗；潜夫论；秋胡诗；文选；女典；史记；礼记；汉书；京房传；易；苦热行；元帝纪；成帝纪；孟子；荀子；淮南子,诗；潜夫论；史记；礼记；汉书；易；孟子；淮南子,8,True,,0,False,1,27,"禾黍與稂莠
雨來同日滋
桃李與荆棘
霜降同夜萎
草木既區别
榮枯那等夷
茫茫天地意
無乃太無私
小人與君子
用置各有宜
奈何西漢末
忠邪並信之
不然盡信忠
早絶邪臣窺
不然盡信邪
早使忠臣知
優游兩不斷
盛業日以衰
痛矣蕭京輩
終令陷禍機
蕭望之﹑京房等
每讀元成紀
憤憤令人悲
寄言爲國者
不得學天時
寄言爲臣者
可以鑒於斯","讀漢書禾黍與稂莠
雨來同日滋
桃李與荆棘
霜降同夜萎
草木既區别
榮枯那等夷
茫茫天地意
無乃太無私
小人與君子
用置各有宜
奈何西漢末
忠邪並信之
不然盡信忠
早絶邪臣窺
不然盡信邪
早使忠臣知
優游兩不斷
盛業日以衰
痛矣蕭京輩
終令陷禍機
蕭望之﹑京房等
每讀元成紀
憤憤令人悲
寄言爲國者
不得學天時
寄言爲臣者
可以鑒於斯",166
22,poem,22,卷一,,,諷諭,贈樊著作,,,22,revised_jsonl_direct,0023,810,revised_jsonl,谱；笺；和乐天赠樊著作；新书；元和姓纂；南阳樊绍述墓志铭；新唐书；旧唐书；论衡；文选；三月三日曲水诗；田俅子；诗；晋书；周礼；贺雨；孔戡；后汉书；韩非子；吕氏春秋；左传；法言；周官；左氏；太史迁；汉书；报任安书；论语,论衡；诗；晋书；周礼；后汉书；吕氏春秋；左传；法言；周官；汉书；论语,11,True,,0,False,1,36,"陽城爲諫議
以正事其君
其手如屈軼
舉必指佞臣
卒使不仁者
不得秉國鈞
元稹爲御史
以直立其身
其心如肺石
動必達窮民
東川八十家
冤憤一言伸
劉闢肆亂心
殺人正紛紛
其嫂曰庾氏
棄絶不爲親
從史萌逆節
隱心潛負恩
其佐曰孔戡
捨去不爲賓
凡此士與女
其道天下聞
常恐國史上
但記鳳與麟
賢者不爲名
名彰教乃敦
每惜若人輩
身死名亦淪
君爲著作郎
職廢志空存
雖有良史才
直筆無所申
何不自著書
實錄彼善人
編爲一家言
以備史闕文","贈樊著作陽城爲諫議
以正事其君
其手如屈軼
舉必指佞臣
卒使不仁者
不得秉國鈞
元稹爲御史
以直立其身
其心如肺石
動必達窮民
東川八十家
冤憤一言伸
劉闢肆亂心
殺人正紛紛
其嫂曰庾氏
棄絶不爲親
從史萌逆節
隱心潛負恩
其佐曰孔戡
捨去不爲賓
凡此士與女
其道天下聞
常恐國史上
但記鳳與麟
賢者不爲名
名彰教乃敦
每惜若人輩
身死名亦淪
君爲著作郎
職廢志空存
雖有良史才
直筆無所申
何不自著書
實錄彼善人
編爲一家言
以備史闕文",219
23,poem,23,卷一,,,諷諭,蜀路石婦,,,23,revised_jsonl_direct,0024,,revised_jsonl,元和郡县志；灵芝篇；寡妇赋；礼记；谷梁传；礼经；荀子；论衡；礼；律；仪礼；史记；汉书音义；汉书；周礼；剧秦美新；估客乐；论语；三国志；宋书；京陵女公子王氏哀辞；咏怀；初学记；幽明录；哀江南赋,礼记；谷梁传；论衡；礼；仪礼；史记；汉书；周礼；论语；宋书,10,True,,0,False,1,28,"道傍一石婦
無記復無銘
傳是此鄉女
爲婦孝且貞
十五嫁邑人
十六夫征行
夫行二十載
婦獨守孤煢
其夫有父母
老病不安寧
其婦執婦道
一一如禮經
晨昏問起居
恭順發心誠
藥餌自調節
膳羞必甘馨
夫行竟不歸
婦德轉光明
後人高其節
刻石像婦形
儼然整衣巾
若立在閨庭
似見舅姑禮
如聞環珮聲
至今爲婦者
見此孝心生
不比山頭石
空有望夫名","蜀路石婦道傍一石婦
無記復無銘
傳是此鄉女
爲婦孝且貞
十五嫁邑人
十六夫征行
夫行二十載
婦獨守孤煢
其夫有父母
老病不安寧
其婦執婦道
一一如禮經
晨昏問起居
恭順發心誠
藥餌自調節
膳羞必甘馨
夫行竟不歸
婦德轉光明
後人高其節
刻石像婦形
儼然整衣巾
若立在閨庭
似見舅姑禮
如聞環珮聲
至今爲婦者
見此孝心生
不比山頭石
空有望夫名",171
24,poem,24,卷一,,,諷諭,折劍頭,,,24,revised_jsonl_direct,0025,,revised_jsonl,淮南子；白孔六帖；雁门太守行；壮士行；左传；六代论；世说新语；峡哀；刘生诗；读张籍古乐府；后汉书,淮南子；左传；后汉书,3,True,,0,False,1,12,"拾得折劍頭
不知折之由
一握青蛇尾
數寸碧峰頭
疑是斬鯨鯢
不然刺蛟虬
缺落泥土中
委棄無人收
我有鄙介性
好剛不好柔
勿輕直折劍
猶勝曲全鉤","折劍頭拾得折劍頭
不知折之由
一握青蛇尾
數寸碧峰頭
疑是斬鯨鯢
不然刺蛟虬
缺落泥土中
委棄無人收
我有鄙介性
好剛不好柔
勿輕直折劍
猶勝曲全鉤",74
25,poem,25,卷一,,,諷諭,登樂遊園望,,,25,revised_jsonl_direct,0026,810,revised_jsonl,谱；笺；酬乐天登乐游园见忆；长安志；乐游园歌；晚出西射堂；文选；楚辞；停云；巫山高；唐两京城坊考；登乐游园望；放歌行；述祖德诗二首；步虚词；过始宁墅；田南树园激流植援；南内朝贺归呈同官；逢贾岛；京兆府新栽莲；孔戡；旧唐书；汉书；四皓颂,楚辞；步虚词；汉书,3,True,,0,False,1,16,"獨上樂遊園
四望天日曛
東北何靄靄
宮闕入煙雲
愛此高處立
忽如遺垢氛
耳目暫清曠
懷抱鬱不伸
下視十二街
綠樹間紅塵
車馬徒滿眼
不見心所親
孔生死洛陽
元九謫荆門
可憐南北路
高蓋者何人","登樂遊園望獨上樂遊園
四望天日曛
東北何靄靄
宮闕入煙雲
愛此高處立
忽如遺垢氛
耳目暫清曠
懷抱鬱不伸
下視十二街
綠樹間紅塵
車馬徒滿眼
不見心所親
孔生死洛陽
元九謫荆門
可憐南北路
高蓋者何人",100
26,poem,26,卷一,,,諷諭,酬元九對新栽竹有懷見寄,,,26,revised_jsonl_direct,0027,810,revised_jsonl,谱；笺；种竹诗；史记；孤愤；五蠹；内外储；说林；说难；隋书；诗；庄子；寡妇赋；临终诗,史记；诗；庄子,3,True,,0,False,1,20,"昔我十年前
與君始相識
曾將秋竹竿
比君孤且直
中心一以合
外事紛無極
共保秋竹心
風霜侵不得
始嫌梧桐樹
秋至先改色
不愛楊柳枝
春來軟無力
憐君别我後
見竹長相憶
常欲在眼前
故栽庭户側
分首今何處
君南我在北
吟我贈君詩
對之心惻惻","酬元九對新栽竹有懷見寄昔我十年前
與君始相識
曾將秋竹竿
比君孤且直
中心一以合
外事紛無極
共保秋竹心
風霜侵不得
始嫌梧桐樹
秋至先改色
不愛楊柳枝
春來軟無力
憐君别我後
見竹長相憶
常欲在眼前
故栽庭户側
分首今何處
君南我在北
吟我贈君詩
對之心惻惻",130
27,poem,27,卷一,,,諷諭,感鶴,,,27,revised_jsonl_direct,0028,,revised_jsonl,楚辞；淮南子；野田黄雀行；咏怀；庄子；论衡；说苑；文选；射雉赋；韩诗章句；游仙诗；古白鸿颂；书论；鹪鹩赋；字林；说文；感物赋；山居赋；四子讲德论；史记；左传；左氏；广绝交论；韩诗外传；翡翠赋；荀子,楚辞；淮南子；庄子；论衡；说苑；游仙诗；字林；说文；史记；左传；广绝交论；韩诗外传,12,True,,0,False,1,20,"鶴有不羣者
飛飛在野田
飢不啄腐鼠
渴不飲盜泉
貞姿自耿介
雜鳥何翩翾
同遊不同志
如此十餘年
一興嗜慾念
遂爲矰繳牽
委質小池内
爭食羣雞前
不惟懷稻粱
兼亦競腥羶
不唯戀主人
兼亦狎烏鳶
物心不可知
天性有時遷
一飽尚如此
况乘大夫軒","感鶴鶴有不羣者
飛飛在野田
飢不啄腐鼠
渴不飲盜泉
貞姿自耿介
雜鳥何翩翾
同遊不同志
如此十餘年
一興嗜慾念
遂爲矰繳牽
委質小池内
爭食羣雞前
不惟懷稻粱
兼亦競腥羶
不唯戀主人
兼亦狎烏鳶
物心不可知
天性有時遷
一飽尚如此
况乘大夫軒",121
28,poem,28,卷一,,,諷諭,春雪,,,28,revised_jsonl_direct,0029,811,revised_jsonl,谱；笺；谷梁传；公羊；艺文类聚；荆楚岁时记；杨柳歌；雪二首；咏春雪寄族人治书思澄；雪；庄子；野客丛书；校猎赋；雪诗；大寒赋；神泉赋；三辅黄图；汉书；太平寰宇记；长安志；分门集注杜工部诗；哀江头；两京新记；剧谈录；唐两京城坊考；据白氏长庆集考唐代长安曲江池；中华文史论丛；白氏长庆集；隋唐两京丛考；曲江池与升道坊；云麓漫抄；长安图题记；太平御览；天文要集；通鉴；景龙文馆记；京兆府新栽莲；三月三日率尔成篇；礼记；管子；魏书；寒夜赋；书；淮南子；辨命论；春秋；孟子；诗；乘；梼杌；论衡；公羊传；后汉书；韩子年谱；辛卯年雪,谷梁传；荆楚岁时记；雪；庄子；大寒赋；三辅黄图；汉书；礼记；管子；魏书；书；淮南子；春秋；孟子；诗；乘；论衡；公羊传；后汉书,19,True,,0,False,1,28,"元和歲在卯
六年春二月
月晦寒食天
天陰夜飛雪
連宵復竟日
浩浩殊未歇
大似落鵝毛
密如飄玉屑
寒銷春茫上聲蒼上聲
氣變風凜冽
上林草盡没
曲江冰復結
紅乾杏花死
綠凍楊枝折
所憐物性傷
非惜年芳絶
上天有時令
四序平分别
寒燠苟反常
物生皆夭閼
我觀聖人意
魯史有其説
或記水不冰
或書霜不殺
上將儆正教
下以防災孽
兹雪今如何
信美非時節","春雪元和歲在卯
六年春二月
月晦寒食天
天陰夜飛雪
連宵復竟日
浩浩殊未歇
大似落鵝毛
密如飄玉屑
寒銷春茫上聲蒼上聲
氣變風凜冽
上林草盡没
曲江冰復結
紅乾杏花死
綠凍楊枝折
所憐物性傷
非惜年芳絶
上天有時令
四序平分别
寒燠苟反常
物生皆夭閼
我觀聖人意
魯史有其説
或記水不冰
或書霜不殺
上將儆正教
下以防災孽
兹雪今如何
信美非時節",173
29,poem,29,卷一,,,諷諭,高僕射,,,29,revised_jsonl_direct,0030,810,revised_jsonl,笺；旧书；新书；老子；礼记；旧唐书；汉书；论语；孝经；咏史；咏怀；行药至城东桥；饮酒；白虎通；后汉书；诗；乐府诗集；同生曲；诣蒋公奏记辞辟命；晋书,老子；礼记；汉书；论语；孝经；白虎通；后汉书；诗；晋书,9,True,,0,False,1,24,"富貴人所愛
聖人去其泰
所以致仕年
著在禮經内
玄元亦有訓
知止則不殆
二疏獨能行
遺迹東門外
清風久銷歇
迨此向千載
斯人古亦稀
何况今之世
遑遑名利客
白首千百輩
唯有高僕射
七十懸車蓋
我年雖未老
歲月亦云邁
預恐耄及時
貪榮不能退
中心私自儆
何以爲我戒
故作僕射詩
書之於大帶","高僕射富貴人所愛
聖人去其泰
所以致仕年
著在禮經内
玄元亦有訓
知止則不殆
二疏獨能行
遺迹東門外
清風久銷歇
迨此向千載
斯人古亦稀
何况今之世
遑遑名利客
白首千百輩
唯有高僕射
七十懸車蓋
我年雖未老
歲月亦云邁
預恐耄及時
貪榮不能退
中心私自儆
何以爲我戒
故作僕射詩
書之於大帶",146
30,poem,30,卷一,,,諷諭,白牡丹,,,30,revised_jsonl_direct,0031,,revised_jsonl,笺；旧书；新书；重修承旨学士壁记；庄子；形影神诗序；行药至城东桥；节游赋；吴都赋；列子；雪赋；楚辞；塘上行；借刘太常说文；唐两京城坊考；剧谈录；闻玉蕊真人降诗；酬严给事；雍录；代书诗一百韵寄微之；游长宁公主流杯池；咏美人观画；寒山诗注；诗；杂诗；礼记；玉藻；同乐天和微之深春二十首；近试上张籍水部；春暮思平泉杂咏二十首；郊居赋；新乐府；裴给事宅白牡丹；白牡丹,庄子；列子；雪赋；楚辞；诗；杂诗；礼记,7,True,,0,False,1,28,"城中看花客
旦暮走營營
素華人不顧
亦占牡丹名
閉在深寺中
車馬無來聲
唯有錢學士
盡日遶叢行
憐此皓然質
無人自芳馨
衆嫌我獨賞
移植在中庭
留景夜不暝
迎光曙先明
對之心亦靜
虛白相向生
唐昌玉蘂花
攀玩衆所爭
折來比顔色
一種如瑶瓊
彼因稀見貴
此以多爲輕
始知無正色
愛惡隨人情
豈惟花獨爾
理與人事并
君看入時者
紫艷與紅英","白牡丹城中看花客
旦暮走營營
素華人不顧
亦占牡丹名
閉在深寺中
車馬無來聲
唯有錢學士
盡日遶叢行
憐此皓然質
無人自芳馨
衆嫌我獨賞
移植在中庭
留景夜不暝
迎光曙先明
對之心亦靜
虛白相向生
唐昌玉蘂花
攀玩衆所爭
折來比顔色
一種如瑶瓊
彼因稀見貴
此以多爲輕
始知無正色
愛惡隨人情
豈惟花獨爾
理與人事并
君看入時者
紫艷與紅英",170
31,poem,31,卷一,,,諷諭,贈内,,,31,revised_jsonl_direct,0032,808,revised_jsonl,笺；祭杨夫人文；白氏文集；礼记；诗；世说新语；魏书；列女传；鲁黔娄妻；左传；陶渊明传；淮南子；后汉书；论语；释文；说文；孟子；荀子；梁书,礼记；诗；魏书；列女传；左传；淮南子；后汉书；论语；说文；孟子,10,True,,0,False,1,30,"生爲同室親
死爲同穴塵
他人尚相勉
而况我與君
黔婁固窮士
妻賢忘其貧
冀缺一農夫
妻敬儼如賓
陶潛不營生
翟氏自爨薪
梁鴻不肯仕
孟光甘布裙
君雖不讀書
此事耳亦聞
至此千載後
傳是何如人
人生未死間
不能忘其身
所須者衣食
不過飽與温
蔬食足充飢
何必膏粱珍
繒絮足禦寒
何必錦繡文
君家有貽訓
清白遺子孫
我亦貞苦士
與君新結婚
庶保貧與素
偕老同欣欣","贈内生爲同室親
死爲同穴塵
他人尚相勉
而况我與君
黔婁固窮士
妻賢忘其貧
冀缺一農夫
妻敬儼如賓
陶潛不營生
翟氏自爨薪
梁鴻不肯仕
孟光甘布裙
君雖不讀書
此事耳亦聞
至此千載後
傳是何如人
人生未死間
不能忘其身
所須者衣食
不過飽與温
蔬食足充飢
何必膏粱珍
繒絮足禦寒
何必錦繡文
君家有貽訓
清白遺子孫
我亦貞苦士
與君新結婚
庶保貧與素
偕老同欣欣",181
32,poem,32,卷一,,,諷諭,寄唐生,,,32,revised_jsonl_direct,0033,,revised_jsonl,旧唐书；唐国史补；桂苑丛谈；笺；河南邵氏闻见后录；与元九书；伤唐衢；陈政事疏；晋书；唐书；哀二良文；赠樊著作；楚辞；读张籍古乐府；国语；左传；虞人之箴；离骚；文选序；南齐书；与沈约书；文心雕龙；定势；韩非子；礼记；老子；魏书；拟魏太子邺中集；文选；谢太祖笺；野客丛书；中论；谢入觐表；吕氏春秋,晋书；楚辞；国语；左传；离骚；礼记；老子；魏书；吕氏春秋,9,True,,0,False,1,52,"賈誼哭時事
阮籍哭路歧
唐生今亦哭
異代同其悲
唐生者何人
五十寒且飢
不悲口無食
不悲身無衣
所悲忠與義
悲甚則哭之
太尉擊賊日
段太尉以笏擊朱泚
尚書叱盜時
顔尚書叱李希烈
大夫死兇寇
陸大夫爲亂兵所害
諫議謫蠻夷
陽諫議左遷道州
每見如此事
聲發涕輒隨
往往聞其風
俗士猶或非
憐君頭半白
其志竟不衰
我亦君之徒
鬱鬱何所爲
不能發聲哭
轉作樂府詩
篇篇無空文
句句必盡規
功高虞人箴
痛甚騷人辭
非求宮律高
不務文字奇
惟歌生民病
願得天子知
未得天子知
甘受時人嗤
藥良氣味苦
瑟淡音聲稀
不懼權豪怒
亦任親朋譏
人竟無奈何
呼作狂男兒
每逢羣盜息
或遇雲霧披
但自高聲歌
庶幾天聽卑
歌哭雖異名
所感則同歸
寄君三十章
與君爲哭詞","寄唐生賈誼哭時事
阮籍哭路歧
唐生今亦哭
異代同其悲
唐生者何人
五十寒且飢
不悲口無食
不悲身無衣
所悲忠與義
悲甚則哭之
太尉擊賊日
段太尉以笏擊朱泚
尚書叱盜時
顔尚書叱李希烈
大夫死兇寇
陸大夫爲亂兵所害
諫議謫蠻夷
陽諫議左遷道州
每見如此事
聲發涕輒隨
往往聞其風
俗士猶或非
憐君頭半白
其志竟不衰
我亦君之徒
鬱鬱何所爲
不能發聲哭
轉作樂府詩
篇篇無空文
句句必盡規
功高虞人箴
痛甚騷人辭
非求宮律高
不務文字奇
惟歌生民病
願得天子知
未得天子知
甘受時人嗤
藥良氣味苦
瑟淡音聲稀
不懼權豪怒
亦任親朋譏
人竟無奈何
呼作狂男兒
每逢羣盜息
或遇雲霧披
但自高聲歌
庶幾天聽卑
歌哭雖異名
所感則同歸
寄君三十章
與君爲哭詞",324
33,poem,33,卷一,,,諷諭,傷唐衢二首其一,,,33,revised_jsonl_direct,0034,,revised_jsonl,论衡；孔子庙颂；韩非子；赠宣城太守兼呈崔侍御；叹白发；陈政事疏；吕氏春秋；登临海峤初发疆中作；还都中诗三首；酬元九对新栽竹有怀见寄；答贾长渊；文选；尔雅；元和郡县志；唐书；笺；论故度支李尚书事状；全唐文；旧书；宪宗纪；后汉书；谏封赏内宠疏；鲁灵光殿赋；国语；送崔押衙相州；感春；求自试；唐会要；过三郊驿却寄杨评事；新唐书；史记；谢东宫赐圣僧余馔启；泊岳阳城下；读张籍古乐府；括地志；晋太康地志；旧唐书；过京索先生坟绝句,论衡；吕氏春秋；尔雅；后汉书；国语；史记,6,True,,0,False,1,28,"自我心存道
外物少能逼
常排傷心事
不爲長歎息
忽聞唐衢死
不覺動顔色
悲端從東來
觸我心惻惻
伊昔未相知
偶遊滑臺側
同宿李翺家
一言如舊識
酒酣出送我
風雪黄河北
日西並馬頭
語别至昏黑
君歸向東鄭
我來遊上國
交心不交面
從此重相憶
憐君儒家子
不得詩書力
五十著青衫
試官無祿食
遺文僅千首
六義無差忒
散在京索間
何人爲收得","傷唐衢二首其一自我心存道
外物少能逼
常排傷心事
不爲長歎息
忽聞唐衢死
不覺動顔色
悲端從東來
觸我心惻惻
伊昔未相知
偶遊滑臺側
同宿李翺家
一言如舊識
酒酣出送我
風雪黄河北
日西並馬頭
語别至昏黑
君歸向東鄭
我來遊上國
交心不交面
從此重相憶
憐君儒家子
不得詩書力
五十著青衫
試官無祿食
遺文僅千首
六義無差忒
散在京索間
何人爲收得",174
34,poem,34,卷一,,,諷諭,傷唐衢二首其二,,,34,revised_jsonl_direct,0035,,revised_jsonl,史记；老子；春秋；秦中吟；说文解字序；吕氏春秋；寄唐生；七谏；诗；初授拾遗；秋浦歌十七首；楚竹吟酬卢虔端公见和湘弦怨,史记；老子；春秋；吕氏春秋；诗,5,True,,0,False,1,32,"憶昨元和初
舔備諫官位
是時兵革後
生民正憔悴
但傷民病痛
不識時忌諱
遂作秦中吟
一吟悲一事
貴人皆怪怒
閑人亦非訾
天高未及聞
荆棘生滿地
唯有唐衢見
知我平生志
一讀興歎嗟
再吟垂涕泗
因和三十韻
手題遠緘寄
致吾陳杜間
賞愛非常意
此人無復見
此詩尤可貴
今日開篋看
蠹魚損文字
不知何處葬
欲問先歔欷
終去哭墳前
還君一掬淚
陳﹑杜
謂子昂與甫也
此詩尤可貴
謂唐衢詩也","傷唐衢二首其二憶昨元和初
舔備諫官位
是時兵革後
生民正憔悴
但傷民病痛
不識時忌諱
遂作秦中吟
一吟悲一事
貴人皆怪怒
閑人亦非訾
天高未及聞
荆棘生滿地
唯有唐衢見
知我平生志
一讀興歎嗟
再吟垂涕泗
因和三十韻
手題遠緘寄
致吾陳杜間
賞愛非常意
此人無復見
此詩尤可貴
今日開篋看
蠹魚損文字
不知何處葬
欲問先歔欷
終去哭墳前
還君一掬淚
陳﹑杜
謂子昂與甫也
此詩尤可貴
謂唐衢詩也",197
35,poem,35,卷一,,,諷諭,問友,,,35,revised_jsonl_direct,0036,,revised_jsonl,楚辞；赠石崇诗；论衡；吁嗟篇；和南海王殿下咏秋胡妻；答秘书丞张率诗；九思；古诗十九首；岭猿；再赴桂州先寄李大夫,楚辞；论衡,2,True,,0,False,1,12,"種蘭不種艾
蘭生艾亦生
根荄相交長
莖葉相附榮
香莖與臭葉
日夜俱長大
鋤艾恐傷蘭
溉蘭恐滋艾
蘭亦未能溉
艾亦未能除
沉吟意不決
問君合何如","問友種蘭不種艾
蘭生艾亦生
根荄相交長
莖葉相附榮
香莖與臭葉
日夜俱長大
鋤艾恐傷蘭
溉蘭恐滋艾
蘭亦未能溉
艾亦未能除
沉吟意不決
問君合何如",73
36,poem,36,卷一,,,諷諭,悲哉行,,,36,revised_jsonl_direct,0037,,revised_jsonl,送费骧；与元九书；墨子；新唐书；太平广记；萧颖士；明皇杂录；陈情事表；饮酒；责子；望幸亭；凶宅；汉书；左传；史记；赠萧景先诏；晋书；论语；赠张徐州谡；轻薄士流；旧唐书；曲江；寄两浙罗书记；荡妇秋思赋；东飞伯劳歌；白居易诗选；酬乐天东南行诗一百韵；列子；沽酒王氏；稽神录；马诗；赠淮南将；豪家；淮南子；隋书；咏史,墨子；汉书；左传；史记；晋书；论语；列子；淮南子,8,True,,0,False,1,32,"悲哉爲儒者
力學不知疲
讀書眼欲暗
秉筆手生胝
十上方一第
成名常苦遲
縱有宦達者
兩鬢已成絲
可憐少壯日
適在窮賤時
丈夫老且病
焉用富貴爲
沉沉朱門宅
中有乳臭兒
狀貌如婦人
光明膏粱肌
手不把書卷
身不擐戎衣
二十襲封爵
門承勳戚資
春來日日出
服御何輕肥
朝從薄徒飲
暮有倡樓期
平封去還酒債
堆金選蛾眉
聲色狗馬外
其餘一無知
山苗與澗松
地勢隨高卑
古來無奈何
非君獨傷悲","悲哉行悲哉爲儒者
力學不知疲
讀書眼欲暗
秉筆手生胝
十上方一第
成名常苦遲
縱有宦達者
兩鬢已成絲
可憐少壯日
適在窮賤時
丈夫老且病
焉用富貴爲
沉沉朱門宅
中有乳臭兒
狀貌如婦人
光明膏粱肌
手不把書卷
身不擐戎衣
二十襲封爵
門承勳戚資
春來日日出
服御何輕肥
朝從薄徒飲
暮有倡樓期
平封去還酒債
堆金選蛾眉
聲色狗馬外
其餘一無知
山苗與澗松
地勢隨高卑
古來無奈何
非君獨傷悲",195
37,poem,37,卷一,,,諷諭,紫藤,,,37,revised_jsonl_direct,0038,,revised_jsonl,和沈祭酒行园；寻言上人；韩非子；七发；桃赋；西都赋；文选；说文；宋氏五女；兔丝；杂诗；在江陵叹年伤老；旧唐书；左传；周易；周礼；史记；书；老子；写灌均上事令；座右铭,桃赋；西都赋；说文；杂诗；左传；周易；周礼；史记；书；老子,10,True,,0,False,1,26,"藤花紫蒙茸
藤葉青扶疏
誰謂好顔色
而爲害有餘
下如蛇屈盤
上若繩縈紆
可憐中間樹
束縛成枯株
柔蔓不自勝
嫋嫋挂空虛
豈知纏樹木
千夫力不如
先柔後爲害
有似諛佞徒
附著君權勢
君迷不肯誅
又如妖婦人
綢繆蠱其夫
奇邪壞人室
夫惑不能除
寄言邦與家
所慎在其初
毫末不早辨
滋蔓信難圖
願以藤爲誡
銘之於座隅","紫藤藤花紫蒙茸
藤葉青扶疏
誰謂好顔色
而爲害有餘
下如蛇屈盤
上若繩縈紆
可憐中間樹
束縛成枯株
柔蔓不自勝
嫋嫋挂空虛
豈知纏樹木
千夫力不如
先柔後爲害
有似諛佞徒
附著君權勢
君迷不肯誅
又如妖婦人
綢繆蠱其夫
奇邪壞人室
夫惑不能除
寄言邦與家
所慎在其初
毫末不早辨
滋蔓信難圖
願以藤爲誡
銘之於座隅",157
38,poem,38,卷一,,,諷諭,放鷹,,,38,revised_jsonl_direct,0039,,revised_jsonl,观猎；杂兴三首；东都赋；运命论；三国志；文选；为袁绍檄豫州；后汉书；诗；征谯武戴龚诏；周礼；战国策,后汉书；诗；周礼；战国策,4,True,,0,False,1,24,"十月鷹出籠
草枯雉兔肥
下韝隨指顧
百擲無一遺
鷹翅疾如風
鷹爪利如錐
本爲鳥所設
今爲人所資
孰能使之然
有術甚易知
取其向背性
制在飢飽時
不可使長飽
不可使長飢
飢則力不足
飽則背人飛
乘飢縱搏擊
未飽須縶維
所以爪翅功
而人坐收之
聖明馭英雄
其術亦如斯
鄙語不可棄
吾聞諸獵師","放鷹十月鷹出籠
草枯雉兔肥
下韝隨指顧
百擲無一遺
鷹翅疾如風
鷹爪利如錐
本爲鳥所設
今爲人所資
孰能使之然
有術甚易知
取其向背性
制在飢飽時
不可使長飽
不可使長飢
飢則力不足
飽則背人飛
乘飢縱搏擊
未飽須縶維
所以爪翅功
而人坐收之
聖明馭英雄
其術亦如斯
鄙語不可棄
吾聞諸獵師",145
39,poem,39,卷一,,,諷諭,慈烏夜啼,,,39,revised_jsonl_direct,0040,811,revised_jsonl,笺；谱；艺文类聚；春秋元命苞；新论；文选；补亡诗；小雅；七命；孝思赋；九思；行路难；史记；孝经,春秋元命苞；新论；孝思赋；史记；孝经,5,True,,0,False,1,18,"慈烏失其母
啞啞吐哀音
晝夜不飛去
經年守故林
夜夜夜半啼
聞者爲沾襟
聲中如告訴
未盡反哺心
百鳥豈無母
爾獨哀怨深
應是母慈重
使爾悲不任
昔有吳起者
母殁喪不臨
嗟哉斯徒輩
其心不如禽
慈烏復慈烏
鳥中之曾參","慈烏夜啼慈烏失其母
啞啞吐哀音
晝夜不飛去
經年守故林
夜夜夜半啼
聞者爲沾襟
聲中如告訴
未盡反哺心
百鳥豈無母
爾獨哀怨深
應是母慈重
使爾悲不任
昔有吳起者
母殁喪不臨
嗟哉斯徒輩
其心不如禽
慈烏復慈烏
鳥中之曾參",111
40,poem,40,卷一,,,諷諭,燕詩示劉叟,,,40,revised_jsonl_direct,0041,,revised_jsonl,说苑；双燕诗；秋夜长；燕颂；阳春赋；上古之什补亡训传十三章；嗟哉董生行；新乐府；青雀歌；𫛸鴂吟；醒世恒言；小水湾天狐诒书；空城雀；鹪鹩赋；射雉赋；文选；李供奉弹箜篌歌；留别四首；酬谢宣城朓；鸳鸯赋；荀子,说苑；阳春赋,2,True,,0,False,1,30,"梁上有雙燕
翩翩雄與雌
銜泥兩椽間
一巢生四兒
四兒日夜長
索食聲孜孜
青蟲不易捕
黄口無飽期
觜爪雖欲弊
心力不知疲
須臾十來往
猶恐巢中飢
辛勤三十日
母瘦鶵漸肥
喃喃教言語
一一刷毛衣
一旦羽翼成
引上庭樹枝
舉翅不迴顧
隨風四散飛
雌雄空中鳴
聲盡呼不歸
却入空巢裏
啁啾終夜悲
燕燕爾勿悲
爾當返自思
思爾爲鶵日
高飛背母時
當時父母念
今日爾應知","燕詩示劉叟梁上有雙燕
翩翩雄與雌
銜泥兩椽間
一巢生四兒
四兒日夜長
索食聲孜孜
青蟲不易捕
黄口無飽期
觜爪雖欲弊
心力不知疲
須臾十來往
猶恐巢中飢
辛勤三十日
母瘦鶵漸肥
喃喃教言語
一一刷毛衣
一旦羽翼成
引上庭樹枝
舉翅不迴顧
隨風四散飛
雌雄空中鳴
聲盡呼不歸
却入空巢裏
啁啾終夜悲
燕燕爾勿悲
爾當返自思
思爾爲鶵日
高飛背母時
當時父母念
今日爾應知",184
41,poem,41,卷一,,,諷諭,采地黄者,,,41,revised_jsonl_direct,0042,,revised_jsonl,本草纲目；别录；观刈麦；左传；郑白渠歌；汉书；文选；西都赋；诗；公子行；少年行；咏史；送张渚越州；善哉行；古艳歌,左传；汉书；西都赋；诗,4,True,,0,False,1,14,"麥死春不雨
禾損秋早霜
歲晏無口食
田中采地黄
采之將何用
持以易糇糧
凌晨荷插去
薄暮不盈筐
攜來朱門家
賣與白面郎
與君啖肥馬
可使照地光
願易馬殘粟
救此苦飢腸","采地黄者麥死春不雨
禾損秋早霜
歲晏無口食
田中采地黄
采之將何用
持以易糇糧
凌晨荷插去
薄暮不盈筐
攜來朱門家
賣與白面郎
與君啖肥馬
可使照地光
願易馬殘粟
救此苦飢腸",87
42,poem,42,卷一,,,諷諭,初入太行路,,,42,revised_jsonl_direct,0043,,revised_jsonl,苦寒行；史记；周本纪；括地志；羸骏；魏世家；临终诗；始兴南山下有林泉尝卜居焉；拟古十二首；长安道,史记,1,True,,0,False,1,8,"天冷日不光
太行峰蒼上聲莽
嘗聞此中險
今我方獨往
馬蹄凍且滑
羊腸不可上
若比世路難
猶自平於掌","初入太行路天冷日不光
太行峰蒼上聲莽
嘗聞此中險
今我方獨往
馬蹄凍且滑
羊腸不可上
若比世路難
猶自平於掌",54
43,poem,43,卷一,,,諷諭,鄧魴張徹落第,,,43,revised_jsonl_direct,0044,808,revised_jsonl,笺；与元九书；读邓鲂诗；登科记考；答张彻；考异；故幽州节度判官赠给事中清河张君墓志铭；五百家韩注；醉后走笔酬刘五主簿长句之赠兼简张大贾二十四先辈昆季；张彻宋申锡可并监察御史制；白氏文集；酒罢张大彻索赠诗；登乐游园望；吴中礼石佛；和上巳连寒食有怀京洛；秦中吟；靖安寄居；废琴；碧芙蓉颂；赋得芙蓉出水；咏寒松；论语；礼记；诗；说苑,论语；礼记；诗；说苑,4,True,,0,False,1,14,"古琴無俗韻
奏罷無人聽
寒松無妖花
枝下無人行
春風十二街
軒騎不暫停
奔車看牡丹
走馬聽秦箏
衆目悦芳艷
松獨守其貞
衆耳喜鄭衛
琴亦不改聲
懷哉二夫子
念此無自輕","鄧魴張徹落第古琴無俗韻
奏罷無人聽
寒松無妖花
枝下無人行
春風十二街
軒騎不暫停
奔車看牡丹
走馬聽秦箏
衆目悦芳艷
松獨守其貞
衆耳喜鄭衛
琴亦不改聲
懷哉二夫子
念此無自輕",89
44,poem,44,卷一,,,諷諭,送王處士,,,44,revised_jsonl_direct,0045,,revised_jsonl,笺；战国策；晋书；史记；孔戡；楚辞；初学记；商君书；答豆卢次方；太平广记；陶弘景；谈薮；答裴迪辋口遇雨忆终南山之作；论语；诗；赠王弘远；酬从弟惠连；后汉书；归魂赋；旧唐书；邵敬伯；酉阳杂俎；送杨山人归嵩阳；括地志；新唐书,战国策；晋书；史记；楚辞；论语；诗；后汉书,7,True,,0,False,1,16,"王門豈無酒
侯門豈無肉
主人貴且驕
待客禮不足
望塵而拜者
朝夕走碌碌
王生獨拂衣
遐舉如雲鵠
寧歸白雲外
飲水卧空谷
不能隨衆人
斂手低眉目
扣門與我别
沽酒留君宿
好去采薇人
終南山正綠","送王處士王門豈無酒
侯門豈無肉
主人貴且驕
待客禮不足
望塵而拜者
朝夕走碌碌
王生獨拂衣
遐舉如雲鵠
寧歸白雲外
飲水卧空谷
不能隨衆人
斂手低眉目
扣門與我别
沽酒留君宿
好去采薇人
終南山正綠",99
45,poem,45,卷一,,,諷諭,村居苦寒,,,45,revised_jsonl_direct,0046,813,revised_jsonl,谱；笺；野客丛书；汉书；后汉书；襄楷传；旧唐书；韦景骏传；太平广记；叶法善；集异记；晋书；待罪江南思北归赋；答王十二寒夜独酌有怀；侍中沈府君集序；韦丹；河东记；周邯；传奇；花褐裘；三年冬随事铺设小堂寝处稍似稳暖因念衰病偶吟所怀；演繁露；张良传；唐会要；袁天枢；定命录；赠顾仓曹诗,汉书；后汉书；晋书,3,True,,0,False,1,20,"八年十二月
五日雪紛紛
竹柏皆凍死
况彼無衣民
迴觀村閭間
十室八九貧
北風利如劍
布絮不蔽身
唯燒蒿棘火
愁坐夜待晨
乃知大寒歲
農者尤苦辛
顧我當此日
草堂深掩門
褐裘覆絁被
坐卧有餘温
幸免飢凍苦
又無壠畝勤
念彼深可愧
自問是何人","村居苦寒八年十二月
五日雪紛紛
竹柏皆凍死
况彼無衣民
迴觀村閭間
十室八九貧
北風利如劍
布絮不蔽身
唯燒蒿棘火
愁坐夜待晨
乃知大寒歲
農者尤苦辛
顧我當此日
草堂深掩門
褐裘覆絁被
坐卧有餘温
幸免飢凍苦
又無壠畝勤
念彼深可愧
自問是何人",123
46,poem,46,卷一,,,諷諭,納粟,,,46,revised_jsonl_direct,0047,812,revised_jsonl,笺；魏书；旧唐书；杨元卿传；石壕吏；诗；齐民要术；职官志二；唐六典；唐会要；唐律疏议；新唐书；太平广记；李德裕；录异记；疏议；国语；书；汉书；易；史记；杂诗六首；五月东鲁行答汶上君；八琼室金石补证,魏书；诗；国语；书；汉书；易；史记,7,True,,0,False,1,16,"有吏夜扣門
高聲催納粟
家人不待曉
場上張燈燭
揚簸淨如珠
一車三十斛
猶憂納不中
鞭責及僮僕
昔余繆從事
内愧才不足
連授四命官
坐尸十年祿
常聞古人語
損益周必復
今日諒甘心
還他太倉穀","納粟有吏夜扣門
高聲催納粟
家人不待曉
場上張燈燭
揚簸淨如珠
一車三十斛
猶憂納不中
鞭責及僮僕
昔余繆從事
内愧才不足
連授四命官
坐尸十年祿
常聞古人語
損益周必復
今日諒甘心
還他太倉穀",97
47,poem,47,卷一,,,諷諭,薛中丞,,,47,revised_jsonl_direct,0048,813,revised_jsonl,谱；笺；旧唐书；寄源休；门有车马客行；再游西山；东都赋；左传；东京赋；论语；汉书；石鼓歌；初授拾遗；后汉书；左周黄列传；书；新论；淮南子；示周续之祖企谢景夷三郎；史记；魏书；登庐山诗二首；游仙诗；明佛论；晋书；旧书；宪宗纪；新书；宰相表；庄子；荀子；论衡；诗,左传；论语；汉书；后汉书；书；新论；淮南子；史记；魏书；游仙诗；晋书；庄子；论衡；诗,14,True,,0,False,1,32,"百人無一直
百直無一遇
借問遇者誰
正人行得路
中丞薛存誠
守直心甚固
皇明燭如日
再使秉王度
奸豪與佞巧
非不憎且懼
直道漸光明
邪謀難蓋覆
每因匪躬節
知有匡時具
張爲墜網綱
倚作頽簷柱
悠哉上天意
報施紛迴互
自古已冥茫
從今尤不諭
豈與小人意
昏然同好惡
不然君子人
何反如朝露
裴相昨已夭
薛君今又去
以我惜賢心
五年如旦暮
况聞善人命
長短繫運數
今我一涕零
豈爲中丞故","薛中丞百人無一直
百直無一遇
借問遇者誰
正人行得路
中丞薛存誠
守直心甚固
皇明燭如日
再使秉王度
奸豪與佞巧
非不憎且懼
直道漸光明
邪謀難蓋覆
每因匪躬節
知有匡時具
張爲墜網綱
倚作頽簷柱
悠哉上天意
報施紛迴互
自古已冥茫
從今尤不諭
豈與小人意
昏然同好惡
不然君子人
何反如朝露
裴相昨已夭
薛君今又去
以我惜賢心
五年如旦暮
况聞善人命
長短繫運數
今我一涕零
豈爲中丞故",194
48,poem,48,卷一,,,諷諭,秋池二首其一,,,48,revised_jsonl_direct,0049,,revised_jsonl,隋书；咏怀；游始兴道馆中；在陈旦解酲共哭顾舍人；代白纻曲二首；秋辞；秋日送杜虔州；南史；重酬李少府见赠,,0,False,,0,False,1,8,"前池秋始半
卉物多摧壞
欲暮槿先萎
未霜荷已敗
默然有所感
可以從兹誡
本不種松筠
早凋何足怪","秋池二首其一前池秋始半
卉物多摧壞
欲暮槿先萎
未霜荷已敗
默然有所感
可以從兹誡
本不種松筠
早凋何足怪",53
49,poem,49,卷一,,,諷諭,秋池二首其二,,,49,revised_jsonl_direct,0050,,revised_jsonl,吕氏春秋；蜀都赋；文选；楚辞；杂兴三首；垂老别；有感三首；海赋；咏怀；汉书；太玄；后汉书,吕氏春秋；蜀都赋；楚辞；海赋；汉书；后汉书,6,True,,0,False,1,8,"鑿池貯秋水
中有蘋與芰
天旱水暗銷
塌然委空地
有似汎汎者
附離權與貴
一旦恩勢移
相隨共憔悴","秋池二首其二鑿池貯秋水
中有蘋與芰
天旱水暗銷
塌然委空地
有似汎汎者
附離權與貴
一旦恩勢移
相隨共憔悴",53
50,poem,50,卷一,,,諷諭,夏旱,,,50,revised_jsonl_direct,0051,814,revised_jsonl,笺；诗；史记；汉书；石氏；甘氏；太初；淮南子；论衡；庄子；七发；长歌行；平粜诏；头陁寺碑文；左传；州名诗；贺雨；太平广记；李霸；广异记；仙娥峰下作；除官行至昭应闻友人出官因寄；华清宫,诗；史记；汉书；淮南子；论衡；庄子；左传,7,True,,0,False,1,16,"太陰不離畢
太歲仍在午
旱日與炎風
枯燋我田畝
金石欲銷鑠
况兹禾與黍
嗷嗷萬族中
唯農最辛苦
憫然望歲者
出門何所覩
但見棘與茨
羅生徧場圃
惡苗承沴氣
欣然得其所
感此因問天
可能長不雨","夏旱太陰不離畢
太歲仍在午
旱日與炎風
枯燋我田畝
金石欲銷鑠
况兹禾與黍
嗷嗷萬族中
唯農最辛苦
憫然望歲者
出門何所覩
但見棘與茨
羅生徧場圃
惡苗承沴氣
欣然得其所
感此因問天
可能長不雨",97
51,poem,51,卷一,,,諷諭,諭友,,,51,revised_jsonl_direct,0052,,revised_jsonl,卧疾赋；贞女峡；晚渡江津；礼记；论衡；汉书；与史郎中钦听黄鹤楼上吹笛；国语；薄暮动弦歌；登乐游园望；诗；杂体三十首；彭城宫中直感岁暮；叹白发；对酒；史记；解嘲；庄子；与妻徐淑书；后汉书；魏书；官氏志；旧唐书；论语；辨命论；散骑常侍刘府君诔；登石门最高顶；写怀二首,礼记；论衡；汉书；国语；诗；史记；庄子；后汉书；魏书；论语,10,True,,0,False,1,26,"昨夜霜一降
殺君庭中槐
乾葉不待黄
索索飛下來
憐君感節物
晨起步前階
臨風踏葉立
半日顔色低
西望長安城
歌鍾十二街
何人不歡樂
君獨心悠哉
白日頭上走
朱顔鏡中頽
平生青雲心
銷化成死灰
我今贈一言
勝飲酒千杯
其言雖甚鄙
可破悒悒懷
朱門有勳賢
陋巷有顔回
窮通各問命
不繫才不才
推此自豁豁
不必待安排","諭友昨夜霜一降
殺君庭中槐
乾葉不待黄
索索飛下來
憐君感節物
晨起步前階
臨風踏葉立
半日顔色低
西望長安城
歌鍾十二街
何人不歡樂
君獨心悠哉
白日頭上走
朱顔鏡中頽
平生青雲心
銷化成死灰
我今贈一言
勝飲酒千杯
其言雖甚鄙
可破悒悒懷
朱門有勳賢
陋巷有顔回
窮通各問命
不繫才不才
推此自豁豁
不必待安排",157
52,poem,52,卷一,,,諷諭,丘中有一士其一,,,52,revised_jsonl_direct,0053,,revised_jsonl,卜疑；招隐；论语；荀子；左传；古诗十九首；汉书述；老子；说苑；淮南子；盐铁论；韩诗外传；新序；善哉行；法言；楚明妃曲,论语；左传；老子；说苑；淮南子；盐铁论；韩诗外传；新序；法言,9,True,,0,False,1,16,"丘中有一士
不知其姓名
面色不憂苦
血氣常和平
每選隙地居
不踏要路行
舉動無尤悔
物莫與之爭
藜藿不充腸
布褐不蔽形
終歲守窮餓
而無嗟嘆聲
豈是愛貧賤
深知時俗情
勿矜羅弋巧
鸞鶴在冥冥","丘中有一士其一丘中有一士
不知其姓名
面色不憂苦
血氣常和平
每選隙地居
不踏要路行
舉動無尤悔
物莫與之爭
藜藿不充腸
布褐不蔽形
終歲守窮餓
而無嗟嘆聲
豈是愛貧賤
深知時俗情
勿矜羅弋巧
鸞鶴在冥冥",102
53,poem,53,卷一,,,諷諭,丘中有一士其二,,,53,revised_jsonl_direct,0054,,revised_jsonl,列子；胡笳十八拍；太平广记；懿宗；卢氏杂说；道调子；行路难；宫词；晋书；淮南子；采菱歌；盐铁论；南齐书；贞观政要；世说新语；从子永宁令谦诔,列子；晋书；淮南子；盐铁论,4,True,,0,False,1,16,"丘中有一士
守道歲月深
行披帶索衣
坐拍無絃琴
不飲濁泉水
不息曲木蔭
所逢苟非義
糞土千黄金
鄉人化其風
薰如蘭在林
智愚與强弱
不忍相欺侵
我欲訪其人
將行復沉吟
何必見其面
但在學其心","丘中有一士其二丘中有一士
守道歲月深
行披帶索衣
坐拍無絃琴
不飲濁泉水
不息曲木蔭
所逢苟非義
糞土千黄金
鄉人化其風
薰如蘭在林
智愚與强弱
不忍相欺侵
我欲訪其人
將行復沉吟
何必見其面
但在學其心",102
54,poem,54,卷一,,,諷諭,新製布裘,,,54,revised_jsonl_direct,0055,,revised_jsonl,太平广记；夏侯孜；芝田录；太平御览；南越志；南州异物志；笺；册府元龜；资治通鉴；新唐书；北芒客舍诗；效阮公诗十五首；旧唐书；孟子；为范始兴作求立太宰碑表；请征谢朏何胤表；三国志；吴录；请置学官生徒表；王十七侍御抡许携酒至草堂；狂歌行赠四兄；庚溪诗话；新制绫袄；新制布裘；茅屋为秋风所破歌；䂬溪诗话；新制绫袄成,南越志；南州异物志；孟子；吴录,4,True,,0,False,1,16,"桂布白似雪
吳綿軟於雲
布重綿且厚
爲裘有餘温
朝擁坐至暮
夜覆眠達晨
誰知嚴冬月
支體暖如春
中夕忽有念
撫裘起逡巡
丈夫貴兼濟
豈獨善一身
安得萬里裘
蓋裹周四垠
穩暖皆如我
天下無寒人","新製布裘桂布白似雪
吳綿軟於雲
布重綿且厚
爲裘有餘温
朝擁坐至暮
夜覆眠達晨
誰知嚴冬月
支體暖如春
中夕忽有念
撫裘起逡巡
丈夫貴兼濟
豈獨善一身
安得萬里裘
蓋裹周四垠
穩暖皆如我
天下無寒人",99
55,poem,55,卷一,,,諷諭,杏園中棗樹,,,55,revised_jsonl_direct,0056,,revised_jsonl,唐两京城坊考；曲江亭望慈恩寺杏园花发诗；笺；庄子；齐民要术；白牡丹；剧谈录；春雪；晚登三山望京邑；楚辞；文选；诗；艺文类聚；列女传；淮南子；风赋；论衡；老子；易；鹪鹩赋；重赠卢谌；西京赋；山海经；杂诗七首；管子；周礼,庄子；楚辞；诗；列女传；淮南子；风赋；论衡；老子；易；西京赋；山海经；管子；周礼,13,True,,0,False,1,24,"人言百果中
唯棗凡且鄙
皮皴似龜手
葉小如鼠耳
胡爲不自知
生花此園裏
豈宜遇攀玩
幸免遭傷毁
二月曲江頭
雜英紅旖旎
棗亦在其間
如嫫對西子
東風不擇木
吹煦長未已
眼看欲合抱
得盡生生理
寄言遊春客
乞君一迴視
君愛繞指柔
從君憐柳杞
君求悦目艷
不敢爭桃李
君若作大車
輪軸材須此","杏園中棗樹人言百果中
唯棗凡且鄙
皮皴似龜手
葉小如鼠耳
胡爲不自知
生花此園裏
豈宜遇攀玩
幸免遭傷毁
二月曲江頭
雜英紅旖旎
棗亦在其間
如嫫對西子
東風不擇木
吹煦長未已
眼看欲合抱
得盡生生理
寄言遊春客
乞君一迴視
君愛繞指柔
從君憐柳杞
君求悦目艷
不敢爭桃李
君若作大車
輪軸材須此",148
56,poem,56,卷一,,,諷諭,蝦蟆,,,56,revised_jsonl_direct,0057,,revised_jsonl,萧宅二三子赠答诗二十首；客请虾蟆；答柳柳州食虾蟆；诗；礼记；书；尔雅；山海经；广雅；灵宪；西京赋；南都赋；杂体诗三十首；洛禊赋；北庭；秋园卧病呈晖上人；闻丹丘子于城北营石门幽居；鹿鸣；仪礼；四牡；皇皇者华；史记；初学记；春秋元命苞,诗；礼记；书；尔雅；山海经；广雅；西京赋；南都赋；洛禊赋；仪礼；史记；春秋元命苞,12,True,,0,False,1,24,"嘉魚薦宗廟
靈龜貢邦家
應龍能致雨
潤我百穀牙
蠢蠢水族中
無用者蝦蟆
形穢肌肉腥
出没于泥沙
六月七月交
時雨正霶𩃱
蝦蟆得其志
快樂無以加
地既蕃其生
使之族類多
天又與其聲
得以相諠譁
豈唯玉池上
污君清泠波
可獨瑶瑟前
亂君鹿鳴歌
常恐飛上天
跳躍隨姮娥
往往蝕明月
遣君無奈何","蝦蟆嘉魚薦宗廟
靈龜貢邦家
應龍能致雨
潤我百穀牙
蠢蠢水族中
無用者蝦蟆
形穢肌肉腥
出没于泥沙
六月七月交
時雨正霶𩃱
蝦蟆得其志
快樂無以加
地既蕃其生
使之族類多
天又與其聲
得以相諠譁
豈唯玉池上
污君清泠波
可獨瑶瑟前
亂君鹿鳴歌
常恐飛上天
跳躍隨姮娥
往往蝕明月
遣君無奈何",145
57,poem,57,卷一,,,諷諭,寄隱者,,,57,revised_jsonl_direct,0058,805,revised_jsonl,谱；笺；汉书；三辅黄图；史记；咏怀；青门路；三国志；左传；旧唐书；通典；唐六典；南部新书；新唐书；老子；宋书；宋鼓吹铙歌；饮马长城窟行；望九华赠青阳韦仲堪；礼记；梁书,汉书；三辅黄图；史记；左传；老子；宋书；礼记,7,True,,0,False,1,20,"賣藥向都城
行憩青門樹
道逢馳驛者
色有非常懼
親族走相送
欲别不敢住
私怪問道旁
何人復何故
云是右丞相
當國握樞務
祿厚食萬錢
恩深日三顧
昨日延英對
今日崖州去
由來君臣間
寵辱在朝暮
青青東郊草
中有歸山路
歸去卧雲人
謀身計非誤","寄隱者賣藥向都城
行憩青門樹
道逢馳驛者
色有非常懼
親族走相送
欲别不敢住
私怪問道旁
何人復何故
云是右丞相
當國握樞務
祿厚食萬錢
恩深日三顧
昨日延英對
今日崖州去
由來君臣間
寵辱在朝暮
青青東郊草
中有歸山路
歸去卧雲人
謀身計非誤",122
58,poem,58,卷一,,,諷諭,放魚,,,58,revised_jsonl_direct,0059,,revised_jsonl,元和郡县志；旧唐书；赏花；新井；诗；草木疏；月蚀诗效玉川子作；冰柱；庄子；周礼；后汉书；淮南子；思玄赋；漫成一绝；史记；帆入南湖诗；梁书；陈书；南史；送张升卿宰新淦；王抚军庾西阳集别时为豫章太守庾被征还；岳州西城；早春润州送从弟还乡；苏台览古；夜泊牛渚怀古；历历；捜神记,诗；庄子；周礼；后汉书；淮南子；史记,6,True,,0,False,1,26,"曉日提竹籃
家童買春蔬
青青芹蕨下
疊卧雙白魚
無聲但呀呀
以氣相煦濡
傾藍寫地上
撥剌長尺餘
豈唯刀机憂
坐見螻蟻圖
脱泉雖已久
得水猶可蘇
放之小池中
且用救乾枯
水小池窄狹
動尾觸四隅
一時幸苟活
久遠將何如
憐其不得所
移放於南湖
南湖連西江
好去勿踟躕
施恩即望報
吾非斯人徒
不須泥沙底
辛苦覓明珠","放魚曉日提竹籃
家童買春蔬
青青芹蕨下
疊卧雙白魚
無聲但呀呀
以氣相煦濡
傾藍寫地上
撥剌長尺餘
豈唯刀机憂
坐見螻蟻圖
脱泉雖已久
得水猶可蘇
放之小池中
且用救乾枯
水小池窄狹
動尾觸四隅
一時幸苟活
久遠將何如
憐其不得所
移放於南湖
南湖連西江
好去勿踟躕
施恩即望報
吾非斯人徒
不須泥沙底
辛苦覓明珠",157
59,poem,59,卷一,,,諷諭,文柏牀,,,59,revised_jsonl_direct,0060,,revised_jsonl,古诗十九首；赠白马王彪；文选；风俗通；枯树赋；晏子春秋；白纻辞；礼记；吕氏春秋；新序；坛经；上林赋；史记；礼射义；与钟大理书；玉书；通俗文；说苑；春秋左氏传序；庄子；韩非子；读史述九章,风俗通；晏子春秋；礼记；吕氏春秋；新序；上林赋；史记；通俗文；说苑；庄子,10,True,,0,False,1,16,"陵上有老柏
柯葉寒蒼蒼
朝爲風煙樹
暮爲宴寢床
以其多奇文
宜升君子堂
刮削露節目
拂拭生輝光
玄斑狀貍首
素質如截肪
雖充悦目玩
終乏周身防
華彩誠可愛
生理苦已傷
方知自殘者
爲有好文章","文柏牀陵上有老柏
柯葉寒蒼蒼
朝爲風煙樹
暮爲宴寢床
以其多奇文
宜升君子堂
刮削露節目
拂拭生輝光
玄斑狀貍首
素質如截肪
雖充悦目玩
終乏周身防
華彩誠可愛
生理苦已傷
方知自殘者
爲有好文章",98
60,poem,60,卷一,,,諷諭,潯陽三題廬山桂,,,60,revised_jsonl_direct,0061,,revised_jsonl,旧唐书；元和郡县志；江西通志；庐山记；楚辞；初学记；安天论；酉阳杂俎；一百五日夜对月；梁书；问友；春雪；汉书,庐山记；楚辞；汉书,3,True,,0,False,1,18,"偃蹇月中桂
結根依青天
天風繞月起
吹子下人間
飄零委何處
乃落匡廬山
生爲石上桂
葉如剪碧鮮
枝幹日長大
根荄日牢堅
不歸天上月
空老山中年
廬山去咸陽
道里三四千
無人爲移植
得入上林園
不及紅花樹
長栽温室前","潯陽三題廬山桂偃蹇月中桂
結根依青天
天風繞月起
吹子下人間
飄零委何處
乃落匡廬山
生爲石上桂
葉如剪碧鮮
枝幹日長大
根荄日牢堅
不歸天上月
空老山中年
廬山去咸陽
道里三四千
無人爲移植
得入上林園
不及紅花樹
長栽温室前",114
61,poem,61,卷一,,,諷諭,潯陽三題湓浦竹,,,61,revised_jsonl_direct,0062,,revised_jsonl,春雪；礼记；淮南子；鲁灵光殿赋；美女篇；郑驸马宅宴洞中；和王相公题中书丛竹寄上元相公,礼记；淮南子；美女篇,3,True,,0,False,1,16,"潯陽十月天
天氣仍温燠
有霜不殺草
有風不落木
玄冥氣力薄
草木冬猶綠
誰肯湓浦頭
迴眼看修竹
其有顧眄者
持刀斬且束
剖劈青琅玕
家家蓋牆屋
吾聞汾晉間
竹少重如玉
胡爲取輕賤
生此西江曲","潯陽三題湓浦竹潯陽十月天
天氣仍温燠
有霜不殺草
有風不落木
玄冥氣力薄
草木冬猶綠
誰肯湓浦頭
迴眼看修竹
其有顧眄者
持刀斬且束
剖劈青琅玕
家家蓋牆屋
吾聞汾晉間
竹少重如玉
胡爲取輕賤
生此西江曲",102
62,poem,62,卷一,,,諷諭,潯陽三題東林寺白蓮,,,62,revised_jsonl_direct,0063,,revised_jsonl,庐山记；涅槃经；送演上人之抚州觐使君叔；题东林白莲；和人游东林；游东林寺；庐山；高唐赋；文选；尔雅；芙蓉赋；啸赋；诗；四愁诗；中阿含经；青白莲花喻经第六；宗镜录；坛经；五更转；法华经；妙法莲华经后序；景福殿赋；闲居赋；晚秋郾城夜会联句,庐山记；尔雅；芙蓉赋；诗；闲居赋,5,True,,0,False,1,20,"東林北塘水
湛湛見底青
中生白芙蓉
菡萏三百莖
白日發光彩
清颷散芳馨
洩香銀囊破
瀉露玉盤傾
我慚塵垢眼
見此瓊瑶英
乃知紅蓮華
虛得清淨名
夏萼敷未歇
秋房結纔成
夜深衆僧寢
獨起繞池行
欲收一顆子
寄向長安城
但恐出山去
人間種不生","潯陽三題東林寺白蓮東林北塘水
湛湛見底青
中生白芙蓉
菡萏三百莖
白日發光彩
清颷散芳馨
洩香銀囊破
瀉露玉盤傾
我慚塵垢眼
見此瓊瑶英
乃知紅蓮華
虛得清淨名
夏萼敷未歇
秋房結纔成
夜深衆僧寢
獨起繞池行
欲收一顆子
寄向長安城
但恐出山去
人間種不生",128
63,poem,63,卷一,,,諷諭,大水,,,63,revised_jsonl_direct,0064,,revised_jsonl,史记；左传；梁书；北史；颜氏家训；旧唐书；新唐书；崔融传；太平广记；郭使君；南楚纪闻；楚辞；玉台新咏；白头吟；与刘琨书；汾阴行,史记；左传；楚辞,3,True,,0,False,1,20,"潯陽郊郭間
大水歲一至
閭閻半飄蕩
城堞多傾墜
蒼茫生海色
渺漫連空翠
風卷白波翻
日煎紅浪沸
工商徹屋去
牛馬登山避
况當率税時
頗害農桑事
獨有傭舟子
鼓枻生意氣
不知萬人災
自覓錐刀利
吾無奈爾何
爾非久得志
九月霜降後
水涸爲平地","大水潯陽郊郭間
大水歲一至
閭閻半飄蕩
城堞多傾墜
蒼茫生海色
渺漫連空翠
風卷白波翻
日煎紅浪沸
工商徹屋去
牛馬登山避
况當率税時
頗害農桑事
獨有傭舟子
鼓枻生意氣
不知萬人災
自覓錐刀利
吾無奈爾何
爾非久得志
九月霜降後
水涸爲平地",121
64,poem,64,卷二,,,諷諭,續古詩十首其一,,,64,revised_jsonl_direct,0065,,revised_jsonl,文选；古诗一十九首；拟古诗十二首；拟古诗；拟古二首；古诗十九首；西陵遇风献康乐；史记；外戚世家；大宛列传；魏书；隋书；寡妇赋；古诗为焦仲卿妻作；吴都赋；从军行；有所思；战城南；出塞；悼离赠妹诗；汉书；乐府诗集；妾薄命；蜀路石妇,拟古诗；史记；魏书；汉书,4,True,,0,False,1,16,"戚戚復戚戚
送君遠行役
行役非中原
海外黄沙磧
伶俜獨居妾
迢遞長征客
君望功名歸
妾憂生死隔
誰家無夫婦
何人不離拆
所恨薄命身
嫁遲别日迫
妾身有存殁
妾心無改易
生作閨中婦
死作山頭石","續古詩十首其一戚戚復戚戚
送君遠行役
行役非中原
海外黄沙磧
伶俜獨居妾
迢遞長征客
君望功名歸
妾憂生死隔
誰家無夫婦
何人不離拆
所恨薄命身
嫁遲别日迫
妾身有存殁
妾心無改易
生作閨中婦
死作山頭石",102
65,poem,65,卷二,,,諷諭,續古詩十首其二,,,65,revised_jsonl_direct,0066,,revised_jsonl,笙赋；门有车马客行；杂诗；吁嗟篇；古诗十九首；入彭蠡湖口；合欢诗；拟古诗八首；咏怀；归园田居；代边居行；送客水路归陕；村花晚；诸人共游周家墓柏下；列子；古风,笙赋；杂诗；列子,3,True,,0,False,1,14,"掩淚别鄉里
飄颻將遠行
茫茫綠野中
春盡孤客情
驅馬上丘壠
高低路不平
風吹棠梨花
啼鳥時一聲
古墓何代人
不知姓與名
化作路傍土
年年春草生
感彼忽自悟
今我何營營","續古詩十首其二掩淚别鄉里
飄颻將遠行
茫茫綠野中
春盡孤客情
驅馬上丘壠
高低路不平
風吹棠梨花
啼鳥時一聲
古墓何代人
不知姓與名
化作路傍土
年年春草生
感彼忽自悟
今我何營營",90
66,poem,66,卷二,,,諷諭,續古詩十首其三,,,66,revised_jsonl_direct,0067,,revised_jsonl,史记；送王处士；招隐诗；诗；乞食诗；忆周秀才素上人时闻各在一方；三国志；善哉行；赠毋丘俭；拟古诗八首；放鹰；礼记；文选；古艳歌,史记；诗；礼记,3,True,,0,False,1,14,"朝采山上薇
暮采山上薇
歲晏薇亦盡
飢來何所爲
坐飲白石水
手把青松枝
擊節獨長歌
其聲清且悲
櫪馬非不肥
所苦長縶維
豢豕非不飽
所憂竟爲犧
行行歌此曲
以慰常苦飢","續古詩十首其三朝采山上薇
暮采山上薇
歲晏薇亦盡
飢來何所爲
坐飲白石水
手把青松枝
擊節獨長歌
其聲清且悲
櫪馬非不肥
所苦長縶維
豢豕非不飽
所憂竟爲犧
行行歌此曲
以慰常苦飢",90
67,poem,67,卷二,,,諷諭,續古詩十首其四,,,67,revised_jsonl_direct,0068,,revised_jsonl,游天台山赋；雷赋；古诗十九首；悲哉行；晋书；入衡州；门有车马客行,雷赋；晋书,2,True,,0,False,1,10,"雨露長纖草
山苗高入雲
風雪折勁木
澗松摧爲薪
風摧此何意
雨長彼何因
百丈澗底死
寸莖山上春
可憐苦節士
感此涕盈巾","續古詩十首其四雨露長纖草
山苗高入雲
風雪折勁木
澗松摧爲薪
風摧此何意
雨長彼何因
百丈澗底死
寸莖山上春
可憐苦節士
感此涕盈巾",66
68,poem,68,卷二,,,諷諭,續古詩十首其五,,,68,revised_jsonl_direct,0069,,revised_jsonl,羽林郎；周礼；元皇后诔；古诗十九首；左传；上书请著太后注纪；礼记；闲居赋；武帝纳皇后颂；日出东南隅行；汉武故事；史记；列女传；皇华；庄子；折杨；皇荂；答王十二寒夜独酌有怀,周礼；左传；礼记；闲居赋；汉武故事；史记；列女传；庄子,8,True,礼记,1,True,1,16,"窈窕雙鬟女
容德俱如玉
晝居不踰閾
夜行常秉燭
氣如含露蘭
心如貫霜竹
宜當備嬪御
胡爲守幽獨
無媒不得選
年忽過三六
歲暮望漢宮
誰在黄金屋
邯鄲進倡女
能唱黄花曲
一曲稱君心
恩榮連九族","續古詩十首其五窈窕雙鬟女
容德俱如玉
晝居不踰閾
夜行常秉燭
氣如含露蘭
心如貫霜竹
宜當備嬪御
胡爲守幽獨
無媒不得選
年忽過三六
歲暮望漢宮
誰在黄金屋
邯鄲進倡女
能唱黄花曲
一曲稱君心
恩榮連九族",102
69,poem,69,卷二,,,諷諭,續古詩十首其六,,,69,revised_jsonl_direct,0070,,revised_jsonl,论语；答宾戏；汉书；主父偃传；后汉书；史记；冬节后至丞相第诣世子车中；诗；赠五官中郎将；九日从宋公戏马台集送孔令诗；说苑；酬从第惠连；丘中有一士；大戴礼记,论语；汉书；后汉书；史记；诗；说苑,6,True,,0,False,1,18,"栖栖遠方士
讀書三十年
業成無知己
徒步來入關
長安多王侯
英俊競攀援
幸隨衆賓末
得厠門館間
東閣有旨酒
中堂有管絃
何爲向隅客
對此不開顔
富貴無是非
主人終日歡
貧賤多悔尤
客子中夜歎
歸去復歸去
故鄉貧亦安","續古詩十首其六栖栖遠方士
讀書三十年
業成無知己
徒步來入關
長安多王侯
英俊競攀援
幸隨衆賓末
得厠門館間
東閣有旨酒
中堂有管絃
何爲向隅客
對此不開顔
富貴無是非
主人終日歡
貧賤多悔尤
客子中夜歎
歸去復歸去
故鄉貧亦安",114
70,poem,70,卷二,,,諷諭,續古詩十首其七,,,70,revised_jsonl_direct,0071,,revised_jsonl,侍太子坐；秋胡诗；拟兰若生春阳诗；春日诗；古诗十九首；文选；盐铁论；轻薄篇；礼记；周礼；诗；左传；情诗；行药至城东桥；董娇饶；碎珠赋；新乐府；五灯会元；会三教诗；萧宅二三子赠答诗,春日诗；盐铁论；礼记；周礼；诗；左传；碎珠赋,7,True,,0,False,1,26,"凉風飄嘉樹
日夜減芳華
下有感秋婦
攀條苦悲嗟
我本幽閑女
結髮事豪家
豪家多婢僕
門内頗驕奢
良人近封侯
出入鳴玉珂
自從富貴來
恩薄讒言多
冢婦獨守禮
羣妾互奇衺
但信言有玷
不察心無瑕
容光未銷歇
歡愛忽蹉跎
何意掌上玉
化爲眼中砂
盈盈一尺水
浩浩千丈河
勿言小大異
隨分有風波
閨房猶復爾
邦國當如何","續古詩十首其七凉風飄嘉樹
日夜減芳華
下有感秋婦
攀條苦悲嗟
我本幽閑女
結髮事豪家
豪家多婢僕
門内頗驕奢
良人近封侯
出入鳴玉珂
自從富貴來
恩薄讒言多
冢婦獨守禮
羣妾互奇衺
但信言有玷
不察心無瑕
容光未銷歇
歡愛忽蹉跎
何意掌上玉
化爲眼中砂
盈盈一尺水
浩浩千丈河
勿言小大異
隨分有風波
閨房猶復爾
邦國當如何",162
71,poem,71,卷二,,,諷諭,續古詩十首其八,,,71,revised_jsonl_direct,0072,,revised_jsonl,古诗十九首；古风；天地篇；悼离赠妹诗；野居；三国志；魏略；扶风歌；卧疾穷愁；四言赠兄秀才入军；山斋独坐赠薛内史二首,魏略,1,True,,0,False,1,12,"心亦無所迫
身亦無所拘
何爲腸中氣
鬱鬱不得舒
不舒良有以
同心久離居
五年不見面
三年不得書
念此令人老
抱膝坐長吁
豈無盈罇酒
非君誰與娛","續古詩十首其八心亦無所迫
身亦無所拘
何爲腸中氣
鬱鬱不得舒
不舒良有以
同心久離居
五年不見面
三年不得書
念此令人老
抱膝坐長吁
豈無盈罇酒
非君誰與娛",78
72,poem,72,卷二,,,諷諭,續古詩十首其九,,,72,revised_jsonl_direct,0073,,revised_jsonl,古诗十九首；杂诗；郊居赋；辋川集；左传；洛水祖王公应诏；江赋；山居赋；述身赋；送韦大夫东京留守；赠阴梁州；诗；情诗；始作镇军参军经曲阿作；梁书；散逸论,杂诗；左传；江赋；诗,4,True,,0,False,1,14,"攬衣出門行
遊觀遶林渠
澹澹春水暖
東風生綠蒲
上有和鳴雁
下有掉尾魚
飛沉一何樂
鱗羽各有徒
而我方獨處
不與之子俱
顧彼自傷己
禽魚之不如
出遊欲遣憂
孰知憂有餘","續古詩十首其九攬衣出門行
遊觀遶林渠
澹澹春水暖
東風生綠蒲
上有和鳴雁
下有掉尾魚
飛沉一何樂
鱗羽各有徒
而我方獨處
不與之子俱
顧彼自傷己
禽魚之不如
出遊欲遣憂
孰知憂有餘",90
73,poem,73,卷二,,,諷諭,續古詩十首其十,,,73,revised_jsonl_direct,0074,,revised_jsonl,苦热诗；上之回；古诗十九首；文选；古风；登金陵凤凰台；荀子；史记；长歌行；吴声歌曲,史记,1,True,,0,False,1,12,"春旦日初出
曈曈耀晨輝
草木照未遠
浮雲已蔽之
天地黯以晦
當午如昏時
雖有東南風
力微不能吹
中園何所有
滿地青青葵
陽光委雲上
傾心欲何依","續古詩十首其十春旦日初出
曈曈耀晨輝
草木照未遠
浮雲已蔽之
天地黯以晦
當午如昏時
雖有東南風
力微不能吹
中園何所有
滿地青青葵
陽光委雲上
傾心欲何依",78
74,poem,74,卷二,,,諷諭,秦中吟十首議婚,,,74,revised_jsonl_direct,0075,810,revised_jsonl,谱；笺；与元九书；秦中吟；编集拙诗成一十五卷因题卷末；荀子；七发；魏书；礼记；说苑；诗；墨子；拟青青河畔草；长相思；陌上赠美人；古诗为焦仲卿妻作；丽人行；菩萨蛮；后汉书；三国志；芍药歌；古诗十九首；短歌行；古意；春怨；宋书；别李氏女子；即事,魏书；礼记；说苑；诗；墨子；后汉书；宋书,7,True,,0,False,1,30,"天下無正聲
悦耳即爲娛
人間無正色
悦目即爲姝
顔色非相遠
貧富則有殊
貧爲時所棄
富爲時所趨
紅樓富家女
金縷繡羅襦
見人不斂手
嬌癡二八初
母兄未開口
已嫁不須臾
綠窗貧家女
寂寞二十餘
荆釵不直錢
衣上無真珠
幾迴人欲聘
臨日又踟躕
主人會良媒
置酒滿玉壺
四座且勿飲
聽我歌兩途
富家女易嫁
嫁早輕其夫
貧家女難嫁
嫁晚孝於姑
聞君欲娶婦
娶婦意何如","秦中吟十首議婚天下無正聲
悦耳即爲娛
人間無正色
悦目即爲姝
顔色非相遠
貧富則有殊
貧爲時所棄
富爲時所趨
紅樓富家女
金縷繡羅襦
見人不斂手
嬌癡二八初
母兄未開口
已嫁不須臾
綠窗貧家女
寂寞二十餘
荆釵不直錢
衣上無真珠
幾迴人欲聘
臨日又踟躕
主人會良媒
置酒滿玉壺
四座且勿飲
聽我歌兩途
富家女易嫁
嫁早輕其夫
貧家女難嫁
嫁晚孝於姑
聞君欲娶婦
娶婦意何如",186
75,poem,75,卷二,,,諷諭,秦中吟十首重賦,,,75,revised_jsonl_direct,0076,,revised_jsonl,易；象；诗；管子；淮南子；荀子；颜氏家训；礼记；汉书；洪范；盐铁论；唐会要；册府元龜；旧唐书；孟子；书；寒山诗注；祖堂集；左传；国语；春秋繁露；通典；庄子；楚辞；雨雹对；苦寒行；韩诗外传；伤唐衢二首；高唐赋；圣皇篇；太平广记；郝溥；儆诫录；旧五代史；回纥传；蜀都赋；从军行；皇甫镈传；论王锷欲除官事宜状；白氏文集,易；象；诗；管子；淮南子；礼记；汉书；盐铁论；孟子；书；左传；国语；春秋繁露；庄子；楚辞；韩诗外传；蜀都赋,17,True,,0,False,1,38,"厚地植桑麻
所要濟生民
生民理布帛
所求活一身
身外充征賦
上以奉君親
國家定兩税
本意在憂人
厥初防其淫
明敕内外臣
税外加一物
皆以枉法論
奈何歲月久
貪吏得因循
浚我以求寵
斂索無冬春
織絹未成疋
繰絲未盈斤
里胥迫我納
不許暫逡巡
歲暮天地閉
陰風生破村
夜深烟火盡
霰雪白紛紛
幼者形不蔽
老者體無温
悲端與寒氣
併入鼻中辛
昨日輪殘税
因窺官庫門
繒帛如山積
絲絮似雲屯
號爲羨餘物
隨月獻至尊
奪我身上暖
買爾眼前恩
進入瓊林庫
歲久化爲塵","秦中吟十首重賦厚地植桑麻
所要濟生民
生民理布帛
所求活一身
身外充征賦
上以奉君親
國家定兩税
本意在憂人
厥初防其淫
明敕内外臣
税外加一物
皆以枉法論
奈何歲月久
貪吏得因循
浚我以求寵
斂索無冬春
織絹未成疋
繰絲未盈斤
里胥迫我納
不許暫逡巡
歲暮天地閉
陰風生破村
夜深烟火盡
霰雪白紛紛
幼者形不蔽
老者體無温
悲端與寒氣
併入鼻中辛
昨日輪殘税
因窺官庫門
繒帛如山積
絲絮似雲屯
號爲羨餘物
隨月獻至尊
奪我身上暖
買爾眼前恩
進入瓊林庫
歲久化爲塵",234
76,poem,76,卷二,,,諷諭,秦中吟十首傷宅,,,76,revised_jsonl_direct,0077,,revised_jsonl,史记；汉书音义；西京赋；文选；轻薄篇；长安道；易；淮南子；代秋胡歌；诗；吴都赋；法华寺石门精舍三十韵；登荆州城楼；蜀都赋；凶宅；旧唐书；楚辞；鲁灵光殿赋；君子有所思行；国语；别之望后独宿蓝田山庄；三月二十日诏宴乐游园赋得风字；奉和裴令公新成绿野堂即书；紫藤树；奉和圣制送张说上集贤学士赐宴；直中书省；苏侍郎紫薇庭各赋一物得芍药；和席二十八韵；能改斋漫录；资暇集；汉书；将赴成都草堂；戏赠丽人诗；闲居赋；尔雅；早春松江野望；贞元十四年旱甚见权门移芍药花；秦中吟；孟子；盐铁论；又赐宴自歌；独不见；海石榴；赠李蒙叟；晋书；代北州老翁答；八月十五夜月二首；唐国史补；长安志,史记；西京赋；易；淮南子；诗；蜀都赋；楚辞；国语；汉书；闲居赋；尔雅；孟子；盐铁论；晋书,14,True,,0,False,1,28,"誰家起甲第
朱門大道邊
豐屋中櫛比
高牆外迴環
累累六七堂
棟宇相連延
一堂費百萬
鬱鬱起青烟
洞房温且清
寒暑不能忓
高堂虚且迥
坐卧見南山
繞廊紫藤架
夾砌紅藥欄
攀枝摘櫻桃
帶花移牡丹
主人此中坐
十載爲大官
厨有臭敗肉
庫有貫朽钱
誰能將我語
問爾骨肉間
豈無窮賤者
忍不救飢寒
如何奉一身
直欲保千年
不見馬家宅
今作奉誠園","秦中吟十首傷宅誰家起甲第
朱門大道邊
豐屋中櫛比
高牆外迴環
累累六七堂
棟宇相連延
一堂費百萬
鬱鬱起青烟
洞房温且清
寒暑不能忓
高堂虚且迥
坐卧見南山
繞廊紫藤架
夾砌紅藥欄
攀枝摘櫻桃
帶花移牡丹
主人此中坐
十載爲大官
厨有臭敗肉
庫有貫朽钱
誰能將我語
問爾骨肉間
豈無窮賤者
忍不救飢寒
如何奉一身
直欲保千年
不見馬家宅
今作奉誠園",174
77,poem,77,卷二,,,諷諭,秦中吟十首傷友,,,77,revised_jsonl_direct,0078,,revised_jsonl,论语；晋书；旧唐书；尔雅；论衡；礼记；与山巨源绝交书；谕友；始出尚书省；文选；解嘲；汉书注；初发江陵有怀；效古二首；后汉书；易；和谢监灵运；咏怀诗；唐六典；新唐书；春日五门西望；文宗纪；于𬱖传；李训传；东平赋；偪仄行赠毕四曜；古诗十九首；唐国史补；新乐府；抱朴子内篇；过李楫宅；赠阴梁州；送韦书记赴安西；闲情赋；秋胡诗；笺；登科记考；全唐诗；答贡士黎逢,论语；晋书；尔雅；论衡；礼记；后汉书；易,7,True,,0,False,1,25,"陋巷孤寒士
出門苦恓恓
雖云志氣在
豈免顔色低
平生同門友
通籍在金閨
曩者膠漆契
邇來雲雨睽
正逢下朝歸
軒騎五門西
是時天久陰
三日雨淒淒
蹇驢避路立
肥馬當風嘶
迴頭忘相識
占道上沙堤
昔年洛陽社
貧賤相提攜
今日長安道
對面隔雲泥
近日多如此
非君獨慘悽
死生不變者
唯聞任與黎
任公叔﹑黎逢","秦中吟十首傷友陋巷孤寒士
出門苦恓恓
雖云志氣在
豈免顔色低
平生同門友
通籍在金閨
曩者膠漆契
邇來雲雨睽
正逢下朝歸
軒騎五門西
是時天久陰
三日雨淒淒
蹇驢避路立
肥馬當風嘶
迴頭忘相識
占道上沙堤
昔年洛陽社
貧賤相提攜
今日長安道
對面隔雲泥
近日多如此
非君獨慘悽
死生不變者
唯聞任與黎
任公叔﹑黎逢",157
78,poem,78,卷二,,,諷諭,秦中吟十首不致仕,,,78,revised_jsonl_direct,0079,,revised_jsonl,高仆射；荀子；自觉二首；汉书；古诗十九首；咏怀；重赠卢谌；文选；后汉书；征虏亭饯王少傅；礼记；西征赋；杨恽传；晋书；初学记；汉旧仪；淮南子；左传；老子；旧唐书；重赋；笺；国史补；尧山堂偶隽,汉书；后汉书；礼记；晋书；汉旧仪；淮南子；左传；老子,8,True,,0,False,1,22,"七十而致仕
禮法有明文
何乃貪榮者
斯言如不聞
可憐八九十
齒墮雙眸昏
朝露貪名利
夕陽憂子孫
掛冠顧翠緌
懸車惜朱輪
金章腰不勝
傴僂入君門
誰不愛富貴
誰不戀君恩
年高須告老
名遂合退身
少時共嗤誚
晚歲多因循
賢哉漢二疏
彼獨是何人
寂寞東門路
無人繼去塵","秦中吟十首不致仕七十而致仕
禮法有明文
何乃貪榮者
斯言如不聞
可憐八九十
齒墮雙眸昏
朝露貪名利
夕陽憂子孫
掛冠顧翠緌
懸車惜朱輪
金章腰不勝
傴僂入君門
誰不愛富貴
誰不戀君恩
年高須告老
名遂合退身
少時共嗤誚
晚歲多因循
賢哉漢二疏
彼獨是何人
寂寞東門路
無人繼去塵",139
79,poem,79,卷二,,,諷諭,秦中吟十首立碑,,,79,revised_jsonl_direct,0080,,revised_jsonl,北海王诔；庄子；汉书；唐律疏议；笺；东京赋；宋书；文赋；文选；史记；孔子世家；新论；唐语林；唐国史补；后汉书；策林；议文章碑碣词赋；白氏文集；容斋五笔；书曲信陵事；投石祝江文；新唐艺文志；唐诗纪事；唐才子传；苏州府志；卢志；旧唐书；北齐书；诗,庄子；汉书；宋书；文赋；史记；新论；后汉书；诗,8,True,,0,False,1,29,"勳德既下衰
文章亦陵夷
但見山中石
立作路旁碑
銘勳悉太公
叙德皆仲尼
復以多爲貴
千言直萬貲
爲文彼何人
想見下筆時
但欲愚者悦
不思賢者嗤
豈獨賢者嗤
仍傳後代疑
古石蒼苔字
安知是愧詞
我聞望江縣
麴令撫惸嫠
麴令名信陵
在官有仁政
名不聞京師
身殁欲歸葬
百姓遮路歧
攀轅不得歸
留葬此江湄
至今道其名
男女涕皆垂
無人立碑碣
唯有邑人知","秦中吟十首立碑勳德既下衰
文章亦陵夷
但見山中石
立作路旁碑
銘勳悉太公
叙德皆仲尼
復以多爲貴
千言直萬貲
爲文彼何人
想見下筆時
但欲愚者悦
不思賢者嗤
豈獨賢者嗤
仍傳後代疑
古石蒼苔字
安知是愧詞
我聞望江縣
麴令撫惸嫠
麴令名信陵
在官有仁政
名不聞京師
身殁欲歸葬
百姓遮路歧
攀轅不得歸
留葬此江湄
至今道其名
男女涕皆垂
無人立碑碣
唯有邑人知",180
80,poem,80,卷二,,,諷諭,秦中吟十首輕肥,,,80,revised_jsonl_direct,0081,,revised_jsonl,悲哉行；大水；咏史；汉书；旧唐书；寄高三十五书记；史记；笺；初著绯戏赠元九；酬别江主簿屯骑诗；唐明堂乐章；唐国史补；柳亭诗话；轻薄篇；乌栖曲；和初春宴东堂应令诗；享昊天乐章；送崔秀才赴上元兼省叔父；纶与吉侍郎中孚……兼寄夏侯侍御审侯仓曹钊；周礼；晋书；饼说；洞庭献新橘赋；拣贡橘书情；庄子,汉书；史记；周礼；晋书；庄子,5,True,,0,False,1,16,"意氣驕滿路
鞍馬光照塵
借問何爲者
人稱是内臣
朱紱皆大夫
紫綬或將軍
誇赴軍中宴
走馬去如雲
罇罍溢九醞
水陸羅八珍
果擘洞庭橘
鱠切天池鱗
食飽心自若
酒酣氣益振
是歲江南旱
衢州人食人","秦中吟十首輕肥意氣驕滿路
鞍馬光照塵
借問何爲者
人稱是内臣
朱紱皆大夫
紫綬或將軍
誇赴軍中宴
走馬去如雲
罇罍溢九醞
水陸羅八珍
果擘洞庭橘
鱠切天池鱗
食飽心自若
酒酣氣益振
是歲江南旱
衢州人食人",102
81,poem,81,卷二,,,諷諭,秦中吟十首五絃,,,81,revised_jsonl_direct,0082,,revised_jsonl,笺；新乐府；五弦弹；才调集；韩非子；南风；新论；演连珠；文选；琴操；洛神赋；赠五官中郎将；范真传侍御累有寄因奉酬十首；乐府杂录；唐国史补；琴曲歌辞；挟琴歌；许昌宫赋；楚辞；说苑；西京杂记；大唐传载；发端州初入西江；云谣集杂曲子；太平御览；荆州记；答陆厥书；废琴；议婚；与子俨等疏；晋书,新论；琴操；洛神赋；楚辞；说苑；西京杂记；荆州记；晋书,8,True,,0,False,1,20,"清歌且罷唱
紅袂亦停舞
趙叟抱五絃
宛轉當胸撫
大聲粗音麄若散
颯颯風和雨
小聲細欲絶
切切鬼神語
又如鵲報喜
轉作猿啼苦
十指無定音
顛倒宮徵羽
坐客聞此聲
形神若無主
行客聞此聲
駐足不能舉
嗟嗟俗人耳
好今不好古
所以綠窗琴
日日生塵土","秦中吟十首五絃清歌且罷唱
紅袂亦停舞
趙叟抱五絃
宛轉當胸撫
大聲粗音麄若散
颯颯風和雨
小聲細欲絶
切切鬼神語
又如鵲報喜
轉作猿啼苦
十指無定音
顛倒宮徵羽
坐客聞此聲
形神若無主
行客聞此聲
駐足不能舉
嗟嗟俗人耳
好今不好古
所以綠窗琴
日日生塵土",128
82,poem,82,卷二,,,諷諭,秦中吟十首歌舞,,,82,revised_jsonl_direct,0083,,revised_jsonl,诗；古诗十九首；结客少年场行；旧唐书；韦处厚传；日出东南隅行；文选；刘生；再游西郊渡；不致仕；豳歌行上新平长史兄粲；舞赋；代书诗一百韵寄微之；新书；三国志；周礼；汉书；奏阌乡县禁囚状；白氏文集,诗；舞赋；周礼；汉书,4,True,,0,False,1,18,"秦中歲云暮
大雪滿皇州
雪中退朝者
朱紫盡公侯
貴有風雲興
富無飢寒憂
所營唯第宅
所務在追遊
朱輪車馬客
紅燭歌舞樓
歡酣促密坐
醉暖脱重裘
秋官爲主人
廷尉居上頭
日中爲一樂
夜半不能休
豈知閿鄉獄
中有凍死囚","秦中吟十首歌舞秦中歲云暮
大雪滿皇州
雪中退朝者
朱紫盡公侯
貴有風雲興
富無飢寒憂
所營唯第宅
所務在追遊
朱輪車馬客
紅燭歌舞樓
歡酣促密坐
醉暖脱重裘
秋官爲主人
廷尉居上頭
日中爲一樂
夜半不能休
豈知閿鄉獄
中有凍死囚",114
83,poem,83,卷二,,,諷諭,秦中吟十首買花,,,83,revised_jsonl_direct,0084,,revised_jsonl,汉书；长安道；梁书；隋书；诗；易；玉台新咏；古诗；幽怪录；华山客；左传；齐民要术；旧唐书；唐国史补,汉书；诗；易；古诗；左传,5,True,,0,False,1,20,"帝城春欲暮
喧喧車馬度
共道牡丹時
相隨買花去
貴賤無常價
酬直看花數
灼灼百朵紅
戔戔五束素
上張幄幕庇
旁織巴籬護
水洒復泥封
移來色如故
家家習爲俗
人人迷不悟
有一田舍翁
偶來買花處
低頭獨長歎
此歎無人諭
一叢深色花
十户中人賦","秦中吟十首買花帝城春欲暮
喧喧車馬度
共道牡丹時
相隨買花去
貴賤無常價
酬直看花數
灼灼百朵紅
戔戔五束素
上張幄幕庇
旁織巴籬護
水洒復泥封
移來色如故
家家習爲俗
人人迷不悟
有一田舍翁
偶來買花處
低頭獨長歎
此歎無人諭
一叢深色花
十户中人賦",126
84,poem,84,卷二,,,諷諭,贈友五首其一,,,84,revised_jsonl_direct,0085,815,revised_jsonl,笺；白笺拾零四则；北京师范大学学报；汉书；白居易选集；策林；与从弟君苗君胄书；奉赠韦左丞丈二十二韵；礼记；目录；月令；广绝交论；文选；雒书；左传；庄子；张子房诗；毛诗序；关雎；麟趾；史记；周礼；书,汉书；礼记；月令；广绝交论；左传；庄子；毛诗序；史记；周礼；书,10,True,,0,False,1,20,"一年十二月
每月有常令
君出臣奉行
謂之握金鏡
由兹六氣順
以遂萬物性
時令一反常
生靈受其病
周漢德下衰
王風始不競
又從斬晁錯
諸侯益强盛
百里不同禁
四時自爲政
盛夏興土功
方春勦人命
誰能救其失
待君佐邦柄
峨峨象魏門
懸法彜倫正","贈友五首其一一年十二月
每月有常令
君出臣奉行
謂之握金鏡
由兹六氣順
以遂萬物性
時令一反常
生靈受其病
周漢德下衰
王風始不競
又從斬晁錯
諸侯益强盛
百里不同禁
四時自爲政
盛夏興土功
方春勦人命
誰能救其失
待君佐邦柄
峨峨象魏門
懸法彜倫正",125
85,poem,85,卷二,,,諷諭,贈友五首其二,,,85,revised_jsonl_direct,0086,,revised_jsonl,新唐书；地理志五；元和郡县志；唐六典；通典；资治通鉴；贞观政要；太平广记；银山老人；报应记；稽神录；魏书；浪淘沙；江行无题一百首；路入金州江中作；圣主得贤臣颂；文选；墨子；尔雅；畬田行；秋日夔府咏怀一百韵；孟夏思渭村旧居寄舍弟；后汉书；盐铁论；齐民要术序；老子；庄子；赠樊著作；东京赋；抱朴子外篇,魏书；墨子；尔雅；后汉书；盐铁论；老子；庄子,7,True,,0,False,1,24,"銀生楚山曲
金生鄱溪濱
南人棄農業
求之多苦辛
披砂復鑿石
矻矻無冬春
手足盡皴胝
愛利不愛身
畬田既慵斫
稻田亦懶耘
相攜作游手
皆道求金銀
畢竟金與銀
何殊泥與塵
且非衣食物
不濟飢寒人
棄本以趨末
日富而歲貧
所以先聖王
棄藏不爲珍
誰能反古風
待君秉國鈞
捐金復抵璧
勿使勞生民","贈友五首其二銀生楚山曲
金生鄱溪濱
南人棄農業
求之多苦辛
披砂復鑿石
矻矻無冬春
手足盡皴胝
愛利不愛身
畬田既慵斫
稻田亦懶耘
相攜作游手
皆道求金銀
畢竟金與銀
何殊泥與塵
且非衣食物
不濟飢寒人
棄本以趨末
日富而歲貧
所以先聖王
棄藏不爲珍
誰能反古風
待君秉國鈞
捐金復抵璧
勿使勞生民",149
86,poem,86,卷二,,,諷諭,贈友五首其三,,,86,revised_jsonl_direct,0087,,revised_jsonl,魏书；旧唐书；史记；重赋；通典；新唐书；管子；诗；策林；息游堕；白氏文集；礼记；孟子；左传,魏书；史记；管子；诗；礼记；孟子；左传,7,True,,0,False,1,26,"私家無錢爐
平地無銅山
胡爲秋夏税
歲歲輸銅錢
錢力日以重
農力日以殫
賤糶粟與麥
賤貿絲與綿
歲暮衣食盡
焉得無飢寒
吾聞國之初
有制垂不刊
傭必算丁口
租必計桑田
不求土所無
不强人所難
量入以爲出
上足下亦安
兵興一變法
兵息遂不還
使我農桑人
顦顇畎畝間
誰能革此弊
待君秉利權
復彼租傭法
令如貞觀年","贈友五首其三私家無錢爐
平地無銅山
胡爲秋夏税
歲歲輸銅錢
錢力日以重
農力日以殫
賤糶粟與麥
賤貿絲與綿
歲暮衣食盡
焉得無飢寒
吾聞國之初
有制垂不刊
傭必算丁口
租必計桑田
不求土所無
不强人所難
量入以爲出
上足下亦安
兵興一變法
兵息遂不還
使我農桑人
顦顇畎畝間
誰能革此弊
待君秉利權
復彼租傭法
令如貞觀年",161
87,poem,87,卷二,,,諷諭,贈友五首其四,,,87,revised_jsonl_direct,0088,,revised_jsonl,诗；大雅；晋书；盐铁论；后汉书；孟子；三国志；旧五代史；敦煌变文字义通释；唐集质疑；白笺拾零四则；秦中吟；唐书；论衡；汉书；韩非子；左传；书；新唐书；易；魏书；史记,诗；晋书；盐铁论；后汉书；孟子；论衡；汉书；左传；书；易；魏书；史记,12,True,,0,False,1,20,"京師四方則
王化之本根
長吏久於政
然後風教敦
如何尹京者
遷次不逡巡
請君屈指數
十年十五人
科條日相矯
吏力亦以勤
寬猛政不一
民心安得淳
九州雍爲首
羣牧之所遵
天下率如此
何以安吾民
誰能變此法
待君贊彌綸
慎擇循良吏
令其長子孫","贈友五首其四京師四方則
王化之本根
長吏久於政
然後風教敦
如何尹京者
遷次不逡巡
請君屈指數
十年十五人
科條日相矯
吏力亦以勤
寬猛政不一
民心安得淳
九州雍爲首
羣牧之所遵
天下率如此
何以安吾民
誰能變此法
待君贊彌綸
慎擇循良吏
令其長子孫",125
88,poem,88,卷二,,,諷諭,贈友五首其五,,,88,revised_jsonl_direct,0089,,revised_jsonl,礼记；内则；礼运；孝经；补亡诗；文选；说苑；诗；汉书；论衡；韩诗外传,礼记；孝经；说苑；诗；汉书；论衡；韩诗外传,7,True,,0,False,1,20,"三十男有室
二十女有歸
近代多離亂
婚姻多過期
嫁娶既不早
生育常苦遲
兒女未成人
父母已衰羸
凡人貴達日
多在長大時
欲報親不待
孝心無所施
哀哉三牲養
少得及庭闈
惜哉萬鍾粟
多用飽妻兒
誰能正婚禮
待君張國維
庶使孝子心
皆無風樹悲","贈友五首其五三十男有室
二十女有歸
近代多離亂
婚姻多過期
嫁娶既不早
生育常苦遲
兒女未成人
父母已衰羸
凡人貴達日
多在長大時
欲報親不待
孝心無所施
哀哉三牲養
少得及庭闈
惜哉萬鍾粟
多用飽妻兒
誰能正婚禮
待君張國維
庶使孝子心
皆無風樹悲",125
89,poem,89,卷二,,,諷諭,寓意詩五首其一,,,89,revised_jsonl_direct,0090,,revised_jsonl,墨子；淮南子；论衡；礼记；周礼；庄子；诗；王明君词；咏贫士,墨子；淮南子；论衡；礼记；周礼；庄子；诗,7,True,,0,False,1,24,"豫樟生深山
七年而後知
挺高二百尺
本末皆十圍
天子建明堂
此材獨中規
匠人執斤墨
采度將有期
孟冬草木枯
烈火燎山陂
疾風吹猛焰
從根燒到枝
養材三十年
方成棟梁姿
一朝爲灰燼
柯葉無孑遺
地雖生爾材
天不與爾時
不如糞上英
猶有人掇之
已矣勿重陳
重陳令人悲
不悲焚燒苦
但悲采用遲","寓意詩五首其一豫樟生深山
七年而後知
挺高二百尺
本末皆十圍
天子建明堂
此材獨中規
匠人執斤墨
采度將有期
孟冬草木枯
烈火燎山陂
疾風吹猛焰
從根燒到枝
養材三十年
方成棟梁姿
一朝爲灰燼
柯葉無孑遺
地雖生爾材
天不與爾時
不如糞上英
猶有人掇之
已矣勿重陳
重陳令人悲
不悲焚燒苦
但悲采用遲",150
90,poem,90,卷二,,,諷諭,寓意詩五首其二,,,90,revised_jsonl_direct,0091,,revised_jsonl,通典；旧唐书；诗；解嘲；白笺拾零四则；后汉书；职官志二；舆服志；晋书；讽谏诗；文选；恨赋；史记；饮酒诗；赠姚怤；河阳县作二首；舞赋,诗；后汉书；舆服志；晋书；史记；舞赋,6,True,,0,False,1,20,"赫赫京内史
炎炎中書郎
昨傳徵拜日
恩賜頗殊常
貂冠水蒼玉
紫綬黄金章
佩服身未暖
已聞竄遐荒
親戚不得别
吞聲泣路旁
賓客亦已散
門前雀羅張
富貴來不久
倏如瓦溝霜
權勢去尤速
瞥若石火光
不如守貧賤
貧賤可久長
傳語宦遊子
且來歸故鄉","寓意詩五首其二赫赫京内史
炎炎中書郎
昨傳徵拜日
恩賜頗殊常
貂冠水蒼玉
紫綬黄金章
佩服身未暖
已聞竄遐荒
親戚不得别
吞聲泣路旁
賓客亦已散
門前雀羅張
富貴來不久
倏如瓦溝霜
權勢去尤速
瞥若石火光
不如守貧賤
貧賤可久長
傳語宦遊子
且來歸故鄉",126
91,poem,91,卷二,,,諷諭,寓意詩五首其三,,,91,revised_jsonl_direct,0092,,revised_jsonl,古诗十九首；文选；春秋考异邮；诗；和苏郎中寻丰安里旧居寄主客张郎中；早春闻提壶鸟因题邻家；送陆肱归吴兴；白笺拾零四则；尔雅；论语；左传；广绝交论；伤友；北堂书钞；歌；感遇十二首；庄子；西京赋；西征赋；晋书；行路难；谕友；史记；杂诗；明月篇；杂体诗三十首；白居易选集；白氏文集；与杨虞卿书；旧唐书；哭师臯,春秋考异邮；诗；尔雅；论语；左传；广绝交论；歌；庄子；西京赋；晋书；史记；杂诗,12,True,,0,False,1,20,"促織不成章
提壺但聞聲
嗟哉蟲與鳥
無實有虛名
與君定交日
久要如弟兄
何以示誠信
白水指爲盟
雲雨一爲别
飛沉兩難并
君爲得風鵬
我爲失水鯨
音信日已疏
恩分日已輕
窮通尚如此
何况死與生
乃知擇交難
須有知人明
莫將山下松
結託水上萍","寓意詩五首其三促織不成章
提壺但聞聲
嗟哉蟲與鳥
無實有虛名
與君定交日
久要如弟兄
何以示誠信
白水指爲盟
雲雨一爲别
飛沉兩難并
君爲得風鵬
我爲失水鯨
音信日已疏
恩分日已輕
窮通尚如此
何况死與生
乃知擇交難
須有知人明
莫將山下松
結託水上萍",126
92,poem,92,卷二,,,諷諭,寓意詩五首其四,,,92,revised_jsonl_direct,0093,,revised_jsonl,礼记；和晋安王咏燕；八咏诗；赠何劭王济；汉书；武五子传；两都赋；野客丛书；三辅黄图；古诗十九首；长门赋；宿东园；太平广记；吕群；河东记；李洽；广异记；程道惠；冥祥记,礼记；汉书；三辅黄图,3,True,,0,False,1,14,"翩翩兩玄鳥
本是同巢燕
分飛來幾時
秋夏炎凉變
一宿蓬蓽廬
一栖明光殿
偶因銜泥處
復得重相見
彼矜杏梁貴
此嗟茅棟賤
眼看秋社至
兩處俱難戀
所託各暫時
胡爲相歎羨","寓意詩五首其四翩翩兩玄鳥
本是同巢燕
分飛來幾時
秋夏炎凉變
一宿蓬蓽廬
一栖明光殿
偶因銜泥處
復得重相見
彼矜杏梁貴
此嗟茅棟賤
眼看秋社至
兩處俱難戀
所託各暫時
胡爲相歎羨",90
93,poem,93,卷二,,,諷諭,寓意詩五首其五,,,93,revised_jsonl_direct,0094,,revised_jsonl,枯树赋；艺文类聚；题上皇观；留题汾上旧居；诗；商君书；四子讲德论；齐民要术；俳谐集；啄木诗；有鸟二十首,诗,1,True,,0,False,1,18,"婆娑園中樹
根株大合圍
蠢爾樹間蟲
形質一何微
孰謂蟲至微
蠱蠹無已期
孰謂樹至大
花葉有衰時
花衰夏未實
葉病秋先萎
樹心半爲土
觀者安得知
借問蟲何在
在身不在枝
借問蟲何食
食心不食皮
豈無啄木鳥
觜長將何爲","寓意詩五首其五婆娑園中樹
根株大合圍
蠢爾樹間蟲
形質一何微
孰謂蟲至微
蠱蠹無已期
孰謂樹至大
花葉有衰時
花衰夏未實
葉病秋先萎
樹心半爲土
觀者安得知
借問蟲何在
在身不在枝
借問蟲何食
食心不食皮
豈無啄木鳥
觜長將何爲",114
94,poem,94,卷二,,,諷諭,讀史五首其一,,,94,revised_jsonl_direct,0095,,revised_jsonl,离骚；史记；汉书；艺文类据；答颜延年；文选；淮南子；河阳县作二首；答向子期难养生论,离骚；史记；汉书；淮南子,4,True,,0,False,1,14,"楚懷放靈均
國政亦荒淫
彷徨未忍決
遶澤行悲吟
漢文疑賈生
謫置湘之陰
是時刑方措
此去難爲心
士生一代間
誰不有浮沉
良時真可惜
亂世何足欽
乃知汨羅恨
未抵長沙深","讀史五首其一楚懷放靈均
國政亦荒淫
彷徨未忍決
遶澤行悲吟
漢文疑賈生
謫置湘之陰
是時刑方措
此去難爲心
士生一代間
誰不有浮沉
良時真可惜
亂世何足欽
乃知汨羅恨
未抵長沙深",89
95,poem,95,卷二,,,諷諭,讀史五首其二,,,95,revised_jsonl_direct,0096,,revised_jsonl,左传；自君之出矣；汉书；报任安书；晋书；幽愤诗；史记；高士传；咏怀；谒璇上人；梁书；诗,左传；汉书；晋书；史记；诗,5,True,,0,False,1,16,"禍患如棼絲
其來無端緒
馬遷下蠶室
嵇康就囹圄
抱冤志氣屈
忍耻形神沮
當彼戮辱時
奮飛無翅羽
商山有黄綺
潁川有巢許
何不從之遊
超然離網罟
山林少羈鞅
世路多艱阻
寄謝伐檀人
慎勿嗟窮處","讀史五首其二禍患如棼絲
其來無端緒
馬遷下蠶室
嵇康就囹圄
抱冤志氣屈
忍耻形神沮
當彼戮辱時
奮飛無翅羽
商山有黄綺
潁川有巢許
何不從之遊
超然離網罟
山林少羈鞅
世路多艱阻
寄謝伐檀人
慎勿嗟窮處",101
96,poem,96,卷二,,,諷諭,讀史五首其三,,,96,revised_jsonl_direct,0097,,revised_jsonl,史记；赠王粲；咏怀；琴赋；赠白马王彪；诗；神仙传；麻姑；庄子,史记；琴赋；诗；神仙传；庄子,5,True,,0,False,1,14,"漢日大將軍
少爲乞食子
秦時故列侯
老作鋤瓜士
春華何暐曄
園中發桃李
秋風忽蕭條
堂上生荆枳
深谷變爲岸
桑田成海水
勢去未須悲
時來何足喜
寄言榮枯者
反復殊未已","讀史五首其三漢日大將軍
少爲乞食子
秦時故列侯
老作鋤瓜士
春華何暐曄
園中發桃李
秋風忽蕭條
堂上生荆枳
深谷變爲岸
桑田成海水
勢去未須悲
時來何足喜
寄言榮枯者
反復殊未已",89
97,poem,97,卷二,,,諷諭,讀史五首其四,,,97,revised_jsonl_direct,0098,,revised_jsonl,诗；释文；捜神记；苦热行；小雅；琴操；履霜操；战国策；君子行；读汉书；史记；淮南子；书；运命论；梁书；左传；释嵇叔夜难宅无吉凶摄生论；五祀议；墨子,诗；琴操；战国策；史记；淮南子；书；左传；墨子,8,True,,0,False,1,16,"含沙射人影
雖病人不知
巧言構人罪
至死人不疑
掇蜂殺愛子
掩鼻戮寵姬
弘恭陷蕭望
趙高謀李斯
陰德既必報
陰禍豈虛施
人事雖可罔
天道終難欺
明則有刑辟
幽則有神祇
苟免勿私喜
鬼得而誅之","讀史五首其四含沙射人影
雖病人不知
巧言構人罪
至死人不疑
掇蜂殺愛子
掩鼻戮寵姬
弘恭陷蕭望
趙高謀李斯
陰德既必報
陰禍豈虛施
人事雖可罔
天道終難欺
明則有刑辟
幽則有神祇
苟免勿私喜
鬼得而誅之",101
98,poem,98,卷二,,,諷諭,讀史五首其五,,,98,revised_jsonl_direct,0099,,revised_jsonl,战国策；汉书；论语；论衡；书；大水；续古诗十首,战国策；汉书；论语；论衡；书,5,True,,0,False,1,18,"季子憔悴時
婦見不下機
買臣負薪日
妻亦棄如遺
一朝黄金多
佩印衣錦歸
去妻不敢視
婦嫂强依依
富貴家人重
貧賤妻子欺
奈何貧富間
可移親愛志
遂使中人心
汲汲求富貴
又令下人力
各競錐刀利
隨分歸舍來
一取妻孥意","讀史五首其五季子憔悴時
婦見不下機
買臣負薪日
妻亦棄如遺
一朝黄金多
佩印衣錦歸
去妻不敢視
婦嫂强依依
富貴家人重
貧賤妻子欺
奈何貧富間
可移親愛志
遂使中人心
汲汲求富貴
又令下人力
各競錐刀利
隨分歸舍來
一取妻孥意",113
99,poem,99,卷二,,,諷諭,和答詩十首和思歸樂,,,99,revised_jsonl_direct,0100,810,revised_jsonl,思归乐；山中闻思归乐二首；河渎神；说苑；吊魏武帝文；太平御览；荆州记；梁鼓角横吹曲；渡河北；笺；淮南子；王命论；东京赋；安身论；旧唐书；春秋繁露；后汉书；申鉴；礼记；答友问；论语；庄子；吴声歌；荀子；楚辞；左传；史记；游仙诗；海赋；轻肥；历阳书事七十韵；归去来兮辞；文选；尸子；释疑论；酒德颂；答微之；元白诗笺证稿；心王头陀经；佛为心王菩萨说投陀经；大正续藏；和梦游春诗一百韵；十二头陀经；大正藏；老子；答向子期难养生论；在怀县作二首；游斜川；韩非子；养生论,说苑；荆州记；淮南子；王命论；春秋繁露；后汉书；礼记；论语；庄子；楚辞；左传；史记；游仙诗；海赋；尸子；酒德颂；老子,17,True,,0,False,1,76,"山中不栖鳥
夜半聲嚶嚶
似道思歸樂
行人掩泣聽
皆疑此山路
遷客多南征
憂憤氣不散
結化爲精靈
我謂此山鳥
本不因人生
人心自懷土
想作思歸鳴
孟嘗平居時
娛耳琴泠泠
雍門一言感
未奏淚沾纓
魏武銅雀妓
日與歡樂并
一旦西陵望
欲歌先涕零
峽猿亦無意
隴水復何情
爲入愁人耳
皆爲腸斷聲
請看元侍御
亦宿此郵亭
因聽思歸鳥
神氣獨安寧
問君何以然
道勝心自平
雖爲南遷客
如在長安城
云得此道來
何慮復何營
窮達有前定
憂喜無交爭
所以事君日
持憲立天庭
雖有迴天力
撓之終不傾
况始三十餘
年少有直名
心中志氣大
眼前爵祿輕
君恩若雨露
君威若雷霆
退不苟免難
進不曲求榮
在火辨玉性
經霜識松貞
展禽任三黜
靈均長獨醒
獲戾自東洛
貶官向南荆
再拜辭闕下
長揖别公卿
荆州又非遠
驛路半月程
漢水照天碧
楚山插雲青
江陵橘似珠
宜城酒如餳
誰謂譴謫去
未妨遊賞行
人生百歲内
天地暫寓形
太倉一稊米
大海一浮萍
身委逍遥篇
心付頭陀經
尚達生死觀
寧爲寵辱驚
中懷苟有主
外物安能縈
任意思歸樂
聲聲啼到明","和答詩十首和思歸樂山中不栖鳥
夜半聲嚶嚶
似道思歸樂
行人掩泣聽
皆疑此山路
遷客多南征
憂憤氣不散
結化爲精靈
我謂此山鳥
本不因人生
人心自懷土
想作思歸鳴
孟嘗平居時
娛耳琴泠泠
雍門一言感
未奏淚沾纓
魏武銅雀妓
日與歡樂并
一旦西陵望
欲歌先涕零
峽猿亦無意
隴水復何情
爲入愁人耳
皆爲腸斷聲
請看元侍御
亦宿此郵亭
因聽思歸鳥
神氣獨安寧
問君何以然
道勝心自平
雖爲南遷客
如在長安城
云得此道來
何慮復何營
窮達有前定
憂喜無交爭
所以事君日
持憲立天庭
雖有迴天力
撓之終不傾
况始三十餘
年少有直名
心中志氣大
眼前爵祿輕
君恩若雨露
君威若雷霆
退不苟免難
進不曲求榮
在火辨玉性
經霜識松貞
展禽任三黜
靈均長獨醒
獲戾自東洛
貶官向南荆
再拜辭闕下
長揖别公卿
荆州又非遠
驛路半月程
漢水照天碧
楚山插雲青
江陵橘似珠
宜城酒如餳
誰謂譴謫去
未妨遊賞行
人生百歲内
天地暫寓形
太倉一稊米
大海一浮萍
身委逍遥篇
心付頭陀經
尚達生死觀
寧爲寵辱驚
中懷苟有主
外物安能縈
任意思歸樂
聲聲啼到明",464
100,poem,100,卷二,,,諷諭,和答詩十首和陽城驛,,,100,revised_jsonl_direct,0101,810,revised_jsonl,宿阳城驿对月；商山富水驿；赠樊著作；文赋；游东田；诗；小雅；礼记；缁衣；巷伯；晋书；公除祺祭论；阳城驿；夏侯常侍诔；旧唐书；论语；孔戡；左传；让开府表；周礼；汉书；王命论；韩非子；墨子；魏书；后汉书；褚渊碑文,文赋；诗；礼记；晋书；论语；左传；周礼；汉书；王命论；墨子；魏书；后汉书,12,True,,0,False,1,76,"商山陽城驛
中有歎者誰
云是元監察
江陵謫去時
忽見此驛名
良久涕欲垂
何故陽道州
名姓同於斯
憐君一寸心
寵辱誓不移
疾惡若巷伯
好賢如緇衣
沉吟不能去
意者欲改爲
改爲避賢驛
大署於門楣
荆人愛羊祜
户曹改爲辭
一字不忍道
况兼姓呼之
因題八百言
言直文甚奇
詩成寄與我
鏘若金和絲
上言陽公行
友悌無等夷
骨肉同衾裯
至死不相離
次言陽公迹
夏邑始棲遲
鄉人化其風
少長皆孝慈
次言陽公道
終日對酒巵
兄弟笑相顧
醉貌紅怡怡
次言陽公節
謇謇居諫司
誓心除國蠹
決死犯天威
終言陽公命
左遷天一涯
道州炎瘴地
身不得生歸
一一皆實錄
事事無孑遺
凡是爲善者
聞之惻然悲
道州既已矣
往者不可追
何世無其人
來者亦可思
願以君子文
告彼大樂師
附於雅歌末
奏之白玉墀
天子聞此章
教化如法施
直諫從如流
佞臣惡如疵
宰相聞此章
政柄端正持
進賢不知倦
去邪勿復疑
憲臣聞此章
不敢懷依違
諫官聞此章
不忍縱詭隨
然後告史氏
舊史有前規
若作陽公傳
欲令後世知
不勞叙世家
不用費文辭
但於國史上
全錄元稹詩","和答詩十首和陽城驛商山陽城驛
中有歎者誰
云是元監察
江陵謫去時
忽見此驛名
良久涕欲垂
何故陽道州
名姓同於斯
憐君一寸心
寵辱誓不移
疾惡若巷伯
好賢如緇衣
沉吟不能去
意者欲改爲
改爲避賢驛
大署於門楣
荆人愛羊祜
户曹改爲辭
一字不忍道
况兼姓呼之
因題八百言
言直文甚奇
詩成寄與我
鏘若金和絲
上言陽公行
友悌無等夷
骨肉同衾裯
至死不相離
次言陽公迹
夏邑始棲遲
鄉人化其風
少長皆孝慈
次言陽公道
終日對酒巵
兄弟笑相顧
醉貌紅怡怡
次言陽公節
謇謇居諫司
誓心除國蠹
決死犯天威
終言陽公命
左遷天一涯
道州炎瘴地
身不得生歸
一一皆實錄
事事無孑遺
凡是爲善者
聞之惻然悲
道州既已矣
往者不可追
何世無其人
來者亦可思
願以君子文
告彼大樂師
附於雅歌末
奏之白玉墀
天子聞此章
教化如法施
直諫從如流
佞臣惡如疵
宰相聞此章
政柄端正持
進賢不知倦
去邪勿復疑
憲臣聞此章
不敢懷依違
諫官聞此章
不忍縱詭隨
然後告史氏
舊史有前規
若作陽公傳
欲令後世知
不勞叙世家
不用費文辭
但於國史上
全錄元稹詩",464
101,poem,101,卷二,,,諷諭,和答詩十首答桐花,,,101,revised_jsonl_direct,0102,810,revised_jsonl,南都赋；文选；西京赋；南齐书；国语；王明君词；新论；盐铁论；汉书；诗；奉和圣制重阳日赐宴；大礼毕皇帝御丹凤门改元建中大赦；太平词；庄子；左传；华阳国志；楚辞；九辩；庐山桂；论衡；东京赋；田俅子；仪礼；法言；凌云台；艺文类聚；安成记；答许询；风赋；文赋；邓鲂张彻落第；角弓；礼记；桐花；史记；说苑；易；黄帝泰阶六符经；舞赋；后汉使君颂,南都赋；西京赋；国语；新论；盐铁论；汉书；诗；庄子；左传；华阳国志；楚辞；论衡；仪礼；法言；安成记；风赋；文赋；礼记；史记；说苑；易；舞赋,22,True,,0,False,1,72,"山木多蓊鬱
兹桐獨亭亭
葉重碧雲片
花簇紫霞英
是時三月天
春暖山雨晴
夜色向月淺
暗香隨風輕
行者多商賈
居者悉黎氓
無人解賞愛
有客獨屏營
手攀花枝立
足蹋花影行
生憐不得所
死欲揚其聲
截爲天子琴
刻作古人形
云待我成器
薦之於穆清
誠是君子心
恐非草木情
胡爲愛其華
而反傷其生
老龜被刳腸
不如無神靈
雄雞自斷尾
不願爲犧牲
况此好顔色
花紫葉青青
宜遂天地性
忍加刀斧刑
我思五丁力
拔入九重城
當君正殿栽
花葉生光晶
上對月中桂
下覆階前蓂
汎拂香爐烟
隱映斧藻屏
爲君布綠陰
當暑蔭軒楹
沉沉綠滿地
桃李不敢爭
爲君發清韻
風來如叩瓊
泠泠聲滿耳
鄭衛不足聽
受君封植力
不獨吐芬馨
助君行春令
開花應清明
受君雨露恩
不獨含芳榮
戒君無戲言
剪葉封弟兄
受君歲月功
不獨資生成
爲君長高枝
鳳凰上頭鳴
一鳴君萬歲
壽如山不傾
再鳴萬人泰
泰階爲之平
如何有此用
幽滯在巖坰
歲月不爾駐
孤芳坐凋零
請向桐枝上
爲余題姓名
待余有勢力
移爾獻丹庭","和答詩十首答桐花山木多蓊鬱
兹桐獨亭亭
葉重碧雲片
花簇紫霞英
是時三月天
春暖山雨晴
夜色向月淺
暗香隨風輕
行者多商賈
居者悉黎氓
無人解賞愛
有客獨屏營
手攀花枝立
足蹋花影行
生憐不得所
死欲揚其聲
截爲天子琴
刻作古人形
云待我成器
薦之於穆清
誠是君子心
恐非草木情
胡爲愛其華
而反傷其生
老龜被刳腸
不如無神靈
雄雞自斷尾
不願爲犧牲
况此好顔色
花紫葉青青
宜遂天地性
忍加刀斧刑
我思五丁力
拔入九重城
當君正殿栽
花葉生光晶
上對月中桂
下覆階前蓂
汎拂香爐烟
隱映斧藻屏
爲君布綠陰
當暑蔭軒楹
沉沉綠滿地
桃李不敢爭
爲君發清韻
風來如叩瓊
泠泠聲滿耳
鄭衛不足聽
受君封植力
不獨吐芬馨
助君行春令
開花應清明
受君雨露恩
不獨含芳榮
戒君無戲言
剪葉封弟兄
受君歲月功
不獨資生成
爲君長高枝
鳳凰上頭鳴
一鳴君萬歲
壽如山不傾
再鳴萬人泰
泰階爲之平
如何有此用
幽滯在巖坰
歲月不爾駐
孤芳坐凋零
請向桐枝上
爲余題姓名
待余有勢力
移爾獻丹庭",439
102,poem,102,卷二,,,諷諭,和答詩十首和大觜烏,,,102,revised_jsonl_direct,0103,810,revised_jsonl,慈乌夜啼；大觜乌；乌赋；听庾及之弹乌夜啼引；乌夜啼引；文选；蜀都赋；春秋元命苞；情诗二首；春秋汉含孳；三辅黄图；述征记；山堂肆考；太平御览；春秋运斗枢；史记；诗纪历枢；易；书；鸢夺巢；七发；吴都赋；说文；相和歌辞；诗；齐民要术；汉书；为袁绍檄豫州；后汉书；礼记；鹦鹉赋；旧唐书；答畅参军；龙门八咏；同白二十二赠王山人；洛阳行；山中；尔雅；吴越春秋；弹歌；子夜四时歌；侍从游后湖宴坐；春鸠,乌赋；蜀都赋；春秋元命苞；三辅黄图；述征记；春秋运斗枢；史记；易；书；说文；诗；汉书；后汉书；礼记；鹦鹉赋；尔雅；吴越春秋,17,True,,0,False,1,80,"烏者種有二
名同性不同
觜小者慈孝
觜大者貪庸
觜大命又長
生來十餘冬
物老顔色變
頭毛白茸茸
飛來庭樹上
初但驚兒童
老巫生姦計
與烏意潛通
云此非凡鳥
遥見起敬恭
千歲乃一出
喜賀主人翁
祥瑞來白日
神聖占知風
陰作北斗使
能爲人吉凶
此烏所止家
家産日夜豐
上以致壽考
下可宜田農
主人富家子
身老心童蒙
隨巫拜復祝
婦姑亦相從
殺雞薦其肉
敬若禋六宗
烏喜張大觜
飛接在虛空
烏既飽膻腥
巫亦饗甘濃
烏巫互相利
不復兩西東
日日營巢窟
稍稍近房櫳
雖生八九子
誰辨其雌雄
羣雛又成長
衆觜騁殘兇
探巢吞燕卵
入簇啄蠶蟲
豈無乘秋隼
羈絆委高墉
但食烏殘肉
無施搏擊功
亦有能言鸚
翅碧觜距紅
暫曾説烏罪
囚閉在深籠
青青窗前柳
鬱鬱井上桐
貪烏占栖息
慈烏獨不容
慈烏爾奚爲
來往何憧憧
曉去先晨鼓
暮歸後昏鐘
辛苦塵土間
飛啄禾黍叢
得食將哺母
飢腸不自充
主人憎慈烏
命子削彈弓
弦續會稽竹
丸鑄荆山銅
慈烏求母食
飛下爾庭中
數粒未入口
一丸已中胸
仰天號一聲
似欲訴蒼穹
反哺日未足
非是惜微躬
誰能持此冤
一爲問化工
胡然大觜烏
竟得天年終","和答詩十首和大觜烏烏者種有二
名同性不同
觜小者慈孝
觜大者貪庸
觜大命又長
生來十餘冬
物老顔色變
頭毛白茸茸
飛來庭樹上
初但驚兒童
老巫生姦計
與烏意潛通
云此非凡鳥
遥見起敬恭
千歲乃一出
喜賀主人翁
祥瑞來白日
神聖占知風
陰作北斗使
能爲人吉凶
此烏所止家
家産日夜豐
上以致壽考
下可宜田農
主人富家子
身老心童蒙
隨巫拜復祝
婦姑亦相從
殺雞薦其肉
敬若禋六宗
烏喜張大觜
飛接在虛空
烏既飽膻腥
巫亦饗甘濃
烏巫互相利
不復兩西東
日日營巢窟
稍稍近房櫳
雖生八九子
誰辨其雌雄
羣雛又成長
衆觜騁殘兇
探巢吞燕卵
入簇啄蠶蟲
豈無乘秋隼
羈絆委高墉
但食烏殘肉
無施搏擊功
亦有能言鸚
翅碧觜距紅
暫曾説烏罪
囚閉在深籠
青青窗前柳
鬱鬱井上桐
貪烏占栖息
慈烏獨不容
慈烏爾奚爲
來往何憧憧
曉去先晨鼓
暮歸後昏鐘
辛苦塵土間
飛啄禾黍叢
得食將哺母
飢腸不自充
主人憎慈烏
命子削彈弓
弦續會稽竹
丸鑄荆山銅
慈烏求母食
飛下爾庭中
數粒未入口
一丸已中胸
仰天號一聲
似欲訴蒼穹
反哺日未足
非是惜微躬
誰能持此冤
一爲問化工
胡然大觜烏
竟得天年終",488
103,poem,103,卷二,,,諷諭,和答詩十首答四皓廟,,,103,revised_jsonl_direct,0104,810,revised_jsonl,读史五首；长安志；太平寰宇记；高士传；论语；卫灵公；玄畅赋；齐司空柳世隆行状；汉书；骊山下逍遥公旧居游集；送冯著受李广州署为录事；四皓颂；别赋；文选；豫章记；法言；史记；太公兵法；留侯世家；文选序；黄石公三略；武军赋；三略；六韬；运命论；节义太子杨妃挽歌二首；答宾戏；东都赋；说文；怀旧赋；易；幽通赋；礼记；诗；孟子；老子；老子赞；春日家园诗；答嵇康诗四首；晋书；咏白雪；后汉书；淮南子；四皓庙；笺；唐宋诗醇,论语；汉书；别赋；法言；史记；黄石公三略；六韬；说文；易；礼记；诗；孟子；老子；老子赞；晋书；后汉书；淮南子,17,True,,0,False,1,76,"天下有道見
無道卷懷之
此乃聖人語
吾聞諸仲尼
矯矯四先生
同稟希世資
隨時有顯晦
秉道無磷緇
秦皇肆暴虐
二世遘亂離
先生相隨去
商嶺采紫芝
君看秦獄中
戮辱者李斯
劉項爭天下
謀臣競悦隨
先生如鸞鶴
去入冥冥飛
君看齊鼎中
燋爛者酈其
子房得沛公
自謂相遇遲
八難掉舌樞
三略役心機
辛苦十數年
晝夜形神疲
竟雜霸者道
徒稱帝者師
子房爾則能
此非吾所宜
漢高之季年
嬖寵鍾所私
冢嫡欲廢奪
骨肉相憂疑
豈無子房口
口舌無所施
亦有陳平心
心計將何爲
皤皤四先生
高冠危映眉
從容下南山
顧眄入東闈
前瞻惠太子
左右生羽儀
却顧戚夫人
楚舞無光輝
心不畫一計
口不吐一詞
暗定天下本
遂安劉氏危
子房吾則能
此非爾所知
先生道既光
太子禮甚卑
安車留不住
功成棄如遺
如彼旱天雲
一雨百穀滋
澤則在天下
雲復歸希夷
勿高巢與由
勿尚呂與伊
巢由往不返
伊呂去不歸
豈如四先生
出處兩逶迤
何必長隱逸
何必長濟時
由來聖人道
無眹不可窺
卷之不盈握
舒之亘八陲
先生道甚明
夫子猶或非
願子辨其惑
爲予吟此詩","和答詩十首答四皓廟天下有道見
無道卷懷之
此乃聖人語
吾聞諸仲尼
矯矯四先生
同稟希世資
隨時有顯晦
秉道無磷緇
秦皇肆暴虐
二世遘亂離
先生相隨去
商嶺采紫芝
君看秦獄中
戮辱者李斯
劉項爭天下
謀臣競悦隨
先生如鸞鶴
去入冥冥飛
君看齊鼎中
燋爛者酈其
子房得沛公
自謂相遇遲
八難掉舌樞
三略役心機
辛苦十數年
晝夜形神疲
竟雜霸者道
徒稱帝者師
子房爾則能
此非吾所宜
漢高之季年
嬖寵鍾所私
冢嫡欲廢奪
骨肉相憂疑
豈無子房口
口舌無所施
亦有陳平心
心計將何爲
皤皤四先生
高冠危映眉
從容下南山
顧眄入東闈
前瞻惠太子
左右生羽儀
却顧戚夫人
楚舞無光輝
心不畫一計
口不吐一詞
暗定天下本
遂安劉氏危
子房吾則能
此非爾所知
先生道既光
太子禮甚卑
安車留不住
功成棄如遺
如彼旱天雲
一雨百穀滋
澤則在天下
雲復歸希夷
勿高巢與由
勿尚呂與伊
巢由往不返
伊呂去不歸
豈如四先生
出處兩逶迤
何必長隱逸
何必長濟時
由來聖人道
無眹不可窺
卷之不盈握
舒之亘八陲
先生道甚明
夫子猶或非
願子辨其惑
爲予吟此詩",464
104,poem,104,卷二,,,諷諭,和答詩十首和雉媒,,,104,revised_jsonl_direct,0105,810,revised_jsonl,射雉赋序；文选；史记；括地志；魏土地记；庄子；雉子游原泽篇；感鹤；五言赠秀才诗；艺文类聚；鸾鸟诗序；汉书,史记；庄子；汉书,3,True,,0,False,1,30,"吟君雉媒什
一哂復一歎
知之一何晚
今日乃成篇
豈唯鳥有之
抑亦人復然
張陳刎頸交
竟以勢不完
至今不平氣
塞絶泜水源
趙襄骨肉親
亦以利相殘
至今不善名
高於磨笄山
况此籠中雉
志在飲啄間
稻粱暫入口
性已隨人遷
身苦亦自忘
同族何足言
但恨爲媒拙
不足以自全
勸君今日後
養鳥養青鸞
青鸞一失侣
至死守孤單
勸君今日後
結客結任安
主人賓客去
獨住在門闌","和答詩十首和雉媒吟君雉媒什
一哂復一歎
知之一何晚
今日乃成篇
豈唯鳥有之
抑亦人復然
張陳刎頸交
竟以勢不完
至今不平氣
塞絶泜水源
趙襄骨肉親
亦以利相殘
至今不善名
高於磨笄山
况此籠中雉
志在飲啄間
稻粱暫入口
性已隨人遷
身苦亦自忘
同族何足言
但恨爲媒拙
不足以自全
勸君今日後
養鳥養青鸞
青鸞一失侣
至死守孤單
勸君今日後
結客結任安
主人賓客去
獨住在門闌",187
105,poem,105,卷二,,,諷諭,和答詩十首和松樹,,,105,revised_jsonl_direct,0106,810,revised_jsonl,赠从弟诗三首；太平御览；晋书；旧唐书；唐国史补；少年行；史记；尔雅；寓意诗五首；礼记；玩春田寄冯卫二补阙戏呈李益；春游曲二首；荀子；庄子；都尉山亭；入宅三首；陪王明府泛舟,晋书；史记；尔雅；礼记；庄子,5,True,,0,False,1,28,"亭亭山上松
一一生朝陽
森聳上參天
柯條百尺長
漠漠塵中槐
兩兩夾康莊
婆娑低覆地
枝幹亦尋常
八月白露降
槐葉次第黄
歲暮滿山雪
松色鬱青蒼
彼如君子心
秉操貫冰霜
此如小人面
變態隨炎凉
共知松勝槐
誠欲栽道傍
糞土種瑶草
瑶草终不芳
尚可以斧斤
伐之爲棟梁
殺身獲其所
爲君構明堂
不然終天年
老死在南崗
不願亞枝葉
低隨槐樹行","和答詩十首和松樹亭亭山上松
一一生朝陽
森聳上參天
柯條百尺長
漠漠塵中槐
兩兩夾康莊
婆娑低覆地
枝幹亦尋常
八月白露降
槐葉次第黄
歲暮滿山雪
松色鬱青蒼
彼如君子心
秉操貫冰霜
此如小人面
變態隨炎凉
共知松勝槐
誠欲栽道傍
糞土種瑶草
瑶草终不芳
尚可以斧斤
伐之爲棟梁
殺身獲其所
爲君構明堂
不然終天年
老死在南崗
不願亞枝葉
低隨槐樹行",175
106,poem,106,卷二,,,諷諭,和答詩十首答箭鏃,,,106,revised_jsonl_direct,0107,810,revised_jsonl,周礼；孟子；桃花石枕歌赠康从事；史记；说苑；武军赋；雉带箭；艺文类聚；太公兵法；楚辞；河东赋；广成颂；左传；玄览赋；旧唐书,周礼；孟子；史记；说苑；楚辞；左传,6,True,,0,False,1,34,"矢人職司憂
爲箭恐不精
精在利其鏃
錯磨鋒鏑成
插以青竹簳
羽之赤雁翎
勿言分寸鐵
爲用乃長兵
聞有狗盜者
晝伏夜潛行
摩弓拭箭鏃
夜射不待明
一盜既流血
百犬同吠聲
狺狺嗥不已
主人爲之驚
盜心憎主人
主人不知情
反責鏃太利
矢人獲罪名
寄言控弦者
願君少留聽
何不向西射
西天有狼星
何不向東射
東海有長鯨
不然學仁貴
三矢平虜庭
不然學仲連
一發下燕城
胡爲射小盜
此用無乃輕
徒沾一點血
虛污箭頭腥","和答詩十首答箭鏃矢人職司憂
爲箭恐不精
精在利其鏃
錯磨鋒鏑成
插以青竹簳
羽之赤雁翎
勿言分寸鐵
爲用乃長兵
聞有狗盜者
晝伏夜潛行
摩弓拭箭鏃
夜射不待明
一盜既流血
百犬同吠聲
狺狺嗥不已
主人爲之驚
盜心憎主人
主人不知情
反責鏃太利
矢人獲罪名
寄言控弦者
願君少留聽
何不向西射
西天有狼星
何不向東射
東海有長鯨
不然學仁貴
三矢平虜庭
不然學仲連
一發下燕城
胡爲射小盜
此用無乃輕
徒沾一點血
虛污箭頭腥",211
107,poem,107,卷二,,,諷諭,和答詩十首和古社,,,107,revised_jsonl_direct,0108,810,revised_jsonl,世说新语；太平广记；狐神；朝野佥载；古社；趋翰苑遭诬构四十六韵；王老；广异记；上官翼；论语；楚辞；庄子；淮南子；老子；乌生八九子,论语；楚辞；庄子；淮南子；老子,5,True,,0,False,1,30,"廢村多年樹
生在古社隈
爲作妖狐窟
心空身未催
妖狐變美女
社樹成樓臺
黄昏行人過
見者心徘徊
飢鵰竟不捉
老犬反爲媒
歲媚少年客
十去九不迴
昨夜雲雨合
烈風驅迅雷
風拔樹根出
雷霹社壇開
飛電化爲火
妖狐燒作灰
天明至其所
清曠無氛埃
舊地葺村落
新田闢荒萊
始知天降火
不必常爲災
勿謂神默默
勿謂天恢恢
勿喜犬不捕
勿誇鵰不猜
寄言狐媚者
天火有時來","和答詩十首和古社廢村多年樹
生在古社隈
爲作妖狐窟
心空身未催
妖狐變美女
社樹成樓臺
黄昏行人過
見者心徘徊
飢鵰竟不捉
老犬反爲媒
歲媚少年客
十去九不迴
昨夜雲雨合
烈風驅迅雷
風拔樹根出
雷霹社壇開
飛電化爲火
妖狐燒作灰
天明至其所
清曠無氛埃
舊地葺村落
新田闢荒萊
始知天降火
不必常爲災
勿謂神默默
勿謂天恢恢
勿喜犬不捕
勿誇鵰不猜
寄言狐媚者
天火有時來",187
108,poem,108,卷二,,,諷諭,和答詩十首和分水嶺,,,108,revised_jsonl_direct,0109,810,revised_jsonl,笺；清一统志；清统志；生生亭；吴都赋；文选；韩诗；游钟山大爱敬寺；同元锡题琅琊寺；县斋有怀；书；洞箫赋；行官张望补稻畦水归；山居赋；淮南卧病书怀寄蜀中赵征君蕤；梁鼓角横吹曲；雨雪曲；淮南子；易；齐故安陆昭王碑；史记；广绝交论；赠元稹,韩诗；书；洞箫赋；淮南子；易；史记；广绝交论,7,True,,0,False,1,28,"高嶺峻稜稜
細泉流亹亹
勢分合不得
東西隨所委
悠悠草蔓底
濺濺石罅裏
分流來幾年
晝夜兩如此
朝宗遠不及
去海三千里
浸潤小無功
山苗長旱死
縈紆用無所
奔迫流不已
唯作嗚咽聲
夜入行人耳
有源殊不竭
無坎終難至
同出而異流
君看何所似
有似骨肉親
派别從兹始
又似勢利交
波瀾相背起
所以贈君詩
將君何所比
不比山上泉
比君井中水","和答詩十首和分水嶺高嶺峻稜稜
細泉流亹亹
勢分合不得
東西隨所委
悠悠草蔓底
濺濺石罅裏
分流來幾年
晝夜兩如此
朝宗遠不及
去海三千里
浸潤小無功
山苗長旱死
縈紆用無所
奔迫流不已
唯作嗚咽聲
夜入行人耳
有源殊不竭
無坎終難至
同出而異流
君看何所似
有似骨肉親
派别從兹始
又似勢利交
波瀾相背起
所以贈君詩
將君何所比
不比山上泉
比君井中水",176
109,poem,109,卷二,,,諷諭,有木詩八首其一,,,109,revised_jsonl_direct,0110,,revised_jsonl,艺文类聚；南都赋；玩新桃花；古诗十九首；欲之新乡答崔颢綦毋潜；赠别崔十三长官；奉和赵王途中五韵诗；诗；西京赋；文选,南都赋；诗；西京赋,3,True,,0,False,1,16,"有木名弱柳
結根近清池
風烟借顔色
雨露助華滋
峨峨白雪花
嫋嫋青絲枝
漸密陰自庇
轉高梢四垂
截枝扶爲杖
軟弱不自持
折條用樊圃
柔脆非其宜
爲樹信可玩
論材何所施
可惜金堤地
栽之徒爾爲","有木詩八首其一有木名弱柳
結根近清池
風烟借顔色
雨露助華滋
峨峨白雪花
嫋嫋青絲枝
漸密陰自庇
轉高梢四垂
截枝扶爲杖
軟弱不自持
折條用樊圃
柔脆非其宜
爲樹信可玩
論材何所施
可惜金堤地
栽之徒爾爲",102
110,poem,110,卷二,,,諷諭,有木詩八首其二,,,110,revised_jsonl_direct,0111,,revised_jsonl,闲居赋；文选；汉书音义；尔雅；粘蝉赋；樱桃赋；送客水路归陕；寄孙洛阳格；伐樱桃树赋,闲居赋；尔雅,2,True,,0,False,1,16,"有木名櫻桃
得地早滋茂
葉密獨承日
花繁偏受露
迎風暗摇動
引鳥潛來去
鳥啄子難成
風來枝莫住
低軟易攀玩
佳人屢迴顧
色求桃李饒
心向松筠妬
好是映牆花
本非當軒樹
所以姓蕭人
曾爲伐櫻賦","有木詩八首其二有木名櫻桃
得地早滋茂
葉密獨承日
花繁偏受露
迎風暗摇動
引鳥潛來去
鳥啄子難成
風來枝莫住
低軟易攀玩
佳人屢迴顧
色求桃李饒
心向松筠妬
好是映牆花
本非當軒樹
所以姓蕭人
曾爲伐櫻賦",102
111,poem,111,卷二,,,諷諭,有木詩八首其三,,,111,revised_jsonl_direct,0112,,revised_jsonl,轻肥；周礼；说苑；橘诗,周礼；说苑,2,True,,0,False,1,16,"有木秋不凋
青青在江北
謂爲洞庭橘
美人自移植
上受顧眄恩
下勤澆溉力
實成乃是枳
臭苦不堪食
物有似是者
真僞何由識
美人默無言
對之長歎息
中含害物意
外矯凌霜色
仍向枝葉間
潛生刺如棘","有木詩八首其三有木秋不凋
青青在江北
謂爲洞庭橘
美人自移植
上受顧眄恩
下勤澆溉力
實成乃是枳
臭苦不堪食
物有似是者
真僞何由識
美人默無言
對之長歎息
中含害物意
外矯凌霜色
仍向枝葉間
潛生刺如棘",102
112,poem,112,卷二,,,諷諭,有木詩八首其四,,,112,revised_jsonl_direct,0113,,revised_jsonl,诗；释木；庭前枯树诗；草木颂；和古社；朽社赋,诗,1,True,,0,False,1,16,"有木名杜梨
陰森覆丘壑
心蠧已空朽
根深尚盤薄
狐媚言語巧
妖鳥聲音惡
憑此爲巢穴
往來互棲託
四傍五六本
葉枝相交錯
借問因何生
秋風吹子落
爲長社壇下
無人敢芟斫
幾度野火來
風迴燒不着","有木詩八首其四有木名杜梨
陰森覆丘壑
心蠧已空朽
根深尚盤薄
狐媚言語巧
妖鳥聲音惡
憑此爲巢穴
往來互棲託
四傍五六本
葉枝相交錯
借問因何生
秋風吹子落
爲長社壇下
無人敢芟斫
幾度野火來
風迴燒不着",102
113,poem,113,卷二,,,諷諭,有木詩八首其五,,,113,revised_jsonl_direct,0114,922,revised_jsonl,集韵；蔷薇花一丛独死不知其故因有是篇；题新栽小松；字宝；碎金；陈书；书；答桐花；筝赋；论衡；紫藤,书；筝赋；论衡,3,True,,0,False,1,16,"有木香苒苒
山頭生一蕟
主人不知名
移種近軒闥
愛其有芳味
因以調麴糵
前後曾飲者
十人無一活
豈徒悔封植
兼亦誤采掇
試問識藥人
始知名野葛
年深已滋蔓
刀斧不可伐
何時猛風來
爲我連根拔","有木詩八首其五有木香苒苒
山頭生一蕟
主人不知名
移種近軒闥
愛其有芳味
因以調麴糵
前後曾飲者
十人無一活
豈徒悔封植
兼亦誤采掇
試問識藥人
始知名野葛
年深已滋蔓
刀斧不可伐
何時猛風來
爲我連根拔",102
114,poem,114,卷二,,,諷諭,有木詩八首其六,,,114,revised_jsonl_direct,0115,,revised_jsonl,尔雅；草木颂；寓意诗五首；杨柳赋；南都赋；文选；蠹,尔雅；南都赋,2,True,,0,False,1,16,"有木名水檉
遠望青童童
根株非勁挺
柯葉多蒙籠
彩翠色如柏
鱗皴皮似松
爲同松柏類
得列嘉樹中
枝弱不勝雪
勢高常懼風
雪壓低還舉
風吹西復東
柔芳甚楊柳
早落先梧桐
唯有一堪賞
中心無蠧蟲","有木詩八首其六有木名水檉
遠望青童童
根株非勁挺
柯葉多蒙籠
彩翠色如柏
鱗皴皮似松
爲同松柏類
得列嘉樹中
枝弱不勝雪
勢高常懼風
雪壓低還舉
風吹西復東
柔芳甚楊柳
早落先梧桐
唯有一堪賞
中心無蠧蟲",102
115,poem,115,卷二,,,諷諭,有木詩八首其七,,,115,revised_jsonl_direct,0116,,revised_jsonl,题僧房双桐；行路难；老学庵笔记；秋夜长；庄严寺僧旻法师碑；咏史；咏怀,,0,False,,0,False,1,16,"有木名凌霄
擢秀非孤標
偶依一株樹
遂抽百尺條
託根附樹身
開花寄樹梢
自謂得其勢
無因有動摇
一旦樹摧倒
獨立暫飄颻
疾風從東起
吹折不終朝
朝爲拂雲花
暮爲委地樵
寄言立身者
勿學柔弱苗","有木詩八首其七有木名凌霄
擢秀非孤標
偶依一株樹
遂抽百尺條
託根附樹身
開花寄樹梢
自謂得其勢
無因有動摇
一旦樹摧倒
獨立暫飄颻
疾風從東起
吹折不終朝
朝爲拂雲花
暮爲委地樵
寄言立身者
勿學柔弱苗",102
116,poem,116,卷二,,,諷諭,有木詩八首其八,,,116,revised_jsonl_direct,0117,,revised_jsonl,吴都赋；南方草木状；三辅黄图；吴声歌曲；楚辞；招隐士；枯树赋；杂体诗三十首；韵语阳秋；有木；笺,南方草木状；三辅黄图；楚辞,3,True,,0,False,1,16,"有木名丹桂
四時香馥馥
花團夜雪明
葉剪春雲綠
風影清似水
霜枝冷如玉
獨占小山幽
不容凡鳥宿
匠人愛芳直
裁截爲厦屋
幹細力未成
用之君自速
重任雖大過
直心終不曲
縱非梁棟材
猶勝尋常木","有木詩八首其八有木名丹桂
四時香馥馥
花團夜雪明
葉剪春雲綠
風影清似水
霜枝冷如玉
獨占小山幽
不容凡鳥宿
匠人愛芳直
裁截爲厦屋
幹細力未成
用之君自速
重任雖大過
直心終不曲
縱非梁棟材
猶勝尋常木",102
117,poem,117,卷二,,,諷諭,歎魯二首其一,,,117,revised_jsonl_direct,0118,,revised_jsonl,史记；寄崔二十六立之；韩非子；贞观政要,史记,1,True,,0,False,1,12,"季桓心豈忠
其富過周公
陽貨道豈正
其權執國命
由來富與權
不繫才與賢
所託得其地
雖愚亦獲安
彘肥因糞壤
鼠穩依社壇
蟲獸尚如是
豈謂無因緣","歎魯二首其一季桓心豈忠
其富過周公
陽貨道豈正
其權執國命
由來富與權
不繫才與賢
所託得其地
雖愚亦獲安
彘肥因糞壤
鼠穩依社壇
蟲獸尚如是
豈謂無因緣",77
118,poem,118,卷二,,,諷諭,歎魯二首其二,,,118,revised_jsonl_direct,0119,,revised_jsonl,和思归乐；论语；赠友五首；礼记；庄子,论语；礼记；庄子,3,True,,0,False,1,12,"展禽胡爲者
直道竟三黜
顔子何如人
屢空聊過日
皆懷王佐道
不踐陪臣秩
自古無奈何
命爲時所屈
有如草木分
天各與其一
荔枝非名花
牡丹無甘實","歎魯二首其二展禽胡爲者
直道竟三黜
顔子何如人
屢空聊過日
皆懷王佐道
不踐陪臣秩
自古無奈何
命爲時所屈
有如草木分
天各與其一
荔枝非名花
牡丹無甘實",77
119,poem,119,卷二,,,諷諭,反鮑明遠白頭吟,,,119,revised_jsonl_direct,0120,,revised_jsonl,代白头吟；东都赋；文选；字林；诗；答友问；吕氏春秋；昌言；思玄赋；撰征赋；左传；礼记；庄子；楚辞；观放白鹰二首；枯棕,字林；诗；吕氏春秋；左传；礼记；庄子；楚辞,7,True,,0,False,1,20,"炎炎者烈火
營營者小蠅
火不熱真玉
蠅不點清冰
此苟無所受
彼莫能相仍
乃知物性中
各有能不能
古稱怨報死
則人有所懲
懲淫或應可
在道未爲弘
譬如蜩鷃徒
啾啾啅龍鵬
宜當委之去
寥廓高飛騰
豈能泥塵下
區區酬怨憎
胡爲坐自苦
吞悲仍撫膺","反鮑明遠白頭吟炎炎者烈火
營營者小蠅
火不熱真玉
蠅不點清冰
此苟無所受
彼莫能相仍
乃知物性中
各有能不能
古稱怨報死
則人有所懲
懲淫或應可
在道未爲弘
譬如蜩鷃徒
啾啾啅龍鵬
宜當委之去
寥廓高飛騰
豈能泥塵下
區區酬怨憎
胡爲坐自苦
吞悲仍撫膺",126
120,poem,120,卷二,,,諷諭,青冢,,,120,revised_jsonl_direct,0121,,revised_jsonl,王昭君二首；太平寰宇记；辽史；平城下；送邹名府游灵武；诗；魏都赋；文选；左氏传；左传；冬晓；管子；谏营昌陵疏；舞鹤赋；骢马驱；西京杂记；新论；条灾异封事；杏园中枣树；三国志；列子；后汉书；宫怨；议婚,诗；魏都赋；左氏传；左传；管子；舞鹤赋；西京杂记；新论；列子；后汉书,10,True,,0,False,1,32,"上有飢雁號
下有枯蓬走
茫茫邊雪裏
一掬沙培塿
傳是昭君墓
埋閉蛾眉久
凝脂化爲泥
鉛黛復何有
唯有陰怨氣
時生墳左右
鬱鬱如苦霧
不隨骨銷朽
婦人無他才
榮枯繫妍否
何乃明妃命
獨懸畫工手
丹青一詿誤
白黑相紛糺
遂使君眼中
西施作嫫母
同儕傾寵幸
異類爲配偶
禍福安可知
美顔不如醜
何言一時事
可戒千年後
特報後來姝
不須倚眉首
無辭插荆釵
嫁作貧家婦
不見青冢上
行人爲澆酒","青冢上有飢雁號
下有枯蓬走
茫茫邊雪裏
一掬沙培塿
傳是昭君墓
埋閉蛾眉久
凝脂化爲泥
鉛黛復何有
唯有陰怨氣
時生墳左右
鬱鬱如苦霧
不隨骨銷朽
婦人無他才
榮枯繫妍否
何乃明妃命
獨懸畫工手
丹青一詿誤
白黑相紛糺
遂使君眼中
西施作嫫母
同儕傾寵幸
異類爲配偶
禍福安可知
美顔不如醜
何言一時事
可戒千年後
特報後來姝
不須倚眉首
無辭插荆釵
嫁作貧家婦
不見青冢上
行人爲澆酒",193
121,poem,121,卷二,,,諷諭,雜感,,,121,revised_jsonl_direct,0122,,revised_jsonl,丘中有一士；论语；西征赋；杂体诗三十首；相和歌辞；北齐书；易；代白头吟；文选；戟铭；韩诗外传；为宋公修张良庙教；尔雅；殷芸小说；太平广记；池中鱼；风俗通；史记；庄子；淮南子；礼记；李都尉古剑；读史五首；陶渊明集序,论语；易；韩诗外传；尔雅；风俗通；史记；庄子；淮南子；礼记,9,True,,0,False,1,30,"君子防悔尤
賢人戒行藏
嫌疑遠瓜李
言動慎毫芒
立教圖如此
撫事有非常
爲君持所感
仰面問蒼蒼
犬嚙桃樹根
李樹反見傷
老龜烹不爛
延禍及枯桑
城門自焚爇
池魚罹其殃
陽貨肆兇暴
仲尼畏於匡
魯酒薄如水
邯鄲開戰場
伯禽鞭見血
過失由成王
都尉身降虜
宮刑加子長
呂安兄不道
都市殺嵇康
斯人死已久
其事甚昭彰
是非不由己
禍患安可防
使我千載後
涕泗滿衣裳","雜感君子防悔尤
賢人戒行藏
嫌疑遠瓜李
言動慎毫芒
立教圖如此
撫事有非常
爲君持所感
仰面問蒼蒼
犬嚙桃樹根
李樹反見傷
老龜烹不爛
延禍及枯桑
城門自焚爇
池魚罹其殃
陽貨肆兇暴
仲尼畏於匡
魯酒薄如水
邯鄲開戰場
伯禽鞭見血
過失由成王
都尉身降虜
宮刑加子長
呂安兄不道
都市殺嵇康
斯人死已久
其事甚昭彰
是非不由己
禍患安可防
使我千載後
涕泗滿衣裳",181
122,poem,122,卷三,,,諷諭,七德舞,,,122,revised_jsonl_direct,0123,809,revised_jsonl,旧唐书；破阵乐；秦王破阵乐之曲；音乐志一；破阵舞图；七德；左传；元白诗笺证稿；新乐府；笺；乐府新题；立部伎；公羊传；春秋；诗；七月；书；淮南子；魏书；贞观政要；论慎终篇；论灾祥篇；灾祥；礼记；后汉书；傅子；唐书；大唐新语；唐摭言；阴阳书；唐会要；资治通鉴；史记；通典；唐语林；东夷传；管子；盐铁论；易；汉书；晋书；食举东西厢歌,左传；公羊传；春秋；诗；书；淮南子；魏书；礼记；后汉书；史记；管子；盐铁论；易；汉书；晋书,15,True,,0,False,1,85,"七德舞
七德歌
傳自武德至元和
元和小臣白居易
觀舞聽歌知樂意
樂終稽首陳其事
太宗十八舉義兵
白旄黄鉞定兩京
擒充戮竇四海清
二十有四功業成
二十有九即帝位
三十有五致太平
功成理定何神速
速在推心置人腹
亡卒遺骸散帛收
貞觀初﹑詔收天下陣死骸骨
致祭瘞埋之
尋又散帛以求之也
饑人賣子分金贖
貞觀二年大饑
人有鬻男女者
詔出御府金帛盡贖之
還其父母
魏徵夢見天子泣
魏徵疾亟
太宗夢與徵别
既寤流涕
是夕徵卒
故御親製碑云
昔殷宗得良弼於夢中
今朕失賢臣於覺後
張謹哀聞辰日哭
張公謹卒
太宗爲之舉哀
有司奏曰
在辰
陰陽所忌
不可哭
上曰
君臣義重
父子之情也
情發於中
安知辰日
遂哭之
怨女三千放出宮
太宗常謂侍臣曰
婦人幽閉深宮
情實可愍
今將出之
任求伉儷
於是令左丞戴胄﹑給事中杜正倫於掖庭宮西門
揀出數千人
盡放歸
死囚四百來歸獄
貞觀六年
親錄囚徒
死罪者三百九十
放令歸家
令明年秋來就刑
應期畢至
詔悉原之
剪鬚燒藥賜功臣
李勣嗚咽思殺身
李勣常疾
醫云
得龍鬚灰
方可療之
太宗自剪鬚燒灰賜之
服訖而愈
勣叩頭泣涕而謝
含血吮瘡撫戰士
思摩奮呼乞效死
李思摩嘗中弩
太宗親爲吮血
則知不獨善戰善乘時
以心感人人心歸
爾來一百九十載
天下至今歌舞之
歌七德
舞七德
聖人有作垂無極
豈徒耀神武
豈徒誇聖文
太宗意在陳王業
王業艱難示子孫","七德舞七德舞
七德歌
傳自武德至元和
元和小臣白居易
觀舞聽歌知樂意
樂終稽首陳其事
太宗十八舉義兵
白旄黄鉞定兩京
擒充戮竇四海清
二十有四功業成
二十有九即帝位
三十有五致太平
功成理定何神速
速在推心置人腹
亡卒遺骸散帛收
貞觀初﹑詔收天下陣死骸骨
致祭瘞埋之
尋又散帛以求之也
饑人賣子分金贖
貞觀二年大饑
人有鬻男女者
詔出御府金帛盡贖之
還其父母
魏徵夢見天子泣
魏徵疾亟
太宗夢與徵别
既寤流涕
是夕徵卒
故御親製碑云
昔殷宗得良弼於夢中
今朕失賢臣於覺後
張謹哀聞辰日哭
張公謹卒
太宗爲之舉哀
有司奏曰
在辰
陰陽所忌
不可哭
上曰
君臣義重
父子之情也
情發於中
安知辰日
遂哭之
怨女三千放出宮
太宗常謂侍臣曰
婦人幽閉深宮
情實可愍
今將出之
任求伉儷
於是令左丞戴胄﹑給事中杜正倫於掖庭宮西門
揀出數千人
盡放歸
死囚四百來歸獄
貞觀六年
親錄囚徒
死罪者三百九十
放令歸家
令明年秋來就刑
應期畢至
詔悉原之
剪鬚燒藥賜功臣
李勣嗚咽思殺身
李勣常疾
醫云
得龍鬚灰
方可療之
太宗自剪鬚燒灰賜之
服訖而愈
勣叩頭泣涕而謝
含血吮瘡撫戰士
思摩奮呼乞效死
李思摩嘗中弩
太宗親爲吮血
則知不獨善戰善乘時
以心感人人心歸
爾來一百九十載
天下至今歌舞之
歌七德
舞七德
聖人有作垂無極
豈徒耀神武
豈徒誇聖文
太宗意在陳王業
王業艱難示子孫",583
123,poem,123,卷三,,,諷諭,法曲歌,,,123,revised_jsonl_direct,0124,809,revised_jsonl,旧唐书；新唐书；元白诗笺证稿；七德舞；一戎大定乐；音乐志二；大定乐；破阵乐；唐书；唐会要；燕乐探微；教坊记；老子；东都赋；易；霓裳羽衣曲；婆罗门；霓裳羽衣；碧鸡漫志；法曲；霓裳羽衣歌；礼记；论语；关雎；杂曲歌辞；春江花月夜；玉树后庭花；堂堂；堂堂曲；李嗣真传；两都赋序；教坊记序；道曲；道调；答宾戏；文选,老子；易；礼记；论语,4,True,,0,False,1,42,"法曲法曲歌大定
積德重熙有餘慶
永徽之人舞而詠
永徽之思
有貞觀之遺風
故高宗製《一戎大定》樂曲也
法曲法曲舞霓裳
政和世理音洋洋
開元之人樂且康
《霓裳羽衣曲》起於開元
盛於天寶也
法曲法曲歌堂堂
堂堂之慶垂無疆
中宗肅宗復鴻業
唐祚中興萬萬葉
永隆元年
太常丞李嗣真審音律
能知興衰
云
近者樂府有《堂堂》之曲
再言之者
唐祚再興之兆
法曲法曲合夷歌
夷聲邪亂華聲和
以亂干和天寶末
明年胡塵犯宮闕
法曲雖似失雅音
蓋諸夏之聲也
故歷朝行焉
玄宗雖雅好度曲
然未嘗使蕃漢雜奏
天寶十三載
始詔道調法曲與胡部新聲合作
識者深異之
明年冬
而安祿山反也
乃知法曲本華風
苟能審音與政通
一從胡曲相參錯
不辨興衰與哀樂
願求牙曠正華音
不令夷夏相交侵","法曲歌法曲法曲歌大定
積德重熙有餘慶
永徽之人舞而詠
永徽之思
有貞觀之遺風
故高宗製《一戎大定》樂曲也
法曲法曲舞霓裳
政和世理音洋洋
開元之人樂且康
《霓裳羽衣曲》起於開元
盛於天寶也
法曲法曲歌堂堂
堂堂之慶垂無疆
中宗肅宗復鴻業
唐祚中興萬萬葉
永隆元年
太常丞李嗣真審音律
能知興衰
云
近者樂府有《堂堂》之曲
再言之者
唐祚再興之兆
法曲法曲合夷歌
夷聲邪亂華聲和
以亂干和天寶末
明年胡塵犯宮闕
法曲雖似失雅音
蓋諸夏之聲也
故歷朝行焉
玄宗雖雅好度曲
然未嘗使蕃漢雜奏
天寶十三載
始詔道調法曲與胡部新聲合作
識者深異之
明年冬
而安祿山反也
乃知法曲本華風
苟能審音與政通
一從胡曲相參錯
不辨興衰與哀樂
願求牙曠正華音
不令夷夏相交侵",327
124,poem,124,卷三,,,諷諭,二王後,,,124,revised_jsonl_direct,0125,809,revised_jsonl,唐会要；六韬；吕氏春秋；旧唐书；新唐书；论语；公羊传；论衡,六韬；吕氏春秋；论语；公羊传；论衡,5,True,,0,False,1,19,"二王後
彼何人
介公酅公爲國賓
周武隋文之子孫
古人有言天下者
非是一人之天下
周亡天下傳于隋
隋人失之唐得之
唐興十葉歲二百
介公酅公世爲客
明堂太廟朝享時
引居賓位備威儀
備威儀
助郊祭
高祖太宗之遺制
不獨興滅國
不獨繼絶世
欲令嗣位守文君
亡國子孫取爲戒","二王後二王後
彼何人
介公酅公爲國賓
周武隋文之子孫
古人有言天下者
非是一人之天下
周亡天下傳于隋
隋人失之唐得之
唐興十葉歲二百
介公酅公世爲客
明堂太廟朝享時
引居賓位備威儀
備威儀
助郊祭
高祖太宗之遺制
不獨興滅國
不獨繼絶世
欲令嗣位守文君
亡國子孫取爲戒",134
125,poem,125,卷三,,,諷諭,海漫漫,,,125,revised_jsonl_direct,0126,809,revised_jsonl,笺；旧唐书；海漫漫；贞观政要；慎所好篇；新乐府；史记；封禅书；诗；初学记；乐汁征图；关中记；汉书；老子,史记；诗；关中记；汉书；老子,5,True,,0,False,1,23,"海漫漫
直下無底旁無邊
雲濤煙浪最深處
人傳中有三神山
山上多生不死藥
服之羽化爲天仙
秦皇漢武信此語
方士年年采藥去
蓬萊今古但聞名
烟水茫茫無覓處
海漫漫
風浩浩
眼穿不見蓬萊島
不見蓬萊不敢歸
童男丱女舟中老
徐福文成多誑誕
上元太一虛祈禱
君看驪山頂上茂陵頭
畢竟悲風吹蔓草
何况玄元聖祖五千言
不言藥
不言仙
不言白日昇青天","海漫漫海漫漫
直下無底旁無邊
雲濤煙浪最深處
人傳中有三神山
山上多生不死藥
服之羽化爲天仙
秦皇漢武信此語
方士年年采藥去
蓬萊今古但聞名
烟水茫茫無覓處
海漫漫
風浩浩
眼穿不見蓬萊島
不見蓬萊不敢歸
童男丱女舟中老
徐福文成多誑誕
上元太一虛祈禱
君看驪山頂上茂陵頭
畢竟悲風吹蔓草
何况玄元聖祖五千言
不言藥
不言仙
不言白日昇青天",170
126,poem,126,卷三,,,諷諭,立部伎,,,126,revised_jsonl_direct,0127,809,revised_jsonl,新题乐府；新唐书；安舞；太平舞；破阵乐；庆善乐；大定乐；上元乐；圣寿乐；光圣乐；太平乐；旧唐书；长𫏋伎；掷倒伎；跳剑伎；吞剑伎；舞轮伎；透三峡伎；透飞梯；高𫄠伎；猕猴幢伎；通典；元白诗笺证稿；仪礼；鱼丽；由庚；南有嘉鱼；崇丘；南山有台；由仪；燕乐；长寿乐；天寿乐；鸟歌万岁乐；龙池乐；小破阵乐；十二和；大唐雅乐；周礼；礼记；书；战国策；申鉴,仪礼；周礼；礼记；书；战国策,5,True,,0,False,1,26,"立部伎
鼓笛諠
舞雙劍
跳七丸
嫋巨索
掉長竿
太常部伎有等級
堂上者坐堂下立
堂上坐部笙歌清
堂下立部鼓笛鳴
笙歌一聲衆側耳
鼓笛萬曲無人聽
立部賤
坐部貴
坐部退爲立部伎
擊鼓吹笙和雜戲
立部又退何所任
始就樂懸操雅音
雅音替壞一至此
長令爾輩調宮徵
圓丘后土郊祀時
言將此樂感神祇
欲望鳳來百獸舞
何異北轅將適楚
工師愚賤安足云
太常三卿爾何人","立部伎立部伎
鼓笛諠
舞雙劍
跳七丸
嫋巨索
掉長竿
太常部伎有等級
堂上者坐堂下立
堂上坐部笙歌清
堂下立部鼓笛鳴
笙歌一聲衆側耳
鼓笛萬曲無人聽
立部賤
坐部貴
坐部退爲立部伎
擊鼓吹笙和雜戲
立部又退何所任
始就樂懸操雅音
雅音替壞一至此
長令爾輩調宮徵
圓丘后土郊祀時
言將此樂感神祇
欲望鳳來百獸舞
何異北轅將適楚
工師愚賤安足云
太常三卿爾何人",178
127,poem,127,卷三,,,諷諭,華原磬,,,127,revised_jsonl_direct,0128,809,revised_jsonl,新题乐府；旧唐书；通典；新唐书；山海经；韩非子；礼记；荔枝香；书；说苑；论语,山海经；礼记；书；说苑；论语,5,True,,0,False,1,24,"華原磬
華原磬
古人不聽今人聽
泗濱石
泗濱石
今人不擊古人擊
今人古人何不同
用之捨之由樂工
樂工雖在耳如壁
不分清濁即爲聾
梨園弟子調律呂
知有新聲不知古
古稱浮磬出泗濱
立辯致死聲感人
宮懸一聽華原石
君心遂忘封疆臣
果然胡寇從燕起
武臣少肯封疆死
始知樂與時政通
豈聽鏗鏘而已矣
磬襄入海去不歸
長安市人爲樂師
華原磬與泗濱石
清濁兩聲誰得知","華原磬華原磬
華原磬
古人不聽今人聽
泗濱石
泗濱石
今人不擊古人擊
今人古人何不同
用之捨之由樂工
樂工雖在耳如壁
不分清濁即爲聾
梨園弟子調律呂
知有新聲不知古
古稱浮磬出泗濱
立辯致死聲感人
宮懸一聽華原石
君心遂忘封疆臣
果然胡寇從燕起
武臣少肯封疆死
始知樂與時政通
豈聽鏗鏘而已矣
磬襄入海去不歸
長安市人爲樂師
華原磬與泗濱石
清濁兩聲誰得知",178
128,poem,128,卷三,,,諷諭,上陽白髮人,,,128,revised_jsonl_direct,0129,809,revised_jsonl,新题乐府；旧唐书；宦官传；本事诗；云溪友议；李湖州孺人弹筝歌；行宫词；洛阳行；孟子；新唐书；长恨歌；婚礼谒文；晋书；楚辞；杂体诗三十首；为江敩让尚公主表；出塞；霓裳词十首；侍宴诗；长门怨二首；西京杂记；玉树后庭花；妾薄命；怨情；史记；燕歌行；古诗十九首；诗；暂使下都夜发新林至京邑赠西府同僚；文选；禁中秋宿；离亭前思有寄；后庭怨；笺；雨二首；久雨期王将军不至；送梁侍御巡永州；巫山高二首；通州丁溪馆夜别李景信三首；秋日赠王中舍诗；苏十三瞻登玉泉寺峰入寺中见赠作；酬乐天小亭寒夜有怀；听宫莺；宫词；咏百舌；定情篇；古意；紫骝马；闺怨词；题郑十八著作虔；与元九书；元白诗笺证稿；新乐府略意；湓浦亭望月；八月十五日夜湓亭望月；游四窗；变律；苦雨；捣衣篇；游悟真寺诗一百三十韵；独断；肃宗张皇后；李树连理赋；为濮阳公附送官告中使回状；三国志；魏略；北史；魏书；后妃传序；有所教；美人赋；新传；翰林学士壁记注补；上阳白发人；大唐传载；南部新书；唐语林,孟子；晋书；楚辞；西京杂记；史记；诗；魏略；魏书；美人赋,9,True,,0,False,1,45,"上陽人
紅顔暗老白髮新
綠衣監使守宮門
一閉上陽多少春
玄宗末歲初選入
入時十六今六十
同時采擇百餘人
零落年深殘此身
憶昔吞悲别親族
扶入車中不教哭
皆云入内便承恩
臉似芙蓉胸似玉
未容君王得見面
已被楊妃遥側目
妬令潛配上陽宮
一生遂向空房宿
秋夜長
夜長無寐天不明
耿耿殘燈背壁影
蕭蕭暗雨打窗聲
春日遲
日遲獨坐天難暮
宮鷪百囀愁厭聞
梁燕雙栖老休妬
鷪歸燕去長悄然
春往秋來不記年
唯向深宮望明月
东西四五百迴圓
今日宮中年最老
大家遥賜尚書號
小頭鞋履窄衣裳
青黛點眉眉細長
外人不見見應笑
天寶末年時世妝
上陽人
苦最多
少亦苦
老亦苦
少苦老苦兩如何
君不見昔時呂向美人賦
天寶末
有密采艷色者
當時號花鳥使
呂向獻《美人賦》以諷之
又不見今日上陽白髮歌","上陽白髮人上陽人
紅顔暗老白髮新
綠衣監使守宮門
一閉上陽多少春
玄宗末歲初選入
入時十六今六十
同時采擇百餘人
零落年深殘此身
憶昔吞悲别親族
扶入車中不教哭
皆云入内便承恩
臉似芙蓉胸似玉
未容君王得見面
已被楊妃遥側目
妬令潛配上陽宮
一生遂向空房宿
秋夜長
夜長無寐天不明
耿耿殘燈背壁影
蕭蕭暗雨打窗聲
春日遲
日遲獨坐天難暮
宮鷪百囀愁厭聞
梁燕雙栖老休妬
鷪歸燕去長悄然
春往秋來不記年
唯向深宮望明月
东西四五百迴圓
今日宮中年最老
大家遥賜尚書號
小頭鞋履窄衣裳
青黛點眉眉細長
外人不見見應笑
天寶末年時世妝
上陽人
苦最多
少亦苦
老亦苦
少苦老苦兩如何
君不見昔時呂向美人賦
天寶末
有密采艷色者
當時號花鳥使
呂向獻《美人賦》以諷之
又不見今日上陽白髮歌",340
129,poem,129,卷三,,,諷諭,胡旋女,,,129,revised_jsonl_direct,0130,809,revised_jsonl,新题乐府；旧唐书；康国乐；新唐书；胡旋舞；西域传下；唐代长安与西域文明；胡旋舞小考；乐府杂录；骨鹿舞；汉书；舞赋；洛神赋；杂诗；淮南子；韩非子；物不迁论；庄子；元白诗笺证稿；安禄山事迹；长恨歌；海赋；文选；河图括地象；大言赋；南郊颂,汉书；舞赋；洛神赋；杂诗；淮南子；庄子；海赋；河图括地象；南郊颂,9,True,洛神赋,1,True,1,32,"胡旋女
胡旋女
心應絃
手應鼓
絃鼓一聲雙袖舉
迴雪飄颻轉蓬舞
左旋右轉不知疲
千匝萬周無已時
人間物類無可比
奔車輪緩旋風遲
曲終再拜謝天子
天子爲之微啓齒
胡旋女
出康居
徒勞東來萬里餘
中原自有胡旋者
鬬妙爭能爾不如
天寶季年時欲變
臣妾人人學圓轉
中有太真外祿山
二人最道能胡旋
梨花園中册作妃
金雞障下養爲兒
祿山胡旋迷君眼
兵過黄河疑未反
貴妃胡旋惑君心
死棄馬嵬念更深
從兹地軸天維轉
五十年來制不禁
胡旋女
莫空舞
數唱此歌悟明主","胡旋女胡旋女
胡旋女
心應絃
手應鼓
絃鼓一聲雙袖舉
迴雪飄颻轉蓬舞
左旋右轉不知疲
千匝萬周無已時
人間物類無可比
奔車輪緩旋風遲
曲終再拜謝天子
天子爲之微啓齒
胡旋女
出康居
徒勞東來萬里餘
中原自有胡旋者
鬬妙爭能爾不如
天寶季年時欲變
臣妾人人學圓轉
中有太真外祿山
二人最道能胡旋
梨花園中册作妃
金雞障下養爲兒
祿山胡旋迷君眼
兵過黄河疑未反
貴妃胡旋惑君心
死棄馬嵬念更深
從兹地軸天維轉
五十年來制不禁
胡旋女
莫空舞
數唱此歌悟明主",226
130,poem,130,卷三,,,諷諭,新豐折臂翁,,,130,revised_jsonl_direct,0131,809,revised_jsonl,资治通鉴；朝野佥载；旧唐书；华原磬；兵要望江南；后汉书；新唐书；送贾岛往金州谒姚员外；成都送别费冠卿；从军中行路难二首；冀州箴；梁鼓角横吹曲；兵车行；寒山诗注；唐六典；月蚀诗；元白诗笺证稿；戏高侍御七首；病中抒情寄上崔谏议；唐国史补；宋璟传；通典；突厥集史；资治通鉴）考异；唐历；考异；新传,后汉书；冀州箴,2,True,,0,False,1,78,"新豐老翁八十八
頭鬢眉鬚皆似雪
玄孫扶向店前行
左臂憑肩右臂折
問翁臂折來幾年
兼問致折何因緣
翁云貫屬新豐縣
生逢聖代無征戰
慣聽梨園歌管聲
不識旗槍與弓箭
無何天寶大徵兵
户有三丁點一丁
點得驅將何處去
五月萬里雲南行
聞道雲南有瀘水
椒花落時瘴烟起
大軍徒涉水如湯
未過十人二三死
村南村北哭聲哀
兒别爺孃夫别妻
皆云前後征蠻者
千萬人行無一迴
是時翁年二十四
兵部牒中有名字
夜深不敢使人知
偷將大石鎚折臂
張弓簸旗俱不堪
從兹始免征雲南
骨碎筋傷非不苦
且圖揀退歸鄉土
臂折來來六十年
一肢雖廢一身全
至今風雨陰寒夜
直到天明痛不眠
痛不眠
終不悔
且喜老身今獨在
不然當時瀘水頭
身死魂飛骨不收
應作雲南望鄉鬼
萬人冢上哭呦呦
雲南有萬人冢
即鮮于仲通﹑李宓曾覆軍之所也
老人言
君聽取
君不聞開元宰相宋開府
不賞邊攻防黷武
開元初
突厥數寇邊
時大武軍子將郝靈佺出使
因引特勒迴鶻部落
斬突厥默啜
獻首于闕下
自謂有不世之功
時宋璟爲相
以天子年少好武
恐徼功者生心
痛抑其黨
逾年
始授郎將
靈佺遂慟哭嘔血而死也
又不聞天寶宰相楊國忠
欲求恩幸立邊功
邊功未立生人怨
請問新豐折臂翁
天寶末
楊國忠爲相
重結閣羅鳳之役
募人讨之
前後發二十餘萬衆
去無返者
又捉人連枷赴役
天下怨哭
人不聊生
故祿山得乘人心而盜天下
元和初
而折臂翁猶存
因備歌之","新豐折臂翁新豐老翁八十八
頭鬢眉鬚皆似雪
玄孫扶向店前行
左臂憑肩右臂折
問翁臂折來幾年
兼問致折何因緣
翁云貫屬新豐縣
生逢聖代無征戰
慣聽梨園歌管聲
不識旗槍與弓箭
無何天寶大徵兵
户有三丁點一丁
點得驅將何處去
五月萬里雲南行
聞道雲南有瀘水
椒花落時瘴烟起
大軍徒涉水如湯
未過十人二三死
村南村北哭聲哀
兒别爺孃夫别妻
皆云前後征蠻者
千萬人行無一迴
是時翁年二十四
兵部牒中有名字
夜深不敢使人知
偷將大石鎚折臂
張弓簸旗俱不堪
從兹始免征雲南
骨碎筋傷非不苦
且圖揀退歸鄉土
臂折來來六十年
一肢雖廢一身全
至今風雨陰寒夜
直到天明痛不眠
痛不眠
終不悔
且喜老身今獨在
不然當時瀘水頭
身死魂飛骨不收
應作雲南望鄉鬼
萬人冢上哭呦呦
雲南有萬人冢
即鮮于仲通﹑李宓曾覆軍之所也
老人言
君聽取
君不聞開元宰相宋開府
不賞邊攻防黷武
開元初
突厥數寇邊
時大武軍子將郝靈佺出使
因引特勒迴鶻部落
斬突厥默啜
獻首于闕下
自謂有不世之功
時宋璟爲相
以天子年少好武
恐徼功者生心
痛抑其黨
逾年
始授郎將
靈佺遂慟哭嘔血而死也
又不聞天寶宰相楊國忠
欲求恩幸立邊功
邊功未立生人怨
請問新豐折臂翁
天寶末
楊國忠爲相
重結閣羅鳳之役
募人讨之
前後發二十餘萬衆
去無返者
又捉人連枷赴役
天下怨哭
人不聊生
故祿山得乘人心而盜天下
元和初
而折臂翁猶存
因備歌之",587
131,poem,131,卷三,,,諷諭,太行路,,,131,revised_jsonl_direct,0132,809,revised_jsonl,初入太行路；送林复梦赴韦令辟；楚辞；西京赋；刺世疾邪赋；续齐谐记；秋夜长；左传；为顾彦先赠妇二首；史记；艺文类聚；鸾鸟诗序；咏风诗；代女道士王灵妃赠道士李荣；奉和率尔有咏；杂曲三首；神女赋；洛神赋；旧唐书；元白诗笺证稿,楚辞；西京赋；左传；史记；咏风诗；洛神赋,6,True,,0,False,1,33,"太行之路能摧車
若比人心是坦途
巫峽之水能覆舟
若比人心是安流
人心好惡苦不常
好生毛羽惡生瘡
與君結髮未五載
豈期牛女爲參商
古稱色衰相棄背
當時美人猶怨悔
何况如今鸞鏡中
妾顔未改君心改
爲君薰衣裳
君聞蘭麝不馨香
爲君盛容飾
君看金翠無顔色
行路難
難重陳
人生莫作婦人身
百年苦樂由他人
行路難
難於山
險於水
不獨人間夫與妻
近代君臣亦如此
君不見左納言
右内史
朝承恩
暮賜死
行路難
不在水
不在山
只在人情反覆間","太行路太行之路能摧車
若比人心是坦途
巫峽之水能覆舟
若比人心是安流
人心好惡苦不常
好生毛羽惡生瘡
與君結髮未五載
豈期牛女爲參商
古稱色衰相棄背
當時美人猶怨悔
何况如今鸞鏡中
妾顔未改君心改
爲君薰衣裳
君聞蘭麝不馨香
爲君盛容飾
君看金翠無顔色
行路難
難重陳
人生莫作婦人身
百年苦樂由他人
行路難
難於山
險於水
不獨人間夫與妻
近代君臣亦如此
君不見左納言
右内史
朝承恩
暮賜死
行路難
不在水
不在山
只在人情反覆間",217
132,poem,132,卷三,,,諷諭,司天臺,,,132,revised_jsonl_direct,0133,809,revised_jsonl,史记；旧唐书；易；春秋繁露；书；胤征；论语；汉书；成帝纪；左传；尔雅；晋书；天文志上；天文志下；张华传；周礼；武陵太守星传；寓意诗五首；元白诗笺证稿；季冬荐献太清宫词文；白氏文集,史记；易；春秋繁露；书；论语；汉书；左传；尔雅；晋书；周礼,10,True,,0,False,1,18,"司天臺
仰觀俯察天人際
羲和死來職事廢
官不求賢空取藝
昔聞西漢元成間
下陵上替謫見天
北辰微暗少光色
四星煌煌如火赤
耀芒動角射三台
上台半滅中台坼
是時非無太史官
眼見心知不敢言
明朝趨入明光殿
唯奏慶雲壽星見
天文時變兩如斯
九重天子不得知
不得知
安用臺高百尺爲","司天臺司天臺
仰觀俯察天人際
羲和死來職事廢
官不求賢空取藝
昔聞西漢元成間
下陵上替謫見天
北辰微暗少光色
四星煌煌如火赤
耀芒動角射三台
上台半滅中台坼
是時非無太史官
眼見心知不敢言
明朝趨入明光殿
唯奏慶雲壽星見
天文時變兩如斯
九重天子不得知
不得知
安用臺高百尺爲",138
133,poem,133,卷三,,,諷諭,捕蝗,,,133,revised_jsonl_direct,0134,809,revised_jsonl,旧唐书；元白诗笺证稿；汉书；艺文类聚；洪范五行传；齐民要术；左传；资治通鉴；唐代农产品与手工业品的比价及其变动；隋唐五代社会经济史论稿；捕蝗；盐铁论；后汉书；鲁恭传；贞观政要；书,汉书；左传；盐铁论；后汉书；书,5,True,,0,False,1,25,"捕蝗捕蝗誰家子
天熱日長飢欲死
興元兵久傷陰陽
和氣蠱蠧化爲蝗
始自兩河及三輔
荐食如蠶飛似雨
雨飛蠶食千里間
不見青苗空赤土
河南長吏言憂農
課人晝夜捕蝗蟲
是時粟斗錢三百
蝗蟲之價與粟同
捕蝗捕蝗竟何利
徒使飢人重勞費
一蟲雖死百蟲來
豈將人力競天災
我聞古之良吏有善政
以政驅蝗蝗出境
又聞貞觀之初道欲昌
文皇仰天吞一蝗
一人有慶兆民賴
是歲雖蝗不爲害
貞觀二年
太宗吞蝗蟲
事具《貞觀實錄》","捕蝗捕蝗捕蝗誰家子
天熱日長飢欲死
興元兵久傷陰陽
和氣蠱蠧化爲蝗
始自兩河及三輔
荐食如蠶飛似雨
雨飛蠶食千里間
不見青苗空赤土
河南長吏言憂農
課人晝夜捕蝗蟲
是時粟斗錢三百
蝗蟲之價與粟同
捕蝗捕蝗竟何利
徒使飢人重勞費
一蟲雖死百蟲來
豈將人力競天災
我聞古之良吏有善政
以政驅蝗蝗出境
又聞貞觀之初道欲昌
文皇仰天吞一蝗
一人有慶兆民賴
是歲雖蝗不爲害
貞觀二年
太宗吞蝗蟲
事具《貞觀實錄》",201
134,poem,134,卷三,,,諷諭,昆明春水滿,,,134,revised_jsonl_direct,0135,809,revised_jsonl,旧唐书；册府元龜；涨昆明池赋；文苑英华；元白诗笺证稿；长安志；唐书；西征赋；云母溪；宋书；庄子；大宗师；三辅黄图；赠薛播州诗；帝京篇；侍宴乐游苑送张徐州应诏诗；蜀都赋；观打鱼歌；寒山诗注；相和曲；楚辞；绝句二首；孝武帝哀策文；述身赋；谢平原内史表；淮南子；从斤竹涧越岭溪行诗；诗；孟子；书；大飨碑；食货志上；唐六典；史记；新乐府；新唐书；唐国史补；元和郡县志；赠友五首；左传,宋书；庄子；三辅黄图；蜀都赋；楚辞；淮南子；诗；孟子；书；史记；左传,11,True,,0,False,1,31,"昆明春
昆明春
春池岸古春流新
影浸南山青滉瀁
波沉西日紅奫淪
往年因旱靈池竭
龜尾曳塗魚煦沫
詔開八水注恩波
千介萬鱗同日活
今來淨淥水照天
游魚鱍鱍蓮田田
洲香杜若抽心短
沙暖鴛鴦鋪翅眠
動植飛沉皆遂性
皇澤如春無不被
漁者仍豐網罟資
貧人又獲菰蒲利
詔以昆明近帝城
官家不得收其征
菰蒲無租魚無税
近水之人感君惠
感君惠
獨何人
吾聞率土皆王民
遠民何疏近何親
願推此惠及天下
無遠無近同欣欣
吳興山中罷榷茗
鄱陽坑裏休封銀
天涯地角無禁利
熙熙同似昆明春","昆明春水滿昆明春
昆明春
春池岸古春流新
影浸南山青滉瀁
波沉西日紅奫淪
往年因旱靈池竭
龜尾曳塗魚煦沫
詔開八水注恩波
千介萬鱗同日活
今來淨淥水照天
游魚鱍鱍蓮田田
洲香杜若抽心短
沙暖鴛鴦鋪翅眠
動植飛沉皆遂性
皇澤如春無不被
漁者仍豐網罟資
貧人又獲菰蒲利
詔以昆明近帝城
官家不得收其征
菰蒲無租魚無税
近水之人感君惠
感君惠
獨何人
吾聞率土皆王民
遠民何疏近何親
願推此惠及天下
無遠無近同欣欣
吳興山中罷榷茗
鄱陽坑裏休封銀
天涯地角無禁利
熙熙同似昆明春",236
135,poem,135,卷三,,,諷諭,城鹽州,,,135,revised_jsonl_direct,0136,809,revised_jsonl,元白诗笺证稿；旧唐书；杜希全传；杨朝晟传；吐蕃传下；通鉴；考异；邠志；盐州；实录；笺；新唐书；元和郡县志；与吐蕃宰相钵阐布敕书；白氏文集；钵阐布纪功碑；因话录；晋书；书；论语；后汉书；本草纲目；本草；太平广记；孟弘微；北梦琐言；太平御览；蒋子万机论；宋书；北史,晋书；书；论语；后汉书；本草；宋书,6,True,,0,False,1,37,"城鹽州
城鹽州
城在五原原上頭
蕃東節度鉢闡布
忽見新城當要路
金鳥飛傳贊普聞
建牙傳箭集羣臣
君臣赭面有憂色
皆言勿謂唐無人
自築鹽州十餘載
左袵氊裘不犯塞
晝牧牛羊夜捉生
長去新城百里外
諸邊急警勞戍人
唯此一道無煙塵
靈夏潛安誰復辨
秦原暗通何處見
鄜州驛路好馬來
長安藥肆黄蓍賤
城鹽州
鹽州未城天子憂
德宗按圖自定計
非關將略與廟謀
吾聞高宗中宗世
北虜猖狂最難制
韓公創築受降城
三城鼎峙屯漢兵
東西亘絶數千里
耳冷不聞胡馬聲
如今邊將非無策
心笑韓公築城壁
相看養寇爲身謀
各握强兵固恩澤
願分今日邊將恩
褒贈韓公封子孫
誰能將此鹽州曲
翻作歌詞聞至尊","城鹽州城鹽州
城鹽州
城在五原原上頭
蕃東節度鉢闡布
忽見新城當要路
金鳥飛傳贊普聞
建牙傳箭集羣臣
君臣赭面有憂色
皆言勿謂唐無人
自築鹽州十餘載
左袵氊裘不犯塞
晝牧牛羊夜捉生
長去新城百里外
諸邊急警勞戍人
唯此一道無煙塵
靈夏潛安誰復辨
秦原暗通何處見
鄜州驛路好馬來
長安藥肆黄蓍賤
城鹽州
鹽州未城天子憂
德宗按圖自定計
非關將略與廟謀
吾聞高宗中宗世
北虜猖狂最難制
韓公創築受降城
三城鼎峙屯漢兵
東西亘絶數千里
耳冷不聞胡馬聲
如今邊將非無策
心笑韓公築城壁
相看養寇爲身謀
各握强兵固恩澤
願分今日邊將恩
褒贈韓公封子孫
誰能將此鹽州曲
翻作歌詞聞至尊",286
136,poem,136,卷三,,,諷諭,道州民,,,136,revised_jsonl_direct,0137,809,revised_jsonl,旧唐书；新唐书；赠樊著作；和阳城驿；书；唐六典；论语；后汉书；元白诗笺证稿,书；论语；后汉书,3,True,,0,False,1,26,"道州民
多侏儒
長者不過三尺餘
市作矮奴年進送
號爲道州任土貢
任土貢
寧若斯
不聞使人生别離
老翁哭孫母哭兒
一自陽城來守郡
不進矮奴頻詔問
城云臣按六典書
任土貢有不貢無
道州水土所生者
只有矮民無矮奴
吾君感悟璽書下
歲貢矮奴宜悉罷
道州民
老者幼者何欣欣
父兄子弟始相保
從此得作良人身
道州民
民到于今受其賜
欲説使君先下淚
仍恐兒孫忘使君
生男多以陽爲字","道州民道州民
多侏儒
長者不過三尺餘
市作矮奴年進送
號爲道州任土貢
任土貢
寧若斯
不聞使人生别離
老翁哭孫母哭兒
一自陽城來守郡
不進矮奴頻詔問
城云臣按六典書
任土貢有不貢無
道州水土所生者
只有矮民無矮奴
吾君感悟璽書下
歲貢矮奴宜悉罷
道州民
老者幼者何欣欣
父兄子弟始相保
從此得作良人身
道州民
民到于今受其賜
欲説使君先下淚
仍恐兒孫忘使君
生男多以陽爲字",186
137,poem,137,卷三,,,諷諭,馴犀,,,137,revised_jsonl_direct,0138,809,revised_jsonl,新题乐府；旧唐书；笺；抱朴子内篇；汉书；史记；广雅；续汉书；唐会要；淮南子；唐六典；庄子；杂体诗三十首；秋兴赋；元白诗笺证稿；旧纪；通鉴；唐纪；禹贡；南蛮传,汉书；史记；广雅；续汉书；淮南子；庄子；秋兴赋；禹贡,8,True,,0,False,1,36,"馴犀馴犀通天犀
驅貌駭人角駭雞
海蠻聞有明天子
驅犀乘傳來萬里
一朝得謁大明宮
歡呼拜舞自論功
五年馴養始堪獻
六譯語言方得通
上嘉人獸俱來遠
蠻館四方犀入苑
秣以瑶蒭鎖以金
故鄉迢遞君門深
海鳥不知鐘鼓樂
池魚空結江湖心
馴犀生處南方熱
秋無白露冬無雪
一入上林三四年
又逢今歲苦寒月
飲冰卧霰苦踡跼
角骨凍傷鱗甲縮
馴犀死
蠻兒啼
向闕再拜顔色低
奏乞生歸本國去
恐身凍死似馴犀
君不見
建中初
馴象生還放林邑
建中元年
詔盡出苑中馴象
放歸南方也
君不見
貞元末
馴犀凍死蠻兒泣
所嗟建中異貞元
象生犀死何足言","馴犀馴犀馴犀通天犀
驅貌駭人角駭雞
海蠻聞有明天子
驅犀乘傳來萬里
一朝得謁大明宮
歡呼拜舞自論功
五年馴養始堪獻
六譯語言方得通
上嘉人獸俱來遠
蠻館四方犀入苑
秣以瑶蒭鎖以金
故鄉迢遞君門深
海鳥不知鐘鼓樂
池魚空結江湖心
馴犀生處南方熱
秋無白露冬無雪
一入上林三四年
又逢今歲苦寒月
飲冰卧霰苦踡跼
角骨凍傷鱗甲縮
馴犀死
蠻兒啼
向闕再拜顔色低
奏乞生歸本國去
恐身凍死似馴犀
君不見
建中初
馴象生還放林邑
建中元年
詔盡出苑中馴象
放歸南方也
君不見
貞元末
馴犀凍死蠻兒泣
所嗟建中異貞元
象生犀死何足言",260
138,poem,138,卷三,,,諷諭,五絃彈,,,138,revised_jsonl_direct,0139,809,revised_jsonl,新题乐府；乐府杂录；讽谏；五弦弹；旧唐书；风俗通；新唐书；论语；杂体诗三十首；文选；庄子；唐国史补；史记；后汉书；卧疾赋；晚渡江津；李供奉弹箜篌歌；尚书郎上直闻春漏；庭松；风赋；羽扇赋；琴操；别鹤操；咏琵琶诗；隋书；梁鼓角横吹曲；笳赋；说苑；北堂书钞；歌；元日早朝；世说新语；夜宴安乐公主新宅；建除诗；礼记；木兰诗；上古之什补亡训传十三章；嗟哉董生行；诗大序；周南；召南；文选序；关雎；麟趾；左传；汉书,风俗通；论语；庄子；史记；后汉书；风赋；羽扇赋；琴操；咏琵琶诗；说苑；歌；礼记；左传；汉书,14,True,,0,False,1,40,"五絃彈
五絃彈
聽者傾耳心寥寥
趙璧知君入骨愛
五絃一一爲君調
第一第二絃索索
秋風拂松疏韻落
第三第四絃泠泠
夜鶴憶子籠中鳴
第五絃聲最掩抑
隴水凍咽流不得
五絃並奏君試聽
凄凄切切復錚錚
鐵擊珊瑚一兩曲
冰寫玉盤千萬聲
鐵聲殺
冰聲寒
殺聲入耳膚血寒
慘氣中人肌骨酸
曲終聲盡欲半日
四座相對愁無言
座中有一遠方士
唧唧咨咨聲不已
自歎今朝初得聞
始知孤負平生耳
唯憂趙璧白髮生
老死人間無此聲
遠方士
爾聽五絃信爲美
吾聞正始之音不如是
正始之音其若何
朱絃疏越清廟歌
一彈一唱再三歎
曲淡節稀聲不多
融融曳曳召元氣
聽之不覺心平和
人情重今多賤古
古瑟有絃人不撫
更從趙璧藝成來
二十五絃不如五","五絃彈五絃彈
五絃彈
聽者傾耳心寥寥
趙璧知君入骨愛
五絃一一爲君調
第一第二絃索索
秋風拂松疏韻落
第三第四絃泠泠
夜鶴憶子籠中鳴
第五絃聲最掩抑
隴水凍咽流不得
五絃並奏君試聽
凄凄切切復錚錚
鐵擊珊瑚一兩曲
冰寫玉盤千萬聲
鐵聲殺
冰聲寒
殺聲入耳膚血寒
慘氣中人肌骨酸
曲終聲盡欲半日
四座相對愁無言
座中有一遠方士
唧唧咨咨聲不已
自歎今朝初得聞
始知孤負平生耳
唯憂趙璧白髮生
老死人間無此聲
遠方士
爾聽五絃信爲美
吾聞正始之音不如是
正始之音其若何
朱絃疏越清廟歌
一彈一唱再三歎
曲淡節稀聲不多
融融曳曳召元氣
聽之不覺心平和
人情重今多賤古
古瑟有絃人不撫
更從趙璧藝成來
二十五絃不如五",304
139,poem,139,卷三,,,諷諭,蠻子朝,,,139,revised_jsonl_direct,0140,809,revised_jsonl,新题乐府；旧唐书；新唐书；元和郡县志；资治通鉴；华阳国志；广韵；么些民族考；讽谏；元白诗笺证稿；蛮子朝；蛮书；和虞部卢四汀酬翰林钱七徽赤藤杖歌；唐六典；寄隐者；礼记；墨子；汉书；唐宋诗醇,华阳国志；礼记；墨子；汉书,4,True,,0,False,1,39,"蠻子朝
汎皮船兮渡繩橋
來自巂州道路遥
入界先經蜀川過
蜀將收功先表賀
臣聞雲南六詔蠻
東連䍧牱西連蕃
六詔星居初瑣碎
合爲一詔漸强大
開元皇帝雖聖神
唯蠻倔强不來賓
鮮于仲通六萬卒
征蠻一陣全軍没
至今西洱河岸邊
箭孔刀痕滿枯骨
天寶十三載
鮮于仲通統兵六萬討雲南王閣羅鳳于西洱河
全軍覆殁也
誰知今日慕華風
不勞一人蠻自通
誠由陛下休明德
亦賴微臣誘諭功
德宗省表知如此
笑令中使迎蠻子
蠻子導從者誰何
摩挲俗羽雙隈伽
清平官持赤藤杖
大軍將繫金呿嗟
異牟尋男尋閣勸
特敕召對延英殿
上心貴在懷遠蠻
引臨玉座近天顔
冕旒不垂親勞倈
賜衣賜食移時對
移時對
不可得
大臣相看有羨色
可憐宰相拖紫佩金章
朝日唯聞對一刻","蠻子朝蠻子朝
汎皮船兮渡繩橋
來自巂州道路遥
入界先經蜀川過
蜀將收功先表賀
臣聞雲南六詔蠻
東連䍧牱西連蕃
六詔星居初瑣碎
合爲一詔漸强大
開元皇帝雖聖神
唯蠻倔强不來賓
鮮于仲通六萬卒
征蠻一陣全軍没
至今西洱河岸邊
箭孔刀痕滿枯骨
天寶十三載
鮮于仲通統兵六萬討雲南王閣羅鳳于西洱河
全軍覆殁也
誰知今日慕華風
不勞一人蠻自通
誠由陛下休明德
亦賴微臣誘諭功
德宗省表知如此
笑令中使迎蠻子
蠻子導從者誰何
摩挲俗羽雙隈伽
清平官持赤藤杖
大軍將繫金呿嗟
異牟尋男尋閣勸
特敕召對延英殿
上心貴在懷遠蠻
引臨玉座近天顔
冕旒不垂親勞倈
賜衣賜食移時對
移時對
不可得
大臣相看有羨色
可憐宰相拖紫佩金章
朝日唯聞對一刻",312
140,poem,140,卷三,,,諷諭,驃國樂,,,140,revised_jsonl_direct,0141,809,revised_jsonl,新题乐府；旧唐书；元白诗笺证稿；新唐书；南诏奉圣乐；唐会要；资治通鉴；册府元龜；与骠国王雍羌书；白氏文集；白氏长庆集伪文；书；唐代乐舞新论；骠国乐；史记；后汉书；淮南子；地理志七；隋书；文选；头陀寺碑文；自觉二首；答州民；奉和鲁望闲居杂题五首；鲁灵光殿赋；东都赋；诗；论衡；说苑；易；老子；礼记；孟子,书；史记；后汉书；淮南子；诗；论衡；说苑；易；老子；礼记；孟子,11,True,,0,False,1,35,"驃國樂
驃國樂
出自大海西南角
雍羌之子舒難陁
來獻南音奉正朔
德宗立仗御紫庭
黈纊不塞爲爾聽
玉螺一吹椎髻聳
銅鼓千擊文身踊
珠纓炫轉星宿摇
花鬘斗藪龍蛇動
曲終王子啓聖人
臣父願爲唐外臣
左右歡呼何翕習
皆尊德廣之所及
須臾百辟詣閣門
俯伏拜表賀至尊
伏見驃人獻新樂
請書國史傳子孫
時有擊壤老農父
暗測君心閑獨語
聞君政化甚聖明
欲感人心致太平
感人在近不在遠
太平由實非由聲
觀身理國國可濟
君如心兮民如體
體生疾苦心憯悽
民得和平君愷悌
貞元之民若未安
驃樂雖聞君不歡
貞元之民苟無病
驃樂不來君亦聖
驃樂驃樂徒喧喧
不如聞此芻蕘言","驃國樂驃國樂
驃國樂
出自大海西南角
雍羌之子舒難陁
來獻南音奉正朔
德宗立仗御紫庭
黈纊不塞爲爾聽
玉螺一吹椎髻聳
銅鼓千擊文身踊
珠纓炫轉星宿摇
花鬘斗藪龍蛇動
曲終王子啓聖人
臣父願爲唐外臣
左右歡呼何翕習
皆尊德廣之所及
須臾百辟詣閣門
俯伏拜表賀至尊
伏見驃人獻新樂
請書國史傳子孫
時有擊壤老農父
暗測君心閑獨語
聞君政化甚聖明
欲感人心致太平
感人在近不在遠
太平由實非由聲
觀身理國國可濟
君如心兮民如體
體生疾苦心憯悽
民得和平君愷悌
貞元之民若未安
驃樂雖聞君不歡
貞元之民苟無病
驃樂不來君亦聖
驃樂驃樂徒喧喧
不如聞此芻蕘言",274
141,poem,141,卷三,,,諷諭,縛戎人,,,141,revised_jsonl_direct,0142,809,revised_jsonl,新题乐府；武关西逢配流吐蕃；旧唐书；资治通鉴；太平广记；赵佐；广异记；汉书；新唐书；地理志四；吐蕃传上；元白诗笺证稿；正朝摘梅；正朝上左相张燕公；酉阳杂俎；青冢；周礼；说文；史记；北齐书；南史,汉书；周礼；说文；史记,4,True,,0,False,1,60,"縛戎人
縛戎人
耳穿面破驅入秦
天子矜憐不忍殺
詔徙東南吳與越
黄衣小使錄姓名
領出長安乘遞行
身被金瘡面多瘠
扶病徒行日一驛
朝餐飢渴費杯盤
夜卧腥臊污床席
忽逢江水憶交河
垂手齊聲嗚咽歌
其中一虜語諸虜
爾苦非多我苦多
同伴行人因借問
欲说喉中氣憤憤
自云鄉管本凉原
大曆年中没落蕃
一落蕃中四十載
遣著皮裘繫毛帶
唯許正朝服漢儀
斂衣整巾潛淚垂
誓心密定歸鄉計
不使蕃中妻子知
有李如暹者
蓬子將軍之子也
嘗没蕃中
自云
蕃法
唯正歲一日
許唐人之没蕃者服唐衣冠
由是悲不自勝
遂密定歸計也
暗思幸有殘筋力
更恐年衰歸不得
蕃候嚴兵鳥不飛
脱身冒死奔逃歸
晝伏宵行經大漠
雲陰月黑風沙惡
驚藏青冢寒草疏
偷渡黄河夜冰薄
忽聞漢軍鼙鼓聲
路傍走出再拜迎
游騎不聽能漢語
將軍遂縛作蕃生
配向江南卑濕地
定無存卹空防備
念此吞聲仰訴天
若爲辛苦度殘年
凉原鄉井不得見
胡地妻兒虛棄捐
没蕃被囚思漢土
歸漢被劫爲蕃虜
早知如此悔歸來
兩地寧如一處苦
縛戎人
戎人之中我苦辛
自古此冤應未有
漢心漢語吐蕃身","縛戎人縛戎人
縛戎人
耳穿面破驅入秦
天子矜憐不忍殺
詔徙東南吳與越
黄衣小使錄姓名
領出長安乘遞行
身被金瘡面多瘠
扶病徒行日一驛
朝餐飢渴費杯盤
夜卧腥臊污床席
忽逢江水憶交河
垂手齊聲嗚咽歌
其中一虜語諸虜
爾苦非多我苦多
同伴行人因借問
欲说喉中氣憤憤
自云鄉管本凉原
大曆年中没落蕃
一落蕃中四十載
遣著皮裘繫毛帶
唯許正朝服漢儀
斂衣整巾潛淚垂
誓心密定歸鄉計
不使蕃中妻子知
有李如暹者
蓬子將軍之子也
嘗没蕃中
自云
蕃法
唯正歲一日
許唐人之没蕃者服唐衣冠
由是悲不自勝
遂密定歸計也
暗思幸有殘筋力
更恐年衰歸不得
蕃候嚴兵鳥不飛
脱身冒死奔逃歸
晝伏宵行經大漠
雲陰月黑風沙惡
驚藏青冢寒草疏
偷渡黄河夜冰薄
忽聞漢軍鼙鼓聲
路傍走出再拜迎
游騎不聽能漢語
將軍遂縛作蕃生
配向江南卑濕地
定無存卹空防備
念此吞聲仰訴天
若爲辛苦度殘年
凉原鄉井不得見
胡地妻兒虛棄捐
没蕃被囚思漢土
歸漢被劫爲蕃虜
早知如此悔歸來
兩地寧如一處苦
縛戎人
戎人之中我苦辛
自古此冤應未有
漢心漢語吐蕃身",455
142,poem,142,卷四,,,諷諭,驪宮高,,,142,revised_jsonl_direct,0143,,revised_jsonl,唐会要；长安志；直中书省；文选；汉书；宫中行乐词；诗；井；奉和幸新丰温泉宫应制；楚辞；奉和圣制度蒲关应制；上林赋；从齐武帝琅琊城讲武应诏诗；从驾幸晋阳诗；史记；汉官仪；旧唐书；论语；书,汉书；诗；楚辞；上林赋；史记；汉官仪；论语；书,8,True,,0,False,1,25,"高高驪山上有宮
朱樓紫殿三四重
遲遲兮春日
玉甃暖兮温泉溢
嫋嫋兮秋風
山蟬鳴兮宮樹紅
翠華不來歲月久
牆有衣兮瓦有松
吾君在位已五載
何不一幸乎其中
西去都門幾多地
吾君不遊有深意
一人出兮不容易
六宮從兮百司備
八十一車千萬騎
朝有宴飫暮有賜
中人之産數百家
未足充君一日費
吾君修己人不知
不自逸兮不自嬉
吾君愛人人不識
不傷財兮不傷力
驪宮高兮高入雲
君之来兮爲一身
君之不來兮爲萬人","驪宮高高高驪山上有宮
朱樓紫殿三四重
遲遲兮春日
玉甃暖兮温泉溢
嫋嫋兮秋風
山蟬鳴兮宮樹紅
翠華不來歲月久
牆有衣兮瓦有松
吾君在位已五載
何不一幸乎其中
西去都門幾多地
吾君不遊有深意
一人出兮不容易
六宮從兮百司備
八十一車千萬騎
朝有宴飫暮有賜
中人之産數百家
未足充君一日費
吾君修己人不知
不自逸兮不自嬉
吾君愛人人不識
不傷財兮不傷力
驪宮高兮高入雲
君之来兮爲一身
君之不來兮爲萬人",199
143,poem,143,卷四,,,諷諭,百煉鏡,,,143,revised_jsonl_direct,0144,,revised_jsonl,旧唐书；唐国史补；玉海；中兴馆阁书目；鉴龙图记；太平广记；李守泰；异闻录；永明九年策秀才文五首；文选；汉书；礼记；咏白莲；穆天子传；西京杂记；杂体五首；灵台家兄古镜歌；寒山诗注；驯犀；易；贞观政要；墨子；吕氏春秋；韩诗外传；无为论,汉书；礼记；穆天子传；西京杂记；易；墨子；吕氏春秋；韩诗外传,8,True,,0,False,1,19,"百煉鏡
鎔範非常規
日辰處所靈且祇
江心波上舟中鑄
五月五日日午時
瓊粉金膏磨瑩已
化爲一片秋潭水
鏡成將獻蓬萊宮
揚州長史手自封
人間臣妾不合照
背有九五飛天龍
人人呼爲天子鏡
我有一言聞太宗
太宗常以人爲鏡
鑒古鑒今不鑒容
四海安危居掌内
百王治亂懸心中
乃知天子别有鏡
不是揚州百煉銅","百煉鏡百煉鏡
鎔範非常規
日辰處所靈且祇
江心波上舟中鑄
五月五日日午時
瓊粉金膏磨瑩已
化爲一片秋潭水
鏡成將獻蓬萊宮
揚州長史手自封
人間臣妾不合照
背有九五飛天龍
人人呼爲天子鏡
我有一言聞太宗
太宗常以人爲鏡
鑒古鑒今不鑒容
四海安危居掌内
百王治亂懸心中
乃知天子别有鏡
不是揚州百煉銅",148
144,poem,144,卷四,,,諷諭,青石,,,144,revised_jsonl_direct,0145,,revised_jsonl,若耶山敬法师诔；寄唐生；晋书,晋书,1,True,,0,False,1,24,"青石出自藍田山
兼車運載來長安
工人磨琢欲何用
石不能言我代言
不願作人家墓前神道碣
墳土未乾名已滅
不願作官家道旁德政碑
不鐫實錄鐫虛辭
願爲顔氏段氏碑
雕鏤太尉與太師
刻此兩片堅貞質
狀彼二人忠烈姿
義心若石屹不轉
死節名流確不移
如觀奮擊朱泚日
似見叱呵希烈時
各於其上題名諡
一置高山一沉水
陵谷雖遷碑獨存
骨化爲塵名不死
長使不忠不烈臣
觀碑改節慕爲人
慕爲人
勸事君","青石青石出自藍田山
兼車運載來長安
工人磨琢欲何用
石不能言我代言
不願作人家墓前神道碣
墳土未乾名已滅
不願作官家道旁德政碑
不鐫實錄鐫虛辭
願爲顔氏段氏碑
雕鏤太尉與太師
刻此兩片堅貞質
狀彼二人忠烈姿
義心若石屹不轉
死節名流確不移
如觀奮擊朱泚日
似見叱呵希烈時
各於其上題名諡
一置高山一沉水
陵谷雖遷碑獨存
骨化爲塵名不死
長使不忠不烈臣
觀碑改節慕爲人
慕爲人
勸事君",191
145,poem,145,卷四,,,諷諭,兩朱閣,,,145,revised_jsonl_direct,0146,,revised_jsonl,寄上兵部韩侍郎奉呈李户部卢刑部杜三侍郎；题宣州开元寺；元白诗笺证稿；新唐书；旧唐书；楚辞；列仙传；周礼；汉武帝内传；太平广记；杨敬真；续玄怪录；同李舍人冬日集安乐公主山池；日夕望江山赠鱼司马；近代曲辞；羽扇赋；晓至园中忆诸弟崔都水；题破山寺后禅院；戏赠天竺灵隐二寺寺主；南史；文选；奏弹王源；尚书大传；后汉书；西征赋；汉书；煌煌京洛行；高密长公主挽歌；感遇；瑞石像铭,楚辞；列仙传；周礼；汉武帝内传；羽扇赋；尚书大传；后汉书；汉书,8,True,,0,False,1,20,"兩朱閣
南北相對起
借問何人家
貞元雙帝子
帝子吹簫雙得仙
五雲飄颻飛上天
第宅亭臺不將去
化爲佛寺在人間
妝閣妓樓何寂靜
柳似舞腰池似鏡
花落黄昏悄悄時
不聞歌吹聞鐘磬
寺門敕牓金字書
尼院佛庭寬有餘
青苔明月多閑地
比屋疲人無處居
憶昨平陽宅初置
吞併平人幾家地
仙去雙雙作梵宮
漸恐人間盡爲寺","兩朱閣兩朱閣
南北相對起
借問何人家
貞元雙帝子
帝子吹簫雙得仙
五雲飄颻飛上天
第宅亭臺不將去
化爲佛寺在人間
妝閣妓樓何寂靜
柳似舞腰池似鏡
花落黄昏悄悄時
不聞歌吹聞鐘磬
寺門敕牓金字書
尼院佛庭寬有餘
青苔明月多閑地
比屋疲人無處居
憶昨平陽宅初置
吞併平人幾家地
仙去雙雙作梵宮
漸恐人間盡爲寺",152
146,poem,146,卷四,,,諷諭,西凉伎,,,146,revised_jsonl_direct,0147,,revised_jsonl,新题乐府；西凉伎；隋书；西凉；西凉乐；国伎；杨泽新声；神白马；通典；旧唐书；龜兹乐；安乐；太平乐；破阵乐；庆善乐；大定乐；上元乐；圣寿乐；光圣乐；破阵舞；庆善舞；乐府杂录；师子乐；集异记；教坊记；景德传灯录；九思；鹦鹉赋；书；史记；地理志；苏摩遮；胡笳歌；汉书；淮南子；庄子；缚戎人；越中席上看弄老人；寒山诗注；国语；左传；新唐书；唐两京城坊考；南部新书；资治通鉴,鹦鹉赋；书；史记；汉书；淮南子；庄子；国语；左传,8,True,,0,False,1,47,"西凉伎
假面胡人假師子
刻木爲頭絲作尾
金鍍眼睛銀帖齒
奮迅毛衣擺雙耳
如從流沙來萬里
紫髯深目兩胡兒
鼓舞跳梁前致辭
應似凉州未陷日
安西都護進來時
須臾云得新消息
安西路絶歸不得
泣向師子涕雙垂
凉州陷没知不知
師子迴頭向西望
哀吼一聲觀者悲
貞元邊將愛此曲
醉坐笑看看不足
享賓犒士宴三軍
師子胡兒長在目
有一征夫年七十
見弄凉州低面泣
泣罷斂手白將軍
主憂臣辱昔所聞
自從天寶兵戈起
犬戎日夜吞西鄙
凉州陷來四十年
河隴侵將七千里
平時安西萬里疆
今日邊防在鳳翔
平時開遠門外立堠
云去安西九千九百里
以示戍人
不爲萬里行
其實就盈數也
今蕃漢使往來
悉在隴州交易也
緣邊空屯十萬卒
飽食温衣閑過日
遺民腸斷在凉州
將卒相看無意收
天子每思常痛惜
將軍欲説合慚羞
奈何仍看西凉伎
取笑資歡無所愧
縱無智力未能收
忍取西凉弄爲戲","西凉伎西凉伎
假面胡人假師子
刻木爲頭絲作尾
金鍍眼睛銀帖齒
奮迅毛衣擺雙耳
如從流沙來萬里
紫髯深目兩胡兒
鼓舞跳梁前致辭
應似凉州未陷日
安西都護進來時
須臾云得新消息
安西路絶歸不得
泣向師子涕雙垂
凉州陷没知不知
師子迴頭向西望
哀吼一聲觀者悲
貞元邊將愛此曲
醉坐笑看看不足
享賓犒士宴三軍
師子胡兒長在目
有一征夫年七十
見弄凉州低面泣
泣罷斂手白將軍
主憂臣辱昔所聞
自從天寶兵戈起
犬戎日夜吞西鄙
凉州陷來四十年
河隴侵將七千里
平時安西萬里疆
今日邊防在鳳翔
平時開遠門外立堠
云去安西九千九百里
以示戍人
不爲萬里行
其實就盈數也
今蕃漢使往來
悉在隴州交易也
緣邊空屯十萬卒
飽食温衣閑過日
遺民腸斷在凉州
將卒相看無意收
天子每思常痛惜
將軍欲説合慚羞
奈何仍看西凉伎
取笑資歡無所愧
縱無智力未能收
忍取西凉弄爲戲",370
147,poem,147,卷四,,,諷諭,八駿圖,,,147,revised_jsonl_direct,0148,,revised_jsonl,新题乐府；八骏图；乐府诗集；新乐府辞；元白诗笺证稿；穆天子传；列子；观八骏图说；唐国史补；望云骓马歌；魏将军歌；怀素上人草书歌；寄王尊师；估客乐；长沙六快诗；尔雅；庄子；淮南子；史记；汉官仪；寒山诗注；礼记；后汉书；法曲歌；左传；汉书；马诗二十三首,穆天子传；列子；尔雅；庄子；淮南子；史记；汉官仪；礼记；后汉书；左传；汉书,11,True,,0,False,1,30,"穆王八駿天馬駒
後人愛之寫爲圖
背如龍兮頸如象
骨竦筋高脂肉壯
日行萬里速如飛
穆王獨乘何所之
四荒八極踏欲遍
三十二蹄無歇時
屬車軸折趁不及
黄屋草生棄若遺
瑶池西赴王母宴
七廟經年不親薦
璧臺南與盛姬遊
明堂不復朝諸侯
白雲黄竹歌聲動
一人荒樂萬人愁
周從后稷至文武
積德累功世勤苦
豈知纔及四代孫
心輕王業如灰土
由來尤物不在大
能蕩君心則爲害
文帝却之不肯乘
千里馬去漢道興
穆王得之不爲戒
八駿駒來周室壞
至今此物世稱珍
不知房星之精下爲怪
八駿圖
君莫愛","八駿圖穆王八駿天馬駒
後人愛之寫爲圖
背如龍兮頸如象
骨竦筋高脂肉壯
日行萬里速如飛
穆王獨乘何所之
四荒八極踏欲遍
三十二蹄無歇時
屬車軸折趁不及
黄屋草生棄若遺
瑶池西赴王母宴
七廟經年不親薦
璧臺南與盛姬遊
明堂不復朝諸侯
白雲黄竹歌聲動
一人荒樂萬人愁
周從后稷至文武
積德累功世勤苦
豈知纔及四代孫
心輕王業如灰土
由來尤物不在大
能蕩君心則爲害
文帝却之不肯乘
千里馬去漢道興
穆王得之不爲戒
八駿駒來周室壞
至今此物世稱珍
不知房星之精下爲怪
八駿圖
君莫愛",236
148,poem,148,卷四,,,諷諭,澗底松,,,148,revised_jsonl_direct,0149,,revised_jsonl,咏史；悲哉行；续古诗十首；元白诗笺证稿；论制科人状；白氏文集；旧唐书；魏元忠传；左传；寓意诗五首；汉书；张汤传；史记；后汉书；吴都赋；文选；扶南传；相和歌辞,左传；汉书；史记；后汉书,4,True,,0,False,1,16,"有松百尺大十圍
生在澗底寒且卑
澗深山險人路絶
老死不逢工度之
天子明堂欠梁木
此求彼有兩不知
誰諭蒼蒼造物意
但與之材不與地
金張世祿原憲貧
牛衣寒賤貂蟬貴
貂蟬與牛衣
高下雖有殊
高者未必賢
下者未必愚
君不見沉沉海底生珊瑚
歷歷天上種白榆","澗底松有松百尺大十圍
生在澗底寒且卑
澗深山險人路絶
老死不逢工度之
天子明堂欠梁木
此求彼有兩不知
誰諭蒼蒼造物意
但與之材不與地
金張世祿原憲貧
牛衣寒賤貂蟬貴
貂蟬與牛衣
高下雖有殊
高者未必賢
下者未必愚
君不見沉沉海底生珊瑚
歷歷天上種白榆",125
149,poem,149,卷四,,,諷諭,牡丹芳,,,149,revised_jsonl_direct,0150,,revised_jsonl,七契；看牡丹赠段成式；牡丹；咏初桃诗；四愁诗；山海经；游天台山赋；汉武帝内传；感石榴二十韵；和王郎中召看牡丹；白牡丹；山石榴花十二韵；后园宴诗；董娇饶；汝川行；山枇杷；比红儿诗；文赋；燕歌行；奉和太子纳妃太平公主出降；宛转歌；宫中行乐词；山寺；酉阳杂俎；金钱花；石竹花咏；戏赠阌乡秦少公短歌；史记；新唐书；旧唐书；宫词；对酒；春日戏题恼郝使君兄；笺；两京新记；西明寺牡丹；西明寺牡丹花时忆元九；后临荆州诗；长安古意；送人尉闽中；礼记；论语；春秋元命苞；唐会要；后汉书,山海经；汉武帝内传；文赋；史记；礼记；论语；春秋元命苞；后汉书,8,True,,0,False,1,49,"牡丹芳
牡丹芳
黄金蘂綻紅玉房
千片赤英霞爛爛
百枝絳點燈煌煌
照地初開錦繡段
當風不結蘭麝囊
仙人琪樹白無色
王母桃花小不香
宿露輕盈汎紫艷
朝陽照耀生紅光
紅紫二色間深淺
向背萬態隨低昂
映葉多情隠羞面
卧叢無力含醉妝
低嬌笑容疑掩口
凝思怨人如斷腸
穠姿貴彩信奇絶
雜卉亂花無比方
石竹金錢何細碎
芙蓉芍藥苦尋常
遂使王公與卿士
遊花冠蓋日相望
庳車軟轝貴公主
香衫細馬豪家郎
衛公宅靜閉東院
西明寺深開北廊
戲蝶雙舞看人久
殘鶯一聲春日長
共愁日照芳難駐
仍張帳幕垂陰凉
花開花落二十日
一城之人皆若狂
三代以還文勝質
人心重華不重實
重華直至牡丹芳
其來有漸非今日
元和天子憂農桑
卹下動天天降祥
去歲嘉禾生九穗
田中寂寞無人至
今年瑞麥分兩岐
君心獨喜無人知
無人知
可嘆息
我願暫求造化力
減却牡丹妖艷色
少迴卿士愛花心
同似吾君憂稼穡","牡丹芳牡丹芳
牡丹芳
黄金蘂綻紅玉房
千片赤英霞爛爛
百枝絳點燈煌煌
照地初開錦繡段
當風不結蘭麝囊
仙人琪樹白無色
王母桃花小不香
宿露輕盈汎紫艷
朝陽照耀生紅光
紅紫二色間深淺
向背萬態隨低昂
映葉多情隠羞面
卧叢無力含醉妝
低嬌笑容疑掩口
凝思怨人如斷腸
穠姿貴彩信奇絶
雜卉亂花無比方
石竹金錢何細碎
芙蓉芍藥苦尋常
遂使王公與卿士
遊花冠蓋日相望
庳車軟轝貴公主
香衫細馬豪家郎
衛公宅靜閉東院
西明寺深開北廊
戲蝶雙舞看人久
殘鶯一聲春日長
共愁日照芳難駐
仍張帳幕垂陰凉
花開花落二十日
一城之人皆若狂
三代以還文勝質
人心重華不重實
重華直至牡丹芳
其來有漸非今日
元和天子憂農桑
卹下動天天降祥
去歲嘉禾生九穗
田中寂寞無人至
今年瑞麥分兩岐
君心獨喜無人知
無人知
可嘆息
我願暫求造化力
減却牡丹妖艷色
少迴卿士愛花心
同似吾君憂稼穡",378
150,poem,150,卷四,,,諷諭,紅線毯,,,150,revised_jsonl_direct,0151,,revised_jsonl,元和郡县志；新唐书；元白诗笺证稿；与燕王书；云麓漫抄；服饰变古录；古今注；西河旧事；本草；博物志；史记；两都赋；文选；唐会要；酉阳杂俎；宴杨驸马山池；河南府试十二月乐词；寒山诗注；南都赋；春词；淮南子；说文；宫词；旧唐书,古今注；本草；博物志；史记；南都赋；淮南子；说文,7,True,,0,False,1,26,"紅線毯
擇繭繰絲清水煮
揀絲練線紅藍染
染爲紅線紅於藍
織作披香殿上毯
披香殿廣十丈餘
紅線織成可殿鋪
綵絲茸茸香拂拂
線軟花虛不勝物
美人踏上歌舞來
羅襪繡鞋隨步没
太原毯澀毳縷硬
蜀都褥薄錦花冷
不如此毯温且柔
年年十月來宣州
宣城太守加樣織
自謂爲臣能竭力
百夫同擔進宮中
線厚絲多卷不得
宣城太守知不知
一丈毯
千兩絲
地不知寒人要暖
少奪人衣作地衣
貞元中
宣州進開樣加絲毯","紅線毯紅線毯
擇繭繰絲清水煮
揀絲練線紅藍染
染爲紅線紅於藍
織作披香殿上毯
披香殿廣十丈餘
紅線織成可殿鋪
綵絲茸茸香拂拂
線軟花虛不勝物
美人踏上歌舞來
羅襪繡鞋隨步没
太原毯澀毳縷硬
蜀都褥薄錦花冷
不如此毯温且柔
年年十月來宣州
宣城太守加樣織
自謂爲臣能竭力
百夫同擔進宮中
線厚絲多卷不得
宣城太守知不知
一丈毯
千兩絲
地不知寒人要暖
少奪人衣作地衣
貞元中
宣州進開樣加絲毯",195
151,poem,151,卷四,,,諷諭,杜陵叟,,,151,revised_jsonl_direct,0152,,revised_jsonl,汉书；元和郡县志；元白诗笺证稿；贺雨；新唐书；论语；三国志；都官考课；旧唐书；北齐书；吴都赋；孟子；梁书；唐会要；重赋,汉书；论语；孟子,3,True,,0,False,1,23,"杜陵叟
杜陵居
歲種薄田一頃餘
三月無雨旱風起
麥苗不秀多黄死
九月降霜秋早寒
禾穗未熟皆青乾
長吏明知不申破
急斂暴徵求考課
典桑賣地納官租
明年衣食將何如
剝我身上帛
奪我口中粟
虐人害物即豺狼
何必鈎爪鋸牙食人肉
不知何人奏皇帝
帝心惻隱知人弊
白麻紙上書德音
京畿盡放今年税
昨日里胥方到門
手持敕牒榜鄉村
十家租税九家畢
虛受吾君蠲免恩","杜陵叟杜陵叟
杜陵居
歲種薄田一頃餘
三月無雨旱風起
麥苗不秀多黄死
九月降霜秋早寒
禾穗未熟皆青乾
長吏明知不申破
急斂暴徵求考課
典桑賣地納官租
明年衣食將何如
剝我身上帛
奪我口中粟
虐人害物即豺狼
何必鈎爪鋸牙食人肉
不知何人奏皇帝
帝心惻隱知人弊
白麻紙上書德音
京畿盡放今年税
昨日里胥方到門
手持敕牒榜鄉村
十家租税九家畢
虛受吾君蠲免恩",176
152,poem,152,卷四,,,諷諭,繚綾,,,152,revised_jsonl_direct,0153,,revised_jsonl,阴山道；织妇词；太平广记；织锦人；卢氏杂说；旧唐书；李德裕传；文宗纪；元白诗笺证稿；神女赋；诏群臣；游天台山赋；太平寰宇记；临海记；别赋；答饷绫绮书；和徐录事见内人作卧具诗；捣衣曲；咏七宝扇诗；赋得珠帘诗；周小史诗；咏照镜诗；三辅黄图；西京杂记；春赋；兰公；十二真君传；古诗十九首,别赋；三辅黄图；西京杂记；春赋,4,True,,0,False,1,26,"繚綾繚綾何所似
不似羅綃與紈綺
應似天台山上月明前
四十五尺瀑布泉
中有文章又奇絶
地鋪白烟花簇雪
織者何人衣者誰
越溪寒女漢宮姬
去年中使宣口敕
天上取樣人間織
織爲雲外秋雁行
染作江南春水色
廣裁衫袖長製裙
金斗熨波刀剪紋
異彩奇文相隱映
轉側看花花不定
昭陽舞人恩正深
春衣一對直千金
汗沾粉汙不再著
曳土踏泥無惜心
繚綾織成費功績
莫比尋常繒與帛
絲細繰多女手疼
扎扎千聲不盈尺
昭陽殿裏歌舞人
若見織時應也惜","繚綾繚綾繚綾何所似
不似羅綃與紈綺
應似天台山上月明前
四十五尺瀑布泉
中有文章又奇絶
地鋪白烟花簇雪
織者何人衣者誰
越溪寒女漢宮姬
去年中使宣口敕
天上取樣人間織
織爲雲外秋雁行
染作江南春水色
廣裁衫袖長製裙
金斗熨波刀剪紋
異彩奇文相隱映
轉側看花花不定
昭陽舞人恩正深
春衣一對直千金
汗沾粉汙不再著
曳土踏泥無惜心
繚綾織成費功績
莫比尋常繒與帛
絲細繰多女手疼
扎扎千聲不盈尺
昭陽殿裏歌舞人
若見織時應也惜",211
153,poem,153,卷四,,,諷諭,賣炭翁,,,153,revised_jsonl_direct,0154,,revised_jsonl,顺宗实录；旧唐书；外戚传；新唐书；叛臣传；元白诗笺证稿；送王处士；伤宅；恨从军；温泉宫行；江南遇天宝乐叟；西凉伎；唐会要；唐代财政史稿,,0,False,,0,False,1,21,"賣炭翁
伐薪燒炭南山中
滿面塵灰烟火色
兩鬢蒼蒼十指黑
賣炭得錢何所營
身上衣裳口中食
可憐身上衣正單
心憂炭賤願天寒
夜來城外一尺雪
曉駕炭車輾冰轍
牛困人飢日已高
市南門外泥中歇
翩翩兩騎來是誰
黄衣使者白衫兒
手把文書口稱敕
迴車叱牛牽向北
一車炭
千餘斤
宮使驅將惜不得
半疋紅紗一丈綾
繫向牛頭充炭直","賣炭翁賣炭翁
伐薪燒炭南山中
滿面塵灰烟火色
兩鬢蒼蒼十指黑
賣炭得錢何所營
身上衣裳口中食
可憐身上衣正單
心憂炭賤願天寒
夜來城外一尺雪
曉駕炭車輾冰轍
牛困人飢日已高
市南門外泥中歇
翩翩兩騎來是誰
黄衣使者白衫兒
手把文書口稱敕
迴車叱牛牽向北
一車炭
千餘斤
宮使驅將惜不得
半疋紅紗一丈綾
繫向牛頭充炭直",158
154,poem,154,卷四,,,諷諭,母别子,,,154,revised_jsonl_direct,0155,,revised_jsonl,左传；管子；后汉书；旧唐书；元白诗笺证稿；陇头吟；胡歌；陈书；学古诗；洛阳道；秋日夔府咏怀一百韵；醉醒；诗；和萧侍中子显春别诗四首；怨情,左传；管子；后汉书；诗,4,True,,0,False,1,23,"母别子
子别母
白日無光哭聲苦
關西驃騎大將軍
去年破虜新策勳
敕賜金錢二百萬
洛陽迎得如花人
新人迎來舊人棄
掌上蓮花眼中刺
迎新棄舊未足悲
悲在君家留兩兒
一始扶行一初坐
坐啼行哭牽人衣
以汝夫婦新嬿婉
使我母子生别離
不如林中烏與鵲
母不失鶵雄伴雌
應似園中桃李樹
花落隨風子在枝
新人新人聽我語
洛陽無限紅樓女
但願將軍重立功
更有新人勝於汝","母别子母别子
子别母
白日無光哭聲苦
關西驃騎大將軍
去年破虜新策勳
敕賜金錢二百萬
洛陽迎得如花人
新人迎來舊人棄
掌上蓮花眼中刺
迎新棄舊未足悲
悲在君家留兩兒
一始扶行一初坐
坐啼行哭牽人衣
以汝夫婦新嬿婉
使我母子生别離
不如林中烏與鵲
母不失鶵雄伴雌
應似園中桃李樹
花落隨風子在枝
新人新人聽我語
洛陽無限紅樓女
但願將軍重立功
更有新人勝於汝",178
155,poem,155,卷四,,,諷諭,陰山道,,,155,revised_jsonl_direct,0156,,revised_jsonl,新题乐府；旧唐书；史记；元白诗笺证稿；突厥方言字典；昭君出塞变文；唐会要；贺雨；与回鹘可汗书；白氏文集；新唐书；新传；旧传；新乐府；祭咸安公主文；唐书,史记,1,True,,0,False,1,29,"陰山道
陰山道
紇邏敦肥水泉好
每至戎人送馬時
道傍千里無纖草
草盡泉枯馬病羸
飛龍但印骨與皮
五十疋縑易一匹
縑去馬來無了日
養無所用土非宜
每歲死傷十六七
縑絲不足女工苦
疏織短截充匹數
藕絲蛛網三丈餘
迴鶻訴稱無用處
咸安公主號可敦
遠爲可汗頻奏論
元和二年下新敕
内出金帛酬馬直
仍詔江淮馬價縑
從此不令疏短織
合闕將軍呼萬歲
捧授金銀與縑綵
誰知黠虜啓貪心
明年馬多來一倍
縑漸好
馬漸多
陰山虜
奈爾何","陰山道陰山道
陰山道
紇邏敦肥水泉好
每至戎人送馬時
道傍千里無纖草
草盡泉枯馬病羸
飛龍但印骨與皮
五十疋縑易一匹
縑去馬來無了日
養無所用土非宜
每歲死傷十六七
縑絲不足女工苦
疏織短截充匹數
藕絲蛛網三丈餘
迴鶻訴稱無用處
咸安公主號可敦
遠爲可汗頻奏論
元和二年下新敕
内出金帛酬馬直
仍詔江淮馬價縑
從此不令疏短織
合闕將軍呼萬歲
捧授金銀與縑綵
誰知黠虜啓貪心
明年馬多來一倍
縑漸好
馬漸多
陰山虜
奈爾何",210
156,poem,156,卷四,,,諷諭,時世妝,,,156,revised_jsonl_direct,0157,,revised_jsonl,唐音癸签；因话录；时世妆；教闺人妆束；杂兴五首；有所教；江南喜逢萧九彻因话长安旧游戏赠五十韵；贫女；后汉书；和梦游春诗一百韵；送宫人入道；两头纤纤；代书诗一百韵寄微之；新唐书；元白诗笺证稿；准敕详度诸司制度条件奏；旧唐书；刺世疾邪赋；汉书；城盐州；左传,后汉书；汉书；左传,3,True,,0,False,1,15,"時世妝
時世妝
出自城中傳四方
時世流行無遠近
顋不施朱面無粉
烏膏注唇唇似泥
雙眉畫作八字低
妍蚩黑白失本態
妝成盡似含悲啼
圓鬟無鬢堆髻樣
斜紅不暈赭面狀
昔聞被髮伊川中
辛有見之知有戎
元和妝梳君記取
髻堆面赭非華風","時世妝時世妝
時世妝
出自城中傳四方
時世流行無遠近
顋不施朱面無粉
烏膏注唇唇似泥
雙眉畫作八字低
妍蚩黑白失本態
妝成盡似含悲啼
圓鬟無鬢堆髻樣
斜紅不暈赭面狀
昔聞被髮伊川中
辛有見之知有戎
元和妝梳君記取
髻堆面赭非華風",114
157,poem,157,卷四,,,諷諭,李夫人,,,157,revised_jsonl_direct,0158,,revised_jsonl,史记；汉书；海内十洲记；宋书；洛阳女儿行；缭绫；八骏图；旧唐书；地理志一；长恨歌；元白诗笺证稿；李夫人；连昌宫词；报任安书；奉法要,史记；汉书；宋书,3,True,,0,False,1,37,"漢武帝
初喪李夫人
夫人病時不肯别
死後留得生前恩
君恩不盡念未已
甘泉殿裏令寫真
丹青畫出竟何益
不言不笑愁殺人
又令方士合靈藥
玉釜煎煉金爐焚
九華帳深夜悄悄
反魂香降夫人魂
夫人之魂在何許
香烟引到焚香處
既來何苦不須臾
縹緲悠揚還滅去
去何速兮來何遲
是耶非耶兩不知
翠蛾髣髴平生貌
不似昭陽寢疾時
魂之不來君心苦
魂之來兮君亦悲
背燈隔帳不得語
安用暫來還見違
傷心不獨漢武帝
自古及今皆若斯
君不見穆王三日哭
重璧臺前傷盛姬
又不見泰陵一掬淚
馬嵬坡下念楊妃
縱令妍姿艷質化爲土
此恨長在無銷期
生亦惑
死亦惑
尤物惑人忘不得
人非木石皆有情
不如不遇傾城色","李夫人漢武帝
初喪李夫人
夫人病時不肯别
死後留得生前恩
君恩不盡念未已
甘泉殿裏令寫真
丹青畫出竟何益
不言不笑愁殺人
又令方士合靈藥
玉釜煎煉金爐焚
九華帳深夜悄悄
反魂香降夫人魂
夫人之魂在何許
香烟引到焚香處
既來何苦不須臾
縹緲悠揚還滅去
去何速兮來何遲
是耶非耶兩不知
翠蛾髣髴平生貌
不似昭陽寢疾時
魂之不來君心苦
魂之來兮君亦悲
背燈隔帳不得語
安用暫來還見違
傷心不獨漢武帝
自古及今皆若斯
君不見穆王三日哭
重璧臺前傷盛姬
又不見泰陵一掬淚
馬嵬坡下念楊妃
縱令妍姿艷質化爲土
此恨長在無銷期
生亦惑
死亦惑
尤物惑人忘不得
人非木石皆有情
不如不遇傾城色",288
158,poem,158,卷四,,,諷諭,陵園妾,,,158,revised_jsonl_direct,0159,,revised_jsonl,周礼；后汉书；汉书；资治通鉴；桥陵诗；丰陵行；无双传；送宫人入道；杂兴五首；追昔游；元白诗笺证稿；上阳白发人；重过何氏五首；太平广记；崔生；逸史；南齐书；范阳王挽词二首；新唐书；儒学传；拜丰陵；东京梦华录；东都赋；文选；唐两京城坊考；宫词；贺雨；奉和幸新丰温泉宫应制；书情题蔡舍人雄,周礼；后汉书；汉书,3,True,,0,False,1,32,"陵園妾
顔色如花命如葉
命如葉薄將奈何
一奉寢宮年月多
年月多
春愁秋思知何限
青絲髮落藂鬢疏
紅玉膚銷繫裙縵
憶昔宮中被妬猜
因讒得罪配陵來
老母啼呼趁車别
中官監送鎖門迴
山宮一閉無開日
未死此身不令出
松門到曉月徘徊
柏城盡日風蕭瑟
松門柏城幽閉深
聞蟬聽燕感光陰
眼看菊蘂重陽淚
手把梨花寒食心
把花掩淚無人見
綠蕪牆遶青苔院
四季徒支妝粉錢
三朝不識君王面
遥想六宮奉至尊
宣徽雪夜浴堂春
雨露之恩不及者
猶聞不啻三千人
三千人
我爾君恩何厚薄
願令輪轉直陵園
三歲一來均苦樂","陵園妾陵園妾
顔色如花命如葉
命如葉薄將奈何
一奉寢宮年月多
年月多
春愁秋思知何限
青絲髮落藂鬢疏
紅玉膚銷繫裙縵
憶昔宮中被妬猜
因讒得罪配陵來
老母啼呼趁車别
中官監送鎖門迴
山宮一閉無開日
未死此身不令出
松門到曉月徘徊
柏城盡日風蕭瑟
松門柏城幽閉深
聞蟬聽燕感光陰
眼看菊蘂重陽淚
手把梨花寒食心
把花掩淚無人見
綠蕪牆遶青苔院
四季徒支妝粉錢
三朝不識君王面
遥想六宮奉至尊
宣徽雪夜浴堂春
雨露之恩不及者
猶聞不啻三千人
三千人
我爾君恩何厚薄
願令輪轉直陵園
三歲一來均苦樂",246
159,poem,159,卷四,,,諷諭,鹽商婦,,,159,revised_jsonl_direct,0160,,revised_jsonl,新唐书；策林；议盐法之弊；白氏文集；元白诗笺证稿；唐国史补；夜闻商人船中筝；容斋随笔；唐扬州之盛；汉书；唐会要；陪郑广文游何将军山林十首,汉书,1,True,,0,False,1,30,"鹽商婦
多金帛
不事田農與蠶績
南北東西不失家
風水爲鄉船作宅
本是揚州小家女
嫁得西江大商客
綠鬟富去金釵多
皓腕肥來銀釧窄
前呼蒼頭後叱婢
問爾因何得如此
壻作鹽商十五年
不屬州縣屬天子
每年鹽利入官時
少入官家多入私
官家利薄私家厚
鹽鐵尚書遠不知
何况江頭魚米賤
紅鱠黄橙香稻飯
飽食濃妝倚柁樓
兩朵紅顋花欲綻
鹽商婦
有幸嫁鹽商
終朝美飯食
終歲好衣裳
好衣美食有來處
亦須慚愧桑弘羊
桑弘羊
死已久
不獨漢時今亦有","鹽商婦鹽商婦
多金帛
不事田農與蠶績
南北東西不失家
風水爲鄉船作宅
本是揚州小家女
嫁得西江大商客
綠鬟富去金釵多
皓腕肥來銀釧窄
前呼蒼頭後叱婢
問爾因何得如此
壻作鹽商十五年
不屬州縣屬天子
每年鹽利入官時
少入官家多入私
官家利薄私家厚
鹽鐵尚書遠不知
何况江頭魚米賤
紅鱠黄橙香稻飯
飽食濃妝倚柁樓
兩朵紅顋花欲綻
鹽商婦
有幸嫁鹽商
終朝美飯食
終歲好衣裳
好衣美食有來處
亦須慚愧桑弘羊
桑弘羊
死已久
不獨漢時今亦有",216
160,poem,160,卷四,,,諷諭,杏爲梁,,,160,revised_jsonl_direct,0161,,revised_jsonl,长门赋；文选；楚辞；艳歌曲；元白诗笺证稿；旧唐书；贺雨；晚日后堂诗；春女行；杏为梁；孔戡；题新居呈王尹兼简府中三掾；列子；咏德诗；杂诗十二首；楞严经；寒山诗注；伤宅；资治通鉴；论魏征旧宅状；白氏文集,楚辞；列子,2,True,,0,False,1,34,"杏爲梁
桂爲柱
何人堂室李開府
碧砌紅軒色未乾
去年身没今移主
高其牆
大其門
誰家第宅盧將軍
素泥朱板光未滅
今歲官收别賜人
開府之堂將軍宅
造未成時頭已白
逆旅重居逆旅中
心是主人身是客
更有愚夫念身後
心雖甚長計非久
窮奢極麗越規模
付子傳孫令保守
莫教門外過客聞
撫掌迴頭笑殺君
君不見
馬家宅
尚猶存
宅門題作奉誠園
君不見
魏家宅
屬他人
詔贖賜還五代孫
元和四年詔
特以官錢贖魏徵勝業坊中舊宅
以還其後孫
用獎忠儉
儉存奢失今在目
安用高牆圍大屋","杏爲梁杏爲梁
桂爲柱
何人堂室李開府
碧砌紅軒色未乾
去年身没今移主
高其牆
大其門
誰家第宅盧將軍
素泥朱板光未滅
今歲官收别賜人
開府之堂將軍宅
造未成時頭已白
逆旅重居逆旅中
心是主人身是客
更有愚夫念身後
心雖甚長計非久
窮奢極麗越規模
付子傳孫令保守
莫教門外過客聞
撫掌迴頭笑殺君
君不見
馬家宅
尚猶存
宅門題作奉誠園
君不見
魏家宅
屬他人
詔贖賜還五代孫
元和四年詔
特以官錢贖魏徵勝業坊中舊宅
以還其後孫
用獎忠儉
儉存奢失今在目
安用高牆圍大屋",233
161,poem,161,卷四,,,諷諭,井底引銀瓶,,,161,revised_jsonl_direct,0162,,revised_jsonl,诗；蝃𬟽；舞曲歌辞；估客乐；行路难；江南曲；王乔赤松颂；冠赋；江南喜逢萧九彻因话长安旧游戏赠五十韵；云鬟；西京杂记；和梦游春诗一百韵；少年行；长干行；吴声歌曲；冬歌；和定襄侯初笄诗；负薪行；邻妇哭征夫；礼记；采蘩；采苹；论衡；宿空舲峡青树林浦；观别者；魏书；太平广记；汝州衣冠；卢氏杂说；送韦处士老舅；行药至城东桥；杂曲,诗；西京杂记；礼记；论衡；魏书,5,True,,0,False,1,34,"井底引銀瓶
銀瓶欲上絲繩絶
石上磨玉簪
玉簪欲成中央折
瓶沉簪折知奈何
似妾今朝與君别
憶昔在家爲女時
人言舉動有殊姿
嬋娟兩鬢秋蟬翼
宛轉雙蛾遠山色
笑隨戲伴後園中
此時與君未相識
妾弄青梅憑短牆
君騎白馬傍垂楊
牆頭馬上遥相顧
一見知君即斷腸
知君斷腸共君語
君指南山松柏樹
感君松柏化爲心
暗合雙鬟逐君去
到君家舍五六年
君家大人頻有言
聘則爲妻奔是妾
不堪主祀奉蘋蘩
終知君家不可住
其奈出門無去處
豈無父母在高堂
亦有親情滿故鄉
潛來更不通消息
今日悲羞歸不得
爲君一日恩
悮妾百年身
寄言癡小人家女
慎勿將身輕許人","井底引銀瓶井底引銀瓶
銀瓶欲上絲繩絶
石上磨玉簪
玉簪欲成中央折
瓶沉簪折知奈何
似妾今朝與君别
憶昔在家爲女時
人言舉動有殊姿
嬋娟兩鬢秋蟬翼
宛轉雙蛾遠山色
笑隨戲伴後園中
此時與君未相識
妾弄青梅憑短牆
君騎白馬傍垂楊
牆頭馬上遥相顧
一見知君即斷腸
知君斷腸共君語
君指南山松柏樹
感君松柏化爲心
暗合雙鬟逐君去
到君家舍五六年
君家大人頻有言
聘則爲妻奔是妾
不堪主祀奉蘋蘩
終知君家不可住
其奈出門無去處
豈無父母在高堂
亦有親情滿故鄉
潛來更不通消息
今日悲羞歸不得
爲君一日恩
悮妾百年身
寄言癡小人家女
慎勿將身輕許人",268
162,poem,162,卷四,,,諷諭,官牛,,,162,revised_jsonl_direct,0163,,revised_jsonl,元白诗笺证稿；新乐府；太平寰宇记；封禅书；旧唐书；佛说阿弥陀经讲经文；伤友；书；说苑,书；说苑,2,True,,0,False,1,15,"官牛官牛駕官車
滻水岸邊般載沙
一石沙
幾斤重
朝載暮載將何用
載向五門官道西
綠槐陰下鋪沙堤
昨來新拜右丞相
恐怕泥塗汙馬蹄
右丞相
馬蹄踏沙雖淨潔
牛領牽車欲流血
右丞相
但能濟人治國調陰陽
官牛領穿亦無妨","官牛官牛官牛駕官車
滻水岸邊般載沙
一石沙
幾斤重
朝載暮載將何用
載向五門官道西
綠槐陰下鋪沙堤
昨來新拜右丞相
恐怕泥塗汙馬蹄
右丞相
馬蹄踏沙雖淨潔
牛領牽車欲流血
右丞相
但能濟人治國調陰陽
官牛領穿亦無妨",107
163,poem,163,卷四,,,諷諭,紫毫筆,,,163,revised_jsonl_direct,0164,,revised_jsonl,元和郡县志；太平寰宇记；明道杂志；宣和画谱；宣州笔；元白诗笺证稿；新唐书；清异录；铁围山丛谈；咏宣州笔；十离诗；谢人自钟陵寄纸笔；旧唐书；职官志二；笺；白氏讽谏；蓬莱三殿侍宴奉敕咏终南山应制；赠丁仪,,0,False,,0,False,1,25,"紫毫筆
尖如錐兮利如刀
江南石上有老兔
喫竹飲泉生紫毫
宣城之人采爲筆
千萬毛中揀一毫
毫雖輕
功甚重
管勒工名充歲貢
君兮臣兮勿輕用
勿輕用
將何如
願賜東西府御史
願頒左右臺起居
搦管趨入黄金闕
抽毫立在白玉除
臣有奸邪正衙奏
君有動言直筆書
起居郎
侍御史
爾知紫毫不易致
每歲宣城進筆時
紫毫之價如金貴
慎勿空將彈失儀
慎勿空將錄制詞","紫毫筆紫毫筆
尖如錐兮利如刀
江南石上有老兔
喫竹飲泉生紫毫
宣城之人采爲筆
千萬毛中揀一毫
毫雖輕
功甚重
管勒工名充歲貢
君兮臣兮勿輕用
勿輕用
將何如
願賜東西府御史
願頒左右臺起居
搦管趨入黄金闕
抽毫立在白玉除
臣有奸邪正衙奏
君有動言直筆書
起居郎
侍御史
爾知紫毫不易致
每歲宣城進筆時
紫毫之價如金貴
慎勿空將彈失儀
慎勿空將錄制詞",174
164,poem,164,卷四,,,諷諭,隋堤柳,,,164,revised_jsonl_direct,0165,,revised_jsonl,隋书；三国志；献帝春秋；司马将军歌；送张二十参军赴蜀州；新唐书；笺；大业拾遗记；荀子；诗；商颂；二王后；大唐创业起居注；嘉庆重修一统志；大业杂记；论语；后汉书,诗；论语；后汉书,3,True,,0,False,1,33,"隋堤柳
歲久年深盡衰朽
風飄飄兮雨蕭蕭
三株兩株汴河口
老枝病葉愁殺人
曾經大業年中春
大業年中煬天子
種柳成行夾流水
西自黄河東至淮
綠影一千三百里
大業末年春暮月
柳色如烟絮如雪
南幸江都恣佚遊
應將此柳繫龍舟
紫髯郎將護錦纜
青娥御史直迷樓
海内財力此时竭
舟中歌笑何日休
上荒下困勢不久
宗社之危如綴旒
煬天子
自言福祚長無窮
豈知皇子封酅公
龍舟未過彭城閣
義旗已入長安宮
蕭牆禍生人事變
晏駕不得歸秦中
土墳數尺何處葬
吳公臺下多悲風
二百年來汴河路
沙草和烟朝復暮
後王何以鑒前王
請看隋堤亡國樹","隋堤柳隋堤柳
歲久年深盡衰朽
風飄飄兮雨蕭蕭
三株兩株汴河口
老枝病葉愁殺人
曾經大業年中春
大業年中煬天子
種柳成行夾流水
西自黄河東至淮
綠影一千三百里
大業末年春暮月
柳色如烟絮如雪
南幸江都恣佚遊
應將此柳繫龍舟
紫髯郎將護錦纜
青娥御史直迷樓
海内財力此时竭
舟中歌笑何日休
上荒下困勢不久
宗社之危如綴旒
煬天子
自言福祚長無窮
豈知皇子封酅公
龍舟未過彭城閣
義旗已入長安宮
蕭牆禍生人事變
晏駕不得歸秦中
土墳數尺何處葬
吳公臺下多悲風
二百年來汴河路
沙草和烟朝復暮
後王何以鑒前王
請看隋堤亡國樹",258
165,poem,165,卷四,,,諷諭,草茫茫,,,165,revised_jsonl_direct,0166,,revised_jsonl,史记；贞观政要；元白诗笺证稿；汉书,史记；汉书,2,True,,0,False,1,18,"草茫茫
土蒼蒼
蒼蒼茫茫在何處
驪山脚下秦皇墓
墓中下涸二重泉
當時自以爲深固
下流水銀象江海
上綴珠光作烏兔
别爲天地於其間
擬將富貴隨身去
一朝盜掘墳陵破
龍椁神堂三月火
可憐寶玉歸人間
暫借泉中買身禍
奢者狼藉儉者安
一凶一吉在眼前
憑君迴首向南望
漢文葬在灞陵原","草茫茫草茫茫
土蒼蒼
蒼蒼茫茫在何處
驪山脚下秦皇墓
墓中下涸二重泉
當時自以爲深固
下流水銀象江海
上綴珠光作烏兔
别爲天地於其間
擬將富貴隨身去
一朝盜掘墳陵破
龍椁神堂三月火
可憐寶玉歸人間
暫借泉中買身禍
奢者狼藉儉者安
一凶一吉在眼前
憑君迴首向南望
漢文葬在灞陵原",138
166,poem,166,卷四,,,諷諭,古冢狐,,,166,revised_jsonl_direct,0167,,revised_jsonl,和古社；国语；史记；周本纪；元白诗笺证稿；北征,国语；史记,2,True,,0,False,1,23,"古冢狐
妖且老
化爲婦人顔色好
頭變雲鬟面變妝
大尾曳作長紅裳
徐徐行傍荒村路
日欲暮時人靜處
或歌或舞或悲啼
翠眉不舉花顔低
忽然一笑千萬態
見者十人八九迷
假色迷人猶若是
真色迷人應過此
彼真此假俱迷人
人心惡假貴重真
狐假女妖害猶淺
一朝一夕迷人眼
女爲狐媚害即深
日長月長溺人心
何况褒妲之色善蠱惑
能喪人家覆人國
君看爲害淺深間
豈將假色同真色","古冢狐古冢狐
妖且老
化爲婦人顔色好
頭變雲鬟面變妝
大尾曳作長紅裳
徐徐行傍荒村路
日欲暮時人靜處
或歌或舞或悲啼
翠眉不舉花顔低
忽然一笑千萬態
見者十人八九迷
假色迷人猶若是
真色迷人應過此
彼真此假俱迷人
人心惡假貴重真
狐假女妖害猶淺
一朝一夕迷人眼
女爲狐媚害即深
日長月長溺人心
何况褒妲之色善蠱惑
能喪人家覆人國
君看爲害淺深間
豈將假色同真色",180
167,poem,167,卷四,,,諷諭,黑潭龍,,,167,revised_jsonl_direct,0168,,revised_jsonl,元白诗笺证稿；韩昌黎集；炭谷湫祠堂；笺；元和郡县志；黑龙饮渭赋；登骊山；送王十八归山寄题仙游寺；仙游寺有龙潭穴弄玉祠；冬夜宿仙游寺南凉堂呈谦道人；长安志；论于𬱖状；论王锷状；论裴均状；庄子,庄子,1,True,,0,False,1,21,"黑潭水深色如墨
傳有神龍人不識
潭上架屋官立祠
龍不能神人神之
豐凶水旱與疾疫
鄉里皆言龍所爲
家家養豚漉清酒
朝祈暮賽依巫口
神之來兮風飄飄
紙錢動兮錦傘摇
神之去兮風亦靜
香火滅兮杯盤冷
肉堆潭岸石
酒潑廟前草
不知龍神饗幾多
林鼠山狐長醉飽
狐何幸
豚何辜
年年殺豚將餧狐
狐假龍神食豚盡
九重泉底龍知無","黑潭龍黑潭水深色如墨
傳有神龍人不識
潭上架屋官立祠
龍不能神人神之
豐凶水旱與疾疫
鄉里皆言龍所爲
家家養豚漉清酒
朝祈暮賽依巫口
神之來兮風飄飄
紙錢動兮錦傘摇
神之去兮風亦靜
香火滅兮杯盤冷
肉堆潭岸石
酒潑廟前草
不知龍神饗幾多
林鼠山狐長醉飽
狐何幸
豚何辜
年年殺豚將餧狐
狐假龍神食豚盡
九重泉底龍知無",158
168,poem,168,卷四,,,諷諭,天可度,,,168,revised_jsonl_direct,0169,,revised_jsonl,元白诗笺证稿；唐会要；李相国论事集；法言；周易参同契；灵宪；左传；庄子；求荐问亲戚疏；诗；读史五首；太平广记；李义府；谭宾录；唐书；易；宋书；南史,法言；周易参同契；左传；庄子；诗；易；宋书,7,True,,0,False,1,18,"天可度
地可量
唯有人心不可防
但見丹誠赤如血
誰知僞言巧似簧
勸君掩鼻君莫掩
使君夫婦爲參商
勸君掇蜂君莫掇
使君父子成豺狼
海底魚兮天上鳥
高可射兮深可釣
唯有人心相對時
咫尺之間不能料
君不見
李義府之輩笑欣欣
笑中有刀潛殺人
陰陽神變皆可測
不測人間笑是瞋","天可度天可度
地可量
唯有人心不可防
但見丹誠赤如血
誰知僞言巧似簧
勸君掩鼻君莫掩
使君夫婦爲參商
勸君掇蜂君莫掇
使君父子成豺狼
海底魚兮天上鳥
高可射兮深可釣
唯有人心相對時
咫尺之間不能料
君不見
李義府之輩笑欣欣
笑中有刀潛殺人
陰陽神變皆可測
不測人間笑是瞋",135
169,poem,169,卷四,,,諷諭,秦吉了,,,169,revised_jsonl_direct,0170,,revised_jsonl,旧唐书；鸟歌万岁舞；汉书；太平广记；秦吉了；岭表录异；刘景阳；朝野佥载；自代内赠；昆仑儿；陶庵梦忆；元白诗笺证稿；和大觜乌；三国志；运命论；大戴礼记；文苑英华；史记,汉书；史记,2,True,,0,False,1,21,"秦吉了
出南中
彩毛青黑花頸紅
耳聰心慧舌端巧
鳥語人言無不通
昨日長爪鳶
今朝大嘴烏
鳶捎乳燕一窠覆
烏啄母雞雙眼枯
雞號墮地燕驚去
然後拾卵攫其鶵
豈無鵰與鶚
嗉中肉飽不肯搏
亦有鸞鶴羣
閑立颺高如不聞
秦吉了
人云爾是能言鳥
豈不見雞燕之冤苦
吾聞鳳凰百鳥主
爾竟不爲鳳凰之前致一言
安用噪噪閑言語","秦吉了秦吉了
出南中
彩毛青黑花頸紅
耳聰心慧舌端巧
鳥語人言無不通
昨日長爪鳶
今朝大嘴烏
鳶捎乳燕一窠覆
烏啄母雞雙眼枯
雞號墮地燕驚去
然後拾卵攫其鶵
豈無鵰與鶚
嗉中肉飽不肯搏
亦有鸞鶴羣
閑立颺高如不聞
秦吉了
人云爾是能言鳥
豈不見雞燕之冤苦
吾聞鳳凰百鳥主
爾竟不爲鳳凰之前致一言
安用噪噪閑言語",155
170,poem,170,卷四,,,諷諭,鵶九劍,,,170,revised_jsonl_direct,0171,,revised_jsonl,说剑；元白诗笺证稿；新乐府；吴越春秋；越绝书；庄子；折剑头；列子；说苑；史记；礼记,吴越春秋；庄子；列子；说苑；史记；礼记,6,True,,0,False,1,19,"歐冶子死千年後
精靈暗授張鵶九
鵶九鑄劍吳山中
天與日時神借功
金鐵騰精火翻焰
踊躍求爲鏌鎁劍
劍成未試十餘年
有客持金買一觀
誰知閉匣長思用
三尺青蛇不肯蟠
客有心
劍無口
客代劍言告鵶九
君勿矜我玉可切
君勿誇我鍾可刜
不如持我決浮雲
無令漫漫蔽白日
爲君使無私之光及萬物
蟄蟲昭蘇萌草出","鵶九劍歐冶子死千年後
精靈暗授張鵶九
鵶九鑄劍吳山中
天與日時神借功
金鐵騰精火翻焰
踊躍求爲鏌鎁劍
劍成未試十餘年
有客持金買一觀
誰知閉匣長思用
三尺青蛇不肯蟠
客有心
劍無口
客代劍言告鵶九
君勿矜我玉可切
君勿誇我鍾可刜
不如持我決浮雲
無令漫漫蔽白日
爲君使無私之光及萬物
蟄蟲昭蘇萌草出",149
171,poem,171,卷四,,,諷諭,采詩官,,,171,revised_jsonl_direct,0172,,revised_jsonl,汉书；艺文志；策林；采诗；白氏文集；进士策问五道；元白诗笺证稿；新乐府；毛诗序；管子；韩诗外传；周礼；文心雕龙；后汉书；淮南子；论衡；尚书；隋书；旧唐书；诗；艺文类聚；汉旧仪；酬赵给事相寻不遇留赠；孟子；楚辞；国语；读史五首；荀子,汉书；毛诗序；管子；韩诗外传；周礼；后汉书；淮南子；论衡；尚书；诗；汉旧仪；孟子；楚辞；国语,14,True,,0,False,1,30,"采詩官
采詩聽歌導人言
言者無罪聞者誡
下流上通上下泰
周滅秦興至隋氏
十代采詩官不置
郊廟登歌讚君美
樂府艷詞悦君意
若求興諭規刺言
萬句千章無一字
不是章句無規刺
漸及朝廷絶諷議
諍臣杜口爲冗員
諫鼓高懸作虛器
一人負扆常端默
百辟入門兩自媚
夕郎所賀皆德音
春官每奏唯祥端
君之堂兮千里遠
君之門兮九重閟
君耳唯聞堂上言
君眼不見門前事
貪吏害民無所忌
奸臣蔽君無所畏
君不見
厲王胡亥之末年
羣臣有利君無利
君兮君兮願聽此
欲開壅蔽達人情
先向歌詩求諷刺","采詩官采詩官
采詩聽歌導人言
言者無罪聞者誡
下流上通上下泰
周滅秦興至隋氏
十代采詩官不置
郊廟登歌讚君美
樂府艷詞悦君意
若求興諭規刺言
萬句千章無一字
不是章句無規刺
漸及朝廷絶諷議
諍臣杜口爲冗員
諫鼓高懸作虛器
一人負扆常端默
百辟入門兩自媚
夕郎所賀皆德音
春官每奏唯祥端
君之堂兮千里遠
君之門兮九重閟
君耳唯聞堂上言
君眼不見門前事
貪吏害民無所忌
奸臣蔽君無所畏
君不見
厲王胡亥之末年
羣臣有利君無利
君兮君兮願聽此
欲開壅蔽達人情
先向歌詩求諷刺",234
172,poem,172,卷五,,,閑適,常樂里閑居偶題十六韻兼寄劉十五公輿王十一起呂二炅呂四穎崔十八玄亮元九稹劉三十二敦質張十五仲方時爲校書郎,,,172,revised_jsonl_direct,0173,803,revised_jsonl,谱；笺；与元九书；白氏文集；养竹记；唐两京城坊考；春中与卢四周谅华阳观同居；新唐书；郎官考；唐书；惜玉蕊花有怀集贤王校书起；和元九与吕二同宿话旧感赠；吕三校书；登科记考；唐人行第录；元氏长庆集；文苑英华；登科记考订补；元和姓纂；白氏长庆集；元集；唐故虢州刺史赠礼部尚书崔公墓志铭；酬哥舒大少府寄同年科第；哭刘敦质；赠皇甫六张十五李二十三宾客；范阳张公墓志铭；咏怀；孟子；放歌行；与山巨源绝交书；吕氏春秋；从游京口北固应诏；易；论衡；书解；晋书；旧唐书；魏书；汉书；幽愤诗；容斋五笔；论语；罢郡归洛阳寄友人；老子；秋兴赋；别录；读山海经,孟子；吕氏春秋；易；论衡；晋书；魏书；汉书；论语；老子；秋兴赋,10,True,易,1,True,1,32,"帝都名利場
雞鳴無安居
獨有懶慢者
日高頭未梳
工拙性不同
進退迹遂殊
幸逢太平代
天子好文儒
小才難大用
典校在秘書
三旬兩入省
因得養頑疏
茅屋四五間
一馬二僕夫
俸錢萬六千
月給亦有餘
既無衣食牽
亦少人事拘
遂使少年心
日日常晏如
勿言無己知
躁靜各有徒
蘭臺七八人
出處與之俱
旬時阻談笑
旦夕望軒車
誰能讎校閒
解帶卧吾廬
窗前有竹玩
門外有酒沽
何以待君子
數竿對一壺","常樂里閑居偶題十六韻兼寄劉十五公輿王十一起呂二炅呂四穎崔十八玄亮元九稹劉三十二敦質張十五仲方時爲校書郎帝都名利場
雞鳴無安居
獨有懶慢者
日高頭未梳
工拙性不同
進退迹遂殊
幸逢太平代
天子好文儒
小才難大用
典校在秘書
三旬兩入省
因得養頑疏
茅屋四五間
一馬二僕夫
俸錢萬六千
月給亦有餘
既無衣食牽
亦少人事拘
遂使少年心
日日常晏如
勿言無己知
躁靜各有徒
蘭臺七八人
出處與之俱
旬時阻談笑
旦夕望軒車
誰能讎校閒
解帶卧吾廬
窗前有竹玩
門外有酒沽
何以待君子
數竿對一壺",242
173,poem,173,卷五,,,閑適,答元八宗簡同遊曲江後明日見贈,,,173,revised_jsonl_direct,0174,803,revised_jsonl,笺；故京兆少尹文集序；白氏文集；春雪；上阳白发人；孟子；古风；拟魏太子邺中集诗序；京兆府新栽莲；同白二十二赠王山人；洛阳行；和大觜乌；送韦大夫东京留守；郡内高斋闲坐答吕法曹；文选；楚辞；秋夜,孟子；楚辞,2,True,,0,False,1,20,"長安千萬人
出門各有營
唯我與夫子
信馬悠悠行
行到曲江頭
反照草樹明
南山好顔色
病客有心情
水禽翻白羽
風荷嫋翠莖
何必滄浪去
即此可濯纓
時景不重來
賞心難再并
坐愁紅塵裏
夕鼓鼕鼕聲
歸來經一宿
世慮稍復生
賴聞瑶華唱
再得塵襟清","答元八宗簡同遊曲江後明日見贈長安千萬人
出門各有營
唯我與夫子
信馬悠悠行
行到曲江頭
反照草樹明
南山好顔色
病客有心情
水禽翻白羽
風荷嫋翠莖
何必滄浪去
即此可濯纓
時景不重來
賞心難再并
坐愁紅塵裏
夕鼓鼕鼕聲
歸來經一宿
世慮稍復生
賴聞瑶華唱
再得塵襟清",133
174,poem,174,卷五,,,閑適,感時,,,174,revised_jsonl_direct,0175,805,revised_jsonl,谱；笺；楚辞；短歌行；彭城宫中直感岁暮诗；咏怀；文选；文子；善哉行；尸子；淮南子；曲江二首；王梵志诗校注；赠元稹；孟子；慎子；酒德颂；诗；左传,楚辞；彭城宫中直感岁暮诗；文子；尸子；淮南子；孟子；酒德颂；诗；左传,9,True,,0,False,1,26,"朝見日上天
暮見日入地
不覺明鏡中
忽年三十四
勿言身未老
冉冉行將至
白髮雖未生
朱顔已先悴
人生詎幾何
在世猶如寄
雖有七十期
十人無一二
今我猶未悟
往往不適意
胡爲方寸間
不貯浩然氣
貧賤非不惡
道在何足避
富貴非不愛
時來當自致
所以達人心
外物不能累
唯當飲美酒
終日陶陶醉
斯言勝金玉
佩服無失墜","感時朝見日上天
暮見日入地
不覺明鏡中
忽年三十四
勿言身未老
冉冉行將至
白髮雖未生
朱顔已先悴
人生詎幾何
在世猶如寄
雖有七十期
十人無一二
今我猶未悟
往往不適意
胡爲方寸間
不貯浩然氣
貧賤非不惡
道在何足避
富貴非不愛
時來當自致
所以達人心
外物不能累
唯當飲美酒
終日陶陶醉
斯言勝金玉
佩服無失墜",157
175,poem,175,卷五,,,閑適,首夏同諸校正遊開元觀因宿玩月,,,175,revised_jsonl_direct,0176,805,revised_jsonl,谱；笺；唐两京城坊考；旧唐书；石室山诗；游赤石进帆海；文选；归田赋；古诗十九首；晚登三山还望京邑；游云门寺；和韦承庆过义阳公主山池五首；和元舍人万顷临池玩月戏为新体；古风；常乐里闲居偶题十六韵,,0,False,,0,False,1,24,"我與二三子
策名在京師
官小無職事
閑於爲客時
沉沉道觀中
心賞期在兹
到門車馬迴
入院巾杖隨
清和四月初
樹木正華滋
風清新葉影
鳥思殘花枝
向夕天又晴
東南餘霞披
置酒西廊下
待月杯行遲
須臾金魄生
若與吾徒期
光華一照耀
樓殿相參差
終夜清景前
笑歌不知疲
長安名利地
此興幾人知","首夏同諸校正遊開元觀因宿玩月我與二三子
策名在京師
官小無職事
閑於爲客時
沉沉道觀中
心賞期在兹
到門車馬迴
入院巾杖隨
清和四月初
樹木正華滋
風清新葉影
鳥思殘花枝
向夕天又晴
東南餘霞披
置酒西廊下
待月杯行遲
須臾金魄生
若與吾徒期
光華一照耀
樓殿相參差
終夜清景前
笑歌不知疲
長安名利地
此興幾人知",157
176,poem,176,卷五,,,閑適,永崇里觀居,,,176,revised_jsonl_direct,0177,805,revised_jsonl,谱；笺；唐两京城坊考；策林序；白氏文集；淮南子；又与武陵王纪书；竹扇赋；楚辞；感时；赠蔡子笃；晋纪总论；文选；论语；庄子；朝野佥载；宋书；真隐传；游天台山赋；楞严经；翻译名义集；赠内；老子；孟子；易,淮南子；楚辞；晋纪总论；论语；庄子；宋书；老子；孟子；易,9,True,,0,False,1,24,"季夏中氣候
煩暑自此收
蕭颯風雨天
蟬聲暮啾啾
永崇里巷靜
華陽觀院幽
軒車不到處
滿地槐花秋
年光忽冉冉
世事本悠悠
何必待衰老
然後悟浮休
真隱豈長遠
至道在冥捜
身雖世界住
心與虛無遊
朝飢有蔬食
夜寒有布裘
幸免凍與餧
此外復何求
寡欲雖少病
樂天心不憂
何以明吾志
周易在床頭","永崇里觀居季夏中氣候
煩暑自此收
蕭颯風雨天
蟬聲暮啾啾
永崇里巷靜
華陽觀院幽
軒車不到處
滿地槐花秋
年光忽冉冉
世事本悠悠
何必待衰老
然後悟浮休
真隱豈長遠
至道在冥捜
身雖世界住
心與虛無遊
朝飢有蔬食
夜寒有布裘
幸免凍與餧
此外復何求
寡欲雖少病
樂天心不憂
何以明吾志
周易在床頭",148
177,poem,177,卷五,,,閑適,早送舉人入試,,,177,revised_jsonl_direct,0178,805,revised_jsonl,笺；诗；早入朝书事；和耿拾遗元日观早朝；新唐书；奉使常山早次太原呈副使吴郎中；大水；杂诗；淮南子；形影神诗序；行药至城东桥；礼记；江楼早秋；送邹明府游灵武；诣阙自理表；春日家园诗,诗；杂诗；淮南子；礼记,4,True,,0,False,1,16,"夙駕送舉人
東方猶未明
自謂出太早
已有車馬行
騎火高低影
街鼓參差聲
可憐早朝者
相看意氣生
日出塵埃飛
羣動互營營
營營各何求
無非利與名
而我常晏起
虛住長安城
春深官又滿
日有歸山情","早送舉人入試夙駕送舉人
東方猶未明
自謂出太早
已有車馬行
騎火高低影
街鼓參差聲
可憐早朝者
相看意氣生
日出塵埃飛
羣動互營營
營營各何求
無非利與名
而我常晏起
虛住長安城
春深官又滿
日有歸山情",101
178,poem,178,卷五,,,閑適,招王質夫,,,178,revised_jsonl_direct,0179,806,revised_jsonl,谱；笺；长恨歌传；唐传奇笺证；酬王十八李大见招游山；二月十九日酬王十八全素；唐人行第录；哭王质夫；送虞说擢第南归觐省；春堤曲；陶渊明传；与李十二白同寻范十隐居；题郑大有隐居；世说新语；招隐诗；月灯阁避暑,,0,False,,0,False,1,8,"濯足雲水客
折腰簪笏身
諠閑迹相背
十里别經旬
忽因乘逸興
莫惜訪囂塵
窗前故栽竹
與君爲主人","招王質夫濯足雲水客
折腰簪笏身
諠閑迹相背
十里别經旬
忽因乘逸興
莫惜訪囂塵
窗前故栽竹
與君爲主人",51
179,poem,179,卷五,,,閑適,祗役駱口因與王質夫同遊秋山偶題三韻,,,179,revised_jsonl_direct,0180,807,revised_jsonl,谱；笺；岁暮赋；邻里相送方山诗；文选；元和郡县志；长安志；赠窦蔡二记室入蜀；列叙元嘉赞扬佛教事；书；左传,岁暮赋；书；左传,3,True,,0,False,1,6,"石擁百泉合
雲破千峰開
平生烟霞侣
此地重徘徊
今日勤王意
一半爲山來","祗役駱口因與王質夫同遊秋山偶題三韻石擁百泉合
雲破千峰開
平生烟霞侣
此地重徘徊
今日勤王意
一半爲山來",52
180,poem,180,卷五,,,閑適,見蕭侍御憶舊山草堂詩因以繼和,,,180,revised_jsonl_direct,0181,,revised_jsonl,笺；祗役骆口驿喜萧侍御书至兼覩新诗吟讽通宵因寄八韵；和王十八蔷薇花时有怀萧侍御兼见赠；尔雅；送方外上人；赠丘员外二首；法言；流夜郎半道承恩放还；后汉书；旧唐书；太平寰宇记；潇湘游；抱朴子内篇；昙隆法师诔；诗；寄中书刘舍人；汉书；和思归乐,尔雅；法言；后汉书；诗；汉书,5,True,,0,False,1,24,"琢玉以爲架
綴珠以爲籠
玉架絆野鶴
珠籠鎖冥鴻
鴻思雲外天
鶴憶松上風
珠玉信爲美
鳥不戀其中
臺中蕭侍御
心與鴻鶴同
晚起慵冠豸
閑行厭避驄
昨見憶山詩
詩思浩無窮
歸夢杳何處
舊居茫水東
秋閑杉桂林
春老芝朮叢
自云别山後
離抱常忡忡
衣繡非不榮
持憲非不雄
所樂不在此
悵望草堂空","見蕭侍御憶舊山草堂詩因以繼和琢玉以爲架
綴珠以爲籠
玉架絆野鶴
珠籠鎖冥鴻
鴻思雲外天
鶴憶松上風
珠玉信爲美
鳥不戀其中
臺中蕭侍御
心與鴻鶴同
晚起慵冠豸
閑行厭避驄
昨見憶山詩
詩思浩無窮
歸夢杳何處
舊居茫水東
秋閑杉桂林
春老芝朮叢
自云别山後
離抱常忡忡
衣繡非不榮
持憲非不雄
所樂不在此
悵望草堂空",157
181,poem,181,卷五,,,閑適,病假中南亭閑望,,,181,revised_jsonl_direct,0182,807,revised_jsonl,谱；笺；赠薛戴；晚秋；怨歌行；岁初归旧山；长安志；三秦记,三秦记,1,True,,0,False,1,10,"欹枕不視事
兩日閑掩關
始知吏役身
不病不得閑
閑意不在遠
小亭方丈間
西簷竹梢上
坐見太白山
遥愧峰上雲
對此塵中顔","病假中南亭閑望欹枕不視事
兩日閑掩關
始知吏役身
不病不得閑
閑意不在遠
小亭方丈間
西簷竹梢上
坐見太白山
遥愧峰上雲
對此塵中顔",66
182,poem,182,卷五,,,閑適,仙遊寺獨宿,,,182,revised_jsonl_direct,0183,807,revised_jsonl,谱；笺；长安志；泛曲阿后湖简同游诸公；黑潭龙；桐庐山中赠李明府,,0,False,,0,False,1,8,"沙鶴上階立
潭月當户開
此中留我宿
兩夜不能迴
幸與靜境遇
喜無歸侣催
從今獨遊後
不擬共人來","仙遊寺獨宿沙鶴上階立
潭月當户開
此中留我宿
兩夜不能迴
幸與靜境遇
喜無歸侣催
從今獨遊後
不擬共人來",52
183,poem,183,卷五,,,閑適,前庭凉夜,,,183,revised_jsonl_direct,0184,807,revised_jsonl,笺；解秋十首；宿冯翊夜雨赠主人；酬张十八病中寄诗,,0,False,,0,False,1,4,"露簟色似玉
風幌影如波
坐愁樹葉落
中庭明月多","前庭凉夜露簟色似玉
風幌影如波
坐愁樹葉落
中庭明月多",27
184,poem,184,卷五,,,閑適,官舍小亭閑望,,,184,revised_jsonl_direct,0185,807,revised_jsonl,笺；墨子；赠别王侍御赴上都；过野叟居；信心铭；白云期；淮南子,墨子；淮南子,2,True,,0,False,1,16,"風竹散清韻
烟槐凝綠姿
日高人吏去
閑坐在茅茨
葛衣禦時暑
蔬飯療朝飢
持此聊自足
心力少營爲
亭上獨吟罷
眼前無事時
數峰太白雪
一卷陶潛詩
人心各自是
我是良在兹
迴謝爭名客
甘從君所嗤","官舍小亭閑望風竹散清韻
烟槐凝綠姿
日高人吏去
閑坐在茅茨
葛衣禦時暑
蔬飯療朝飢
持此聊自足
心力少營爲
亭上獨吟罷
眼前無事時
數峰太白雪
一卷陶潛詩
人心各自是
我是良在兹
迴謝爭名客
甘從君所嗤",101
185,poem,185,卷五,,,閑適,早秋獨夜,,,185,revised_jsonl_direct,0186,807,revised_jsonl,笺；赋得有所思；秋宵月下有怀,,0,False,,0,False,1,4,"井桐凉葉動
隣杵秋聲發
獨向簷下眠
覺來半床月","早秋獨夜井桐凉葉動
隣杵秋聲發
獨向簷下眠
覺來半床月",27
186,poem,186,卷五,,,閑適,聽彈古淥水,,,186,revised_jsonl_direct,0187,807,revised_jsonl,谱；笺；乐府诗集；蔡氏五弄；琴集；游春；渌水；幽居；坐愁；秋思；白纻辞；琴歌,,0,False,,0,False,1,6,"聞君古淥水
使我心和平
欲識慢流意
爲聽疏汎聲
西窗竹陰下
竟日有餘清","聽彈古淥水聞君古淥水
使我心和平
欲識慢流意
爲聽疏汎聲
西窗竹陰下
竟日有餘清",40
187,poem,187,卷五,,,閑適,松齋自題,,,187,revised_jsonl_direct,0188,808,revised_jsonl,谱；笺；礼记；六言诗；淮南子；韩诗外传；归去来兮辞；五柳先生传；陶渊明传；庄子；知北游；赠元稹；经律异相；仁王般若波罗蜜经；常乐里闲居偶题十六韵,礼记；淮南子；韩诗外传；庄子,4,True,,0,False,1,20,"非老亦非少
年過三紀餘
非賤亦非貴
朝登一命初
才小分易足
心寬體長舒
充腸皆美食
容膝即安居
况此松齋下
一琴數帙書
書不求甚解
琴聊以自娛
夜直入君門
晚歸卧吾廬
形骸委順動
方寸付空虛
持此將過日
自然多晏如
昏昏復默默
非智亦非愚","松齋自題非老亦非少
年過三紀餘
非賤亦非貴
朝登一命初
才小分易足
心寬體長舒
充腸皆美食
容膝即安居
况此松齋下
一琴數帙書
書不求甚解
琴聊以自娛
夜直入君門
晚歸卧吾廬
形骸委順動
方寸付空虛
持此將過日
自然多晏如
昏昏復默默
非智亦非愚",123
188,poem,188,卷五,,,閑適,冬夜與錢員外同直禁中,,,188,revised_jsonl_direct,0189,808,revised_jsonl,笺；白牡丹；重修承旨学士壁记；寡妇赋；汉官仪；翰林志,汉官仪,1,True,,0,False,1,8,"夜深草詔罷
霜月淒凛凛
欲卧煖殘杯
燈前相對飲
連鋪青縑被
對置通中枕
髣髴百餘宵
與君同此寢","冬夜與錢員外同直禁中夜深草詔罷
霜月淒凛凛
欲卧煖殘杯
燈前相對飲
連鋪青縑被
對置通中枕
髣髴百餘宵
與君同此寢",57
189,poem,189,卷五,,,閑適,和錢員外禁中夙興見示,,,189,revised_jsonl_direct,0190,,revised_jsonl,诗；禁中秋宿；史记；三秦记；舆地志；拟行路难；续古诗十首；紫藤；梦仙,诗；史记；三秦记,3,True,,0,False,1,12,"窗白星漢曙
窗暖燈火餘
坐卷朱裏幕
看封紫泥書
窅窅鐘漏盡
曈曈霞景初
樓臺紅照曜
松竹青扶疏
君愛此時好
迴頭時謂余
不知上清界
曉景復何如","和錢員外禁中夙興見示窗白星漢曙
窗暖燈火餘
坐卷朱裏幕
看封紫泥書
窅窅鐘漏盡
曈曈霞景初
樓臺紅照曜
松竹青扶疏
君愛此時好
迴頭時謂余
不知上清界
曉景復何如",81
190,poem,190,卷五,,,閑適,夏日獨直寄蕭侍御,,,190,revised_jsonl_direct,0191,808,revised_jsonl,笺；见萧侍御旧山草堂诗因以继和；鹰赋；乌生八九子；驰射马赋；抱任安书；宋书；淮南子；陈太丘碑文；庄子；老子；祖堂集；乐道歌；演连珠；与阮德如诗,鹰赋；宋书；淮南子；庄子；老子,5,True,,0,False,1,24,"憲臺文法地
翰林清切司
鷹猜課野鶴
驥德責山麋
課責雖不同
同歸非所宜
是以方寸内
忽忽暗相思
夏日獨上直
日長何所爲
澹然無他念
虛靜是吾師
形委有事牽
心與無事期
中臆一以曠
外累都若遺
地貴身不覺
意閑境來隨
但對松與竹
如在山中時
情性聊自適
吟詠偶成詩
此意非夫子
餘人多不知","夏日獨直寄蕭侍御憲臺文法地
翰林清切司
鷹猜課野鶴
驥德責山麋
課責雖不同
同歸非所宜
是以方寸内
忽忽暗相思
夏日獨上直
日長何所爲
澹然無他念
虛靜是吾師
形委有事牽
心與無事期
中臆一以曠
外累都若遺
地貴身不覺
意閑境來隨
但對松與竹
如在山中時
情性聊自適
吟詠偶成詩
此意非夫子
餘人多不知",151
191,poem,191,卷五,,,閑適,松聲,,,191,revised_jsonl_direct,0192,,revised_jsonl,唐两京城坊考；思妇叹；大茅岭东新居忆亡子从真；楚辞；日出东南隅行；庄子；兰亭诗；古曲；洛阳道；听邻妓诗,楚辞；庄子,2,True,,0,False,1,16,"月好好獨坐
雙松在前軒
西南微風來
潛入枝葉間
蕭寥發爲聲
半夜明月前
寒山颯颯雨
秋琴泠泠絃
一聞滌炎暑
再聽破昏煩
竟夕遂不寐
心體俱翛然
南陌車馬動
西隣歌吹繁
誰知兹簷下
滿耳不爲喧","松聲月好好獨坐
雙松在前軒
西南微風來
潛入枝葉間
蕭寥發爲聲
半夜明月前
寒山颯颯雨
秋琴泠泠絃
一聞滌炎暑
再聽破昏煩
竟夕遂不寐
心體俱翛然
南陌車馬動
西隣歌吹繁
誰知兹簷下
滿耳不爲喧",97
192,poem,192,卷五,,,閑適,禁中,,,192,revised_jsonl_direct,0193,,revised_jsonl,楞严经；三教指归,,0,False,,0,False,1,4,"門嚴九重靜
窗幽一室閑
好是修心處
何必在深山","禁中門嚴九重靜
窗幽一室閑
好是修心處
何必在深山",25
193,poem,193,卷五,,,閑適,贈吳丹,,,193,revised_jsonl_direct,0194,,revised_jsonl,故饶州刺史吴府君神道碑铭；白氏文集；登科记考；庄子；书；史记；淮南子；述身赋；老子；见萧侍御忆旧山草堂诗因以继和；汉书；洗兵马；上林赋；文选；与子俨等书；解嘲；与弟游家园；秋日荆南述怀三十韵；思慕诗；郡中春宴因赠诸客,庄子；书；史记；淮南子；老子；汉书；上林赋,7,True,,0,False,1,32,"巧者力苦勞
智者心苦憂
愛君無巧智
終歲閑悠悠
嘗登御史府
亦佐東諸侯
手操糺謬簡
心運決勝籌
宦途似風水
君心如虛舟
汎然而不有
進退得自由
今來脱豸冠
時往侍龍樓
官曹稱心靜
居處隨迹幽
冬負南榮日
支體甚温柔
夏卧北窗風
枕席如凉秋
南山入舍下
酒甕在床頭
人間有閑地
何必隱林丘
顧我愚且昧
勞生殊未休
一入金門直
星霜三四周
主恩信難報
近地徒久留
終當乞閑官
退與夫子遊","贈吳丹巧者力苦勞
智者心苦憂
愛君無巧智
終歲閑悠悠
嘗登御史府
亦佐東諸侯
手操糺謬簡
心運決勝籌
宦途似風水
君心如虛舟
汎然而不有
進退得自由
今來脱豸冠
時往侍龍樓
官曹稱心靜
居處隨迹幽
冬負南榮日
支體甚温柔
夏卧北窗風
枕席如凉秋
南山入舍下
酒甕在床頭
人間有閑地
何必隱林丘
顧我愚且昧
勞生殊未休
一入金門直
星霜三四周
主恩信難報
近地徒久留
終當乞閑官
退與夫子遊",194
194,poem,194,卷五,,,閑適,初除户曹喜而言志,,,194,revised_jsonl_direct,0195,810,revised_jsonl,谱；笺；旧唐书；奏陈情状；白氏文集；谢官状；后汉纪；登科记考；古诗为焦仲卿妻作；后汉书；蜀路石妇；夏日奉使南海在道中作；送李万州赴饶州觐省；送班孝廉擢第归东川觐省序；韵语阳秋；新唐书；翰林学士壁记注补；考异；礼记；三国志；吴书；贻崔太祝；淮南子；感时；庄子；论语,后汉书；礼记；淮南子；庄子；论语,5,True,,0,False,1,32,"詔授户曹掾
捧認感君恩
感恩非爲己
祿養及吾親
弟兄俱簪笏
新婦儼衣巾
羅列高堂下
拜慶正紛紛
俸錢四五萬
月可奉晨昏
廩祿二百石
歲可盈倉囷
喧喧車馬來
賀客滿我門
不以我爲貪
知我家内貧
置酒延賀客
客容亦歡欣
笑云今日後
不復憂空罇
答云如君言
願君少逡巡
我有平生志
醉後爲君陳
人生百歲期
七十有幾人
浮榮及虛位
皆是身之賓
唯有衣與食
此事粗關身
苟免飢寒外
餘物盡浮雲","初除户曹喜而言志詔授户曹掾
捧認感君恩
感恩非爲己
祿養及吾親
弟兄俱簪笏
新婦儼衣巾
羅列高堂下
拜慶正紛紛
俸錢四五萬
月可奉晨昏
廩祿二百石
歲可盈倉囷
喧喧車馬來
賀客滿我門
不以我爲貪
知我家内貧
置酒延賀客
客容亦歡欣
笑云今日後
不復憂空罇
答云如君言
願君少逡巡
我有平生志
醉後爲君陳
人生百歲期
七十有幾人
浮榮及虛位
皆是身之賓
唯有衣與食
此事粗關身
苟免飢寒外
餘物盡浮雲",199
195,poem,195,卷五,,,閑適,秋居書懷,,,195,revised_jsonl_direct,0196,810,revised_jsonl,笺；五言同管记陆瑜九日观马射诗；夏日独直寄萧侍御；维摩经；五灯会元；相和歌辞,,0,False,,0,False,1,20,"門前少賓客
階下多松竹
秋景下西牆
凉風入東屋
有琴慵不弄
有書閑不讀
盡日方寸中
澹然無所欲
何須廣居處
不用多積蓄
丈室可容身
斗儲可充腹
况無治道術
坐受官家祿
不種一株桑
不鋤一壟穀
終朝飽飯飡
卒歲豐衣服
持此知愧心
自然易爲足","秋居書懷門前少賓客
階下多松竹
秋景下西牆
凉風入東屋
有琴慵不弄
有書閑不讀
盡日方寸中
澹然無所欲
何須廣居處
不用多積蓄
丈室可容身
斗儲可充腹
况無治道術
坐受官家祿
不種一株桑
不鋤一壟穀
終朝飽飯飡
卒歲豐衣服
持此知愧心
自然易爲足",123
196,poem,196,卷五,,,閑適,禁中曉卧因懷王起居,,,196,revised_jsonl_direct,0197,810,revised_jsonl,笺；常乐里闲居偶题十六韵；长恨歌,,0,False,,0,False,1,8,"遲遲禁漏盡
悄悄暝鵶喧
夜雨槐花落
微凉卧北軒
曙燈殘未滅
風簾閑自翻
每一得靜境
思與故人言","禁中曉卧因懷王起居遲遲禁漏盡
悄悄暝鵶喧
夜雨槐花落
微凉卧北軒
曙燈殘未滅
風簾閑自翻
每一得靜境
思與故人言",56
197,poem,197,卷五,,,閑適,養拙,,,197,revised_jsonl_direct,0198,,revised_jsonl,重赠卢谌；庄子；论语；后汉书；淮南子；潜志赋；易；东京赋；文选；官舍小亭闲望；报桓谭；史记；登北固楼；老子；大乘起信论；魏散骑常侍步兵校尉东平相阮嗣宗碑；灵宪,庄子；论语；后汉书；淮南子；易；史记；老子,7,True,,0,False,1,16,"鐵柔不爲劍
木曲不爲轅
今我亦如此
愚蒙不及門
甘心謝名利
滅迹歸丘園
坐卧茅茨中
但對琴與罇
身去韁鎖累
耳辭朝市諠
逍遥無所爲
時窺五千言
無憂樂性場
寡欲清心源
始知不才者
可以探道根","養拙鐵柔不爲劍
木曲不爲轅
今我亦如此
愚蒙不及門
甘心謝名利
滅迹歸丘園
坐卧茅茨中
但對琴與罇
身去韁鎖累
耳辭朝市諠
逍遥無所爲
時窺五千言
無憂樂性場
寡欲清心源
始知不才者
可以探道根",97
198,poem,198,卷五,,,閑適,寄李十一,,,198,revised_jsonl_direct,0199,806,revised_jsonl,笺；唐书；有唐善人墓碑；白氏文集；唐故中大夫尚书刑部侍郎上柱国陇西县开国男赠工部尚书李公墓志铭；墓碑；墓志铭；旧书；韩非子；养生论；新书；赠逸民诗；裴司士员司户见寻；止酒；题李十一东亭；咏双燕诗二首；答端；左传；孔丛子；陶渊明传；京路夜发,左传；孔丛子,2,True,,0,False,1,34,"外事牽我形
外物誘我情
李君别來久
褊吝從中生
憶昨訪君時
立馬扣柴荆
有時君未起
稚子喜先迎
連步笑出門
衣翻冠或傾
掃階苔文綠
拂榻藤陰清
家醖及春熟
園葵乘露烹
看山東亭坐
待月南原行
門靜唯鳥語
坊遠少鼓聲
相對盡日言
不及利與名
分手來幾時
明月三四盈
别時殘花落
及此新蟬鳴
芳歲忽已晚
離抱悵未平
豈不思命駕
吏職坐相縈
前時君有期
訪我來山城
心賞久云阻
言約無自輕
相去幸非遠
走馬一日程","寄李十一外事牽我形
外物誘我情
李君别來久
褊吝從中生
憶昨訪君時
立馬扣柴荆
有時君未起
稚子喜先迎
連步笑出門
衣翻冠或傾
掃階苔文綠
拂榻藤陰清
家醖及春熟
園葵乘露烹
看山東亭坐
待月南原行
門靜唯鳥語
坊遠少鼓聲
相對盡日言
不及利與名
分手來幾時
明月三四盈
别時殘花落
及此新蟬鳴
芳歲忽已晚
離抱悵未平
豈不思命駕
吏職坐相縈
前時君有期
訪我來山城
心賞久云阻
言約無自輕
相去幸非遠
走馬一日程",207
199,poem,199,卷五,,,閑適,旅次華州贈袁右丞,,,199,revised_jsonl_direct,0200,801,revised_jsonl,笺；旧唐书；唐书；贞石证史；金石萃编；轩辕铸鼎原铭；追树十八代祖晋司空河东太守猗氏侯太原王公神道碑；史记；括地志；太平寰宇记；淮南子；论衡；三国志；孝武本纪；礼记；汉书；论语；春秋繁露；重赋,史记；淮南子；论衡；礼记；汉书；论语；春秋繁露,7,True,,0,False,1,20,"渭水綠溶溶
華山青崇崇
山水一何麗
君子在其中
才與世會合
物隨誠感通
德星降人福
時雨助歲功
化行人無訟
囹圄千日空
政順氣亦和
黍稷三年豐
客自帝城來
驅馬出關東
愛此一郡人
如見太古風
方今天子心
憂人正忡忡
安得天下守
盡得如袁公","旅次華州贈袁右丞渭水綠溶溶
華山青崇崇
山水一何麗
君子在其中
才與世會合
物隨誠感通
德星降人福
時雨助歲功
化行人無訟
囹圄千日空
政順氣亦和
黍稷三年豐
客自帝城來
驅馬出關東
愛此一郡人
如見太古風
方今天子心
憂人正忡忡
安得天下守
盡得如袁公",127
200,poem,200,卷五,,,閑適,酬楊九弘貞長安病中見寄,,,200,revised_jsonl_direct,0201,806,revised_jsonl,笺；见杨弘贞诗赋因题绝句以自谕；咏史；招王质夫；早送举人入试；昆明春水满；病假中南亭闲望；孟子；史记；庄子；天道；汉书；建除诗；三国志；思友人诗；诗；吴声歌曲；赠陆机出为吴王郎中令,孟子；史记；庄子；汉书；诗,5,True,,0,False,1,20,"伏枕君寂寂
折腰我營營
所嗟經時别
相去一宿程
攜手昨何時
昆明春水平
離郡來幾日
太白夏雲生
之子未得意
貧病客帝城
貧堅志士節
病長高人情
隱机自恬淡
閉門無送迎
龍卧心有待
鶴瘦貌彌清
清機發爲文
投我如振瓊
何以慰飢渴
捧之吟一聲","酬楊九弘貞長安病中見寄伏枕君寂寂
折腰我營營
所嗟經時别
相去一宿程
攜手昨何時
昆明春水平
離郡來幾日
太白夏雲生
之子未得意
貧病客帝城
貧堅志士節
病長高人情
隱机自恬淡
閉門無送迎
龍卧心有待
鶴瘦貌彌清
清機發爲文
投我如振瓊
何以慰飢渴
捧之吟一聲",130
201,poem,201,卷五,,,閑適,禁中寓直夢遊仙遊寺,,,201,revised_jsonl_direct,0202,,revised_jsonl,仙游寺独宿,,0,False,,0,False,1,8,"西軒草詔暇
松竹深寂寂
月出清風來
忽似山中夕
因成西南夢
夢作遊仙客
覺聞宮漏聲
猶謂山泉滴","禁中寓直夢遊仙遊寺西軒草詔暇
松竹深寂寂
月出清風來
忽似山中夕
因成西南夢
夢作遊仙客
覺聞宮漏聲
猶謂山泉滴",56
202,poem,202,卷五,,,閑適,贈王山人,,,202,revised_jsonl_direct,0203,,revised_jsonl,笺；招王质夫；坛经；大智度论；说文；咏怀；庄子；圆觉经；摩诃止观,说文；庄子,2,True,,0,False,1,16,"聞君減寢食
日聽神仙説
暗待非常人
潛求長生訣
言長本對短
未離生死轍
假使得長生
才能勝夭折
松樹千年朽
槿花一日歇
畢竟共虛空
何須誇歲月
彭殤徒自異
生死終無别
不如學無生
無生即無滅","贈王山人聞君減寢食
日聽神仙説
暗待非常人
潛求長生訣
言長本對短
未離生死轍
假使得長生
才能勝夭折
松樹千年朽
槿花一日歇
畢竟共虛空
何須誇歲月
彭殤徒自異
生死終無别
不如學無生
無生即無滅",99
203,poem,203,卷五,,,閑適,秋山,,,203,revised_jsonl_direct,0204,,revised_jsonl,首夏同诸校正游开元观因宿玩月；左传；在江陵叹年伤老诗；秋日夔府咏怀一百韵；三国志；秋夜诗二首；感时；游斜川诗；游城南；归园田居五首；病假中南亭闲望,左传,1,True,,0,False,1,14,"久病曠心賞
今朝一登山
山秋雲物冷
稱我清羸顔
白石卧可枕
青蘿行可攀
意中如有得
盡日不欲還
人生無幾何
如寄天地間
心有千載憂
身無一日閑
何時解塵網
此地來掩關","秋山久病曠心賞
今朝一登山
山秋雲物冷
稱我清羸顔
白石卧可枕
青蘿行可攀
意中如有得
盡日不欲還
人生無幾何
如寄天地間
心有千載憂
身無一日閑
何時解塵網
此地來掩關",85
204,poem,204,卷五,,,閑適,贈能七,,,204,revised_jsonl_direct,0205,,revised_jsonl,酬贾鹏山人郡内新栽松寓兴见赠二首；暮秋答朱记室诗；诗品；庄子；史记,庄子；史记,2,True,,0,False,1,16,"澗松高百尋
四時寒森森
臨風有清韻
向日無曲陰
如何時俗人
但賞桃李林
豈不知堅貞
芳馨誘其心
能生學爲文
氣高功亦深
手中一百篇
句句披沙金
苦節二十年
無人振陸沉
今我尚貧賤
徒爲爾知音","贈能七澗松高百尋
四時寒森森
臨風有清韻
向日無曲陰
如何時俗人
但賞桃李林
豈不知堅貞
芳馨誘其心
能生學爲文
氣高功亦深
手中一百篇
句句披沙金
苦節二十年
無人振陸沉
今我尚貧賤
徒爲爾知音",98
205,poem,205,卷五,,,閑適,題楊穎士西亭,,,205,revised_jsonl_direct,0206,,revised_jsonl,笺；旧唐书；唐史余沈；新书；宰相表；表；庄子；思玄赋；高斋视事诗；秋登兰山寄张五；为齐竟陵王解讲疏；游梵宇三觉寺；闲斋卧病行药至山馆稍次湖亭二首；杂体诗三十首；拾遗记,表；庄子；拾遗记,3,True,,0,False,1,10,"靜得亭上境
遠諧塵外蹤
憑軒東望好
鳥滅山重重
竹露冷煩襟
杉風清病容
曠然宜真趣
道與心相逢
即此可遺世
何必蓬壺峰","題楊穎士西亭靜得亭上境
遠諧塵外蹤
憑軒東望好
鳥滅山重重
竹露冷煩襟
杉風清病容
曠然宜真趣
道與心相逢
即此可遺世
何必蓬壺峰",65
206,poem,206,卷五,,,閑適,題贈鄭秘書徵君石溝溪隱居,,,206,revised_jsonl_direct,0207,,revised_jsonl,老子；庄子；思归赋；梦仙；左传；书；史记；蜀都赋；文选；天台山志；真诰；太玄赋；列仙传；汉旧仪；南史；西都赋；左氏传注；礼记；松斋自题；答桐花；秋兴赋序；幽愤诗；答友问；和思归乐；别赋；南越志；易；思玄赋；与山巨源绝交书；抱朴子内篇；北山移文；从驾祀麓山庙；答魑魅代书寄家人；别妻王韫秀；太平广记；裴度；剧谈录；老聃非大贤论；养拙；游天台山赋；还东田宅赠朋离诗；冬至后过吴张二子檀溪别业；菽园杂记；孟子；周诗,老子；庄子；左传；书；史记；蜀都赋；列仙传；汉旧仪；西都赋；礼记；别赋；南越志；易；孟子,14,True,,0,False,1,30,"鄭君得自然
虛白生心胸
吸彼沆瀣精
凝爲冰雪容
大君貞元初
求賢致時雍
蒲輪入翠微
迎下天台峰
赤城别松喬
黄閣交夔龍
俛仰受三命
從容辭九重
出籠鶴翩翩
歸林鳳嗈嗈
在火辨良玉
經霜識貞松
新居寄楚山
山碧溪溶溶
丹竃燒烟熅
黄精花豐茸
蕙帳夜瑟淡
桂樽春酒濃
時人不到處
苔石無塵蹤
我今何爲者
趨世身龍鍾
不向林壑訪
無由朝市逢
終當解纓網
卜築來相從","題贈鄭秘書徵君石溝溪隱居鄭君得自然
虛白生心胸
吸彼沆瀣精
凝爲冰雪容
大君貞元初
求賢致時雍
蒲輪入翠微
迎下天台峰
赤城别松喬
黄閣交夔龍
俛仰受三命
從容辭九重
出籠鶴翩翩
歸林鳳嗈嗈
在火辨良玉
經霜識貞松
新居寄楚山
山碧溪溶溶
丹竃燒烟熅
黄精花豐茸
蕙帳夜瑟淡
桂樽春酒濃
時人不到處
苔石無塵蹤
我今何爲者
趨世身龍鍾
不向林壑訪
無由朝市逢
終當解纓網
卜築來相從",191
207,poem,207,卷五,,,閑適,及第後歸覲留别諸同年,,,207,revised_jsonl_direct,0208,800,revised_jsonl,谱；笺；求自试表；送严说擢第归蜀；客堂；赋得浮云起离色送郑述诚,,0,False,,0,False,1,12,"十年常苦學
一上謬成名
擢第未爲貴
賀親方始榮
時輩六七人
送我出帝城
軒車動行色
絲管舉離聲
得意減别恨
半酣輕遠程
翩翩馬蹄疾
春日歸鄉情","及第後歸覲留别諸同年十年常苦學
一上謬成名
擢第未爲貴
賀親方始榮
時輩六七人
送我出帝城
軒車動行色
絲管舉離聲
得意減别恨
半酣輕遠程
翩翩馬蹄疾
春日歸鄉情",81
208,poem,208,卷五,,,閑適,清夜琴興,,,208,revised_jsonl_direct,0209,,revised_jsonl,楞伽经；圆觉经；清远江峡山寺；风赋；文选；洞箫赋；荀子；五弦弹；杂诗；剧秦美新；孔戡,风赋；洞箫赋；杂诗,3,True,,0,False,1,12,"月出鳥栖盡
寂然坐空林
是時心境閑
可以彈素琴
清泠由木性
恬淡隨人心
心積和平氣
木應正始音
響餘羣動息
曲罷秋夜深
正聲感元化
天地清沉沉","清夜琴興月出鳥栖盡
寂然坐空林
是時心境閑
可以彈素琴
清泠由木性
恬淡隨人心
心積和平氣
木應正始音
響餘羣動息
曲罷秋夜深
正聲感元化
天地清沉沉",75
209,poem,209,卷五,,,閑適,效陶潛體詩十六首其一,,,209,revised_jsonl_direct,0210,813,revised_jsonl,谱；笺；周书；礼记；挽歌诗；列子；南齐书；唱导文；怨诗楚调示庞主簿；相和歌辞；魏书；太平经；自京赴奉先县咏怀五百字；寒山诗注；兰亭诗序；论衡,周书；礼记；列子；魏书；论衡,5,True,,0,False,1,24,"不動者厚地
不息者高天
無窮者日月
長在者山川
松栢與龜鶴
其壽皆千年
嗟嗟羣物中
而人獨不然
早出向朝市
暮已歸下泉
形質及壽命
危脆若浮烟
堯舜與周孔
古來稱聖賢
借問今何在
一去亦不還
我無不死藥
兀兀隨化遷
所未定知者
修短遲速間
幸及身健日
當歌一罇前
何必待人勸
念此自爲歡","效陶潛體詩十六首其一不動者厚地
不息者高天
無窮者日月
長在者山川
松栢與龜鶴
其壽皆千年
嗟嗟羣物中
而人獨不然
早出向朝市
暮已歸下泉
形質及壽命
危脆若浮烟
堯舜與周孔
古來稱聖賢
借問今何在
一去亦不還
我無不死藥
兀兀隨化遷
所未定知者
修短遲速間
幸及身健日
當歌一罇前
何必待人勸
念此自爲歡",153
210,poem,210,卷五,,,閑適,效陶潛體詩十六首其二,,,210,revised_jsonl_direct,0211,,revised_jsonl,杂诗十首；文选；毛诗；论衡；诗；召南；咏贫士诗七首；饮酒二十首序；庄子,毛诗；论衡；诗；庄子,4,True,,0,False,1,16,"翳翳踰月陰
沉沉連日雨
開簾望天色
黄雲暗如土
行潦毀我墉
疾風壞我宇
蓬莠生庭院
泥塗失場圃
村深絶賓客
窗晦無儔侣
盡日不下床
跳蛙時入户
出門無所往
入室還獨處
不以酒自娛
塊然與誰語","效陶潛體詩十六首其二翳翳踰月陰
沉沉連日雨
開簾望天色
黄雲暗如土
行潦毀我墉
疾風壞我宇
蓬莠生庭院
泥塗失場圃
村深絶賓客
窗晦無儔侣
盡日不下床
跳蛙時入户
出門無所往
入室還獨處
不以酒自娛
塊然與誰語",105
211,poem,211,卷五,,,閑適,效陶潛體詩十六首其三,,,211,revised_jsonl_direct,0212,,revised_jsonl,遗冉闵书；座右铭；孔戡；酒德颂；松斋自题；七命；庄子；大人先生传,酒德颂；庄子,2,True,,0,False,1,18,"朝飲一杯酒
冥心合元化
兀然無所思
日高尚閑卧
暮讀一卷書
會意如嘉話
欣然有所遇
夜深猶獨坐
又得琴上趣
安絃有餘暇
復多詩中狂
下筆不能罷
唯兹三四事
持用度晝夜
所以陰雨中
經旬不出舍
始悟獨往人
心安時亦過","效陶潛體詩十六首其三朝飲一杯酒
冥心合元化
兀然無所思
日高尚閑卧
暮讀一卷書
會意如嘉話
欣然有所遇
夜深猶獨坐
又得琴上趣
安絃有餘暇
復多詩中狂
下筆不能罷
唯兹三四事
持用度晝夜
所以陰雨中
經旬不出舍
始悟獨往人
心安時亦過",117
212,poem,212,卷五,,,閑適,效陶潛體詩十六首其四,,,212,revised_jsonl_direct,0213,,revised_jsonl,齐民要术；归园田居；报孙会宗书；独酌谣；庄子；客傲；涅槃无名论；饮酒,庄子,1,True,,0,False,1,26,"東家采桑婦
雨來苦愁悲
蔟蠶北堂前
雨冷不成絲
西家荷鋤叟
雨來亦怨咨
種豆南山下
雨多落爲萁
而我獨何幸
醖酒本無期
及此多雨日
正遇新熟時
開瓶瀉罇中
玉液黄金脂
持玩已可悦
歡嘗有餘滋
一酌發好容
再酌開愁眉
連延四五酌
酣暢入四肢
忽然遺我物
誰復分是非
是時連夕雨
酩酊無所知
人心苦顛倒
反爲憂者嗤","效陶潛體詩十六首其四東家采桑婦
雨來苦愁悲
蔟蠶北堂前
雨冷不成絲
西家荷鋤叟
雨來亦怨咨
種豆南山下
雨多落爲萁
而我獨何幸
醖酒本無期
及此多雨日
正遇新熟時
開瓶瀉罇中
玉液黄金脂
持玩已可悦
歡嘗有餘滋
一酌發好容
再酌開愁眉
連延四五酌
酣暢入四肢
忽然遺我物
誰復分是非
是時連夕雨
酩酊無所知
人心苦顛倒
反爲憂者嗤",165
213,poem,213,卷五,,,閑適,效陶潛體詩十六首其五,,,213,revised_jsonl_direct,0214,,revised_jsonl,秋日游昆明池诗；涅槃无名论；世说新语,,0,False,,0,False,1,18,"朝亦獨醉歌
暮亦獨醉睡
未盡一壺酒
已成三獨醉
勿嫌飲太少
且喜歡易致
一杯復兩杯
多不過三四
便得心中適
盡忘身外事
更復强一杯
陶然遺萬累
一飲一石者
徒以多爲貴
及其酩酊時
與我亦無異
笑謝多飲者
酒錢徒自費","效陶潛體詩十六首其五朝亦獨醉歌
暮亦獨醉睡
未盡一壺酒
已成三獨醉
勿嫌飲太少
且喜歡易致
一杯復兩杯
多不過三四
便得心中適
盡忘身外事
更復强一杯
陶然遺萬累
一飲一石者
徒以多爲貴
及其酩酊時
與我亦無異
笑謝多飲者
酒錢徒自費",117
214,poem,214,卷五,,,閑適,效陶潛體詩十六首其六,,,214,revised_jsonl_direct,0215,,revised_jsonl,战城南；甘树赋；春江花月夜；怨歌行；效阮公诗十五首；酒德颂；文选；说文；世说新语；旧唐书；送东莱王学士无竞,酒德颂；说文,2,True,,0,False,1,26,"天秋無片雲
地靜無纖塵
團團新晴月
林外生白輪
憶昨陰霖天
連連三四旬
賴逢家醖熟
不覺過朝昏
私言雨霽後
可以罷餘罇
及對新月色
不醉亦愁人
床頭殘酒榼
欲盡味彌淳
攜置南簷下
舉酌自殷勤
清光入杯杓
白露生衣巾
乃知陰與晴
安可無此君
我有樂府詩
成來人未聞
今宵醉有興
狂詠驚四隣
獨賞猶復爾
何况有交親","效陶潛體詩十六首其六天秋無片雲
地靜無纖塵
團團新晴月
林外生白輪
憶昨陰霖天
連連三四旬
賴逢家醖熟
不覺過朝昏
私言雨霽後
可以罷餘罇
及對新月色
不醉亦愁人
床頭殘酒榼
欲盡味彌淳
攜置南簷下
舉酌自殷勤
清光入杯杓
白露生衣巾
乃知陰與晴
安可無此君
我有樂府詩
成來人未聞
今宵醉有興
狂詠驚四隣
獨賞猶復爾
何况有交親",165
215,poem,215,卷五,,,閑適,效陶潛體詩十六首其七,,,215,revised_jsonl_direct,0216,,revised_jsonl,礼记；古诗十九首；赠弟士龙；文选；笺；渭村退居寄礼部崔侍郎翰林钱舍人诗一百韵；醉时歌；答客难；史记；神仙传；蒙求；列子；英才言聚赋得升天行诗,礼记；史记；神仙传；列子,4,True,,0,False,1,22,"中秋三五夜
明月在前軒
臨觴忽不飲
憶我平生歡
我有同心人
邈邈崔與錢
我有忘形友
迢迢李與元
或飛青雲上
或落江湖間
與我不相見
于今四五年
我無縮地術
君非馭風仙
安得明月下
四人來晤言
良夜信難得
佳期杳無緣
明月又不駐
漸下西南天
豈無他時會
惜此清景前","效陶潛體詩十六首其七中秋三五夜
明月在前軒
臨觴忽不飲
憶我平生歡
我有同心人
邈邈崔與錢
我有忘形友
迢迢李與元
或飛青雲上
或落江湖間
與我不相見
于今四五年
我無縮地術
君非馭風仙
安得明月下
四人來晤言
良夜信難得
佳期杳無緣
明月又不駐
漸下西南天
豈無他時會
惜此清景前",141
216,poem,216,卷五,,,閑適,效陶潛體詩十六首其八,,,216,revised_jsonl_direct,0217,,revised_jsonl,古诗十九首,,0,False,,0,False,1,18,"家醖飲已盡
村中無酒貰
坐愁今夜醒
其奈秋懷何
有客忽叩門
言語一何佳
云是南村叟
挈榼來相過
且喜罇不燥
安問少與多
重陽雖已過
籬菊有殘花
歡來苦晝短
不覺夕陽斜
老人勿遽起
且待新月華
客去有餘趣
竟夕獨酣歌","效陶潛體詩十六首其八家醖飲已盡
村中無酒貰
坐愁今夜醒
其奈秋懷何
有客忽叩門
言語一何佳
云是南村叟
挈榼來相過
且喜罇不燥
安問少與多
重陽雖已過
籬菊有殘花
歡來苦晝短
不覺夕陽斜
老人勿遽起
且待新月華
客去有餘趣
竟夕獨酣歌",117
217,poem,217,卷五,,,閑適,效陶潛體詩十六首其九,,,217,revised_jsonl_direct,0218,,revised_jsonl,涧底松；谕友；归园田居；桃花源记；饮酒,,0,False,,0,False,1,26,"原生衣百結
顔子食一簞
歡然樂其志
有以忘飢寒
今我何人哉
德不及先賢
衣食幸相屬
胡爲不自安
况兹清渭曲
居處安且閑
榆柳百餘樹
茅茨十數間
寒負簷下日
熱濯澗底泉
日出猶未起
日入已復眠
西風滿村巷
清凉八月天
但有雞犬聲
不聞車馬喧
時傾一罇酒
坐望東南山
稚侄初學步
牽衣戲我前
即此自可樂
庶幾顔與原","效陶潛體詩十六首其九原生衣百結
顔子食一簞
歡然樂其志
有以忘飢寒
今我何人哉
德不及先賢
衣食幸相屬
胡爲不自安
况兹清渭曲
居處安且閑
榆柳百餘樹
茅茨十數間
寒負簷下日
熱濯澗底泉
日出猶未起
日入已復眠
西風滿村巷
清凉八月天
但有雞犬聲
不聞車馬喧
時傾一罇酒
坐望東南山
稚侄初學步
牽衣戲我前
即此自可樂
庶幾顔與原",165
218,poem,218,卷五,,,閑適,效陶潛體詩十六首其十,,,218,revised_jsonl_direct,0219,,revised_jsonl,大暮赋；易；七命；文选；黄石公记；宋书；南史；汉书；艺文类聚；东方朔别传；诗品；圣贤高士传；饮酒；书,易；宋书；汉书；书,4,True,,0,False,1,26,"湛湛罇中酒
有功不自伐
不伐人不知
我今代其説
良將臨大敵
前驅千萬卒
一簞投河飲
赴死心如一
壯士磨匕首
勇憤氣咆𠷺
一酣忘報讎
四體如無骨
東海殺孝婦
天旱踰年月
一酌酹其魂
通宵雨不歇
咸陽秦獄氣
冤痛結爲物
千歲不肯散
一沃亦銷失
况兹兒女恨
及彼幽憂疾
快飲無不消
如霜得春日
方知麴糵靈
萬物無與疋","效陶潛體詩十六首其十湛湛罇中酒
有功不自伐
不伐人不知
我今代其説
良將臨大敵
前驅千萬卒
一簞投河飲
赴死心如一
壯士磨匕首
勇憤氣咆𠷺
一酣忘報讎
四體如無骨
東海殺孝婦
天旱踰年月
一酌酹其魂
通宵雨不歇
咸陽秦獄氣
冤痛結爲物
千歲不肯散
一沃亦銷失
况兹兒女恨
及彼幽憂疾
快飲無不消
如霜得春日
方知麴糵靈
萬物無與疋",165
219,poem,219,卷五,,,閑適,效陶潛體詩十六首其十一,,,219,revised_jsonl_direct,0220,,revised_jsonl,淮南子；题海图屏风；游仙诗；夏侯常侍诔；赠白马王彪；赠王粲；庄子；列子；赴洛中道作二首；诗；古诗十九首；长歌行,淮南子；游仙诗；庄子；列子；诗,5,True,,0,False,1,26,"烟雲隔玄圃
風波限瀛洲
我豈不欲往
大海路阻修
神仙但聞説
靈藥不可求
長生無得者
舉世如蜉蝣
逝者不重迴
存者難久留
踟躕未死間
何苦懷百憂
念此忽内熱
坐看成白頭
舉杯還獨飲
顧影自獻酬
心與口相約
未醉勿言休
今朝不盡醉
知有明朝不
不見郭門外
纍纍墳與丘
月明愁殺人
黄蒿風颼颼
死者若有知
悔不秉燭遊","效陶潛體詩十六首其十一烟雲隔玄圃
風波限瀛洲
我豈不欲往
大海路阻修
神仙但聞説
靈藥不可求
長生無得者
舉世如蜉蝣
逝者不重迴
存者難久留
踟躕未死間
何苦懷百憂
念此忽内熱
坐看成白頭
舉杯還獨飲
顧影自獻酬
心與口相約
未醉勿言休
今朝不盡醉
知有明朝不
不見郭門外
纍纍墳與丘
月明愁殺人
黄蒿風颼颼
死者若有知
悔不秉燭遊",166
220,poem,220,卷五,,,閑適,效陶潛體詩十六首其十二,,,220,revised_jsonl_direct,0221,,revised_jsonl,陶渊明传；归去来；归去来兮辞序；庄子；五柳先生传；辛丑岁七月赴假还江陵夜行途中；饮酒；陶渊明集序；相和歌辞,庄子,1,True,,0,False,1,24,"吾聞潯陽郡
昔有陶徵君
愛酒不愛名
憂醒不憂貧
嘗爲彭澤令
在官纔八旬
愀然忽不樂
掛印著公門
口吟歸去來
頭戴漉酒巾
人吏留不得
直入故山雲
歸來五柳下
還以酒養真
人間榮與利
擺落如泥塵
先生去已久
紙墨有遺文
篇篇勸我飲
此外無所云
我從老大來
竊慕其爲人
其他不可及
且傚醉昏昏","效陶潛體詩十六首其十二吾聞潯陽郡
昔有陶徵君
愛酒不愛名
憂醒不憂貧
嘗爲彭澤令
在官纔八旬
愀然忽不樂
掛印著公門
口吟歸去來
頭戴漉酒巾
人吏留不得
直入故山雲
歸來五柳下
還以酒養真
人間榮與利
擺落如泥塵
先生去已久
紙墨有遺文
篇篇勸我飲
此外無所云
我從老大來
竊慕其爲人
其他不可及
且傚醉昏昏",154
221,poem,221,卷五,,,閑適,效陶潛體詩十六首其十三,,,221,revised_jsonl_direct,0222,,revised_jsonl,史记；晋书；饮酒；世说新语,史记；晋书,2,True,,0,False,1,16,"楚王疑忠臣
江南放屈平
晉朝輕高士
林下棄劉伶
一人常獨醉
一人常獨醒
醒者多苦志
醉者多歡情
歡情信獨善
苦志竟何成
兀傲甕間卧
憔悴澤畔行
彼憂而此樂
道理甚分明
願君且飲酒
勿思身後名","效陶潛體詩十六首其十三楚王疑忠臣
江南放屈平
晉朝輕高士
林下棄劉伶
一人常獨醉
一人常獨醒
醒者多苦志
醉者多歡情
歡情信獨善
苦志竟何成
兀傲甕間卧
憔悴澤畔行
彼憂而此樂
道理甚分明
願君且飲酒
勿思身後名",106
222,poem,222,卷五,,,閑適,效陶潛體詩十六首其十四,,,222,revised_jsonl_direct,0223,,revised_jsonl,放歌行；晋书；魏书；赠友五首；汉书；后汉书；不遇咏；咏贫士；登石门最高顶；史记；抱朴子内篇；神仙经黄白之方；咏怀,晋书；魏书；汉书；后汉书；史记,5,True,,0,False,1,24,"有一燕趙士
言貌甚奇瓌
日日酒家去
脱衣典數杯
問君何落拓
云僕生草萊
地寒命且薄
徒抱王佐才
豈無濟時策
君門乏良媒
三獻寢不報
遲遲空手迴
亦有同門生
先升青雲梯
貴賤交道絶
朱門叩不開
及歸種禾黍
三歲旱爲災
入山燒黄白
一旦化爲灰
蹉跎五十餘
生世苦不諧
處處去不得
却歸酒中來","效陶潛體詩十六首其十四有一燕趙士
言貌甚奇瓌
日日酒家去
脱衣典數杯
問君何落拓
云僕生草萊
地寒命且薄
徒抱王佐才
豈無濟時策
君門乏良媒
三獻寢不報
遲遲空手迴
亦有同門生
先升青雲梯
貴賤交道絶
朱門叩不開
及歸種禾黍
三歲旱爲災
入山燒黄白
一旦化爲灰
蹉跎五十餘
生世苦不諧
處處去不得
却歸酒中來",154
223,poem,223,卷五,,,閑適,效陶潛體詩十六首其十五,,,223,revised_jsonl_direct,0224,,revised_jsonl,汉书；后汉书；易；庄子；过秦论上；新序；三国志；魏略；史记；𫛳鸟赋；观化决疑诗,汉书；后汉书；易；庄子；新序；魏略；史记,7,True,,0,False,1,34,"南巷有貴人
高蓋駟馬車
我問何所苦
四十垂白鬚
答云君不知
位重多憂虞
北里有寒士
甕牖繩爲樞
出扶桑藜杖
入卧蝸牛廬
散賤無憂患
心安體亦舒
東隣有富翁
藏貨徧五都
東京收粟帛
西市鬻金珠
朝營暮計算
晝夜不安居
西舍有貧者
疋婦配疋夫
布裙行賃舂
短褐坐傭書
以此求口食
一飽欣有餘
貴賤與貧富
高下雖有殊
憂樂與利害
彼此不相踰
是以達人觀
萬化同一途
但未知生死
勝負兩何如
遲疑未知間
且以酒爲娛","效陶潛體詩十六首其十五南巷有貴人
高蓋駟馬車
我問何所苦
四十垂白鬚
答云君不知
位重多憂虞
北里有寒士
甕牖繩爲樞
出扶桑藜杖
入卧蝸牛廬
散賤無憂患
心安體亦舒
東隣有富翁
藏貨徧五都
東京收粟帛
西市鬻金珠
朝營暮計算
晝夜不安居
西舍有貧者
疋婦配疋夫
布裙行賃舂
短褐坐傭書
以此求口食
一飽欣有餘
貴賤與貧富
高下雖有殊
憂樂與利害
彼此不相踰
是以達人觀
萬化同一途
但未知生死
勝負兩何如
遲疑未知間
且以酒爲娛",214
224,poem,224,卷五,,,閑適,效陶潛體詩十六首其十六,,,224,revised_jsonl_direct,0225,,revised_jsonl,始出尚书省；文选；战国策；尚书注；尔雅；书；论衡；史记；墨子；左传；答宾戏；论语；涧底松；后汉书；淮南子；易；庄子,战国策；尔雅；书；论衡；史记；墨子；左传；论语；后汉书；淮南子；易；庄子,12,True,,0,False,1,26,"濟水澄而潔
河水渾而黄
交流列四瀆
清濁不相傷
太公戰牧野
伯夷餓首陽
同時號賢聖
進退不相妨
謂天不愛民
胡爲生稻粱
謂天果愛民
胡爲生豺狼
謂神福善人
孔聖竟栖遑
謂神禍淫人
暴秦終霸王
顔回與黄憲
何辜早夭亡
蝮蛇與鴆鳥
何得壽延長
物理不可測
神道亦難量
舉頭仰問天
天色但蒼蒼
唯當多種黍
日醉手中觴","效陶潛體詩十六首其十六濟水澄而潔
河水渾而黄
交流列四瀆
清濁不相傷
太公戰牧野
伯夷餓首陽
同時號賢聖
進退不相妨
謂天不愛民
胡爲生稻粱
謂天果愛民
胡爲生豺狼
謂神福善人
孔聖竟栖遑
謂神禍淫人
暴秦終霸王
顔回與黄憲
何辜早夭亡
蝮蛇與鴆鳥
何得壽延長
物理不可測
神道亦難量
舉頭仰問天
天色但蒼蒼
唯當多種黍
日醉手中觴",166
225,poem,225,卷六,,,閑適,自題寫真,,,225,revised_jsonl_direct,0226,810,revised_jsonl,谱；笺；香山居士写真诗序；题旧写真图；唐朝名画录；兴元论解姜公辅状；太平广记；虬髯客；世说新语；广绝交论；山人劝酒；卧病喜惠上人李炼师茅处士见访因以赠；汉书；老子；璇玑图诗；赠卢征君昆弟；新昌里言怀,广绝交论；汉书；老子,3,True,,0,False,1,14,"我貌不自識
李放寫我真
靜觀神與骨
合是山中人
蒲柳質易朽
麋鹿心難馴
何事赤墀上
五年爲侍臣
况多剛狷性
難與世同塵
不惟非貴相
但恐生禍因
宜當早罷去
收取雲泉身","自題寫真我貌不自識
李放寫我真
靜觀神與骨
合是山中人
蒲柳質易朽
麋鹿心難馴
何事赤墀上
五年爲侍臣
况多剛狷性
難與世同塵
不惟非貴相
但恐生禍因
宜當早罷去
收取雲泉身",87
226,poem,226,卷六,,,閑適,遣懷,,,226,revised_jsonl_direct,0227,811,revised_jsonl,笺；坛经；和郭主簿二首；效陶潜体诗十六首；左传；荀子；礼记；楚辞；九歌,左传；礼记；楚辞,3,True,,0,False,1,16,"寓心身體中
寓性方寸内
此身是外物
何足苦憂愛
况有假飾者
華簪及高蓋
此又疏於身
復在外物外
操之多惴慄
失之又悲悔
乃知名與器
得喪俱爲害
頽然環堵客
蘿蕙爲巾帶
自得此道來
身窮心甚泰","遣懷寓心身體中
寓性方寸内
此身是外物
何足苦憂愛
况有假飾者
華簪及高蓋
此又疏於身
復在外物外
操之多惴慄
失之又悲悔
乃知名與器
得喪俱爲害
頽然環堵客
蘿蕙爲巾帶
自得此道來
身窮心甚泰",97
227,poem,227,卷六,,,閑適,渭上偶釣,,,227,revised_jsonl_direct,0228,811,revised_jsonl,谱；笺；补亡诗；文选；尔雅；庄子；史记；奉和永丰殿下言志诗十首,尔雅；庄子；史记,3,True,,0,False,1,18,"渭水如鏡色
中有鯉與魴
偶持一竿竹
懸釣至其傍
微風吹釣絲
嫋嫋十尺長
誰知對魚坐
心在無何鄉
昔有白頭人
亦釣此渭陽
釣人不釣魚
七十得文王
况我垂釣意
人魚又兼亡
無機兩不得
但弄秋水光
興盡釣亦罷
歸來飲我觴","渭上偶釣渭水如鏡色
中有鯉與魴
偶持一竿竹
懸釣至其傍
微風吹釣絲
嫋嫋十尺長
誰知對魚坐
心在無何鄉
昔有白頭人
亦釣此渭陽
釣人不釣魚
七十得文王
况我垂釣意
人魚又兼亡
無機兩不得
但弄秋水光
興盡釣亦罷
歸來飲我觴",111
228,poem,228,卷六,,,閑適,隱几,,,228,revised_jsonl_direct,0229,810,revised_jsonl,谱；笺；庄子；圆觉经；孟子,庄子；孟子,2,True,,0,False,1,14,"身適忘四支
心適忘是非
既適又忘適
不知吾是誰
百體如槁木
兀然無所知
方寸如死灰
寂然無所思
今日復明日
身心忽兩遺
行年三十九
歲暮日斜時
四十心不動
吾今其庶幾","隱几身適忘四支
心適忘是非
既適又忘適
不知吾是誰
百體如槁木
兀然無所知
方寸如死灰
寂然無所思
今日復明日
身心忽兩遺
行年三十九
歲暮日斜時
四十心不動
吾今其庶幾",85
229,poem,229,卷六,,,閑適,春眠,,,229,revised_jsonl_direct,0230,811,revised_jsonl,笺；易；答向子期难养生论；荷泽神会禅师语录；金刚经；大唐曹溪第六祖大鉴禅师第二碑；左传；诗；楚辞章句；文选；思玄赋；临海异物志；通雅；夏小正；诗疏；尔雅；反骚；离骚；楚辞；方言；遯斋闲览；丹铅录；姑恶诗；古今谚；谕俗编；遯斋；曲江早春；即事寄人；古决绝辞；顾渚行寄裴方舟；浣溪沙；北还登汉阳北原题临川驿；自咏；十二时,易；左传；诗；临海异物志；夏小正；尔雅；离骚；楚辞；方言,9,True,,0,False,1,16,"新浴支體暢
獨寢神魄安
况因夜深坐
遂成日高眠
春被薄亦暖
朝窗深更閑
却忘人間事
似得枕上仙
至適無夢想
大和難名言
全勝彭澤醉
欲敵曹溪禪
何物呼我覺
伯勞聲關關
起來妻子笑
生計春落然","春眠新浴支體暢
獨寢神魄安
况因夜深坐
遂成日高眠
春被薄亦暖
朝窗深更閑
却忘人間事
似得枕上仙
至適無夢想
大和難名言
全勝彭澤醉
欲敵曹溪禪
何物呼我覺
伯勞聲關關
起來妻子笑
生計春落然",97
230,poem,230,卷六,,,閑適,閑居,,,230,revised_jsonl_direct,0231,811,revised_jsonl,笺；旧唐书；宪宗纪；新唐书；晋书；野客丛书；效陶潜体诗十六首,晋书,1,True,,0,False,1,18,"空腹一盞粥
飢食有餘味
南簷半牀日
暖卧因成睡
綿袍擁兩膝
竹几支雙臂
從旦直至昏
身心一無事
心足即爲富
身閑乃當貴
富貴在此中
何必居高位
君看裴相國
金紫光照地
辛苦頭盡白
纔年四十四
乃知高蓋車
乘者多憂畏","閑居空腹一盞粥
飢食有餘味
南簷半牀日
暖卧因成睡
綿袍擁兩膝
竹几支雙臂
從旦直至昏
身心一無事
心足即爲富
身閑乃當貴
富貴在此中
何必居高位
君看裴相國
金紫光照地
辛苦頭盡白
纔年四十四
乃知高蓋車
乘者多憂畏",109
231,poem,231,卷六,,,閑適,夏日,,,231,revised_jsonl_direct,0232,,revised_jsonl,维摩经,,0,False,,0,False,1,6,"東窗晚無熱
北户凉有風
盡日坐復卧
不離一室中
中心本無繫
亦與出門同","夏日東窗晚無熱
北户凉有風
盡日坐復卧
不離一室中
中心本無繫
亦與出門同",37
232,poem,232,卷六,,,閑適,適意二首其一,,,232,revised_jsonl_direct,0233,812,revised_jsonl,笺；上书自劾；关中诗；汉书；西征赋；坛经；庄子；与山巨源绝交书,汉书；庄子,2,True,,0,False,1,20,"十年爲旅客
常有飢寒愁
三年作諫官
復多尸素羞
有酒不暇飲
有山不得遊
豈無平生志
拘牽不自由
一朝歸渭上
泛如不繫舟
置心世事外
無喜亦無憂
終日一蔬食
終年一布裘
寒來彌懶放
數日一梳頭
朝睡足始起
夜酌醉即休
人心不過適
適外復何求","適意二首其一十年爲旅客
常有飢寒愁
三年作諫官
復多尸素羞
有酒不暇飲
有山不得遊
豈無平生志
拘牽不自由
一朝歸渭上
泛如不繫舟
置心世事外
無喜亦無憂
終日一蔬食
終年一布裘
寒來彌懶放
數日一梳頭
朝睡足始起
夜酌醉即休
人心不過適
適外復何求",125
233,poem,233,卷六,,,閑適,適意二首其二,,,233,revised_jsonl_direct,0234,,revised_jsonl,论语；孟子；诗；感时；狱中上书自明；答宾戏；闲居赋；咏史,论语；孟子；诗；闲居赋,4,True,,0,False,1,18,"早歲從旅遊
頗諳時俗意
中年忝班列
備見朝廷事
作客誠已難
爲臣尤不易
况予方且介
舉動多忤累
直道速我尤
詭遇非吾志
胸中十年内
消盡浩然氣
自從返田畝
頓覺無憂愧
蟠木用難施
浮雲心易遂
悠悠身與世
從此兩相棄","適意二首其二早歲從旅遊
頗諳時俗意
中年忝班列
備見朝廷事
作客誠已難
爲臣尤不易
况予方且介
舉動多忤累
直道速我尤
詭遇非吾志
胸中十年内
消盡浩然氣
自從返田畝
頓覺無憂愧
蟠木用難施
浮雲心易遂
悠悠身與世
從此兩相棄",113
234,poem,234,卷六,,,閑適,首夏病間,,,234,revised_jsonl_direct,0235,811,revised_jsonl,谱；笺；游赤石进帆海；游摄山栖霞寺,,0,False,,0,False,1,20,"我生來幾時
萬有四千日
自省於其間
非憂即有疾
老去慮漸息
年來病初愈
忽喜身與心
泰然兩無苦
况兹孟夏月
清和好時節
微風吹裌衣
不寒復不熱
移榻樹陰下
竟日何所爲
或飲一甌茗
或吟兩句詩
内無憂患迫
外無職役羈
此日不自適
何時是適時","首夏病間我生來幾時
萬有四千日
自省於其間
非憂即有疾
老去慮漸息
年來病初愈
忽喜身與心
泰然兩無苦
况兹孟夏月
清和好時節
微風吹裌衣
不寒復不熱
移榻樹陰下
竟日何所爲
或飲一甌茗
或吟兩句詩
内無憂患迫
外無職役羈
此日不自適
何時是適時",123
235,poem,235,卷六,,,閑適,晚春沽酒,,,235,revised_jsonl_direct,0236,812,revised_jsonl,笺；大墙上蒿行；续古诗十首；世说新语,,0,False,,0,False,1,16,"百花落如雪
兩鬢垂作絲
春去有來日
我老無少時
人生待富貴
爲樂常苦遲
不如貧賤日
隨分開愁眉
賣我所乘馬
典我舊朝衣
盡將沽酒飲
酩酊步行歸
名姓日隱晦
形骸日變衰
醉卧黄公肆
人知我是誰","晚春沽酒百花落如雪
兩鬢垂作絲
春去有來日
我老無少時
人生待富貴
爲樂常苦遲
不如貧賤日
隨分開愁眉
賣我所乘馬
典我舊朝衣
盡將沽酒飲
酩酊步行歸
名姓日隱晦
形骸日變衰
醉卧黄公肆
人知我是誰",99
236,poem,236,卷六,,,閑適,蘭若寓居,,,236,revised_jsonl_direct,0237,812,revised_jsonl,笺；一切经音义；入少密溪；赠清漳明府侄聿,,0,False,,0,False,1,12,"名宦老慵求
退身安草野
家園病懶歸
寄居在蘭若
薜衣換簪組
藜杖代車馬
行止輒自由
甚覺身蕭灑
晨遊南塢上
夜息東菴下
人間千萬事
無有關心者","蘭若寓居名宦老慵求
退身安草野
家園病懶歸
寄居在蘭若
薜衣換簪組
藜杖代車馬
行止輒自由
甚覺身蕭灑
晨遊南塢上
夜息東菴下
人間千萬事
無有關心者",75
237,poem,237,卷六,,,閑適,麴生訪宿,,,237,revised_jsonl_direct,0238,812,revised_jsonl,笺；说文；尔雅,说文；尔雅,2,True,,0,False,1,12,"西齋寂已暮
叩門聲樀樀
知是君宿來
自拂塵埃席
村家何所有
茶果迎來客
貧靜似僧居
竹林依四壁
厨燈斜影出
簷雨餘聲滴
不是愛閑人
肯來同此夕","麴生訪宿西齋寂已暮
叩門聲樀樀
知是君宿來
自拂塵埃席
村家何所有
茶果迎來客
貧靜似僧居
竹林依四壁
厨燈斜影出
簷雨餘聲滴
不是愛閑人
肯來同此夕",75
238,poem,238,卷六,,,閑適,聞庾七左降因詠所懷,,,238,revised_jsonl_direct,0239,812,revised_jsonl,笺；代书诗一百韵寄微之；答𬴊维问；庄子；圣主得贤臣颂；效陶潜体诗十六首；礼记；晋书；答贾谧诗；后汉书；文选；宗本义；史记,庄子；礼记；晋书；后汉书；史记,5,True,,0,False,1,20,"我病卧渭北
君老謫巴東
相悲一長歎
薄命與君同
既歎還自哂
哂歎兩未終
後心誚前意
所見何迷蒙
人生大塊間
如鴻毛在風
或飄青雲上
或落泥塗中
衮服相天下
儻來非我通
布衣委草莽
偶去非吾窮
外物不可必
中懷須自空
無令怏怏氣
留滯在心胸","聞庾七左降因詠所懷我病卧渭北
君老謫巴東
相悲一長歎
薄命與君同
既歎還自哂
哂歎兩未終
後心誚前意
所見何迷蒙
人生大塊間
如鴻毛在風
或飄青雲上
或落泥塗中
衮服相天下
儻來非我通
布衣委草莽
偶去非吾窮
外物不可必
中懷須自空
無令怏怏氣
留滯在心胸",128
239,poem,239,卷六,,,閑適,答卜者,,,239,revised_jsonl_direct,0240,812,revised_jsonl,笺；落日同何仪曹煦诗,,0,False,,0,False,1,8,"病眼昏似夜
衰鬢颯如秋
除却須衣食
平生百事休
知君善易者
問我决疑不
不卜非他故
人间無所求","答卜者病眼昏似夜
衰鬢颯如秋
除却須衣食
平生百事休
知君善易者
問我决疑不
不卜非他故
人间無所求",50
240,poem,240,卷六,,,閑適,歸田三首其一,,,240,revised_jsonl_direct,0241,812,revised_jsonl,谱；笺；归田；论语；太平广记；骊山姥；集仙传；乐府诗集；长安道；题海图屏风；赠吴丹；牡丹芳,论语,1,True,,0,False,1,14,"人生何所欲
所欲唯兩端
中人愛富貴
高士慕神仙
神仙須有籍
富貴亦在天
莫戀長安道
莫尋方丈山
西京塵浩浩
東海浪漫漫
金門不可入
琪樹何由攀
不如歸山下
如法種春田","歸田三首其一人生何所欲
所欲唯兩端
中人愛富貴
高士慕神仙
神仙須有籍
富貴亦在天
莫戀長安道
莫尋方丈山
西京塵浩浩
東海浪漫漫
金門不可入
琪樹何由攀
不如歸山下
如法種春田",89
241,poem,241,卷六,,,閑適,歸田三首其二,,,241,revised_jsonl_direct,0242,,revised_jsonl,汉书；礼记；尔雅；庄子；桃花源诗；劝农,汉书；礼记；尔雅；庄子,4,True,礼记,1,True,1,20,"種田計已決
決意復何如
賣馬買犢使
徒步歸田廬
迎春治耒耜
候雨闢菑畬
策杖田頭立
躬親課僕夫
吾聞老農言
爲稼慎在初
所施不鹵莽
其報必有餘
上求奉王税
下望備家儲
安得放慵墮
拱手而曳裾
學農未爲鄙
親友勿笑余
更待明年後
自擬執犁鋤","歸田三首其二種田計已決
決意復何如
賣馬買犢使
徒步歸田廬
迎春治耒耜
候雨闢菑畬
策杖田頭立
躬親課僕夫
吾聞老農言
爲稼慎在初
所施不鹵莽
其報必有餘
上求奉王税
下望備家儲
安得放慵墮
拱手而曳裾
學農未爲鄙
親友勿笑余
更待明年後
自擬執犁鋤",125
242,poem,242,卷六,,,閑適,歸田三首其三,,,242,revised_jsonl_direct,0243,,revised_jsonl,礼记；谕友；老子；庄子；松斋自题；与顾欢书难夷夏论；高密长公主挽歌；故园置酒,礼记；老子；庄子,3,True,,0,False,1,24,"三十爲近臣
腰間鳴珮玉
四十爲野夫
田中學鋤穀
何言十年内
變化如此速
此理固是常
窮通相倚伏
爲魚有深水
爲鳥有高木
何必守一方
窘然自牽束
化吾足爲馬
吾因以行陸
化吾手爲彈
吾因以求肉
形骸爲異物
委順心猶足
幸得且歸農
安知不爲福
况吾行欲老
瞥若風前燭
孰能俄頃間
將心繫榮辱","歸田三首其三三十爲近臣
腰間鳴珮玉
四十爲野夫
田中學鋤穀
何言十年内
變化如此速
此理固是常
窮通相倚伏
爲魚有深水
爲鳥有高木
何必守一方
窘然自牽束
化吾足爲馬
吾因以行陸
化吾手爲彈
吾因以求肉
形骸爲異物
委順心猶足
幸得且歸農
安知不爲福
况吾行欲老
瞥若風前燭
孰能俄頃間
將心繫榮辱",149
243,poem,243,卷六,,,閑適,秋遊原上,,,243,revised_jsonl_direct,0244,812,revised_jsonl,笺；礼记；史记；谒璇上人；送梓州李使君之任；吴都赋；文选；南方草木状；题僧院；书,礼记；史记；南方草木状；书,4,True,,0,False,1,22,"七月行已半
早凉天氣清
清晨起巾櫛
徐步出柴荆
露杖笻竹冷
風襟越蕉輕
閑攜弟侄輩
同上秋原行
新棗未全赤
晚瓜有餘馨
依依田家叟
設此相逢迎
自我到此村
住來白髮生
村中相識久
老幼皆有情
留連向暮歸
樹樹風蟬聲
是時新雨足
禾黍夾道青
見此令人飽
何必待西成","秋遊原上七月行已半
早凉天氣清
清晨起巾櫛
徐步出柴荆
露杖笻竹冷
風襟越蕉輕
閑攜弟侄輩
同上秋原行
新棗未全赤
晚瓜有餘馨
依依田家叟
設此相逢迎
自我到此村
住來白髮生
村中相識久
老幼皆有情
留連向暮歸
樹樹風蟬聲
是時新雨足
禾黍夾道青
見此令人飽
何必待西成",135
244,poem,244,卷六,,,閑適,九日登西原宴望,,,244,revised_jsonl_direct,0245,812,revised_jsonl,笺；太平御览；四民月令；隋书；九日雨中言怀；楚辞；报孙会宗书,四民月令；楚辞,2,True,,0,False,1,22,"病愛枕席凉
日高眠未輟
弟兄呼我起
今日重陽節
起登西原望
懷抱同一豁
移座就菊叢
餻酒前羅列
雖無絲與管
歌笑隨情發
白日未及傾
顔酡耳已熱
酒酣四向望
六合何空闊
天地自久長
斯人幾時活
請看原下村
村人死不歇
一村四十家
哭葬無虛月
指此各相勉
良辰且歡悦","九日登西原宴望病愛枕席凉
日高眠未輟
弟兄呼我起
今日重陽節
起登西原望
懷抱同一豁
移座就菊叢
餻酒前羅列
雖無絲與管
歌笑隨情發
白日未及傾
顔酡耳已熱
酒酣四向望
六合何空闊
天地自久長
斯人幾時活
請看原下村
村人死不歇
一村四十家
哭葬無虛月
指此各相勉
良辰且歡悦",138
245,poem,245,卷六,,,閑適,寄同病者,,,245,revised_jsonl_direct,0246,812,revised_jsonl,笺；秋兴赋序；山夜忧；闲居赋序；汲黯传；南还湘水言怀；寄王质夫；曲江感秋二首；戏题枢言草阁三十二韵；庄子；荀子；论衡,庄子；论衡,2,True,,0,False,1,20,"三十生二毛
早衰爲沉痾
四十官七品
拙宦非由他
年顔日枯槁
時命日蹉跎
豈獨我如此
聖賢無奈何
迴觀親舊中
舉目尤可嗟
或有終老者
沉賤如泥沙
或有始壯者
飄忽如風花
窮餓與夭促
不如我者多
以此反自慰
常得心平和
寄言同病者
迴歎且爲歌","寄同病者三十生二毛
早衰爲沉痾
四十官七品
拙宦非由他
年顔日枯槁
時命日蹉跎
豈獨我如此
聖賢無奈何
迴觀親舊中
舉目尤可嗟
或有終老者
沉賤如泥沙
或有始壯者
飄忽如風花
窮餓與夭促
不如我者多
以此反自慰
常得心平和
寄言同病者
迴歎且爲歌",123
246,poem,246,卷六,,,閑適,遊藍田山卜居,,,246,revised_jsonl_direct,0247,812,revised_jsonl,笺；太平寰宇记；述征记；效陶潜体诗十六首；净业赋；五灯会元；三国志；长安志；劝善吟；游悟真寺诗一百三十韵,述征记,1,True,,0,False,1,10,"脱置腰下組
擺落心中塵
行歌望山去
意似歸鄉人
朝蹋玉峰下
暮尋藍水濱
擬求幽僻地
安置疏慵身
本性便山寺
應須旁悟真","遊藍田山卜居脱置腰下組
擺落心中塵
行歌望山去
意似歸鄉人
朝蹋玉峰下
暮尋藍水濱
擬求幽僻地
安置疏慵身
本性便山寺
應須旁悟真",65
247,poem,247,卷六,,,閑適,村雪夜坐,,,247,revised_jsonl_direct,0248,812,revised_jsonl,笺,,0,False,,0,False,1,4,"南窗背燈坐
風霰暗紛紛
寂寞深村夜
殘雁雪中聞","村雪夜坐南窗背燈坐
風霰暗紛紛
寂寞深村夜
殘雁雪中聞",27
248,poem,248,卷六,,,閑適,東園玩菊,,,248,revised_jsonl_direct,0249,813,revised_jsonl,笺；西京赋,西京赋,1,True,,0,False,1,24,"少年昨已去
芳歲今又闌
如何寂寞意
復此荒凉園
園中獨立久
日淡風露寒
秋蔬盡蕪没
好樹亦凋殘
唯有數叢菊
新開籬落間
攜觴聊就酌
爲爾一留連
憶我少小日
易爲興所牽
見酒無時節
未飲已欣然
近從年長來
漸覺取樂難
常恐更衰老
强飲亦無歡
顧謂爾菊花
後時何獨鮮
誠知不爲我
借爾暫開顔","東園玩菊少年昨已去
芳歲今又闌
如何寂寞意
復此荒凉園
園中獨立久
日淡風露寒
秋蔬盡蕪没
好樹亦凋殘
唯有數叢菊
新開籬落間
攜觴聊就酌
爲爾一留連
憶我少小日
易爲興所牽
見酒無時節
未飲已欣然
近從年長來
漸覺取樂難
常恐更衰老
强飲亦無歡
顧謂爾菊花
後時何獨鮮
誠知不爲我
借爾暫開顔",147
249,poem,249,卷六,,,閑適,觀稼,,,249,revised_jsonl_direct,0250,812,revised_jsonl,笺；尔雅；野田黄雀行；怀音赋序；偶然作六首；论语；感鹤,尔雅；论语,2,True,,0,False,1,24,"世役不我牽
身心常自若
晚出看田畝
閑行旁村落
纍纍繞場稼
嘖嘖羣飛雀
年豐豈獨人
禽鳥聲亦樂
田翁逢我喜
默起具樽杓
斂手笑相延
社酒有殘酌
愧兹勤且敬
藜杖爲淹泊
言動任天真
未覺農人惡
停杯問生事
夫種妻兒穫
筋力苦疲勞
衣食長單薄
自慚祿仕者
曾不營農作
飽食無所勞
何殊衛人鶴","觀稼世役不我牽
身心常自若
晚出看田畝
閑行旁村落
纍纍繞場稼
嘖嘖羣飛雀
年豐豈獨人
禽鳥聲亦樂
田翁逢我喜
默起具樽杓
斂手笑相延
社酒有殘酌
愧兹勤且敬
藜杖爲淹泊
言動任天真
未覺農人惡
停杯問生事
夫種妻兒穫
筋力苦疲勞
衣食長單薄
自慚祿仕者
曾不營農作
飽食無所勞
何殊衛人鶴",145
250,poem,250,卷六,,,閑適,聞哭者,,,250,revised_jsonl_direct,0251,812,revised_jsonl,谱；笺；巨力长者所问大乘经；春日游慈恩寺寄畅当,,0,False,,0,False,1,16,"昨日南隣哭
哭聲一何苦
云是妻哭夫
夫年二十五
今朝北里哭
哭聲又何切
云是母哭兒
兒年十七八
四隣尚如此
天下多夭折
乃知浮世人
少得垂白髮
余今過四十
念彼聊自悦
從此明鏡中
不嫌頭似雪","聞哭者昨日南隣哭
哭聲一何苦
云是妻哭夫
夫年二十五
今朝北里哭
哭聲又何切
云是母哭兒
兒年十七八
四隣尚如此
天下多夭折
乃知浮世人
少得垂白髮
余今過四十
念彼聊自悦
從此明鏡中
不嫌頭似雪",98
251,poem,251,卷六,,,閑適,新構亭臺示諸弟侄,,,251,revised_jsonl_direct,0252,,revised_jsonl,游仙诗；饮酒；登池上楼；有会而作,游仙诗,1,True,,0,False,1,22,"平臺高數尺
臺上結茅茨
東西疏二牖
南北開兩扉
蘆簾前後卷
竹簟當中施
清冷白石枕
疏凉黄葛衣
開衿向風坐
夏日如秋時
嘯傲頗有趣
窺臨不知疲
東窗對華山
三峰碧參差
南簷當渭水
卧見雲帆飛
仰摘枝上果
俯折畦中葵
足以充飢渴
何必慕甘肥
况有好羣從
旦夕相追隨","新構亭臺示諸弟侄平臺高數尺
臺上結茅茨
東西疏二牖
南北開兩扉
蘆簾前後卷
竹簟當中施
清冷白石枕
疏凉黄葛衣
開衿向風坐
夏日如秋時
嘯傲頗有趣
窺臨不知疲
東窗對華山
三峰碧參差
南簷當渭水
卧見雲帆飛
仰摘枝上果
俯折畦中葵
足以充飢渴
何必慕甘肥
况有好羣從
旦夕相追隨",139
252,poem,252,卷六,,,閑適,自吟拙什因有所懷,,,252,revised_jsonl_direct,0253,812,revised_jsonl,谱；笺；诗品序；太平广记；杨铮；王氏见闻；文赋；吴郡诗石记；白氏文集；寒山诗注；登乐游园望,文赋,1,True,,0,False,1,18,"懶病每多暇
暇來何所爲
未能抛筆硯
時作一篇詩
詩成淡無味
多被衆人嗤
上怪落聲韻
下嫌拙言詞
時時自吟詠
吟罷有所思
蘇州及彭澤
與我不同時
此外復誰愛
唯有元微之
趁向江陵府
三年作判司
相去二千里
詩成遠不知","自吟拙什因有所懷懶病每多暇
暇來何所爲
未能抛筆硯
時作一篇詩
詩成淡無味
多被衆人嗤
上怪落聲韻
下嫌拙言詞
時時自吟詠
吟罷有所思
蘇州及彭澤
與我不同時
此外復誰愛
唯有元微之
趁向江陵府
三年作判司
相去二千里
詩成遠不知",115
253,poem,253,卷六,,,閑適,東陂秋意寄元八,,,253,revised_jsonl_direct,0254,,revised_jsonl,太平寰宇纪；村中留李三顾言宿；笺；答元八宗简同游曲江后明日见赠；和新浦侯斋前竹；和乐天秋题曲江；早秋曲江感怀；徐步；拟明月何皎皎,,0,False,,0,False,1,16,"寥落野陂畔
獨行思有餘
秋荷病葉上
白露大如珠
忽憶同賞地
曲江東北隅
秋池少遊客
唯我與君俱
啼蛩隱紅蓼
瘦馬蹋青蕪
當時與今日
俱是暮秋初
節物苦相似
時景亦無殊
唯有人分散
經年不得書","東陂秋意寄元八寥落野陂畔
獨行思有餘
秋荷病葉上
白露大如珠
忽憶同賞地
曲江東北隅
秋池少遊客
唯我與君俱
啼蛩隱紅蓼
瘦馬蹋青蕪
當時與今日
俱是暮秋初
節物苦相似
時景亦無殊
唯有人分散
經年不得書",102
254,poem,254,卷六,,,閑適,閑居,,,254,revised_jsonl_direct,0255,,revised_jsonl,乙巳岁三月为建威参军使都经钱溪,,0,False,,0,False,1,8,"深閉竹間扉
靜掃松下地
獨嘯晚風前
何人知此意
看山盡日坐
枕帙移時睡
誰能從我遊
使君心無事","閑居深閉竹間扉
靜掃松下地
獨嘯晚風前
何人知此意
看山盡日坐
枕帙移時睡
誰能從我遊
使君心無事",49
255,poem,255,卷六,,,閑適,詠拙,,,255,revised_jsonl_direct,0256,,revised_jsonl,庄子；吕氏春秋；论衡；幸偶；京兆府新栽莲；古诗十九首；文选；韩诗外传；射雉赋；赠友五首；和谢监灵运；非有先生论；左传；诗,庄子；吕氏春秋；论衡；韩诗外传；左传；诗,6,True,,0,False,1,32,"所稟有巧拙
不可改者性
所賦有厚薄
不可移者命
我性拙且惷
我命薄且屯
問我何以知
所知良有因
亦曾舉兩足
學人踏紅塵
從兹知性拙
不解轉如輪
亦曾奮六翮
高飛到青雲
從兹知命薄
摧落不逡巡
慕貴而厭賤
樂富而惡貧
同出天地間
我豈異於人
性命苟如此
反則成苦辛
以此自安分
雖窮每欣欣
葺茅爲我廬
編蓬爲我門
縫布作袍被
種穀充盤飱
靜讀古人書
閑釣清渭濱
優哉復游哉
聊以終吾身","詠拙所稟有巧拙
不可改者性
所賦有厚薄
不可移者命
我性拙且惷
我命薄且屯
問我何以知
所知良有因
亦曾舉兩足
學人踏紅塵
從兹知性拙
不解轉如輪
亦曾奮六翮
高飛到青雲
從兹知命薄
摧落不逡巡
慕貴而厭賤
樂富而惡貧
同出天地間
我豈異於人
性命苟如此
反則成苦辛
以此自安分
雖窮每欣欣
葺茅爲我廬
編蓬爲我門
縫布作袍被
種穀充盤飱
靜讀古人書
閑釣清渭濱
優哉復游哉
聊以終吾身",193
256,poem,256,卷六,,,閑適,詠慵,,,256,revised_jsonl_direct,0257,814,revised_jsonl,谱；笺；世说新语；广陵散；简傲；文士传,,0,False,,0,False,1,16,"有官慵不選
有田慵不農
屋穿慵不葺
衣裂慵不縫
有酒慵不酌
無異樽長空
有琴慵不彈
亦與無絃同
家人告飯盡
欲炊慵不舂
親朋寄書至
欲讀慵開封
常聞嵇叔夜
一生在慵中
彈琴復鍛鐵
比我未爲慵","詠慵有官慵不選
有田慵不農
屋穿慵不葺
衣裂慵不縫
有酒慵不酌
無異樽長空
有琴慵不彈
亦與無絃同
家人告飯盡
欲炊慵不舂
親朋寄書至
欲讀慵開封
常聞嵇叔夜
一生在慵中
彈琴復鍛鐵
比我未爲慵",97
257,poem,257,卷六,,,閑適,冬夜,,,257,revised_jsonl_direct,0258,814,revised_jsonl,笺；谱；赠白马王彪；楚辞；秋怀诗十一首；庄子；大乘无生方便门；感时；咏大德诗,楚辞；庄子,2,True,,0,False,1,16,"家貧親愛散
身病交遊罷
眼前無一人
獨掩村齋卧
冷落燈火暗
離披簾幕破
策策窗户前
又聞新雪下
長年漸省睡
夜半起端坐
不學坐忘心
寂寞安可過
兀然身寄世
浩然心委化
如此來四年
一千三百夜","冬夜家貧親愛散
身病交遊罷
眼前無一人
獨掩村齋卧
冷落燈火暗
離披簾幕破
策策窗户前
又聞新雪下
長年漸省睡
夜半起端坐
不學坐忘心
寂寞安可過
兀然身寄世
浩然心委化
如此來四年
一千三百夜",97
258,poem,258,卷六,,,閑適,村中留李三顧言宿,,,258,revised_jsonl_direct,0259,814,revised_jsonl,笺；读全唐诗札记；村中留李三固言宿；元氏集；遣病；旧唐书；白氏文集の批判的研究；唐两京城坊考；赠别王侍御赴任陕州司马；太平寰宇纪；地舆志；三辅决录,,0,False,,0,False,1,18,"平生早遊宦
不道無親故
如我與君心
相知應有數
春明門前别
金氏陂中遇
村酒兩三杯
相留寒日暮
勿嫌村酒薄
聊酌論心素
請君少踟躕
繫馬門前樹
明年身若健
便擬江湖去
他日縱相思
知君無覓處
後會既茫茫
今宵君且住","村中留李三顧言宿平生早遊宦
不道無親故
如我與君心
相知應有數
春明門前别
金氏陂中遇
村酒兩三杯
相留寒日暮
勿嫌村酒薄
聊酌論心素
請君少踟躕
繫馬門前樹
明年身若健
便擬江湖去
他日縱相思
知君無覓處
後會既茫茫
今宵君且住",115
259,poem,259,卷六,,,閑適,友人夜訪,,,259,revised_jsonl_direct,0260,814,revised_jsonl,笺,,0,False,,0,False,1,4,"簷間清風簟
松下明月杯
幽意正如此
况乃故人來","友人夜訪簷間清風簟
松下明月杯
幽意正如此
况乃故人來",27
260,poem,260,卷六,,,閑適,遊悟真寺詩一百三十韻,,,260,revised_jsonl_direct,0261,814,revised_jsonl,谱；笺；游蓝田山下卜居；续高僧传；宣室志；悟真寺僧；释法诚传；尔雅；初学记；风土记；清异录；杂体诗三十首；文选；文字集略；高唐赋；诸人共游周家墓柏下；拟行路难；禅苑清规；庭雨应诏诗；法华经；冥报记；唐西京千福寺多宝佛塔感应碑；唐故宝应寺上座内道场临坛大律师多宝塔铭；魏都赋；广雅；说文；江畔独步寻花七绝句；敦煌变文集；敦煌变文字义通释；佛本行集经；大唐西域记；魏书；大般涅槃经；四分律；佛名经；百佛名经；法苑珠林；一切经音义；方言；夏日谒智远禅师；楞严经；下僧正教；梁同泰寺刹下铭；神女赋；题鹤林寺；大智度论；翻译名义集；杂阿含经；释氏要览；佛地论；首夏同诸校正游开元观因宿玩月；吴都赋；笙赋；字林；井底引银瓶；周礼；山川颂；怀素上人草书歌；宫词；太平广记；非烟传；说苑；述归赋；庄子；封西岳赋；韵会；正字通；清商曲辞；游天台山赋；毛诗；石门新营所住四面高山回溪石濑修竹茂林诗；七发；答萧新浦诗；诗；答车茂安书；礼记；左传；赠徐干；韩非子；广韵；东林寺白莲；赠王山人；大乘无生方便门；长安志；图经；甘泉赋；见萧侍御忆旧山草堂诗因以继和；陀罗尼集经；略出念诵经；海龙王经；龙王兄弟经；独异志；仁王经；法华；释法诚；高僧传；妙法莲华经；鸠摩罗什传；五灯会元；俱舍论；唐朝名画录；两京耆旧传；法书要录；唐国史补；后汉书；三国志；张正矩；续定命录；自题写真；秋兴赋序；归园田居；法华玄赞；十诵律；唐会要；南华真经；史记；大人赋；登江中孤屿；瓯北诗话；北征；南山；游王顺山悟真寺；悟真寺；长恨；琵琶；石洲诗话；杜公墓系；论诗绝句；杜诗学；和梦游春；游悟真寺；二十四品；长庆集,尔雅；风土记；魏都赋；广雅；说文；魏书；方言；笙赋；字林；周礼；说苑；庄子；毛诗；诗；礼记；左传；后汉书；史记；大人赋,19,True,,0,False,1,260,"元和九年秋
八月月上弦
我遊悟真寺
寺在王順山
去山四五里
先聞水潺湲
自兹捨車馬
始涉藍溪灣
手拄青竹杖
足蹋白石灘
漸怪耳目曠
不聞人世諠
山下望山上
初疑不可攀
誰知中有路
盤折通巖巔
一息幡竿下
再休石龕邊
龕間長丈餘
門户無扃關
俯窺不見人
石髮垂若鬟
驚出白蝙蝠
雙飛如雪翻
迴首寺門望
青崖夾朱軒
如擘山腹開
置寺於其間
入門無平地
地窄虛空寬
房廊與臺殿
高下隨峰巒
巖崿無撮土
樹木多瘦堅
根株抱石長
屈曲蟲蛇蟠
松桂亂無行
四時鬱芊芊
枝梢嫋清吹
韻若風中絃
日月光不透
綠陰相交延
幽鳥時一聲
聞之似寒蟬
首憩賓位亭
就坐未及安
須臾開北户
萬里明豁然
拂簷虹霏微
遶棟雲迴旋
赤日間白雨
陰晴同一川
野綠蔟草樹
眼界吞秦原
渭水細不見
漢陵小於拳
却顧來時路
縈紆映朱欄
歷歷上山人
一一遥可觀
前對多寶塔
風鐸鳴四端
欒櫨與户牖
祫恰金碧繁
云昔迦葉佛
此地坐涅槃
至今鐵鉢在
當底手迹穿
西開玉像殿
百佛森比肩
抖擻塵埃衣
禮拜冰雪顔
疊霜爲袈裟
貫雹爲華鬘
逼觀疑鬼功
其迹非雕鐫
次登觀音堂
未到聞栴檀
上階脱雙履
斂足升淨筵
六楹排玉鏡
四座敷金鈿
黑夜自光明
不待燈燭燃
衆寶互低昂
碧珮珊瑚幡
風來似天樂
相觸聲珊珊
白珠垂露凝
赤珠滴血殷
點綴佛髻上
合爲七寶冠
雙瓶白琉璃
色若秋水寒
隔瓶見舍利
圓轉如金丹
玉笛何代物
天人施祇園
吹如秋鶴聲
可以降靈仙
是時秋方中
三五月正圓
寶堂豁三門
金魄當其前
月與寶相射
晶光爭鮮妍
照人心骨冷
竟夕不欲眠
曉尋南塔路
亂竹低嬋娟
林幽不逢人
寒蝶飛翾翾
山果不識名
離離夾道蕃
足以療飢乏
摘嘗味甘酸
道南藍谷神
紫傘白紙錢
若歲有水旱
詔使羞蘋蘩
以地清淨故
獻奠無葷膻
危石疊四五
𡾋嵬欹且刓
造物者何意
堆在巖東偏
冷滑無人迹
苔點如花牋
我來登上頭
下臨不測淵
目眩手足掉
不敢低頭看
風從石下生
薄人而上摶
衣服似羽翮
開張欲飛騫
𡾼𡾼三面峰
峰尖刀劍攢
往往白雲過
決開露青天
西北日落時
夕暉紅團團
千里翠屏外
走下丹砂丸
東南月上時
夜氣青漫漫
百丈碧潭底
寫出黄金盤
藍水色似藍
日夜長潺潺
周迴繞山轉
下視如青環
或鋪爲慢流
或激爲奔湍
泓澄最深處
浮出蛟龍涎
側身入其中
懸磴尤險難
捫蘿踏樛木
下逐飲澗猨
雪迸起白鷺
錦跳驚紅鱣
歇定方盥漱
濯去支體煩
淺深皆洞澈
可照腦與肝
但愛清見底
欲尋不知源
東崖饒怪石
積甃蒼琅玕
温潤發於外
其間韞璵璠
卞和死已久
良玉多棄捐
或時洩光彩
夜與星月連
中頂最高峰
拄天青玉竿
𪕥𪕌上不得
豈我能攀援
上有白蓮池
素葩覆青瀾
聞名不可到
處所非人寰
又有一片石
大如方尺甎
插在半壁上
其下萬仞懸
云有過去師
坐得無生禪
號爲定心石
長老世相傳
却上謁仙祠
蔓草生綿綿
昔聞王氏子
羽化升上玄
其西曬藥臺
猶對芝朮田
時復明月夜
上聞黄鶴言
迴尋畫龍堂
二叟鬢髮斑
想見聽法時
歡喜禮印壇
復歸泉窟下
化作龍蜿蜒
階前石孔在
欲雨生白烟
往有寫經僧
身靜心精專
感彼雲外鴿
羣飛下翩翩
來添硯中水
去吸巖底泉
一日三往復
時節長不愆
經成號聖僧
弟子名楊難
誦此蓮花偈
數滿百億千
身壞口不壞
舌根如紅蓮
顱骨今不見
石函尚存焉
粉壁有吳畫
筆彩依舊鮮
素屏有褚書
墨色如新乾
靈境與異迹
周覽無不殫
一遊五晝夜
欲返仍盤桓
我本山中人
誤爲時網牽
牽率使讀書
推挽令效官
既登文字科
又忝諫諍員
拙直不合時
無益同素餐
以此自慚惕
戚戚常寡歡
無成心力盡
未老形骸殘
今來脱簪組
始覺離憂患
及爲山水遊
彌得縱疏頑
野麋斷羈絆
行走無拘攣
池魚放入海
一往何時還
身著居士衣
手把南華篇
終來此山住
永謝區中緣
我今四十餘
從此終身閑
若以七十期
猶得三十年","遊悟真寺詩一百三十韻元和九年秋
八月月上弦
我遊悟真寺
寺在王順山
去山四五里
先聞水潺湲
自兹捨車馬
始涉藍溪灣
手拄青竹杖
足蹋白石灘
漸怪耳目曠
不聞人世諠
山下望山上
初疑不可攀
誰知中有路
盤折通巖巔
一息幡竿下
再休石龕邊
龕間長丈餘
門户無扃關
俯窺不見人
石髮垂若鬟
驚出白蝙蝠
雙飛如雪翻
迴首寺門望
青崖夾朱軒
如擘山腹開
置寺於其間
入門無平地
地窄虛空寬
房廊與臺殿
高下隨峰巒
巖崿無撮土
樹木多瘦堅
根株抱石長
屈曲蟲蛇蟠
松桂亂無行
四時鬱芊芊
枝梢嫋清吹
韻若風中絃
日月光不透
綠陰相交延
幽鳥時一聲
聞之似寒蟬
首憩賓位亭
就坐未及安
須臾開北户
萬里明豁然
拂簷虹霏微
遶棟雲迴旋
赤日間白雨
陰晴同一川
野綠蔟草樹
眼界吞秦原
渭水細不見
漢陵小於拳
却顧來時路
縈紆映朱欄
歷歷上山人
一一遥可觀
前對多寶塔
風鐸鳴四端
欒櫨與户牖
祫恰金碧繁
云昔迦葉佛
此地坐涅槃
至今鐵鉢在
當底手迹穿
西開玉像殿
百佛森比肩
抖擻塵埃衣
禮拜冰雪顔
疊霜爲袈裟
貫雹爲華鬘
逼觀疑鬼功
其迹非雕鐫
次登觀音堂
未到聞栴檀
上階脱雙履
斂足升淨筵
六楹排玉鏡
四座敷金鈿
黑夜自光明
不待燈燭燃
衆寶互低昂
碧珮珊瑚幡
風來似天樂
相觸聲珊珊
白珠垂露凝
赤珠滴血殷
點綴佛髻上
合爲七寶冠
雙瓶白琉璃
色若秋水寒
隔瓶見舍利
圓轉如金丹
玉笛何代物
天人施祇園
吹如秋鶴聲
可以降靈仙
是時秋方中
三五月正圓
寶堂豁三門
金魄當其前
月與寶相射
晶光爭鮮妍
照人心骨冷
竟夕不欲眠
曉尋南塔路
亂竹低嬋娟
林幽不逢人
寒蝶飛翾翾
山果不識名
離離夾道蕃
足以療飢乏
摘嘗味甘酸
道南藍谷神
紫傘白紙錢
若歲有水旱
詔使羞蘋蘩
以地清淨故
獻奠無葷膻
危石疊四五
𡾋嵬欹且刓
造物者何意
堆在巖東偏
冷滑無人迹
苔點如花牋
我來登上頭
下臨不測淵
目眩手足掉
不敢低頭看
風從石下生
薄人而上摶
衣服似羽翮
開張欲飛騫
𡾼𡾼三面峰
峰尖刀劍攢
往往白雲過
決開露青天
西北日落時
夕暉紅團團
千里翠屏外
走下丹砂丸
東南月上時
夜氣青漫漫
百丈碧潭底
寫出黄金盤
藍水色似藍
日夜長潺潺
周迴繞山轉
下視如青環
或鋪爲慢流
或激爲奔湍
泓澄最深處
浮出蛟龍涎
側身入其中
懸磴尤險難
捫蘿踏樛木
下逐飲澗猨
雪迸起白鷺
錦跳驚紅鱣
歇定方盥漱
濯去支體煩
淺深皆洞澈
可照腦與肝
但愛清見底
欲尋不知源
東崖饒怪石
積甃蒼琅玕
温潤發於外
其間韞璵璠
卞和死已久
良玉多棄捐
或時洩光彩
夜與星月連
中頂最高峰
拄天青玉竿
𪕥𪕌上不得
豈我能攀援
上有白蓮池
素葩覆青瀾
聞名不可到
處所非人寰
又有一片石
大如方尺甎
插在半壁上
其下萬仞懸
云有過去師
坐得無生禪
號爲定心石
長老世相傳
却上謁仙祠
蔓草生綿綿
昔聞王氏子
羽化升上玄
其西曬藥臺
猶對芝朮田
時復明月夜
上聞黄鶴言
迴尋畫龍堂
二叟鬢髮斑
想見聽法時
歡喜禮印壇
復歸泉窟下
化作龍蜿蜒
階前石孔在
欲雨生白烟
往有寫經僧
身靜心精專
感彼雲外鴿
羣飛下翩翩
來添硯中水
去吸巖底泉
一日三往復
時節長不愆
經成號聖僧
弟子名楊難
誦此蓮花偈
數滿百億千
身壞口不壞
舌根如紅蓮
顱骨今不見
石函尚存焉
粉壁有吳畫
筆彩依舊鮮
素屏有褚書
墨色如新乾
靈境與異迹
周覽無不殫
一遊五晝夜
欲返仍盤桓
我本山中人
誤爲時網牽
牽率使讀書
推挽令效官
既登文字科
又忝諫諍員
拙直不合時
無益同素餐
以此自慚惕
戚戚常寡歡
無成心力盡
未老形骸殘
今來脱簪組
始覺離憂患
及爲山水遊
彌得縱疏頑
野麋斷羈絆
行走無拘攣
池魚放入海
一往何時還
身著居士衣
手把南華篇
終來此山住
永謝區中緣
我今四十餘
從此終身閑
若以七十期
猶得三十年",1569
261,poem,261,卷六,,,閑適,酬張十八訪宿見贈,,,261,revised_jsonl_direct,0262,814,revised_jsonl,谱；笺；读张籍古乐府；虾蟆；酬友封话旧叙怀十二韵；早春闲游；酬思黯代书见戏；论语；过始宁墅；汉书；晋书；韩子年谱；瓯北诗话；昌黎集；同张籍游曲江寄白舍人；香山集；和韩侍郎苦雨；同韩侍郎游郑家池小饮；久不见韩侍郎；和韩侍郎题杨舍人林亭；和韩侍郎张博士游曲江见寄；老戒；春眠；唐两京城坊考；移居靖安坊答元八郎中；据白氏长庆集考唐代长安曲江池；隋唐两京丛考；曲江池与升道坊；春雪,论语；汉书；晋书,3,True,,0,False,1,32,"昔我爲近臣
君常稀到門
今我官職冷
唯君來往頻
我受狷介性
立爲頑拙身
平生雖寡合
合即無緇磷
况君秉高義
富貴視如雲
五侯三相家
眼冷不見君
問其所與游
獨言韓舍人
其次即及我
我愧非其倫
胡爲謬相愛
歲晚逾勤勤
落然頽簷下
一話夜達晨
牀單食味薄
亦不嫌我貧
日高上馬去
相顧猶逡巡
長安久無雨
日赤風昏昏
憐君將病眼
爲我犯埃塵
遠從延康里
來訪曲江濱
所重君子道
不獨愧相親","酬張十八訪宿見贈昔我爲近臣
君常稀到門
今我官職冷
唯君來往頻
我受狷介性
立爲頑拙身
平生雖寡合
合即無緇磷
况君秉高義
富貴視如雲
五侯三相家
眼冷不見君
問其所與游
獨言韓舍人
其次即及我
我愧非其倫
胡爲謬相愛
歲晚逾勤勤
落然頽簷下
一話夜達晨
牀單食味薄
亦不嫌我貧
日高上馬去
相顧猶逡巡
長安久無雨
日赤風昏昏
憐君將病眼
爲我犯埃塵
遠從延康里
來訪曲江濱
所重君子道
不獨愧相親",199
262,poem,262,卷六,,,閑適,朝歸書事寄元八,,,262,revised_jsonl_direct,0263,815,revised_jsonl,笺；答元八宗简同游曲江后明日见赠；唐会要；唐两京城坊考；白氏长庆集；昭国坊闲居；与杨虞卿书；游赤石进帆海；文选；归田赋；白氏文集；旧唐书；杂体诗三十首；大乘起信论；诣阙自理表,,0,False,,0,False,1,32,"進入閣前拜
退就廊下餐
歸來昭國里
人卧馬歇鞍
却睡至日午
起坐心浩然
况當好時節
雨後清和天
柿樹綠陰合
王家庭院寬
瓶中鄠縣酒
牆上終南山
獨眠仍獨坐
開衿當風前
禪僧與詩客
次第來相看
要語連夜語
須眠終日眠
除非奉朝謁
此外無别牽
年長身且健
官貧心甚安
幸無急病痛
不至苦飢寒
以此聊自適
外緣不能干
唯應靜者信
難爲動者言
臺中元侍御
早晚作郎官
未作郎官際
無人相伴閑","朝歸書事寄元八進入閣前拜
退就廊下餐
歸來昭國里
人卧馬歇鞍
却睡至日午
起坐心浩然
况當好時節
雨後清和天
柿樹綠陰合
王家庭院寬
瓶中鄠縣酒
牆上終南山
獨眠仍獨坐
開衿當風前
禪僧與詩客
次第來相看
要語連夜語
須眠終日眠
除非奉朝謁
此外無别牽
年長身且健
官貧心甚安
幸無急病痛
不至苦飢寒
以此聊自適
外緣不能干
唯應靜者信
難爲動者言
臺中元侍御
早晚作郎官
未作郎官際
無人相伴閑",198
263,poem,263,卷六,,,閑適,酬吳七見寄,,,263,revised_jsonl_direct,0264,815,revised_jsonl,笺；赠吴丹；松声；楚辞；魏书；饮酒；唐两京城坊考；神仙传；赠饶州张司户燧；梦仙；淮南子；游仙诗,楚辞；魏书；神仙传；淮南子；游仙诗,5,True,,0,False,1,32,"曲江有病客
尋常多掩關
又從馬死來
不出身更閑
聞有送書者
自起出門看
素緘署丹字
中有瓊瑶篇
口吟耳自聽
當暑忽翛然
似漱寒玉水
如聞商風絃
首章歎時節
末句思笑言
懶慢不相訪
隔街如隔山
常聞陶潛語
心遠地自偏
君住安邑里
左右車徒喧
竹藥閉深院
琴罇開小軒
誰知市南地
轉作壺中天
君本上清人
名在石室間
不知有何過
謫作人間仙
常恐歲月滿
飄然歸紫烟
莫忘蜉蝣内
進士有同年","酬吳七見寄曲江有病客
尋常多掩關
又從馬死來
不出身更閑
聞有送書者
自起出門看
素緘署丹字
中有瓊瑶篇
口吟耳自聽
當暑忽翛然
似漱寒玉水
如聞商風絃
首章歎時節
末句思笑言
懶慢不相訪
隔街如隔山
常聞陶潛語
心遠地自偏
君住安邑里
左右車徒喧
竹藥閉深院
琴罇開小軒
誰知市南地
轉作壺中天
君本上清人
名在石室間
不知有何過
謫作人間仙
常恐歲月滿
飄然歸紫烟
莫忘蜉蝣内
進士有同年",196
264,poem,264,卷六,,,閑適,昭國閑居,,,264,revised_jsonl_direct,0265,815,revised_jsonl,笺；谱；思归赋序；说苑；抱朴子外篇；答何劭二首；吊庄周图文,说苑,1,True,,0,False,1,16,"貧閑日高起
門巷晝寂寂
時暑放朝參
天陰少人客
槐花滿田地
僅絶人行迹
獨在一牀眠
清凉風雨夕
勿嫌坊曲遠
近即多牽役
勿嫌祿俸薄
厚即多憂責
平生尚恬曠
老大宜安適
何以養吾真
官閑居處僻","昭國閑居貧閑日高起
門巷晝寂寂
時暑放朝參
天陰少人客
槐花滿田地
僅絶人行迹
獨在一牀眠
清凉風雨夕
勿嫌坊曲遠
近即多牽役
勿嫌祿俸薄
厚即多憂責
平生尚恬曠
老大宜安適
何以養吾真
官閑居處僻",99
265,poem,265,卷六,,,閑適,喜陳兄至,,,265,revised_jsonl_direct,0266,815,revised_jsonl,笺；过始宁墅；出三藏记集序,,0,False,,0,False,1,12,"黄鳥啼欲歇
青梅結半成
坐憐春物盡
起入東園行
攜觴懶獨酌
忽聞叩門聲
閑人猶喜至
何况是陳兄
從容盡日語
稠疊長年情
勿輕一盞酒
可以話平生","喜陳兄至黄鳥啼欲歇
青梅結半成
坐憐春物盡
起入東園行
攜觴懶獨酌
忽聞叩門聲
閑人猶喜至
何况是陳兄
從容盡日語
稠疊長年情
勿輕一盞酒
可以話平生",75
266,poem,266,卷六,,,閑適,贈杓直,,,266,revised_jsonl_direct,0267,819,revised_jsonl,谱；笺；和答诗；论语；老子；世要论；闲居赋；九九消夏录；长庆集；赠李杓直；庄子；大乘本生心地观经；坛经；观无量寿经；春眠；白氏文集；传法堂碑；楞严经；游悟真寺诗一百三十韵；鹪鹩赋；释驳论；史记；效陶潜体诗十六首；书,论语；老子；闲居赋；庄子；史记；书,6,True,,0,False,1,36,"世路重祿位
恓恓者孔宣
人情愛年壽
夭死者顔淵
二人如何人
不奈命與天
我今信多幸
撫己愧前賢
已年四十四
又爲五品官
况兹止足外
别有所安焉
早年以身代
直付逍遥篇
近歲將心地
迴向南宗禪
外順世間法
内脱區中緣
進不厭朝市
退不戀人寰
自吾得此心
投足無不安
體非道引適
意無江湖閑
有興或飲酒
無事多掩關
寂靜夜深坐
安穩日高眠
秋不苦長夜
春不惜流年
委形老小外
忘懷生死間
昨日共君語
與余心膂然
此道不可道
因君聊强言","贈杓直世路重祿位
恓恓者孔宣
人情愛年壽
夭死者顔淵
二人如何人
不奈命與天
我今信多幸
撫己愧前賢
已年四十四
又爲五品官
况兹止足外
别有所安焉
早年以身代
直付逍遥篇
近歲將心地
迴向南宗禪
外順世間法
内脱區中緣
進不厭朝市
退不戀人寰
自吾得此心
投足無不安
體非道引適
意無江湖閑
有興或飲酒
無事多掩關
寂靜夜深坐
安穩日高眠
秋不苦長夜
春不惜流年
委形老小外
忘懷生死間
昨日共君語
與余心膂然
此道不可道
因君聊强言",218
267,poem,267,卷六,,,閑適,寄張十八,,,267,revised_jsonl_direct,0268,815,revised_jsonl,笺；酬张十八访宿见赠；论语；孟子；世说新语；文赋；文选；销暑；遂初赋；三都赋序,论语；孟子；文赋,3,True,,0,False,1,22,"飢止一簞食
渴止一壺漿
出入止一馬
寢興止一牀
此外皆長物
於我有若亡
胡然不知足
名利心遑遑
念兹彌懶放
積習遂爲常
經旬不出門
竟日不下堂
同病者張生
貧僻住延康
慵中每相憶
此意未能忘
迢迢青槐街
相去八九坊
秋來未相見
應有新詩章
早晚來同宿
天氣轉清凉","寄張十八飢止一簞食
渴止一壺漿
出入止一馬
寢興止一牀
此外皆長物
於我有若亡
胡然不知足
名利心遑遑
念兹彌懶放
積習遂爲常
經旬不出門
竟日不下堂
同病者張生
貧僻住延康
慵中每相憶
此意未能忘
迢迢青槐街
相去八九坊
秋來未相見
應有新詩章
早晚來同宿
天氣轉清凉",135
268,poem,268,卷六,,,閑適,題玉泉寺,,,268,revised_jsonl_direct,0269,815,revised_jsonl,笺；咸淳临安志；太平寰宇记；独游玉泉寺；玉泉寺南三里涧下多深红踯躅繁艳殊常感惜题诗以示游者；夜题玉泉；苏十三瞻登玉泉寺峰入寺中见赠作；维摩经；陈寔碑；秋游原上；世说新语；七修类稿；韵会；说文；隐几；晚春沽酒；庄子；坛经,说文；庄子,2,True,,0,False,1,8,"湛湛玉泉色
悠悠浮雲身
閑心對定水
清淨兩無塵
手把青笻杖
頭戴白綸巾
興盡下山去
知我是誰人","題玉泉寺湛湛玉泉色
悠悠浮雲身
閑心對定水
清淨兩無塵
手把青笻杖
頭戴白綸巾
興盡下山去
知我是誰人",51
269,poem,269,卷六,,,閑適,朝迴遊城南,,,269,revised_jsonl_direct,0270,815,revised_jsonl,笺；隋书；食举乐；奉和正日临朝；渭上偶钓；初去郡；巡属县道中作；杂感,,0,False,,0,False,1,18,"朝退馬未困
秋初日猶長
迴轡城南去
郊野正清凉
水竹夾小徑
縈迴繞川崗
仰看晚山色
俯弄秋泉光
青松繫我馬
白石爲我牀
常時簪組累
此日和身忘
旦隨鵷鷺末
暮遊鷗鶴傍
機心一以盡
兩處不亂行
誰辨心與迹
非行亦非藏","朝迴遊城南朝退馬未困
秋初日猶長
迴轡城南去
郊野正清凉
水竹夾小徑
縈迴繞川崗
仰看晚山色
俯弄秋泉光
青松繫我馬
白石爲我牀
常時簪組累
此日和身忘
旦隨鵷鷺末
暮遊鷗鶴傍
機心一以盡
兩處不亂行
誰辨心與迹
非行亦非藏",112
270,poem,270,卷六,,,閑適,舟行,,,270,revised_jsonl_direct,0271,815,revised_jsonl,笺；诗；游阳河岸；楚辞；盐商妇,诗；楚辞,2,True,,0,False,1,12,"帆影日漸高
閑眠猶未起
起問鼓枻人
已行三十里
船頭有行竃
炊稻烹紅鯉
飽食起婆娑
盥漱秋江水
平生滄浪意
一旦來遊此
何况不失家
舟中載妻子","舟行帆影日漸高
閑眠猶未起
起問鼓枻人
已行三十里
船頭有行竃
炊稻烹紅鯉
飽食起婆娑
盥漱秋江水
平生滄浪意
一旦來遊此
何况不失家
舟中載妻子",73
271,poem,271,卷六,,,閑適,湓浦早冬,,,271,revised_jsonl_direct,0272,815,revised_jsonl,笺；浔阳三题；东陂秋意寄元八,,0,False,,0,False,1,10,"潯陽孟冬月
草木未全衰
祇抵長安陌
凉風八月時
日西湓水曲
獨行吟舊詩
蓼花始零落
蒲葉稍離披
但作城中想
何異曲江池","湓浦早冬潯陽孟冬月
草木未全衰
祇抵長安陌
凉風八月時
日西湓水曲
獨行吟舊詩
蓼花始零落
蒲葉稍離披
但作城中想
何異曲江池",63
272,poem,272,卷六,,,閑適,江州雪,,,272,revised_jsonl_direct,0273,815,revised_jsonl,笺；诗,诗,1,True,,0,False,1,12,"新雪滿前山
初晴好天氣
日西騎馬出
忽有京都意
城柳方綴花
簷冰才結穗
須臾風日暖
處處皆飄墜
行吟賞未足
坐歎銷何易
猶勝嶺南看
雰雰不到地","江州雪新雪滿前山
初晴好天氣
日西騎馬出
忽有京都意
城柳方綴花
簷冰才結穗
須臾風日暖
處處皆飄墜
行吟賞未足
坐歎銷何易
猶勝嶺南看
雰雰不到地",74
273,poem,273,卷七,,,閑適,題潯陽樓,,,273,revised_jsonl_direct,0274,815,revised_jsonl,笺；江西通志；胜迹略；九江府志；宾退录；补韦应物传；登郡楼寄京师诸季淮南子弟；浔阳三题；太平寰宇记；庐山记；草堂记；白氏文集,庐山记,1,True,,0,False,1,16,"常愛陶彭澤
文思何高玄
又怪韋江州
詩情亦清閑
今朝登此樓
有以知其然
大江寒見底
匡山青倚天
深夜湓浦月
平旦爐峰烟
清輝與靈氣
日夕供文篇
我無二人才
孰爲來其間
因高偶成句
俯仰愧江山","題潯陽樓常愛陶彭澤
文思何高玄
又怪韋江州
詩情亦清閑
今朝登此樓
有以知其然
大江寒見底
匡山青倚天
深夜湓浦月
平旦爐峰烟
清輝與靈氣
日夕供文篇
我無二人才
孰爲來其間
因高偶成句
俯仰愧江山",99
274,poem,274,卷七,,,閑適,訪陶公舊宅,,,274,revised_jsonl_direct,0275,,revised_jsonl,效陶潜体诗十六首；宋书；太平寰宇记；晋史；访陶公旧宅；庐山志；庐山记；春秋繁露；杂体诗三十首；陶征士诔；陶渊明传；史记；责子；五柳先生传；祭桥玄文；饮酒；归园田居,宋书；庐山记；春秋繁露；史记,4,True,,0,False,1,46,"予夙慕陶淵明爲人
往歲渭川閑居
嘗有《傚陶體詩》十六首
今遊廬山
經柴桑
過栗里
思其人
訪其宅
不能默默
又題此詩云
垢塵不污玉
靈鳳不啄羶
嗚呼陶靖節
生彼晉宋間
心實有所守
口終不能言
永惟孤竹子
拂衣首陽山
夷齊各一身
窮餓未爲難
先生有五男
與之同飢寒
腸中食不充
身上衣不完
連徵竟不起
斯可謂真賢
我生君之後
相去五百年
每讀五柳傳
目想心拳拳
昔常詠遺風
著爲十六篇
今來訪故宅
森若君在前
不慕樽有酒
不慕琴無絃
慕君遺榮利
老死此丘園
柴桑古村落
栗里舊山川
不見籬下菊
但餘墟中烟
子孫雖無聞
族氏猶未遷
每逢姓陶人
使我心依然","訪陶公舊宅予夙慕陶淵明爲人
往歲渭川閑居
嘗有《傚陶體詩》十六首
今遊廬山
經柴桑
過栗里
思其人
訪其宅
不能默默
又題此詩云
垢塵不污玉
靈鳳不啄羶
嗚呼陶靖節
生彼晉宋間
心實有所守
口終不能言
永惟孤竹子
拂衣首陽山
夷齊各一身
窮餓未爲難
先生有五男
與之同飢寒
腸中食不充
身上衣不完
連徵竟不起
斯可謂真賢
我生君之後
相去五百年
每讀五柳傳
目想心拳拳
昔常詠遺風
著爲十六篇
今來訪故宅
森若君在前
不慕樽有酒
不慕琴無絃
慕君遺榮利
老死此丘園
柴桑古村落
栗里舊山川
不見籬下菊
但餘墟中烟
子孫雖無聞
族氏猶未遷
每逢姓陶人
使我心依然",280
275,poem,275,卷七,,,閑適,北亭,,,275,revised_jsonl_direct,0276,816,revised_jsonl,谱；笺；江西通志；停云；独酌谣；四言赠兄秀才入军；北山移文；招王质夫,,0,False,,0,False,1,24,"廬宮山下州
湓浦沙邊宅
宅北倚高崗
迢迢數千尺
上有青青竹
竹間多白石
茅亭居上頭
豁達門四闢
前楹卷簾箔
北牖施牀席
江風萬里來
吹我凉淅淅
日高公府歸
巾笏隨手擲
脱衣恣搔首
坐卧任所適
時傾一杯酒
曠望湖天夕
口詠獨酌謡
目送歸飛翮
慚無出塵操
未免折腰役
偶獲此閑居
謬似高人跡","北亭廬宮山下州
湓浦沙邊宅
宅北倚高崗
迢迢數千尺
上有青青竹
竹間多白石
茅亭居上頭
豁達門四闢
前楹卷簾箔
北牖施牀席
江風萬里來
吹我凉淅淅
日高公府歸
巾笏隨手擲
脱衣恣搔首
坐卧任所適
時傾一杯酒
曠望湖天夕
口詠獨酌謡
目送歸飛翮
慚無出塵操
未免折腰役
偶獲此閑居
謬似高人跡",145
276,poem,276,卷七,,,閑適,汎湓水,,,276,revised_jsonl_direct,0277,816,revised_jsonl,谱；笺；浔阳三题；游钟山大爱敬寺；太子洑落日望水；从临海王上荆初发新渚；月三首；题海图屏风；游敬亭山；乾元中寓居同谷县作歌；小临海；杂诗,杂诗,1,True,,0,False,1,30,"四月未全熱
麥凉江氣秋
湖山處處好
最愛湓水頭
湓水從東來
一派入江流
可憐似縈帶
中有隨風舟
命酒一臨汎
捨鞍揚棹謳
放迴岸傍馬
去逐波間鷗
烟浪始渺渺
風襟亦悠悠
初疑上河漢
中若尋瀛洲
汀樹綠拂地
沙草芳未休
青蘿與紫葛
枝蔓垂相樛
繫纜步平岸
迴頭望江州
城雉映水見
隱隱如蜃樓
日入意未盡
將歸復少留
到官行半歲
今日方一遊
此地來何暮
可以寫吾憂","汎湓水四月未全熱
麥凉江氣秋
湖山處處好
最愛湓水頭
湓水從東來
一派入江流
可憐似縈帶
中有隨風舟
命酒一臨汎
捨鞍揚棹謳
放迴岸傍馬
去逐波間鷗
烟浪始渺渺
風襟亦悠悠
初疑上河漢
中若尋瀛洲
汀樹綠拂地
沙草芳未休
青蘿與紫葛
枝蔓垂相樛
繫纜步平岸
迴頭望江州
城雉映水見
隱隱如蜃樓
日入意未盡
將歸復少留
到官行半歲
今日方一遊
此地來何暮
可以寫吾憂",182
277,poem,277,卷七,,,閑適,答故人,,,277,revised_jsonl_direct,0278,816,revised_jsonl,笺；赠何劭王济；伤韦景猷；与元九书；白氏文集；左传；庾信集序；后汉书；序洛诗,左传；后汉书,2,True,,0,False,1,22,"故人對酒歎
歎我在天涯
見我昔榮遇
念我今蹉跎
問我爲司馬
官意復如何
答云且勿歎
聽我爲君歌
我本蓬蓽人
鄙賤劇泥沙
讀書未百卷
信口嘲風花
自從筮仕來
六命三登科
顧慚虛劣姿
所得亦已多
散員足庇身
薄俸可資家
省分輒自愧
豈爲不遇耶
煩君對杯酒
爲我一咨嗟","答故人故人對酒歎
歎我在天涯
見我昔榮遇
念我今蹉跎
問我爲司馬
官意復如何
答云且勿歎
聽我爲君歌
我本蓬蓽人
鄙賤劇泥沙
讀書未百卷
信口嘲風花
自從筮仕來
六命三登科
顧慚虛劣姿
所得亦已多
散員足庇身
薄俸可資家
省分輒自愧
豈爲不遇耶
煩君對杯酒
爲我一咨嗟",134
278,poem,278,卷七,,,閑適,官舍内新鑿小池,,,278,revised_jsonl_direct,0279,816,revised_jsonl,笺；怨晓月赋；于长史山池三日曲水宴；游悟真寺诗一百三十韵,怨晓月赋,1,True,,0,False,1,16,"簾下開小池
盈盈水方積
中底鋪白沙
四隅甃青石
勿言不深廣
但取幽人適
泛灧微雨朝
泓澄明月夕
豈無大江水
波浪連天白
未如牀席前
方丈深盈尺
清淺可狎弄
昏煩聊漱滌
最愛曉暝時
一片秋天碧","官舍内新鑿小池簾下開小池
盈盈水方積
中底鋪白沙
四隅甃青石
勿言不深廣
但取幽人適
泛灧微雨朝
泓澄明月夕
豈無大江水
波浪連天白
未如牀席前
方丈深盈尺
清淺可狎弄
昏煩聊漱滌
最愛曉暝時
一片秋天碧",102
279,poem,279,卷七,,,閑適,宿簡寂觀,,,279,revised_jsonl_direct,0280,816,revised_jsonl,笺；庐山记；入彭蠡湖口；腊月八日于剡县石城寺礼拜；和吴舍人早春归沐西亭言志；周礼；感士不遇赋序；抱朴子内篇,庐山记；周礼,2,True,,0,False,1,12,"巖白雲尚屯
林紅葉初隕
秋光引閑步
不知身遠近
夕投靈洞宿
卧覺塵機泯
名利心既忘
市朝夢亦盡
暫來尚如此
况乃終身隱
何以療夜飢
一匙雲母粉","宿簡寂觀巖白雲尚屯
林紅葉初隕
秋光引閑步
不知身遠近
夕投靈洞宿
卧覺塵機泯
名利心既忘
市朝夢亦盡
暫來尚如此
况乃終身隱
何以療夜飢
一匙雲母粉",75
280,poem,280,卷七,,,閑適,讀謝靈運詩,,,280,revised_jsonl_direct,0281,816,revised_jsonl,笺；谕友；定命论；杂体诗三十首；文选；宋书；文心雕龙；翟征君赞；劝医论；南游衡山诗序；敬亭山诗；新乐府,宋书,1,True,,0,False,1,18,"吾聞達士道
窮通順冥數
通乃朝廷來
窮即江湖去
謝公才廓落
與世不相遇
壯志鬱不用
須有所洩處
洩爲山水詩
逸韻諧奇趣
大必籠天海
細不遺草樹
豈唯玩景物
亦欲攄心素
往往即事中
未能忘興諭
因知康樂作
不獨在章句","讀謝靈運詩吾聞達士道
窮通順冥數
通乃朝廷來
窮即江湖去
謝公才廓落
與世不相遇
壯志鬱不用
須有所洩處
洩爲山水詩
逸韻諧奇趣
大必籠天海
細不遺草樹
豈唯玩景物
亦欲攄心素
往往即事中
未能忘興諭
因知康樂作
不獨在章句",112
281,poem,281,卷七,,,閑適,北亭獨宿,,,281,revised_jsonl_direct,0282,816,revised_jsonl,笺；北亭；新乐府,,0,False,,0,False,1,4,"悄悄壁下牀
紗籠耿殘燭
夜半獨眠覺
疑在僧房宿","北亭獨宿悄悄壁下牀
紗籠耿殘燭
夜半獨眠覺
疑在僧房宿",27
282,poem,282,卷七,,,閑適,約心,,,282,revised_jsonl_direct,0283,816,revised_jsonl,笺；赠益府裴录事；雨中宿义兴寺；乱后行经吴邮亭；效陶潜体诗十六首；寒山诗注；景德传灯录；庄子；列子；写怀二首,庄子；列子,2,True,,0,False,1,10,"黑鬢絲雪侵
青袍塵土涴
兀兀復騰騰
江城一上佐
朝就高齋上
薰然負暄卧
晚下小池前
澹然臨水坐
已約終身心
長如今日過","約心黑鬢絲雪侵
青袍塵土涴
兀兀復騰騰
江城一上佐
朝就高齋上
薰然負暄卧
晚下小池前
澹然臨水坐
已約終身心
長如今日過",61
283,poem,283,卷七,,,閑適,晚望,,,283,revised_jsonl_direct,0284,816,revised_jsonl,笺,,0,False,,0,False,1,4,"江城寒角動
沙洲夕鳥還
獨在高亭上
西南望遠山","晚望江城寒角動
沙洲夕鳥還
獨在高亭上
西南望遠山",25
284,poem,284,卷七,,,閑適,早春,,,284,revised_jsonl_direct,0285,816,revised_jsonl,笺,,0,False,,0,False,1,8,"雪銷冰又釋
景和風復暄
滿庭田地濕
薺葉生牆根
官舍悄無事
日西斜掩門
不開莊老卷
欲與何人言","早春雪銷冰又釋
景和風復暄
滿庭田地濕
薺葉生牆根
官舍悄無事
日西斜掩門
不開莊老卷
欲與何人言",49
285,poem,285,卷七,,,閑適,春寢,,,285,revised_jsonl_direct,0286,816,revised_jsonl,笺；吕氏春秋；子虚赋；去故乡赋,吕氏春秋,1,True,,0,False,1,12,"何處春暄來
微和生血氣
氣薰肌骨暢
東窗一昏睡
是時正月晦
假日無公事
爛熳不能休
自午將及未
緬思少健日
甘寢常自恣
一從衰疾來
枕上無此味","春寢何處春暄來
微和生血氣
氣薰肌骨暢
東窗一昏睡
是時正月晦
假日無公事
爛熳不能休
自午將及未
緬思少健日
甘寢常自恣
一從衰疾來
枕上無此味",73
286,poem,286,卷七,,,閑適,睡起晏坐,,,286,revised_jsonl_direct,0287,816,revised_jsonl,笺；大乘起信论；南宗定是非论；神会和尚遗集；坛经；庄子；永嘉证道歌；楞严经；寒山诗注；长阿含经；中阿含经；行禅经；维摩经；冬夜,庄子,1,True,,0,False,1,15,"後亭晝眠足
起坐春景暮
新覺眼猶昏
無思心正住
淡寂歸一性
虛閑遺萬慮
了然此時心
無物可譬喻
本是無有鄉
亦名不用處
行禪與坐忘
同歸無異路
道書云“無何有之鄉”
禪經云“不用處”
二者殊名而同歸","睡起晏坐後亭晝眠足
起坐春景暮
新覺眼猶昏
無思心正住
淡寂歸一性
虛閑遺萬慮
了然此時心
無物可譬喻
本是無有鄉
亦名不用處
行禪與坐忘
同歸無異路
道書云“無何有之鄉”
禪經云“不用處”
二者殊名而同歸",103
287,poem,287,卷七,,,閑適,詠懷,,,287,revised_jsonl_direct,0288,816,revised_jsonl,笺；文选；雪赋；安丘严平颂；登云阳九里埭,雪赋,1,True,,0,False,1,8,"盡日松下坐
有時池畔行
行立與坐卧
中懷澹無營
不覺流年過
亦任白髮生
不爲世所薄
安得遂閑情","詠懷盡日松下坐
有時池畔行
行立與坐卧
中懷澹無營
不覺流年過
亦任白髮生
不爲世所薄
安得遂閑情",49
288,poem,288,卷七,,,閑適,春遊二林寺,,,288,revised_jsonl_direct,0289,816,revised_jsonl,笺；庐山记；浔阳三题；松声；善哉行；代书；白氏文集；汉魏两晋南北朝佛教史；旧唐书；养拙,庐山记,1,True,,0,False,1,24,"下馬西林寺
翛然進輕策
朝爲公府吏
暮是靈山客
二月匡廬北
冰雪始消釋
陽叢抽茗牙
陰竇洩泉脈
熙熙風土暖
藹藹雲嵐積
散作萬壑春
凝爲一氣碧
身閑易澹泊
官散無牽迫
緬彼十八人
古今同此適
昔永遠宗雷等十八賢
同隱于二林寺
是年淮寇起
處處興兵革
智士勞思謀
戎臣苦征役
獨有不才者
山中弄泉石","春遊二林寺下馬西林寺
翛然進輕策
朝爲公府吏
暮是靈山客
二月匡廬北
冰雪始消釋
陽叢抽茗牙
陰竇洩泉脈
熙熙風土暖
藹藹雲嵐積
散作萬壑春
凝爲一氣碧
身閑易澹泊
官散無牽迫
緬彼十八人
古今同此適
昔永遠宗雷等十八賢
同隱于二林寺
是年淮寇起
處處興兵革
智士勞思謀
戎臣苦征役
獨有不才者
山中弄泉石",153
289,poem,289,卷七,,,閑適,出山吟,,,289,revised_jsonl_direct,0290,816,revised_jsonl,笺；诗品；游仙；送王处士；与友人书；赠李白,,0,False,,0,False,1,8,"朝詠遊仙詩
暮歌采薇曲
卧雲坐白石
山中十五宿
行隨出洞水
迴别緣巖竹
早晚重來遊
心期瑶草綠","出山吟朝詠遊仙詩
暮歌采薇曲
卧雲坐白石
山中十五宿
行隨出洞水
迴别緣巖竹
早晚重來遊
心期瑶草綠",50
290,poem,290,卷七,,,閑適,歲暮,,,290,revised_jsonl_direct,0291,816,revised_jsonl,笺；寄同病者；七欢；维摩经；夏日独直寄萧侍御,,0,False,,0,False,1,8,"已任時命去
亦從歲月除
中心一調伏
外累盡空虛
名宦意已矣
林泉計何如
擬近東林寺
溪邊結一廬","歲暮已任時命去
亦從歲月除
中心一調伏
外累盡空虛
名宦意已矣
林泉計何如
擬近東林寺
溪邊結一廬",49
291,poem,291,卷七,,,閑適,聞早鶯,,,291,revised_jsonl_direct,0292,817,revised_jsonl,笺；春雪；直中书省；文选；晋宫阙名；同程九早入中书；汉书；赠白马王彪,晋宫阙名；汉书,2,True,,0,False,1,14,"日出眠未起
屋頭聞早鶯
忽如上林曉
萬年枝上鳴
憶爲近臣時
秉筆直承明
春深視草暇
旦暮聞此聲
今聞在何處
寂寞潯陽城
鳥聲信如一
分别在人情
不作天涯意
豈殊禁中聽","聞早鶯日出眠未起
屋頭聞早鶯
忽如上林曉
萬年枝上鳴
憶爲近臣時
秉筆直承明
春深視草暇
旦暮聞此聲
今聞在何處
寂寞潯陽城
鳥聲信如一
分别在人情
不作天涯意
豈殊禁中聽",86
292,poem,292,卷七,,,閑適,栽杉,,,292,revised_jsonl_direct,0293,817,revised_jsonl,笺；赠元稹,,0,False,,0,False,1,16,"勁葉森利劍
孤莖挺端標
纔高四五尺
勢若干青霄
移栽東窗前
愛爾寒不凋
病夫卧相對
日夕閑蕭蕭
昨爲山中樹
今爲簷下條
雖然遇賞玩
無乃近塵囂
猶勝澗谷底
埋没隨衆樵
不見鬱鬱松
委質山上苗","栽杉勁葉森利劍
孤莖挺端標
纔高四五尺
勢若干青霄
移栽東窗前
愛爾寒不凋
病夫卧相對
日夕閑蕭蕭
昨爲山中樹
今爲簷下條
雖然遇賞玩
無乃近塵囂
猶勝澗谷底
埋没隨衆樵
不見鬱鬱松
委質山上苗",97
293,poem,293,卷七,,,閑適,過李生,,,293,revised_jsonl_direct,0294,817,revised_jsonl,笺；放鱼,,0,False,,0,False,1,24,"蘋小蒲葉短
南湖春水生
子近湖邊住
靜境稱高情
我爲郡司馬
散拙無所營
使君知性野
衙退任閑行
行攜小榼出
逢花輒獨傾
半酣到子舍
下馬扣柴荆
何以引我步
繞籬竹萬莖
何以醒我酒
吳音吟一聲
須臾進野飯
飯稻茹芹英
白甌青竹箸
儉潔無羶腥
欲去復徘徊
夕鵶已飛鳴
何當重遊此
待君湖水平","過李生蘋小蒲葉短
南湖春水生
子近湖邊住
靜境稱高情
我爲郡司馬
散拙無所營
使君知性野
衙退任閑行
行攜小榼出
逢花輒獨傾
半酣到子舍
下馬扣柴荆
何以引我步
繞籬竹萬莖
何以醒我酒
吳音吟一聲
須臾進野飯
飯稻茹芹英
白甌青竹箸
儉潔無羶腥
欲去復徘徊
夕鵶已飛鳴
何當重遊此
待君湖水平",146
294,poem,294,卷七,,,閑適,詠意,,,294,revised_jsonl_direct,0295,816,revised_jsonl,笺；庄子；春雪；礼记；高僧传；慧远传；波若经；初到江州,庄子；礼记,2,True,,0,False,1,24,"常聞南華經
巧勞智憂愁
不如無能者
飽食但遨遊
平生愛慕道
今日近此流
自來潯陽郡
四序忽已周
不分物黑白
但與時沉浮
朝餐夕安寢
用是爲身謀
此外即閑放
時尋山水幽
春遊慧遠寺
秋上庾公樓
或吟詩一章
或飲茶一甌
身心一無繫
浩浩如虛舟
富貴亦有苦
苦在心危憂
貧賤亦有樂
樂在身自由","詠意常聞南華經
巧勞智憂愁
不如無能者
飽食但遨遊
平生愛慕道
今日近此流
自來潯陽郡
四序忽已周
不分物黑白
但與時沉浮
朝餐夕安寢
用是爲身謀
此外即閑放
時尋山水幽
春遊慧遠寺
秋上庾公樓
或吟詩一章
或飲茶一甌
身心一無繫
浩浩如虛舟
富貴亦有苦
苦在心危憂
貧賤亦有樂
樂在身自由",145
295,poem,295,卷七,,,閑適,食笋,,,295,revised_jsonl_direct,0296,816,revised_jsonl,笺；后汉书；休沐寄怀；瓜赋；西京赋；相和歌辞；论语；韶,后汉书；瓜赋；西京赋；论语,4,True,,0,False,1,16,"此州乃竹鄉
春笋滿山谷
山夫折盈抱
抱來早市鬻
物以多爲賤
雙錢易一束
置之炊甑中
與飯同時熟
紫籜坼故錦
素肌擘新玉
每日遂加餐
經時不思肉
久爲京洛客
此味常不足
且食勿踟躕
南風吹作竹","食笋此州乃竹鄉
春笋滿山谷
山夫折盈抱
抱來早市鬻
物以多爲賤
雙錢易一束
置之炊甑中
與飯同時熟
紫籜坼故錦
素肌擘新玉
每日遂加餐
經時不思肉
久爲京洛客
此味常不足
且食勿踟躕
南風吹作竹",97
296,poem,296,卷七,,,閑適,遊石門澗,,,296,revised_jsonl_direct,0297,816,revised_jsonl,笺；太平寰宇记；西湖志；亭山赋,,0,False,,0,False,1,14,"石門無舊徑
披榛訪遺跡
時逢山水秋
清輝如古昔
常聞慧遠輩
題詩此巖壁
雲覆莓苔封
蒼然無處覓
蕭疏野生竹
崩剝多年石
自從東晉後
無復人遊歷
獨有秋澗聲
潺湲空旦夕","遊石門澗石門無舊徑
披榛訪遺跡
時逢山水秋
清輝如古昔
常聞慧遠輩
題詩此巖壁
雲覆莓苔封
蒼然無處覓
蕭疏野生竹
崩剝多年石
自從東晉後
無復人遊歷
獨有秋澗聲
潺湲空旦夕",87
297,poem,297,卷七,,,閑適,招東隣,,,297,revised_jsonl_direct,0298,816,revised_jsonl,笺；自题新昌居止因招杨郎中小饮；夜招晦叔；池上早春即事招梦得；晋书；世说新语,晋书,1,True,,0,False,1,4,"小榼二升酒
新簟六尺牀
能來夜話否
池畔欲秋凉","招東隣小榼二升酒
新簟六尺牀
能來夜話否
池畔欲秋凉",26
298,poem,298,卷七,,,閑適,題元十八溪亭,,,298,revised_jsonl_direct,0299,817,revised_jsonl,笺；唐人行第录；送元十八山人南游序；游大林寺序；赠别元十八协律；元十八从事南海欲出庐山临别旧居有恋泉声之什因以投合兼伸别情；韩集；初南食贻元十八协律；太平寰宇记；论书；太平广记；汝阴人；广异记；清异录,,0,False,,0,False,1,16,"怪君不喜仕
又不遊州里
今日到幽居
了然知所以
宿君石溪亭
潺湲聲滿耳
飲君螺杯酒
醉卧不能起
見君五老峰
益悔居城市
愛君三男兒
始歎身無子
余方爐峰下
結室爲居士
山北與山東
往來從此始","題元十八溪亭怪君不喜仕
又不遊州里
今日到幽居
了然知所以
宿君石溪亭
潺湲聲滿耳
飲君螺杯酒
醉卧不能起
見君五老峰
益悔居城市
愛君三男兒
始歎身無子
余方爐峰下
結室爲居士
山北與山東
往來從此始",101
299,poem,299,卷七,,,閑適,香爐峰下新置草堂即事詠懷題於石上,,,299,revised_jsonl_direct,0300,817,revised_jsonl,谱；笺；草堂记；白氏文集；诗；丹霞蔽日行；湓浦竹；东林寺白莲；五弦；四言赠兄秀才入军；庄子；答向子期难养生论；三国志；魏书；归去来兮辞；拟咏怀,诗；庄子；魏书,3,True,,0,False,1,38,"香爐峰北面
遺愛寺西偏
白石何鑿鑿
清流亦潺潺
有松數十株
有竹千餘竿
松張翠繖蓋
竹倚青琅玕
其下無人居
惜哉多歲年
有時聚猨鳥
終日空風烟
時有沉冥子
姓白字樂天
平生無所好
見此心依然
如獲終老地
忽乎不知還
架巖結茅宇
斸壑開茶園
何以洗我耳
屋頭落飛泉
何以淨我眼
砌下生白蓮
左手攜一壺
右手挈五絃
傲然意自足
箕踞於其間
興酣仰天歌
歌中聊寄言
言我本野夫
誤爲世網牽
時來昔捧日
老去今歸山
倦鳥得茂樹
涸魚反清源
捨此欲焉往
人間多險艱","香爐峰下新置草堂即事詠懷題於石上香爐峰北面
遺愛寺西偏
白石何鑿鑿
清流亦潺潺
有松數十株
有竹千餘竿
松張翠繖蓋
竹倚青琅玕
其下無人居
惜哉多歲年
有時聚猨鳥
終日空風烟
時有沉冥子
姓白字樂天
平生無所好
見此心依然
如獲終老地
忽乎不知還
架巖結茅宇
斸壑開茶園
何以洗我耳
屋頭落飛泉
何以淨我眼
砌下生白蓮
左手攜一壺
右手挈五絃
傲然意自足
箕踞於其間
興酣仰天歌
歌中聊寄言
言我本野夫
誤爲世網牽
時來昔捧日
老去今歸山
倦鳥得茂樹
涸魚反清源
捨此欲焉往
人間多險艱",243
300,poem,300,卷七,,,閑適,草堂前新開一池養魚種荷日有幽趣,,,300,revised_jsonl_direct,0301,817,revised_jsonl,笺；祭从弟敬远文；世说新语,,0,False,,0,False,1,12,"淙淙三峽水
浩浩萬頃陂
未如新塘上
微風動漣漪
小萍加泛泛
初蒲正離離
紅鯉二三寸
白蓮八九枝
遶水欲成徑
護堤方插籬
已被山中客
呼作白家池","草堂前新開一池養魚種荷日有幽趣淙淙三峽水
浩浩萬頃陂
未如新塘上
微風動漣漪
小萍加泛泛
初蒲正離離
紅鯉二三寸
白蓮八九枝
遶水欲成徑
護堤方插籬
已被山中客
呼作白家池",86
301,poem,301,卷七,,,閑適,白雲期,,,301,revised_jsonl_direct,0302,818,revised_jsonl,谱；笺；庐山记；庐山志；通极论；官舍小亭闲望；送王处士,庐山记,1,True,,0,False,1,12,"三十氣太壯
胸中多是非
六十身太老
四體不支持
四十至五十
正是退閑時
年長識命分
心慵少營爲
見酒興猶在
登山力未衰
吾年幸當此
且與白雲期","白雲期三十氣太壯
胸中多是非
六十身太老
四體不支持
四十至五十
正是退閑時
年長識命分
心慵少營爲
見酒興猶在
登山力未衰
吾年幸當此
且與白雲期",74
302,poem,302,卷七,,,閑適,登香爐峰頂,,,302,revised_jsonl_direct,0303,817,revised_jsonl,笺；祭桥玄文；寡妇赋；荀子；齐竟陵文宣王行状；西都赋；兰亭诗序；草书状；游四窗；寄羽士；代君子有所思,西都赋,1,True,,0,False,1,20,"迢迢香爐峰
心存耳目想
終年牽物役
今日方一往
攀蘿蹋危石
手足勞俯仰
同遊三四人
兩人不敢上
上到峰之頂
目眩神怳怳
高低有萬尋
闊狹無數丈
不窮視聽界
焉識宇宙廣
江水細如繩
湓城小於掌
紛吾何屑屑
未能脱塵鞅
歸去思自嗟
低頭入蟻壤","登香爐峰頂迢迢香爐峰
心存耳目想
終年牽物役
今日方一往
攀蘿蹋危石
手足勞俯仰
同遊三四人
兩人不敢上
上到峰之頂
目眩神怳怳
高低有萬尋
闊狹無數丈
不窮視聽界
焉識宇宙廣
江水細如繩
湓城小於掌
紛吾何屑屑
未能脱塵鞅
歸去思自嗟
低頭入蟻壤",124
303,poem,303,卷七,,,閑適,答崔侍郎錢舍人書問因繼以詩,,,303,revised_jsonl_direct,0304,817,revised_jsonl,笺；旧唐书；重修承旨学士壁记；永崇里观居；荀子；维摩经；庄子；效陶潜体诗十六首；侍五官中郎将建章台集诗；并州羊肠坂；玉台新咏；杂诗；游沈道士馆；赠杓直,庄子；杂诗,2,True,,0,False,1,36,"旦暮兩蔬食
日中一閑眠
便是了一日
如此已三年
心不擇時適
足不揀地安
窮通與遠近
一貫無兩端
常見今之人
其心或不然
在勞則念息
處靜已思喧
如是用身心
無乃自傷殘
坐輸憂惱便
安得形神全
吾有二道友
藹藹崔與錢
同飛青雲路
獨墮黄泥泉
歲暮物萬變
故情何不遷
應爲平生心
與我同一源
帝鄉遠於日
美人高在天
誰謂萬里别
常若在目前
泥泉樂者魚
雲路遊者鸞
勿言雲泥異
同在逍遥間
因君問心地
書後偶成篇
慎勿説向人
人多笑此言","答崔侍郎錢舍人書問因繼以詩旦暮兩蔬食
日中一閑眠
便是了一日
如此已三年
心不擇時適
足不揀地安
窮通與遠近
一貫無兩端
常見今之人
其心或不然
在勞則念息
處靜已思喧
如是用身心
無乃自傷殘
坐輸憂惱便
安得形神全
吾有二道友
藹藹崔與錢
同飛青雲路
獨墮黄泥泉
歲暮物萬變
故情何不遷
應爲平生心
與我同一源
帝鄉遠於日
美人高在天
誰謂萬里别
常若在目前
泥泉樂者魚
雲路遊者鸞
勿言雲泥異
同在逍遥間
因君問心地
書後偶成篇
慎勿説向人
人多笑此言",228
304,poem,304,卷七,,,閑適,烹葵,,,304,revised_jsonl_direct,0305,817,revised_jsonl,笺；杂诗；答赵景猷诗,杂诗,1,True,,0,False,1,18,"昨卧不夕食
今起乃朝飢
貧厨何所有
炊稻烹秋葵
紅粒香復軟
綠英滑且肥
飢來止於飽
飽後復何思
思憶榮遇日
迨今窮退時
今亦不凍餒
昔亦無餘資
口既不减食
身又不减衣
撫心私自問
何者是榮衰
勿學常人意
其間分是非","烹葵昨卧不夕食
今起乃朝飢
貧厨何所有
炊稻烹秋葵
紅粒香復軟
綠英滑且肥
飢來止於飽
飽後復何思
思憶榮遇日
迨今窮退時
今亦不凍餒
昔亦無餘資
口既不减食
身又不减衣
撫心私自問
何者是榮衰
勿學常人意
其間分是非",109
305,poem,305,卷七,,,閑適,小池二首其一,,,305,revised_jsonl_direct,0306,817,revised_jsonl,笺；吴声歌曲,,0,False,,0,False,1,6,"晝倦前齋熱
晚愛小池清
映林餘景没
近水微凉生
坐把蒲葵扇
閑吟三兩聲","小池二首其一晝倦前齋熱
晚愛小池清
映林餘景没
近水微凉生
坐把蒲葵扇
閑吟三兩聲",41
306,poem,306,卷七,,,閑適,小池二首其二,,,306,revised_jsonl_direct,0307,,revised_jsonl,,,0,False,,0,False,1,6,"有意不在大
湛湛方丈餘
荷側瀉清露
萍開見游魚
每一臨此坐
憶歸青溪居","小池二首其二有意不在大
湛湛方丈餘
荷側瀉清露
萍開見游魚
每一臨此坐
憶歸青溪居",41
307,poem,307,卷七,,,閑適,閉關,,,307,revised_jsonl_direct,0308,817,revised_jsonl,笺；韩诗外传；庄子,韩诗外传；庄子,2,True,,0,False,1,14,"我心忘世久
世亦不我干
遂成一無事
因得常掩關
掩關來幾時
髣髴二三年
著書已盈帙
生子欲能言
始悟身向老
復悲世多艱
迴顧趨時者
役役塵壤間
歲暮竟何得
不如且安閑","閉關我心忘世久
世亦不我干
遂成一無事
因得常掩關
掩關來幾時
髣髴二三年
著書已盈帙
生子欲能言
始悟身向老
復悲世多艱
迴顧趨時者
役役塵壤間
歲暮竟何得
不如且安閑",85
308,poem,308,卷七,,,閑適,弄龜羅,,,308,revised_jsonl_direct,0309,818,revised_jsonl,笺；罗子；刘白唱和集解；白氏文集；祭弟文；答张辽叔难宅无吉凶摄生论；吊元鲁山；淮南子；长阿含经；圆觉经；增壹阿含经；法苑珠林,淮南子,1,True,,0,False,1,18,"有侄始六歲
字之爲阿龜
有女生三年
其名曰羅兒
一始學笑語
一能誦歌詩
朝戲抱我足
夜眠枕我衣
汝生何其晚
我年行已衰
物情小可念
人意老多慈
酒美竟須壞
月圓終有虧
亦如恩愛緣
乃是憂惱資
舉世同此累
吾安能去之","弄龜羅有侄始六歲
字之爲阿龜
有女生三年
其名曰羅兒
一始學笑語
一能誦歌詩
朝戲抱我足
夜眠枕我衣
汝生何其晚
我年行已衰
物情小可念
人意老多慈
酒美竟須壞
月圓終有虧
亦如恩愛緣
乃是憂惱資
舉世同此累
吾安能去之",110
309,poem,309,卷七,,,閑適,截樹,,,309,revised_jsonl_direct,0310,817,revised_jsonl,笺；世说新语；七月七日夜咏牛女；文选；字林；韩诗外传,字林；韩诗外传,2,True,,0,False,1,20,"種樹當前軒
樹高柯葉繁
惜哉遠山色
隱此蒙籠間
一朝持斧斤
手自截其端
萬葉落頭上
千峰來面前
忽似決雲霧
豁達覩青天
又如所念人
久别一款顔
始有清風至
稍見飛鳥還
開懷東南望
目遠心遼然
人各有偏好
物莫能兩全
豈不愛柔條
不如見青山","截樹種樹當前軒
樹高柯葉繁
惜哉遠山色
隱此蒙籠間
一朝持斧斤
手自截其端
萬葉落頭上
千峰來面前
忽似決雲霧
豁達覩青天
又如所念人
久别一款顔
始有清風至
稍見飛鳥還
開懷東南望
目遠心遼然
人各有偏好
物莫能兩全
豈不愛柔條
不如見青山",121
310,poem,310,卷七,,,閑適,望江樓上作,,,310,revised_jsonl_direct,0311,817,revised_jsonl,笺；江西通志；洛中晴月送殷四入关；送薛蔓应举；潼关吏；壮游；论语；秋夜,论语,1,True,,0,False,1,12,"江畔百尺樓
樓前千里道
憑高望平遠
亦足舒懷抱
驛路使憧憧
關防兵草草
及兹多事日
尤覺閑人好
我年過不惑
休退誠非早
從此拂塵衣
歸山未爲老","望江樓上作江畔百尺樓
樓前千里道
憑高望平遠
亦足舒懷抱
驛路使憧憧
關防兵草草
及兹多事日
尤覺閑人好
我年過不惑
休退誠非早
從此拂塵衣
歸山未爲老",76
311,poem,311,卷七,,,閑適,題座隅,,,311,revised_jsonl_direct,0312,817,revised_jsonl,诗；效陶潜体诗十六首；旧唐书；梦溪笔谈；题座隅诗；野客丛书；唐韵；箴,诗,1,True,,0,False,1,28,"手不任執殳
肩不能荷鋤
量力揆所用
曾不敵一夫
幸因筆硯功
得升仕進途
歷官凡五六
祿俸及妻奴
左右有兼僕
出入有單車
自奉雖不厚
亦不至飢劬
若有人及此
傍觀爲何如
雖賢亦爲幸
况我鄙且愚
伯夷古賢人
魯山亦其徒
時哉無奈何
俱化爲餓殍
元魯山山居阻水
食絶而終
念彼益自愧
不敢忘斯須
平生榮利心
破滅無遺餘
猶恐塵妄起
題此於座隅","題座隅手不任執殳
肩不能荷鋤
量力揆所用
曾不敵一夫
幸因筆硯功
得升仕進途
歷官凡五六
祿俸及妻奴
左右有兼僕
出入有單車
自奉雖不厚
亦不至飢劬
若有人及此
傍觀爲何如
雖賢亦爲幸
况我鄙且愚
伯夷古賢人
魯山亦其徒
時哉無奈何
俱化爲餓殍
元魯山山居阻水
食絶而終
念彼益自愧
不敢忘斯須
平生榮利心
破滅無遺餘
猶恐塵妄起
題此於座隅",171
312,poem,312,卷七,,,閑適,昔與微之在朝日同蓄休退之心迨今十年淪落老大追尋前約且結後期,,,312,revised_jsonl_direct,0313,817,revised_jsonl,笺；归田三首；见萧侍御忆旧山草堂诗因以继和；感遇诗；世说新语；金谷集诗,,0,False,,0,False,1,26,"往子爲御史
伊余忝拾遺
皆逢盛明代
俱登清近司
予繫玉爲珮
子曳繡爲衣
從容香烟下
同侍白玉墀
朝見寵者辱
暮見安者危
紛紛無退者
相顧令人悲
宦情君早厭
世事我深知
常於榮顯日
已約林泉期
况今各流落
身病齒髮衰
不作卧雲計
攜手欲何之
待君女嫁後
及我官滿時
稍無骨肉累
粗有漁樵資
歲晚青山路
白首期同歸","昔與微之在朝日同蓄休退之心迨今十年淪落老大追尋前約且結後期往子爲御史
伊余忝拾遺
皆逢盛明代
俱登清近司
予繫玉爲珮
子曳繡爲衣
從容香烟下
同侍白玉墀
朝見寵者辱
暮見安者危
紛紛無退者
相顧令人悲
宦情君早厭
世事我深知
常於榮顯日
已約林泉期
况今各流落
身病齒髮衰
不作卧雲計
攜手欲何之
待君女嫁後
及我官滿時
稍無骨肉累
粗有漁樵資
歲晚青山路
白首期同歸",184
313,poem,313,卷七,,,閑適,垂釣,,,313,revised_jsonl_direct,0314,817,revised_jsonl,笺；旧唐书；闻早莺；庄子；答客诗,庄子,1,True,,0,False,1,8,"臨水一長嘯
忽思十年初
三登甲乙第
一入承明廬
浮生多變化
外事有盈虛
今來伴江叟
沙頭坐釣魚","垂釣臨水一長嘯
忽思十年初
三登甲乙第
一入承明廬
浮生多變化
外事有盈虛
今來伴江叟
沙頭坐釣魚",49
314,poem,314,卷七,,,閑適,晚燕,,,314,revised_jsonl_direct,0315,817,revised_jsonl,笺,,0,False,,0,False,1,8,"百鳥乳鶵畢
秋燕獨蹉跎
去社日已近
銜泥意如何
不悟時節晚
徒施功用多
人間事亦爾
不獨燕營窠","晚燕百鳥乳鶵畢
秋燕獨蹉跎
去社日已近
銜泥意如何
不悟時節晚
徒施功用多
人間事亦爾
不獨燕營窠",49
315,poem,315,卷七,,,閑適,贖雞,,,315,revised_jsonl_direct,0316,817,revised_jsonl,笺；楚辞；石门新营所住四面高山回溪；醉歌；西游记；易；孟子；佛遗教经；寄庐山真上人；续齐谐记,楚辞；易；孟子,3,True,,0,False,1,26,"清晨臨江望
水禽正諠繁
鳬雁與鷗鷺
游颺戲朝暾
適有鬻雞者
挈之來遠村
飛鳴彼何樂
窘束此何冤
喔喔十四雛
罩縛同一樊
足傷金距縮
頭搶花冠翻
經宿廢飲啄
日高詣屠門
遲迴未死間
飢渴欲相吞
常慕古人道
仁信及魚豚
見兹生惻隱
贖放雙林園
開籠解索時
雞雞聽我言
購爾鏹三百
小惠何足論
莫學銜環雀
崎嶇謾報恩","贖雞清晨臨江望
水禽正諠繁
鳬雁與鷗鷺
游颺戲朝暾
適有鬻雞者
挈之來遠村
飛鳴彼何樂
窘束此何冤
喔喔十四雛
罩縛同一樊
足傷金距縮
頭搶花冠翻
經宿廢飲啄
日高詣屠門
遲迴未死間
飢渴欲相吞
常慕古人道
仁信及魚豚
見兹生惻隱
贖放雙林園
開籠解索時
雞雞聽我言
購爾鏹三百
小惠何足論
莫學銜環雀
崎嶇謾報恩",157
316,poem,316,卷七,,,閑適,秋日懷杓直,,,316,revised_jsonl_direct,0317,817,revised_jsonl,笺；和答诗十首；旧唐书；宪宗纪；说郛；三梦记；余与故刑部李侍郎早结道友以药术为事与故京兆元尹晚为诗侣有林泉之期周岁之间二君长逝李住曲江北元居升平西追感旧游因贻同志；据白氏长庆集考唐代曲江池；隋唐两京丛考；曲江池与升道坊；海赋；楚辞,海赋；楚辞,2,True,,0,False,1,24,"晚來天色好
獨出江邊步
憶與李舍人
曲江相近住
常云遇清景
必約同幽趣
若不訪我來
還須覓君去
開眉笑相見
把手期何處
西寺老胡僧
南園亂松樹
攜持小酒榼
吟詠新詩句
同出復同歸
從朝直至暮
風雨忽消散
江山眇迴互
潯陽與涔陽
相望空雲霧
心期自乖曠
時景還如故
今日郡齋中
秋光誰共度","秋日懷杓直晚來天色好
獨出江邊步
憶與李舍人
曲江相近住
常云遇清景
必約同幽趣
若不訪我來
還須覓君去
開眉笑相見
把手期何處
西寺老胡僧
南園亂松樹
攜持小酒榼
吟詠新詩句
同出復同歸
從朝直至暮
風雨忽消散
江山眇迴互
潯陽與涔陽
相望空雲霧
心期自乖曠
時景還如故
今日郡齋中
秋光誰共度",148
317,poem,317,卷七,,,閑適,食後,,,317,revised_jsonl_direct,0318,817,revised_jsonl,笺；杂诗,杂诗,1,True,,0,False,1,8,"食罷一覺睡
起來兩甌茶
舉頭看日影
已復西南斜
樂人惜日促
憂人厭年賒
無憂無樂者
長短任生涯","食後食罷一覺睡
起來兩甌茶
舉頭看日影
已復西南斜
樂人惜日促
憂人厭年賒
無憂無樂者
長短任生涯",49
318,poem,318,卷七,,,閑適,齊物二首其一,,,318,revised_jsonl_direct,0319,817,revised_jsonl,笺；庄子；易,庄子；易,2,True,,0,False,1,8,"青松高百丈
綠蕙低數寸
同生大塊間
長短各有分
長者不可退
短者不可進
若用此理推
窮通兩無悶","齊物二首其一青松高百丈
綠蕙低數寸
同生大塊間
長短各有分
長者不可退
短者不可進
若用此理推
窮通兩無悶",53
319,poem,319,卷七,,,閑適,齊物二首其二,,,319,revised_jsonl_direct,0320,,revised_jsonl,庄子；赠王山人；古诗十九首,庄子,1,True,,0,False,1,8,"椿壽八千春
槿花不經宿
中間復何有
冉冉孤生竹
竹身三年老
竹色四時綠
雖謝椿有餘
猶勝槿不足","齊物二首其二椿壽八千春
槿花不經宿
中間復何有
冉冉孤生竹
竹身三年老
竹色四時綠
雖謝椿有餘
猶勝槿不足",53
320,poem,320,卷七,,,閑適,山下宿,,,320,revised_jsonl_direct,0321,817,revised_jsonl,笺；送内寻庐山女道士李腾空；寻郭道士不遇,,0,False,,0,False,1,4,"獨到山下宿
靜向月中行
何處水邊碓
夜舂雲母聲","山下宿獨到山下宿
靜向月中行
何處水邊碓
夜舂雲母聲",26
321,poem,321,卷七,,,閑適,題舊寫真圖,,,321,revised_jsonl_direct,0322,817,revised_jsonl,谱；笺；自题写真；法华经；魏都赋；上责躬应诏诗表；陈情事表；楚辞；同诸公登慈恩寺塔；旧唐书；雍录；南部新书,魏都赋；楚辞,2,True,,0,False,1,18,"我昔三十六
寫貌在丹青
我今四十六
衰顇卧江城
豈止十年老
曾與衆苦并
一照舊圖畫
無復昔儀形
形影默相顧
如弟對老兄
况使他人見
能不昧平生
羲和鞭日走
不爲我少停
形骸屬日月
老去何足驚
所恨凌烟閣
不得畫功名","題舊寫真圖我昔三十六
寫貌在丹青
我今四十六
衰顇卧江城
豈止十年老
曾與衆苦并
一照舊圖畫
無復昔儀形
形影默相顧
如弟對老兄
况使他人見
能不昧平生
羲和鞭日走
不爲我少停
形骸屬日月
老去何足驚
所恨凌烟閣
不得畫功名",112
322,poem,322,卷七,,,閑適,閑居,,,322,revised_jsonl_direct,0323,817,revised_jsonl,笺；楚辞,楚辞,1,True,,0,False,1,8,"肺病不飲酒
眼昏不讀書
端然無所作
身意閑有餘
雞栖籬落晚
雪映林木疏
幽獨已云極
何必山中居","閑居肺病不飲酒
眼昏不讀書
端然無所作
身意閑有餘
雞栖籬落晚
雪映林木疏
幽獨已云極
何必山中居",49
323,poem,323,卷七,,,閑適,對酒示行簡,,,323,revised_jsonl_direct,0324,,revised_jsonl,笺；谱；别行简；得行简书闻欲下峡先以此寄；旧唐书；论语；礼记；诗；孟子；淮南子；归履道宅；五灯会元,论语；礼记；诗；孟子；淮南子,5,True,,0,False,1,26,"今旦一樽酒
歡暢何怡怡
此樂從中來
他人安得知
兄弟唯二人
遠别恒苦悲
今春自巴峽
萬里平安歸
復有雙幼妹
笄年未結褵
昨日嫁娶畢
良人皆可依
憂念兩消釋
如刀斷羈縻
身輕心無繫
忽欲凌空飛
人生苟有累
食肉常如飢
我心既無苦
飲水亦可肥
行簡勸爾酒
停杯聽我辭
不歎鄉國遠
不嫌官祿微
但願我與爾
終老不相離","對酒示行簡今旦一樽酒
歡暢何怡怡
此樂從中來
他人安得知
兄弟唯二人
遠别恒苦悲
今春自巴峽
萬里平安歸
復有雙幼妹
笄年未結褵
昨日嫁娶畢
良人皆可依
憂念兩消釋
如刀斷羈縻
身輕心無繫
忽欲凌空飛
人生苟有累
食肉常如飢
我心既無苦
飲水亦可肥
行簡勸爾酒
停杯聽我辭
不歎鄉國遠
不嫌官祿微
但願我與爾
終老不相離",160
324,poem,324,卷七,,,閑適,詠懷,,,324,revised_jsonl_direct,0325,818,revised_jsonl,笺；赠杓直；游悟真寺诗一百三十韵；读史五首；史记；书；庄子；松斋自题；论语；丘中有一士,史记；书；庄子；论语,4,True,,0,False,1,24,"冉求與顔淵
卞和與馬遷
或罹天六極
或被人刑殘
顧我信爲幸
百骸且完全
五十不爲夭
吾今欠數年
知分心自足
委順身常安
故雖窮退日
而無戚戚顔
昔有榮先生
從事於其間
今我不量力
舉心欲攀援
窮通不由己
歡戚不由天
命即無奈何
心可使泰然
且務由己者
省躬諒非難
勿問由天者
天高難與言","詠懷冉求與顔淵
卞和與馬遷
或罹天六極
或被人刑殘
顧我信爲幸
百骸且完全
五十不爲夭
吾今欠數年
知分心自足
委順身常安
故雖窮退日
而無戚戚顔
昔有榮先生
從事於其間
今我不量力
舉心欲攀援
窮通不由己
歡戚不由天
命即無奈何
心可使泰然
且務由己者
省躬諒非難
勿問由天者
天高難與言",145
325,poem,325,卷七,,,閑適,夜琴,,,325,revised_jsonl_direct,0326,818,revised_jsonl,笺；蜀都赋；李凭箜篌引,蜀都赋,1,True,,0,False,1,8,"蜀桐木性實
楚絲音韻清
調慢彈且緩
夜深十數聲
入耳淡無味
愜心潛有情
自弄還自罷
亦不要人聽","夜琴蜀桐木性實
楚絲音韻清
調慢彈且緩
夜深十數聲
入耳淡無味
愜心潛有情
自弄還自罷
亦不要人聽",49
326,poem,326,卷七,,,閑適,山中獨吟,,,326,revised_jsonl_direct,0327,818,revised_jsonl,笺；晋书；左传；顿悟入道要门论,晋书；左传,2,True,,0,False,1,18,"人各有一癖
我癖在章句
萬緣皆已銷
此病獨未去
每逢美風景
或對好親故
高聲詠一篇
怳若與神遇
自爲江上客
半在山中住
有時新詩成
獨上東巖路
身倚白石崖
手攀青桂樹
狂吟驚林壑
猿鳥皆窺覷
恐爲世所嗤
故就無人處","山中獨吟人各有一癖
我癖在章句
萬緣皆已銷
此病獨未去
每逢美風景
或對好親故
高聲詠一篇
怳若與神遇
自爲江上客
半在山中住
有時新詩成
獨上東巖路
身倚白石崖
手攀青桂樹
狂吟驚林壑
猿鳥皆窺覷
恐爲世所嗤
故就無人處",111
327,poem,327,卷七,,,閑適,達理二首其一,,,327,revised_jsonl_direct,0328,818,revised_jsonl,笺；礼记；释文；通典；松斋自题,礼记,1,True,,0,False,1,16,"何物壯不老
何時窮不通
如彼音與律
宛轉旋爲宮
我命獨何薄
多悴而少豐
當壯已先衰
暫泰還長窮
我無奈命何
委順以待終
命無奈我何
方寸如虛空
瞢然與化俱
混然與俗同
誰能坐自苦
齟齬於其中","達理二首其一何物壯不老
何時窮不通
如彼音與律
宛轉旋爲宮
我命獨何薄
多悴而少豐
當壯已先衰
暫泰還長窮
我無奈命何
委順以待終
命無奈我何
方寸如虛空
瞢然與化俱
混然與俗同
誰能坐自苦
齟齬於其中",101
328,poem,328,卷七,,,閑適,達理二首其二,,,328,revised_jsonl_direct,0329,,revised_jsonl,文选；重答刘秣陵沼书；宣城记；淮南子；思玄赋；庄子；荆楚岁时记；变化论；捜神记；孟子,淮南子；庄子；荆楚岁时记；孟子,4,True,,0,False,1,16,"舒姑化爲泉
牛哀病作虎
或柳生肘間
或男變爲女
鳥獸及水木
本不與民伍
胡然生變遷
不待死歸土
百骸是己物
尚不能爲主
况彼時命間
倚伏何足數
時來不可遏
命去焉能取
唯當養浩然
吾聞達人語","達理二首其二舒姑化爲泉
牛哀病作虎
或柳生肘間
或男變爲女
鳥獸及水木
本不與民伍
胡然生變遷
不待死歸土
百骸是己物
尚不能爲主
况彼時命間
倚伏何足數
時來不可遏
命去焉能取
唯當養浩然
吾聞達人語",101
329,poem,329,卷七,,,閑適,湖亭晚望殘水,,,329,revised_jsonl_direct,0330,818,revised_jsonl,笺；楚辞；玉台新咏；望新月示同羁诗,楚辞,1,True,楚辞,1,True,1,18,"湖上秋泬寥
湖邊晚蕭瑟
登亭望湖水
水縮湖底出
清渟得早霜
明滅浮殘日
流注隨地勢
窪坳無定質
泓澄白龍卧
宛轉青蛇屈
破鏡折劍頭
光芒又非一
久爲山水客
見盡幽奇物
及來湖亭望
此狀難談悉
乃知天地間
勝事殊未畢","湖亭晚望殘水湖上秋泬寥
湖邊晚蕭瑟
登亭望湖水
水縮湖底出
清渟得早霜
明滅浮殘日
流注隨地勢
窪坳無定質
泓澄白龍卧
宛轉青蛇屈
破鏡折劍頭
光芒又非一
久爲山水客
見盡幽奇物
及來湖亭望
此狀難談悉
乃知天地間
勝事殊未畢",113
330,poem,330,卷七,,,閑適,郭虛舟相訪,,,330,revised_jsonl_direct,0331,818,revised_jsonl,笺；同微之赠别郭虚舟炼师五十韵,,0,False,,0,False,1,8,"朝暖就南軒
暮寒歸後屋
晚酌一兩杯
夜棋三四局
寒灰埋暗火
曉焰凝殘燭
不嫌貧冷人
時來同一宿","郭虛舟相訪朝暖就南軒
暮寒歸後屋
晚酌一兩杯
夜棋三四局
寒灰埋暗火
曉焰凝殘燭
不嫌貧冷人
時來同一宿",52
331,poem,331,卷八,,,閑適,長慶二年七月自中書舍人出守杭州路次藍溪作,,,331,revised_jsonl_direct,0332,822,revised_jsonl,谱；笺；谢上表；游悟真寺诗一百三十韵；汉书；礼拜唱导发愿文；西征赋；文选；北齐书；新唐书；旧唐书；淮南子；三国志；宋书；太常卿陆倕墓志铭；送杜尹赴东都；演繁露；唐书；送抚州周使君；在怀县作二首；松斋自题；诗；为顾彦先赠妇二首；咸淳临安志；吴郡诗石记；白氏文集；唐代诗人丛考；诗石记；庄子；自京赴奉先县咏怀五百字；答元八宗简同游曲江后明日见赠；孔戡,汉书；淮南子；宋书；诗；庄子,5,True,,0,False,1,40,"太原一男子
自顧庸且鄙
老逢不次恩
洗拔出泥滓
既居可言地
願助朝廷理
伏閣三上章
戇愚不稱旨
聖人存大體
優貸容不死
鳳詔停舍人
魚書除刺史
置懷齊寵辱
委順隨行止
我自得此心
于兹十年矣
餘杭乃名郡
郡郭臨江汜
已想海門山
潮聲來入耳
昔予貞元末
羈旅曾遊此
甚覺太守尊
亦諳魚酒美
因生江海興
每羨滄浪水
尚擬拂衣行
况今兼祿仕
青山峰巒接
白日烟塵起
東道既不通
改轅遂南指
自秦窮楚越
浩蕩五千里
聞有賢主人
而多好山水
是行頗爲愜
所歷良可紀
策馬度藍溪
勝遊從此始","長慶二年七月自中書舍人出守杭州路次藍溪作太原一男子
自顧庸且鄙
老逢不次恩
洗拔出泥滓
既居可言地
願助朝廷理
伏閣三上章
戇愚不稱旨
聖人存大體
優貸容不死
鳳詔停舍人
魚書除刺史
置懷齊寵辱
委順隨行止
我自得此心
于兹十年矣
餘杭乃名郡
郡郭臨江汜
已想海門山
潮聲來入耳
昔予貞元末
羈旅曾遊此
甚覺太守尊
亦諳魚酒美
因生江海興
每羨滄浪水
尚擬拂衣行
况今兼祿仕
青山峰巒接
白日烟塵起
東道既不通
改轅遂南指
自秦窮楚越
浩蕩五千里
聞有賢主人
而多好山水
是行頗爲愜
所歷良可紀
策馬度藍溪
勝遊從此始",259
332,poem,332,卷八,,,閑適,初出城留别,,,332,revised_jsonl_direct,0333,822,revised_jsonl,笺；寄隐者；九日奉寄严大夫；游春辞；北楼送客归上都；楞严经；楞伽师资记,,0,False,,0,False,1,8,"朝從紫禁歸
暮出青門去
勿言城東陌
便是江南路
揚鞭簇車馬
揮手辭親故
我生本無鄉
心安是歸處","初出城留别朝從紫禁歸
暮出青門去
勿言城東陌
便是江南路
揚鞭簇車馬
揮手辭親故
我生本無鄉
心安是歸處",52
333,poem,333,卷八,,,閑適,過駱山人野居小池,,,333,revised_jsonl_direct,0334,822,revised_jsonl,笺；玉谿生诗详注；宿骆氏亭寄怀崔雍崔衮；骆处士墓志；唐语林；唐年补录；授骆峻太子司议郎梧州刺史赐绯鱼袋兼改名玄休；白氏文集；樊川文集；天柱山铭；长歌行；行药至城东桥；古风；游城南；养拙,,0,False,,0,False,1,16,"茅覆環堵亭
泉添方丈沼
紅芳照水荷
白頸觀魚鳥
拳石苔蒼翠
尺波烟杳渺
但問有意無
勿論池大小
門前車馬路
奔走無昏曉
名利驅人心
賢愚同擾擾
善哉駱處士
安置身心了
何乃獨多君
丘園居者少","過駱山人野居小池茅覆環堵亭
泉添方丈沼
紅芳照水荷
白頸觀魚鳥
拳石苔蒼翠
尺波烟杳渺
但問有意無
勿論池大小
門前車馬路
奔走無昏曉
名利驅人心
賢愚同擾擾
善哉駱處士
安置身心了
何乃獨多君
丘園居者少",103
334,poem,334,卷八,,,閑適,宿清源寺,,,334,revised_jsonl_direct,0335,822,revised_jsonl,笺；长安志；诗；塘边见古冢诗；感时；归田三首；坛经；送李参军,诗,1,True,,0,False,1,14,"往謫潯陽去
夜憩輞溪曲
今爲錢塘行
重經兹寺宿
爾來幾何歲
溪草二八綠
不見舊房僧
蒼然新樹木
虛空走日月
世界遷陵谷
我生寄其間
孰能逃倚伏
隨緣又南去
好住東廊竹","宿清源寺往謫潯陽去
夜憩輞溪曲
今爲錢塘行
重經兹寺宿
爾來幾何歲
溪草二八綠
不見舊房僧
蒼然新樹木
虛空走日月
世界遷陵谷
我生寄其間
孰能逃倚伏
隨緣又南去
好住東廊竹",87
335,poem,335,卷八,,,閑適,宿藍橋對月,,,335,revised_jsonl_direct,0336,822,revised_jsonl,笺；长安志；晋书；直中书省,晋书,1,True,,0,False,1,8,"昨夜鳳池頭
今夜藍溪口
明月本無心
行人自迴首
新秋松影下
半夜鐘聲後
清影不宜昏
聊將茶代酒","宿藍橋對月昨夜鳳池頭
今夜藍溪口
明月本無心
行人自迴首
新秋松影下
半夜鐘聲後
清影不宜昏
聊將茶代酒",52
336,poem,336,卷八,,,閑適,自望秦赴五松驛馬上偶睡睡覺成吟,,,336,revised_jsonl_direct,0337,822,revised_jsonl,笺；初贬官过望秦岭；通典；史记；括地志；望云骓马歌；舆地纪胜；题五松驿；五松驿；玉谿生年谱会笺平质；列子；世说新语；难范缜神灭论；庄子；叹逝赋；文选；维摩经；圆觉经；大智度论；巨力长者所问大乘经；登凤凰台二首；枕中记；南柯太守传,史记；列子；庄子,3,True,,0,False,1,14,"長途發已久
前館行未至
體倦目已昏
瞌然遂成睡
右袂尚垂鞭
左手暫委轡
忽覺問僕夫
纔行百步地
形神分處所
遲速相乖異
馬上幾多時
夢中無限事
誠哉達人語
百齡同一寐","自望秦赴五松驛馬上偶睡睡覺成吟長途發已久
前館行未至
體倦目已昏
瞌然遂成睡
右袂尚垂鞭
左手暫委轡
忽覺問僕夫
纔行百步地
形神分處所
遲速相乖異
馬上幾多時
夢中無限事
誠哉達人語
百齡同一寐",98
337,poem,337,卷八,,,閑適,鄧州路中作,,,337,revised_jsonl_direct,0338,822,revised_jsonl,笺；旧唐书；明月篇；杂体诗三十首；古诗十九首,,0,False,,0,False,1,12,"蕭蕭誰家林
秋梨葉半坼
漠漠誰家園
秋韭花初白
路逢故里物
使我嗟行役
不歸渭北村
又作江南客
去鄉徒自苦
濟世終無益
自問波上萍
何如澗中石","鄧州路中作蕭蕭誰家林
秋梨葉半坼
漠漠誰家園
秋韭花初白
路逢故里物
使我嗟行役
不歸渭北村
又作江南客
去鄉徒自苦
濟世終無益
自問波上萍
何如澗中石",76
338,poem,338,卷八,,,閑適,朱藤杖紫驄吟,,,338,revised_jsonl_direct,0339,822,revised_jsonl,笺；蛮子朝；论语,论语,1,True,,0,False,1,6,"拄上山之上
騎下山之下
江州去日朱藤杖
忠州歸日紫驄馬
天生二物濟我窮
我生合是栖栖者","朱藤杖紫驄吟拄上山之上
騎下山之下
江州去日朱藤杖
忠州歸日紫驄馬
天生二物濟我窮
我生合是栖栖者",49
339,poem,339,卷八,,,閑適,桐樹館重題,,,339,revised_jsonl_direct,0340,822,revised_jsonl,笺；商山路驿桐树昔与微之前后题名处；答桐花；桐花；三月二十四日宿曾峰馆夜对桐花寄乐天；世说新语；送从弟亚赴安西判官；扬都赋,,0,False,,0,False,1,6,"階前下馬時
梁上題詩處
慘澹病使君
蕭疏老松樹
自嗟還自哂
又向杭州去","桐樹館重題階前下馬時
梁上題詩處
慘澹病使君
蕭疏老松樹
自嗟還自哂
又向杭州去",40
340,poem,340,卷八,,,閑適,過紫霞蘭若,,,340,revised_jsonl_direct,0341,822,revised_jsonl,笺；兰若寓居,,0,False,,0,False,1,8,"我愛此山頭
及此三登歷
紫霞舊精舍
寥落空泉石
朝市日喧隘
雲林長悄寂
猶存住寺僧
肯有歸山客","過紫霞蘭若我愛此山頭
及此三登歷
紫霞舊精舍
寥落空泉石
朝市日喧隘
雲林長悄寂
猶存住寺僧
肯有歸山客",52
341,poem,341,卷八,,,閑適,感舊紗帽,,,341,revised_jsonl_direct,0342,822,revised_jsonl,笺；有唐善人墓碑；白氏文集；寄李十一；隋书,,0,False,,0,False,1,8,"昔君烏紗帽
贈我白頭翁
帽今在頂上
君已歸泉中
物故猶堪用
人亡不可逢
岐山今夜月
墳樹正秋風","感舊紗帽昔君烏紗帽
贈我白頭翁
帽今在頂上
君已歸泉中
物故猶堪用
人亡不可逢
岐山今夜月
墳樹正秋風",51
342,poem,342,卷八,,,閑適,思竹窗,,,342,revised_jsonl_direct,0343,822,revised_jsonl,笺；初学记；晋中兴书；赠刘舍人古意；旧唐书；奉和魏仆射秋日还乡有怀之作；和答诗十首,晋中兴书,1,True,,0,False,1,8,"不憶西省松
不憶南宮菊
西省大院有松
南宮本廳多菊
唯憶新昌堂
蕭蕭北窗竹
窗間枕簟在
來後何人宿","思竹窗不憶西省松
不憶南宮菊
西省大院有松
南宮本廳多菊
唯憶新昌堂
蕭蕭北窗竹
窗間枕簟在
來後何人宿",52
343,poem,343,卷八,,,閑適,馬上作,,,343,revised_jsonl_direct,0344,822,revised_jsonl,笺；旧唐书；初加朝散大夫又转上柱国；闻早莺；不致仕；文选；报孙会宗书；陪使君早春东郊游眺；从元太守夏宴西楼；世说新语；还旧园作见颜范二中书；晋阳秋；后汉书；左周黄列传；香炉峰下新置草堂即事咏怀题于石上；感鹤；送李校书二十六韵；西蜀旅舍春叹寄朝中故人呈狄评事；相和歌辞；送临津房少府；历阳书事七十韵；九日寄微之；演繁露；诗；周礼；和春深二十诗；苕溪渔隐丛话；遯斋闲览；汉官仪；遯斋；学林,晋阳秋；后汉书；诗；周礼；汉官仪,5,True,,0,False,1,40,"處世非不遇
榮身頗有餘
勳爲上柱國
爵乃朝大夫
自問有何才
兩入承明廬
又問有何政
再駕朱輪車
矧予東山人
自惟朴且疏
彈琴復有酒
但慕嵇阮徒
闇被鄉里薦
誤上賢能書
一列朝士籍
遂爲世網拘
高有罾繳憂
下有陷穽虞
每覺宇宙窄
未嘗心體舒
蹉跎二十年
頷下生白鬚
何言左遷去
尚獲專城居
杭州五千里
往若投淵魚
雖未脱簪組
且來汎江湖
吳中多詩人
亦不少酒酤
高聲詠篇什
大笑飛杯盂
五十未全老
尚可且歡娛
用兹送日月
君以爲何如
秋風起江上
白日落路隅
迴首語五馬
去矣勿踟躕","馬上作處世非不遇
榮身頗有餘
勳爲上柱國
爵乃朝大夫
自問有何才
兩入承明廬
又問有何政
再駕朱輪車
矧予東山人
自惟朴且疏
彈琴復有酒
但慕嵇阮徒
闇被鄉里薦
誤上賢能書
一列朝士籍
遂爲世網拘
高有罾繳憂
下有陷穽虞
每覺宇宙窄
未嘗心體舒
蹉跎二十年
頷下生白鬚
何言左遷去
尚獲專城居
杭州五千里
往若投淵魚
雖未脱簪組
且來汎江湖
吳中多詩人
亦不少酒酤
高聲詠篇什
大笑飛杯盂
五十未全老
尚可且歡娛
用兹送日月
君以爲何如
秋風起江上
白日落路隅
迴首語五馬
去矣勿踟躕",242
344,poem,344,卷八,,,閑適,秋蝶,,,344,revised_jsonl_direct,0345,822,revised_jsonl,笺；升庵诗话；奉和赵王隐士诗,,0,False,,0,False,1,12,"秋花紫蒙蒙
秋蝶黄茸茸
花低蝶新小
飛戲叢西東
日暮凉風來
紛紛花落叢
夜深白露冷
蝶已死叢中
朝生夕俱死
氣類各相從
不見千年鶴
多栖百丈松","秋蝶秋花紫蒙蒙
秋蝶黄茸茸
花低蝶新小
飛戲叢西東
日暮凉風來
紛紛花落叢
夜深白露冷
蝶已死叢中
朝生夕俱死
氣類各相從
不見千年鶴
多栖百丈松",73
345,poem,345,卷八,,,閑適,登商山最高頂,,,345,revised_jsonl_direct,0346,822,revised_jsonl,笺；史记；清一统志；旧志；月灯阁避暑,史记,1,True,,0,False,1,12,"高高此山頂
四望唯烟雲
下有一條路
通達楚與秦
或名誘其心
或利牽其身
乘者及負者
來去何云云
我亦斯人徒
未能出囂塵
七年三往復
何得笑他人","登商山最高頂高高此山頂
四望唯烟雲
下有一條路
通達楚與秦
或名誘其心
或利牽其身
乘者及負者
來去何云云
我亦斯人徒
未能出囂塵
七年三往復
何得笑他人",77
346,poem,346,卷八,,,閑適,枯桑,,,346,revised_jsonl_direct,0347,822,revised_jsonl,笺；佛所行赞,,0,False,,0,False,1,6,"道傍老枯樹
枯來非一朝
皮黄外尚活
心黑中先焦
有似多憂者
非因外火燒","枯桑道傍老枯樹
枯來非一朝
皮黄外尚活
心黑中先焦
有似多憂者
非因外火燒",37
347,poem,347,卷八,,,閑適,山路偶興,,,347,revised_jsonl_direct,0348,822,revised_jsonl,笺；首夏同诸校正游开元观因宿玩月,,0,False,,0,False,1,16,"筋力未全衰
僕馬不至弱
又多山水趣
心賞非寂寞
捫蘿上烟嶺
蹋石穿雲壑
谷鳥晚仍啼
洞花秋不落
提籠復攜榼
遇勝時停泊
泉憩茶數甌
嵐行酒一酌
獨吟還獨嘯
此興殊未惡
假使在城時
終年有何樂","山路偶興筋力未全衰
僕馬不至弱
又多山水趣
心賞非寂寞
捫蘿上烟嶺
蹋石穿雲壑
谷鳥晚仍啼
洞花秋不落
提籠復攜榼
遇勝時停泊
泉憩茶數甌
嵐行酒一酌
獨吟還獨嘯
此興殊未惡
假使在城時
終年有何樂",99
348,poem,348,卷八,,,閑適,山雉,,,348,revised_jsonl_direct,0349,822,revised_jsonl,笺；庄子；论语；感鹤；左传；绝交论；文选；韩诗外传,庄子；论语；左传；韩诗外传,4,True,,0,False,1,12,"五步一啄草
十步一飲水
適性遂其生
時哉山梁雉
梁上無罾繳
梁下無鷹鸇
雌雄與羣雛
皆得終天年
嗟嗟籠下雞
及彼池中雁
既有稻粱恩
必有犧牲患","山雉五步一啄草
十步一飲水
適性遂其生
時哉山梁雉
梁上無罾繳
梁下無鷹鸇
雌雄與羣雛
皆得終天年
嗟嗟籠下雞
及彼池中雁
既有稻粱恩
必有犧牲患",73
349,poem,349,卷八,,,閑適,初下漢江舟中作寄兩省給舍,,,349,revised_jsonl_direct,0350,822,revised_jsonl,笺；酬崔舍人阁老冬至日宿直省中奉简两掖阁老并见示；大诰；坊州按狱；献浙东王大夫二首；太平广记；卢发；摭言；东京赋；史记；答元八宗简同游曲江后明日见赠,史记,1,True,,0,False,1,16,"秋水淅紅粒
朝烟烹白鱗
一食飽至夜
一卧安達晨
晨無朝謁勞
夜無直宿勤
不知兩掖客
何似扁舟人
尚想到郡日
且稱守土臣
猶須副憂寄
恤隱安疲民
期年庶報政
三年當退身
終使滄浪水
濯吾纓上塵","初下漢江舟中作寄兩省給舍秋水淅紅粒
朝烟烹白鱗
一食飽至夜
一卧安達晨
晨無朝謁勞
夜無直宿勤
不知兩掖客
何似扁舟人
尚想到郡日
且稱守土臣
猶須副憂寄
恤隱安疲民
期年庶報政
三年當退身
終使滄浪水
濯吾纓上塵",107
350,poem,350,卷八,,,閑適,自蜀江至洞庭湖口有感而作,,,350,revised_jsonl_direct,0351,822,revised_jsonl,笺；国语；书；左传；史记；方舆胜览；江赋；子虚赋；管子；太平广记；孙思邈；仙传拾遗；宣室志；礼记；大言赋；咏怀；周礼,国语；书；左传；史记；江赋；管子；礼记；周礼,8,True,,0,False,1,44,"江從西南來
浩浩無旦夕
長波逐若瀉
連山鑿如劈
千年不壅潰
萬姓無墊溺
不爾民爲魚
大哉禹之績
導岷既艱遠
距海無咫尺
胡爲不訖功
餘水斯委積
洞庭與青草
大小兩相敵
混合萬丈深
淼茫千里白
每歲秋夏時
浩大吞七澤
水族窟穴多
農人土地窄
我今尚嗟嘆
禹豈不愛惜
邈未究其由
想古觀遺跡
疑此苗人頑
恃險不終役
帝亦無奈何
留患與今昔
水流天地内
如身有血脉
滯則爲疽疣
治之在鍼石
安得禹復生
爲唐水官伯
手提倚天劍
重來親指畫
疏流似剪紙
决壅同裂帛
滲作膏腴田
踏平魚鱉宅
龍宮變閭里
水府生禾麥
坐添百萬户
書我司徒籍","自蜀江至洞庭湖口有感而作江從西南來
浩浩無旦夕
長波逐若瀉
連山鑿如劈
千年不壅潰
萬姓無墊溺
不爾民爲魚
大哉禹之績
導岷既艱遠
距海無咫尺
胡爲不訖功
餘水斯委積
洞庭與青草
大小兩相敵
混合萬丈深
淼茫千里白
每歲秋夏時
浩大吞七澤
水族窟穴多
農人土地窄
我今尚嗟嘆
禹豈不愛惜
邈未究其由
想古觀遺跡
疑此苗人頑
恃險不終役
帝亦無奈何
留患與今昔
水流天地内
如身有血脉
滯則爲疽疣
治之在鍼石
安得禹復生
爲唐水官伯
手提倚天劍
重來親指畫
疏流似剪紙
决壅同裂帛
滲作膏腴田
踏平魚鱉宅
龍宮變閭里
水府生禾麥
坐添百萬户
書我司徒籍",275
351,poem,351,卷八,,,閑適,初領郡政衙退登東樓作,,,351,revised_jsonl_direct,0352,822,revised_jsonl,谱；笺；初领郡政衙退；语林；元藇杭州刺史制；咸淳临安志；太平寰宇记；史记；巡属县道中作；题杨颖士西亭,语林；史记,2,True,,0,False,1,16,"鰥惸心所念
簡牘手自操
何言符竹貴
未免州縣勞
賴是餘杭郡
臺榭遶官曹
凌晨親政事
向晚恣遊遨
山冷微有雪
波平未生濤
水心如鏡面
千里無纖毫
直下江最闊
近東樓更高
煩襟與滯念
一望皆遁逃","初領郡政衙退登東樓作鰥惸心所念
簡牘手自操
何言符竹貴
未免州縣勞
賴是餘杭郡
臺榭遶官曹
凌晨親政事
向晚恣遊遨
山冷微有雪
波平未生濤
水心如鏡面
千里無纖毫
直下江最闊
近東樓更高
煩襟與滯念
一望皆遁逃",105
352,poem,352,卷八,,,閑適,清調吟,,,352,revised_jsonl_direct,0353,822,revised_jsonl,笺；旧唐书；燕乐探微；清乐的调；谕友；中阿含经；庄子,庄子,1,True,,0,False,1,12,"索索風戒寒
沉沉日藏耀
勸君飲濁醪
聽我吟清調
芳節變窮陰
朝光成夕照
與君生此世
不合長年少
今晨從此過
明日安能料
若不結跏禪
即須開口笑","清調吟索索風戒寒
沉沉日藏耀
勸君飲濁醪
聽我吟清調
芳節變窮陰
朝光成夕照
與君生此世
不合長年少
今晨從此過
明日安能料
若不結跏禪
即須開口笑",74
353,poem,353,卷八,,,閑適,狂歌詞,,,353,revised_jsonl_direct,0354,822,revised_jsonl,笺；列子；古意赠王中书；文帝诔；汉书；三国志；史记；括地志,列子；汉书；史记,3,True,,0,False,1,12,"明月照君席
白露霑我衣
勸君酒杯滿
聽我狂歌詞
五十已後衰
二十已前癡
晝夜又分半
其間幾何時
生前不歡樂
死後有餘貲
焉用黄墟下
珠衾玉匣爲","狂歌詞明月照君席
白露霑我衣
勸君酒杯滿
聽我狂歌詞
五十已後衰
二十已前癡
晝夜又分半
其間幾何時
生前不歡樂
死後有餘貲
焉用黄墟下
珠衾玉匣爲",74
354,poem,354,卷八,,,閑適,郡亭,,,354,revised_jsonl_direct,0355,822,revised_jsonl,笺；后汉书；旧唐书；冷泉亭记；白氏文集；咸淳临安志；虚白堂；长庆二年七月自中书舍人出守杭州路次蓝溪作,后汉书,1,True,,0,False,1,16,"平旦起視事
亭午卧掩關
除親簿領外
多在琴書前
况有虛白亭
坐見海門山
潮來一凭檻
賓至一開筵
終朝對雲水
有時聽管絃
持此聊過日
非忙亦非閑
山林太寂寞
朝闕空喧煩
唯兹郡閣内
囂靜得中間","郡亭平旦起視事
亭午卧掩關
除親簿領外
多在琴書前
况有虛白亭
坐見海門山
潮來一凭檻
賓至一開筵
終朝對雲水
有時聽管絃
持此聊過日
非忙亦非閑
山林太寂寞
朝闕空喧煩
唯兹郡閣内
囂靜得中間",97
355,poem,355,卷八,,,閑適,詠懷,,,355,revised_jsonl_direct,0356,822,revised_jsonl,笺；旧唐书；史记；后汉书；昭国闲居；墨子；庄子；易；増壹阿含经,史记；后汉书；墨子；庄子；易,5,True,,0,False,1,20,"昔爲鳳閣郎
今爲二千石
自覺不如今
人言不如昔
昔雖居近密
終日多憂惕
有詩不敢吟
有酒不敢喫
今雖在疏遠
竟歲無牽役
飽食坐終朝
長歌醉通夕
人生百年内
疾速如過隙
先務身安閑
次要心歡適
事有得而失
物有損而益
所以見道人
觀心不觀跡","詠懷昔爲鳳閣郎
今爲二千石
自覺不如今
人言不如昔
昔雖居近密
終日多憂惕
有詩不敢吟
有酒不敢喫
今雖在疏遠
竟歲無牽役
飽食坐終朝
長歌醉通夕
人生百年内
疾速如過隙
先務身安閑
次要心歡適
事有得而失
物有損而益
所以見道人
觀心不觀跡",121
356,poem,356,卷八,,,閑適,立春後五日,,,356,revised_jsonl_direct,0357,823,revised_jsonl,谱；笺；邻里相送方山诗,,0,False,,0,False,1,12,"立春後五日
春態紛婀娜
白日斜漸長
碧雲低欲墮
殘冰坼玉片
新萼排紅顆
遇物盡欣欣
愛春非獨我
迎芳後園立
就暖前簷坐
還有惆悵心
欲别紅爐火","立春後五日立春後五日
春態紛婀娜
白日斜漸長
碧雲低欲墮
殘冰坼玉片
新萼排紅顆
遇物盡欣欣
愛春非獨我
迎芳後園立
就暖前簷坐
還有惆悵心
欲别紅爐火",76
357,poem,357,卷八,,,閑適,郡中即事,,,357,revised_jsonl_direct,0358,823,revised_jsonl,谱；笺；侍游新亭应令；长安路；过骆山人野居小池；新唐书；旧唐书；丘中有一士；效陶潜体诗十六首,,0,False,,0,False,1,20,"漫漫潮初平
熙熙春日至
空闊遠江山
晴明好天氣
外有適意物
中無繫心事
數篇對竹吟
一杯望雲醉
行攜杖扶力
卧讀書取睡
久養病形骸
深諳閑氣味
遥思九城陌
擾擾趨名利
今朝是隻日
朝謁多軒騎
寵者防悔尤
權者懷憂畏
爲報高車蓋
恐非真富貴","郡中即事漫漫潮初平
熙熙春日至
空闊遠江山
晴明好天氣
外有適意物
中無繫心事
數篇對竹吟
一杯望雲醉
行攜杖扶力
卧讀書取睡
久養病形骸
深諳閑氣味
遥思九城陌
擾擾趨名利
今朝是隻日
朝謁多軒騎
寵者防悔尤
權者懷憂畏
爲報高車蓋
恐非真富貴",123
358,poem,358,卷八,,,閑適,郡齋暇日辱常州陳郎中使君早春晚坐水西館書事詩十六韻見寄亦以十六韻酬之,,,358,revised_jsonl_direct,0359,823,revised_jsonl,谱；笺；旧唐书；毗陵东山；唐会要；晋书；寄裴郓州；马上作；相和歌辞；上林赋；文选；赠妇诗；古诗十九首；移书让太常博士；礼稽命征；正法念处经,晋书；上林赋；礼稽命征,3,True,,0,False,1,32,"新年多暇日
晏起褰簾坐
睡足心更慵
日高頭未裹
徐傾下藥酒
稍爇煎茶火
誰伴寂寥身
無絃琴在左
遥思毗陵館
春深物嫋娜
波拂黄柳梢
風摇白梅朵
衙門排曉戟
鈴閣開朝鎖
太守水西來
朱衣垂素舸
良晨不易得
佳會無由果
五馬正相望
雙魚忽前墮
魚中獲瑰寶
持玩何磊砢
一百六十言
字字靈珠顆
上申心款曲
下叙時轗軻
才富不如君
道孤還似我
敢辭官遠慢
且貴身安妥
勿復問榮枯
冥心無不可","郡齋暇日辱常州陳郎中使君早春晚坐水西館書事詩十六韻見寄亦以十六韻酬之新年多暇日
晏起褰簾坐
睡足心更慵
日高頭未裹
徐傾下藥酒
稍爇煎茶火
誰伴寂寥身
無絃琴在左
遥思毗陵館
春深物嫋娜
波拂黄柳梢
風摇白梅朵
衙門排曉戟
鈴閣開朝鎖
太守水西來
朱衣垂素舸
良晨不易得
佳會無由果
五馬正相望
雙魚忽前墮
魚中獲瑰寶
持玩何磊砢
一百六十言
字字靈珠顆
上申心款曲
下叙時轗軻
才富不如君
道孤還似我
敢辭官遠慢
且貴身安妥
勿復問榮枯
冥心無不可",225
359,poem,359,卷八,,,閑適,官舍,,,359,revised_jsonl_direct,0360,823,revised_jsonl,谱；笺；观稼；废居行；楚辞,楚辞,1,True,,0,False,1,18,"高樹換新葉
陰陰覆地隅
何言太守宅
有似幽人居
太守卧其下
閑慵兩有餘
起嘗一甌茗
行讀一卷書
早梅結青實
殘櫻落紅珠
稚女弄庭果
嬉戲牽人裾
是日晚彌靜
巢禽下相呼
嘖嘖護兒鵲
啞啞母子烏
豈唯云鳥爾
吾亦引吾雛","官舍高樹換新葉
陰陰覆地隅
何言太守宅
有似幽人居
太守卧其下
閑慵兩有餘
起嘗一甌茗
行讀一卷書
早梅結青實
殘櫻落紅珠
稚女弄庭果
嬉戲牽人裾
是日晚彌靜
巢禽下相呼
嘖嘖護兒鵲
啞啞母子烏
豈唯云鳥爾
吾亦引吾雛",109
360,poem,360,卷八,,,閑適,吾雛,,,360,revised_jsonl_direct,0361,822,revised_jsonl,笺；弄龜罗；江陵三梦；和杨师臯伤小姬英英；后汉书；汉书,后汉书；汉书,2,True,,0,False,1,20,"吾雛字阿羅
阿羅纔七齡
嗟吾不生子
憐汝無弟兄
撫養雖驕騃
性識頗聰明
學母畫眉樣
效吾詠詩聲
我齒今欲墮
汝齒昨始生
我頭髮盡落
汝頂髻初成
老幼不相待
父衰汝孩嬰
緬想古人心
兹愛亦不輕
蔡邕念文姬
于公歎緹縈
敢求得汝力
但未忘父情","吾雛吾雛字阿羅
阿羅纔七齡
嗟吾不生子
憐汝無弟兄
撫養雖驕騃
性識頗聰明
學母畫眉樣
效吾詠詩聲
我齒今欲墮
汝齒昨始生
我頭髮盡落
汝頂髻初成
老幼不相待
父衰汝孩嬰
緬想古人心
兹愛亦不輕
蔡邕念文姬
于公歎緹縈
敢求得汝力
但未忘父情",121
361,poem,361,卷八,,,閑適,題小橋前新竹招客,,,361,revised_jsonl_direct,0362,823,revised_jsonl,谱；笺；和微之诗二十三首；新春江次；答客问杭州；答王尚书问履道池旧桥；寄蜀中薛涛校书；早春晚归；竹枝词；云仙杂记；竹枝曲,,0,False,,0,False,1,16,"雁齒小虹橋
垂簷低白屋
橋前何所有
苒苒新生竹
皮開拆褐錦
節露抽青玉
筠翠如可飡
粉霜不忍觸
閑吟聲未已
幽玩心難足
管領好風烟
輕欺凡草木
誰能有月夜
伴我林中宿
爲君傾一杯
狂歌竹枝曲","題小橋前新竹招客雁齒小虹橋
垂簷低白屋
橋前何所有
苒苒新生竹
皮開拆褐錦
節露抽青玉
筠翠如可飡
粉霜不忍觸
閑吟聲未已
幽玩心難足
管領好風烟
輕欺凡草木
誰能有月夜
伴我林中宿
爲君傾一杯
狂歌竹枝曲",103
362,poem,362,卷八,,,閑適,病中逢秋招客夜酌,,,362,revised_jsonl_direct,0363,823,revised_jsonl,谱；笺；太平广记；张文仲；朝野佥载；本草；华氏中藏经序；郑群赠簟；寄蕲州簟与元九因题六韵；新唐书；湖中送敬十使君适广陵；新晴,本草,1,True,,0,False,1,12,"不見詩酒客
卧來半月餘
合和新藥草
尋檢舊方書
晚霽烟景度
早凉窗户虛
雪生衰鬢久
秋入病心初
卧簟蘄竹冷
風襟邛葛疏
夜來身校健
小飲復何如","病中逢秋招客夜酌不見詩酒客
卧來半月餘
合和新藥草
尋檢舊方書
晚霽烟景度
早凉窗户虛
雪生衰鬢久
秋入病心初
卧簟蘄竹冷
風襟邛葛疏
夜來身校健
小飲復何如",79
363,poem,363,卷八,,,閑適,食飽,,,363,revised_jsonl_direct,0364,823,revised_jsonl,谱；笺,,0,False,,0,False,1,8,"食飽拂枕卧
睡足起閑吟
淺酌一杯酒
緩彈數弄琴
既可暢情性
亦足傲光陰
誰知利名盡
無復長安心","食飽食飽拂枕卧
睡足起閑吟
淺酌一杯酒
緩彈數弄琴
既可暢情性
亦足傲光陰
誰知利名盡
無復長安心",49
364,poem,364,卷八,,,閑適,嚴十八郎中在郡日改制東南樓因名清輝未立標牓徵歸郎署予既到郡性愛樓居宴遊其間頗有幽致聊成十韻兼戲寄嚴,,,364,revised_jsonl_direct,0365,824,revised_jsonl,笺；唐语林；元藇杭州刺史制；冷泉亭记；读书杂识；杭州刺史考；永福寺石壁法华经记；酬严十八郎中见示；咸淳临安志；汉官仪；寄职方刘郎中；书；四时赋；杂体诗三十首,汉官仪；书,2,True,,0,False,1,20,"嚴郎制兹樓
立名曰清輝
未及署花牓
遽徵還粉闈
去來三四年
塵土登者稀
今春新太守
掃洒施簾幃
院柳烟婀娜
簷花雪霏微
看山倚前户
待月闡東扉
碧窗戞瑶瑟
朱欄飄舞衣
燒香卷幕坐
風燕雙雙飛
君作不得住
我來幸因依
始知天地間
靈境有所歸","嚴十八郎中在郡日改制東南樓因名清輝未立標牓徵歸郎署予既到郡性愛樓居宴遊其間頗有幽致聊成十韻兼戲寄嚴嚴郎制兹樓
立名曰清輝
未及署花牓
遽徵還粉闈
去來三四年
塵土登者稀
今春新太守
掃洒施簾幃
院柳烟婀娜
簷花雪霏微
看山倚前户
待月闡東扉
碧窗戞瑶瑟
朱欄飄舞衣
燒香卷幕坐
風燕雙雙飛
君作不得住
我來幸因依
始知天地間
靈境有所歸",168
365,poem,365,卷八,,,閑適,南亭對酒送春,,,365,revised_jsonl_direct,0366,824,revised_jsonl,笺；礼记；牡丹芳；赠卫八处士,礼记,1,True,,0,False,1,20,"含桃實已落
紅薇花尚熏
冉冉三月盡
晚鶯城上聞
獨持一杯酒
南亭送殘春
半酣忽長歌
歌中何所云
云我五十餘
未是苦老人
刺史二千石
亦不爲賤貧
天下三品官
多老於我身
同年登第者
零落無一分
親故半爲鬼
僮僕多見孫
念此聊自解
逢酒且歡欣","南亭對酒送春含桃實已落
紅薇花尚熏
冉冉三月盡
晚鶯城上聞
獨持一杯酒
南亭送殘春
半酣忽長歌
歌中何所云
云我五十餘
未是苦老人
刺史二千石
亦不爲賤貧
天下三品官
多老於我身
同年登第者
零落無一分
親故半爲鬼
僮僕多見孫
念此聊自解
逢酒且歡欣",125
366,poem,366,卷八,,,閑適,玩新庭樹因詠所懷,,,366,revised_jsonl_direct,0367,824,revised_jsonl,笺；读书斋诗；临观赋；春日游慈恩寺寄畅当；一字至七字诗,,0,False,,0,False,1,16,"靄靄四月初
新樹葉成陰
動摇風景麗
蓋覆庭院深
下有無事人
竟日此幽尋
豈唯玩時物
亦可開煩襟
時與道人語
或聽詩客吟
度春足芳色
入夜多鳴禽
偶得幽閑境
遂忘塵俗心
始知真隱者
不必在山林","玩新庭樹因詠所懷靄靄四月初
新樹葉成陰
動摇風景麗
蓋覆庭院深
下有無事人
竟日此幽尋
豈唯玩時物
亦可開煩襟
時與道人語
或聽詩客吟
度春足芳色
入夜多鳴禽
偶得幽閑境
遂忘塵俗心
始知真隱者
不必在山林",103
367,poem,367,卷八,,,閑適,仲夏齋戒月,,,367,revised_jsonl_direct,0368,824,revised_jsonl,笺；云笈七签；录神诚戒序；庄子；题赠郑秘书征君石沟溪隐居；抱朴子内篇；王屋真人口授阴丹秘诀灵篇,庄子,1,True,,0,False,1,20,"仲夏齋戒月
三旬斷腥羶
自覺心骨爽
行起身翩翩
始知絶粒人
四體更輕便
初能脱病患
久必成神仙
禦寇馭泠風
赤松游紫烟
常疑此説謬
今乃知其然
我年過半百
氣衰神不全
已垂兩鬢絲
難補三丹田
但減葷血味
稍結清淨緣
脱巾且修養
聊以終天年","仲夏齋戒月仲夏齋戒月
三旬斷腥羶
自覺心骨爽
行起身翩翩
始知絶粒人
四體更輕便
初能脱病患
久必成神仙
禦寇馭泠風
赤松游紫烟
常疑此説謬
今乃知其然
我年過半百
氣衰神不全
已垂兩鬢絲
難補三丹田
但減葷血味
稍結清淨緣
脱巾且修養
聊以終天年",124
368,poem,368,卷八,,,閑適,除官去未間,,,368,revised_jsonl_direct,0369,,revised_jsonl,谱；笺；除官去未间；三年为刺史；唐书；墓碑；太平广记；马处谦；北梦琐言；李元平；异物志；易；登楼赋；入东经诸暨县下浙,异物志；易；登楼赋,3,True,,0,False,1,16,"除官去未間
半月恣游討
朝尋霞外寺
暮宿波上島
新樹少於松
平湖半連草
躋攀有次第
賞玩無昏早
有時騎馬醉
兀兀冥天造
窮通與生死
其奈吾懷抱
江山信爲美
齒髮行將老
在郡誠未厭平
歸鄉去亦好","除官去未間除官去未間
半月恣游討
朝尋霞外寺
暮宿波上島
新樹少於松
平湖半連草
躋攀有次第
賞玩無昏早
有時騎馬醉
兀兀冥天造
窮通與生死
其奈吾懷抱
江山信爲美
齒髮行將老
在郡誠未厭平
歸鄉去亦好",101
369,poem,369,卷八,,,閑適,三年爲刺史二首其一,,,369,revised_jsonl_direct,0370,824,revised_jsonl,谱；笺；左传；诗,左传；诗,2,True,,0,False,1,6,"三年爲刺史
無政在人口
唯向郡城中
題詩十餘首
慚非甘棠詠
豈有思人不","三年爲刺史二首其一三年爲刺史
無政在人口
唯向郡城中
題詩十餘首
慚非甘棠詠
豈有思人不",44
370,poem,370,卷八,,,閑適,三年爲刺史二首其二,,,370,revised_jsonl_direct,0371,,revised_jsonl,庄子；赠刘都使；吴声歌曲；寒山诗注；咸淳临安志；舆地志；淳祐志；水经注,庄子,1,True,,0,False,1,6,"三年爲刺史
飲冰復食蘗
唯向天竺山
取得兩片石
此抵有千金
無乃傷清白","三年爲刺史二首其二三年爲刺史
飲冰復食蘗
唯向天竺山
取得兩片石
此抵有千金
無乃傷清白",44
371,poem,371,卷八,,,閑適,别萱桂,,,371,revised_jsonl_direct,0372,824,revised_jsonl,笺；楚辞；枯树赋；诗,楚辞；诗,2,True,,0,False,1,6,"使君竟不住
萱桂徒栽種
桂有留人名
萱無忘憂用
不如江畔月
步步來相送","别萱桂使君竟不住
萱桂徒栽種
桂有留人名
萱無忘憂用
不如江畔月
步步來相送",38
372,poem,372,卷八,,,閑適,自餘杭歸宿淮口作,,,372,revised_jsonl_direct,0373,824,revised_jsonl,笺；诗,诗,1,True,,0,False,1,18,"爲郡已多暇
猶少勤吏職
罷郡更安閑
無所勞心力
舟行明月下
夜泊清淮北
豈止吾一身
舉家同燕息
三年請祿俸
頗有餘衣食
乃至僮僕間
皆無凍餒色
行行弄雲水
步步近鄉國
妻子在我前
琴書在我側
此外吾不知
於焉心自得","自餘杭歸宿淮口作爲郡已多暇
猶少勤吏職
罷郡更安閑
無所勞心力
舟行明月下
夜泊清淮北
豈止吾一身
舉家同燕息
三年請祿俸
頗有餘衣食
乃至僮僕間
皆無凍餒色
行行弄雲水
步步近鄉國
妻子在我前
琴書在我側
此外吾不知
於焉心自得",115
373,poem,373,卷八,,,閑適,舟中李山人訪宿,,,373,revised_jsonl_direct,0374,824,revised_jsonl,笺；淮南子；散骑常侍刘府君诔；庄子；世说新语；诗品序,淮南子；庄子,2,True,,0,False,1,12,"日暮舟悄悄
烟生水沉沉
何以延宿客
夜酒與秋琴
來客道門子
來自嵩高岑
軒軒舉雲貌
豁豁開清襟
得意言語斷
入玄滋味深
默然相顧哂
心適而忘心","舟中李山人訪宿日暮舟悄悄
烟生水沉沉
何以延宿客
夜酒與秋琴
來客道門子
來自嵩高岑
軒軒舉雲貌
豁豁開清襟
得意言語斷
入玄滋味深
默然相顧哂
心適而忘心",78
374,poem,374,卷八,,,閑適,洛下卜居,,,374,revised_jsonl_direct,0375,824,revised_jsonl,笺；三年为刺史二首；世说新语；瘗鹤铭；刘苏州以华亭一鹤远寄以诗谢之；旧唐书；通典；唐两京城坊考；池上篇；白氏文集,,0,False,,0,False,1,26,"三年典郡歸
所得非金帛
天竺石兩片
華亭鶴一隻
飲啄供稻粱
包裹用茵蓆
誠知是勞費
其奈心愛惜
遠從餘杭郭
同到洛陽陌
下擔拂雲根
開籠展霜翮
貞姿不可雜
高性宜其適
遂就無塵坊
仍求有水宅
東南得幽境
樹老寒泉碧
池畔多竹陰
門前少人跡
未請中庶祿
且脱雙驂易
買履道宅價不足
因以兩馬償之
豈獨爲身謀
安吾鶴與石","洛下卜居三年典郡歸
所得非金帛
天竺石兩片
華亭鶴一隻
飲啄供稻粱
包裹用茵蓆
誠知是勞費
其奈心愛惜
遠從餘杭郭
同到洛陽陌
下擔拂雲根
開籠展霜翮
貞姿不可雜
高性宜其適
遂就無塵坊
仍求有水宅
東南得幽境
樹老寒泉碧
池畔多竹陰
門前少人跡
未請中庶祿
且脱雙驂易
買履道宅價不足
因以兩馬償之
豈獨爲身謀
安吾鶴與石",162
375,poem,375,卷八,,,閑適,洛中偶作,,,375,revised_jsonl_direct,0376,824,revised_jsonl,笺；自江州至忠州；思竹窗；晋书；后汉书；楚辞；让詹事表；水经注；初学记；西征纪；补亡诗序,晋书；后汉书；楚辞,3,True,,0,False,1,24,"五年職翰林
四年蒞潯陽
一年巴郡守
半年南宮郎
二年直綸閣
三年刺史堂
凡此十五載
有詩千餘章
境興周萬象
土風備四方
獨無洛中作
能不心悢悢
今爲春宮長
始來遊此鄉
徘徊伊澗上
睥睨嵩少傍
遇物輒一詠
一詠傾一觴
筆下成釋憾
卷中同補亡
往往顧自哂
眼昏鬚鬢蒼
不知老將至
猶自放詩狂","洛中偶作五年職翰林
四年蒞潯陽
一年巴郡守
半年南宮郎
二年直綸閣
三年刺史堂
凡此十五載
有詩千餘章
境興周萬象
土風備四方
獨無洛中作
能不心悢悢
今爲春宮長
始來遊此鄉
徘徊伊澗上
睥睨嵩少傍
遇物輒一詠
一詠傾一觴
筆下成釋憾
卷中同補亡
往往顧自哂
眼昏鬚鬢蒼
不知老將至
猶自放詩狂",147
376,poem,376,卷八,,,閑適,贈蘇少府,,,376,revised_jsonl_direct,0377,824,revised_jsonl,笺；答苏庶子；答苏六；答苏庶子月夜闻家僮奏乐见赠；史记；汉书音义；截树；驾部郑郎中三十八丈尹贰东周荣加金紫；括地志；注水经,史记,1,True,,0,False,1,12,"籍甚二十年
今日方款顔
相送嵩洛下
論心杯酒間
河亞懶出入
府寮多閉關
蒼髮彼此老
白日尋常閑
朝欲攜手出
暮思聯騎還
何當挈一榼
同宿龍門山","贈蘇少府籍甚二十年
今日方款顔
相送嵩洛下
論心杯酒間
河亞懶出入
府寮多閉關
蒼髮彼此老
白日尋常閑
朝欲攜手出
暮思聯騎還
何當挈一榼
同宿龍門山",75
377,poem,377,卷八,,,閑適,移家入新宅,,,377,revised_jsonl_direct,0378,824,revised_jsonl,笺；夏日独直寄萧侍御；史记；玉篇,史记,1,True,,0,False,1,32,"移家入新宅
罷郡有餘資
既可避燥濕
復免憂寒飢
疾平未還假
官閑得分司
幸有祿俸在
而無職役羈
清旦盥漱畢
開軒卷簾幃
家人及雞犬
隨我亦熙熙
取興或寄酒
放情不過詩
何必苦修道
此即是無爲
外累信已遣
中懷時有思
有思一何遠
默坐低雙眉
十載囚竄客
萬里征戍兒
春朝鎖籠鳥
冬夜支床龜
驛馬走四蹄
痛酸無歇期
磑牛封兩目
閽閉何人知
誰能脱放去
四散任所之
各得適其性
如吾今日時","移家入新宅移家入新宅
罷郡有餘資
既可避燥濕
復免憂寒飢
疾平未還假
官閑得分司
幸有祿俸在
而無職役羈
清旦盥漱畢
開軒卷簾幃
家人及雞犬
隨我亦熙熙
取興或寄酒
放情不過詩
何必苦修道
此即是無爲
外累信已遣
中懷時有思
有思一何遠
默坐低雙眉
十載囚竄客
萬里征戍兒
春朝鎖籠鳥
冬夜支床龜
驛馬走四蹄
痛酸無歇期
磑牛封兩目
閽閉何人知
誰能脱放去
四散任所之
各得適其性
如吾今日時",196
378,poem,378,卷八,,,閑適,琴,,,378,revised_jsonl_direct,0379,824,revised_jsonl,笺,,0,False,,0,False,1,4,"置琴曲机上
慵坐但含情
何煩故揮弄
風絃自有聲","琴置琴曲机上
慵坐但含情
何煩故揮弄
風絃自有聲",24
379,poem,379,卷八,,,閑適,鶴,,,379,revised_jsonl_direct,0380,824,revised_jsonl,笺；与杨德祖书；淮南子,淮南子,1,True,,0,False,1,4,"人各有所好
物固無常宜
誰謂爾能舞
不如閑立時","鶴人各有所好
物固無常宜
誰謂爾能舞
不如閑立時",24
380,poem,380,卷八,,,閑適,自詠,,,380,revised_jsonl_direct,0381,824,revised_jsonl,笺；老夫；朝野佥载；旧唐书；酒德颂；春眠；淮南子；雪谗诗赠友人,酒德颂；淮南子,2,True,,0,False,1,30,"夜鏡隱白髮
朝酒發紅顔
可憐假年少
自笑須臾間
朱砂賤如土
不解燒爲丹
玄鬢化爲雪
未聞休得官
咄哉箇丈夫
心性何墮頑
但遇詩與酒
便忘寢與飡
高聲發一吟
似得詩中仙
引滿飲一盞
盡忘身外緣
昔有醉先生
席地而幕天
于今居處在
許我當中眠
眠罷又一酌
酌罷又一篇
迴面顧妻子
生計方落然
誠知此事非
又過知非年
豈不欲自改
改即心不安
且向安處去
其餘皆老閑","自詠夜鏡隱白髮
朝酒發紅顔
可憐假年少
自笑須臾間
朱砂賤如土
不解燒爲丹
玄鬢化爲雪
未聞休得官
咄哉箇丈夫
心性何墮頑
但遇詩與酒
便忘寢與飡
高聲發一吟
似得詩中仙
引滿飲一盞
盡忘身外緣
昔有醉先生
席地而幕天
于今居處在
許我當中眠
眠罷又一酌
酌罷又一篇
迴面顧妻子
生計方落然
誠知此事非
又過知非年
豈不欲自改
改即心不安
且向安處去
其餘皆老閑",181
381,poem,381,卷八,,,閑適,林下閑步寄皇甫庶子,,,381,revised_jsonl_direct,0382,824,revised_jsonl,笺；唐书；唐银青光禄大夫太子少保安定皇甫公墓志铭；白氏文集；通典；自考功员外授给事中,,0,False,,0,False,1,12,"扶杖起病初
策馬立未任
既懶出門去
亦無客來尋
以此遂成閑
閑步遶園林
天曉烟景淡
樹寒鳥雀深
一酌池上酒
數聲竹間吟
寄言東曹長
當知幽獨心","林下閑步寄皇甫庶子扶杖起病初
策馬立未任
既懶出門去
亦無客來尋
以此遂成閑
閑步遶園林
天曉烟景淡
樹寒鳥雀深
一酌池上酒
數聲竹間吟
寄言東曹長
當知幽獨心",80
382,poem,382,卷八,,,閑適,晏起,,,382,revised_jsonl_direct,0383,824,revised_jsonl,笺；庄子；淮南子,庄子；淮南子,2,True,,0,False,1,16,"鳥鳴庭樹上
日照屋簷時
老去慵轉極
寒來起尤遲
厚薄被適性
高低枕得宜
神安體穩暖
此味何人知
睡足仰頭坐
兀然無所思
如未鑿七竅
若都遺四肢
緬想長安客
早朝霜滿衣
彼此各自適
不知誰是非","晏起鳥鳴庭樹上
日照屋簷時
老去慵轉極
寒來起尤遲
厚薄被適性
高低枕得宜
神安體穩暖
此味何人知
睡足仰頭坐
兀然無所思
如未鑿七竅
若都遺四肢
緬想長安客
早朝霜滿衣
彼此各自適
不知誰是非",97
383,poem,383,卷八,,,閑適,池畔二首其一,,,383,revised_jsonl_direct,0384,824,revised_jsonl,笺；招隐诗；文选；墨麈尾铭,,0,False,,0,False,1,4,"結搆池西廊
疏理池東樹
此意人不知
欲爲待月處","池畔二首其一結搆池西廊
疏理池東樹
此意人不知
欲爲待月處",29
384,poem,384,卷八,,,閑適,池畔二首其二,,,384,revised_jsonl_direct,0385,,revised_jsonl,,,0,False,,0,False,1,4,"持刀間密竹
竹少風來多
此意人不會
欲令池有波","池畔二首其二持刀間密竹
竹少風來多
此意人不會
欲令池有波",29
385,poem,385,卷八,,,閑適,春葺新居,,,385,revised_jsonl_direct,0386,,revised_jsonl,偶吟二首；埤雅；山中独吟；信心铭,,0,False,,0,False,1,20,"江州司馬日
忠州刺史時
栽松滿後院
種柳蔭前墀
彼皆非吾土
栽種尚忘疲
况兹是我宅
葺蓺固其宜
平旦領僕使
乘春親指揮
移花夾暖室
洗竹覆寒池
池水變淥色
池芳動清輝
尋芳弄水坐
盡日心煕熙
一物苟可適
萬緣都若遺
設如宅門外
有事吾不知","春葺新居江州司馬日
忠州刺史時
栽松滿後院
種柳蔭前墀
彼皆非吾土
栽種尚忘疲
况兹是我宅
葺蓺固其宜
平旦領僕使
乘春親指揮
移花夾暖室
洗竹覆寒池
池水變淥色
池芳動清輝
尋芳弄水坐
盡日心煕熙
一物苟可適
萬緣都若遺
設如宅門外
有事吾不知",123
386,poem,386,卷八,,,閑適,贈言,,,386,revised_jsonl_direct,0387,825,revised_jsonl,笺；汉书；宋书；答兄机；古诗十九首；文选,汉书；宋书,2,True,,0,False,1,14,"捧籝獻千金
彼金何足道
臨觴贈一言
此言真可寶
流光我已晚
適意君不早
况君春風面
柔促如芳草
二十方長成
三十向衰老
鏡中桃李色
不得十年好
胡爲坐脉脉
不肯傾懷抱","贈言捧籝獻千金
彼金何足道
臨觴贈一言
此言真可寶
流光我已晚
適意君不早
况君春風面
柔促如芳草
二十方長成
三十向衰老
鏡中桃李色
不得十年好
胡爲坐脉脉
不肯傾懷抱",85
387,poem,387,卷八,,,閑適,泛春池,,,387,revised_jsonl_direct,0388,825,revised_jsonl,笺；楚辞；世说新语；叙旧赠江阳宰陆调；东鲁门泛舟二首；除官去未间；游悟真寺诗一百三十韵；海赋；文选；清夜琴兴；北山移文；唐书；旧唐书,楚辞；海赋,2,True,,0,False,1,39,"白蘋湘渚曲
綠篠剡溪口
各在天一涯
信美非吾有
何如此庭内
水竹交左右
霜竹百千竿
烟波六七畝
泓澄動階砌
淡泞映户牗
蛇皮細有文
鏡面清無垢
主人過橋來
雙童扶一叟
恐污清泠波
塵纓先抖擻
波上一葉舟
舟中一樽酒
酒開舟不繫
去去隨所偶
或遶蒲浦前
或泊桃島後
未撥落杯花
低衝拂面柳
半酣迷所在
倚榜兀迴首
不知此何處
復是人寰否
誰知始疏鑿
幾主相傳受
楊家去云遠
田氏將非久
天與愛水人
終焉落吾手
此池始楊常侍開鑿
中間田家爲主
予今有之
蒲浦﹑桃島
皆池上所有","泛春池白蘋湘渚曲
綠篠剡溪口
各在天一涯
信美非吾有
何如此庭内
水竹交左右
霜竹百千竿
烟波六七畝
泓澄動階砌
淡泞映户牗
蛇皮細有文
鏡面清無垢
主人過橋來
雙童扶一叟
恐污清泠波
塵纓先抖擻
波上一葉舟
舟中一樽酒
酒開舟不繫
去去隨所偶
或遶蒲浦前
或泊桃島後
未撥落杯花
低衝拂面柳
半酣迷所在
倚榜兀迴首
不知此何處
復是人寰否
誰知始疏鑿
幾主相傳受
楊家去云遠
田氏將非久
天與愛水人
終焉落吾手
此池始楊常侍開鑿
中間田家爲主
予今有之
蒲浦﹑桃島
皆池上所有",239
388,poem,388,卷九,,,感傷,西明寺牡丹花時憶元九,,,388,revised_jsonl_direct,0389,805,revised_jsonl,笺；谱；与元九书；白氏文集；牡丹芳；初学记；典略；预麟趾殿校书和刘仪同；八哀诗,典略,1,True,,0,False,1,10,"前年題名處
今日看花來
一作芸香吏
三見牡丹開
豈獨花堪惜
方知老暗催
何况尋花伴
東都去未迴
詎知紅芳側
春盡思悠哉","西明寺牡丹花時憶元九前年題名處
今日看花來
一作芸香吏
三見牡丹開
豈獨花堪惜
方知老暗催
何况尋花伴
東都去未迴
詎知紅芳側
春盡思悠哉",69
389,poem,389,卷九,,,感傷,傷楊弘貞,,,389,revised_jsonl_direct,0390,806,revised_jsonl,笺；酬杨九弘贞长安病中见寄；效陶潜体诗十六首,,0,False,,0,False,1,6,"顔子昔短命
仲尼惜其賢
楊生亦好學
不幸復徒然
誰識天地意
獨與龜鶴年","傷楊弘貞顔子昔短命
仲尼惜其賢
楊生亦好學
不幸復徒然
誰識天地意
獨與龜鶴年",39
390,poem,390,卷九,,,感傷,權攝昭應早秋書事寄元拾遺兼呈李司錄,,,390,revised_jsonl_direct,0391,806,revised_jsonl,笺；旧唐书；通典；新唐书；谱；墓碑；为宋公修张良庙教；文选；晋书；后汉书；从军诗；东观汉记；忝役湘州与宣城吏民别诗,晋书；后汉书；东观汉记,3,True,,0,False,1,16,"夏閏秋候早
七月風騷騷
渭川烟景晚
驪山宮殿高
丹殿子司諫
赤縣我徒勞
相去半日程
不得同遊遨
到官來十日
覽鏡生二毛
可憐趨走吏
塵土滿青袍
郵傳擁兩驛
簿書堆六曹
爲問綱紀掾
何必使鉛刀","權攝昭應早秋書事寄元拾遺兼呈李司錄夏閏秋候早
七月風騷騷
渭川烟景晚
驪山宮殿高
丹殿子司諫
赤縣我徒勞
相去半日程
不得同遊遨
到官來十日
覽鏡生二毛
可憐趨走吏
塵土滿青袍
郵傳擁兩驛
簿書堆六曹
爲問綱紀掾
何必使鉛刀",112
391,poem,391,卷九,,,感傷,新栽竹,,,391,revised_jsonl_direct,0392,806,revised_jsonl,笺,,0,False,,0,False,1,14,"佐邑意不適
閉門秋草生
何以娛野性
種竹百餘莖
見此溪上色
憶得山中情
有時公事暇
盡日繞欄行
勿言根未固
勿言陰未成
已覺庭宇内
稍稍有餘清
最愛近窗卧
秋風枝有聲","新栽竹佐邑意不適
閉門秋草生
何以娛野性
種竹百餘莖
見此溪上色
憶得山中情
有時公事暇
盡日繞欄行
勿言根未固
勿言陰未成
已覺庭宇内
稍稍有餘清
最愛近窗卧
秋風枝有聲",86
392,poem,392,卷九,,,感傷,秋霖中過尹縱之仙遊山居,,,392,revised_jsonl_direct,0393,806,revised_jsonl,笺；仙游寺独宿；赠元稹,,0,False,,0,False,1,14,"慘慘八月暮
連連三日霖
邑居尚愁寂
况乃在山林
林下有志士
苦學惜光陰
歲晚千萬慮
併入方寸心
巖鳥共旅宿
草蟲伴愁吟
秋天床席冷
雨夜燈火深
憐君寂寞意
攜酒一相尋","秋霖中過尹縱之仙遊山居慘慘八月暮
連連三日霖
邑居尚愁寂
况乃在山林
林下有志士
苦學惜光陰
歲晚千萬慮
併入方寸心
巖鳥共旅宿
草蟲伴愁吟
秋天床席冷
雨夜燈火深
憐君寂寞意
攜酒一相尋",94
393,poem,393,卷九,,,感傷,寄江南兄弟,,,393,revised_jsonl_direct,0394,807,revised_jsonl,笺；别萧咨议衍,,0,False,,0,False,1,16,"分散骨肉戀
趨馳名利牽
一奔塵埃馬
一汎風波船
忽憶分首時
憫默秋風前
别來朝復夕
積日成七年
花落城中地
春深江上天
登樓東南望
鳥滅烟蒼然
相去復幾許
道里近三千
平地猶難見
况乃隔山川","寄江南兄弟分散骨肉戀
趨馳名利牽
一奔塵埃馬
一汎風波船
忽憶分首時
憫默秋風前
别來朝復夕
積日成七年
花落城中地
春深江上天
登樓東南望
鳥滅烟蒼然
相去復幾許
道里近三千
平地猶難見
况乃隔山川",100
394,poem,394,卷九,,,感傷,曲江早秋,,,394,revised_jsonl_direct,0395,807,revised_jsonl,谱；笺；曲江早秋；东陂秋意寄元八；春雪；感时；楚辞；月赋,楚辞；月赋,2,True,,0,False,1,14,"秋波紅蓼水
夕照青蕪岸
獨信馬蹄行
曲江池西畔
早凉晴後至
殘暑暝來散
方喜炎燠銷
復嗟時節換
我年三十六
冉冉昏復旦
人壽七十稀
七十新過半
且當對酒笑
勿起臨風歎","曲江早秋秋波紅蓼水
夕照青蕪岸
獨信馬蹄行
曲江池西畔
早凉晴後至
殘暑暝來散
方喜炎燠銷
復嗟時節換
我年三十六
冉冉昏復旦
人壽七十稀
七十新過半
且當對酒笑
勿起臨風歎",87
395,poem,395,卷九,,,感傷,寄題盩厔廳前雙松,,,395,revised_jsonl_direct,0396,807,revised_jsonl,谱；笺；寄题盩厔双松；观刈麦；史记；三辅故事；效陶潜体诗十六首；白牡丹；赠友五首,史记,1,True,,0,False,1,24,"憶昨爲吏日
折腰多苦辛
歸家不自適
無計慰心神
手栽兩樹松
聊以當去嘉賓
乘春日一往
生意漸欣欣
清韻度秋在
綠茸隨日新
始憐澗底色
不憶城中春
有時晝掩關
雙影對一身
盡日不寂寞
意中如三人
忽奉宣室詔
徵爲文苑臣
閑來一惆悵
長似别交親
早知烟翠前
攀玩不逡巡
悔從白雲裏
移爾落囂塵","寄題盩厔廳前雙松憶昨爲吏日
折腰多苦辛
歸家不自適
無計慰心神
手栽兩樹松
聊以當去嘉賓
乘春日一往
生意漸欣欣
清韻度秋在
綠茸隨日新
始憐澗底色
不憶城中春
有時晝掩關
雙影對一身
盡日不寂寞
意中如三人
忽奉宣室詔
徵爲文苑臣
閑來一惆悵
長似别交親
早知烟翠前
攀玩不逡巡
悔從白雲裏
移爾落囂塵",152
396,poem,396,卷九,,,感傷,翰林院中感秋懷王質夫,,,396,revised_jsonl_direct,0397,808,revised_jsonl,笺；招王质夫；朝回游城南；送王处士；黑潭龙,,0,False,,0,False,1,10,"何處感時節
新蟬禁中聞
宮槐有秋意
風夕花紛紛
寄迹鴛鷺行
歸心鷗鶴羣
唯有王居士
知予憶白雲
何日仙遊寺
潭前秋見君","翰林院中感秋懷王質夫何處感時節
新蟬禁中聞
宮槐有秋意
風夕花紛紛
寄迹鴛鷺行
歸心鷗鶴羣
唯有王居士
知予憶白雲
何日仙遊寺
潭前秋見君",69
397,poem,397,卷九,,,感傷,禁中月,,,397,revised_jsonl_direct,0398,807,revised_jsonl,笺；望月怀远；公宴诗；文选；三月三日曲水诗序,,0,False,,0,False,1,8,"海上明月出
禁中清夜長
東南樓殿白
稍稍上宮牆
淨落金塘水
明浮玉砌霜
不比人間見
塵土污清光","禁中月海上明月出
禁中清夜長
東南樓殿白
稍稍上宮牆
淨落金塘水
明浮玉砌霜
不比人間見
塵土污清光",50
398,poem,398,卷九,,,感傷,贈賣松者,,,398,revised_jsonl_direct,0399,807,revised_jsonl,笺,,0,False,,0,False,1,6,"一束蒼蒼色
知從澗底來
斸掘經幾日
枝葉滿塵埃
不買非他意
城中無地栽","贈賣松者一束蒼蒼色
知從澗底來
斸掘經幾日
枝葉滿塵埃
不買非他意
城中無地栽",39
399,poem,399,卷九,,,感傷,初見白髮,,,399,revised_jsonl_direct,0400,807,revised_jsonl,笺；汉书,汉书,1,True,,0,False,1,8,"白髮生一莖
朝來明鏡裏
勿言一莖少
滿頭從此始
青山方遠别
黄綬初從仕
未料容鬢間
蹉跎忽如此","初見白髮白髮生一莖
朝來明鏡裏
勿言一莖少
滿頭從此始
青山方遠别
黄綬初從仕
未料容鬢間
蹉跎忽如此",51
400,poem,400,卷九,,,感傷,别元九後詠所懷,,,400,revised_jsonl_direct,0401,807,revised_jsonl,笺；汉书；折杨柳行；寄隐者；寄杨协律,汉书,1,True,,0,False,1,12,"零落桐葉雨
蕭條槿花風
悠悠早秋意
生此幽閑中
况與故人别
中懷正無悰
勿云不相送
心到青門東
相知豈在多
但問同不同
同心一人去
坐覺長安空","别元九後詠所懷零落桐葉雨
蕭條槿花風
悠悠早秋意
生此幽閑中
况與故人别
中懷正無悰
勿云不相送
心到青門東
相知豈在多
但問同不同
同心一人去
坐覺長安空",78
401,poem,401,卷九,,,感傷,禁中秋宿,,,401,revised_jsonl_direct,0402,807,revised_jsonl,笺；和钱员外禁中夙兴见示；冬夜与钱员外同直禁中,,0,False,,0,False,1,4,"風翻朱裏幕
雨冷通中枕
耿耿背斜燈
秋床一人寢","禁中秋宿風翻朱裏幕
雨冷通中枕
耿耿背斜燈
秋床一人寢",27
402,poem,402,卷九,,,感傷,早秋曲江感懷,,,402,revised_jsonl_direct,0403,808,revised_jsonl,笺；曲江早秋；曲江感秋,,0,False,,0,False,1,12,"離離暑雲散
嫋嫋凉風起
池上秋又來
荷花半成子
朱顔自銷歇
白日無窮已
人壽不如山
年光急於水
青蕪與紅蓼
歲歲秋相似
去歲此悲秋
今秋復來此","早秋曲江感懷離離暑雲散
嫋嫋凉風起
池上秋又來
荷花半成子
朱顔自銷歇
白日無窮已
人壽不如山
年光急於水
青蕪與紅蓼
歲歲秋相似
去歲此悲秋
今秋復來此",77
403,poem,403,卷九,,,感傷,寄元九,,,403,revised_jsonl_direct,0404,809,revised_jsonl,笺；晋书；名士优劣论；晋纪总论；长干行；晴日；赠樊著作；杂兴三首；题赠郑秘书征君石沟溪隐居,晋书；晋纪总论,2,True,,0,False,1,20,"身爲近密拘
心爲名檢縛
月夜與花時
少逢杯酒樂
唯有元夫子
閑來同一酌
把手或酣歌
展眉時笑謔
今春除御史
前月之東洛
别來未開顔
塵埃滿樽杓
蕙風晚香盡
槐雨餘花落
秋意一蕭條
離容兩寂寞
况隨白日老
共負青山約
誰識相念心
韛鷹與籠鶴","寄元九身爲近密拘
心爲名檢縛
月夜與花時
少逢杯酒樂
唯有元夫子
閑來同一酌
把手或酣歌
展眉時笑謔
今春除御史
前月之東洛
别來未開顔
塵埃滿樽杓
蕙風晚香盡
槐雨餘花落
秋意一蕭條
離容兩寂寞
况隨白日老
共負青山約
誰識相念心
韛鷹與籠鶴",122
404,poem,404,卷九,,,感傷,春暮寄元九,,,404,revised_jsonl_direct,0405,810,revised_jsonl,笺；玩新庭树因咏所怀；庄子；述祖德诗二首；垂钓；自望秦赴五松驿马上偶睡睡觉成吟；登乐游园望,庄子,1,True,,0,False,1,12,"梨花結成實
燕卵化爲雛
時物又若此
道情復何如
但覺日月促
不嗟年歲徂
浮生都是夢
老小亦何殊
唯與故人别
江陵初謫居
時時一相見
此意未全除","春暮寄元九梨花結成實
燕卵化爲雛
時物又若此
道情復何如
但覺日月促
不嗟年歲徂
浮生都是夢
老小亦何殊
唯與故人别
江陵初謫居
時時一相見
此意未全除",76
405,poem,405,卷九,,,感傷,早梳頭,,,405,revised_jsonl_direct,0406,810,revised_jsonl,笺；说苑；童蒙止观；寻简寂观瀑布；论六家要旨；悲华经；赠王山人；庄子,说苑；庄子,2,True,,0,False,1,10,"夜沐早梳頭
窗明秋鏡曉
颯然握中髮
一沐知一少
年事漸蹉跎
世緣方繳繞
不學空門法
老病何由了
未得無生心
白頭亦爲夭","早梳頭夜沐早梳頭
窗明秋鏡曉
颯然握中髮
一沐知一少
年事漸蹉跎
世緣方繳繞
不學空門法
老病何由了
未得無生心
白頭亦爲夭",62
406,poem,406,卷九,,,感傷,出關路,,,406,revised_jsonl_direct,0407,810,revised_jsonl,笺；史记；括地志；图记；高祖本纪；西征记,史记；西征记,2,True,,0,False,1,4,"山川函谷路
塵土游子顔
蕭條去國意
秋風生故關","出關路山川函谷路
塵土游子顔
蕭條去國意
秋風生故關",26
407,poem,407,卷九,,,感傷,别舍弟後月夜,,,407,revised_jsonl_direct,0408,810,revised_jsonl,笺；和答诗十首,,0,False,,0,False,1,12,"悄悄初别夜
去住兩盤桓
行子孤燈店
居人明月軒
平生共貧苦
未必日成歡
及此暫爲别
懷抱已憂煩
况是庭葉盡
復思山路寒
如何不爲念
馬瘦衣裳單","别舍弟後月夜悄悄初别夜
去住兩盤桓
行子孤燈店
居人明月軒
平生共貧苦
未必日成歡
及此暫爲别
懷抱已憂煩
况是庭葉盡
復思山路寒
如何不爲念
馬瘦衣裳單",77
408,poem,408,卷九,,,感傷,新豐路逢故人,,,408,revised_jsonl_direct,0409,810,revised_jsonl,笺；旧唐书；雍录；诗；传,诗；传,2,True,,0,False,1,8,"塵土長路晚
風烟廢宮秋
相逢立馬語
盡日此橋頭
知君不得意
鬱鬱來西游
惆悵新豐店
何人識馬周","新豐路逢故人塵土長路晚
風烟廢宮秋
相逢立馬語
盡日此橋頭
知君不得意
鬱鬱來西游
惆悵新豐店
何人識馬周",53
409,poem,409,卷九,,,感傷,金鑾子晬日,,,409,revised_jsonl_direct,0410,810,revised_jsonl,谱；笺；云仙杂记；丰宁传；北山移文；病中哭金銮子；韵会；少女生日感怀；骄儿诗；后汉书,后汉书,1,True,,0,False,1,12,"行年欲四十
有女曰金鑾
生來始周歲
學坐未能言
慚非達者懷
未免俗情憐
從此累身外
徒云慰目前
若無夭折患
則有婚嫁牽
使我歸山計
應遲十五年","金鑾子晬日行年欲四十
有女曰金鑾
生來始周歲
學坐未能言
慚非達者懷
未免俗情憐
從此累身外
徒云慰目前
若無夭折患
則有婚嫁牽
使我歸山計
應遲十五年",76
410,poem,410,卷九,,,感傷,青龍寺早夏,,,410,revised_jsonl_direct,0411,810,revised_jsonl,笺；唐两京城坊考；唐国史补；送王卿使君赴任苏州因思花迎新使感旧游记题郡中木兰西院一别,,0,False,,0,False,1,16,"塵埃經小雨
地高倚長坡
日西寺門外
景氣含清和
閑有老僧立
靜無凡客過
殘鶯意思盡
新葉陰凉多
春去来幾日
夏雲忽嵯峨
朝朝感時節
年鬢暗蹉跎
胡爲戀朝市
不去歸烟蘿
青山寸步地
自問心如何","青龍寺早夏塵埃經小雨
地高倚長坡
日西寺門外
景氣含清和
閑有老僧立
靜無凡客過
殘鶯意思盡
新葉陰凉多
春去来幾日
夏雲忽嵯峨
朝朝感時節
年鬢暗蹉跎
胡爲戀朝市
不去歸烟蘿
青山寸步地
自問心如何",100
411,poem,411,卷九,,,感傷,秋題牡丹叢,,,411,revised_jsonl_direct,0412,810,revised_jsonl,笺,,0,False,,0,False,1,6,"晚叢白露夕
衰葉凉風朝
紅艷久已歇
碧芳今亦銷
幽人坐相對
心事共蕭條","秋題牡丹叢晚叢白露夕
衰葉凉風朝
紅艷久已歇
碧芳今亦銷
幽人坐相對
心事共蕭條",40
412,poem,412,卷九,,,感傷,勸酒寄元九,,,412,revised_jsonl_direct,0413,810,revised_jsonl,笺；相和歌辞；庄子；楞伽师资记；楞伽经；狂歌词；独异志；效陶潜体诗十六首；感时,庄子,1,True,,0,False,1,26,"薤葉有朝露
槿枝無宿花
君今亦如此
促促生有涯
既不逐禪僧
林下學楞伽
又不隨道士
山中煉丹砂
百年夜分半
一歲春無多
何不飲美酒
胡然自悲嗟
俗號銷憂藥
神速無以加
一杯驅世慮
兩杯反天和
三杯即酩酊
或笑任狂歌
陶陶復兀兀
吾孰知其他
况在名利途
平生有風波
深心藏陷穽
巧言織網羅
舉目非不見
不醉欲如何","勸酒寄元九薤葉有朝露
槿枝無宿花
君今亦如此
促促生有涯
既不逐禪僧
林下學楞伽
又不隨道士
山中煉丹砂
百年夜分半
一歲春無多
何不飲美酒
胡然自悲嗟
俗號銷憂藥
神速無以加
一杯驅世慮
兩杯反天和
三杯即酩酊
或笑任狂歌
陶陶復兀兀
吾孰知其他
况在名利途
平生有風波
深心藏陷穽
巧言織網羅
舉目非不見
不醉欲如何",160
413,poem,413,卷九,,,感傷,曲江感秋,,,413,revised_jsonl_direct,0414,809,revised_jsonl,笺；曲江感秋二首；曲江早秋；早秋曲江感怀；秋怀诗；秋兴赋序,,0,False,,0,False,1,16,"沙草新雨地
岸柳凉風枝
三年感秋意
併在曲江池
早蟬已嘹唳
晚荷復離披
前秋去秋思
一一生此時
昔人三十二
秋興已云悲
我今欲四十
秋懷亦可知
歲月不虛設
此身隨日衰
暗老不自覺
直到鬢成絲","曲江感秋沙草新雨地
岸柳凉風枝
三年感秋意
併在曲江池
早蟬已嘹唳
晚荷復離披
前秋去秋思
一一生此時
昔人三十二
秋興已云悲
我今欲四十
秋懷亦可知
歲月不虛設
此身隨日衰
暗老不自覺
直到鬢成絲",99
414,poem,414,卷九,,,感傷,酬張太祝晚秋卧病見寄,,,414,revised_jsonl_direct,0415,810,revised_jsonl,笺；张十八；读张籍古乐府；四愁诗；拟四愁诗；诗,诗,1,True,,0,False,1,20,"高才淹禮寺
短羽翔禁林
西街居處遠
北闕官曹深
君病不來訪
我忙難往尋
差池終日别
寥落經年心
露濕綠蕪地
月寒紅樹陰
况兹獨愁夕
聞彼相思吟
上歎言笑阻
下嗟時歲侵
容衰曉窗鏡
思苦秋絃琴
一章錦繡段
八韻瓊瑶音
何以報珍重
慚無雙南金","酬張太祝晚秋卧病見寄高才淹禮寺
短羽翔禁林
西街居處遠
北闕官曹深
君病不來訪
我忙難往尋
差池終日别
寥落經年心
露濕綠蕪地
月寒紅樹陰
况兹獨愁夕
聞彼相思吟
上歎言笑阻
下嗟時歲侵
容衰曉窗鏡
思苦秋絃琴
一章錦繡段
八韻瓊瑶音
何以報珍重
慚無雙南金",129
415,poem,415,卷九,,,感傷,立秋日曲江憶元九,,,415,revised_jsonl_direct,0416,810,revised_jsonl,笺；登乐游园望；暮春寄元九,,0,False,,0,False,1,8,"下馬柳陰下
獨上堤上行
故人千萬里
新蟬三兩聲
城中曲江水
江上江陵城
兩地新秋思
應同此日情","立秋日曲江憶元九下馬柳陰下
獨上堤上行
故人千萬里
新蟬三兩聲
城中曲江水
江上江陵城
兩地新秋思
應同此日情",55
416,poem,416,卷九,,,感傷,早朝賀雪寄陳山人,,,416,revised_jsonl_direct,0417,810,revised_jsonl,笺；长恨歌传；新唐书；开元升平源；唐文粹；大统纪序；授丘纾陈鸿员外郎等制；读东城老父传；翰苑群书；翰林院故事；翰林志；长安志；雍录；和答诗十首；伤友；唐国史补；南部新书；记；大唐新语；村居苦寒,记,1,True,,0,False,1,16,"長安盈尺雪
早朝賀君喜
將赴銀臺門
始出新昌里
上堤馬蹄滑
中路蠟燭死
十里向北行
寒風吹破耳
待漏五門外
候對三殿裏
鬚鬢凍生冰
衣裳冷如水
忽思仙遊谷
暗謝陳居士
暖覆褐裘眠
日高應未起","早朝賀雪寄陳山人長安盈尺雪
早朝賀君喜
將赴銀臺門
始出新昌里
上堤馬蹄滑
中路蠟燭死
十里向北行
寒風吹破耳
待漏五門外
候對三殿裏
鬚鬢凍生冰
衣裳冷如水
忽思仙遊谷
暗謝陳居士
暖覆褐裘眠
日高應未起",103
417,poem,417,卷九,,,感傷,初與元九别後忽夢見之及寤而書適至兼寄桐花詩悵然感懷因以此寄,,,417,revised_jsonl_direct,0418,810,revised_jsonl,笺；桐花；三月二十四日宿曾峰馆夜对桐花寄乐天；和答诗十首；新唐书；登商山最高顶；旧唐书；和阳城驿,,0,False,,0,False,1,48,"永壽寺中語
新昌坊北分
歸來數行淚
悲事不悲君
悠悠藍田路
自去無消息
計君食宿程
已過商山北
昨夜雲四散
千里同月色
曉來夢見君
應是君相憶
夢中握君手
問君意何如
君言苦相憶
無人可寄書
覺來未及説
叩門聲冬冬
言是商州使
送君書一封
枕上忽驚起
顛倒著衣裳
開緘見手札
一紙十三行
上論遷謫心
下説離别腸
心腸都未盡
不暇叙炎凉
云作此書夜
夜宿商州東
獨對孤燈坐
陽城山館中
夜深作書畢
山月向西斜
月前何所有
一樹紫桐花
桐花半落時
復道正相思
殷勤書背後
兼寄桐花詩
桐花詩八韻
思緒一何深
以我今朝意
憶君此夜心
一章三遍讀
一句十迴吟
珍重八十字
字字化爲金","初與元九别後忽夢見之及寤而書適至兼寄桐花詩悵然感懷因以此寄永壽寺中語
新昌坊北分
歸來數行淚
悲事不悲君
悠悠藍田路
自去無消息
計君食宿程
已過商山北
昨夜雲四散
千里同月色
曉來夢見君
應是君相憶
夢中握君手
問君意何如
君言苦相憶
無人可寄書
覺來未及説
叩門聲冬冬
言是商州使
送君書一封
枕上忽驚起
顛倒著衣裳
開緘見手札
一紙十三行
上論遷謫心
下説離别腸
心腸都未盡
不暇叙炎凉
云作此書夜
夜宿商州東
獨對孤燈坐
陽城山館中
夜深作書畢
山月向西斜
月前何所有
一樹紫桐花
桐花半落時
復道正相思
殷勤書背後
兼寄桐花詩
桐花詩八韻
思緒一何深
以我今朝意
憶君此夜心
一章三遍讀
一句十迴吟
珍重八十字
字字化爲金",316
418,poem,418,卷九,,,感傷,和元九悼往,,,418,revised_jsonl_direct,0419,810,revised_jsonl,笺；元集；张旧蚊帱；监察御史元君妻京兆韦氏夫人墓志铭；见元九悼亡诗因以此寄；一切经音义；寄岳州贾司马六丈巴州严八使君两阁老五十韵；旧唐书；墓志；桃花源记；王孙游,,0,False,,0,False,1,20,"美人别君去
自去無處尋
舊物零落盡
此情安可任
唯有纈紗幌
塵埃日夜侵
馨香與顔色
不似舊時深
透影燈耿耿
籠光月沉沉
中有孤眠客
秋凉生夜衾
舊宅牡丹院
新墳松柏林
夢中咸陽淚
覺後江陵心
含此隔年恨
發爲中夜吟
無論君自感
聞者欲沾襟","和元九悼往美人别君去
自去無處尋
舊物零落盡
此情安可任
唯有纈紗幌
塵埃日夜侵
馨香與顔色
不似舊時深
透影燈耿耿
籠光月沉沉
中有孤眠客
秋凉生夜衾
舊宅牡丹院
新墳松柏林
夢中咸陽淚
覺後江陵心
含此隔年恨
發爲中夜吟
無論君自感
聞者欲沾襟",124
419,poem,419,卷九,,,感傷,重到渭上舊居,,,419,revised_jsonl_direct,0420,811,revised_jsonl,谱；笺；清一统志；重到渭上旧居；县志；居易录；渭南县图经；垂钓；兰亭诗；南都赋,南都赋,1,True,,0,False,1,24,"舊居清渭曲
開門當蔡渡
十年方一還
幾欲迷歸路
追思昔日行
感傷故游處
插柳作高林
種桃成老樹
因驚成人者
盡是舊童孺
試問舊老人
半爲繞村墓
浮生同過客
前後遞來去
白日如弄珠
出没光不住
人物日改變
舉目悲所遇
迴念念我身
安得不衰暮
朱顔銷不歇
白髮生無數
唯有門外山
三峰色如故","重到渭上舊居舊居清渭曲
開門當蔡渡
十年方一還
幾欲迷歸路
追思昔日行
感傷故游處
插柳作高林
種桃成老樹
因驚成人者
盡是舊童孺
試問舊老人
半爲繞村墓
浮生同過客
前後遞來去
白日如弄珠
出没光不住
人物日改變
舉目悲所遇
迴念念我身
安得不衰暮
朱顔銷不歇
白髮生無數
唯有門外山
三峰色如故",149
420,poem,420,卷九,,,感傷,白髮,,,420,revised_jsonl_direct,0421,811,revised_jsonl,谱；笺；增壹阿含经；赠王山人；大智度论,,0,False,,0,False,1,24,"白髮知時節
暗與我有期
今朝日陽裏
梳落數莖絲
家人不慣見
憫默爲我悲
我云何足怪
此意爾不知
凡人年三十
外壯中已衰
但思寢食味
已減二十時
况我今四十
本來形貌羸
書魔昏兩眼
酒病沉四肢
親愛日零落
在者仍别離
身心久如此
白髮生已遲
由來生老死
三病長相隨
除却念無生
人間無藥治","白髮白髮知時節
暗與我有期
今朝日陽裏
梳落數莖絲
家人不慣見
憫默爲我悲
我云何足怪
此意爾不知
凡人年三十
外壯中已衰
但思寢食味
已減二十時
况我今四十
本來形貌羸
書魔昏兩眼
酒病沉四肢
親愛日零落
在者仍别離
身心久如此
白髮生已遲
由來生老死
三病長相隨
除却念無生
人間無藥治",145
421,poem,421,卷九,,,感傷,秋日,,,421,revised_jsonl_direct,0422,812,revised_jsonl,谱；笺,,0,False,,0,False,1,6,"池殘寥落水
窗下悠揚日
嫋嫋秋風多
槐花半成實
下有獨立人
年來四十一","秋日池殘寥落水
窗下悠揚日
嫋嫋秋風多
槐花半成實
下有獨立人
年來四十一",37
422,poem,422,卷九,,,感傷,將之饒州江浦夜泊,,,422,revised_jsonl_direct,0423,798,revised_jsonl,笺；谱；伤远行赋；白氏文集；旧唐书；楚辞；拟四愁诗,楚辞,1,True,,0,False,1,18,"明月滿深浦
愁人卧孤舟
煩冤寢不得
夏夜長於秋
苦乏衣食資
遠爲江海游
光陰坐遲暮
鄉國行阻修
身病向鄱陽
家貧寄徐州
前事與後事
豈堪心併憂
憂來起長望
但見江水流
雲樹藹蒼蒼
烟波淡悠悠
故園迷處所
一念堪白頭","將之饒州江浦夜泊明月滿深浦
愁人卧孤舟
煩冤寢不得
夏夜長於秋
苦乏衣食資
遠爲江海游
光陰坐遲暮
鄉國行阻修
身病向鄱陽
家貧寄徐州
前事與後事
豈堪心併憂
憂來起長望
但見江水流
雲樹藹蒼蒼
烟波淡悠悠
故園迷處所
一念堪白頭",115
423,poem,423,卷九,,,感傷,思歸,,,423,revised_jsonl_direct,0424,803,revised_jsonl,笺；闲居赋；自序传；初学记；东观汉记；后汉书；补亡诗；文选；易；庄子,闲居赋；东观汉记；后汉书；易；庄子,5,True,,0,False,1,16,"養無晨昏膳
隱無伏臘資
遂求及親祿
僶俛來京師
薄俸未及親
别家已經時
冬積温席戀
春違採蘭期
夏至一陰生
稍稍夕漏遲
塊然抱愁者
夜長獨先知
悠悠鄉關路
夢去身不隨
坐惜時節變
蟬鳴槐花枝","思歸養無晨昏膳
隱無伏臘資
遂求及親祿
僶俛來京師
薄俸未及親
别家已經時
冬積温席戀
春違採蘭期
夏至一陰生
稍稍夕漏遲
塊然抱愁者
夜長獨先知
悠悠鄉關路
夢去身不隨
坐惜時節變
蟬鳴槐花枝",97
424,poem,424,卷九,,,感傷,翼城北原作,,,424,revised_jsonl_direct,0425,804,revised_jsonl,笺；旧唐书；史记；括地志；羸骏；魏都赋；拟古诗九首；诗,史记；魏都赋；诗,3,True,,0,False,1,18,"野色何莽蒼去聲
秋聲亦蕭疏
風吹黄埃起
落日驅征車
何代此開國
封疆百里餘
古今不相待
朝市無常居
昔人城邑中
今變爲丘墟
昔人墓田中
今化爲里閭
廢興相催迫
日月互居諸
世變無遺風
焉能知其初
行人千載後
懷古空躊躇","翼城北原作野色何莽蒼去聲
秋聲亦蕭疏
風吹黄埃起
落日驅征車
何代此開國
封疆百里餘
古今不相待
朝市無常居
昔人城邑中
今變爲丘墟
昔人墓田中
今化爲里閭
廢興相催迫
日月互居諸
世變無遺風
焉能知其初
行人千載後
懷古空躊躇",114
425,poem,425,卷九,,,感傷,客路感秋寄明準上人,,,425,revised_jsonl_direct,0426,800,revised_jsonl,笺；释氏要览；增一经；秋日示休上人；能改斋漫录；早梳头,,0,False,,0,False,1,12,"日暮天地冷
雨霽山河清
長風從西來
草木凝秋聲
已感歲倏忽
復傷物凋零
孰能不憯悽
天時牽人情
借問空門子
何法易修行
使我忘得心
不教煩惱生","客路感秋寄明準上人日暮天地冷
雨霽山河清
長風從西來
草木凝秋聲
已感歲倏忽
復傷物凋零
孰能不憯悽
天時牽人情
借問空門子
何法易修行
使我忘得心
不教煩惱生",80
426,poem,426,卷九,,,感傷,遊襄陽懷孟浩然,,,426,revised_jsonl_direct,0427,794,revised_jsonl,谱；笺；游襄阳怀孟浩然；旧唐书；河岳英灵集；文心雕龙,,0,False,,0,False,1,12,"楚山碧巖巖
漢水碧湯湯
秀氣結成象
孟氏之文章
今我諷遺文
思人至其鄉
清風無人繼
日暮空襄陽
南望鹿門山
藹若有餘芳
舊隱不知處
雲深樹蒼蒼","遊襄陽懷孟浩然楚山碧巖巖
漢水碧湯湯
秀氣結成象
孟氏之文章
今我諷遺文
思人至其鄉
清風無人繼
日暮空襄陽
南望鹿門山
藹若有餘芳
舊隱不知處
雲深樹蒼蒼",78
427,poem,427,卷九,,,感傷,秋暮西歸途中書情,,,427,revised_jsonl_direct,0428,800,revised_jsonl,笺；刺世疾邪赋；庄子；楚辞；美女篇,庄子；楚辞；美女篇,3,True,,0,False,1,16,"耿耿旅燈下
愁多常少眠
思鄉貴早發
發在雞鳴前
九月草木落
平蕪連遠山
秋陰和曙色
萬木蒼蒼然
去秋偶東遊
今秋始西旋
馬瘦衣裳破
别家來二年
憶歸復愁歸
歸無一囊錢
心雖非蘭膏
安得不自然","秋暮西歸途中書情耿耿旅燈下
愁多常少眠
思鄉貴早發
發在雞鳴前
九月草木落
平蕪連遠山
秋陰和曙色
萬木蒼蒼然
去秋偶東遊
今秋始西旋
馬瘦衣裳破
别家來二年
憶歸復愁歸
歸無一囊錢
心雖非蘭膏
安得不自然",103
428,poem,428,卷九,,,感傷,秋懷,,,428,revised_jsonl_direct,0429,800,revised_jsonl,笺；古诗十九首；相和歌辞；河阳县作二首,,0,False,,0,False,1,12,"月出照北堂
光華滿階墀
凉風從西至
草木日夜衰
桐柳減綠陰
蕙蘭銷碧滋
感物私自念
我心亦如之
安得長少壯
盛衰迫天時
人生如石火
爲樂常苦遲","秋懷月出照北堂
光華滿階墀
凉風從西至
草木日夜衰
桐柳減綠陰
蕙蘭銷碧滋
感物私自念
我心亦如之
安得長少壯
盛衰迫天時
人生如石火
爲樂常苦遲",73
429,poem,429,卷九,,,感傷,贈别楊穎士盧克柔殷堯藩,,,429,revised_jsonl_direct,0430,800,revised_jsonl,笺；醉中酬殷协律；题杨颖士西亭；唐才子传；唐摭言；饮酒,,0,False,,0,False,1,14,"倦鳥暮歸林
浮雲晴歸山
獨有行路子
悠悠不知還
人生苦營營
終日羣動間
所務雖不同
同歸於不閑
扁舟來楚鄉
疋馬往秦關
離憂繞心曲
宛轉如循環
且持一杯酒
聊以開愁顔","贈别楊穎士盧克柔殷堯藩倦鳥暮歸林
浮雲晴歸山
獨有行路子
悠悠不知還
人生苦營營
終日羣動間
所務雖不同
同歸於不閑
扁舟來楚鄉
疋馬往秦關
離憂繞心曲
宛轉如循環
且持一杯酒
聊以開愁顔",94
430,poem,430,卷九,,,感傷,題贈定光上人,,,430,revised_jsonl_direct,0431,800,revised_jsonl,笺；楞严经；维摩经；圆觉经；华严经；大般涅槃经；庄子,庄子,1,True,,0,False,1,14,"二十身出家
四十心離塵
得徑入大道
乘此不退輪
一坐十五年
林下秋復春
春花與秋氣
不感無情人
我來如有悟
潛以心照身
誤落聞見中
憂喜傷形神
安得遺耳目
冥然反天真","題贈定光上人二十身出家
四十心離塵
得徑入大道
乘此不退輪
一坐十五年
林下秋復春
春花與秋氣
不感無情人
我來如有悟
潛以心照身
誤落聞見中
憂喜傷形神
安得遺耳目
冥然反天真",89
431,poem,431,卷九,,,感傷,祗役駱口驛喜蕭侍御書至兼覩新詩吟諷通宵因寄八韻,,,431,revised_jsonl_direct,0432,806,revised_jsonl,谱；笺；祗役骆口因与王质夫同游秋山偶题三韵；见萧侍御忆旧山草堂诗因以继和；颜氏家训；荀子；原性；庄子；后汉书；兰亭诗；左传；礼记,庄子；后汉书；左传；礼记,4,True,,0,False,1,16,"日暮心無憀
吏役正營營
忽驚芳信至
復與新詩并
是時天無雲
山館有月明
月下讀數遍
風前吟一聲
一吟三四歎
聲盡有餘清
雅哉君子文
詠性不詠情
使我靈府中
鄙恡不得生
始知聽韶濩
可使心和平","祗役駱口驛喜蕭侍御書至兼覩新詩吟諷通宵因寄八韻日暮心無憀
吏役正營營
忽驚芳信至
復與新詩并
是時天無雲
山館有月明
月下讀數遍
風前吟一聲
一吟三四歎
聲盡有餘清
雅哉君子文
詠性不詠情
使我靈府中
鄙恡不得生
始知聽韶濩
可使心和平",118
432,poem,432,卷九,,,感傷,酬李少府曹長官舍見贈,,,432,revised_jsonl_direct,0433,806,revised_jsonl,笺；初授拾遗；西明寺牡丹花时忆元九；庄子；天台国清寺智者禅师碑文；和仆射牛相公寓言二首,庄子,1,True,,0,False,1,20,"低腰復斂手
心體不遑安
一落風塵下
方知爲吏難
公事與日長上聲
宦情隨歲闌
惆悵青袍袖
芸香無半殘
賴有李夫子
此懷聊自寬
兩心如止水
彼此無波瀾
往往簿書暇
相勸强爲歡
白馬曉蹋雪
淥觴春暖寒
戀月夜同宿
愛山晴共看
野性自相近
不是爲同官","酬李少府曹長官舍見贈低腰復斂手
心體不遑安
一落風塵下
方知爲吏難
公事與日長上聲
宦情隨歲闌
惆悵青袍袖
芸香無半殘
賴有李夫子
此懷聊自寬
兩心如止水
彼此無波瀾
往往簿書暇
相勸强爲歡
白馬曉蹋雪
淥觴春暖寒
戀月夜同宿
愛山晴共看
野性自相近
不是爲同官",131
433,poem,433,卷九,,,感傷,留别,,,433,revised_jsonl_direct,0434,,revised_jsonl,太平广记；苗晋卿；幽闲鼓吹；前定录；雪谤后逢李叔度；李章武,,0,False,,0,False,1,14,"秋凉卷朝簟
春暖撤夜衾
雖是無情物
欲别尚沉吟
况與有情别
别隨情淺深
二年歡笑意
一旦東西心
獨留誠可念
同行力不任
前事詎能料
後期諒難尋
唯有潺湲淚
不惜共沾衿","留别秋凉卷朝簟
春暖撤夜衾
雖是無情物
欲别尚沉吟
况與有情别
别隨情淺深
二年歡笑意
一旦東西心
獨留誠可念
同行力不任
前事詎能料
後期諒難尋
唯有潺湲淚
不惜共沾衿",85
434,poem,434,卷九,,,感傷,曉别,,,434,revised_jsonl_direct,0435,,revised_jsonl,正月十五夜,,0,False,,0,False,1,8,"曉鼓聲已半
離筵坐難久
請君斷腸歌
送我和淚酒
月落欲明前
馬嘶初别後
浩浩暗塵中
何由見迴首","曉别曉鼓聲已半
離筵坐難久
請君斷腸歌
送我和淚酒
月落欲明前
馬嘶初别後
浩浩暗塵中
何由見迴首",49
435,poem,435,卷九,,,感傷,北園,,,435,revised_jsonl_direct,0436,811,revised_jsonl,笺,,0,False,,0,False,1,8,"北園東風起
雜花次第開
心知須臾落
一日三四來
花下豈無酒
欲酌復遲迴
所思眇千里
誰勸我一杯","北園北園東風起
雜花次第開
心知須臾落
一日三四來
花下豈無酒
欲酌復遲迴
所思眇千里
誰勸我一杯",49
436,poem,436,卷九,,,感傷,惜栯李花,,,436,revised_jsonl_direct,0437,811,revised_jsonl,笺；闲居赋；文选；上林赋；政和证类本草；图经；本草疏,闲居赋；上林赋,2,True,,0,False,1,12,"樹小花鮮妍
香繁條軟弱
高低二三尺
重疊千萬萼
朝艷藹霏霏
夕凋紛漠漠
辭枝朱粉細
覆地紅綃薄
由來好顔色
常苦易銷爍
不見莨蕩花
狂風吹不落","惜栯李花樹小花鮮妍
香繁條軟弱
高低二三尺
重疊千萬萼
朝艷藹霏霏
夕凋紛漠漠
辭枝朱粉細
覆地紅綃薄
由來好顔色
常苦易銷爍
不見莨蕩花
狂風吹不落",75
437,poem,437,卷九,,,感傷,照鏡,,,437,revised_jsonl_direct,0438,,revised_jsonl,寄玄阳先生,,0,False,,0,False,1,4,"皎皎青銅鏡
斑斑白絲鬢
豈復更藏年
實年君不信","照鏡皎皎青銅鏡
斑斑白絲鬢
豈復更藏年
實年君不信",25
438,poem,438,卷九,,,感傷,新秋,,,438,revised_jsonl_direct,0439,816,revised_jsonl,笺,,0,False,,0,False,1,6,"西風飄一葉
庭前颯已凉
風池明月水
衰蓮白露房
其奈江南夜
緜緜自此長","新秋西風飄一葉
庭前颯已凉
風池明月水
衰蓮白露房
其奈江南夜
緜緜自此長",37
439,poem,439,卷九,,,感傷,夜雨,,,439,revised_jsonl_direct,0440,816,revised_jsonl,笺；寻阳七郎中宅即事；宿僧房,,0,False,,0,False,1,4,"早蛩啼復歇
殘燈滅又明
隔窗知夜雨
芭蕉先有聲","夜雨早蛩啼復歇
殘燈滅又明
隔窗知夜雨
芭蕉先有聲",25
440,poem,440,卷九,,,感傷,秋江送客,,,440,revised_jsonl_direct,0441,816,revised_jsonl,笺；黄鹤楼,,0,False,,0,False,1,8,"秋鴻次第過
哀猿朝夕聞
是日孤舟客
此地亦離羣
濛濛潤衣雨
漠漠冒帆雲
不醉潯陽酒
烟波愁殺人","秋江送客秋鴻次第過
哀猿朝夕聞
是日孤舟客
此地亦離羣
濛濛潤衣雨
漠漠冒帆雲
不醉潯陽酒
烟波愁殺人",51
441,poem,441,卷九,,,感傷,感逝寄遠,,,441,revised_jsonl_direct,0442,816,revised_jsonl,笺；旧唐书；闻李十一出牧澧州崔二十二出牧果州因寄绝句；庄子；闻哭者,庄子,1,True,,0,False,1,18,"昨日聞甲死
今朝聞乙死
知識三分中
二分化爲鬼
逝者不復見
悲哉長已矣
存者今如何
去我皆萬里
平生知心者
屈指能有幾
通果澧鳳州
眇然四君子
相思俱老大
浮世如流水
應歎舊交遊
凋零日如此
何當一杯酒
開眼笑相視","感逝寄遠昨日聞甲死
今朝聞乙死
知識三分中
二分化爲鬼
逝者不復見
悲哉長已矣
存者今如何
去我皆萬里
平生知心者
屈指能有幾
通果澧鳳州
眇然四君子
相思俱老大
浮世如流水
應歎舊交遊
凋零日如此
何當一杯酒
開眼笑相視",111
442,poem,442,卷九,,,感傷,秋月,,,442,revised_jsonl_direct,0443,816,revised_jsonl,笺；维扬送友还苏州；冬夜；奉和赵王喜雨诗；感遇二首,,0,False,,0,False,1,10,"夜初色蒼然
夜深光皓然
稍轉西廊下
漸滿南窗前
况是綠蕪地
復兹清露天
落葉聲策策
驚烏影翩翩
棲禽尚不穩
愁人安可眠","秋月夜初色蒼然
夜深光皓然
稍轉西廊下
漸滿南窗前
况是綠蕪地
復兹清露天
落葉聲策策
驚烏影翩翩
棲禽尚不穩
愁人安可眠",61
443,poem,443,卷十,,,感傷,朱陳村,,,443,revised_jsonl_direct,0444,808,revised_jsonl,笺；白氏文集；唐故坊州鄜城县尉陈府君夫人白氏墓志铭；清一统志；南濠诗话；朱陈村；朱陈村嫁娶图；旧唐书；南陵别儿童入京；醉歌；礼记；晋书；魏书；北齐书；新唐书；遂初赋；汉书；易；三国志；江表传；山居赋；诗,礼记；晋书；魏书；汉书；易；江表传；诗,7,True,,0,False,1,69,"徐州古豐縣
有村曰朱陳
去縣百餘里
桑麻青氛氳
機梭聲札札
牛驢走紜紜
女汲澗中水
男採山上薪
縣遠官事少
山深人俗淳
有財不行商
有丁不入軍
家家守村業
頭白不出門
生爲陳村民
死爲陳村塵
田中老與幼
相見何欣欣
一村唯兩姓
世世爲婚姻
其村唯朱陳二姓而已
親疏居有族
少長游有羣
黄雞與白酒
歡會不隔旬
生者不遠别
嫁娶先近隣
死者不遠葬
墳墓多遶村
既安生與死
不苦形與神
所以多壽考
往往見玄孫
我生禮義鄉
少小孤且貧
徒學辨是非
祇自取辛勤
世法貴名教
士人重官婚
以此自桎梏
信爲大謬人
十歲解讀書
十五能屬文
二十舉秀才
三十爲諫臣
下有妻子累
上有君親恩
承家與事國
望此不肖身
憶昨旅遊初
迨今十五春
孤舟三適楚
羸馬四經秦
晝行有飢色
夜寢無安魂
東西不暫住
來往若浮雲
離亂失故鄉
骨肉多散分
江南與江北
各有平生親
平生終日别
逝者隔年聞
朝憂卧至暮
夕哭坐達晨
悲火燒心曲
愁霜侵鬢根
一生苦如此
長羨陳村民","朱陳村徐州古豐縣
有村曰朱陳
去縣百餘里
桑麻青氛氳
機梭聲札札
牛驢走紜紜
女汲澗中水
男採山上薪
縣遠官事少
山深人俗淳
有財不行商
有丁不入軍
家家守村業
頭白不出門
生爲陳村民
死爲陳村塵
田中老與幼
相見何欣欣
一村唯兩姓
世世爲婚姻
其村唯朱陳二姓而已
親疏居有族
少長游有羣
黄雞與白酒
歡會不隔旬
生者不遠别
嫁娶先近隣
死者不遠葬
墳墓多遶村
既安生與死
不苦形與神
所以多壽考
往往見玄孫
我生禮義鄉
少小孤且貧
徒學辨是非
祇自取辛勤
世法貴名教
士人重官婚
以此自桎梏
信爲大謬人
十歲解讀書
十五能屬文
二十舉秀才
三十爲諫臣
下有妻子累
上有君親恩
承家與事國
望此不肖身
憶昨旅遊初
迨今十五春
孤舟三適楚
羸馬四經秦
晝行有飢色
夜寢無安魂
東西不暫住
來往若浮雲
離亂失故鄉
骨肉多散分
江南與江北
各有平生親
平生終日别
逝者隔年聞
朝憂卧至暮
夕哭坐達晨
悲火燒心曲
愁霜侵鬢根
一生苦如此
長羨陳村民",420
444,poem,444,卷十,,,感傷,讀鄧魴詩,,,444,revised_jsonl_direct,0445,806,revised_jsonl,笺；邓鲂张彻落第；初授拾遗；游襄阳怀孟浩然；楚辞；庄子,楚辞；庄子,2,True,,0,False,1,22,"塵架多文集
偶取一卷披
未及看姓名
疑是陶潛詩
看名知是君
惻惻令我悲
詩人多蹇厄
近日誠有之
京兆杜子美
猶得一拾遺
襄陽孟浩然
亦聞鬢成絲
嗟君兩不如
三十在布衣
擢第祿不及
新婚妻未歸
少年無疾患
溘死於路歧
天不與爵壽
唯與好文詞
此理勿復道
巧曆不能推","讀鄧魴詩塵架多文集
偶取一卷披
未及看姓名
疑是陶潛詩
看名知是君
惻惻令我悲
詩人多蹇厄
近日誠有之
京兆杜子美
猶得一拾遺
襄陽孟浩然
亦聞鬢成絲
嗟君兩不如
三十在布衣
擢第祿不及
新婚妻未歸
少年無疾患
溘死於路歧
天不與爵壽
唯與好文詞
此理勿復道
巧曆不能推",135
445,poem,445,卷十,,,感傷,寄元九,,,445,revised_jsonl_direct,0446,812,revised_jsonl,笺；谱；登乐游园望；读史五首；为顾彦先赠妇；饮马长城窟行,,0,False,,0,False,1,20,"晨雞纔發聲
夕雀俄斂翼
晝夜往復來
疾如出入息
非徒改年貌
漸覺無心力
自念因念君
俱爲老所逼
君年雖校少
顦顇謫南國
三年不放歸
炎瘴銷顔色
山無殺草雪
水有含沙蜮
健否遠不知
書多隔年得
願君少愁苦
我亦加飡食
各保金石軀
以慰長相憶","寄元九晨雞纔發聲
夕雀俄斂翼
晝夜往復來
疾如出入息
非徒改年貌
漸覺無心力
自念因念君
俱爲老所逼
君年雖校少
顦顇謫南國
三年不放歸
炎瘴銷顔色
山無殺草雪
水有含沙蜮
健否遠不知
書多隔年得
願君少愁苦
我亦加飡食
各保金石軀
以慰長相憶",122
446,poem,446,卷十,,,感傷,秋夕,,,446,revised_jsonl_direct,0447,811,revised_jsonl,笺,,0,False,,0,False,1,4,"葉聲落如雨
月色白似霜
夜深方獨卧
誰爲拂塵牀","秋夕葉聲落如雨
月色白似霜
夜深方獨卧
誰爲拂塵牀",25
447,poem,447,卷十,,,感傷,夜雨,,,447,revised_jsonl_direct,0448,811,revised_jsonl,笺；和思归乐；大般若经,,0,False,,0,False,1,14,"我有所念人
隔在遠遠鄉
我有所感事
結在深深膓
鄉遠去不得
無日不瞻望
膓深解不得
無夕不思量
况此殘燈夜
獨宿在空堂
秋天殊未曉
風雨正蒼蒼
不學頭陀法
前心安可忘","夜雨我有所念人
隔在遠遠鄉
我有所感事
結在深深膓
鄉遠去不得
無日不瞻望
膓深解不得
無夕不思量
况此殘燈夜
獨宿在空堂
秋天殊未曉
風雨正蒼蒼
不學頭陀法
前心安可忘",85
448,poem,448,卷十,,,感傷,秋霽,,,448,revised_jsonl_direct,0449,811,revised_jsonl,笺；春秋繁露；和牛相公雨后寓怀见示；秋堂夕,春秋繁露,1,True,,0,False,1,16,"金火不相待
炎凉雨中變
林晴有殘蟬
巢冷無留燕
沉吟卷長簟
惻愴收團扇
向夕稍無泥
閑步青苔院
月出砧杵動
家家擣秋練
獨對多病妻
不能理針線
冬衣殊未製
夏服行將綻
何以迎早秋
一杯聊自勸","秋霽金火不相待
炎凉雨中變
林晴有殘蟬
巢冷無留燕
沉吟卷長簟
惻愴收團扇
向夕稍無泥
閑步青苔院
月出砧杵動
家家擣秋練
獨對多病妻
不能理針線
冬衣殊未製
夏服行將綻
何以迎早秋
一杯聊自勸",97
449,poem,449,卷十,,,感傷,歎老三首其一,,,449,revised_jsonl_direct,0450,811,revised_jsonl,笺；新论；史记,新论；史记,2,True,,0,False,1,16,"晨興照清鏡
形影兩寂寞
少年辭我去
白髮隨梳落
萬化成於漸
漸衰看不覺
但恐鏡中顔
今朝老於昨
人年少滿百
不得長歡樂
誰會天地心
千齡與龜鶴
吾聞善醫者
今古稱扁鵲
萬病皆可治
唯無治老藥","歎老三首其一晨興照清鏡
形影兩寂寞
少年辭我去
白髮隨梳落
萬化成於漸
漸衰看不覺
但恐鏡中顔
今朝老於昨
人年少滿百
不得長歡樂
誰會天地心
千齡與龜鶴
吾聞善醫者
今古稱扁鵲
萬病皆可治
唯無治老藥",101
450,poem,450,卷十,,,感傷,歎老三首其二,,,450,revised_jsonl_direct,0451,,revised_jsonl,太平广记；杨知春；博异志,,0,False,,0,False,1,12,"我有一握髮
梳理何稠直
昔似玄雲光
如今素絲色
匣中有舊鏡
欲照先歎息
自從頭白來
不欲明磨拭
鵶頭與鶴頸
至老長如墨
獨有人鬢毛
不得終身黑","歎老三首其二我有一握髮
梳理何稠直
昔似玄雲光
如今素絲色
匣中有舊鏡
欲照先歎息
自從頭白來
不欲明磨拭
鵶頭與鶴頸
至老長如墨
獨有人鬢毛
不得終身黑",77
451,poem,451,卷十,,,感傷,歎老三首其三,,,451,revised_jsonl_direct,0452,,revised_jsonl,叹逝赋；世说新语,,0,False,,0,False,1,12,"前年種桃核
今歲成花樹
去歲新嬰兒
今年已學步
但驚物成長
不覺身衰暮
去矣欲何如
少年留不住
因書今日意
徧寄諸親故
壯歲不歡娛
長年當悔悟","歎老三首其三前年種桃核
今歲成花樹
去歲新嬰兒
今年已學步
但驚物成長
不覺身衰暮
去矣欲何如
少年留不住
因書今日意
徧寄諸親故
壯歲不歡娛
長年當悔悟",77
452,poem,452,卷十,,,感傷,送兄弟迴雪夜,,,452,revised_jsonl_direct,0453,811,revised_jsonl,笺；庄子；冬夜；维摩经；三法度经序,庄子,1,True,,0,False,1,22,"日晦雲氣黄
東北風切切
時從村南還
新與兄弟别
離襟淚猶濕
迴馬嘶未歇
欲歸一室坐
天陰多無月
夜長火消盡
歲暮雨凝結
寂寞滿爐灰
飄零上堦雪
對雪畫寒灰
殘燈明復滅
灰死如我心
雪白如我髮
所遇皆如此
頃刻堪愁絶
迴念入坐忘
轉憂作禪悦
平生洗心法
正爲今宵設","送兄弟迴雪夜日晦雲氣黄
東北風切切
時從村南還
新與兄弟别
離襟淚猶濕
迴馬嘶未歇
欲歸一室坐
天陰多無月
夜長火消盡
歲暮雨凝結
寂寞滿爐灰
飄零上堦雪
對雪畫寒灰
殘燈明復滅
灰死如我心
雪白如我髮
所遇皆如此
頃刻堪愁絶
迴念入坐忘
轉憂作禪悦
平生洗心法
正爲今宵設",137
453,poem,453,卷十,,,感傷,溪中早春,,,453,revised_jsonl_direct,0454,812,revised_jsonl,笺；史记；观稼；缭绫,史记,1,True,,0,False,1,16,"南山雪未盡
陰嶺留殘白
西澗冰已銷
春溜含新碧
東風來幾日
蟄動萌草拆
潛知陽和功
一日不虛擲
愛此天氣暖
來拂溪邊石
一坐欲忘歸
暮禽聲嘖嘖
蓬蒿隔桑棗
隱映烟火夕
歸來問夜飡
家人烹薺麥","溪中早春南山雪未盡
陰嶺留殘白
西澗冰已銷
春溜含新碧
東風來幾日
蟄動萌草拆
潛知陽和功
一日不虛擲
愛此天氣暖
來拂溪邊石
一坐欲忘歸
暮禽聲嘖嘖
蓬蒿隔桑棗
隱映烟火夕
歸來問夜飡
家人烹薺麥",99
454,poem,454,卷十,,,感傷,同友人尋澗花,,,454,revised_jsonl_direct,0455,812,revised_jsonl,笺；病中逢秋招客夜酌；楚辞,楚辞,1,True,楚辞,1,True,1,12,"聞有澗底花
貰得村中酒
與君來校遲
已逢摇落後
臨觴有遺恨
悵望空溪口
記取花發時
期君重攜手
我生日日老
春色年年有
且作來歲期
不知身健否","同友人尋澗花聞有澗底花
貰得村中酒
與君來校遲
已逢摇落後
臨觴有遺恨
悵望空溪口
記取花發時
期君重攜手
我生日日老
春色年年有
且作來歲期
不知身健否",77
455,poem,455,卷十,,,感傷,登村東古冢,,,455,revised_jsonl_direct,0456,813,revised_jsonl,笺,,0,False,,0,False,1,12,"高低古時冢
上有牛羊道
獨立最高頭
悠哉此懷抱
迴頭向村望
但見荒田草
村人不愛花
多種栗與棗
自來此村住
不覺風光好
花少鶯亦稀
年年春暗老","登村東古冢高低古時冢
上有牛羊道
獨立最高頭
悠哉此懷抱
迴頭向村望
但見荒田草
村人不愛花
多種栗與棗
自來此村住
不覺風光好
花少鶯亦稀
年年春暗老",76
456,poem,456,卷十,,,感傷,夢裴相公,,,456,revised_jsonl_direct,0457,814,revised_jsonl,笺；薛中丞；闲居；贺雨；重修承旨学士壁记；翰林学士壁记注补；白头吟；拟古诗十二首；大乘本生心地观经；顿悟入道要门论,,0,False,,0,False,1,16,"五年生死隔
一夕魂夢通
夢中如往日
同直金鑾宮
髣髴金紫色
分明冰玉容
勤勤相眷意
亦與平生同
既寤知是夢
憫然情未終
追想當時事
何殊昨夜中
自我學心法
萬緣成一空
今朝爲君子
流涕一霑胸","夢裴相公五年生死隔
一夕魂夢通
夢中如往日
同直金鑾宮
髣髴金紫色
分明冰玉容
勤勤相眷意
亦與平生同
既寤知是夢
憫然情未終
追想當時事
何殊昨夜中
自我學心法
萬緣成一空
今朝爲君子
流涕一霑胸",99
457,poem,457,卷十,,,感傷,晝寢,,,457,revised_jsonl_direct,0458,813,revised_jsonl,笺,,0,False,,0,False,1,12,"坐整白單衣
起穿黄草屨
朝飱盥漱畢
徐下堦前步
暑風微變候
晝刻漸加數
院靜地陰陰
鳥鳴新葉樹
獨行還獨卧
夏景殊未暮
不作午時眠
日長安可度","晝寢坐整白單衣
起穿黄草屨
朝飱盥漱畢
徐下堦前步
暑風微變候
晝刻漸加數
院靜地陰陰
鳥鳴新葉樹
獨行還獨卧
夏景殊未暮
不作午時眠
日長安可度",73
458,poem,458,卷十,,,感傷,别行簡,,,458,revised_jsonl_direct,0459,814,revised_jsonl,笺；对酒示行简；旧唐书；锦带书十二月启,,0,False,,0,False,1,12,"漠漠病眼花
星星愁鬢雪
筋骸已衰憊
形影仍分訣
梓州二千里
劍門五六月
豈是遠行時
火雲燒棧熱
何言巾上淚
乃是膓中血
念此早歸來
莫作經年别","别行簡漠漠病眼花
星星愁鬢雪
筋骸已衰憊
形影仍分訣
梓州二千里
劍門五六月
豈是遠行時
火雲燒棧熱
何言巾上淚
乃是膓中血
念此早歸來
莫作經年别",74
459,poem,459,卷十,,,感傷,觀兒戲,,,459,revised_jsonl_direct,0460,814,revised_jsonl,笺；韩诗外传；寄从弟敬远文；荆楚岁时记；城南联句；叹老三首；世说新语；文选；三月三日曲水诗序；幽求子,韩诗外传；荆楚岁时记,2,True,,0,False,1,12,"齠齓七八歲
綺紈三四兒
弄塵復鬬草
盡日樂嬉嬉
堂上長年客
鬢間新有絲
一看竹馬戲
每憶童騃時
童騃饒戲樂
老大多憂悲
靜念彼與此
不知誰是癡","觀兒戲齠齓七八歲
綺紈三四兒
弄塵復鬬草
盡日樂嬉嬉
堂上長年客
鬢間新有絲
一看竹馬戲
每憶童騃時
童騃饒戲樂
老大多憂悲
靜念彼與此
不知誰是癡",74
460,poem,460,卷十,,,感傷,歎常生,,,460,revised_jsonl_direct,0461,814,revised_jsonl,笺,,0,False,,0,False,1,14,"西村常氏子
卧疾不須臾
前旬猶訪我
今日忽云殂
時我病多暇
與之同野居
園林青藹藹
相去數里餘
村鄰無好客
所遇唯農夫
之子何如者
往還猶勝無
于今亦已矣
可爲一長吁","歎常生西村常氏子
卧疾不須臾
前旬猶訪我
今日忽云殂
時我病多暇
與之同野居
園林青藹藹
相去數里餘
村鄰無好客
所遇唯農夫
之子何如者
往還猶勝無
于今亦已矣
可爲一長吁",86
461,poem,461,卷十,,,感傷,寄元九,,,461,revised_jsonl_direct,0462,814,revised_jsonl,笺；眼暗；得钱舍人书问眼疾；登乐游园望；诗；促促曲,诗,1,True,,0,False,1,24,"一病經四年
親朋書信斷
窮通合易交
自笑知何晚
元君在荆楚
去日唯云遠
彼獨是何人
心如石不轉
憂我貧病身
書來唯勸勉
上言少愁苦
下道加飱飯
憐君爲謫吏
窮薄家貧褊
三寄衣食資
數盈二十萬
豈是貪衣食
感君心繾綣
念我口中食
分君身上暖
不因身病久
不因命多蹇
平生親友心
豈得知深淺","寄元九一病經四年
親朋書信斷
窮通合易交
自笑知何晚
元君在荆楚
去日唯云遠
彼獨是何人
心如石不轉
憂我貧病身
書來唯勸勉
上言少愁苦
下道加飱飯
憐君爲謫吏
窮薄家貧褊
三寄衣食資
數盈二十萬
豈是貪衣食
感君心繾綣
念我口中食
分君身上暖
不因身病久
不因命多蹇
平生親友心
豈得知深淺",146
462,poem,462,卷十,,,感傷,以鏡贈别,,,462,revised_jsonl_direct,0463,812,revised_jsonl,笺；兵要望江南,,0,False,,0,False,1,14,"人言似明月
我道勝明月
明月非不明
一年十二缺
豈如玉匣裏
如水長澄澈
月破天暗時
圓明獨不歇
我慚貌醜老
繞鬢斑斑雪
不如贈少年
迴照青絲髮
因君千里去
持此將爲别","以鏡贈别人言似明月
我道勝明月
明月非不明
一年十二缺
豈如玉匣裏
如水長澄澈
月破天暗時
圓明獨不歇
我慚貌醜老
繞鬢斑斑雪
不如贈少年
迴照青絲髮
因君千里去
持此將爲别",87
463,poem,463,卷十,,,感傷,城上對月期友人不至,,,463,revised_jsonl_direct,0464,812,revised_jsonl,笺；古诗十九首,,0,False,,0,False,1,12,"古人惜晝短
勸令秉燭遊
况此迢迢夜
明月滿西樓
復有盈樽酒
置在城上頭
期君君不至
人月兩悠悠
照水烟波白
照人肌髮秋
清光正如此
不醉即須愁","城上對月期友人不至古人惜晝短
勸令秉燭遊
况此迢迢夜
明月滿西樓
復有盈樽酒
置在城上頭
期君君不至
人月兩悠悠
照水烟波白
照人肌髮秋
清光正如此
不醉即須愁",80
464,poem,464,卷十,,,感傷,念金鑾子二首其一,,,464,revised_jsonl_direct,0465,813,revised_jsonl,笺；金銮子晬日；芥隐笔谈；和刘柴桑；别译杂阿含经；为萧扬州荐士表；文选；晋书,晋书,1,True,,0,False,1,16,"衰病四十身
嬌癡三歲女
非男猶勝無
慰情時一撫
一朝捨我去
魂影無處所
况念夭化時
嘔啞初學語
始知骨肉愛
乃是憂悲聚
唯思未有前
以理遣傷苦
忘懷日已久
三度移寒暑
今日一傷心
因逢舊乳母","念金鑾子二首其一衰病四十身
嬌癡三歲女
非男猶勝無
慰情時一撫
一朝捨我去
魂影無處所
况念夭化時
嘔啞初學語
始知骨肉愛
乃是憂悲聚
唯思未有前
以理遣傷苦
忘懷日已久
三度移寒暑
今日一傷心
因逢舊乳母",103
465,poem,465,卷十,,,感傷,念金鑾子二首其二,,,465,revised_jsonl_direct,0466,,revised_jsonl,南齐书；庄子；楞严经；佛说轮转五道罪福报应经；世说新语,庄子,1,True,,0,False,1,12,"與爾爲父子
八十有六旬
忽然又不見
邇來三四春
形質本非實
氣聚偶成身
恩愛元是妄
緣合暫爲親
念兹庶有悟
聊用遣悲辛
慚將理自奪
不是忘情人","念金鑾子二首其二與爾爲父子
八十有六旬
忽然又不見
邇來三四春
形質本非實
氣聚偶成身
恩愛元是妄
緣合暫爲親
念兹庶有悟
聊用遣悲辛
慚將理自奪
不是忘情人",79
466,poem,466,卷十,,,感傷,對酒,,,466,revised_jsonl_direct,0467,812,revised_jsonl,笺；相和歌辞；赠五官中郎将；文选；援神契；孔戡；古诗十九首；效陶潜体诗十六首,援神契,1,True,,0,False,1,22,"人生一百歲
通計三萬日
何况百歲人
人間百無一
賢愚共零落
貴賤同埋没
東岱前後魂
北邙新舊骨
復聞藥誤者
爲愛延年術
又有憂死者
爲貪政事筆
藥誤不得老
憂死非因疾
誰人言最靈
知得不知失
何如會親友
飲此杯中物
能沃煩慮銷
能陶真性出
所以劉阮輩
終年醉兀兀","對酒人生一百歲
通計三萬日
何况百歲人
人間百無一
賢愚共零落
貴賤同埋没
東岱前後魂
北邙新舊骨
復聞藥誤者
爲愛延年術
又有憂死者
爲貪政事筆
藥誤不得老
憂死非因疾
誰人言最靈
知得不知失
何如會親友
飲此杯中物
能沃煩慮銷
能陶真性出
所以劉阮輩
終年醉兀兀",133
467,poem,467,卷十,,,感傷,渭村雨歸,,,467,revised_jsonl_direct,0468,812,revised_jsonl,笺；重到渭上旧居,,0,False,,0,False,1,10,"渭水寒漸落
離離蒲稗苗
閑旁沙邊立
看人刈葦苕
近水風景冷
晴明猶寂寥
復兹夕陰起
野思重蕭條
蕭條獨歸路
暮雨濕村橋","渭村雨歸渭水寒漸落
離離蒲稗苗
閑旁沙邊立
看人刈葦苕
近水風景冷
晴明猶寂寥
復兹夕陰起
野思重蕭條
蕭條獨歸路
暮雨濕村橋",63
468,poem,468,卷十,,,感傷,諭懷,,,468,revised_jsonl_direct,0469,812,revised_jsonl,笺；寒山诗注,,0,False,,0,False,1,10,"黑頭日已白
白面日已黑
人生未死間
變化何終極
常言在己者
莫若形與色
一朝改變來
止遏不能得
况彼身外事
悠悠通與塞","諭懷黑頭日已白
白面日已黑
人生未死間
變化何終極
常言在己者
莫若形與色
一朝改變來
止遏不能得
况彼身外事
悠悠通與塞",61
469,poem,469,卷十,,,感傷,喜友至留宿,,,469,revised_jsonl_direct,0470,812,revised_jsonl,笺；庄子,庄子,1,True,,0,False,1,10,"村中少賓客
柴門多不開
忽聞車馬至
云是故人來
况值風雨夕
愁心正悠哉
願君且同宿
盡此手中杯
人生開口笑
百年都幾迴","喜友至留宿村中少賓客
柴門多不開
忽聞車馬至
云是故人來
况值風雨夕
愁心正悠哉
願君且同宿
盡此手中杯
人生開口笑
百年都幾迴",64
470,poem,470,卷十,,,感傷,西原晚望,,,470,revised_jsonl_direct,0471,812,revised_jsonl,笺；泛渭赋；白氏文集,,0,False,,0,False,1,20,"花菊引閑行
行上西原路
原上晚無人
因高聊四顧
南阡有烟火
北陌連墟墓
村鄰何蕭疏
近者猶百步
吾廬在其下
寂寞風日暮
門外轉枯蓬
籬根伏寒兔
故園汴水上
離亂不堪去
近歲始移家
飄然此村住
新屋五六間
古槐八九樹
便是衰病身
此生終老處","西原晚望花菊引閑行
行上西原路
原上晚無人
因高聊四顧
南阡有烟火
北陌連墟墓
村鄰何蕭疏
近者猶百步
吾廬在其下
寂寞風日暮
門外轉枯蓬
籬根伏寒兔
故園汴水上
離亂不堪去
近歲始移家
飄然此村住
新屋五六間
古槐八九樹
便是衰病身
此生終老處",123
471,poem,471,卷十,,,感傷,感鏡,,,471,revised_jsonl_direct,0472,812,revised_jsonl,笺；感情；携手曲；日出东南隅行；镜赋,镜赋,1,True,,0,False,1,10,"美人與我别
留鏡在匣中
自從花顔去
秋水無芙蓉
經年不開匣
紅埃覆青銅
今朝一拂拭
自照顦顇容
照罷重惆悵
背有雙盤龍","感鏡美人與我别
留鏡在匣中
自從花顔去
秋水無芙蓉
經年不開匣
紅埃覆青銅
今朝一拂拭
自照顦顇容
照罷重惆悵
背有雙盤龍",61
472,poem,472,卷十,,,感傷,村居卧病三首其一,,,472,revised_jsonl_direct,0473,812,revised_jsonl,笺,,0,False,,0,False,1,12,"戚戚抱羸病
悠悠度朝暮
夏木纔結陰
秋蘭已含露
前日巢中卵
化作雛飛去
昨日穴中蟲
蛻爲蟬上樹
四時未常歇
一物不暫住
唯有病客心
沉然獨如故","村居卧病三首其一戚戚抱羸病
悠悠度朝暮
夏木纔結陰
秋蘭已含露
前日巢中卵
化作雛飛去
昨日穴中蟲
蛻爲蟬上樹
四時未常歇
一物不暫住
唯有病客心
沉然獨如故",79
473,poem,473,卷十,,,感傷,村居卧病三首其二,,,473,revised_jsonl_direct,0474,,revised_jsonl,,,0,False,,0,False,1,12,"新秋久病客
起步村南道
盡日不逢人
蟲聲徧荒草
西風吹白露
野綠秋仍早
草木猶未傷
先傷我懷抱
朱顔與玄鬢
强健幾時好
况爲憂病侵
不得依年老","村居卧病三首其二新秋久病客
起步村南道
盡日不逢人
蟲聲徧荒草
西風吹白露
野綠秋仍早
草木猶未傷
先傷我懷抱
朱顔與玄鬢
强健幾時好
况爲憂病侵
不得依年老",79
474,poem,474,卷十,,,感傷,村居卧病三首其三,,,474,revised_jsonl_direct,0475,,revised_jsonl,,,0,False,,0,False,1,12,"種黍三十畝
雨來苗漸大
種韮二十畦
秋來欲堪刈
望黍作冬酒
留韮爲春菜
荒村百物無
待此養衰瘵
葺廬備陰雨
補褐防寒歲
病身知幾時
且作明年計","村居卧病三首其三種黍三十畝
雨來苗漸大
種韮二十畦
秋來欲堪刈
望黍作冬酒
留韮爲春菜
荒村百物無
待此養衰瘵
葺廬備陰雨
補褐防寒歲
病身知幾時
且作明年計",79
475,poem,475,卷十,,,感傷,沐浴,,,475,revised_jsonl_direct,0476,812,revised_jsonl,笺,,0,False,,0,False,1,12,"經年不沐浴
塵垢滿肌膚
今朝一澡濯
衰瘦頗有餘
老色頭鬢白
病形支體虛
衣寬有賸帶
髮少不勝梳
自問今年幾
春秋四十初
四十已如此
七十復何如","沐浴經年不沐浴
塵垢滿肌膚
今朝一澡濯
衰瘦頗有餘
老色頭鬢白
病形支體虛
衣寬有賸帶
髮少不勝梳
自問今年幾
春秋四十初
四十已如此
七十復何如",73
476,poem,476,卷十,,,感傷,栽松二首其一,,,476,revised_jsonl_direct,0477,812,revised_jsonl,笺；谱,,0,False,,0,False,1,10,"小松未盈尺
心愛手自移
蒼然澗底色
雲濕烟霏霏
栽植我年晚
長成君性遲
如何過四十
種此數寸枝
得見成陰否
人生七十稀","栽松二首其一小松未盈尺
心愛手自移
蒼然澗底色
雲濕烟霏霏
栽植我年晚
長成君性遲
如何過四十
種此數寸枝
得見成陰否
人生七十稀",65
477,poem,477,卷十,,,感傷,栽松二首其二,,,477,revised_jsonl_direct,0478,,revised_jsonl,,,0,False,,0,False,1,6,"愛君抱晚節
憐君含直文
欲得朝朝見
堦前故種君
知君死則已
不死會凌雲","栽松二首其二愛君抱晚節
憐君含直文
欲得朝朝見
堦前故種君
知君死則已
不死會凌雲",41
478,poem,478,卷十,,,感傷,病中友人相訪,,,478,revised_jsonl_direct,0479,813,revised_jsonl,笺,,0,False,,0,False,1,12,"卧久不記日
南窗昏復昏
蕭條草簷下
寒雀朝夕聞
强扶牀前杖
起向庭中行
偶逢故人至
便當一逢迎
移榻就斜日
披裘倚前楹
閑談勝服藥
稍覺有心情","病中友人相訪卧久不記日
南窗昏復昏
蕭條草簷下
寒雀朝夕聞
强扶牀前杖
起向庭中行
偶逢故人至
便當一逢迎
移榻就斜日
披裘倚前楹
閑談勝服藥
稍覺有心情",77
479,poem,479,卷十,,,感傷,自覺二首其一,,,479,revised_jsonl_direct,0480,811,revised_jsonl,谱；笺；七年元日对酒五首；翰林学士壁记注补,,0,False,,0,False,1,16,"四十未爲老
憂傷早衰惡
前歲二毛生
今年一齒落
形骸日損耗
心事同蕭索
夜寢與朝飱
其間味亦薄
同歲崔舍人
容光方灼灼
始知年與貌
衰盛隨憂樂
畏老老轉迫
憂病病彌縛
不畏復不憂
是除老病藥","自覺二首其一四十未爲老
憂傷早衰惡
前歲二毛生
今年一齒落
形骸日損耗
心事同蕭索
夜寢與朝飱
其間味亦薄
同歲崔舍人
容光方灼灼
始知年與貌
衰盛隨憂樂
畏老老轉迫
憂病病彌縛
不畏復不憂
是除老病藥",101
480,poem,480,卷十,,,感傷,自覺二首其二,,,480,revised_jsonl_direct,0481,,revised_jsonl,魏书；酬李少府曹长官舍见赠；维摩经；游悟真寺诗一百三十韵；大智度论；坛经；大乘悲分陀利经；楞严经,魏书,1,True,,0,False,1,28,"朝哭心所愛
暮哭心所親
親愛零落盡
安用身獨存
幾許平生歡
無限骨肉恩
結爲膓間痛
聚作鼻頭辛
悲來四支緩
泣盡雙眸昏
所以年四十
心如七十人
我聞浮圖教
中有解脱門
置心爲止水
視身如浮雲
斗藪垢穢衣
度脱生死輪
胡爲戀此苦
不去猶逡巡
迴念發弘願
願此見在身
但受過去報
不結將來因
誓以智惠水
永洗煩惱塵
不將恩愛子
更種憂悲根","自覺二首其二朝哭心所愛
暮哭心所親
親愛零落盡
安用身獨存
幾許平生歡
無限骨肉恩
結爲膓間痛
聚作鼻頭辛
悲來四支緩
泣盡雙眸昏
所以年四十
心如七十人
我聞浮圖教
中有解脱門
置心爲止水
視身如浮雲
斗藪垢穢衣
度脱生死輪
胡爲戀此苦
不去猶逡巡
迴念發弘願
願此見在身
但受過去報
不結將來因
誓以智惠水
永洗煩惱塵
不將恩愛子
更種憂悲根",173
481,poem,481,卷十,,,感傷,雨夜有念,,,481,revised_jsonl_direct,0482,814,revised_jsonl,笺；法句譬喻经；答户部崔侍郎书；白氏文集；与微之书；别行简；坛经；梦裴相公；过去现在因果经,,0,False,,0,False,1,28,"以道治心氣
終歲得晏然
何乃戚戚意
忽來風雨天
既非慕榮顯
又不恤飢寒
胡爲悄不樂
抱膝殘燈前
形影暗相問
心默對以言
骨肉能幾人
各在天一端
吾兄寄宿州
吾弟客東川
南北五千里
我身在中間
欲去病未能
欲住心不安
有如波上舟
此縛而彼牽
自我向道來
于今六七年
練成不二性
銷盡千萬緣
唯有恩愛火
往往猶熬煎
豈是藥無效
病多難盡蠲","雨夜有念以道治心氣
終歲得晏然
何乃戚戚意
忽來風雨天
既非慕榮顯
又不恤飢寒
胡爲悄不樂
抱膝殘燈前
形影暗相問
心默對以言
骨肉能幾人
各在天一端
吾兄寄宿州
吾弟客東川
南北五千里
我身在中間
欲去病未能
欲住心不安
有如波上舟
此縛而彼牽
自我向道來
于今六七年
練成不二性
銷盡千萬緣
唯有恩愛火
往往猶熬煎
豈是藥無效
病多難盡蠲",171
482,poem,482,卷十,,,感傷,寄楊六,,,482,revised_jsonl_direct,0483,814,revised_jsonl,谱；笺；唐书；旧唐书；新唐书；侍宴东宫应令诗；始作镇军参军经曲阿作；相逢行；敦煌变文字义通释；喜友至留宿；诗,诗,1,True,,0,False,1,24,"青宮官冷靜
赤縣事繁劇
一閑復一忙
動作經時隔
清觴久廢酌
白日頓虛擲
念此忽踟躕
悄然心不適
豈無舊交結
久别或遷易
亦有新往還
相見多形迹
唯君於我分
堅久如金石
何况老大來
人情重姻戚
會稀歲月急
此事真可惜
幾迴開口笑
便到髭鬚白
公門苦鞅掌
晝日無閑隙
猶冀乘暝來
靜言同一夕","寄楊六青宮官冷靜
赤縣事繁劇
一閑復一忙
動作經時隔
清觴久廢酌
白日頓虛擲
念此忽踟躕
悄然心不適
豈無舊交結
久别或遷易
亦有新往還
相見多形迹
唯君於我分
堅久如金石
何况老大來
人情重姻戚
會稀歲月急
此事真可惜
幾迴開口笑
便到髭鬚白
公門苦鞅掌
晝日無閑隙
猶冀乘暝來
靜言同一夕",146
483,poem,483,卷十,,,感傷,送春,,,483,revised_jsonl_direct,0484,815,revised_jsonl,笺,,0,False,,0,False,1,20,"三月三十日
春歸日復暮
惆悵問春風
明朝應不住
送春曲江上
眷眷東西顧
但見撲水花
紛紛不知數
人生似行客
兩足無停步
日日進前程
前程幾多路
兵刀與水火
盡可違之去
唯有老到來
人間無避處
感時良爲已
獨倚池南樹
今日送春心
心如别親故","送春三月三十日
春歸日復暮
惆悵問春風
明朝應不住
送春曲江上
眷眷東西顧
但見撲水花
紛紛不知數
人生似行客
兩足無停步
日日進前程
前程幾多路
兵刀與水火
盡可違之去
唯有老到來
人間無避處
感時良爲已
獨倚池南樹
今日送春心
心如别親故",121
484,poem,484,卷十,,,感傷,哭李三,,,484,revised_jsonl_direct,0485,815,revised_jsonl,笺；村中留李三宿；常乐里闲居偶题十六韵；列子；春眠,列子,1,True,,0,False,1,10,"去年渭水曲
秋時訪我來
今年常樂里
春日哭君迴
哭君仰問天
天意安在哉
若必奪其壽
何如不與才
落然身後事
妻病女嬰孩","哭李三去年渭水曲
秋時訪我來
今年常樂里
春日哭君迴
哭君仰問天
天意安在哉
若必奪其壽
何如不與才
落然身後事
妻病女嬰孩",62
485,poem,485,卷十,,,感傷,别李十一後重寄,,,485,revised_jsonl_direct,0486,815,revised_jsonl,笺；唐会要；与杨虞卿书；白氏文集；寄李十一；放鱼；寄隐者；史记；登石门最高顶；楚辞；和郭主簿二首；在齐答弟寂,史记；楚辞,2,True,,0,False,1,16,"秋日正蕭條
驅車出蓬蓽
迴望青門道
目極心鬱鬱
豈獨戀鄉土
非關慕簪紱
所愴别李君
平生同道術
俱承金馬詔
聯秉諫臣筆
共上青雲梯
中途一相失
江湖我方往
朝庭君不出
蕙帶與華簪
相逢是何日","别李十一後重寄秋日正蕭條
驅車出蓬蓽
迴望青門道
目極心鬱鬱
豈獨戀鄉土
非關慕簪紱
所愴别李君
平生同道術
俱承金馬詔
聯秉諫臣筆
共上青雲梯
中途一相失
江湖我方往
朝庭君不出
蕙帶與華簪
相逢是何日",102
486,poem,486,卷十,,,感傷,初出藍田路作,,,486,revised_jsonl_direct,0487,815,revised_jsonl,笺；初与元九别后忽梦见之及寤而书适至兼寄桐花诗怅然感怀因以此寄；新亭渚别范零陵；望韩公堆；韩公堆寄元九；偶成转韵七十二句赠四同舍；长安志；游蓝田山卜居；浔阳三题；伤唐衢二首；太玄经；玉篇,,0,False,,0,False,1,14,"停驂問前路
路在秋雲裏
蒼蒼縣南道
去途從此始
絶頂忽盤上
衆山皆下視
下視千萬峰
峰頭如浪起
朝經韓公坂
夕次藍橋水
潯陽僅四千
始行七十里
人煩馬蹄跙
勞苦已如此","初出藍田路作停驂問前路
路在秋雲裏
蒼蒼縣南道
去途從此始
絶頂忽盤上
衆山皆下視
下視千萬峰
峰頭如浪起
朝經韓公坂
夕次藍橋水
潯陽僅四千
始行七十里
人煩馬蹄跙
勞苦已如此",89
487,poem,487,卷十,,,感傷,仙娥峰下作,,,487,revised_jsonl_direct,0488,815,revised_jsonl,笺；清一统志；题商山店；题仙娥驿；代白纻舞歌词；寒山诗注；答四皓庙；夏旱,,0,False,,0,False,1,16,"我爲東南行
始登商山道
商山無數峰
最愛仙娥好
參差樹若插
匼匝雲如抱
渴望寒玉泉
香聞紫芝草
青崖屏削碧
白石牀鋪縞
向無如此物
安足留四皓
感彼私自問
歸山何不早
可能塵土中
還隨衆人老","仙娥峰下作我爲東南行
始登商山道
商山無數峰
最愛仙娥好
參差樹若插
匼匝雲如抱
渴望寒玉泉
香聞紫芝草
青崖屏削碧
白石牀鋪縞
向無如此物
安足留四皓
感彼私自問
歸山何不早
可能塵土中
還隨衆人老",100
488,poem,488,卷十,,,感傷,微雨夜行,,,488,revised_jsonl_direct,0489,815,revised_jsonl,笺,,0,False,,0,False,1,4,"漠漠秋雲起
稍稍夜寒生
但覺衣裳濕
無點亦無聲","微雨夜行漠漠秋雲起
稍稍夜寒生
但覺衣裳濕
無點亦無聲",27
489,poem,489,卷十,,,感傷,再到襄陽訪問舊居,,,489,revised_jsonl_direct,0490,815,revised_jsonl,笺；游襄阳怀孟浩然；相和歌辞,,0,False,,0,False,1,12,"昔到襄陽日
髯髯初有髭
今過襄陽日
髭鬢半成絲
舊遊都似夢
乍到忽如歸
東郭蓬蒿宅
荒凉今屬誰
故知多零落
閭井亦遷移
獨有秋江水
煙波似舊時","再到襄陽訪問舊居昔到襄陽日
髯髯初有髭
今過襄陽日
髭鬢半成絲
舊遊都似夢
乍到忽如歸
東郭蓬蒿宅
荒凉今屬誰
故知多零落
閭井亦遷移
獨有秋江水
煙波似舊時",79
490,poem,490,卷十,,,感傷,寄微之三首其一,,,490,revised_jsonl_direct,0491,815,revised_jsonl,笺；感逝寄远；答族人梁东海太守长孺书,,0,False,,0,False,1,18,"江州望通州
天涯與地末
有山萬丈高
有江千里闊
間之以雲霧
飛鳥不可越
誰知千古險
爲我二人設
通州君初到
鬱鬱愁如結
江州我方去
迢迢行未歇
道路日乖隔
音信日斷絶
因風欲寄語
地遠聲不徹
生當復相逢
死當從此别","寄微之三首其一江州望通州
天涯與地末
有山萬丈高
有江千里闊
間之以雲霧
飛鳥不可越
誰知千古險
爲我二人設
通州君初到
鬱鬱愁如結
江州我方去
迢迢行未歇
道路日乖隔
音信日斷絶
因風欲寄語
地遠聲不徹
生當復相逢
死當從此别",114
491,poem,491,卷十,,,感傷,寄微之三首其二,,,491,revised_jsonl_direct,0492,,revised_jsonl,,,0,False,,0,False,1,12,"君遊襄陽日
我在長安住
今君在通州
我過襄陽去
襄陽九里郭
樓雉連雲樹
顧此稍依依
是君舊遊處
蒼茫蒹葭水
中有潯陽路
此去更相思
江西少親故","寄微之三首其二君遊襄陽日
我在長安住
今君在通州
我過襄陽去
襄陽九里郭
樓雉連雲樹
顧此稍依依
是君舊遊處
蒼茫蒹葭水
中有潯陽路
此去更相思
江西少親故",78
492,poem,492,卷十,,,感傷,寄微之三首其三,,,492,revised_jsonl_direct,0493,,revised_jsonl,齐故安陆昭王碑文；文选；孝经援神契,孝经援神契,1,True,,0,False,1,12,"去國日已遠
喜逢物似人
如何含此意
江上坐思君
有如河嶽氣
相合方氛氳
狂風吹中絶
兩處成孤雲
風迴終有時
雲合豈無因
努力各自愛
窮通我爾身","寄微之三首其三去國日已遠
喜逢物似人
如何含此意
江上坐思君
有如河嶽氣
相合方氛氳
狂風吹中絶
兩處成孤雲
風迴終有時
雲合豈無因
努力各自愛
窮通我爾身",78
493,poem,493,卷十,,,感傷,舟中雨夜,,,493,revised_jsonl_direct,0494,814,revised_jsonl,笺；塘上行,,0,False,,0,False,1,6,"江雲暗悠悠
江風冷脩脩
夜雨滴船背
夜浪打船頭
船中有病客
左降向江州","舟中雨夜江雲暗悠悠
江風冷脩脩
夜雨滴船背
夜浪打船頭
船中有病客
左降向江州",39
494,poem,494,卷十,,,感傷,夜聞歌者,,,494,revised_jsonl_direct,0495,815,revised_jsonl,笺；旧唐书；初学记；舆地志；元和郡县志；容斋三笔；琵琶行；夜闻歌者；琵琶,,0,False,,0,False,1,16,"夜泊鸚鵡洲
秋江月澄澈
鄰船有歌者
發調堪愁絶
歌罷繼以泣
泣聲通復咽
尋聲見其人
有婦顔如雪
獨倚帆檣立
娉婷十七八
夜淚似真珠
雙雙墮明月
借問誰家婦
歌泣何淒切
一問一霑襟
低眉終不説","夜聞歌者夜泊鸚鵡洲
秋江月澄澈
鄰船有歌者
發調堪愁絶
歌罷繼以泣
泣聲通復咽
尋聲見其人
有婦顔如雪
獨倚帆檣立
娉婷十七八
夜淚似真珠
雙雙墮明月
借問誰家婦
歌泣何淒切
一問一霑襟
低眉終不説",99
495,poem,495,卷十,,,感傷,江樓聞砧,,,495,revised_jsonl_direct,0496,815,revised_jsonl,笺,,0,False,,0,False,1,4,"江人授衣晚
十月始聞砧
一夕高樓月
萬里故園心","江樓聞砧江人授衣晚
十月始聞砧
一夕高樓月
萬里故園心",27
496,poem,496,卷十,,,感傷,宿東林寺,,,496,revised_jsonl_direct,0497,816,revised_jsonl,笺；浔阳三题,,0,False,,0,False,1,4,"經窗燈焰短
僧爐火氣深
索落廬山夜
風雪宿東林","宿東林寺經窗燈焰短
僧爐火氣深
索落廬山夜
風雪宿東林",27
497,poem,497,卷十,,,感傷,憶洛下故園,,,497,revised_jsonl_direct,0498,816,revised_jsonl,笺；春游二林寺；旧唐书；史记,史记,1,True,,0,False,1,6,"潯陽遷謫地
洛陽離亂年
烟塵三川上
炎瘴九江邊
鄉心坐如此
秋風仍颯然","憶洛下故園潯陽遷謫地
洛陽離亂年
烟塵三川上
炎瘴九江邊
鄉心坐如此
秋風仍颯然",40
498,poem,498,卷十,,,感傷,贈别崔五,,,498,revised_jsonl_direct,0499,816,revised_jsonl,笺；左传；后汉书；朱陈村,左传；后汉书,2,True,,0,False,1,20,"朝送南去客
暮迎北來賓
孰云當大路
少遇心所親
勞者念息肩
熱者思濯身
何如愁獨日
忽見平生人
平生已不淺
是日重殷勤
問從何處來
及此江亭春
江天春多陰
夜月隔重雲
移樽樹間飲
燈照花紛紛
一會不易得
餘事何足云
明旦又分手
今夕且歡忻","贈别崔五朝送南去客
暮迎北來賓
孰云當大路
少遇心所親
勞者念息肩
熱者思濯身
何如愁獨日
忽見平生人
平生已不淺
是日重殷勤
問從何處來
及此江亭春
江天春多陰
夜月隔重雲
移樽樹間飲
燈照花紛紛
一會不易得
餘事何足云
明旦又分手
今夕且歡忻",123
499,poem,499,卷十,,,感傷,春晚寄微之,,,499,revised_jsonl_direct,0500,816,revised_jsonl,笺；汉书；三月三日率尔成篇；感逝寄远,汉书,1,True,,0,False,1,10,"三月江水闊
悠悠桃花波
年芳與心事
此地共蹉跎
南國方譴謫
中原正兵戈
眼前故人少
頭上白髮多
通州更迢遞
春盡復如何","春晚寄微之三月江水闊
悠悠桃花波
年芳與心事
此地共蹉跎
南國方譴謫
中原正兵戈
眼前故人少
頭上白髮多
通州更迢遞
春盡復如何",64
500,poem,500,卷十,,,感傷,漸老,,,500,revised_jsonl_direct,0501,816,revised_jsonl,笺；念金銮子二首；荣木诗序,,0,False,,0,False,1,12,"今朝復明日
不覺年齒暮
白髮逐梳落
朱顔辭鏡去
當春頗愁寂
對酒寡歡趣
遇境多愴辛
逢人益敦故
形質屬天地
推遷從不住
所怪少年心
銷磨落何處","漸老今朝復明日
不覺年齒暮
白髮逐梳落
朱顔辭鏡去
當春頗愁寂
對酒寡歡趣
遇境多愴辛
逢人益敦故
形質屬天地
推遷從不住
所怪少年心
銷磨落何處",73
501,poem,501,卷十,,,感傷,送幼史,,,501,revised_jsonl_direct,0502,816,revised_jsonl,笺；忆洛下故园；旧唐书,,0,False,,0,False,1,6,"淮右寇未散
江西歲再徂
故里干戈地
行人風雪途
此時與爾别
江畔立踟躕","送幼史淮右寇未散
江西歲再徂
故里干戈地
行人風雪途
此時與爾别
江畔立踟躕",38
502,poem,502,卷十,,,感傷,夜雪,,,502,revised_jsonl_direct,0503,816,revised_jsonl,笺,,0,False,,0,False,1,4,"已訝衾枕冷
復見窗户明
夜深知雪重
時聞折竹聲","夜雪已訝衾枕冷
復見窗户明
夜深知雪重
時聞折竹聲",25
503,poem,503,卷十,,,感傷,寄行簡,,,503,revised_jsonl_direct,0504,816,revised_jsonl,笺；别行简；史记；列子,史记；列子,2,True,,0,False,1,16,"鬱鬱眉多斂
默默口寡言
豈是願如此
舉目誰與歡
去春爾西征
從事巴蜀間
今春我南謫
抱疾江海壖
相去六千里
地絶天邈然
十書九不達
何以開憂顔
渴人多夢飲
飢人多夢飡
春來夢何處
合眼到東川","寄行簡鬱鬱眉多斂
默默口寡言
豈是願如此
舉目誰與歡
去春爾西征
從事巴蜀間
今春我南謫
抱疾江海壖
相去六千里
地絶天邈然
十書九不達
何以開憂顔
渴人多夢飲
飢人多夢飡
春來夢何處
合眼到東川",98
504,poem,504,卷十,,,感傷,首夏,,,504,revised_jsonl_direct,0505,817,revised_jsonl,笺；庄子；为顾彦先赠妇；心王铭；景德传灯录；易；岁暮赋；与微之书；白氏文集,庄子；易；岁暮赋,3,True,,0,False,1,24,"孟夏百物滋
動植一時好
麋鹿樂深林
蟲蛇喜豐草
翔禽愛密葉
游鱗悦新藻
天和遺漏處
而我獨枯槁
一身在天末
骨肉皆遠道
舊國無來人
寇戎塵浩浩
沉憂竟何益
祇自勞懷抱
不如放身心
冥然任天造
潯陽多美酒
可使杯不燥
湓魚賤如泥
烹炙無昏早
朝飯山下寺
暮醉湖中島
何必歸故鄉
兹焉可終老","首夏孟夏百物滋
動植一時好
麋鹿樂深林
蟲蛇喜豐草
翔禽愛密葉
游鱗悦新藻
天和遺漏處
而我獨枯槁
一身在天末
骨肉皆遠道
舊國無來人
寇戎塵浩浩
沉憂竟何益
祇自勞懷抱
不如放身心
冥然任天造
潯陽多美酒
可使杯不燥
湓魚賤如泥
烹炙無昏早
朝飯山下寺
暮醉湖中島
何必歸故鄉
兹焉可終老",145
505,poem,505,卷十,,,感傷,孟夏思渭村舊居寄舍弟,,,505,revised_jsonl_direct,0506,817,revised_jsonl,笺；重到渭上旧居；别行简；观稼；和大觜乌；易；诗；锦带书十二月启；初学记；纂要；赠友；丙辰岁八月中于下潠田舍获；论语,易；诗；纂要；论语,4,True,,0,False,1,40,"嘖嘖雀引雛
梢梢笋成竹
時物感人情
憶我故鄉曲
故園渭水上
十載事樵牧
手種榆柳成
陰陰覆牆屋
兔隱豆苗大
鳥鳴桑椹熟
前年當此時
與爾同遊矚
詩書課弟侄
農圃資僮僕
日暮麥登場
天晴蠶拆簇
弄泉南澗坐
待月東亭宿
興發飲數杯
悶來碁一局
一朝忽分散
萬里仍羈束
井鮒思返泉
籠鶯悔出谷
九江地卑濕
四月天炎燠
苦雨初入梅
瘴雲稍含毒
泥秧水畦稻
灰種畬田粟
已訝殊歲時
仍嗟異風俗
閑登郡樓望
日落江山綠
歸鴈拂鄉心
平湖斷人目
殊方我漂泊
舊里君幽獨
何時同一瓢
飲水心亦足","孟夏思渭村舊居寄舍弟嘖嘖雀引雛
梢梢笋成竹
時物感人情
憶我故鄉曲
故園渭水上
十載事樵牧
手種榆柳成
陰陰覆牆屋
兔隱豆苗大
鳥鳴桑椹熟
前年當此時
與爾同遊矚
詩書課弟侄
農圃資僮僕
日暮麥登場
天晴蠶拆簇
弄泉南澗坐
待月東亭宿
興發飲數杯
悶來碁一局
一朝忽分散
萬里仍羈束
井鮒思返泉
籠鶯悔出谷
九江地卑濕
四月天炎燠
苦雨初入梅
瘴雲稍含毒
泥秧水畦稻
灰種畬田粟
已訝殊歲時
仍嗟異風俗
閑登郡樓望
日落江山綠
歸鴈拂鄉心
平湖斷人目
殊方我漂泊
舊里君幽獨
何時同一瓢
飲水心亦足",249
506,poem,506,卷十,,,感傷,早蟬,,,506,revised_jsonl_direct,0507,,revised_jsonl,笺；政和证类本草；图经；秋浦歌十七首；酬杨给事兼见赠台中,,0,False,,0,False,1,12,"六月初七日
江頭蟬始鳴
石楠深葉裏
薄暮兩三聲
一催衰鬢色
再動故園情
西風殊未起
秋思先秋生
憶昔在東掖
宮槐花下聽
今朝無限思
雲樹遶湓城","早蟬六月初七日
江頭蟬始鳴
石楠深葉裏
薄暮兩三聲
一催衰鬢色
再動故園情
西風殊未起
秋思先秋生
憶昔在東掖
宮槐花下聽
今朝無限思
雲樹遶湓城",73
507,poem,507,卷十,,,感傷,感情,,,507,revised_jsonl_direct,0508,817,revised_jsonl,笺；白居易和他的夫人——兼论白氏青年时期的婚姻问题和与“湘灵”的关系；顾学颉文学论集；冬至夜怀湘灵；礼记；自悼赋,礼记,1,True,,0,False,1,20,"中庭曬服玩
忽見故鄉履
昔贈我者誰
東鄰嬋娟子
因思贈時語
特用結終始
永願如履綦
雙行復雙止
自吾謫江郡
飄蕩三千里
爲感長情人
提攜同到此
今朝一惆悵
反覆看未已
人隻履猶雙
何曾得相似
可嗟復可惜
錦表繡爲裏
况經梅雨來
色黯花草死","感情中庭曬服玩
忽見故鄉履
昔贈我者誰
東鄰嬋娟子
因思贈時語
特用結終始
永願如履綦
雙行復雙止
自吾謫江郡
飄蕩三千里
爲感長情人
提攜同到此
今朝一惆悵
反覆看未已
人隻履猶雙
何曾得相似
可嗟復可惜
錦表繡爲裏
况經梅雨來
色黯花草死",121
508,poem,508,卷十,,,感傷,南湖晚秋,,,508,revised_jsonl_direct,0509,817,revised_jsonl,笺；白氏文集；祭浮梁大兄文；答户部崔侍郎书；与微之书；放鱼；杂诗五首；余干旅舍；九江口作；雨夜有念；别行简,,0,False,,0,False,1,12,"八月白露降
湖中水芳老
旦夕秋風多
衰荷半傾倒
手攀青楓樹
足蹋黄蘆草
慘淡老容顔
冷落秋懷抱
有兄在淮楚
有弟在蜀道
萬里何時來
烟波白浩浩","南湖晚秋八月白露降
湖中水芳老
旦夕秋風多
衰荷半傾倒
手攀青楓樹
足蹋黄蘆草
慘淡老容顔
冷落秋懷抱
有兄在淮楚
有弟在蜀道
萬里何時來
烟波白浩浩",75
509,poem,509,卷十,,,感傷,郡廳有樹晚榮早凋人不識名因題其上,,,509,revised_jsonl_direct,0510,817,revised_jsonl,笺；秋胡诗；文选；女典；王孙赋；自祭文,王孙赋,1,True,,0,False,1,20,"潯陽郡廳後
有樹不知名
秋先梧桐落
春後桃李榮
五月始萌動
八月已凋零
左右皆松桂
四時鬱青青
豈量雨露恩
霑濡不均平
榮枯各有分
天地本無情
顧我亦相類
早衰向晚成
形骸少多病
三十不豐盈
毛鬢早改變
四十白髭生
誰教兩蕭索
相對此江城","郡廳有樹晚榮早凋人不識名因題其上潯陽郡廳後
有樹不知名
秋先梧桐落
春後桃李榮
五月始萌動
八月已凋零
左右皆松桂
四時鬱青青
豈量雨露恩
霑濡不均平
榮枯各有分
天地本無情
顧我亦相類
早衰向晚成
形骸少多病
三十不豐盈
毛鬢早改變
四十白髭生
誰教兩蕭索
相對此江城",135
510,poem,510,卷十,,,感傷,感秋懷微之,,,510,revised_jsonl_direct,0511,817,revised_jsonl,笺；楚辞；庄子；释文；自京赴奉先县咏怀；韩诗外传,楚辞；庄子；韩诗外传,3,True,,0,False,1,12,"葉下湖又波
秋風此時至
誰知濩落心
先納蕭條氣
推移感流歲
漂泊思同志
昔爲烟霄侶
今作泥塗吏
白鷗毛羽弱
青鳳文章異
各閉一籠中
歲晚同顦顇","感秋懷微之葉下湖又波
秋風此時至
誰知濩落心
先納蕭條氣
推移感流歲
漂泊思同志
昔爲烟霄侶
今作泥塗吏
白鷗毛羽弱
青鳳文章異
各閉一籠中
歲晚同顦顇",76
511,poem,511,卷十,,,感傷,因沐感髮寄朗上人二首其一,,,511,revised_jsonl_direct,0512,817,revised_jsonl,笺；春忆二林寺旧游因寄朗满晦三上人；草堂记；白氏文集；礼记；淮南子,礼记；淮南子,2,True,,0,False,1,12,"年長身轉慵
百年無所欲
乃至頭上髮
經年方一沐
沐稀髮苦落
一沐仍半秃
短鬢經霜蓬
老面辭春木
强年過猶近
衰相來何速
應是煩惱多
心焦血不足","因沐感髮寄朗上人二首其一年長身轉慵
百年無所欲
乃至頭上髮
經年方一沐
沐稀髮苦落
一沐仍半秃
短鬢經霜蓬
老面辭春木
强年過猶近
衰相來何速
應是煩惱多
心焦血不足",83
512,poem,512,卷十,,,感傷,因沐感髮寄朗上人二首其二,,,512,revised_jsonl_direct,0513,,revised_jsonl,维摩经；心经；笺；左传,左传,1,True,,0,False,1,12,"漸少不滿把
漸短不盈尺
况兹短少中
日夜落復白
既無神仙術
何除老死籍
祇有解脱門
能度衰苦厄
掩鏡望東寺
降心謝禪客
衰白何足言
剃落猶不惜","因沐感髮寄朗上人二首其二漸少不滿把
漸短不盈尺
况兹短少中
日夜落復白
既無神仙術
何除老死籍
祇有解脱門
能度衰苦厄
掩鏡望東寺
降心謝禪客
衰白何足言
剃落猶不惜",83
513,poem,513,卷十,,,感傷,早蟬,,,513,revised_jsonl_direct,0514,818,revised_jsonl,笺,,0,False,,0,False,1,10,"月出先照山
風生先動水
亦如早蟬聲
先入閑人耳
一聞愁意結
再聽鄉心起
渭上村蟬聲
先聽渾相似
衡門有誰聽
日暮槐花裏","早蟬月出先照山
風生先動水
亦如早蟬聲
先入閑人耳
一聞愁意結
再聽鄉心起
渭上村蟬聲
先聽渾相似
衡門有誰聽
日暮槐花裏",61
514,poem,514,卷十,,,感傷,苦熱喜凉,,,514,revised_jsonl_direct,0515,818,revised_jsonl,笺；春秋繁露；循天之道；春雪；后汉书；杂诗；文选,春秋繁露；后汉书；杂诗,3,True,,0,False,1,16,"經時苦炎暑
心體但煩倦
白日一何長
清秋不可見
歲功成者去
天數極則變
潛知寒燠間
遷次如乘傳
火雲忽朝斂
金風俄夕扇
枕簟遂清凉
筋骸稍輕健
因思望月侶
好卜迎秋宴
竟夜無客來
引杯還自勸","苦熱喜凉經時苦炎暑
心體但煩倦
白日一何長
清秋不可見
歲功成者去
天數極則變
潛知寒燠間
遷次如乘傳
火雲忽朝斂
金風俄夕扇
枕簟遂清凉
筋骸稍輕健
因思望月侶
好卜迎秋宴
竟夜無客來
引杯還自勸",99
515,poem,515,卷十,,,感傷,早秋晚望兼呈韋侍御,,,515,revised_jsonl_direct,0516,818,revised_jsonl,笺；清明日送韦侍御贬虔州；山中戏问韦侍御；江赋；文选；汉书注；送李司谏归京；羌村；说苑；侍五官中郎将建章台集诗；咏史,江赋；说苑,2,True,,0,False,1,16,"九派繞孤城
城高生遠思
人煙半在船
野水多於地
穿霞日脚直
驅鴈風頭利
去國來幾時
江上秋三至
夫君亦淪落
此地同飄寄
憫默向隅心
摧頽觸籠翅
且謀眼前計
莫問胸中事
潯陽酒甚濃
相勸時時醉","早秋晚望兼呈韋侍御九派繞孤城
城高生遠思
人煙半在船
野水多於地
穿霞日脚直
驅鴈風頭利
去國來幾時
江上秋三至
夫君亦淪落
此地同飄寄
憫默向隅心
摧頽觸籠翅
且謀眼前計
莫問胸中事
潯陽酒甚濃
相勸時時醉",104
516,poem,516,卷十,,,感傷,司馬宅,,,516,revised_jsonl_direct,0517,818,revised_jsonl,笺；江西通志,,0,False,,0,False,1,6,"雨徑綠蕪合
霜園紅葉多
蕭條司馬宅
門巷無人過
唯對大江水
秋風朝夕波","司馬宅雨徑綠蕪合
霜園紅葉多
蕭條司馬宅
門巷無人過
唯對大江水
秋風朝夕波",38
517,poem,517,卷十,,,感傷,司馬廳獨宿,,,517,revised_jsonl_direct,0518,818,revised_jsonl,笺；题遗爱寺前溪松；晋书；和梦游春诗一百韵,晋书,1,True,,0,False,1,8,"荒凉滿庭草
偃亞侵簷竹
府吏下廳簾
家僮開被幞
數聲城上漏
一點窗間燭
官曹冷似冰
誰肯來同宿","司馬廳獨宿荒凉滿庭草
偃亞侵簷竹
府吏下廳簾
家僮開被幞
數聲城上漏
一點窗間燭
官曹冷似冰
誰肯來同宿",52
518,poem,518,卷十,,,感傷,夢與李七庾三十三同訪元九,,,518,revised_jsonl_direct,0519,818,revised_jsonl,笺；唐书；答姨兄胡灵之；唐两京城坊考；靖安北街赠李二十,,0,False,,0,False,1,24,"夜夢歸長安
見我故親友
損之在我左
順之在我右
云是二月天
春風出攜手
同過靖安里
下馬尋元九
元九正獨坐
見我笑開口
還指西院花
仍開北亭酒
如言各有故
似惜歡難久
神合俄頃間
神離欠申後
覺來疑在側
求索無所有
殘燈影閃牆
斜月光穿牖
天明西北望
萬里君知否
老去無見期
踟躕搔白首","夢與李七庾三十三同訪元九夜夢歸長安
見我故親友
損之在我左
順之在我右
云是二月天
春風出攜手
同過靖安里
下馬尋元九
元九正獨坐
見我笑開口
還指西院花
仍開北亭酒
如言各有故
似惜歡難久
神合俄頃間
神離欠申後
覺來疑在側
求索無所有
殘燈影閃牆
斜月光穿牖
天明西北望
萬里君知否
老去無見期
踟躕搔白首",155
519,poem,519,卷十,,,感傷,秋槿,,,519,revised_jsonl_direct,0520,818,revised_jsonl,笺；赠王山人；赠友五首,,0,False,,0,False,1,16,"風露颯已冷
天色亦黄昏
中庭有槿花
榮落同一晨
秋開已寂寞
夕殞何紛紛
正憐少顔色
後歎不逡巡
感此因念彼
懷哉聊一陳
男兒老富貴
女子晚婚姻
頭白始得志
色衰方事人
後時不獲已
安得如青春","秋槿風露颯已冷
天色亦黄昏
中庭有槿花
榮落同一晨
秋開已寂寞
夕殞何紛紛
正憐少顔色
後歎不逡巡
感此因念彼
懷哉聊一陳
男兒老富貴
女子晚婚姻
頭白始得志
色衰方事人
後時不獲已
安得如青春",97
520,poem,520,卷十,,,感傷,答元郎中楊員外喜烏見寄,,,520,revised_jsonl_direct,0521,818,revised_jsonl,笺；故京兆元少尹文集序；白氏文集；答元八宗简同游曲江后明日见赠；闻杨十二新拜省郎遥以诗贺；唐才子传；思竹窗；答陆士龙诗序；汉官仪；李工部挽歌三首；寄王汉阳；和大觜乌；史记；燕丹子,汉官仪；史记,2,True,,0,False,1,8,"南宮鴛鴦地
何忽烏來止
故人錦帳郎
聞烏笑相視
疑烏報消息
望我歸鄉里
我歸應待烏頭白
慚愧元郎誤歡喜","答元郎中楊員外喜烏見寄南宮鴛鴦地
何忽烏來止
故人錦帳郎
聞烏笑相視
疑烏報消息
望我歸鄉里
我歸應待烏頭白
慚愧元郎誤歡喜",62
521,poem,521,卷十一,,,感傷,初入峽有感,,,521,revised_jsonl_direct,0522,819,revised_jsonl,谱；笺；诗；太平寰宇记；清一统志；水经注；明统志；唐国史补；长干行；西都赋；文选；白麈尾铭；新都行；南昌滩；遭风二十韵；夜入瞿唐峡；演繁露；白乐天集；入峡诗；陪张丞相自松滋江东泊渚宫；蜻蜓歌；论语；吊贾生文；说苑,诗；西都赋；论语；说苑,4,True,,0,False,1,27,"上有萬仞山
下有千丈水
蒼蒼兩崖間
闊狹容一葦
瞿唐呀直瀉
灧澦屹中峙
未夜黑巖昏
無風白浪起
大石如刀劍
小石如牙齒
一步不可行
况千三百里
自峽州至忠州
灘險相繼
凡一千三百里
苒蒻竹篾𥮘音念
欹危檝師趾
一跌無完舟
吾生繫於此
常聞仗忠信
蠻貊可行矣
自古漂沈人
豈盡非君子
况吾時與命
蹇舛不足恃
常恐不才身
復作無名死","初入峽有感上有萬仞山
下有千丈水
蒼蒼兩崖間
闊狹容一葦
瞿唐呀直瀉
灧澦屹中峙
未夜黑巖昏
無風白浪起
大石如刀劍
小石如牙齒
一步不可行
况千三百里
自峽州至忠州
灘險相繼
凡一千三百里
苒蒻竹篾𥮘音念
欹危檝師趾
一跌無完舟
吾生繫於此
常聞仗忠信
蠻貊可行矣
自古漂沈人
豈盡非君子
况吾時與命
蹇舛不足恃
常恐不才身
復作無名死",169
522,poem,522,卷十一,,,感傷,過昭君村,,,522,revised_jsonl_direct,0523,819,revised_jsonl,笺；青冢；舆地纪胜；清一统志；寰宇记；咏怀古迹五首；旧唐书；类说；逸士传,,0,False,,0,False,1,26,"靈珠産無種
彩雲出無根
亦如彼姝子
生此遐陋村
至麗物難掩
遽選入君門
獨美衆所嫉
終棄於塞垣
唯此希代色
豈無一顧恩
事排勢須去
不得由至尊
白黑既可變
丹青何足論
竟埋代北骨
不返巴東魂
慘澹晚雲水
依俙舊鄉園
妍姿化已久
但有村名存
村中有遺老
指點爲我言
不取往者戒
恐貽來者冤
至今村女面
燒灼成瘢痕","過昭君村靈珠産無種
彩雲出無根
亦如彼姝子
生此遐陋村
至麗物難掩
遽選入君門
獨美衆所嫉
終棄於塞垣
唯此希代色
豈無一顧恩
事排勢須去
不得由至尊
白黑既可變
丹青何足論
竟埋代北骨
不返巴東魂
慘澹晚雲水
依俙舊鄉園
妍姿化已久
但有村名存
村中有遺老
指點爲我言
不取往者戒
恐貽來者冤
至今村女面
燒灼成瘢痕",159
523,poem,523,卷十一,,,感傷,自江州至忠州,,,523,revised_jsonl_direct,0524,819,revised_jsonl,笺；旧唐书；初入峡有感；后汉书；流夜郎半道承恩放还兼欣克复之美书怀示息秀才；效陶潜体诗十六首,后汉书,1,True,,0,False,1,12,"前在潯陽日
已歎賓朋寡
忽忽抱憂懷
出門無處寫
今來轉深僻
窮峽巔山下
五月斷行舟
灧堆正如馬
巴人類猿狖
矍爍滿山野
敢望見交親
喜逢似人者","自江州至忠州前在潯陽日
已歎賓朋寡
忽忽抱憂懷
出門無處寫
今來轉深僻
窮峽巔山下
五月斷行舟
灧堆正如馬
巴人類猿狖
矍爍滿山野
敢望見交親
喜逢似人者",77
524,poem,524,卷十一,,,感傷,初到忠州登東樓寄萬州楊八使君,,,524,revised_jsonl_direct,0525,819,revised_jsonl,谱；笺；方舆胜览；清一统志；白氏文集の批判的研究；题郡中荔枝诗十八韵兼寄万州杨八使君；旧唐书；咸淳毗陵志；禁中寄杨八寿州；寄杨虢州与之旧姻；寄杨八拾遗；寄唐州杨八归厚；寄虢州杨庶子文；奉酬杨侍郎因送八叔拾遗戏赠诏追南来诸宾；杨归厚授唐州刺史制；白氏文集；刘禹锡集；祭虢州杨庶子文；赠友五首；后汉书；欧阳尚书；战国策,后汉书；战国策,2,True,,0,False,1,24,"山束邑居窄
峽牽氣候偏
林巒少平地
霧雨多陰天
隱隱煑鹽火
漠漠燒畬煙
賴此東樓夕
風月時翛然
憑軒望所思
目斷心涓涓
背春有去雁
上水無來船
我懷巴東守
本是關西賢
平生已不淺
流落重相憐
水梗漂萬里
籠禽囚五年
新恩同雨露
遠郡鄰山川
書信雖往復
封疆徒接連
其如美人面
欲見杳無緣","初到忠州登東樓寄萬州楊八使君山束邑居窄
峽牽氣候偏
林巒少平地
霧雨多陰天
隱隱煑鹽火
漠漠燒畬煙
賴此東樓夕
風月時翛然
憑軒望所思
目斷心涓涓
背春有去雁
上水無來船
我懷巴東守
本是關西賢
平生已不淺
流落重相憐
水梗漂萬里
籠禽囚五年
新恩同雨露
遠郡鄰山川
書信雖往復
封疆徒接連
其如美人面
欲見杳無緣",157
525,poem,525,卷十一,,,感傷,郡中,,,525,revised_jsonl_direct,0526,819,revised_jsonl,笺；华阳国志；方舆胜览；寰宇记；图经,华阳国志,1,True,,0,False,1,4,"鄉路音信斷
山城日月遲
欲知州近遠
階前摘荔枝","郡中鄉路音信斷
山城日月遲
欲知州近遠
階前摘荔枝",25
526,poem,526,卷十一,,,感傷,西樓夜,,,526,revised_jsonl_direct,0527,819,revised_jsonl,笺；方舆胜览,,0,False,,0,False,1,8,"悄悄復悄悄
城隅隱林杪
山郭燈火稀
峽天星漢少
年光東流水
生計南枝鳥
月没江沈沈
西樓殊未曉","西樓夜悄悄復悄悄
城隅隱林杪
山郭燈火稀
峽天星漢少
年光東流水
生計南枝鳥
月没江沈沈
西樓殊未曉",50
527,poem,527,卷十一,,,感傷,東樓曉,,,527,revised_jsonl_direct,0528,819,revised_jsonl,笺；初到忠州登东楼寄万州杨八使君,,0,False,,0,False,1,8,"脉脉復脉脉
東樓無宿客
城暗雲霧多
峽深田地窄
宵燈尚留焰
晨禽初展翮
欲知山高低
不見東方白","東樓曉脉脉復脉脉
東樓無宿客
城暗雲霧多
峽深田地窄
宵燈尚留焰
晨禽初展翮
欲知山高低
不見東方白",50
528,poem,528,卷十一,,,感傷,寄王質夫,,,528,revised_jsonl_direct,0529,819,revised_jsonl,谱；笺；招王质夫；仙游寺独宿；云居寺孤桐；元和郡县志；楼观本记；先师传；黑龙潭,,0,False,,0,False,1,32,"憶始識君時
愛君世緣薄
我亦吏王畿
不爲名利著
春尋仙遊洞
秋上雲居閣
樓觀水潺潺
龍潭花漠漠
吟詩石上坐
引酒泉邊酌
因話出處心
心期老巖壑
忽從風雨别
遂被簪纓縛
君作出山雲
我爲入籠鶴
籠深鶴殘顇
山遠雲飄泊
去處雖不同
同負平生約
今來各何在
老去隨所託
我守巴南城
君佐征西幕
年顔漸衰颯
生計仍蕭索
方含去國愁
且羨從軍樂
舊遊疑是夢
往事思如昨
相憶春又深
故山花正落","寄王質夫憶始識君時
愛君世緣薄
我亦吏王畿
不爲名利著
春尋仙遊洞
秋上雲居閣
樓觀水潺潺
龍潭花漠漠
吟詩石上坐
引酒泉邊酌
因話出處心
心期老巖壑
忽從風雨别
遂被簪纓縛
君作出山雲
我爲入籠鶴
籠深鶴殘顇
山遠雲飄泊
去處雖不同
同負平生約
今來各何在
老去隨所託
我守巴南城
君佐征西幕
年顔漸衰颯
生計仍蕭索
方含去國愁
且羨從軍樂
舊遊疑是夢
往事思如昨
相憶春又深
故山花正落",195
529,poem,529,卷十一,,,感傷,南賓郡齋即事寄楊萬州,,,529,revised_jsonl_direct,0530,819,revised_jsonl,谱；笺；自江州至忠州；初到忠州登东楼寄万州杨八使君；华阳国志；史记；括地志；元和郡县志；方舆胜览；南郊改元德音,华阳国志；史记,2,True,,0,False,1,18,"山上巴子城
山下巴江水
中有窮獨人
强名爲刺史
時時竊自哂
刺史豈如是
倉粟餧家人
黄縑裹妻子
忠州刺史以下悉以畬田粟給祿食
以黄絹支給充俸
莓苔翳冠帶
霧雨霾樓雉
衙鼓暮復朝
郡齋卧還起
迴頭望南浦
亦在煙波裏
而我復何嗟
夫君猶滯此","南賓郡齋即事寄楊萬州山上巴子城
山下巴江水
中有窮獨人
强名爲刺史
時時竊自哂
刺史豈如是
倉粟餧家人
黄縑裹妻子
忠州刺史以下悉以畬田粟給祿食
以黄絹支給充俸
莓苔翳冠帶
霧雨霾樓雉
衙鼓暮復朝
郡齋卧還起
迴頭望南浦
亦在煙波裏
而我復何嗟
夫君猶滯此",128
530,poem,530,卷十一,,,感傷,招蕭處士,,,530,revised_jsonl_direct,0531,819,revised_jsonl,笺；谱；发白狗峡次黄牛峡登高寺却望忠州；送萧处士游黔南；苏端薛复筵简薛华醉歌；北里志；南部新书,,0,False,,0,False,1,16,"峽内豈無人
所逢非所思
門前亦有客
相對不相知
仰望但雲樹
俯顧惟妻兒
寢食起居外
端然無所爲
東郊蕭處士
聊可與開眉
能飲滿杯酒
善吟長句詩
庭前吏散後
江畔路乾時
請君攜竹杖
一赴郡齋期","招蕭處士峽内豈無人
所逢非所思
門前亦有客
相對不相知
仰望但雲樹
俯顧惟妻兒
寢食起居外
端然無所爲
東郊蕭處士
聊可與開眉
能飲滿杯酒
善吟長句詩
庭前吏散後
江畔路乾時
請君攜竹杖
一赴郡齋期",99
531,poem,531,卷十一,,,感傷,庭槐,,,531,revised_jsonl_direct,0532,819,revised_jsonl,笺,,0,False,,0,False,1,16,"南方饒竹樹
唯有青槐稀
十種七八死
縱活亦支離
何此郡庭下
一株獨華滋
蒙蒙碧煙葉
嫋嫋黄花枝
我家渭水上
此樹蔭前墀
忽向天涯見
憶在故園時
人生有情感
遇物牽所思
樹木猶復爾
况見舊親知","庭槐南方饒竹樹
唯有青槐稀
十種七八死
縱活亦支離
何此郡庭下
一株獨華滋
蒙蒙碧煙葉
嫋嫋黄花枝
我家渭水上
此樹蔭前墀
忽向天涯見
憶在故園時
人生有情感
遇物牽所思
樹木猶復爾
况見舊親知",97
532,poem,532,卷十一,,,感傷,送客迴晚興,,,532,revised_jsonl_direct,0533,819,revised_jsonl,笺；海赋；文选,海赋,1,True,,0,False,1,8,"城上雲霧開
沙頭風浪定
參差亂山出
澹泞平江淨
行客舟已遠
居人酒初醒
嫋嫋秋竹梢
巴蟬聲似磬","送客迴晚興城上雲霧開
沙頭風浪定
參差亂山出
澹泞平江淨
行客舟已遠
居人酒初醒
嫋嫋秋竹梢
巴蟬聲似磬",52
533,poem,533,卷十一,,,感傷,東樓竹,,,533,revised_jsonl_direct,0534,819,revised_jsonl,笺；裴侍郎湘川回以青竹简相遗因而赠之；庭竹；朱鹭；世说新语,,0,False,,0,False,1,12,"蕭灑城東樓
遶樓多脩竹
森然一萬竿
白粉封青玉
卷簾睡初覺
欹枕看未足
影轉色入樓
牀席生浮綠
空城絶賓客
向夕彌幽獨
樓上夜不歸
此君留我宿","東樓竹蕭灑城東樓
遶樓多脩竹
森然一萬竿
白粉封青玉
卷簾睡初覺
欹枕看未足
影轉色入樓
牀席生浮綠
空城絶賓客
向夕彌幽獨
樓上夜不歸
此君留我宿",74
534,poem,534,卷十一,,,感傷,九日登巴臺,,,534,revised_jsonl_direct,0535,819,revised_jsonl,笺；方舆胜览；清一统志；题小桥前新竹招客；太平御览；事类赋；酬柏侍御答酒,,0,False,,0,False,1,12,"黍香酒初熟
菊暖花未開
閑聽竹枝曲
淺酌茱萸杯
去年重陽日
漂泊湓城隈
今歲重陽日
蕭條巴子臺
旅鬢尋已白
鄉書久不來
臨觴一搔首
座客亦徘徊","九日登巴臺黍香酒初熟
菊暖花未開
閑聽竹枝曲
淺酌茱萸杯
去年重陽日
漂泊湓城隈
今歲重陽日
蕭條巴子臺
旅鬢尋已白
鄉書久不來
臨觴一搔首
座客亦徘徊",76
535,poem,535,卷十一,,,感傷,東城尋春,,,535,revised_jsonl_direct,0536,820,revised_jsonl,笺；篱笋；喜韩樽相过；奉陪郭常侍宴浐川山池,,0,False,,0,False,1,12,"老色日上面
歡情日去心
今既不如昔
後當不如今
今猶未甚衰
每事力可任
花時仍愛出
酒後尚能吟
但恐如此興
亦隨日銷沈
東城春欲老
勉强一來尋","東城尋春老色日上面
歡情日去心
今既不如昔
後當不如今
今猶未甚衰
每事力可任
花時仍愛出
酒後尚能吟
但恐如此興
亦隨日銷沈
東城春欲老
勉强一來尋",75
536,poem,536,卷十一,,,感傷,江上送客,,,536,revised_jsonl_direct,0537,820,revised_jsonl,笺；华阳国志；蜀都赋；文选；蜀记；华阳风俗录；博物志,华阳国志；蜀都赋；博物志,3,True,,0,False,1,8,"江花已萎絶
江草已銷歇
遠客何處歸
孤舟今日發
杜鵑聲似哭
湘竹斑如血
共是多感人
仍爲此中别","江上送客江花已萎絶
江草已銷歇
遠客何處歸
孤舟今日發
杜鵑聲似哭
湘竹斑如血
共是多感人
仍爲此中别",51
537,poem,537,卷十一,,,感傷,桐花,,,537,revised_jsonl_direct,0538,819,revised_jsonl,笺；礼记；答桐花；在元城与魏太子笺；老子；汉书,礼记；老子；汉书,3,True,,0,False,1,16,"春令有常候
清明桐始發
何此巴峽中
桐花開十月
豈伊物理變
信是土宜别
地氣反寒暄
天時倒生殺
草木堅强物
所稟固難奪
風候一參差
榮枯遂乖剌
况吾北人性
不耐南方熱
强羸壽夭間
安得依時節","桐花春令有常候
清明桐始發
何此巴峽中
桐花開十月
豈伊物理變
信是土宜别
地氣反寒暄
天時倒生殺
草木堅强物
所稟固難奪
風候一參差
榮枯遂乖剌
况吾北人性
不耐南方熱
强羸壽夭間
安得依時節",97
538,poem,538,卷十一,,,感傷,早祭風伯因懷李十一舍人,,,538,revised_jsonl_direct,0539,820,revised_jsonl,笺；东南行一百韵；旧唐书；新唐书；寄李十一；唐会要；骠国乐；长安志；唐两京城坊考；述志赋,,0,False,,0,False,1,16,"遠郡雖褊陋
時祀奉朝經
夙興祭風伯
天氣曉冥冥
導騎與從吏
引我出東坰
水霧重如雨
山火高於星
忽憶早朝日
與君趨紫庭
步登龍尾道
却望終南青
一别身向老
所思心未寧
至今想在耳
玉音尚玲玲","早祭風伯因懷李十一舍人遠郡雖褊陋
時祀奉朝經
夙興祭風伯
天氣曉冥冥
導騎與從吏
引我出東坰
水霧重如雨
山火高於星
忽憶早朝日
與君趨紫庭
步登龍尾道
却望終南青
一别身向老
所思心未寧
至今想在耳
玉音尚玲玲",106
539,poem,539,卷十一,,,感傷,花下對酒二首其一,,,539,revised_jsonl_direct,0540,820,revised_jsonl,笺；新唐书；南宾郡斋即事寄杨万州,,0,False,,0,False,1,16,"藹藹江氣春
南賓閏正月
梅櫻與桃杏
次第城上發
紅房爛簇火
素艷紛圍雪
香惜委風飄
愁牽壓枝折
樓中老太守
頭上新白髮
冷澹病心情
暄和好時節
故園音信斷
遠郡親賓絶
欲問花前樽
依然爲誰設","花下對酒二首其一藹藹江氣春
南賓閏正月
梅櫻與桃杏
次第城上發
紅房爛簇火
素艷紛圍雪
香惜委風飄
愁牽壓枝折
樓中老太守
頭上新白髮
冷澹病心情
暄和好時節
故園音信斷
遠郡親賓絶
欲問花前樽
依然爲誰設",103
540,poem,540,卷十一,,,感傷,花下對酒二首其二,,,540,revised_jsonl_direct,0541,,revised_jsonl,至寻阳诗；佛说巨力长者所问经；妙法圣念处经；崔逸人山亭,,0,False,,0,False,1,16,"引手攀紅櫻
紅櫻落似霰
仰首看白日
白日走如箭
年芳與時景
頃刻猶衰變
况是血肉身
安能長强健
人心苦迷執
慕貴憂貧賤
愁色常在眉
歡容不上面
况吾頭半白
把鏡非不見
何必花下杯
更待他人勸","花下對酒二首其二引手攀紅櫻
紅櫻落似霰
仰首看白日
白日走如箭
年芳與時景
頃刻猶衰變
况是血肉身
安能長强健
人心苦迷執
慕貴憂貧賤
愁色常在眉
歡容不上面
况吾頭半白
把鏡非不見
何必花下杯
更待他人勸",103
541,poem,541,卷十一,,,感傷,不二門,,,541,revised_jsonl_direct,0542,820,revised_jsonl,笺；邺城引；伤春赠远；送高司直寻封阆州；伤友；抱朴子内篇；韩诗外传；云笈七签；还金丹炉鼎火候品；火候诀；易；金丹论；杂感；维摩经,韩诗外传；易,2,True,,0,False,1,24,"兩眼日將闇
四支漸衰瘦
束帶賸昔圍
穿衣妨去聲寬袖
流年似江水
奔注無昏晝
志氣與形骸
安得長依舊
亦曾登玉陛
舉措多紕繆
至今金闕籍
名姓獨遺漏
亦曾燒大藥
消息乖火候
至今殘丹砂
燒乾不成就
行藏事兩失
憂惱心交鬬
化作顦顇翁
抛身在荒陋
坐看老病逼
須得醫王救
唯有不二門
其間無夭壽","不二門兩眼日將闇
四支漸衰瘦
束帶賸昔圍
穿衣妨去聲寬袖
流年似江水
奔注無昏晝
志氣與形骸
安得長依舊
亦曾登玉陛
舉措多紕繆
至今金闕籍
名姓獨遺漏
亦曾燒大藥
消息乖火候
至今殘丹砂
燒乾不成就
行藏事兩失
憂惱心交鬬
化作顦顇翁
抛身在荒陋
坐看老病逼
須得醫王救
唯有不二門
其間無夭壽",148
542,poem,542,卷十一,,,感傷,我身,,,542,revised_jsonl_direct,0543,820,revised_jsonl,笺；大水；咏拙；庄子；晋书；大鹏赞,庄子；晋书,2,True,,0,False,1,18,"我身何所似
似彼孤生蓬
秋霜翦根斷
浩浩隨長風
昔遊秦雍間
今落巴蠻中
昔爲意氣郎
今作寂寥翁
外貌雖寂寞
中懷頗沖融
賦命有厚薄
委心任窮通
通當爲大鵬
舉翅摩蒼穹
窮則爲鷦鷯
一枝足自容
苟知此道者
身窮心不窮","我身我身何所似
似彼孤生蓬
秋霜翦根斷
浩浩隨長風
昔遊秦雍間
今落巴蠻中
昔爲意氣郎
今作寂寥翁
外貌雖寂寞
中懷頗沖融
賦命有厚薄
委心任窮通
通當爲大鵬
舉翅摩蒼穹
窮則爲鷦鷯
一枝足自容
苟知此道者
身窮心不窮",109
543,poem,543,卷十一,,,感傷,哭王質夫,,,543,revised_jsonl_direct,0544,820,revised_jsonl,笺；招王质夫；寄王质夫；旧唐书；礼记；论语；江上值水如海势聊短述；马上作；易；幽通赋；虫豸诗；人道短；太平御览；抱朴子内篇；太平广记；说狐；玄中记,礼记；论语；易；玄中记,4,True,,0,False,1,26,"仙遊寺前别
别來十年餘
生别猶怏怏
死别復何如
客從梓潼來
道君死不虛
驚疑心未信
欲哭復踟躕
踟躕寢門側
聲發涕亦俱
衣上今日淚
篋中前月書
憐君古人風
重有君子儒
篇詠陶謝輩
風衿嵇阮徒
出身既蹇連
生世仍須臾
誠知天至高
安得不一呼
江南有毒蟒
江北有妖狐
皆享千年壽
多於王質夫
不知彼何德
不識此何辜","哭王質夫仙遊寺前别
别來十年餘
生别猶怏怏
死别復何如
客從梓潼來
道君死不虛
驚疑心未信
欲哭復踟躕
踟躕寢門側
聲發涕亦俱
衣上今日淚
篋中前月書
憐君古人風
重有君子儒
篇詠陶謝輩
風衿嵇阮徒
出身既蹇連
生世仍須臾
誠知天至高
安得不一呼
江南有毒蟒
江北有妖狐
皆享千年壽
多於王質夫
不知彼何德
不識此何辜",159
544,poem,544,卷十一,,,感傷,東坡種花二首其一,,,544,revised_jsonl_direct,0545,820,revised_jsonl,笺；谱；东坡种花；方舆胜览；容斋三笔；施注苏诗,,0,False,,0,False,1,24,"持錢買花樹
城東坡上栽
但購有花者
不限桃杏梅
百果參雜種
千枝次第開
天時有早晚
地力無高低
紅者霞豔豔
白者雪皚皚
遊蜂遂不去
好鳥亦栖來
前有長流水
下有小平臺
時拂臺上石
一舉風前杯
花枝蔭我頭
花蘂落我懷
獨酌復獨詠
不覺月平西
巴俗不愛花
竟春無人來
唯此醉太守
盡日不能迴","東坡種花二首其一持錢買花樹
城東坡上栽
但購有花者
不限桃杏梅
百果參雜種
千枝次第開
天時有早晚
地力無高低
紅者霞豔豔
白者雪皚皚
遊蜂遂不去
好鳥亦栖來
前有長流水
下有小平臺
時拂臺上石
一舉風前杯
花枝蔭我頭
花蘂落我懷
獨酌復獨詠
不覺月平西
巴俗不愛花
竟春無人來
唯此醉太守
盡日不能迴",151
545,poem,545,卷十一,,,感傷,東坡種花二首其二,,,545,revised_jsonl_direct,0546,,revised_jsonl,答桐花；寓意诗五首；左传；汉书；晋书,左传；汉书；晋书,3,True,,0,False,1,22,"東坡春向暮
樹木今何如
漠漠花落盡
翳翳葉生初
每日領僮僕
荷鋤仍決渠
剗土壅其本
引泉溉其枯
小樹低數尺
大樹長丈餘
封植來幾時
高下齊扶疏
養樹既如此
養民亦何殊
將欲茂枝葉
必先救根株
云何救根株
勸農均賦租
云何茂枝葉
省事寬刑書
移此爲郡政
庶幾甿俗蘇","東坡種花二首其二東坡春向暮
樹木今何如
漠漠花落盡
翳翳葉生初
每日領僮僕
荷鋤仍決渠
剗土壅其本
引泉溉其枯
小樹低數尺
大樹長丈餘
封植來幾時
高下齊扶疏
養樹既如此
養民亦何殊
將欲茂枝葉
必先救根株
云何救根株
勸農均賦租
云何茂枝葉
省事寬刑書
移此爲郡政
庶幾甿俗蘇",139
546,poem,546,卷十一,,,感傷,登城東古臺,,,546,revised_jsonl_direct,0547,820,revised_jsonl,笺；九日登巴台,,0,False,,0,False,1,16,"迢迢東郊上
有土青崔嵬
不知何代物
疑是巴王臺
巴歌久無聲
巴宮没黄埃
靡靡春草合
牛羊緣四隈
我來一登眺
目極心悠哉
始見江山勢
峰疊水環迴
憑高視聽曠
向遠胸衿開
唯有故園念
時從東北來","登城東古臺迢迢東郊上
有土青崔嵬
不知何代物
疑是巴王臺
巴歌久無聲
巴宮没黄埃
靡靡春草合
牛羊緣四隈
我來一登眺
目極心悠哉
始見江山勢
峰疊水環迴
憑高視聽曠
向遠胸衿開
唯有故園念
時從東北來",100
547,poem,547,卷十一,,,感傷,哭諸故人因寄元八,,,547,revised_jsonl_direct,0548,820,revised_jsonl,笺；答元八宗简同游曲江后明日见赠；答元郎中杨员外喜乌见寄；哭王质夫；效陶潜体诗十六首；哀永逝文；司徒袁公夫人马氏碑；为宋公至洛阳谒五陵表；太平广记；周子恭；朝野佥载；送蔡希曾都尉还陇右因寄高三十五书记；唐两京城坊考；白居易集；和元八侍御升平新居四绝句,,0,False,,0,False,1,20,"昨日哭寢門
今日哭寢門
借問所哭誰
無非故交親
偉卿既長往
質夫亦幽淪
屈指數年世
收涕自思身
彼皆少於我
先爲泉下人
我今頭半白
焉得身久存
好在元郎中
相識二十春
昔見君生子
今聞君抱孫
存者盡老大
逝者已成塵
早晚升平宅
開眉一見君","哭諸故人因寄元八昨日哭寢門
今日哭寢門
借問所哭誰
無非故交親
偉卿既長往
質夫亦幽淪
屈指數年世
收涕自思身
彼皆少於我
先爲泉下人
我今頭半白
焉得身久存
好在元郎中
相識二十春
昔見君生子
今聞君抱孫
存者盡老大
逝者已成塵
早晚升平宅
開眉一見君",127
548,poem,548,卷十一,,,感傷,郡中春讌因贈諸客,,,548,revised_jsonl_direct,0549,820,revised_jsonl,谱；笺；汉书；书；青云驿；华阳国志；忠州志；九日题涂谿；书品序；旧唐书；晋书；酬郑州权舍人见寄二十韵；相和歌辞；诗；春至；方舆胜览；图经；留北客,汉书；书；华阳国志；晋书；诗,5,True,,0,False,1,32,"僕本儒家子
待詔金馬門
塵忝親近地
孤負聖明恩
一旦奉優詔
萬里牧遠人
可憐島夷帥
自稱爲使君
身騎牂牁馬
口食塗江鱗
闇淡緋衫故
斕斑白髮新
是時歲二月
玉曆布春分
頒條示皇澤
命宴及良辰
冉冉趨府吏
蚩蚩聚州民
有如蟄蟲鳥
亦應天地春
薰草席鋪座
藤枝酒注樽
中庭無平地
高下隨所陳
蠻鼓聲坎坎
巴女舞蹲蹲
使君居上頭
掩口語衆賓
勿笑風俗陋
勿欺官府貧
蜂巢與蟻穴
隨分有君臣","郡中春讌因贈諸客僕本儒家子
待詔金馬門
塵忝親近地
孤負聖明恩
一旦奉優詔
萬里牧遠人
可憐島夷帥
自稱爲使君
身騎牂牁馬
口食塗江鱗
闇淡緋衫故
斕斑白髮新
是時歲二月
玉曆布春分
頒條示皇澤
命宴及良辰
冉冉趨府吏
蚩蚩聚州民
有如蟄蟲鳥
亦應天地春
薰草席鋪座
藤枝酒注樽
中庭無平地
高下隨所陳
蠻鼓聲坎坎
巴女舞蹲蹲
使君居上頭
掩口語衆賓
勿笑風俗陋
勿欺官府貧
蜂巢與蟻穴
隨分有君臣",199
549,poem,549,卷十一,,,感傷,開元寺東池早春,,,549,revised_jsonl_direct,0550,820,revised_jsonl,笺；方舆胜览；宫词一百首；酬独孤二十六送归通州；野客丛书；经月岩山；祖席前字；维摩经；一切经音义,,0,False,,0,False,1,12,"池水暖温暾
水清波澹灧
蔟蔟青泥中
新蒲葉如劍
梅房小白裹
柳彩輕黄染
順氣草薰薰
適情鷗汎汎
舊遊成夢寐
往事隨陽焱
芳物感幽懷
一動平生念","開元寺東池早春池水暖温暾
水清波澹灧
蔟蔟青泥中
新蒲葉如劍
梅房小白裹
柳彩輕黄染
順氣草薰薰
適情鷗汎汎
舊遊成夢寐
往事隨陽焱
芳物感幽懷
一動平生念",78
550,poem,550,卷十一,,,感傷,東澗種柳,,,550,revised_jsonl_direct,0551,820,revised_jsonl,笺；谱；方舆胜览；蜀中名胜记；志；东涧种柳；淮南子,淮南子,1,True,,0,False,1,22,"野性愛栽植
植柳水中坻
乘春持斧斫
裁截而樹之
長短既不一
高下隨所宜
倚岸埋大幹
臨流插小枝
松柏不可待
楩柟固難移
不如種此樹
此樹易榮滋
無根亦可活
成陰况非遲
三年未離郡
可以見依依
種罷水邊憩
仰頭閑自思
富貴本非望
功名須待時
不種東溪柳
端坐欲何爲","東澗種柳野性愛栽植
植柳水中坻
乘春持斧斫
裁截而樹之
長短既不一
高下隨所宜
倚岸埋大幹
臨流插小枝
松柏不可待
楩柟固難移
不如種此樹
此樹易榮滋
無根亦可活
成陰况非遲
三年未離郡
可以見依依
種罷水邊憩
仰頭閑自思
富貴本非望
功名須待時
不種東溪柳
端坐欲何爲",135
551,poem,551,卷十一,,,感傷,卧小齋,,,551,revised_jsonl_direct,0552,820,revised_jsonl,谱；笺,,0,False,,0,False,1,8,"朝起視事畢
晏坐飽食終
散步長廊下
退卧小齋中
拙政自多暇
幽情誰與同
孰云二千石
心如田野翁","卧小齋朝起視事畢
晏坐飽食終
散步長廊下
退卧小齋中
拙政自多暇
幽情誰與同
孰云二千石
心如田野翁",50
552,poem,552,卷十一,,,感傷,步東坡,,,552,revised_jsonl_direct,0553,820,revised_jsonl,笺；太平广记；段文昌；定命录；送元二适江左；小碎,,0,False,,0,False,1,16,"朝上東坡步
夕上東坡步
東坡何所愛
愛此新成樹
種植當歲初
滋榮及春暮
信意取次栽
無行亦無數
綠陰斜景轉
芳氣微風度
新葉鳥下來
萎花蝶飛去
閑攜斑竹杖
徐曳黄麻屨
欲識往來頻
青蕪成白路","步東坡朝上東坡步
夕上東坡步
東坡何所愛
愛此新成樹
種植當歲初
滋榮及春暮
信意取次栽
無行亦無數
綠陰斜景轉
芳氣微風度
新葉鳥下來
萎花蝶飛去
閑攜斑竹杖
徐曳黄麻屨
欲識往來頻
青蕪成白路",98
553,poem,553,卷十一,,,感傷,徵秋税畢題郡南亭,,,553,revised_jsonl_direct,0554,819,revised_jsonl,笺；诗；扬州箴；秋夜独坐,诗,1,True,,0,False,1,14,"高城直下視
蠢蠢見巴蠻
安可施政教
尚不通語言
且喜賦斂畢
幸聞閭井安
豈伊循良化
賴此豐登年
桉牘既簡少
池館亦清閑
秋雨簷果落
夕鐘林鳥還
南亭日蕭灑
偃卧恣疏頑","徵秋税畢題郡南亭高城直下視
蠢蠢見巴蠻
安可施政教
尚不通語言
且喜賦斂畢
幸聞閭井安
豈伊循良化
賴此豐登年
桉牘既簡少
池館亦清閑
秋雨簷果落
夕鐘林鳥還
南亭日蕭灑
偃卧恣疏頑",91
554,poem,554,卷十一,,,感傷,蚊蟆,,,554,revised_jsonl_direct,0555,820,revised_jsonl,笺；棕拂子；诗；尔雅；论语；西京赋；列子,诗；尔雅；论语；西京赋；列子,5,True,,0,False,1,12,"巴徼炎毒早
三月蚊蟆生
咂膚拂不去
遶耳薨薨聲
斯物頗微細
中人初甚輕
如有膚受譖
久則瘡痏成
痏成無奈何
所要防其萌
麽蟲何足道
潛喻儆人情","蚊蟆巴徼炎毒早
三月蚊蟆生
咂膚拂不去
遶耳薨薨聲
斯物頗微細
中人初甚輕
如有膚受譖
久則瘡痏成
痏成無奈何
所要防其萌
麽蟲何足道
潛喻儆人情",73
555,poem,555,卷十一,,,感傷,登龍昌上寺望江南山懷錢舍人,,,555,revised_jsonl_direct,0556,820,revised_jsonl,谱；笺；方舆胜览；蜀中名胜记；志；旧唐书；册府元龜；答崔侍郎钱舍人书问因继以诗；青龙寺早夏；游蓝田山下卜居,,0,False,,0,False,1,19,"騎馬出西郭
悠悠欲何之
獨上高寺去
一與白雲期
虛檻晚蕭灑
前山碧參差
忽似青龍閣
同望玉峰時
因詠松雪句
永懷鸞鶴姿
六年不相見
况乃隔榮衰
昔常與錢舍人登青龍寺上方
同望藍田山
各有絶句
錢詩云
“偶來上寺因高望
松雪分明見舊山
”","登龍昌上寺望江南山懷錢舍人騎馬出西郭
悠悠欲何之
獨上高寺去
一與白雲期
虛檻晚蕭灑
前山碧參差
忽似青龍閣
同望玉峰時
因詠松雪句
永懷鸞鶴姿
六年不相見
况乃隔榮衰
昔常與錢舍人登青龍寺上方
同望藍田山
各有絶句
錢詩云
“偶來上寺因高望
松雪分明見舊山
”",131
556,poem,556,卷十一,,,感傷,郊下,,,556,revised_jsonl_direct,0557,820,revised_jsonl,笺；江上送客；楚辞；说文；赋；本草；九歌；五柳先生传；相和歌辞,楚辞；说文；赋；本草,4,True,,0,False,1,8,"西日照高樹
樹頭子規鳴
東風吹野水
水畔江蘺生
盡日看山立
有時尋澗行
兀兀長如此
何許似專城","郊下西日照高樹
樹頭子規鳴
東風吹野水
水畔江蘺生
盡日看山立
有時尋澗行
兀兀長如此
何許似專城",49
557,poem,557,卷十一,,,感傷,遣懷,,,557,revised_jsonl_direct,0558,820,revised_jsonl,笺；淮南子；易；楚辞；尔雅；般泥洹经；中阿含经,淮南子；易；楚辞；尔雅,4,True,,0,False,1,16,"樂往必悲生
泰來猶否極
誰言此數然
吾道何終塞
嘗求詹尹卜
拂龜竟默默
亦曾仰問天
天但蒼蒼色
自兹唯委命
名利心雙息
近日轉安閑
鄉園亦休憶
迴看世間苦
苦在求不得
我今無所求
庶離憂悲域","遣懷樂往必悲生
泰來猶否極
誰言此數然
吾道何終塞
嘗求詹尹卜
拂龜竟默默
亦曾仰問天
天但蒼蒼色
自兹唯委命
名利心雙息
近日轉安閑
鄉園亦休憶
迴看世間苦
苦在求不得
我今無所求
庶離憂悲域",97
558,poem,558,卷十一,,,感傷,歲晚,,,558,revised_jsonl_direct,0559,819,revised_jsonl,笺；礼记；咏史；赠别于群投笔赴安西,礼记,1,True,礼记,1,True,1,14,"霜降水返壑
風落木歸山
冉冉歲將晏
物皆復本源
何此南遷客
五年獨未還
命迍分已定
日久心彌安
亦嘗心與口
靜念私自言
去國固非樂
歸鄉未必歡
何須自生苦
捨易求其難","歲晚霜降水返壑
風落木歸山
冉冉歲將晏
物皆復本源
何此南遷客
五年獨未還
命迍分已定
日久心彌安
亦嘗心與口
靜念私自言
去國固非樂
歸鄉未必歡
何須自生苦
捨易求其難",85
559,poem,559,卷十一,,,感傷,負冬日,,,559,revised_jsonl_direct,0560,819,revised_jsonl,笺；诗；约心,诗,1,True,,0,False,1,10,"杲杲冬日出
照我屋南隅
負暄閉目坐
和氣生肌膚
初似飲醇醪
又如蟄者蘇
外融百骸暢
中適一念無
曠然忘所在
心與虛空俱","負冬日杲杲冬日出
照我屋南隅
負暄閉目坐
和氣生肌膚
初似飲醇醪
又如蟄者蘇
外融百骸暢
中適一念無
曠然忘所在
心與虛空俱",62
560,poem,560,卷十一,,,感傷,委順,,,560,revised_jsonl_direct,0561,820,revised_jsonl,笺；松斋自题,,0,False,,0,False,1,12,"山城雖荒蕪
竹樹有嘉色
郡俸誠不多
亦足充衣食
外累由心起
心寧累自息
尚欲忘家鄉
誰能算官職
宜懷齊遠近
委順隨南北
歸去誠可憐
天涯住亦得","委順山城雖荒蕪
竹樹有嘉色
郡俸誠不多
亦足充衣食
外累由心起
心寧累自息
尚欲忘家鄉
誰能算官職
宜懷齊遠近
委順隨南北
歸去誠可憐
天涯住亦得",73
561,poem,561,卷十一,,,感傷,宿溪翁,,,561,revised_jsonl_direct,0562,820,revised_jsonl,笺；谱；招萧处士；论语；后汉书,论语；后汉书,2,True,,0,False,1,16,"衆心愛金玉
衆口貪酒肉
何此溪上翁
飲瓢亦自足
溪南刈薪草
溪北修牆屋
歲種一頃田
春驅兩黄犢
於中甚安適
此外無營欲
溪畔偶相逢
庵中遂同宿
辭翁向朝市
問我何官祿
虛言笑殺翁
郎官應列宿","宿溪翁衆心愛金玉
衆口貪酒肉
何此溪上翁
飲瓢亦自足
溪南刈薪草
溪北修牆屋
歲種一頃田
春驅兩黄犢
於中甚安適
此外無營欲
溪畔偶相逢
庵中遂同宿
辭翁向朝市
問我何官祿
虛言笑殺翁
郎官應列宿",98
562,poem,562,卷十一,,,感傷,重過壽泉憶與楊九别時因題店壁,,,562,revised_jsonl_direct,0563,820,revised_jsonl,笺；伤杨弘贞；和东川杨慕巢尚书府中独坐感戚在怀见寄十四韵,,0,False,,0,False,1,14,"商州南十里
有水名壽泉
涌出石崖下
流經山店前
憶昔相送日
我去君言還
寒波與老淚
此地共潺湲
一去歷萬里
再來經六年
形容已變改
處所猶依然
他日君過此
殷勤吟此篇","重過壽泉憶與楊九别時因題店壁商州南十里
有水名壽泉
涌出石崖下
流經山店前
憶昔相送日
我去君言還
寒波與老淚
此地共潺湲
一去歷萬里
再來經六年
形容已變改
處所猶依然
他日君過此
殷勤吟此篇",97
563,poem,563,卷十一,,,感傷,西掖早秋直夜書意,,,563,revised_jsonl_direct,0564,821,revised_jsonl,笺；赠徐干诗；初学记；汉官仪；奉裴中书光庭酒；寄令狐侍郎；闻早莺；奉和御制与宋璟源乾曜同日上官命宴东堂赐诗应制；游河桥眺望；诗,汉官仪；诗,2,True,,0,False,1,18,"凉風起禁掖
新月生宮沼
夜半秋暗來
萬年枝嫋嫋
炎凉遞時節
鐘鼓交昏曉
偶聖惜年衰
報恩愁力小
素餐無補益
朱綬虛纏繞
冠蓋栖野雲
稻粱養山鳥
量力私自省
所得已非少
五品不爲賤
五十不爲夭
若無知足心
貪求何日了","西掖早秋直夜書意凉風起禁掖
新月生宮沼
夜半秋暗來
萬年枝嫋嫋
炎凉遞時節
鐘鼓交昏曉
偶聖惜年衰
報恩愁力小
素餐無補益
朱綬虛纏繞
冠蓋栖野雲
稻粱養山鳥
量力私自省
所得已非少
五品不爲賤
五十不爲夭
若無知足心
貪求何日了",115
564,poem,564,卷十一,,,感傷,庭松,,,564,revised_jsonl_direct,0565,822,revised_jsonl,笺；秋兴赋；文选；寒苦谣；南都赋；北征赋；说文；楚辞；论语,秋兴赋；南都赋；说文；楚辞；论语,5,True,,0,False,1,32,"堂下何所有
十松當我階
亂立無行次
高下亦不齊
高者三丈長
下者十尺低
有如野生物
不知何人栽
接以青瓦屋
承之白沙臺
朝昏有風月
燥濕無塵泥
踈韻秋槭槭
凉陰夏淒淒
春深微雨夕
滿葉珠蓑蓑
歲暮大雪天
壓枝玉皚皚
四時各有趣
萬木非其儕
去年買此宅
多爲人所咍
一家二十口
移轉就松來
移來有何得
但得煩襟開
即此是益友
豈必交賢才
顧我猶俗士
冠帶走塵埃
未稱爲松主
時時一愧懷","庭松堂下何所有
十松當我階
亂立無行次
高下亦不齊
高者三丈長
下者十尺低
有如野生物
不知何人栽
接以青瓦屋
承之白沙臺
朝昏有風月
燥濕無塵泥
踈韻秋槭槭
凉陰夏淒淒
春深微雨夕
滿葉珠蓑蓑
歲暮大雪天
壓枝玉皚皚
四時各有趣
萬木非其儕
去年買此宅
多爲人所咍
一家二十口
移轉就松來
移來有何得
但得煩襟開
即此是益友
豈必交賢才
顧我猶俗士
冠帶走塵埃
未稱爲松主
時時一愧懷",193
565,poem,565,卷十一,,,感傷,竹窗,,,565,revised_jsonl_direct,0566,821,revised_jsonl,笺；宿清源寺；和答诗十首；礼记；七月七日夜咏牛女诗；秋风二首；南都赋；文选；游天台山赋；汉书注；玉阶怨；初学记；历忌释；阴阳书；大暑赋；三国志；傅子；封氏闻见记；裴尹东溪别业；招东邻；与子俨等疏,礼记；南都赋；历忌释；大暑赋,4,True,,0,False,1,28,"嘗愛輞川寺
竹窗東北廊
一别十餘載
見竹未曾忘
今春二月初
卜居在新昌
未暇作厩庫
且先營一堂
開窗不糊紙
種竹不依行
意取北簷下
窗與竹相當
遶屋聲淅淅
逼人色蒼蒼
煙通杳藹氣
月透玲瓏光
是時三伏天
天氣熱如湯
獨此竹窗下
朝迴解衣裳
輕紗一幅巾
小簟六尺牀
無客盡日靜
有風終夜凉
乃知前古人
言事頗諳詳
清風北窗卧
可以傲羲皇","竹窗嘗愛輞川寺
竹窗東北廊
一别十餘載
見竹未曾忘
今春二月初
卜居在新昌
未暇作厩庫
且先營一堂
開窗不糊紙
種竹不依行
意取北簷下
窗與竹相當
遶屋聲淅淅
逼人色蒼蒼
煙通杳藹氣
月透玲瓏光
是時三伏天
天氣熱如湯
獨此竹窗下
朝迴解衣裳
輕紗一幅巾
小簟六尺牀
無客盡日靜
有風終夜凉
乃知前古人
言事頗諳詳
清風北窗卧
可以傲羲皇",169
566,poem,566,卷十一,,,感傷,同韓侍郎遊鄭家池吟詩小飲,,,566,revised_jsonl_direct,0567,822,revised_jsonl,笺；唐书；旧唐书；酬张十八访宿见赠；送张十八归桐庐；奉酬韦使君送归山之作；诗；奉和重适阳关；列叙元嘉赞扬佛教事；诗品；咏怀,诗,1,True,,0,False,1,16,"野艇容三人
晚池流浼浼
悠然倚棹坐
水思如江海
宿雨洗沙塵
晴風蕩煙靄
殘陽上竹樹
枝葉生光彩
我本偶然來
景物如相待
白鷗驚不起
綠芡行堪採
齒髮雖已衰
性靈未云改
逢詩遇杯酒
尚有心情在","同韓侍郎遊鄭家池吟詩小飲野艇容三人
晚池流浼浼
悠然倚棹坐
水思如江海
宿雨洗沙塵
晴風蕩煙靄
殘陽上竹樹
枝葉生光彩
我本偶然來
景物如相待
白鷗驚不起
綠芡行堪採
齒髮雖已衰
性靈未云改
逢詩遇杯酒
尚有心情在",107
567,poem,567,卷十一,,,感傷,晚歸有感,,,567,revised_jsonl_direct,0568,822,revised_jsonl,笺；寄李十一；商山路有感；感逝寄远；常乐里闲居偶题十六韵；答元八宗简同游曲江后明日见赠；故京兆少尹文集序；白氏文集,,0,False,,0,False,1,17,"朝弔李家孤
暮問崔家疾
時李十一侍郎諸子尚居憂
崔二十二員外三年卧病
迴馬獨歸來
低眉心鬱鬱
平生所善者
多不過六七
如何十年間
零落三無一
劉曾夢中見
元向花前失
劉三十二校書殁後
嘗夢見之
元八少尹今春櫻桃花時長逝
漸老與誰遊
春城好風日","晚歸有感朝弔李家孤
暮問崔家疾
時李十一侍郎諸子尚居憂
崔二十二員外三年卧病
迴馬獨歸來
低眉心鬱鬱
平生所善者
多不過六七
如何十年間
零落三無一
劉曾夢中見
元向花前失
劉三十二校書殁後
嘗夢見之
元八少尹今春櫻桃花時長逝
漸老與誰遊
春城好風日",125
568,poem,568,卷十一,,,感傷,曲江感秋二首其一,,,568,revised_jsonl_direct,0569,822,revised_jsonl,笺；曲江感秋；曲江早秋；早秋曲江感怀；白集；与元九书；白氏长庆集；咏意；待漏入阁书事奉赠元九学士阁老；和李十二舍人裴四二舍人两阁老酬白少傅见赠,,0,False,,0,False,1,20,"元和二年秋
我年三十七
長慶二年秋
我年五十一
中間十四年
六年居譴黜
窮通與榮悴
委運隨外物
遂師廬山遠
重弔湘江屈
夜聽竹枝愁
秋看灧堆没
近辭巴郡印
又秉綸闈筆
晚遇何足言
白髮映朱紱
銷沈昔意氣
改換舊容質
獨有曲江秋
風煙如往日","曲江感秋二首其一元和二年秋
我年三十七
長慶二年秋
我年五十一
中間十四年
六年居譴黜
窮通與榮悴
委運隨外物
遂師廬山遠
重弔湘江屈
夜聽竹枝愁
秋看灧堆没
近辭巴郡印
又秉綸闈筆
晚遇何足言
白髮映朱紱
銷沈昔意氣
改換舊容質
獨有曲江秋
風煙如往日",127
569,poem,569,卷十一,,,感傷,曲江感秋二首其二,,,569,revised_jsonl_direct,0570,807,revised_jsonl,芙蓉赋,芙蓉赋,1,True,,0,False,1,20,"疏蕪南岸草
蕭颯西風樹
秋到來幾時
蟬聲又無數
莎平綠茸合
蓮落青房露
今日臨望時
往年感秋處
池中水依舊
城上山如故
獨我鬢間毛
昔黑今垂素
榮名與壯齒
相避如朝暮
時命始欲來
年顔已先去
當春不歡樂
臨老徒驚悮
故作詠懷詩
題於曲江路","曲江感秋二首其二疏蕪南岸草
蕭颯西風樹
秋到來幾時
蟬聲又無數
莎平綠茸合
蓮落青房露
今日臨望時
往年感秋處
池中水依舊
城上山如故
獨我鬢間毛
昔黑今垂素
榮名與壯齒
相避如朝暮
時命始欲來
年顔已先去
當春不歡樂
臨老徒驚悮
故作詠懷詩
題於曲江路",127
570,poem,570,卷十一,,,感傷,玩松竹二首其一,,,570,revised_jsonl_direct,0571,822,revised_jsonl,笺；左传；淮南子；诗,左传；淮南子；诗,3,True,,0,False,1,10,"龍蛇隱大澤
麋鹿遊豐草
栖鳳安於梧
潛魚樂於藻
吾亦愛吾廬
廬中樂吾道
前松後脩竹
偃卧可終老
各附其所安
不知他物好","玩松竹二首其一龍蛇隱大澤
麋鹿遊豐草
栖鳳安於梧
潛魚樂於藻
吾亦愛吾廬
廬中樂吾道
前松後脩竹
偃卧可終老
各附其所安
不知他物好",66
571,poem,571,卷十一,,,感傷,玩松竹二首其二,,,571,revised_jsonl_direct,0572,,revised_jsonl,,,0,False,,0,False,1,10,"坐愛前簷前
卧愛北窗北
窗竹多好風
簷松有嘉色
幽懷一以合
俗念隨緣息
在爾雖無情
於予即有得
乃知性相近
不必動與植","玩松竹二首其二坐愛前簷前
卧愛北窗北
窗竹多好風
簷松有嘉色
幽懷一以合
俗念隨緣息
在爾雖無情
於予即有得
乃知性相近
不必動與植",66
572,poem,572,卷十一,,,感傷,衰病無趣因吟所懷,,,572,revised_jsonl_direct,0573,822,revised_jsonl,笺,,0,False,,0,False,1,18,"朝餐多不飽
夜卧常少睡
自覺寢食間
都無少年味
平生好詩酒
今亦將捨棄
酒唯下藥飲
無復曾歡醉
詩多聽人吟
自不題一字
病姿引衰相
日夜相繼至
况當尚少朝
彌慚居近侍
終當求一郡
聚少漁樵費
合口便歸山
不問人間事","衰病無趣因吟所懷朝餐多不飽
夜卧常少睡
自覺寢食間
都無少年味
平生好詩酒
今亦將捨棄
酒唯下藥飲
無復曾歡醉
詩多聽人吟
自不題一字
病姿引衰相
日夜相繼至
况當尚少朝
彌慚居近侍
終當求一郡
聚少漁樵費
合口便歸山
不問人間事",115
573,poem,573,卷十一,,,感傷,逍遥詠,,,573,revised_jsonl_direct,0574,822,revised_jsonl,笺；维摩经；俱舍论；楞严经；王梵志诗校注；寒山诗注,,0,False,,0,False,1,8,"亦莫戀此身
亦莫厭此身
此身何足戀
萬劫煩惱根
此身何足厭
一聚虛空塵
無戀亦無厭
始是逍遥人","逍遥詠亦莫戀此身
亦莫厭此身
此身何足戀
萬劫煩惱根
此身何足厭
一聚虛空塵
無戀亦無厭
始是逍遥人",50
574,poem,574,卷十二,,,感傷,短歌行,,,574,revised_jsonl_direct,0575,,revised_jsonl,乐府诗集；古今乐录；大明三年宴乐技录；乐府解题；短歌行；苦热诗；杂诗,杂诗,1,True,,0,False,1,18,"曈曈太陽如火色
上行千里下一刻
出爲白晝入爲夜
圓轉如珠住不得
住不得
可奈何
爲君舉酒歌短歌
歌聲苦
詞亦苦
四座少年君聽取
今夕未竟明夕催
秋風纔往春風迴
人無根蔕時不駐
朱顔白日相隳頽
勸君且强笑一面
勸君復强飲一杯
人生不得長歡樂
年少須臾老到來","短歌行曈曈太陽如火色
上行千里下一刻
出爲白晝入爲夜
圓轉如珠住不得
住不得
可奈何
爲君舉酒歌短歌
歌聲苦
詞亦苦
四座少年君聽取
今夕未竟明夕催
秋風纔往春風迴
人無根蔕時不駐
朱顔白日相隳頽
勸君且强笑一面
勸君復强飲一杯
人生不得長歡樂
年少須臾老到來",130
575,poem,575,卷十二,,,感傷,生離别,,,575,revised_jsonl_direct,0576,800,revised_jsonl,笺；文苑英华；乐府诗集；古别离；楚辞；古诗；生别离；长别离；远别离；三年为刺史二首；代东门行；敦煌变文字义通释；管子；抱朴子内篇；云笈七签；服气精义论,楚辞；古诗；管子,3,True,,0,False,1,17,"食蘗不易食梅難
蘗能苦兮梅能酸
未如生别之爲難
苦在心兮酸在肝
晨雞再鳴殘月没
征馬連嘶行人出
迴看骨肉哭一聲
梅酸蘗苦甘如蜜
黄河水白黄雲秋
行人河邊相對愁
天寒野曠何處宿
棠梨葉戰風颼颼
生離别
生離别
憂從中來無斷絶
憂極心勞血氣衰
未年三十生白髮","生離别食蘗不易食梅難
蘗能苦兮梅能酸
未如生别之爲難
苦在心兮酸在肝
晨雞再鳴殘月没
征馬連嘶行人出
迴看骨肉哭一聲
梅酸蘗苦甘如蜜
黄河水白黄雲秋
行人河邊相對愁
天寒野曠何處宿
棠梨葉戰風颼颼
生離别
生離别
憂從中來無斷絶
憂極心勞血氣衰
未年三十生白髮",130
576,poem,576,卷十二,,,感傷,浩歌行,,,576,revised_jsonl_direct,0577,813,revised_jsonl,谱；笺；乐府诗集；浩歌；楚辞；九歌；老子；十二时；秋郊闲望有感；能改斋漫录；幽庭赋；岁暮还宅；猗觉寮杂记；太平御览；九曲歌；选诗拾遗；咏日诗；闲放之言；孔戡；寡妇赋；佛本行集经；效陶潜体诗十六首,楚辞；老子,2,True,,0,False,1,22,"天長地久無終畢
昨夜今朝又明日
鬢髮蒼浪牙齒疏
不覺身年四十七
前去五十有幾年
把鏡照面心茫然
既無長繩繫白日
又無大藥駐朱顔
朱顔日漸不如故
青史功名在何處
欲留年少待富貴
富貴不來年少去
去復去兮如長河
東流赴海無迴波
賢愚貴賤同歸盡
北邙冢墓高嵯峨
古來如此非獨我
未死有酒且高歌
顔回短命伯夷餓
我今所得亦已多
功名富貴須待命
命若不來知奈何","浩歌行天長地久無終畢
昨夜今朝又明日
鬢髮蒼浪牙齒疏
不覺身年四十七
前去五十有幾年
把鏡照面心茫然
既無長繩繫白日
又無大藥駐朱顔
朱顔日漸不如故
青史功名在何處
欲留年少待富貴
富貴不來年少去
去復去兮如長河
東流赴海無迴波
賢愚貴賤同歸盡
北邙冢墓高嵯峨
古來如此非獨我
未死有酒且高歌
顔回短命伯夷餓
我今所得亦已多
功名富貴須待命
命若不來知奈何",178
577,poem,577,卷十二,,,感傷,王夫子,,,577,revised_jsonl_direct,0578,818,revised_jsonl,笺；招王质夫；登池上楼；归田赋；轻肥,,0,False,,0,False,1,22,"王夫子
送君爲一尉
東南三千五百里
道途雖遠位雖卑
月俸猶堪活妻子
男兒口讀古人書
束帶斂手來從事
近將徇祿給一家
遠則行道佐時理
行道佐時須待命
委身下位無爲耻
命苟未來且求食
官無高卑及遠邇
男兒上既未能濟天下
下又不至飢寒死
吾觀九品至一品
其間氣味都相似
紫綬朱紱青布衫
顔色不同而已矣
王夫子
别有一事欲勸君
遇酒逢春且歡喜","王夫子王夫子
送君爲一尉
東南三千五百里
道途雖遠位雖卑
月俸猶堪活妻子
男兒口讀古人書
束帶斂手來從事
近將徇祿給一家
遠則行道佐時理
行道佐時須待命
委身下位無爲耻
命苟未來且求食
官無高卑及遠邇
男兒上既未能濟天下
下又不至飢寒死
吾觀九品至一品
其間氣味都相似
紫綬朱紱青布衫
顔色不同而已矣
王夫子
别有一事欲勸君
遇酒逢春且歡喜",170
578,poem,578,卷十二,,,感傷,江南遇天寶樂叟,,,578,revised_jsonl_direct,0579,816,revised_jsonl,笺；胡旋女；法曲歌；骊宫高；旧唐书；书；津阳门诗；长安志；两京道里记；史记；新丰折臂翁；元和郡县志；长恨歌；卖炭翁,书；史记,2,True,,0,False,1,32,"白頭病叟泣且言
祿山未亂入梨園
能彈琵琶和法曲
多在華清隨至尊
是時天下太平久
年年十月坐朝元
千官起居環珮合
萬國會同車馬奔
金鈿照耀石甕寺
蘭麝薰煑温湯源
貴妃宛轉侍君側
體弱不勝珠翠繁
冬雪飄颻錦袍煖
春風蕩漾霓裳飜
歡娛未足燕寇至
弓勁馬肥胡語喧
豳土人遷避夷狄
鼎湖龍去哭軒轅
從此漂淪到南土
萬人死盡一身存
秋風江上浪無限
暮雨舟中酒一樽
涸魚久失風波勢
枯草曾沾雨露恩
我自秦來君莫問
驪山渭水如荒村
新豐樹老籠明月
長生殿闇鎖黄昏
紅葉紛紛蓋欹瓦
綠苔重重封壞垣
唯有中官作宮使
每年寒食一開門","江南遇天寶樂叟白頭病叟泣且言
祿山未亂入梨園
能彈琵琶和法曲
多在華清隨至尊
是時天下太平久
年年十月坐朝元
千官起居環珮合
萬國會同車馬奔
金鈿照耀石甕寺
蘭麝薰煑温湯源
貴妃宛轉侍君側
體弱不勝珠翠繁
冬雪飄颻錦袍煖
春風蕩漾霓裳飜
歡娛未足燕寇至
弓勁馬肥胡語喧
豳土人遷避夷狄
鼎湖龍去哭軒轅
從此漂淪到南土
萬人死盡一身存
秋風江上浪無限
暮雨舟中酒一樽
涸魚久失風波勢
枯草曾沾雨露恩
我自秦來君莫問
驪山渭水如荒村
新豐樹老籠明月
長生殿闇鎖黄昏
紅葉紛紛蓋欹瓦
綠苔重重封壞垣
唯有中官作宮使
每年寒食一開門",262
579,poem,579,卷十二,,,感傷,送張山人歸嵩陽,,,579,revised_jsonl_direct,0580,814,revised_jsonl,笺；旧唐书；唐两京城坊考；立春后五日；酬张十八访宿见赠；村中留李三顾言宿,,0,False,,0,False,1,20,"黄昏慘慘天微雪
修行坊西鼓聲絶
張生馬瘦衣且單
夜扣柴門與我别
愧君冒寒來别我
爲君沽酒張燈火
酒酣火煖與君言
何事入關又出關
答云前年偶下山
四十餘月客長安
長安古來名利地
空手無金行路難
朝遊九城陌
肥馬輕車欺殺客
暮宿五侯門
殘茶冷酒愁殺人
春明門
門前便是嵩山路
幸有雲泉容此身
明日辭君且歸去","送張山人歸嵩陽黄昏慘慘天微雪
修行坊西鼓聲絶
張生馬瘦衣且單
夜扣柴門與我别
愧君冒寒來别我
爲君沽酒張燈火
酒酣火煖與君言
何事入關又出關
答云前年偶下山
四十餘月客長安
長安古來名利地
空手無金行路難
朝遊九城陌
肥馬輕車欺殺客
暮宿五侯門
殘茶冷酒愁殺人
春明門
門前便是嵩山路
幸有雲泉容此身
明日辭君且歸去",158
580,poem,580,卷十二,,,感傷,醉後走筆酬劉五主簿長句之贈兼簡張大賈二十四先輩昆季,,,580,revised_jsonl_direct,0581,809,revised_jsonl,笺；谱；登科记考；邓鳑张彻落第；唐书；鲁灵光殿赋；文选；旧唐书；水经注；新唐志；九域志；金史地理志；太平寰宇记；祭符离六兄文；白氏文集；诗；鹿鸣；战国策；张彻墓志铭；五百家注；幽闲鼓吹；唐诗纪事；晋书；大法颂；预麟趾殿校书和刘仪同诗；抱朴子内篇；楚辞；礼记；早祭风伯因怀李十一舍人；赠尚书郎顾彦先二首；汉书注；和答诗十首；早朝贺雪寄陈山人；诗品；朝回游城南；自题写真；唐两京城坊考；驯犀；初授拾遗；乱后过流沟寺；题流沟寺古松；读史五首,诗；战国策；晋书；楚辞；礼记,5,True,,0,False,1,101,"劉兄文高行孤立
十五年前名翕習
是時相遇在符離
我年二十君三十
得意忘年心迹親
寓居同縣日知聞
衡門寂寞朝尋我
古寺蕭條暮訪君
朝來暮去多攜手
窮巷貧居何所有
秋燈夜寫聯句詩
春雪朝傾煖寒酒
陴湖綠愛白鷗飛
濉水清憐紅鯉肥
偶語閑攀芳樹立
相扶醉踏落花歸
張賈弟兄同里巷
乘閑數數來相訪
雨天連宿草堂中
月夜徐行石橋上
我年漸長忽自驚
鏡中冉冉髭鬚生
心畏後時同勵志
身牽前事各求名
問我栖栖何所適
鄉人薦爲鹿鳴客
二千里别謝交遊
三十韻詩慰行役
出門可憐唯一身
弊裘瘦馬入咸秦
鼕鼕街鼓紅塵闇
晚到長安無主人
二賈二張與余弟
驅車邐迤來相繼
操詞握賦爲干戈
鋒鋭森然勝氣多
齊入文場同苦戰
五人十載九登科
二張得雋名居甲
美退爭雄重告捷
棠棣輝榮並桂枝
芝蘭芬馥和芸葉
唯有沅犀屈未伸
握中自謂駭雞珍
三年不鳴鳴必大
豈獨駭雞當駭人
元和運啓千年聖
同遇明時余最幸
始辭秘閣吏王畿
遽列諫垣升禁闈
蹇步何堪鳴佩玉
衰容不稱著朝衣
閶闔晨開朝百辟
冕旈不動香煙碧
步登龍尾上虛空
立去天顔無咫尺
宮花似雪從乘輿
禁月如霜坐直廬
身賤每驚隨内宴
才微常愧草天書
晚松寒竹新昌第
職居密近門多閉
日暮銀臺下直迴
故人到門門暫開
迴頭下馬一相顧
塵土滿衣何處來
斂手炎凉叙未畢
先説舊山今悔出
岐陽旅宦少歡娛
江左羈遊費時日
贈我一篇行路吟
吟之句句披沙金
歲月徒催白髮貌
泥塗不屈青雲心
誰會茫茫天地意
短才獲用長才棄
我隨鵷鷺入煙雲
謬上丹墀爲近臣
君同鸞鳳棲荆棘
猶著青袍作選人
惆悵知賢不能薦
徒爲出入蓬萊殿
月慚諫紙二百張
歲愧俸錢三十萬
大底浮榮何足道
幾度相逢即身老
且傾斗酒慰羈愁
重話符離問舊遊
北巷鄰居幾家去
東林舊院何人住
武里村花落復開
流溝山色應如故
感此酬君千字詩
醉中分手又何之
須知通塞尋常事
莫歎浮沈先後時
慷慨臨歧重相勉
殷勤别後加餐飯
君不見
買臣衣錦還故鄉
五十身榮未爲晚","醉後走筆酬劉五主簿長句之贈兼簡張大賈二十四先輩昆季劉兄文高行孤立
十五年前名翕習
是時相遇在符離
我年二十君三十
得意忘年心迹親
寓居同縣日知聞
衡門寂寞朝尋我
古寺蕭條暮訪君
朝來暮去多攜手
窮巷貧居何所有
秋燈夜寫聯句詩
春雪朝傾煖寒酒
陴湖綠愛白鷗飛
濉水清憐紅鯉肥
偶語閑攀芳樹立
相扶醉踏落花歸
張賈弟兄同里巷
乘閑數數來相訪
雨天連宿草堂中
月夜徐行石橋上
我年漸長忽自驚
鏡中冉冉髭鬚生
心畏後時同勵志
身牽前事各求名
問我栖栖何所適
鄉人薦爲鹿鳴客
二千里别謝交遊
三十韻詩慰行役
出門可憐唯一身
弊裘瘦馬入咸秦
鼕鼕街鼓紅塵闇
晚到長安無主人
二賈二張與余弟
驅車邐迤來相繼
操詞握賦爲干戈
鋒鋭森然勝氣多
齊入文場同苦戰
五人十載九登科
二張得雋名居甲
美退爭雄重告捷
棠棣輝榮並桂枝
芝蘭芬馥和芸葉
唯有沅犀屈未伸
握中自謂駭雞珍
三年不鳴鳴必大
豈獨駭雞當駭人
元和運啓千年聖
同遇明時余最幸
始辭秘閣吏王畿
遽列諫垣升禁闈
蹇步何堪鳴佩玉
衰容不稱著朝衣
閶闔晨開朝百辟
冕旈不動香煙碧
步登龍尾上虛空
立去天顔無咫尺
宮花似雪從乘輿
禁月如霜坐直廬
身賤每驚隨内宴
才微常愧草天書
晚松寒竹新昌第
職居密近門多閉
日暮銀臺下直迴
故人到門門暫開
迴頭下馬一相顧
塵土滿衣何處來
斂手炎凉叙未畢
先説舊山今悔出
岐陽旅宦少歡娛
江左羈遊費時日
贈我一篇行路吟
吟之句句披沙金
歲月徒催白髮貌
泥塗不屈青雲心
誰會茫茫天地意
短才獲用長才棄
我隨鵷鷺入煙雲
謬上丹墀爲近臣
君同鸞鳳棲荆棘
猶著青袍作選人
惆悵知賢不能薦
徒爲出入蓬萊殿
月慚諫紙二百張
歲愧俸錢三十萬
大底浮榮何足道
幾度相逢即身老
且傾斗酒慰羈愁
重話符離問舊遊
北巷鄰居幾家去
東林舊院何人住
武里村花落復開
流溝山色應如故
感此酬君千字詩
醉中分手又何之
須知通塞尋常事
莫歎浮沈先後時
慷慨臨歧重相勉
殷勤别後加餐飯
君不見
買臣衣錦還故鄉
五十身榮未爲晚",828
581,poem,581,卷十二,,,感傷,和錢員外答盧員外早春獨遊曲江見寄長句,,,581,revised_jsonl_direct,0582,808,revised_jsonl,笺；重修承旨学士壁记；白牡丹；冬夜与钱员外同直禁中；唐书；酬司门卢四兄云夫院长望秋作；和虞部卢四汀酬翰林钱七徽赤藤杖歌；卢郎中寄示送盘谷子诗两章歌以和之；和库部卢四兄元日朝回；早赴街西行香赠卢李二中舍；酬卢给事曲江荷花行；登科记考；郎官石柱题名；庭雨应诏诗；杂诗；文选；文字集略；送元二使安西；代白纻曲二首；相逢行；寄临海郡崔稚璋；酬吴七见寄；讲武赋；临洛水,杂诗,1,True,,0,False,1,14,"春來有色闇融融
先到詩情酒思中
柳岸霏微裛塵雨
杏園澹蕩開花風
聞君獨遊心鬱鬱
薄晚新晴騎馬出
醉思詩侶有同年
春歎翰林無暇日
雲夫首唱寒玉音
蔚章繼和春捜吟
此時我亦閉門坐
一日風光三處心
雲夫﹑蔚章同年及第
時予與蔚章同在翰林","和錢員外答盧員外早春獨遊曲江見寄長句春來有色闇融融
先到詩情酒思中
柳岸霏微裛塵雨
杏園澹蕩開花風
聞君獨遊心鬱鬱
薄晚新晴騎馬出
醉思詩侶有同年
春歎翰林無暇日
雲夫首唱寒玉音
蔚章繼和春捜吟
此時我亦閉門坐
一日風光三處心
雲夫﹑蔚章同年及第
時予與蔚章同在翰林",133
582,poem,582,卷十二,,,感傷,東墟晚歇,,,582,revised_jsonl_direct,0583,811,revised_jsonl,笺；楚辞；赠徐干；约心；汉书；甘泉赋；赠薛播州,楚辞；汉书,2,True,,0,False,1,12,"凉風冷露蕭索天
黄蒿紫菊荒凉田
遶冢秋花少顔色
細蟲小蝶飛飜飜
中有騰騰獨行者
手拄漁竿不騎馬
晚從南澗釣魚迴
歇此墟中白楊下
褐衣半故白髮新
人逢知我是何人
誰言渭浦栖遲客
曾作甘泉侍從臣","東墟晚歇凉風冷露蕭索天
黄蒿紫菊荒凉田
遶冢秋花少顔色
細蟲小蝶飛飜飜
中有騰騰獨行者
手拄漁竿不騎馬
晚從南澗釣魚迴
歇此墟中白楊下
褐衣半故白髮新
人逢知我是何人
誰言渭浦栖遲客
曾作甘泉侍從臣",99
583,poem,583,卷十二,,,感傷,客中月,,,583,revised_jsonl_direct,0584,820,revised_jsonl,笺,,0,False,,0,False,1,12,"客從江南來
來時月上弦
悠悠行旅中
三見清光圓
曉隨殘月行
夕與新月宿
誰謂月無情
千里遠相逐
朝發渭水橋
暮入長安陌
不知今夜月
又作誰家客","客中月客從江南來
來時月上弦
悠悠行旅中
三見清光圓
曉隨殘月行
夕與新月宿
誰謂月無情
千里遠相逐
朝發渭水橋
暮入長安陌
不知今夜月
又作誰家客",74
584,poem,584,卷十二,,,感傷,挽歌詞,,,584,revised_jsonl_direct,0585,823,revised_jsonl,笺；寡妇赋；王尚书瞻祖日诗；承闻故房相公灵榇自阆州启殡归葬东都有作二首；释名；孔戡,释名,1,True,,0,False,1,16,"丹旐何飛揚
素驂亦悲鳴
晨光照閭巷
轜車儼欲行
蕭條九月天
哀挽出重城
借問送者誰
妻子與弟兄
蒼蒼上古原
峨峨開新塋
含酸一慟哭
異口同哀聲
舊壠轉蕪絶
新墳日羅列
春風草綠北邙山
此地年年生死别","挽歌詞丹旐何飛揚
素驂亦悲鳴
晨光照閭巷
轜車儼欲行
蕭條九月天
哀挽出重城
借問送者誰
妻子與弟兄
蒼蒼上古原
峨峨開新塋
含酸一慟哭
異口同哀聲
舊壠轉蕪絶
新墳日羅列
春風草綠北邙山
此地年年生死别",102
585,poem,585,卷十二,,,感傷,長相思,,,585,revised_jsonl_direct,0586,823,revised_jsonl,笺；寡妇赋；报任安书；旧唐书；李昭德传；相逢行；诗；古诗十九首；杂诗；尔雅；吕氏春秋；白虎通；古诗为焦仲卿妻作；捜神记；韩朋赋,诗；杂诗；尔雅；吕氏春秋；白虎通,5,True,,0,False,1,22,"九月西風興
月冷霜華凝
思君秋夜長
一夜魂九升
二月東風來
草坼花心開
思君春日遲
一日腸九迴
妾住洛橋北
君住洛橋南
十五即相識
今年二十三
有如女蘿草
生在松之側
蔓短枝苦高
縈迴上不得
人言人有願
願至天必成
願作遠方獸
步步比肩行
願作深山木
枝枝連理生","長相思九月西風興
月冷霜華凝
思君秋夜長
一夜魂九升
二月東風來
草坼花心開
思君春日遲
一日腸九迴
妾住洛橋北
君住洛橋南
十五即相識
今年二十三
有如女蘿草
生在松之側
蔓短枝苦高
縈迴上不得
人言人有願
願至天必成
願作遠方獸
步步比肩行
願作深山木
枝枝連理生",134
586,poem,586,卷十二,,,感傷,山鷓鴣,,,586,revised_jsonl_direct,0587,815,revised_jsonl,笺；吴都赋；文选；乐府诗集；山鹧鸪二首；历代歌辞；山鹧鸪；赠友；早蝉,,0,False,,0,False,1,18,"山鷓鴣
朝朝暮暮啼復啼
啼時露白風淒淒
黄茅崗頭秋日晚
苦竹嶺下寒月低
畬田有粟何不啄
石楠有枝何不棲
迢迢不緩復不急
樓上舟中聲闇入
夢鄉遷客展轉卧
抱兒寡婦彷徨立
山鷓鴣
爾本此鄉鳥
生不辭巢不别羣
何苦聲聲啼到曉
啼到曉
唯能愁北人
南人慣聞如不聞","山鷓鴣山鷓鴣
朝朝暮暮啼復啼
啼時露白風淒淒
黄茅崗頭秋日晚
苦竹嶺下寒月低
畬田有粟何不啄
石楠有枝何不棲
迢迢不緩復不急
樓上舟中聲闇入
夢鄉遷客展轉卧
抱兒寡婦彷徨立
山鷓鴣
爾本此鄉鳥
生不辭巢不别羣
何苦聲聲啼到曉
啼到曉
唯能愁北人
南人慣聞如不聞",130
587,poem,587,卷十二,,,感傷,放旅雁,,,587,revised_jsonl_direct,0588,815,revised_jsonl,笺；春游二林寺,,0,False,,0,False,1,20,"九江十年冬大雪
江水生冰樹枝折
百鳥無食東西飛
中有旅雁聲最飢
雪中啄草冰上宿
翅冷騰空飛動遲
江童持網捕將去
手攜入市生賣之
我本北人今譴謫
人鳥雖殊同是客
見此客鳥傷客人
贖汝放汝飛入雲
雁雁汝飛向何處
第一莫飛西北去
淮西有賊討未平
百萬甲兵久屯聚
官軍賊軍相守老
食盡兵窮將及汝
健兒飢餓射汝喫
拔汝翅翎爲箭羽","放旅雁九江十年冬大雪
江水生冰樹枝折
百鳥無食東西飛
中有旅雁聲最飢
雪中啄草冰上宿
翅冷騰空飛動遲
江童持網捕將去
手攜入市生賣之
我本北人今譴謫
人鳥雖殊同是客
見此客鳥傷客人
贖汝放汝飛入雲
雁雁汝飛向何處
第一莫飛西北去
淮西有賊討未平
百萬甲兵久屯聚
官軍賊軍相守老
食盡兵窮將及汝
健兒飢餓射汝喫
拔汝翅翎爲箭羽",162
588,poem,588,卷十二,,,感傷,送春歸,,,588,revised_jsonl_direct,0589,816,revised_jsonl,笺；杏园中枣树；宣城见杜鹃花；江上送客；放鱼；送王处士,,0,False,,0,False,1,16,"送春歸
三月盡日日暮時
去年杏園花飛御溝綠
何處送春曲江曲
今年杜鵑花落子規啼
送春何處西江西
帝城送春猶怏怏
天涯送春能不加惆悵
莫惆悵
送春人
冗員無替五年罷
應須准擬再送潯陽春
五年炎凉凡十變
又知此身健不健
好去今年江上春
明年未死還相見","送春歸送春歸
三月盡日日暮時
去年杏園花飛御溝綠
何處送春曲江曲
今年杜鵑花落子規啼
送春何處西江西
帝城送春猶怏怏
天涯送春能不加惆悵
莫惆悵
送春人
冗員無替五年罷
應須准擬再送潯陽春
五年炎凉凡十變
又知此身健不健
好去今年江上春
明年未死還相見",126
589,poem,589,卷十二,,,感傷,山石榴寄元九,,,589,revised_jsonl_direct,0590,816,revised_jsonl,笺；本草纲目；敦煌变文集；三月二十四日宿曾峰馆夜对桐花寄乐天；字宝；碎金；唐代俗语词辑释；唐研究；周礼；和钱员外答卢员外早春独游曲江见寄长句；红线毯；玉台新咏序；酬吴七见寄；后汉书；赠刘郎诗；感樱桃花因招饮客；遣悲怀；升庵诗话；忆内；非烟传；赠妓；花间集；红楼梦；杏园中枣树；登乐游园望；自望秦赴五松驿马上偶睡睡觉成吟；武关南见元九题山石榴花见寄,周礼；后汉书,2,True,,0,False,1,34,"山石榴
一名山躑躅
一名杜鵑花
杜鵑啼時花撲撲
九江三月杜鵑來
一聲催得一枝開
江城上佐閑無事
山下斸得廳前栽
爛熳一欄十八樹
根株有數花無數
千房萬葉一時新
嫩紫殷紅鮮麴塵
淚痕裛損燕支臉
翦刀裁破紅綃巾
謫仙初墮愁在世
姹女新嫁嬌泥去聲春
日射血珠將滴地
風飜火焰欲燒人
閑折兩枝持在手
細看不似人間有
花中此物似西施
芙蓉芍藥皆嫫母
奇芳絶豔别者誰
通州遷客元拾遺
拾遺初貶江陵去
去時正值青春暮
商山秦嶺愁殺君
山石榴花紅夾路
題詩報我何所云
苦云色似石榴裙
當時叢畔唯思我
今日欄前只憶君
憶君不見坐銷落
日西風起紅紛紛","山石榴寄元九山石榴
一名山躑躅
一名杜鵑花
杜鵑啼時花撲撲
九江三月杜鵑來
一聲催得一枝開
江城上佐閑無事
山下斸得廳前栽
爛熳一欄十八樹
根株有數花無數
千房萬葉一時新
嫩紫殷紅鮮麴塵
淚痕裛損燕支臉
翦刀裁破紅綃巾
謫仙初墮愁在世
姹女新嫁嬌泥去聲春
日射血珠將滴地
風飜火焰欲燒人
閑折兩枝持在手
細看不似人間有
花中此物似西施
芙蓉芍藥皆嫫母
奇芳絶豔别者誰
通州遷客元拾遺
拾遺初貶江陵去
去時正值青春暮
商山秦嶺愁殺君
山石榴花紅夾路
題詩報我何所云
苦云色似石榴裙
當時叢畔唯思我
今日欄前只憶君
憶君不見坐銷落
日西風起紅紛紛",271
590,poem,590,卷十二,,,感傷,畫竹歌,,,590,revised_jsonl_direct,0591,822,revised_jsonl,笺；历代名画记；江邻几杂志；宣和画谱；咸淳临安志；水经注；湘中记；黄陵庙碑；图记,,0,False,,0,False,1,38,"協律郎蕭悦善畫竹
舉時無倫
蕭亦甚自秘重
有終歲求其一竿一枝而不得者
知予天與好事
忽寫一十五竿
惠然見投
予厚其意
高其藝
無以答貺
作歌以報之
凡一百八十六字云
植物之中竹難寫
古今雖畫無似者
蕭郎下筆獨逼真
丹青以來唯一人
人畫竹身肥擁腫
蕭畫莖瘦節節竦
人畫竹梢死羸垂
蕭畫枝活葉葉動
不根而生從意生
不笋而成由筆成
野塘水邊碕岸側
森森兩叢十五莖
嬋娟不失筠粉態
蕭颯盡得風煙情
舉頭忽看不似畫
低耳靜聽疑有聲
西叢七莖勁而健
省向天竺寺前石上見
東叢八莖疏且寒
憶曾湘妃廟裏雨中看
幽姿遠思少人别
與君相顧空長歎
蕭郎蕭郎老可惜
手戰眼昏頭雪色
自言便是絶筆時
從今此竹尤難得","畫竹歌協律郎蕭悦善畫竹
舉時無倫
蕭亦甚自秘重
有終歲求其一竿一枝而不得者
知予天與好事
忽寫一十五竿
惠然見投
予厚其意
高其藝
無以答貺
作歌以報之
凡一百八十六字云
植物之中竹難寫
古今雖畫無似者
蕭郎下筆獨逼真
丹青以來唯一人
人畫竹身肥擁腫
蕭畫莖瘦節節竦
人畫竹梢死羸垂
蕭畫枝活葉葉動
不根而生從意生
不笋而成由筆成
野塘水邊碕岸側
森森兩叢十五莖
嬋娟不失筠粉態
蕭颯盡得風煙情
舉頭忽看不似畫
低耳靜聽疑有聲
西叢七莖勁而健
省向天竺寺前石上見
東叢八莖疏且寒
憶曾湘妃廟裏雨中看
幽姿遠思少人别
與君相顧空長歎
蕭郎蕭郎老可惜
手戰眼昏頭雪色
自言便是絶筆時
從今此竹尤難得",297
591,poem,591,卷十二,,,感傷,真娘墓,,,591,revised_jsonl_direct,0592,825,revised_jsonl,笺；白氏文集；真娘墓诗序；云溪友议；吴郡志；越绝书；外传记吴地传；元和郡县志；吴越春秋,吴越春秋,1,True,,0,False,1,12,"真娘墓
虎丘道
不識真娘鏡中面
唯見真娘墓頭草
霜摧桃李風折蓮
真娘死時猶少年
脂膚荑手不牢固
世間尤物難留連
難留連
易銷歇
塞北花
江南雪","真娘墓真娘墓
虎丘道
不識真娘鏡中面
唯見真娘墓頭草
霜摧桃李風折蓮
真娘死時猶少年
脂膚荑手不牢固
世間尤物難留連
難留連
易銷歇
塞北花
江南雪",74
592,poem,592,卷十二,,,感傷,長恨歌,,,592,revised_jsonl_direct,0593,806,revised_jsonl,谱；笺；汉书；懒真子；长恨歌；歌；春秋；能改斋漫录；清平乐；野客丛书；长恨歌传笺证；七依；艺文类聚；太平御览；杂兴三首；后汉书；释名；安禄山事迹；戏作谢惠连体十三韵；旧唐书；容斋五笔；剑器行；新唐史；续古诗十首；史记；资治通鉴；缚戎人；骊宫高；旧唐书校勘记；玄宗杨贵妃传；御览；新书兵志；传；周礼；马嵬行；瑟榭丛谈；晋书贾后传；西京杂记；元和郡县志；梦溪笔谈；潜溪诗眼；使东川诗好时节；元白诗笺证稿；乐府杂录；雨淋铃；明皇杂录；杨太真外传；碧鸡漫志；杨妃外传；雨霖铃；琵琶歌；双调雨淋铃慢；三辅黄图；长安志；唐两京城坊考；华原磬；新唐书；宫词；邵氏闻见后录；闻见录；步里客谈；古墨行；禁中夜作书与元九；三国志；答萧新浦诗；秋日荆南送石首薛明府辞满告别；楚辞；伤美人赋；仙传拾遗；杨通幽；白居易选集；题鸿都观；送薛植入京；灞上闲居；度人经；仙鹤篇；庄子；题海图屏风；唐书；朝野佥载；春园家宴；大洞玉经；尔雅；捜神记；霓裳羽衣歌；汉武帝内传；李夫人；文选；吴都赋；彭衙行；缭绫；唐会要；津阳门诗；宋高僧传善无畏传中的几个问题；内道场与长生殿；周一良集；长恨歌新解；文史探微；李湛传；桓彦范传；玄宗纪；宿昭应；博物志；送应氏诗二首；长相思；临汉隐居诗话；岁寒堂诗话；长恨歌传；北征；石洲诗话；霓裳羽衣曲；人间词话,汉书；歌；春秋；七依；后汉书；释名；史记；传；周礼；西京杂记；三辅黄图；楚辞；庄子；尔雅；汉武帝内传；博物志,16,True,,0,False,1,120,"漢皇重色思傾國
御宇多年求不得
楊家有女初長成
養在深閨人未識
天生麗質難自棄
一朝選在君王側
迴眸一笑百媚生
六宮粉黛無顔色
春寒賜浴華清池
温泉水滑洗凝脂
侍兒扶起嬌無力
始是新承恩澤時
雲鬢花顔金步摇
芙蓉帳暖度春宵
春宵苦短日高起
從此君王不早朝
承歡侍宴無閑暇
春從春遊夜專夜
後宮佳麗三千人
三千寵愛在一身
金屋妝成嬌侍夜
玉樓宴罷醉和春
姊妹弟兄皆列土
可憐光彩生門户
遂令天下父母心
不重生男重生女
驪宮高處入青雲
仙樂風飄處處聞
緩歌慢舞凝絲竹
盡日君王看不足
漁陽鞞鼓動地來
驚破霓裳羽衣曲
九重城闕煙塵生
千乘萬騎西南行
翠華摇摇行復止
西出都門百餘里
六軍不發無奈何
宛轉娥眉馬前死
花鈿委地無人收
翠翹金雀玉搔頭
君王掩面救不得
迴看血淚相和流
黄埃散漫風蕭索
雲棧縈紆登劍閣
峨嵋山下少人行
旌旗無光日色薄
蜀江水碧蜀山青
聖主朝朝暮暮情
行宮見月傷心色
夜雨聞鈴腸斷聲
天旋日轉迴龍馭
到此躊躇不能去
馬嵬坡下泥土中
不見玉顔空死處
君臣相顧盡霑衣
東望都門信馬歸
歸來池苑皆依舊
太液芙蓉未央柳
芙蓉如面柳如眉
對此如何不淚垂
春風桃李花開夜
秋雨梧桐葉落時
西宮南苑多秋草
宮葉滿階紅不掃
梨園弟子白髮新
椒房阿監青娥老
夕殿螢飛思悄然
孤燈挑盡未成眠
遲遲鐘鼓初長夜
耿耿星河欲曙天
鴛鴦瓦冷霜華重
翡翠衾寒誰與共
悠悠生死别經年
魂魄不曾來入夢
臨邛道士鴻都客
能以精誠致魂魄
爲感君王輾轉思
遂教方士殷勤覓
排空馭氣奔如電
昇天入地求之遍
上窮碧落下黄泉
兩處茫茫皆不見
忽聞海上有仙山
山在虛無縹緲間
樓閣玲瓏五雲起
其中綽約多仙子
中有一人字太真
雪膚花貌參差是
金闕西廂叩玉扃
轉教小玉報雙成
聞道漢家天子使
九華帳裏夢魂驚
攬衣推枕起徘徊
珠箔銀屏邐迤開
雲鬢半偏新睡覺
花冠不整下堂來
風吹仙袂飄颻舉
猶似霓裳羽衣舞
玉容寂寞淚闌干
梨花一枝春帶雨
含情凝睇謝君王
一别音容兩眇茫
昭陽殿裏恩愛絶
蓬萊宮中日月長
迴頭下望人寰處
不見長安見塵霧
唯將舊物表深情
鈿合金釵寄將去
釵留一股合一扇
釵擘黄金合分鈿
但令心似金鈿堅
天上人間會相見
臨别殷勤重寄詞
詞中有誓兩心知
七月七日長生殿
夜半無人私語時
在天願作比翼鳥
在地願爲連理枝
天長地久有時盡
此恨緜緜無絶期","長恨歌漢皇重色思傾國
御宇多年求不得
楊家有女初長成
養在深閨人未識
天生麗質難自棄
一朝選在君王側
迴眸一笑百媚生
六宮粉黛無顔色
春寒賜浴華清池
温泉水滑洗凝脂
侍兒扶起嬌無力
始是新承恩澤時
雲鬢花顔金步摇
芙蓉帳暖度春宵
春宵苦短日高起
從此君王不早朝
承歡侍宴無閑暇
春從春遊夜專夜
後宮佳麗三千人
三千寵愛在一身
金屋妝成嬌侍夜
玉樓宴罷醉和春
姊妹弟兄皆列土
可憐光彩生門户
遂令天下父母心
不重生男重生女
驪宮高處入青雲
仙樂風飄處處聞
緩歌慢舞凝絲竹
盡日君王看不足
漁陽鞞鼓動地來
驚破霓裳羽衣曲
九重城闕煙塵生
千乘萬騎西南行
翠華摇摇行復止
西出都門百餘里
六軍不發無奈何
宛轉娥眉馬前死
花鈿委地無人收
翠翹金雀玉搔頭
君王掩面救不得
迴看血淚相和流
黄埃散漫風蕭索
雲棧縈紆登劍閣
峨嵋山下少人行
旌旗無光日色薄
蜀江水碧蜀山青
聖主朝朝暮暮情
行宮見月傷心色
夜雨聞鈴腸斷聲
天旋日轉迴龍馭
到此躊躇不能去
馬嵬坡下泥土中
不見玉顔空死處
君臣相顧盡霑衣
東望都門信馬歸
歸來池苑皆依舊
太液芙蓉未央柳
芙蓉如面柳如眉
對此如何不淚垂
春風桃李花開夜
秋雨梧桐葉落時
西宮南苑多秋草
宮葉滿階紅不掃
梨園弟子白髮新
椒房阿監青娥老
夕殿螢飛思悄然
孤燈挑盡未成眠
遲遲鐘鼓初長夜
耿耿星河欲曙天
鴛鴦瓦冷霜華重
翡翠衾寒誰與共
悠悠生死别經年
魂魄不曾來入夢
臨邛道士鴻都客
能以精誠致魂魄
爲感君王輾轉思
遂教方士殷勤覓
排空馭氣奔如電
昇天入地求之遍
上窮碧落下黄泉
兩處茫茫皆不見
忽聞海上有仙山
山在虛無縹緲間
樓閣玲瓏五雲起
其中綽約多仙子
中有一人字太真
雪膚花貌參差是
金闕西廂叩玉扃
轉教小玉報雙成
聞道漢家天子使
九華帳裏夢魂驚
攬衣推枕起徘徊
珠箔銀屏邐迤開
雲鬢半偏新睡覺
花冠不整下堂來
風吹仙袂飄颻舉
猶似霓裳羽衣舞
玉容寂寞淚闌干
梨花一枝春帶雨
含情凝睇謝君王
一别音容兩眇茫
昭陽殿裏恩愛絶
蓬萊宮中日月長
迴頭下望人寰處
不見長安見塵霧
唯將舊物表深情
鈿合金釵寄將去
釵留一股合一扇
釵擘黄金合分鈿
但令心似金鈿堅
天上人間會相見
臨别殷勤重寄詞
詞中有誓兩心知
七月七日長生殿
夜半無人私語時
在天願作比翼鳥
在地願爲連理枝
天長地久有時盡
此恨緜緜無絶期",962
593,poem,593,卷十二,,,感傷,婦人苦,,,593,revised_jsonl_direct,0594,,revised_jsonl,登颜园故阁诗；娇女诗；赠内；诗；淮南子；谷梁传,诗；淮南子；谷梁传,3,True,,0,False,1,32,"蟬鬢加意梳
蛾眉用心掃
幾度曉妝成
君看不言好
妾身重同穴
君意輕偕老
惆悵去年來
心知未能道
今朝一開口
語少意何深
願引他時事
移君此日心
人言夫婦親
義合如一身
及至死生際
何曾苦樂均
婦人一喪夫
終身守孤孑
有如林中竹
忽被風吹折
一折不重生
枯死猶抱節
男兒若喪婦
能不暫傷情
應似門前柳
逢春易發榮
風吹一枝折
還有一枝生
爲君委曲言
願君再三聽
須知婦人苦
從此莫相輕","婦人苦蟬鬢加意梳
蛾眉用心掃
幾度曉妝成
君看不言好
妾身重同穴
君意輕偕老
惆悵去年來
心知未能道
今朝一開口
語少意何深
願引他時事
移君此日心
人言夫婦親
義合如一身
及至死生際
何曾苦樂均
婦人一喪夫
終身守孤孑
有如林中竹
忽被風吹折
一折不重生
枯死猶抱節
男兒若喪婦
能不暫傷情
應似門前柳
逢春易發榮
風吹一枝折
還有一枝生
爲君委曲言
願君再三聽
須知婦人苦
從此莫相輕",194
594,poem,594,卷十二,,,感傷,長安道,,,594,revised_jsonl_direct,0595,,revised_jsonl,美女篇；乐府诗集；古今乐录；艳歌行；罗敷；何尝；双鸿；福钟；玉台新咏序,美女篇,1,True,,0,False,1,9,"花枝缺處青樓開
豔歌一曲酒一杯
美人勸我急行樂
自古朱顔不再來
君不見
外州客
長安道
一迴來
一迴老","長安道花枝缺處青樓開
豔歌一曲酒一杯
美人勸我急行樂
自古朱顔不再來
君不見
外州客
長安道
一迴來
一迴老",54
595,poem,595,卷十二,,,感傷,潛别離,,,595,revised_jsonl_direct,0596,,revised_jsonl,左传；周诗；拾遗记；答元郎中杨员外喜乌见寄,左传；拾遗记,2,True,,0,False,1,11,"不得哭
潛别離
不得語
暗相思
兩心之外無人知
深籠夜鎖獨棲鳥
利劍春斷連理枝
河水雖濁有清日
烏頭雖黑有白時
唯有潛離與暗别
彼此甘心無後期","潛别離不得哭
潛别離
不得語
暗相思
兩心之外無人知
深籠夜鎖獨棲鳥
利劍春斷連理枝
河水雖濁有清日
烏頭雖黑有白時
唯有潛離與暗别
彼此甘心無後期",74
596,poem,596,卷十二,,,感傷,隔浦蓮,,,596,revised_jsonl_direct,0597,,revised_jsonl,,,0,False,,0,False,1,6,"隔浦愛紅蓮
昨日看猶在
夜來風吹落
只得一迴採
花開雖有明年期
復愁明年還暫時","隔浦蓮隔浦愛紅蓮
昨日看猶在
夜來風吹落
只得一迴採
花開雖有明年期
復愁明年還暫時",42
597,poem,597,卷十二,,,感傷,寒食野望吟,,,597,revised_jsonl_direct,0598,,revised_jsonl,,,0,False,,0,False,1,8,"丘墟郭門外
寒食誰家哭
風吹曠野紙錢飛
古墓纍纍春草綠
棠梨花映白楊樹
盡是死生離别處
冥寞重泉哭不聞
蕭蕭暮雨人歸去","寒食野望吟丘墟郭門外
寒食誰家哭
風吹曠野紙錢飛
古墓纍纍春草綠
棠梨花映白楊樹
盡是死生離别處
冥寞重泉哭不聞
蕭蕭暮雨人歸去",64
598,poem,598,卷十二,,,感傷,琵琶引,,,598,revised_jsonl_direct,0599,816,revised_jsonl,谱；笺；旧唐书；浔阳三题；琵琶歌；悲善才；乐府杂录；明一统志；谕友；升庵诗话；琵琶行；五弦弹；王家琵琶；燕乐探微；霓裳羽衣曲；法曲歌；乐世；听歌六绝句；碧鸡漫志；歌者叶记；志卢金兰墓；唐史吐蕃传；琵琶录；杨柳枝词；宫词；教坊记笺订；鲁灵光殿赋；文选；埤苍；说苑；李供奉弹箜篌歌；曹刚；东门行；听百舌鸟诗；梁鼓角横吹曲；隋秦孝王诔；唐国史补；长安志；两京记；新唐书；教坊记；太平广记；崔洁；逸史；李謩；赠吕三校书；和元九与吕二同宿话旧感赠；才调集；江南喜逢萧九彻因话长安旧游戏赠五十韵；元白诗笺证稿；琵琶引；唐宋诗举要；汉书；少年行；春日戏题恼郝使君兄；即事；杨柳枝二十韵；玉壶清话；元和郡县志；长干行；怨诗；寄远曲；严十八郎中在郡日改制东南楼因名清辉；代书诗一百韵寄微之；时世妆；文苑英华；北渡；楚辞；藉田赋；野客丛书；白氏长庆集；祭匡山文；微之到通州日授馆未安见尘壁间有数行字读之即仆旧诗；会合连句；册府元龜；帝王部；容斋三笔；夜闻歌者；琵琶；长恨传序；容斋五笔；类苑；倦游杂录；瓯北诗话,说苑；汉书；楚辞,3,True,,0,False,1,113,"元和十年
予左遷九江郡司馬
明年秋
送客湓浦口
聞舟船中夜彈琵琶者
聽其音
錚錚然有京都聲
問其人
本長安倡女
嘗學琵琶於穆﹑曹二善才
年長色衰
委身爲賈人婦
遂命酒
使快彈數曲
曲罷憫默
自叙少小時歡樂事
今漂淪憔悴
轉徙於江湖間
予出官二年
恬然自安
感斯人言
是夕始覺有遷謫意
因爲長句歌以贈之
凡六百一十六言
命曰《琵琶行》
潯陽江頭夜送客
楓葉荻花秋索索
主人下馬客在船
舉酒欲飲無管絃
醉不成歡慘將别
别時茫茫江浸月
忽聞水上琵琶聲
主人忘歸客不發
尋聲闇問彈者誰
琵琶聲停欲語遲
移船相近邀相見
添酒迴燈重開宴
千呼萬喚始出來
猶把琵琶半遮面
轉軸撥絃三兩聲
未成曲調先有情
絃絃掩抑聲聲思
似訴平生不得意
低眉信手續續彈
説盡心中無限事
輕攏慢撚抹復挑
初爲霓裳後綠腰
大絃嘈嘈如急雨
小絃切切如私語
嘈嘈切切錯雜彈
大珠小珠落玉盤
間關鶯語花底滑
幽咽泉流冰下難
冰泉冷澀絃凝絶
凝絶不通聲暫歇
别有幽愁暗恨生
此時無聲勝有聲
銀瓶乍破水漿迸
鐵騎突出刀槍鳴
曲終收撥當心畫
四絃一聲如裂帛
東舟西舫悄無言
唯見江心秋月白
沈吟放撥插絃中
整頓衣裳起斂容
自言本是京城女
家在蝦蟇陵下住
十三學得琵琶成
名屬教坊第一部
曲罷曾教善才伏
妝成每被秋娘妬
五陵年少爭纏頭
一曲紅綃不知數
鈿頭雲篦擊節碎
血色羅裙翻酒汙
今年歡笑復明年
秋月春風等閑度
弟走從軍阿姨死
暮去朝來顔色故
門前冷落鞍馬稀
老大嫁作商人婦
商人重利輕别離
前月浮梁買茶去
去來江口守空船
遶船月明江水寒
夜深忽夢少年事
夢啼妝淚紅闌干
我聞琵琶已歎息
又聞此語重唧唧
同是天涯淪落人
相逢何必曾相識
我從去年辭帝京
謫居卧病潯陽城
潯陽小處無音樂
終歲不聞絲竹聲
住近湓江地低濕
黄蘆苦竹繞宅生
其間旦暮聞何物
杜鵑啼哭猿哀鳴
春江花朝秋月夜
往往取酒還獨傾
豈無山歌與村笛
歐啞嘲哳難爲聽
今夜聞君琵琶語
如聽仙樂耳暫明
莫辭更坐彈一曲
爲君飜作琵琶行
感我此言良久立
却坐促絃絃轉急
淒淒不似向前聲
滿座重聞皆掩泣
就中泣下誰最多
江州司馬青衫濕","琵琶引元和十年
予左遷九江郡司馬
明年秋
送客湓浦口
聞舟船中夜彈琵琶者
聽其音
錚錚然有京都聲
問其人
本長安倡女
嘗學琵琶於穆﹑曹二善才
年長色衰
委身爲賈人婦
遂命酒
使快彈數曲
曲罷憫默
自叙少小時歡樂事
今漂淪憔悴
轉徙於江湖間
予出官二年
恬然自安
感斯人言
是夕始覺有遷謫意
因爲長句歌以贈之
凡六百一十六言
命曰《琵琶行》
潯陽江頭夜送客
楓葉荻花秋索索
主人下馬客在船
舉酒欲飲無管絃
醉不成歡慘將别
别時茫茫江浸月
忽聞水上琵琶聲
主人忘歸客不發
尋聲闇問彈者誰
琵琶聲停欲語遲
移船相近邀相見
添酒迴燈重開宴
千呼萬喚始出來
猶把琵琶半遮面
轉軸撥絃三兩聲
未成曲調先有情
絃絃掩抑聲聲思
似訴平生不得意
低眉信手續續彈
説盡心中無限事
輕攏慢撚抹復挑
初爲霓裳後綠腰
大絃嘈嘈如急雨
小絃切切如私語
嘈嘈切切錯雜彈
大珠小珠落玉盤
間關鶯語花底滑
幽咽泉流冰下難
冰泉冷澀絃凝絶
凝絶不通聲暫歇
别有幽愁暗恨生
此時無聲勝有聲
銀瓶乍破水漿迸
鐵騎突出刀槍鳴
曲終收撥當心畫
四絃一聲如裂帛
東舟西舫悄無言
唯見江心秋月白
沈吟放撥插絃中
整頓衣裳起斂容
自言本是京城女
家在蝦蟇陵下住
十三學得琵琶成
名屬教坊第一部
曲罷曾教善才伏
妝成每被秋娘妬
五陵年少爭纏頭
一曲紅綃不知數
鈿頭雲篦擊節碎
血色羅裙翻酒汙
今年歡笑復明年
秋月春風等閑度
弟走從軍阿姨死
暮去朝來顔色故
門前冷落鞍馬稀
老大嫁作商人婦
商人重利輕别離
前月浮梁買茶去
去來江口守空船
遶船月明江水寒
夜深忽夢少年事
夢啼妝淚紅闌干
我聞琵琶已歎息
又聞此語重唧唧
同是天涯淪落人
相逢何必曾相識
我從去年辭帝京
謫居卧病潯陽城
潯陽小處無音樂
終歲不聞絲竹聲
住近湓江地低濕
黄蘆苦竹繞宅生
其間旦暮聞何物
杜鵑啼哭猿哀鳴
春江花朝秋月夜
往往取酒還獨傾
豈無山歌與村笛
歐啞嘲哳難爲聽
今夜聞君琵琶語
如聽仙樂耳暫明
莫辭更坐彈一曲
爲君飜作琵琶行
感我此言良久立
却坐促絃絃轉急
淒淒不似向前聲
滿座重聞皆掩泣
就中泣下誰最多
江州司馬青衫濕",873
599,poem,599,卷十二,,,感傷,簡簡吟,,,599,revised_jsonl_direct,0600,,revised_jsonl,笺；赠苏少府；树名诗；王昭君；杨柳枝词八首；题郡中荔枝诗十八韵兼寄万州杨八使君；旧五代史；三国志；南史；齐民要术；朝野佥载；政和证类本草,,0,False,,0,False,1,18,"蘇家小女名簡簡
芙蓉花腮柳葉眼
十一把鏡學點妝
十二抽針能繡裳
十三行坐事調品
不肯迷頭白地藏
玲瓏雲髻生菜樣
飄颻風袖薔薇香
殊姿異態不可狀
忽忽轉動如有光
二月繁霜殺桃李
明年欲嫁今年死
丈人阿母勿悲啼
此女不是凡夫妻
恐是天仙謫人世
只合人間十三歲
大都好物不堅牢
彩雲易散琉璃脆","簡簡吟蘇家小女名簡簡
芙蓉花腮柳葉眼
十一把鏡學點妝
十二抽針能繡裳
十三行坐事調品
不肯迷頭白地藏
玲瓏雲髻生菜樣
飄颻風袖薔薇香
殊姿異態不可狀
忽忽轉動如有光
二月繁霜殺桃李
明年欲嫁今年死
丈人阿母勿悲啼
此女不是凡夫妻
恐是天仙謫人世
只合人間十三歲
大都好物不堅牢
彩雲易散琉璃脆",146
600,poem,600,卷十二,,,感傷,花非花,,,600,revised_jsonl_direct,0601,,revised_jsonl,,,0,False,,0,False,1,6,"花非花
霧非霧
夜半來
天明去
來如春夢幾多時
去似朝雲無覓處","花非花花非花
霧非霧
夜半來
天明去
來如春夢幾多時
去似朝雲無覓處",34
601,poem,601,卷十二,,,感傷,醉後狂言酬贈蕭殷二協律,,,601,revised_jsonl_direct,0602,822,revised_jsonl,笺；画竹歌；别杨颖士卢克柔殷尧藩；代东门行；后汉书；史记；新制布裘,后汉书；史记,2,True,,0,False,1,24,"餘杭邑客多羈貧
其間甚者蕭與殷
天寒身上猶衣葛
日高甑中未拂塵
江城山寺十一月
北風吹砂雪紛紛
賓客不見綈袍惠
黎庶未霑襦袴恩
此時太守自慚愧
重衣複衾有餘温
因命染人與針女
先製兩裘贈二君
吳緜細軟桂布密
柔如狐腋白似雲
勞將詩書投贈我
如此小惠何足論
我有大裘君未見
寬廣和煖如陽春
此裘非繒亦非纊
裁以法度絮以仁
刀尺鈍拙製未畢
畢亦不獨裹一身
若令在郡得五考
與君展覆杭州人","醉後狂言酬贈蕭殷二協律餘杭邑客多羈貧
其間甚者蕭與殷
天寒身上猶衣葛
日高甑中未拂塵
江城山寺十一月
北風吹砂雪紛紛
賓客不見綈袍惠
黎庶未霑襦袴恩
此時太守自慚愧
重衣複衾有餘温
因命染人與針女
先製兩裘贈二君
吳緜細軟桂布密
柔如狐腋白似雲
勞將詩書投贈我
如此小惠何足論
我有大裘君未見
寬廣和煖如陽春
此裘非繒亦非纊
裁以法度絮以仁
刀尺鈍拙製未畢
畢亦不獨裹一身
若令在郡得五考
與君展覆杭州人",202
602,poem,602,卷十二,,,感傷,醉歌,,,602,revised_jsonl_direct,0603,823,revised_jsonl,谱；笺；霓裳羽衣歌；唐语林；重赠；元氏长庆集；诗话总龜；苕溪渔隐丛话；诗人玉屑；乐府杂录；感春；赠丁翼；野田黄雀行；十二时；白居易作品中的口语表达；传统文化与现代化,,0,False,,0,False,1,11,"罷胡琴
掩秦瑟
玲瓏再拜歌初畢
誰道使君不解歌
聽唱黄雞與白日
黄雞催曉丑時鳴
白日催年酉前没
腰間紅綬繫未穩
鏡裏朱顔看已失
玲瓏玲瓏奈老何
使君歌了汝更歌","醉歌罷胡琴
掩秦瑟
玲瓏再拜歌初畢
誰道使君不解歌
聽唱黄雞與白日
黄雞催曉丑時鳴
白日催年酉前没
腰間紅綬繫未穩
鏡裏朱顔看已失
玲瓏玲瓏奈老何
使君歌了汝更歌",81
603,poem,603,卷十三,,,雜律詩,代書詩一百韻寄微之,,,603,revised_jsonl_direct,0604,810,revised_jsonl,谱；笺；与元九书；白氏文集；唐检校工部员外郎杜君墓系铭；叙诗寄乐天；上令狐相公诗启；赠元稹；常乐里闲居偶题十六韵兼寄刘十五公舆王十一起吕二炅吕四颖崔十八玄亮元九稹刘三十二敦质张十五仲方时为校书郎；旧唐书；酬乐天东南行诗一百韵；易；吴声歌；左传；论语；子路；长安志；唐国史补；十道志；白牡丹；辛丘度可工部员外郎制；病减逢春期白二十二辛大不至十韵；南部新书；云溪友议；唐书；编集拙诗成一十五卷因题卷末戏赠元九李二十；书；哭刘敦质；闻庾七左降因咏所怀；南史；文心雕龙；观林诗话；奉和鲁望叠韵双声二首；北亭招客；夜看美人宫棋；咏手二首；通俗编；三辅黄图；登乐游园春望书怀；兴庆池侍宴应制；早春独游曲江；春色满皇州；裴常侍以题蔷薇架十八韵见示因广为三十韵以和之；宋朝事实类苑；山石榴寄元九；开元天宝遗事；乐游园歌；后汉书；风俗通；时世妆；歌舞；寒山诗注；题宣义池亭；浙西李大夫述梦四十韵并浙东元相公酬和斐然继声；元和五年予官不了罚俸西归；何满子歌；东南行一百韵；题元十八溪亭；江南喜逢萧九彻因话长安旧游戏赠五十韵；朱子语类；容斋续笔；醉乡日月；骰子令；旗旙令；闪擪令；抛打令；唐代酒令艺术；隋唐五代燕乐杂言歌辞研究；调笑；尊前集；调笑令；乐府诗集；宫中调笑；唐语林；赠吴丹；楚辞；昭应官舍书事；舒员外游香山寺数日不归兼辱尺书大夸胜事；郡斋旬假命宴呈座客示郡寮；西掖早秋直夜书意；夏书；策林序；策林；艺林伐山；周礼；正义；清异录；史记；汉书；册府元龜；唐会要；鹖赋；斗鸡诗；吕氏春秋；荀子；宋书；魏书；和钱员外禁中夙兴见示；杜陵叟；酬李补阙雨中寄赠；酬元十二；自题写真；春日宴宋主簿山亭得寒字；渭桥北亭作；朝回游城南；见萧侍御忆旧山草堂诗因以继和；送戴端公赴容州；报任安书；太平御览；东观汉记；放鹰；野客丛书；阳球传；三国志；运命论；淮南子；龙光寺竺道生法师诔；西京赋；韩非子；诗；读史五首；庄子；七哀诗；宿清源寺；答四皓庙；列仙传；晋书；礼记；战国策；李都尉古剑；求通亲亲表；七发；答桐花；老子；感情；唐两京城坊考,易；左传；论语；书；三辅黄图；后汉书；风俗通；楚辞；周礼；史记；汉书；斗鸡诗；吕氏春秋；宋书；魏书；东观汉记；淮南子；西京赋；诗；庄子；七哀诗；列仙传；晋书；礼记；战国策；老子,26,True,,0,False,1,258,"憶在貞元歲
初登典校司
身名同日授
心事一言知
貞元中
與微之同登科第
俱授秘書省校書郎
始相識也
肺腑都無隔
形骸兩不羈
疏狂屬年少
閑散爲官卑
分定金蘭契
言通藥石規
交賢方汲汲
友直每偲偲
有月多同賞
無杯不共持
秋風拂琴匣
夜雪卷書帷
高上慈恩塔
幽尋皇子陂
唐昌玉蘂會
崇敬牡丹期
唐昌觀玉蘂
崇敬寺牡丹
花時多與微之有期
笑勸迂辛酒
閑吟短李詩
辛大丘度
性迂嗜酒
李二十紳
形短能詩
故當時有迂辛短李之號
儒風愛敦質
佛理尚玄師
劉三十二敦質
雅有儒風
庾七玄師
談佛理
有可賞者
度日曾無悶
通宵靡不爲
雙聲聯律句
八面對宮棋
雙聲聯句
八面宮棋
皆當時事
往往遊三省
騰騰出九逵
寒銷直城路
春到曲江池
樹暖枝條弱
山晴彩翠奇
峰攢石綠點
柳宛麴塵絲
岸草煙鋪地
園花雪壓枝
早光紅照耀
新溜碧逶迤
幄幕侵堤布
盤筵占地施
徵伶皆絶藝
選妓悉名姬
鉛黛凝春態
金鈿耀水嬉
風流誇墜髻
時世鬬啼眉
貞元末
城中復爲墜馬髻﹑啼眉妝也
密坐隨歡促
華樽逐勝移
香飄歌袂動
翠落舞釵遺
籌插紅螺椀
觥飛白玉巵
打嫌調笑易
飲訝卷波遲
抛打曲有《調笑》
飲酒有《卷白波》
殘席諠譁散
歸鞍酩酊騎
酡顔烏帽側
醉袖玉鞭垂
紫陌傳鐘鼓
紅塵塞路歧
幾時曾暫别
何處不相隨
荏苒星霜換
迴環節候推
兩衙多請假
三考欲成資
運偶千年聖
天成萬物宜
皆當少壯日
同惜盛明時
光景嗟虛擲
雲霄竊闇闚
攻文朝矻矻
講學夜孜孜
策目穿如札
時與微之結集策略之目
其數至百十
毫鋒鋭若錐
時與微之各有纖鋒細管筆
攜以就試
相顧輒笑
目爲毫錐
繁張獲鳥網
堅守釣魚坻
謂自冬至夏
頻改試期
竟與微之堅待制試也
並受夔龍薦
齊陳晁董詞
萬言經濟略
三道太平基
中第爭無敵
專場戰不疲
輔車排勝陣
掎角搴降旗
並謂同鋪席﹑共筆硯
雙闕紛容衛
千僚儼等衰
謂制舉人欲唱第之時也
恩隨紫泥降
名向白麻披
既在高科選
還從好爵縻
東垣君諫諍
西邑我驅馳
元和元年
同登制科
微之拜拾遺
予授盩厔尉
再喜登烏府
多慚侍赤墀
四年
微之復拜監察
予爲拾遺﹑學士也
官班分内外
遊處遂參差
每列鵷鸞序
偏瞻獬豸姿
簡威霜凜冽
衣彩繡葳蕤
正色摧强禦
剛腸嫉喔咿
常憎持祿位
不擬保妻兒
養勇期除惡
輸忠在滅私
下韝驚燕雀
當道懾狐狸
南國人無怨
東臺吏不欺
微之使東川
奏冤八十餘家
詔從而平之
因分司東都
理冤多定國
切諫甚辛毗
造次行於是
平生志在兹
道將心共直
言與行兼危
水闇波翻覆
山藏路險巇
未爲明主識
已被倖臣疑
木秀遭風折
蘭芳遇霰萎
千鈞勢易壓
一柱力難支
騰口因成痏
吹毛遂得疵
憂來吟貝錦
謫去詠江蘺
邂逅塵中遇
殷勤馬上辭
賈生離魏闕
王粲向荆夷
水過清源寺
山經綺季祠
心摇漢皋珮
淚墮峴亭碑
并途中所經歷者也
驛路緣雲際
城樓枕水湄
思鄉多繞澤
望闕獨登陴
林晚青蕭索
江平綠渺瀰
野秋鳴蟋蟀
沙冷聚鸕鷀
官舍黄茅屋
人家苦竹籬
白醪充夜酌
紅粟備晨炊
寡鶴催風翮
鰥魚失水鬐
闇雛啼渴旦
凉葉墜相思
此四句兼含微之鰥居之思
一點寒燈滅
三聲曉角吹
藍衫經雨故
驄馬卧霜羸
念涸誰濡沫
嫌醒自啜醨
耳垂無伯樂
舌在有張儀
負氣衝星劍
傾心向日葵
金言自銷鑠
玉性肯磷緇
伸屈須看蠖
窮通莫問龜
定知身是患
當用道爲醫
想子今如彼
嗟予獨在斯
無憀當歲杪
有夢到天涯
坐阻連襟帶
行乖接履綦
潤銷衣上霧
香散室中芝
念遠緣遷貶
驚時爲别離
素書三往復
明月七盈虧
自與微之别經七月
三度得書
舊里非難到
餘歡不可追
樹依興善老
草傍靜安衰
微之宅在靜安坊西
近興善寺
前事思如昨
中懷寫向誰
北村尋古柏
南宅訪辛夷
開元觀西北院
即隋時龍村佛堂
有古柏一株
至今存焉
微之宅中有辛夷兩樹
常此與微之遊息其下
此日空搔首
何人共解頤
病多知夜永
年長覺秋悲
不飲長如醉
加餐亦似飢
狂吟一千字
因使寄微之","代書詩一百韻寄微之憶在貞元歲
初登典校司
身名同日授
心事一言知
貞元中
與微之同登科第
俱授秘書省校書郎
始相識也
肺腑都無隔
形骸兩不羈
疏狂屬年少
閑散爲官卑
分定金蘭契
言通藥石規
交賢方汲汲
友直每偲偲
有月多同賞
無杯不共持
秋風拂琴匣
夜雪卷書帷
高上慈恩塔
幽尋皇子陂
唐昌玉蘂會
崇敬牡丹期
唐昌觀玉蘂
崇敬寺牡丹
花時多與微之有期
笑勸迂辛酒
閑吟短李詩
辛大丘度
性迂嗜酒
李二十紳
形短能詩
故當時有迂辛短李之號
儒風愛敦質
佛理尚玄師
劉三十二敦質
雅有儒風
庾七玄師
談佛理
有可賞者
度日曾無悶
通宵靡不爲
雙聲聯律句
八面對宮棋
雙聲聯句
八面宮棋
皆當時事
往往遊三省
騰騰出九逵
寒銷直城路
春到曲江池
樹暖枝條弱
山晴彩翠奇
峰攢石綠點
柳宛麴塵絲
岸草煙鋪地
園花雪壓枝
早光紅照耀
新溜碧逶迤
幄幕侵堤布
盤筵占地施
徵伶皆絶藝
選妓悉名姬
鉛黛凝春態
金鈿耀水嬉
風流誇墜髻
時世鬬啼眉
貞元末
城中復爲墜馬髻﹑啼眉妝也
密坐隨歡促
華樽逐勝移
香飄歌袂動
翠落舞釵遺
籌插紅螺椀
觥飛白玉巵
打嫌調笑易
飲訝卷波遲
抛打曲有《調笑》
飲酒有《卷白波》
殘席諠譁散
歸鞍酩酊騎
酡顔烏帽側
醉袖玉鞭垂
紫陌傳鐘鼓
紅塵塞路歧
幾時曾暫别
何處不相隨
荏苒星霜換
迴環節候推
兩衙多請假
三考欲成資
運偶千年聖
天成萬物宜
皆當少壯日
同惜盛明時
光景嗟虛擲
雲霄竊闇闚
攻文朝矻矻
講學夜孜孜
策目穿如札
時與微之結集策略之目
其數至百十
毫鋒鋭若錐
時與微之各有纖鋒細管筆
攜以就試
相顧輒笑
目爲毫錐
繁張獲鳥網
堅守釣魚坻
謂自冬至夏
頻改試期
竟與微之堅待制試也
並受夔龍薦
齊陳晁董詞
萬言經濟略
三道太平基
中第爭無敵
專場戰不疲
輔車排勝陣
掎角搴降旗
並謂同鋪席﹑共筆硯
雙闕紛容衛
千僚儼等衰
謂制舉人欲唱第之時也
恩隨紫泥降
名向白麻披
既在高科選
還從好爵縻
東垣君諫諍
西邑我驅馳
元和元年
同登制科
微之拜拾遺
予授盩厔尉
再喜登烏府
多慚侍赤墀
四年
微之復拜監察
予爲拾遺﹑學士也
官班分内外
遊處遂參差
每列鵷鸞序
偏瞻獬豸姿
簡威霜凜冽
衣彩繡葳蕤
正色摧强禦
剛腸嫉喔咿
常憎持祿位
不擬保妻兒
養勇期除惡
輸忠在滅私
下韝驚燕雀
當道懾狐狸
南國人無怨
東臺吏不欺
微之使東川
奏冤八十餘家
詔從而平之
因分司東都
理冤多定國
切諫甚辛毗
造次行於是
平生志在兹
道將心共直
言與行兼危
水闇波翻覆
山藏路險巇
未爲明主識
已被倖臣疑
木秀遭風折
蘭芳遇霰萎
千鈞勢易壓
一柱力難支
騰口因成痏
吹毛遂得疵
憂來吟貝錦
謫去詠江蘺
邂逅塵中遇
殷勤馬上辭
賈生離魏闕
王粲向荆夷
水過清源寺
山經綺季祠
心摇漢皋珮
淚墮峴亭碑
并途中所經歷者也
驛路緣雲際
城樓枕水湄
思鄉多繞澤
望闕獨登陴
林晚青蕭索
江平綠渺瀰
野秋鳴蟋蟀
沙冷聚鸕鷀
官舍黄茅屋
人家苦竹籬
白醪充夜酌
紅粟備晨炊
寡鶴催風翮
鰥魚失水鬐
闇雛啼渴旦
凉葉墜相思
此四句兼含微之鰥居之思
一點寒燈滅
三聲曉角吹
藍衫經雨故
驄馬卧霜羸
念涸誰濡沫
嫌醒自啜醨
耳垂無伯樂
舌在有張儀
負氣衝星劍
傾心向日葵
金言自銷鑠
玉性肯磷緇
伸屈須看蠖
窮通莫問龜
定知身是患
當用道爲醫
想子今如彼
嗟予獨在斯
無憀當歲杪
有夢到天涯
坐阻連襟帶
行乖接履綦
潤銷衣上霧
香散室中芝
念遠緣遷貶
驚時爲别離
素書三往復
明月七盈虧
自與微之别經七月
三度得書
舊里非難到
餘歡不可追
樹依興善老
草傍靜安衰
微之宅在靜安坊西
近興善寺
前事思如昨
中懷寫向誰
北村尋古柏
南宅訪辛夷
開元觀西北院
即隋時龍村佛堂
有古柏一株
至今存焉
微之宅中有辛夷兩樹
常此與微之遊息其下
此日空搔首
何人共解頤
病多知夜永
年長覺秋悲
不飲長如醉
加餐亦似飢
狂吟一千字
因使寄微之",1609
604,poem,604,卷十三,,,雜律詩,和鄭方及第後秋歸洛下閑居,,,604,revised_jsonl_direct,0605,802,revised_jsonl,笺；登科记考；楚辞；长安秋夜怀陈京昆季；列女传；诗；古诗类苑；艳歌,楚辞；列女传；诗,3,True,,0,False,1,12,"勤苦成名後
優遊得意間
玉憐同匠琢
桂恨隔年攀
山靜豹難隱
谷幽鶯暫還
微吟詩引步
淺酌酒開顔
門迥暮臨水
窗深朝對山
雲衢日相待
莫誤許身閑","和鄭方及第後秋歸洛下閑居勤苦成名後
優遊得意間
玉憐同匠琢
桂恨隔年攀
山靜豹難隱
谷幽鶯暫還
微吟詩引步
淺酌酒開顔
門迥暮臨水
窗深朝對山
雲衢日相待
莫誤許身閑",83
605,poem,605,卷十三,,,雜律詩,與諸同年賀座主侍郎新拜太常同宴蕭尚書亭子,,,605,revised_jsonl_direct,0606,801,revised_jsonl,笺；旧唐书；谱；唐书；登科记考；容斋五笔；登科记；从驾祀麓山庙诗；使岭南闻崔马二御史并拜台郎,,0,False,,0,False,1,8,"寵新卿典禮
會盛客徵文
不失遷鶯侶
因成賀燕羣
池臺晴間雪
冠蓋暮和雲
共仰曾攀處
年深桂尚薰","與諸同年賀座主侍郎新拜太常同宴蕭尚書亭子寵新卿典禮
會盛客徵文
不失遷鶯侶
因成賀燕羣
池臺晴間雪
冠蓋暮和雲
共仰曾攀處
年深桂尚薰",67
606,poem,606,卷十三,,,雜律詩,東都冬日會諸同聲宴鄭家林亭,,,606,revised_jsonl_direct,0607,801,revised_jsonl,笺；醉后走笔酬刘五主簿长句之赠兼简张大贾二十四先辈昆季；同豆卢峰知字韵；管子；梁书,管子,1,True,,0,False,1,12,"盛時陪上第
暇日會羣賢
桂折應同樹
鶯遷各異年
賓階紛組珮
妓席儼花鈿
促膝齊貧賤
差肩次後先
助歌林下水
銷酒雪中天
他日昇沈者
無忘共此筵","東都冬日會諸同聲宴鄭家林亭盛時陪上第
暇日會羣賢
桂折應同樹
鶯遷各異年
賓階紛組珮
妓席儼花鈿
促膝齊貧賤
差肩次後先
助歌林下水
銷酒雪中天
他日昇沈者
無忘共此筵",84
607,poem,607,卷十三,,,雜律詩,叙德書情四十韻上宣歙崔中丞,,,607,revised_jsonl_direct,0608,800,revised_jsonl,笺；唐书；旧唐书；宪宗纪；崔衍传；送侯权秀才序；白氏文集；类说；杨文公谈苑；书；史记；代书诗一百韵寄微之；战国策；函谷关铭；诗；答晋安王书；后汉书；汉书；齐故安陆昭王碑文；孟子；淮南子；论语；易；礼记；晋书；朝回游城南；登池上楼；晚登三山还望京邑；折杨柳；宋书；南史；梦游天姥吟留别；江南曲；吴兴送梁补阙归朝赋得荻花；封氏闻见记；唐代长安与西域文明；长安打毬小考；题赠郑秘书征君石沟溪隐居；左传；汉隄诗；广绝交论；晚秋赠张折冲；高仆射；上责躬应诏诗表；下第上薛侍郎；说苑；思归；咏史；七谏；放鹰,书；史记；战国策；诗；后汉书；汉书；孟子；淮南子；论语；易；礼记；晋书；宋书；左传；广绝交论；说苑,16,True,,0,False,1,80,"元聖生乘運
忠賢出應期
還將稽古力
助立太平基
土控吳兼越
州連歙與池
山河地襟帶
軍鎮國藩維
廉察安江甸
澄清肅海夷
股肱分外守
耳目付中司
楚老歌來暮
秦人詠去思
望如時雨至
福似歲星移
政靜民無訟
刑行吏不欺
撝謙驚主寵
陰德畏人知
白玉慚温色
朱繩讓直辭
行爲時領袖
言作世蓍龜
盛幕招賢士
連營訓鋭師
光華下鵷鷺
氣色動熊羆
出入麾幢引
登臨劍戟隨
好風迎解榻
美景待搴帷
晴野霞飛綺
春郊柳宛絲
城烏驚畫角
江雁避紅旗
藉草朱輪駐
攀花紫綬垂
山宜謝公屐
洲稱柳家詩
酒氣和芳杜
絃聲亂子規
分毬齊馬首
列舞匝蛾眉
醉惜年光晚
歡憐日影遲
迴塘排玉棹
歸路擁金羈
自顧龍鍾者
嘗蒙噢咻之
仰山塵不讓
涉海水難爲
身忝鄉人薦
名因國士推
提攜增善價
拂拭長妍姿
射策端心術
遷喬整羽儀
幸穿楊遠葉
謬折桂高枝
佩德潛書帶
銘仁闇勒肌
飭躬趨館舍
拜手挹階墀
霄漢程雖在
風塵迹尚卑
弊衣羞布素
敗屋厭茅茨
養乏晨昏膳
居無伏臘資
盛時貧可耻
壯歲病堪嗤
擢第名方立
躭書力未疲
磨鉛重剸割
策蹇再奔馳
相馬須憐瘦
呼鷹正及飢
扶摇重即事
會有答恩時","叙德書情四十韻上宣歙崔中丞元聖生乘運
忠賢出應期
還將稽古力
助立太平基
土控吳兼越
州連歙與池
山河地襟帶
軍鎮國藩維
廉察安江甸
澄清肅海夷
股肱分外守
耳目付中司
楚老歌來暮
秦人詠去思
望如時雨至
福似歲星移
政靜民無訟
刑行吏不欺
撝謙驚主寵
陰德畏人知
白玉慚温色
朱繩讓直辭
行爲時領袖
言作世蓍龜
盛幕招賢士
連營訓鋭師
光華下鵷鷺
氣色動熊羆
出入麾幢引
登臨劍戟隨
好風迎解榻
美景待搴帷
晴野霞飛綺
春郊柳宛絲
城烏驚畫角
江雁避紅旗
藉草朱輪駐
攀花紫綬垂
山宜謝公屐
洲稱柳家詩
酒氣和芳杜
絃聲亂子規
分毬齊馬首
列舞匝蛾眉
醉惜年光晚
歡憐日影遲
迴塘排玉棹
歸路擁金羈
自顧龍鍾者
嘗蒙噢咻之
仰山塵不讓
涉海水難爲
身忝鄉人薦
名因國士推
提攜增善價
拂拭長妍姿
射策端心術
遷喬整羽儀
幸穿楊遠葉
謬折桂高枝
佩德潛書帶
銘仁闇勒肌
飭躬趨館舍
拜手挹階墀
霄漢程雖在
風塵迹尚卑
弊衣羞布素
敗屋厭茅茨
養乏晨昏膳
居無伏臘資
盛時貧可耻
壯歲病堪嗤
擢第名方立
躭書力未疲
磨鉛重剸割
策蹇再奔馳
相馬須憐瘦
呼鷹正及飢
扶摇重即事
會有答恩時",492
608,poem,608,卷十三,,,雜律詩,和渭北劉大夫借便秋遮虜寄朝中親友,,,608,revised_jsonl_direct,0609,803,revised_jsonl,笺；旧唐书；先友记；哭刘四尚书；许给事见示哭工部刘尚书因命同作；汉书；新唐书；诗；出郡传舍哭范仆射；将赴朔方军应制；太公兵法；玄女六韬；玉钤篇；八哀诗；史记；刘敬叔孙通列传；后汉书；三国志；左传；长安少年行；星名；过秦论；尔雅；东京赋；文选,汉书；诗；史记；后汉书；左传；尔雅,6,True,,0,False,1,20,"巨鎮爲邦屏
全材作國禎
韜鈐漢上將
文墨魯諸生
豹虎關西卒
金湯渭北城
寵深初受棨
威重正揚兵
陣占山河布
軍諳水草行
夏苗侵虎落
宵遁失蕃營
雲隊攢戈戟
風行卷斾旌
候空烽火滅
氣勝鼓鼙鳴
胡馬辭南牧
周師罷北征
迴頭問天下
何處有攙槍","和渭北劉大夫借便秋遮虜寄朝中親友巨鎮爲邦屏
全材作國禎
韜鈐漢上將
文墨魯諸生
豹虎關西卒
金湯渭北城
寵深初受棨
威重正揚兵
陣占山河布
軍諳水草行
夏苗侵虎落
宵遁失蕃營
雲隊攢戈戟
風行卷斾旌
候空烽火滅
氣勝鼓鼙鳴
胡馬辭南牧
周師罷北征
迴頭問天下
何處有攙槍",135
609,poem,609,卷十三,,,雜律詩,題故曹王宅,,,609,revised_jsonl_direct,0610,802,revised_jsonl,笺；旧唐书；曹成王碑；元和郡县志；两朱阁；史记,史记,1,True,,0,False,1,12,"甲第何年置
朱門此地開
山當賓閣出
溪繞妓堂迴
覆井桐新長
蔭窗竹舊栽
池荒紅菡萏
砌老綠莓苔
捐館梁王去
思人楚客來
西園飛蓋處
依舊月徘徊","題故曹王宅甲第何年置
朱門此地開
山當賓閣出
溪繞妓堂迴
覆井桐新長
蔭窗竹舊栽
池荒紅菡萏
砌老綠莓苔
捐館梁王去
思人楚客來
西園飛蓋處
依舊月徘徊",76
610,poem,610,卷十三,,,雜律詩,自江陵之徐州路上寄兄弟,,,610,revised_jsonl_direct,0611,802,revised_jsonl,笺；旧唐书；诗,诗,1,True,,0,False,1,12,"歧路南將北
離憂弟與兄
關河千里别
風雪一身行
夕宿勞鄉夢
晨裝慘旅情
家貧憂後事
日短念前程
煙鴈翻寒渚
霜烏聚古城
誰憐陟岡者
西楚望南荆","自江陵之徐州路上寄兄弟歧路南將北
離憂弟與兄
關河千里别
風雪一身行
夕宿勞鄉夢
晨裝慘旅情
家貧憂後事
日短念前程
煙鴈翻寒渚
霜烏聚古城
誰憐陟岡者
西楚望南荆",82
611,poem,611,卷十三,,,雜律詩,酬哥舒大見贈,,,611,revised_jsonl_direct,0612,804,revised_jsonl,笺；谱；酬哥舒大少府寄同年科第；登科记考；杏园中枣树,,0,False,,0,False,1,8,"去歲歡遊何處去
曲江西岸杏園東
花下忘歸因美景
樽前勸酒是春風
各從微宦風塵裏
共度流年離别中
今日相逢愁又喜
八人分散兩人同","酬哥舒大見贈去歲歡遊何處去
曲江西岸杏園東
花下忘歸因美景
樽前勸酒是春風
各從微宦風塵裏
共度流年離别中
今日相逢愁又喜
八人分散兩人同",69
612,poem,612,卷十三,,,雜律詩,和談校書秋夜感懷呈朝中親友,,,612,revised_jsonl_direct,0613,803,revised_jsonl,笺；玉台新咏；古诗五首；汉书；甘泉赋,汉书,1,True,,0,False,1,8,"遥夜凉風楚客悲
清砧繁漏月高時
秋霜似鬢年空長
春草如袍位尚卑
詞賦擅名來已久
煙霄得路去何遲
漢庭卿相皆知己
不薦揚雄欲薦誰","和談校書秋夜感懷呈朝中親友遥夜凉風楚客悲
清砧繁漏月高時
秋霜似鬢年空長
春草如袍位尚卑
詞賦擅名來已久
煙霄得路去何遲
漢庭卿相皆知己
不薦揚雄欲薦誰",76
613,poem,613,卷十三,,,雜律詩,感秋寄遠,,,613,revised_jsonl_direct,0614,803,revised_jsonl,笺；上林赋；文选；冬至夜怀湘灵；寄湘灵,上林赋,1,True,,0,False,1,8,"惆悵時節晚
兩情千里同
離憂不散處
庭樹正秋風
燕影動歸翼
蕙香銷故叢
佳期與芳歲
牢落兩成空","感秋寄遠惆悵時節晚
兩情千里同
離憂不散處
庭樹正秋風
燕影動歸翼
蕙香銷故叢
佳期與芳歲
牢落兩成空",51
614,poem,614,卷十三,,,雜律詩,春題華陽觀,,,614,revised_jsonl_direct,0615,805,revised_jsonl,笺；永崇里观居；代书诗一百韵寄微之,,0,False,,0,False,1,4,"帝子吹簫逐鳳凰
空留仙洞號華陽
落花何處堪惆悵
頭白宮人掃影堂","春題華陽觀帝子吹簫逐鳳凰
空留仙洞號華陽
落花何處堪惆悵
頭白宮人掃影堂",36
615,poem,615,卷十三,,,雜律詩,秋雨中贈元九,,,615,revised_jsonl_direct,0616,802,revised_jsonl,笺；谱；酬元九对新栽竹有怀见寄；秋兴赋序,,0,False,,0,False,1,4,"不堪紅葉青苔地
又是凉風暮雨天
莫怪獨吟秋思苦
比君校近二毛年","秋雨中贈元九不堪紅葉青苔地
又是凉風暮雨天
莫怪獨吟秋思苦
比君校近二毛年",37
616,poem,616,卷十三,,,雜律詩,城東閑遊,,,616,revised_jsonl_direct,0617,802,revised_jsonl,笺；元和郡县志,,0,False,,0,False,1,4,"寵辱憂歡不到情
任他朝市自營營
獨尋秋景城東去
白鹿原頭信馬行","城東閑遊寵辱憂歡不到情
任他朝市自營營
獨尋秋景城東去
白鹿原頭信馬行",35
617,poem,617,卷十三,,,雜律詩,答韋八,,,617,revised_jsonl_direct,0618,802,revised_jsonl,笺；赠韦八；宴杨驸马山池,,0,False,,0,False,1,8,"麗句勞相贈
佳期恨有違
早知留酒待
悔不趁花歸
春盡綠醅老
雨多紅蕚稀
今朝如一醉
猶得及芳菲","答韋八麗句勞相贈
佳期恨有違
早知留酒待
悔不趁花歸
春盡綠醅老
雨多紅蕚稀
今朝如一醉
猶得及芳菲",50
618,poem,618,卷十三,,,雜律詩,華陽觀桃花時招李六拾遺飲,,,618,revised_jsonl_direct,0619,805,revised_jsonl,笺；唐书；为王户部荐李谅表；册府元龜；唐人行第录；华阳观桃花时招李六拾遗饮；自城东至以诗代书戯招李六拾遗,,0,False,,0,False,1,4,"華陽觀裏仙桃發
把酒看花心自知
爭忍開時不同醉
明朝後日即空枝","華陽觀桃花時招李六拾遺飲華陽觀裏仙桃發
把酒看花心自知
爭忍開時不同醉
明朝後日即空枝",43
619,poem,619,卷十三,,,雜律詩,和友人洛中春感,,,619,revised_jsonl_direct,0620,805,revised_jsonl,笺；金谷诗序；太平寰宇记；述征记；元和郡县志；尔雅；唐两京城坊考,述征记；尔雅,2,True,,0,False,1,4,"莫悲金谷園中月
莫歎天津橋上春
若學多情尋往事
人間何處不傷人","和友人洛中春感莫悲金谷園中月
莫歎天津橋上春
若學多情尋往事
人間何處不傷人",38
620,poem,620,卷十三,,,雜律詩,送張南簡入蜀,,,620,revised_jsonl_direct,0621,805,revised_jsonl,笺；赠能七,,0,False,,0,False,1,6,"昨日詔書下
求賢訪陸沈
無論能與否
皆起徇名心
君獨南遊去
雲山蜀路深","送張南簡入蜀昨日詔書下
求賢訪陸沈
無論能與否
皆起徇名心
君獨南遊去
雲山蜀路深",41
621,poem,621,卷十三,,,雜律詩,寄陸補闕,,,621,revised_jsonl_direct,0622,805,revised_jsonl,笺；登科记考；世说新语,,0,False,,0,False,1,4,"忽憶前年科第後
此時雞鶴暫同羣
秋風惆悵須吹散
雞在中庭鶴在雲","寄陸補闕忽憶前年科第後
此時雞鶴暫同羣
秋風惆悵須吹散
雞在中庭鶴在雲",35
622,poem,622,卷十三,,,雜律詩,華陽觀中八月十五日夜招友玩月,,,622,revised_jsonl_direct,0623,805,revised_jsonl,笺；春题华阳观,,0,False,,0,False,1,4,"人道秋中明月好
欲邀同賞意如何
華陽洞裏秋壇上
今夜清光此處多","華陽觀中八月十五日夜招友玩月人道秋中明月好
欲邀同賞意如何
華陽洞裏秋壇上
今夜清光此處多",45
623,poem,623,卷十三,,,雜律詩,曲江憶元九,,,623,revised_jsonl_direct,0624,803,revised_jsonl,笺；酬哥舒大见赠,,0,False,,0,False,1,4,"春來無伴閑遊少
行樂三分減二分
何况今朝杏園裏
閑人逢盡不逢君","曲江憶元九春來無伴閑遊少
行樂三分減二分
何况今朝杏園裏
閑人逢盡不逢君",36
624,poem,624,卷十三,,,雜律詩,過劉三十二故宅,,,624,revised_jsonl_direct,0625,805,revised_jsonl,笺；哭刘敦质；唐两京城坊考,,0,False,,0,False,1,4,"不見劉君來近遠
門前兩度滿枝花
朝來惆悵宣平過
柳巷當頭第一家","過劉三十二故宅不見劉君來近遠
門前兩度滿枝花
朝來惆悵宣平過
柳巷當頭第一家",38
625,poem,625,卷十三,,,雜律詩,下邽莊南桃花,,,625,revised_jsonl_direct,0626,804,revised_jsonl,笺；重到渭上旧居,,0,False,,0,False,1,4,"村南無限桃花發
唯我多情獨自來
日暮風吹紅滿地
無人解惜爲誰開","下邽莊南桃花村南無限桃花發
唯我多情獨自來
日暮風吹紅滿地
無人解惜爲誰開",37
626,poem,626,卷十三,,,雜律詩,三月三十日題慈恩寺,,,626,revised_jsonl_direct,0627,805,revised_jsonl,笺；代书诗一百韵寄微之,,0,False,,0,False,1,4,"慈恩春色今朝盡
盡日徘徊倚寺門
惆悵春歸留不得
紫藤花下漸黄昏","三月三十日題慈恩寺慈恩春色今朝盡
盡日徘徊倚寺門
惆悵春歸留不得
紫藤花下漸黄昏",40
627,poem,627,卷十三,,,雜律詩,看渾家牡丹花戲贈李二十,,,627,revised_jsonl_direct,0628,805,revised_jsonl,笺；唐两京城坊考；看浑家牡丹花；浑侍中宅牡丹；送浑大夫赴丰州；唐书；太平广记；莺莺传；莺莺歌,,0,False,,0,False,1,4,"香勝燒蘭紅勝霞
城中最數令公家
人人散後君須看
歸到江南無此花","看渾家牡丹花戲贈李二十香勝燒蘭紅勝霞
城中最數令公家
人人散後君須看
歸到江南無此花",42
628,poem,628,卷十三,,,雜律詩,春中與盧四周諒華陽觀同居,,,628,revised_jsonl_direct,0629,805,revised_jsonl,笺；新唐书；春题华阳观；春夜谯五岳图文诗；八哀诗；送王颖悟归左绵；九九消夏录；长庆集；春中与卢四周谅华阳观同居；寻王道士药堂；庄子；神仙传；西明寺牡丹花时忆元九,庄子；神仙传,2,True,,0,False,1,8,"性情懶慢好相親
門巷蕭條稱作鄰
背燭共憐深夜月
踏花同惜少年春
杏壇住僻雖宜病
芸閣官微不救貧
文行如君尚憔悴
不知霄漢待何人","春中與盧四周諒華陽觀同居性情懶慢好相親
門巷蕭條稱作鄰
背燭共憐深夜月
踏花同惜少年春
杏壇住僻雖宜病
芸閣官微不救貧
文行如君尚憔悴
不知霄漢待何人",75
629,poem,629,卷十三,,,雜律詩,自城東至以詩代書戲招李六拾遺崔二十六先輩,,,629,revised_jsonl_direct,0630,806,revised_jsonl,笺；华阳观桃花时招李六拾遗饮；寄隐者；代书诗一百韵寄微之,,0,False,,0,False,1,8,"青門走馬趁心期
惆悵歸來已校遲
應過唐昌玉蘂後
猶當崇敬牡丹時
暫遊還憶崔先輩
欲醉先邀李拾遺
尚殘半月芸香俸
不作歸糧作酒資","自城東至以詩代書戲招李六拾遺崔二十六先輩青門走馬趁心期
惆悵歸來已校遲
應過唐昌玉蘂後
猶當崇敬牡丹時
暫遊還憶崔先輩
欲醉先邀李拾遺
尚殘半月芸香俸
不作歸糧作酒資",83
630,poem,630,卷十三,,,雜律詩,盩厔縣北樓望山,,,630,revised_jsonl_direct,0631,806,revised_jsonl,谱；笺；观刈麦,,0,False,,0,False,1,4,"一爲趨走吏
塵土不開顔
辜負平生眼
今朝始見山","盩厔縣北樓望山一爲趨走吏
塵土不開顔
辜負平生眼
今朝始見山",30
631,poem,631,卷十三,,,雜律詩,縣西郊秋寄贈馬造,,,631,revised_jsonl_direct,0632,806,revised_jsonl,笺；答马侍御见赠；宿紫阁山北村,,0,False,,0,False,1,6,"紫閣峰西清渭東
野煙深處夕陽中
風荷老葉蕭條綠
水蓼殘花寂寞紅
我厭宦遊君失意
可憐秋思兩心同","縣西郊秋寄贈馬造紫閣峰西清渭東
野煙深處夕陽中
風荷老葉蕭條綠
水蓼殘花寂寞紅
我厭宦遊君失意
可憐秋思兩心同",55
632,poem,632,卷十三,,,雜律詩,别韋蘇,,,632,revised_jsonl_direct,0633,807,revised_jsonl,笺,,0,False,,0,False,1,4,"百年愁裏過
萬感醉中來
惆悵城西别
愁眉兩不開","别韋蘇百年愁裏過
萬感醉中來
惆悵城西别
愁眉兩不開",26
633,poem,633,卷十三,,,雜律詩,戲題新栽薔薇,,,633,revised_jsonl_direct,0634,807,revised_jsonl,笺；旧唐书；通鉴；容斋随笔,,0,False,,0,False,1,4,"移根易地莫憔悴
野外庭前一種春
少府無妻春寂寞
花開將爾當夫人","戲題新栽薔薇移根易地莫憔悴
野外庭前一種春
少府無妻春寂寞
花開將爾當夫人",37
634,poem,634,卷十三,,,雜律詩,酬王十八李大見招遊山,,,634,revised_jsonl_direct,0635,806,revised_jsonl,笺；招王质夫,,0,False,,0,False,1,4,"自憐幽會心期阻
復愧嘉招書信頻
王事牽身去不得
滿山松雪屬他人","酬王十八李大見招遊山自憐幽會心期阻
復愧嘉招書信頻
王事牽身去不得
滿山松雪屬他人",41
635,poem,635,卷十三,,,雜律詩,縣南花下醉中留劉五,,,635,revised_jsonl_direct,0636,807,revised_jsonl,笺；醉后走笔酬刘五主簿长句之赠兼简张大贾二十四先辈昆季；幽明录,,0,False,,0,False,1,4,"百歲幾迴同酩酊
一年今日最芳菲
願將花贈天台女
留取劉郎到夜歸","縣南花下醉中留劉五百歲幾迴同酩酊
一年今日最芳菲
願將花贈天台女
留取劉郎到夜歸",40
636,poem,636,卷十三,,,雜律詩,宿楊家,,,636,revised_jsonl_direct,0637,807,revised_jsonl,笺；唐两京城坊考；旧唐书；与杨虞卿书；白氏文集,,0,False,,0,False,1,4,"楊氏弟兄俱醉卧
披衣獨起下高齋
夜深不語中庭立
月照藤花影上階","宿楊家楊氏弟兄俱醉卧
披衣獨起下高齋
夜深不語中庭立
月照藤花影上階",34
637,poem,637,卷十三,,,雜律詩,醉中留别楊六兄弟,,,637,revised_jsonl_direct,0638,807,revised_jsonl,笺,,0,False,,0,False,1,4,"春初攜手春深散
無日花間不醉狂
别後何人堪共醉
猶殘十日好風光","醉中留别楊六兄弟春初攜手春深散
無日花間不醉狂
别後何人堪共醉
猶殘十日好風光",39
638,poem,638,卷十三,,,雜律詩,醉中歸盩厔,,,638,revised_jsonl_direct,0639,807,revised_jsonl,笺；长安志；唐两京城坊考,,0,False,,0,False,1,4,"金光門外昆明路
半醉騰騰信馬迴
數日非關王事繫
牡丹花盡始歸來","醉中歸盩厔金光門外昆明路
半醉騰騰信馬迴
數日非關王事繫
牡丹花盡始歸來",36
639,poem,639,卷十三,,,雜律詩,遊雲居寺贈穆三十六地主,,,639,revised_jsonl_direct,0640,807,revised_jsonl,笺；云居寺孤桐；寄王质夫,,0,False,,0,False,1,4,"亂峰深處雲居路
共踏花行獨惜春
勝地本來無定主
大都山屬愛山人","遊雲居寺贈穆三十六地主亂峰深處雲居路
共踏花行獨惜春
勝地本來無定主
大都山屬愛山人",42
640,poem,640,卷十三,,,雜律詩,和王十八薔薇澗花時有懷蕭侍御兼見贈,,,640,revised_jsonl_direct,0641,807,revised_jsonl,笺；酬王十八李大见招游山；见萧侍御忆旧山草堂诗因以继和,,0,False,,0,False,1,4,"霄漢風塵俱是繫
薔薇花委故山深
憐君獨向澗中立
一把紅芳三處心","和王十八薔薇澗花時有懷蕭侍御兼見贈霄漢風塵俱是繫
薔薇花委故山深
憐君獨向澗中立
一把紅芳三處心",48
641,poem,641,卷十三,,,雜律詩,再因公事到駱口驛,,,641,revised_jsonl_direct,0642,807,revised_jsonl,笺；祗役骆口因与王质夫同游秋山偶题三韵,,0,False,,0,False,1,4,"今年到時夏雲白
去年來時秋樹紅
兩度見山心有愧
皆因王事到山中","再因公事到駱口驛今年到時夏雲白
去年來時秋樹紅
兩度見山心有愧
皆因王事到山中",39
642,poem,642,卷十三,,,雜律詩,期李二十文略王十八質夫不至獨宿仙遊寺,,,642,revised_jsonl_direct,0643,807,revised_jsonl,笺,,0,False,,0,False,1,4,"文略也從牽吏役
質夫何故戀囂塵
始知解愛山中宿
千萬人中無一人","期李二十文略王十八質夫不至獨宿仙遊寺文略也從牽吏役
質夫何故戀囂塵
始知解愛山中宿
千萬人中無一人",49
643,poem,643,卷十三,,,雜律詩,酬趙秀才贈新登科諸先輩,,,643,revised_jsonl_direct,0644,807,revised_jsonl,笺；梦仙,,0,False,,0,False,1,4,"莫羡蓬萊鸞鶴侶
道成羽翼自生身
君看名在丹臺者
盡是人間修道人","酬趙秀才贈新登科諸先輩莫羡蓬萊鸞鶴侶
道成羽翼自生身
君看名在丹臺者
盡是人間修道人",42
644,poem,644,卷十三,,,雜律詩,過天門街,,,644,revised_jsonl_direct,0645,807,revised_jsonl,笺；唐两京城坊考；游城南记；天门街望云；咏铜柱,,0,False,,0,False,1,4,"雪盡終南又欲春
遥憐翠色對紅塵
千車萬馬九衢上
迴首看山無一人","過天門街雪盡終南又欲春
遥憐翠色對紅塵
千車萬馬九衢上
迴首看山無一人",35
645,poem,645,卷十三,,,雜律詩,惜玉蘂花有懷集賢王校書起,,,645,revised_jsonl_direct,0646,807,revised_jsonl,笺；白牡丹；常乐里闲居偶题十六韵,,0,False,,0,False,1,4,"芳意將闌風又吹
白雲離葉雪辭枝
集賢讎校無閑日
落盡瑶花君不知","惜玉蘂花有懷集賢王校書起芳意將闌風又吹
白雲離葉雪辭枝
集賢讎校無閑日
落盡瑶花君不知",43
646,poem,646,卷十三,,,雜律詩,春送盧秀才下第遊太原謁嚴尚書,,,646,revised_jsonl_direct,0647,807,revised_jsonl,笺；旧唐书；严绶传；翰林学士壁记注补；元氏长庆集；严绶行状；新唐书,,0,False,,0,False,1,8,"未將時會合
且與俗浮沈
鴻養青冥翮
蛟潛雲雨心
煙郊春别遠
風磧暮程深
墨客投何處
并州舊翰林","春送盧秀才下第遊太原謁嚴尚書未將時會合
且與俗浮沈
鴻養青冥翮
蛟潛雲雨心
煙郊春别遠
風磧暮程深
墨客投何處
并州舊翰林",61
647,poem,647,卷十三,,,雜律詩,長安送柳大東歸,,,647,revised_jsonl_direct,0648,807,revised_jsonl,笺；伤友；寄隐者,,0,False,,0,False,1,4,"白社羈遊伴
青門遠别離
浮名相引住
歸路不同歸","長安送柳大東歸白社羈遊伴
青門遠别離
浮名相引住
歸路不同歸",30
648,poem,648,卷十三,,,雜律詩,送文暢上人東遊,,,648,revised_jsonl_direct,0649,807,revised_jsonl,笺；宋高僧传；送文畅上人东游；文苑英华；坛经；景德传灯录；从游天中寺应令诗；蓝田山石门精舍；高僧传；翻译名义集；会正记；四分律删繁补阙行事钞；律僧,,0,False,,0,False,1,8,"得道即無著
隨緣西復東
貌依年臘老
心到夜禪空
山宿馴溪虎
江行濾水蟲
悠悠塵客思
春滿碧雲中","送文暢上人東遊得道即無著
隨緣西復東
貌依年臘老
心到夜禪空
山宿馴溪虎
江行濾水蟲
悠悠塵客思
春滿碧雲中",54
649,poem,649,卷十三,,,雜律詩,社日關路作,,,649,revised_jsonl_direct,0650,800,revised_jsonl,笺；出关路；路旁堠；堠子；入唐求法巡礼行记；秋兴赋序,,0,False,,0,False,1,8,"晚景函關路
凉風社日天
青巖新有燕
紅樹欲無蟬
愁立驛樓上
厭行官堠前
蕭條秋興苦
漸近二毛年","社日關路作晚景函關路
凉風社日天
青巖新有燕
紅樹欲無蟬
愁立驛樓上
厭行官堠前
蕭條秋興苦
漸近二毛年",52
650,poem,650,卷十三,,,雜律詩,重到毓材宅有感,,,650,revised_jsonl_direct,0651,800,revised_jsonl,笺；唐两京城坊考；唐代墓志汇编；唐故中大夫太子内直监白府君（羡言）墓志铭；故巩县令白府君事状；白氏文集,,0,False,,0,False,1,4,"欲入中門淚滿巾
庭花無主兩迴春
軒窗簾幕皆依舊
只是堂前欠一人","重到毓材宅有感欲入中門淚滿巾
庭花無主兩迴春
軒窗簾幕皆依舊
只是堂前欠一人",38
651,poem,651,卷十三,,,雜律詩,亂後過流溝寺,,,651,revised_jsonl_direct,0652,800,revised_jsonl,笺；醉后走笔酬刘五主簿长句之赠兼简张大贾二十四先辈昆季；旧唐书；张建封传,,0,False,,0,False,1,4,"九月徐州新戰後
悲風殺氣滿山河
唯有流溝山下寺
門前依舊白雲多","亂後過流溝寺九月徐州新戰後
悲風殺氣滿山河
唯有流溝山下寺
門前依舊白雲多",37
652,poem,652,卷十三,,,雜律詩,歎髮落,,,652,revised_jsonl_direct,0653,801,revised_jsonl,笺,,0,False,,0,False,1,4,"多病多愁心自知
行年未老髮先衰
隨梳落去何須惜
不落終須變作絲","歎髮落多病多愁心自知
行年未老髮先衰
隨梳落去何須惜
不落終須變作絲",34
653,poem,653,卷十三,,,雜律詩,留别吳七正字,,,653,revised_jsonl_direct,0654,803,revised_jsonl,笺；赠吴丹,,0,False,,0,False,1,4,"成名共記甲科上
署吏同登芸閣間
唯是塵心殊道性
秋蓬常轉水長閑","留别吳七正字成名共記甲科上
署吏同登芸閣間
唯是塵心殊道性
秋蓬常轉水長閑",37
654,poem,654,卷十三,,,雜律詩,除夜宿洺州,,,654,revised_jsonl_direct,0655,804,revised_jsonl,笺；旧唐书,,0,False,,0,False,1,4,"家寄關西住
身爲河北遊
蕭條歲除夜
旅泊在洺州","除夜宿洺州家寄關西住
身爲河北遊
蕭條歲除夜
旅泊在洺州",28
655,poem,655,卷十三,,,雜律詩,邯鄲冬至夜思家,,,655,revised_jsonl_direct,0656,804,revised_jsonl,笺；旧唐书,,0,False,,0,False,1,4,"邯鄲驛裏逢冬至
抱膝燈前影伴身
想得家中夜深坐
還應説著遠行人","邯鄲冬至夜思家邯鄲驛裏逢冬至
抱膝燈前影伴身
想得家中夜深坐
還應説著遠行人",38
656,poem,656,卷十三,,,雜律詩,冬至夜懷湘靈,,,656,revised_jsonl_direct,0657,804,revised_jsonl,笺；感情,,0,False,,0,False,1,4,"艶質無由見
寒衾不可親
何堪最長夜
俱作獨眠人","冬至夜懷湘靈艶質無由見
寒衾不可親
何堪最長夜
俱作獨眠人",29
657,poem,657,卷十三,,,雜律詩,感故張僕射諸妓,,,657,revised_jsonl_direct,0658,806,revised_jsonl,笺；燕子楼诗序；旧唐书；尧山堂外记；感故张仆射诸妓；丽情集；燕子楼；唐诗纪事；燕子楼三首,,0,False,,0,False,1,4,"黄金不惜買蛾眉
揀得如花三四枝
歌舞教成心力盡
一朝身去不相隨","感故張僕射諸妓黄金不惜買蛾眉
揀得如花三四枝
歌舞教成心力盡
一朝身去不相隨",38
658,poem,658,卷十三,,,雜律詩,遊仙遊山,,,658,revised_jsonl_direct,0659,806,revised_jsonl,笺；秋霖中过尹纵之仙游山居；赠杓直,,0,False,,0,False,1,4,"闇將心地出人間
五六年來人怪閑
自嫌戀著未全盡
猶愛雲泉多在山","遊仙遊山闇將心地出人間
五六年來人怪閑
自嫌戀著未全盡
猶愛雲泉多在山",35
659,poem,659,卷十三,,,雜律詩,見尹公亮新詩偶贈絶句,,,659,revised_jsonl_direct,0660,806,revised_jsonl,笺；秋霖中过尹纵之仙游山居；诗,诗,1,True,,0,False,1,4,"袖裏新詩十首餘
吟看句句是瓊琚
如何持此將干謁
不及公卿一字書","見尹公亮新詩偶贈絶句袖裏新詩十首餘
吟看句句是瓊琚
如何持此將干謁
不及公卿一字書",41
660,poem,660,卷十三,,,雜律詩,長安閑居,,,660,revised_jsonl_direct,0661,802,revised_jsonl,笺,,0,False,,0,False,1,4,"風竹松煙晝掩關
意中長似在深山
無人不怪長安住
何獨朝朝暮暮閑","長安閑居風竹松煙晝掩關
意中長似在深山
無人不怪長安住
何獨朝朝暮暮閑",35
661,poem,661,卷十三,,,雜律詩,早春獨遊曲江,,,661,revised_jsonl_direct,0662,803,revised_jsonl,谱；笺；代书诗一百韵寄微之；西明寺牡丹花时忆元九,,0,False,,0,False,1,20,"散職無羈束
羸驂少送迎
朝從直城出
春傍曲江行
風起池東暖
雲開山北晴
冰銷泉脉動
雪盡草牙生
露杏紅初坼
烟楊綠未成
影遲新度雁
聲澀欲啼鶯
閑地心俱靜
韶光眼共明
酒狂憐性逸
藥效喜身輕
慵慢疏人事
幽棲遂野情
迴看芸閣笑
不似有浮名","早春獨遊曲江散職無羈束
羸驂少送迎
朝從直城出
春傍曲江行
風起池東暖
雲開山北晴
冰銷泉脉動
雪盡草牙生
露杏紅初坼
烟楊綠未成
影遲新度雁
聲澀欲啼鶯
閑地心俱靜
韶光眼共明
酒狂憐性逸
藥效喜身輕
慵慢疏人事
幽棲遂野情
迴看芸閣笑
不似有浮名",125
662,poem,662,卷十三,,,雜律詩,秘書省中憶舊山,,,662,revised_jsonl_direct,0663,803,revised_jsonl,笺；常乐里闲居偶题十六韵；游仙诗；漆园；文选；北山移文,游仙诗,1,True,,0,False,1,4,"厭從薄宦校青簡
悔别故山思白雲
猶喜蘭臺非傲吏
歸時應免動移文","秘書省中憶舊山厭從薄宦校青簡
悔别故山思白雲
猶喜蘭臺非傲吏
歸時應免動移文",38
663,poem,663,卷十三,,,雜律詩,凉夜有懷,,,663,revised_jsonl_direct,0664,800,revised_jsonl,笺；冬至夜怀湘灵,,0,False,,0,False,1,4,"清風吹枕席
白露濕衣裳
好是相親夜
漏遲天氣凉","凉夜有懷清風吹枕席
白露濕衣裳
好是相親夜
漏遲天氣凉",27
664,poem,664,卷十三,,,雜律詩,送武士曹歸蜀,,,664,revised_jsonl_direct,0665,806,revised_jsonl,谱；笺；旧唐书；代书诗一百韵寄微之；自江陵之徐州路上寄兄弟,,0,False,,0,False,1,8,"花落鳥嚶嚶
南歸稱野情
月宜秦嶺宿
春好蜀江行
鄉路通雲棧
郊扉近錦城
烏臺陟岡送
人羨别時榮","送武士曹歸蜀花落鳥嚶嚶
南歸稱野情
月宜秦嶺宿
春好蜀江行
鄉路通雲棧
郊扉近錦城
烏臺陟岡送
人羨别時榮",53
665,poem,665,卷十三,,,雜律詩,江南送北客因憑寄徐州兄弟書,,,665,revised_jsonl_direct,0666,786,revised_jsonl,谱；笺；吴郡诗石记；白氏文集；韦应物系年考证；唐代诗人丛考；襄州别驾府君事状,,0,False,,0,False,1,4,"故園望斷欲何如
楚水吳山萬里餘
今日因君訪兄弟
數行鄉淚一封書","江南送北客因憑寄徐州兄弟書故園望斷欲何如
楚水吳山萬里餘
今日因君訪兄弟
數行鄉淚一封書",44
666,poem,666,卷十三,,,雜律詩,賦得古原草送别,,,666,revised_jsonl_direct,0667,787,revised_jsonl,谱；笺；旧唐书；唐摭言；赋得原上草送友人；幽闲鼓吹；顾况考；唐代诗人丛考；登景阳楼诗；送孔江州；楚辞,楚辞,1,True,,0,False,1,8,"離離原上草
一歲一枯榮
野火燒不盡
春風吹又生
遠芳侵古道
晴翠接荒城
又送王孫去
萋萋滿别情","賦得古原草送别離離原上草
一歲一枯榮
野火燒不盡
春風吹又生
遠芳侵古道
晴翠接荒城
又送王孫去
萋萋滿别情",54
667,poem,667,卷十三,,,雜律詩,夜哭李夷道,,,667,revised_jsonl_direct,0668,800,revised_jsonl,笺；挽歌诗三首；文选；楚辞；哭苗员外呈张参军；赠郑国庄穆公主挽歌二首,楚辞,1,True,,0,False,1,6,"逝者絶影響
空庭朝復昏
家人哀臨畢
夜鎖壽堂門
無妻無子何人葬
空見銘旌向月翻","夜哭李夷道逝者絶影響
空庭朝復昏
家人哀臨畢
夜鎖壽堂門
無妻無子何人葬
空見銘旌向月翻",44
668,poem,668,卷十三,,,雜律詩,病中作,,,668,revised_jsonl_direct,0669,789,revised_jsonl,谱；笺；劳生论；庄子；老子,庄子；老子,2,True,,0,False,1,4,"久爲勞生事
不學攝生道
少年已多病
此身豈堪老","病中作久爲勞生事
不學攝生道
少年已多病
此身豈堪老",26
669,poem,669,卷十三,,,雜律詩,秋江晚泊,,,669,revised_jsonl_direct,0670,800,revised_jsonl,笺,,0,False,,0,False,1,6,"扁舟泊雲島
倚棹念鄉國
四望不見人
煙江澹秋色
客心貧易動
日入愁未息","秋江晚泊扁舟泊雲島
倚棹念鄉國
四望不見人
煙江澹秋色
客心貧易動
日入愁未息",39
670,poem,670,卷十三,,,雜律詩,旅次景空寺宿幽上人院,,,670,revised_jsonl_direct,0671,800,revised_jsonl,笺；襄州景空寺题融上人兰若；游景空寺兰若；奉和圣制同皇太子游慈恩寺应制；游琅琊山寺,,0,False,,0,False,1,8,"不與人境接
寺門開向山
暮鐘鳴鳥聚
秋雨病僧閑
月隱雲樹外
螢飛廊宇間
幸投花界宿
暫得靜心顔","旅次景空寺宿幽上人院不與人境接
寺門開向山
暮鐘鳴鳥聚
秋雨病僧閑
月隱雲樹外
螢飛廊宇間
幸投花界宿
暫得靜心顔",57
671,poem,671,卷十三,,,雜律詩,長安正月十五日,,,671,revised_jsonl_direct,0672,800,revised_jsonl,笺；代书诗一百韵寄微之,,0,False,,0,False,1,4,"諠諠車騎帝王州
羈病無心逐勝遊
明月春風三五夜
萬人行樂一人愁","長安正月十五日諠諠車騎帝王州
羈病無心逐勝遊
明月春風三五夜
萬人行樂一人愁",38
672,poem,672,卷十三,,,雜律詩,過高將軍墓,,,672,revised_jsonl_direct,0673,800,revised_jsonl,笺；题故曹王宅,,0,False,,0,False,1,6,"原上新墳委一身
城中舊宅有何人
妓堂賓閣無歸日
野草山花又欲春
門客空將感恩淚
白楊風裏一霑巾","過高將軍墓原上新墳委一身
城中舊宅有何人
妓堂賓閣無歸日
野草山花又欲春
門客空將感恩淚
白楊風裏一霑巾",52
673,poem,673,卷十三,,,雜律詩,寒食卧病,,,673,revised_jsonl_direct,0674,800,revised_jsonl,笺,,0,False,,0,False,1,6,"病逢佳節長歎息
春雨濛濛榆柳色
羸坐全非舊日容
扶行半是他人力
諠諠里巷踏青歸
笑閉柴門度寒食","寒食卧病病逢佳節長歎息
春雨濛濛榆柳色
羸坐全非舊日容
扶行半是他人力
諠諠里巷踏青歸
笑閉柴門度寒食",51
674,poem,674,卷十三,,,雜律詩,宿桐廬館同崔存度醉後作,,,674,revised_jsonl_direct,0675,800,revised_jsonl,笺；江南送北客因凭寄徐州兄弟书；旧唐书,,0,False,,0,False,1,4,"江海漂漂共旅遊
一樽相勸散窮愁
夜深醒後愁還在
雨滴梧桐山館秋","宿桐廬館同崔存度醉後作江海漂漂共旅遊
一樽相勸散窮愁
夜深醒後愁還在
雨滴梧桐山館秋",42
675,poem,675,卷十三,,,雜律詩,江樓望歸,,,675,revised_jsonl_direct,0676,786,revised_jsonl,谱；笺；书；故巩县令白府君事状；白氏文集,书,1,True,,0,False,1,8,"滿眼雲水色
月明樓上人
旅愁春入越
鄉夢夜歸秦
道路通荒服
田園隔虜塵
悠悠滄海畔
十載避黄巾","江樓望歸滿眼雲水色
月明樓上人
旅愁春入越
鄉夢夜歸秦
道路通荒服
田園隔虜塵
悠悠滄海畔
十載避黄巾",51
676,poem,676,卷十三,,,雜律詩,除夜寄弟妹,,,676,revised_jsonl_direct,0677,787,revised_jsonl,谱；笺；江南送北客因凭寄徐州兄弟书,,0,False,,0,False,1,8,"感時思弟妹
不寐百憂生
萬里經年别
孤燈此夜情
病容非舊日
歸思逼新正
早晚重歡會
羈離各長成","除夜寄弟妹感時思弟妹
不寐百憂生
萬里經年别
孤燈此夜情
病容非舊日
歸思逼新正
早晚重歡會
羈離各長成",52
677,poem,677,卷十三,,,雜律詩,寒食月夜,,,677,revised_jsonl_direct,0678,800,revised_jsonl,笺,,0,False,,0,False,1,4,"風香露重梨花濕
草舍無燈愁未入
南鄰北里歌吹時
獨倚柴門月中立","寒食月夜風香露重梨花濕
草舍無燈愁未入
南鄰北里歌吹時
獨倚柴門月中立",35
678,poem,678,卷十三,,,雜律詩,感芍藥花寄正一上人,,,678,revised_jsonl_direct,0679,800,revised_jsonl,笺；楞严经；圆觉经；维摩经,,0,False,,0,False,1,6,"今日階前紅芍藥
幾花欲老幾花新
開時不解比色相
落後始知如幻身
空門此去幾多地
欲把殘花問上人","感芍藥花寄正一上人今日階前紅芍藥
幾花欲老幾花新
開時不解比色相
落後始知如幻身
空門此去幾多地
欲把殘花問上人",56
679,poem,679,卷十三,,,雜律詩,晚秋閑居,,,679,revised_jsonl_direct,0680,800,revised_jsonl,笺,,0,False,,0,False,1,4,"地僻門深少送迎
披衣閑坐養幽情
秋庭不掃攜藤杖
閑踏梧桐黄葉行","晚秋閑居地僻門深少送迎
披衣閑坐養幽情
秋庭不掃攜藤杖
閑踏梧桐黄葉行",35
680,poem,680,卷十三,,,雜律詩,秋暮郊居書懷,,,680,revised_jsonl_direct,0681,800,revised_jsonl,笺,,0,False,,0,False,1,8,"郊居人事少
晝卧對林巒
窮巷厭多雨
貧家愁早寒
葛衣秋未換
書卷病仍看
若問生涯計
前溪一釣竿","秋暮郊居書懷郊居人事少
晝卧對林巒
窮巷厭多雨
貧家愁早寒
葛衣秋未換
書卷病仍看
若問生涯計
前溪一釣竿",53
681,poem,681,卷十三,,,雜律詩,爲薛台悼亡,,,681,revised_jsonl_direct,0682,800,revised_jsonl,笺；对床夜话；悼亡,,0,False,,0,False,1,4,"半死梧桐老病身
重泉一念一傷神
手攜稚子夜歸院
月冷房空不見人","爲薛台悼亡半死梧桐老病身
重泉一念一傷神
手攜稚子夜歸院
月冷房空不見人",36
682,poem,682,卷十三,,,雜律詩,途中寒食,,,682,revised_jsonl_direct,0683,800,revised_jsonl,笺,,0,False,,0,False,1,4,"路旁寒食行人盡
獨占春愁在路旁
馬上垂鞭愁不語
風吹百草野田香","途中寒食路旁寒食行人盡
獨占春愁在路旁
馬上垂鞭愁不語
風吹百草野田香",35
683,poem,683,卷十三,,,雜律詩,題流溝寺古松,,,683,revised_jsonl_direct,0684,800,revised_jsonl,笺；乱后过流沟寺,,0,False,,0,False,1,4,"煙葉葱蘢蒼麈尾
霜皮駮落紫龍鳞
欲知松老看塵壁
死却題詩幾許人","題流溝寺古松煙葉葱蘢蒼麈尾
霜皮駮落紫龍鳞
欲知松老看塵壁
死却題詩幾許人",37
684,poem,684,卷十三,,,雜律詩,感月悲逝者,,,684,revised_jsonl_direct,0685,800,revised_jsonl,笺,,0,False,,0,False,1,4,"存亡感月一潸然
月色今宵似往年
何處曾經同望月
櫻桃樹下後堂前","感月悲逝者存亡感月一潸然
月色今宵似往年
何處曾經同望月
櫻桃樹下後堂前",36
685,poem,685,卷十三,,,雜律詩,代鄰叟言懷,,,685,revised_jsonl_direct,0686,800,revised_jsonl,笺,,0,False,,0,False,1,4,"人生何事心無定
宿昔如今意不同
宿昔愁身不得老
如今恨作白頭翁","代鄰叟言懷人生何事心無定
宿昔如今意不同
宿昔愁身不得老
如今恨作白頭翁",36
686,poem,686,卷十三,,,雜律詩,自河南經亂關内阻飢兄弟離散各在一處因望月有感聊書所懷寄上浮梁大兄於潛七兄烏江十五兄兼示符離及下邽弟妹,,,686,revised_jsonl_direct,0687,799,revised_jsonl,笺；旧唐书；伤远行赋；白氏文集；祭浮梁大兄文；唐故溧水县令太原白府君墓志铭；新唐书；祭乌江十五兄文；襄州别驾府君事状；故巩县令白府君事状；江南通志；祭十五兄文；醉后走笔酬刘五主簿长句之赠兼简张大贾二十四先辈昆季；与微之书；祭符离六兄文,,0,False,,0,False,1,8,"時難年饑世業空
弟兄羈旅各西東
田園寥落干戈後
骨肉流離道路中
弔影分爲千里鴈
辭根散作九秋蓬
共看明月應垂淚
一夜鄉心五處同","自河南經亂關内阻飢兄弟離散各在一處因望月有感聊書所懷寄上浮梁大兄於潛七兄烏江十五兄兼示符離及下邽弟妹時難年饑世業空
弟兄羈旅各西東
田園寥落干戈後
骨肉流離道路中
弔影分爲千里鴈
辭根散作九秋蓬
共看明月應垂淚
一夜鄉心五處同",113
687,poem,687,卷十三,,,雜律詩,長安早春旅懷,,,687,revised_jsonl_direct,0688,800,revised_jsonl,笺,,0,False,,0,False,1,8,"軒車歌吹諠都邑
中有一人向隅立
夜深明月卷簾愁
日暮青山望鄉泣
風吹新綠草牙拆
雨灑輕黄柳條濕
此生知負少年春
不展愁眉欲三十","長安早春旅懷軒車歌吹諠都邑
中有一人向隅立
夜深明月卷簾愁
日暮青山望鄉泣
風吹新綠草牙拆
雨灑輕黄柳條濕
此生知負少年春
不展愁眉欲三十",69
688,poem,688,卷十三,,,雜律詩,寒閨夜,,,688,revised_jsonl_direct,0689,800,revised_jsonl,笺；寄湘灵,,0,False,,0,False,1,6,"夜半衾裯冷
孤眠懶未能
籠香銷盡火
巾淚滴成冰
爲惜影相伴
通宵不滅燈","寒閨夜夜半衾裯冷
孤眠懶未能
籠香銷盡火
巾淚滴成冰
爲惜影相伴
通宵不滅燈",38
689,poem,689,卷十三,,,雜律詩,寄湘靈,,,689,revised_jsonl_direct,0690,800,revised_jsonl,笺；冬至夜怀湘灵,,0,False,,0,False,1,4,"淚眼凌寒凍不流
每經高處即迴頭
遥知别後西樓上
應凭欄干獨自愁","寄湘靈淚眼凌寒凍不流
每經高處即迴頭
遥知别後西樓上
應凭欄干獨自愁",34
690,poem,690,卷十三,,,雜律詩,冬至宿楊梅館,,,690,revised_jsonl_direct,0691,800,revised_jsonl,笺；古今图书集成,,0,False,,0,False,1,4,"十一月中長至夜
三千里外遠行人
若爲獨宿楊梅館
冷枕單牀一病身","冬至宿楊梅館十一月中長至夜
三千里外遠行人
若爲獨宿楊梅館
冷枕單牀一病身",37
691,poem,691,卷十三,,,雜律詩,臨江送夏瞻,,,691,revised_jsonl_direct,0692,800,revised_jsonl,笺,,0,False,,0,False,1,4,"悲君老别我霑巾
七十無家萬里身
愁見舟行風又起
白頭浪裏白頭人","臨江送夏瞻悲君老别我霑巾
七十無家萬里身
愁見舟行風又起
白頭浪裏白頭人",36
692,poem,692,卷十三,,,雜律詩,冬夜示敏巢,,,692,revised_jsonl_direct,0693,800,revised_jsonl,笺；敦煌变文字义通释,,0,False,,0,False,1,4,"爐火欲銷燈欲盡
夜長相對百憂生
他時諸處重相見
莫忘今宵燈下情","冬夜示敏巢爐火欲銷燈欲盡
夜長相對百憂生
他時諸處重相見
莫忘今宵燈下情",36
693,poem,693,卷十三,,,雜律詩,客中守歲,,,693,revised_jsonl_direct,0694,800,revised_jsonl,笺,,0,False,,0,False,1,8,"守歲樽無酒
思鄉淚滿巾
始知爲客苦
不及在家貧
畏老偏驚節
防愁預惡春
故園今夜裏
應念未歸人","客中守歲守歲樽無酒
思鄉淚滿巾
始知爲客苦
不及在家貧
畏老偏驚節
防愁預惡春
故園今夜裏
應念未歸人",51
694,poem,694,卷十三,,,雜律詩,問淮水,,,694,revised_jsonl_direct,0695,800,revised_jsonl,笺,,0,False,,0,False,1,4,"自嗟名利客
擾擾在人間
何事長淮水
東流亦不閑","問淮水自嗟名利客
擾擾在人間
何事長淮水
東流亦不閑",26
695,poem,695,卷十三,,,雜律詩,宿樟亭驛,,,695,revised_jsonl_direct,0696,800,revised_jsonl,笺；咸淳临安志；舆地志；梦粱录；往驿访杨旧曾赋诗；赴杭州重宿棣华驿见杨八旧诗,,0,False,,0,False,1,4,"夜半樟亭驛
愁人起望鄉
月明何所見
潮水白茫茫","宿樟亭驛夜半樟亭驛
愁人起望鄉
月明何所見
潮水白茫茫",27
696,poem,696,卷十三,,,雜律詩,及第後憶舊山,,,696,revised_jsonl_direct,0697,800,revised_jsonl,笺；谱；唐登科记；史记；子虚赋；天子游猎赋；楚辞；招隐士,史记；楚辞,2,True,,0,False,1,4,"偶獻子虛登上第
却吟招隱憶中林
春蘿秋桂莫惆悵
縱有浮名不繫心","及第後憶舊山偶獻子虛登上第
却吟招隱憶中林
春蘿秋桂莫惆悵
縱有浮名不繫心",37
697,poem,697,卷十三,,,雜律詩,題李次雲窗竹,,,697,revised_jsonl_direct,0698,800,revised_jsonl,笺,,0,False,,0,False,1,4,"不用裁爲鳴鳳管
不須截作釣魚竿
千花百草凋零後
留向紛紛雪裏看","題李次雲窗竹不用裁爲鳴鳳管
不須截作釣魚竿
千花百草凋零後
留向紛紛雪裏看",37
698,poem,698,卷十三,,,雜律詩,花下自勸酒,,,698,revised_jsonl_direct,0699,801,revised_jsonl,笺,,0,False,,0,False,1,4,"酒盞酌來須滿滿
花枝看即落紛紛
莫言三十是年少
百歲三分已一分","花下自勸酒酒盞酌來須滿滿
花枝看即落紛紛
莫言三十是年少
百歲三分已一分",36
699,poem,699,卷十三,,,雜律詩,題李十一東亭,,,699,revised_jsonl_direct,0700,808,revised_jsonl,笺；寄李十一；赠工部尚书李公墓志铭；旧书宪宗纪,,0,False,,0,False,1,4,"相思夕上松臺立
蛬思蟬聲滿耳秋
惆悵東亭風月好
主人今夜在鄜州","題李十一東亭相思夕上松臺立
蛬思蟬聲滿耳秋
惆悵東亭風月好
主人今夜在鄜州",37
700,poem,700,卷十三,,,雜律詩,春村,,,700,revised_jsonl_direct,0701,800,revised_jsonl,笺；礼记,礼记,1,True,,0,False,1,8,"二月村園暖
桑間戴勝飛
農夫舂舊穀
蠶妾禱新衣
牛馬因風遠
雞豚過社稀
黄昏林下路
鼓笛賽神歸","春村二月村園暖
桑間戴勝飛
農夫舂舊穀
蠶妾禱新衣
牛馬因風遠
雞豚過社稀
黄昏林下路
鼓笛賽神歸",49
701,poem,701,卷十三,,,雜律詩,題施山人野居,,,701,revised_jsonl_direct,0702,800,revised_jsonl,笺；送文畅上人东游,,0,False,,0,False,1,8,"得道應無著
謀生亦不妨
春泥秧稻暖
夜火焙茶香
水巷風塵少
松齋日月長
高閑真是貴
何處覓侯王","題施山人野居得道應無著
謀生亦不妨
春泥秧稻暖
夜火焙茶香
水巷風塵少
松齋日月長
高閑真是貴
何處覓侯王",53
702,poem,702,卷十四,,,雜律詩,翰林中送獨孤二十七起居罷職出院,,,702,revised_jsonl_direct,0703,810,revised_jsonl,笺；唐故独孤秘书少监赠绛州刺史独孤府君墓志铭；旧唐书；早朝贺雪寄陈山人；翰林志；楞伽经；长安志；雍录；杏花,,0,False,,0,False,1,4,"碧落留雲住
青冥放鶴還
銀臺向南路
從此到人間","翰林中送獨孤二十七起居罷職出院碧落留雲住
青冥放鶴還
銀臺向南路
從此到人間",38
703,poem,703,卷十四,,,雜律詩,重尋杏園,,,703,revised_jsonl_direct,0704,808,revised_jsonl,笺；杏园中枣树,,0,False,,0,False,1,4,"忽憶芳時頻酩酊
却尋醉處重徘徊
杏花結子春深後
誰解多情又獨來","重尋杏園忽憶芳時頻酩酊
却尋醉處重徘徊
杏花結子春深後
誰解多情又獨來",35
704,poem,704,卷十四,,,雜律詩,曲江獨行,,,704,revised_jsonl_direct,0705,808,revised_jsonl,笺；唐六典；翰林志；温泉行；初授拾遗献书；白氏文集,,0,False,,0,False,1,4,"獨來獨去何人識
厩馬朝衣野客心
閑愛無風水邊坐
楊花不動樹陰陰","曲江獨行獨來獨去何人識
厩馬朝衣野客心
閑愛無風水邊坐
楊花不動樹陰陰",35
705,poem,705,卷十四,,,雜律詩,同李十一醉憶元九,,,705,revised_jsonl_direct,0706,809,revised_jsonl,谱；笺；寄李十一建；旧唐书；赠樊著作；三梦记；说郛；纪梦诗；本事诗,,0,False,,0,False,1,4,"花時同醉破春愁
醉折花枝作酒籌
忽憶故人天際去
計程今日到梁州","同李十一醉憶元九花時同醉破春愁
醉折花枝作酒籌
忽憶故人天際去
計程今日到梁州",39
706,poem,706,卷十四,,,雜律詩,同錢員外題絶糧僧巨川,,,706,revised_jsonl_direct,0707,809,revised_jsonl,笺；冬夜与钱员外同直禁中；佛说四十二章经,,0,False,,0,False,1,4,"三十年來坐對山
唯將無事化人間
齋時往往聞鐘笑
一食何如不食閑","同錢員外題絶糧僧巨川三十年來坐對山
唯將無事化人間
齋時往往聞鐘笑
一食何如不食閑",41
707,poem,707,卷十四,,,雜律詩,絶句代書贈錢員外,,,707,revised_jsonl_direct,0708,809,revised_jsonl,笺,,0,False,,0,False,1,4,"欲尋秋景閑行去
君病多慵我興孤
可惜今朝山最好
强能騎馬出來無","絶句代書贈錢員外欲尋秋景閑行去
君病多慵我興孤
可惜今朝山最好
强能騎馬出來無",39
708,poem,708,卷十四,,,雜律詩,晚秋有懷鄭中舊隱,,,708,revised_jsonl_direct,0709,809,revised_jsonl,笺；故巩县令白府君事状；白氏文集；宿荥阳；史记；尔雅；在郡怀秋二首；春夜竹亭赠钱少府归蓝田,史记；尔雅,2,True,,0,False,1,12,"天高風嫋嫋
鄉思繞關河
寥落歸山夢
殷勤採蕨歌
病添心寂寞
愁入鬢蹉跎
晚樹蟬鳴少
秋階日上多
長閑羨雲鶴
久别愧烟蘿
其奈丹墀上
君恩未報何","晚秋有懷鄭中舊隱天高風嫋嫋
鄉思繞關河
寥落歸山夢
殷勤採蕨歌
病添心寂寞
愁入鬢蹉跎
晚樹蟬鳴少
秋階日上多
長閑羨雲鶴
久别愧烟蘿
其奈丹墀上
君恩未報何",79
709,poem,709,卷十四,,,雜律詩,禁中九日對菊花酒憶元九,,,709,revised_jsonl_direct,0710,809,revised_jsonl,笺；菊花诗；元氏长庆集；全唐诗,,0,False,,0,False,1,4,"賜酒盈杯誰共持
宮花滿把獨相思
相思只傍花邊立
盡日吟君詠菊詩","禁中九日對菊花酒憶元九賜酒盈杯誰共持
宮花滿把獨相思
相思只傍花邊立
盡日吟君詠菊詩",42
710,poem,710,卷十四,,,雜律詩,送王十八歸山寄題仙遊寺,,,710,revised_jsonl_direct,0711,809,revised_jsonl,笺；酬王十八李大见招游山；仙游寺独宿；病假中南亭闲望；黑潭龙,,0,False,,0,False,1,8,"曾於太白峰前往
數到仙遊寺裏來
黑水澄時潭底出
白雲破處洞門開
林間暖酒燒紅葉
石上題詩掃綠苔
惆悵舊遊無復到
菊花時節羨君迴","送王十八歸山寄題仙遊寺曾於太白峰前往
數到仙遊寺裏來
黑水澄時潭底出
白雲破處洞門開
林間暖酒燒紅葉
石上題詩掃綠苔
惆悵舊遊無復到
菊花時節羨君迴",74
711,poem,711,卷十四,,,雜律詩,答張籍因以代書,,,711,revised_jsonl_direct,0712,809,revised_jsonl,笺；读张籍古乐府；酬张十八访宿见赠,,0,False,,0,False,1,4,"憐君馬瘦衣裘薄
許到江東訪鄙夫
今日正閑天又暖
可能扶病暫來無","答張籍因以代書憐君馬瘦衣裘薄
許到江東訪鄙夫
今日正閑天又暖
可能扶病暫來無",38
712,poem,712,卷十四,,,雜律詩,曲江早春,,,712,revised_jsonl_direct,0713,810,revised_jsonl,笺；杏园中枣树；春眠,,0,False,,0,False,1,4,"曲江柳條漸無力
杏園伯勞初有聲
可憐春淺遊人少
好傍池邊下馬行","曲江早春曲江柳條漸無力
杏園伯勞初有聲
可憐春淺遊人少
好傍池邊下馬行",35
713,poem,713,卷十四,,,雜律詩,見元九悼亡詩因以此寄,,,713,revised_jsonl_direct,0714,810,revised_jsonl,笺；元氏长庆集；夜闲；元白诗笺证稿；梦成之；遣悲怀三首；监察御史元君妻京兆韦氏夫人墓志铭；和元九悼亡；劝酒寄元九,,0,False,,0,False,1,4,"夜淚闇銷明月幌
春腸遥斷牡丹庭
人間此病治無藥
唯有楞伽四卷經","見元九悼亡詩因以此寄夜淚闇銷明月幌
春腸遥斷牡丹庭
人間此病治無藥
唯有楞伽四卷經",41
714,poem,714,卷十四,,,雜律詩,寒食夜,,,714,revised_jsonl_direct,0715,810,revised_jsonl,笺,,0,False,,0,False,1,4,"無月無燈寒食夜
夜深猶立闇花前
忽因時節驚年幾
四十如今欠一年","寒食夜無月無燈寒食夜
夜深猶立闇花前
忽因時節驚年幾
四十如今欠一年",34
715,poem,715,卷十四,,,雜律詩,杏園花落時招錢員外同醉,,,715,revised_jsonl_direct,0716,810,revised_jsonl,笺；重寻杏园；同钱员外题绝粮僧巨川,,0,False,,0,False,1,4,"花園欲去去應遲
正是風吹狼籍時
近西數樹猶堪醉
半落春風半在枝","杏園花落時招錢員外同醉花園欲去去應遲
正是風吹狼籍時
近西數樹猶堪醉
半落春風半在枝",42
716,poem,716,卷十四,,,雜律詩,重題西明寺牡丹,,,716,revised_jsonl_direct,0717,810,revised_jsonl,笺；牡丹芳；西明寺牡丹花时忆元九；登乐游园望,,0,False,,0,False,1,6,"往年君向東都去
曾歎花時君未迴
今年况作江陵别
惆悵花前又獨來
只愁離别長如此
不道明年花不開","重題西明寺牡丹往年君向東都去
曾歎花時君未迴
今年况作江陵别
惆悵花前又獨來
只愁離别長如此
不道明年花不開",54
717,poem,717,卷十四,,,雜律詩,同錢員外禁中夜直,,,717,revised_jsonl_direct,0718,810,revised_jsonl,笺；同钱员外题绝粮僧巨川；翰林志；述梦诗四十韵；楚州开元寺北院枸杞临井繁茂可观群贤赋诗因以继和,,0,False,,0,False,1,4,"宮漏三聲知半夜
好風凉月滿松筠
此時閑坐寂無語
藥樹影中唯兩人","同錢員外禁中夜直宮漏三聲知半夜
好風凉月滿松筠
此時閑坐寂無語
藥樹影中唯兩人",39
718,poem,718,卷十四,,,雜律詩,禁中夜作書與元九,,,718,revised_jsonl_direct,0719,810,revised_jsonl,笺；山中与元九书因题书后,,0,False,,0,False,1,4,"心緒萬端書兩紙
欲封重讀意遲遲
五聲宮漏初明後
一點窗燈欲滅時","禁中夜作書與元九心緒萬端書兩紙
欲封重讀意遲遲
五聲宮漏初明後
一點窗燈欲滅時",39
719,poem,719,卷十四,,,雜律詩,八月十五日夜禁中獨直對月憶元九,,,719,revised_jsonl_direct,0720,810,revised_jsonl,笺；翰林中送独孤二十七起居罢职出院；紫毫笔；左传；通典；陵园妾,左传,1,True,,0,False,1,8,"銀臺金闕夕沈沈
獨宿相思在翰林
三五夜中新月色
二千里外故人心
渚宮東面煙波冷
浴殿西頭鐘漏深
猶恐清光不同見
江陵卑濕足秋陰","八月十五日夜禁中獨直對月憶元九銀臺金闕夕沈沈
獨宿相思在翰林
三五夜中新月色
二千里外故人心
渚宮東面煙波冷
浴殿西頭鐘漏深
猶恐清光不同見
江陵卑濕足秋陰",78
720,poem,720,卷十四,,,雜律詩,寄陳式五兄,,,720,revised_jsonl_direct,0721,810,revised_jsonl,笺；访陈二；喜陈兄至,,0,False,,0,False,1,4,"年來白髮兩三莖
憶别君時髭未生
惆悵料君應滿鬢
當初是我十年兄","寄陳式五兄年來白髮兩三莖
憶别君時髭未生
惆悵料君應滿鬢
當初是我十年兄",36
721,poem,721,卷十四,,,雜律詩,庾順之以紫霞綺遠贈以詩答之,,,721,revised_jsonl_direct,0722,810,revised_jsonl,笺；梦与李七庾三十三同访元九；病中辱崔宣城长句见寄兼有觥绮之赠因以四韵总而酬之；晚登三山还望京邑；古诗十九首,,0,False,,0,False,1,8,"千里故人心鄭重
一端香綺紫氛氳
開緘日映晚霞色
滿幅風生秋水文
爲褥欲裁憐葉破
製裘將翦惜花分
不如縫作合歡被
窹寐相思如對君","庾順之以紫霞綺遠贈以詩答之千里故人心鄭重
一端香綺紫氛氳
開緘日映晚霞色
滿幅風生秋水文
爲褥欲裁憐葉破
製裘將翦惜花分
不如縫作合歡被
窹寐相思如對君",76
722,poem,722,卷十四,,,雜律詩,送元八歸鳳翔,,,722,revised_jsonl_direct,0723,810,revised_jsonl,笺；答元八宗简同游曲江后明日见赠；旧唐书,,0,False,,0,False,1,4,"莫道岐州三日程
其如風雪一身行
與君况是經年别
暫到城來又出城","送元八歸鳳翔莫道岐州三日程
其如風雪一身行
與君况是經年别
暫到城來又出城",37
723,poem,723,卷十四,,,雜律詩,雨雪放朝因懷微之,,,723,revised_jsonl_direct,0724,810,revised_jsonl,笺；登乐游园望；纪怀赠李六户曹崔二十功曹五十韵；太平广记；路德延；孩儿诗,,0,False,,0,False,1,4,"歸騎紛紛滿九衢
放朝三日爲泥塗
不知雨雪江陵府
今日排衙得免無","雨雪放朝因懷微之歸騎紛紛滿九衢
放朝三日爲泥塗
不知雨雪江陵府
今日排衙得免無",39
724,poem,724,卷十四,,,雜律詩,詠懷,,,724,revised_jsonl_direct,0725,810,revised_jsonl,笺；史记；礼记,史记；礼记,2,True,,0,False,1,4,"歲去年來塵土中
眼看變作白頭翁
如何辦得歸山計
兩頃村田一畝宮","詠懷歲去年來塵土中
眼看變作白頭翁
如何辦得歸山計
兩頃村田一畝宮",33
725,poem,725,卷十四,,,雜律詩,聞微之江陵卧病以大通中散碧腴垂雲膏寄之因題四韻,,,725,revised_jsonl_direct,0726,810,revised_jsonl,笺；元稹年谱；予病瘴乐天寄通中散碧腴垂云膏仍题四韵以慰远怀开拆之间因有酬答；云笈七签；灵寳还魂丹方；谢赐香药面脂表；为李林甫谢腊日赐药等状；奉和袭美太湖诗二十首,,0,False,,0,False,1,8,"已題一帖紅消散
又封一合碧雲英
憑人寄向江陵去
道路迢迢一月程
未必能治江上瘴
且圖遥慰病中情
到時想得君拈得
枕上開看眼暫明","聞微之江陵卧病以大通中散碧腴垂雲膏寄之因題四韻已題一帖紅消散
又封一合碧雲英
憑人寄向江陵去
道路迢迢一月程
未必能治江上瘴
且圖遥慰病中情
到時想得君拈得
枕上開看眼暫明",86
726,poem,726,卷十四,,,雜律詩,酬錢員外雪中見寄,,,726,revised_jsonl_direct,0727,810,revised_jsonl,笺；同钱员外题绝粮僧巨川；大乘无生方便门；坛经,,0,False,,0,False,1,4,"松雪無塵小院寒
閉門不似住長安
煩君想我看心坐
報道心空無可看","酬錢員外雪中見寄松雪無塵小院寒
閉門不似住長安
煩君想我看心坐
報道心空無可看",39
727,poem,727,卷十四,,,雜律詩,重酬錢員外,,,727,revised_jsonl_direct,0728,810,revised_jsonl,笺；大般涅槃经；中论；荷泽神会禅师语录,,0,False,,0,False,1,4,"雪中重寄雪山偈
問答殷勤四句中
本立空名緣破妄
若能無妄亦無空","重酬錢員外雪中重寄雪山偈
問答殷勤四句中
本立空名緣破妄
若能無妄亦無空",36
728,poem,728,卷十四,,,雜律詩,獨酌憶微之,,,728,revised_jsonl_direct,0729,810,revised_jsonl,笺,,0,False,,0,False,1,4,"獨酌花前醉憶君
與君春别又逢春
惆悵銀杯來處重
不曾盛酒勸閑人","獨酌憶微之獨酌花前醉憶君
與君春别又逢春
惆悵銀杯來處重
不曾盛酒勸閑人",36
729,poem,729,卷十四,,,雜律詩,微之宅殘牡丹,,,729,revised_jsonl_direct,0730,810,revised_jsonl,笺；答姨兄胡灵之见寄五十韵；太平广记；莺莺传；见元九悼亡诗因以此寄；冬夜示敏巢,,0,False,,0,False,1,4,"殘紅零落無人賞
雨打風摧花不全
諸處見時猶悵望
况當元九小亭前","微之宅殘牡丹殘紅零落無人賞
雨打風摧花不全
諸處見時猶悵望
况當元九小亭前",37
730,poem,730,卷十四,,,雜律詩,新磨鏡,,,730,revised_jsonl_direct,0731,810,revised_jsonl,笺；赠杓直；和思归乐,,0,False,,0,False,1,8,"衰容常晚櫛
秋鏡偶新磨
一與清光對
方知白髮多
鬢毛從幻化
心地付頭陀
任意渾成雪
其如似夢何","新磨鏡衰容常晚櫛
秋鏡偶新磨
一與清光對
方知白髮多
鬢毛從幻化
心地付頭陀
任意渾成雪
其如似夢何",50
731,poem,731,卷十四,,,雜律詩,感髮落,,,731,revised_jsonl_direct,0732,810,revised_jsonl,笺,,0,False,,0,False,1,4,"昔日愁頭白
誰知未白衰
眼看應落盡
無可變成絲","感髮落昔日愁頭白
誰知未白衰
眼看應落盡
無可變成絲",26
732,poem,732,卷十四,,,雜律詩,八月十五夜聞崔大員外翰林獨直對酒玩月因懷禁中清景偶題是詩,,,732,revised_jsonl_direct,0733,809,revised_jsonl,笺；自觉二首；翰林学士壁记注补；江夏使君叔席上赠史郎中,,0,False,,0,False,1,8,"秋月高懸空碧外
仙郎靜玩禁闈間
歲中唯有今宵好
海内無如此地閑
皓色分明雙闕牓
清光深到九門關
遥聞獨醉還惆悵
不見金波照玉山","八月十五夜聞崔大員外翰林獨直對酒玩月因懷禁中清景偶題是詩秋月高懸空碧外
仙郎靜玩禁闈間
歲中唯有今宵好
海内無如此地閑
皓色分明雙闕牓
清光深到九門關
遥聞獨醉還惆悵
不見金波照玉山",91
733,poem,733,卷十四,,,雜律詩,酬王十八見寄,,,733,revised_jsonl_direct,0734,808,revised_jsonl,笺；酬王十八李大见招游山；病假中南亭闲望；仙游寺独宿；秘书省中忆旧山,,0,False,,0,False,1,4,"秋思太白峰頭雪
晴憶仙遊洞口雲
未報皇恩歸未得
慚君爲寄北山文","酬王十八見寄秋思太白峰頭雪
晴憶仙遊洞口雲
未報皇恩歸未得
慚君爲寄北山文",37
734,poem,734,卷十四,,,雜律詩,立春日酬錢員外曲江同行見贈,,,734,revised_jsonl_direct,0735,809,revised_jsonl,笺；同钱员外题绝粮僧巨川；列子,列子,1,True,,0,False,1,10,"下直遇春日
垂鞭出禁闈
兩人攜手語
十里看山歸
柳色早黄淺
水文新綠微
風光向晚好
車馬近南稀
機盡笑相顧
不驚鷗鷺飛","立春日酬錢員外曲江同行見贈下直遇春日
垂鞭出禁闈
兩人攜手語
十里看山歸
柳色早黄淺
水文新綠微
風光向晚好
車馬近南稀
機盡笑相顧
不驚鷗鷺飛",72
735,poem,735,卷十四,,,雜律詩,和錢員外青龍寺上方望舊山,,,735,revised_jsonl_direct,0736,809,revised_jsonl,笺；青龙寺早夏；山寺；维摩诘经；景德传灯录；和钱员外早冬玩禁中新菊；秘书省中忆旧山,,0,False,,0,False,1,4,"舊峰松雪舊溪雲
悵望今朝遥屬君
共道使臣非俗吏
南山莫動北山文","和錢員外青龍寺上方望舊山舊峰松雪舊溪雲
悵望今朝遥屬君
共道使臣非俗吏
南山莫動北山文",43
736,poem,736,卷十四,,,雜律詩,宴周皓大夫光福宅,,,736,revised_jsonl_direct,0737,808,revised_jsonl,笺；题周皓大夫新亭子二十二韵；奉天荐袁高等状；太平广记；周昉；画断；唐两京城坊考；题故曹王宅；诗话总龜；谈苑；唐戏弄；设备；宴周大夫光福宅；盘洲文集；南华斋罗汉疏并序,,0,False,,0,False,1,8,"何處風光最可憐
妓堂階下砌臺前
軒車擁路光照地
絲管入門聲沸天
綠蕙不香饒桂酒
紅櫻無色讓花鈿
野人不敢求他事
唯借泉聲伴醉眠","宴周皓大夫光福宅何處風光最可憐
妓堂階下砌臺前
軒車擁路光照地
絲管入門聲沸天
綠蕙不香饒桂酒
紅櫻無色讓花鈿
野人不敢求他事
唯借泉聲伴醉眠",71
737,poem,737,卷十四,,,雜律詩,晚秋夜,,,737,revised_jsonl_direct,0738,808,revised_jsonl,笺,,0,False,,0,False,1,8,"碧空溶溶月華靜
月裏愁人弔孤影
花開殘菊傍疏籬
葉下衰桐落寒井
塞鴻飛急覺秋盡
鄰雞鳴遲知夜永
凝情不語空所思
風吹白露衣裳冷","晚秋夜碧空溶溶月華靜
月裏愁人弔孤影
花開殘菊傍疏籬
葉下衰桐落寒井
塞鴻飛急覺秋盡
鄰雞鳴遲知夜永
凝情不語空所思
風吹白露衣裳冷",66
738,poem,738,卷十四,,,雜律詩,惜牡丹花二首其一,,,738,revised_jsonl_direct,0739,808,revised_jsonl,笺；翰林志；旧唐书；和答诗十首,,0,False,,0,False,1,4,"惆悵階前紅牡丹
晚來唯有兩枝殘
明朝風起應吹盡
夜惜衰紅把火看","惜牡丹花二首其一惆悵階前紅牡丹
晚來唯有兩枝殘
明朝風起應吹盡
夜惜衰紅把火看",39
739,poem,739,卷十四,,,雜律詩,惜牡丹花二首其二,,,739,revised_jsonl_direct,0740,,revised_jsonl,,,0,False,,0,False,1,4,"寂寞萎紅低向雨
離披破艷散隨風
晴明落地猶惆悵
何况飄零泥土中","惜牡丹花二首其二寂寞萎紅低向雨
離披破艷散隨風
晴明落地猶惆悵
何况飄零泥土中",39
740,poem,740,卷十四,,,雜律詩,答元奉禮同宿見贈,,,740,revised_jsonl_direct,0741,808,revised_jsonl,笺；旧唐书；通典；答元八宗简同游曲江后明日见赠,,0,False,,0,False,1,4,"相逢俱歎不閑身
直日常多齋日頻
曉鼓一聲分散去
明朝風景屬何人","答元奉禮同宿見贈相逢俱歎不閑身
直日常多齋日頻
曉鼓一聲分散去
明朝風景屬何人",39
741,poem,741,卷十四,,,雜律詩,答馬侍御見贈,,,741,revised_jsonl_direct,0742,808,revised_jsonl,笺；旧唐书；元和姓纂；元和姓纂四校记；库；会要；元氏长庆集；送东川马逢侍御使回十韵；天坛诗；全诗；送人赴江陵谒马逢侍御；广记；国史补；刘太真碑；唐才子传；适意二首；秋兴赋序；艳情代郭氏答卢照邻；兰溪棹歌；晋书,晋书,1,True,,0,False,1,8,"謬入金門侍玉除
煩君問我意何如
蟠木詎堪明主用
籠禽徒與故人疏
苑花似雪同隨輦
宮月如眉伴直廬
淺薄求賢思自代
嵇康莫寄絶交書","答馬侍御見贈謬入金門侍玉除
煩君問我意何如
蟠木詎堪明主用
籠禽徒與故人疏
苑花似雪同隨輦
宮月如眉伴直廬
淺薄求賢思自代
嵇康莫寄絶交書",69
742,poem,742,卷十四,,,雜律詩,上巳日恩賜曲江宴會即事,,,742,revised_jsonl_direct,0743,808,revised_jsonl,笺；唐会要；剧谈录；晋书,晋书,1,True,晋书,1,True,1,8,"賜歡仍許醉
此會興如何
翰苑主恩重
曲江春意多
花低羞艷妓
鶯散讓清歌
共道升平樂
元和勝永和","上巳日恩賜曲江宴會即事賜歡仍許醉
此會興如何
翰苑主恩重
曲江春意多
花低羞艷妓
鶯散讓清歌
共道升平樂
元和勝永和",58
743,poem,743,卷十四,,,雜律詩,夜惜禁中桃花因懷錢員外,,,743,revised_jsonl_direct,0744,809,revised_jsonl,笺,,0,False,,0,False,1,4,"前日歸時花正紅
今夜宿時枝半空
坐惜殘芳君不見
風吹狼藉月明中","夜惜禁中桃花因懷錢員外前日歸時花正紅
今夜宿時枝半空
坐惜殘芳君不見
風吹狼藉月明中",42
744,poem,744,卷十四,,,雜律詩,和錢員外早冬玩禁中新菊,,,744,revised_jsonl_direct,0745,808,revised_jsonl,笺；八月十五夜闻崔大员外翰林独直对酒玩月因怀禁中清景偶题是诗；反招隐诗；别李十一后重寄；游蓝田山卜居；太平御览；汉官仪；伏蒙十六叔寄示喜庆感怀三十韵因献之,汉官仪,1,True,,0,False,1,22,"禁署寒氣遲
孟冬菊初拆
新黄間繁綠
爛若金照碧
仙郎小隱日
心似陶彭澤
秋憐潭上看
日慣籬邊摘
今來此地賞
野意潛自適
金馬門内花
玉山峰下客
寒芳引清句
吟玩煙景夕
賜酒色偏宜
握蘭香不敵
淒淒百卉死
歲晚冰霜積
唯有此花開
殷勤助君惜
錢嘗居藍田山下
故云","和錢員外早冬玩禁中新菊禁署寒氣遲
孟冬菊初拆
新黄間繁綠
爛若金照碧
仙郎小隱日
心似陶彭澤
秋憐潭上看
日慣籬邊摘
今來此地賞
野意潛自適
金馬門内花
玉山峰下客
寒芳引清句
吟玩煙景夕
賜酒色偏宜
握蘭香不敵
淒淒百卉死
歲晚冰霜積
唯有此花開
殷勤助君惜
錢嘗居藍田山下
故云",141
745,poem,745,卷十四,,,雜律詩,答劉戒之早秋别墅見寄,,,745,revised_jsonl_direct,0746,808,revised_jsonl,笺,,0,False,,0,False,1,8,"凉風木槿籬
暮雨槐花枝
併起新秋思
爲得故人詩
避地鳥擇木
升朝魚在池
城中與山下
喧靜闇相思","答劉戒之早秋别墅見寄凉風木槿籬
暮雨槐花枝
併起新秋思
爲得故人詩
避地鳥擇木
升朝魚在池
城中與山下
喧靜闇相思",57
746,poem,746,卷十四,,,雜律詩,凉夜有懷,,,746,revised_jsonl_direct,0747,808,revised_jsonl,笺；伤宅,,0,False,,0,False,1,8,"念别感時節
早蛬聞一聲
風簾夜凉入
露簟秋意生
燈盡夢初罷
月斜天未明
闇凝無限思
起傍藥欄行","凉夜有懷念别感時節
早蛬聞一聲
風簾夜凉入
露簟秋意生
燈盡夢初罷
月斜天未明
闇凝無限思
起傍藥欄行",51
747,poem,747,卷十四,,,雜律詩,秋思,,,747,revised_jsonl_direct,0748,803,revised_jsonl,笺,,0,False,,0,False,1,8,"病眠夜少夢
閑立秋多思
寂寞餘雨晴
蕭條早寒至
鳥栖紅葉樹
月照青苔地
何况鏡中年
又過三十二","秋思病眠夜少夢
閑立秋多思
寂寞餘雨晴
蕭條早寒至
鳥栖紅葉樹
月照青苔地
何况鏡中年
又過三十二",49
748,poem,748,卷十四,,,雜律詩,禁中聞蛬,,,748,revised_jsonl_direct,0749,808,revised_jsonl,笺,,0,False,,0,False,1,4,"悄悄禁門閉
夜深無月明
西窗獨闇坐
滿耳新蛬聲","禁中聞蛬悄悄禁門閉
夜深無月明
西窗獨闇坐
滿耳新蛬聲",27
749,poem,749,卷十四,,,雜律詩,秋蟲,,,749,revised_jsonl_direct,0750,808,revised_jsonl,笺；诗,诗,1,True,,0,False,1,4,"切切闇窗下
喓喓深草裏
秋天思婦心
雨夜愁人耳","秋蟲切切闇窗下
喓喓深草裏
秋天思婦心
雨夜愁人耳",25
750,poem,750,卷十四,,,雜律詩,贈别宣上人,,,750,revised_jsonl_direct,0751,810,revised_jsonl,笺；广宣上人以应制诗见示因以赠之诏许上人居安国寺红楼院以诗供奉；唐诗纪事；全唐诗；唐才子传校笺；客路感秋寄明准上人；永崇里观居；华严经；维摩经；香炉峰下新置草堂即事咏怀题于石上；大集法门经；五灯会元,,0,False,,0,False,1,12,"上人處世界
清淨何所似
似彼白蓮花
在水不著水
性真悟泡幻
行潔離塵滓
修道來幾時
身心俱到此
嗟予牽世網
不得長依止
離念與碧雲
秋來朝夕起","贈别宣上人上人處世界
清淨何所似
似彼白蓮花
在水不著水
性真悟泡幻
行潔離塵滓
修道來幾時
身心俱到此
嗟予牽世網
不得長依止
離念與碧雲
秋來朝夕起",76
751,poem,751,卷十四,,,雜律詩,春夜喜雪有懷王二十二,,,751,revised_jsonl_direct,0752,808,revised_jsonl,笺；棹歌行；送李季良北归；和王主簿怨情；文选；怨诗；世说新语；招隐诗,,0,False,,0,False,1,12,"夜雪有佳趣
幽人出書帷
微寒生枕席
輕素封階墀
坐罷楚絃曲
起吟班扇詩
明宜滅燭後
淨愛褰簾時
窗引曙色早
庭銷春氣遲
山陰應有興
不卧待徽之","春夜喜雪有懷王二十二夜雪有佳趣
幽人出書帷
微寒生枕席
輕素封階墀
坐罷楚絃曲
起吟班扇詩
明宜滅燭後
淨愛褰簾時
窗引曙色早
庭銷春氣遲
山陰應有興
不卧待徽之",81
752,poem,752,卷十四,,,雜律詩,酬和元九東川路詩十二首駱口驛舊題詩,,,752,revised_jsonl_direct,0753,809,revised_jsonl,笺；赠樊著作；使东川诗序；骆口驿；望驿台；祗役骆口因与王质夫同游秋山偶题三韵；骆口驿二首；题拥石关；云开雪红树；见萧侍御忆旧山草堂诗因以继和,,0,False,,0,False,1,4,"拙詩在壁無人愛
鳥污苔侵文字殘
唯有多情元侍御
繡衣不惜拂塵看","酬和元九東川路詩十二首駱口驛舊題詩拙詩在壁無人愛
鳥污苔侵文字殘
唯有多情元侍御
繡衣不惜拂塵看",48
753,poem,753,卷十四,,,雜律詩,酬和元九東川路詩十二首南秦雪,,,753,revised_jsonl_direct,0754,,revised_jsonl,祗役骆口因与王质夫同游秋山偶题三韵,,0,False,,0,False,1,8,"往歲曾爲西邑吏
慣從駱口到南秦
三時雲冷多飛雪
二月山寒少有春
我思舊事猶惆悵
君作初行定苦辛
仍賴愁猿寒不叫
若聞猿叫更愁人","酬和元九東川路詩十二首南秦雪往歲曾爲西邑吏
慣從駱口到南秦
三時雲冷多飛雪
二月山寒少有春
我思舊事猶惆悵
君作初行定苦辛
仍賴愁猿寒不叫
若聞猿叫更愁人",77
754,poem,754,卷十四,,,雜律詩,酬和元九東川路詩十二首山枇杷花二首其一,,,754,revised_jsonl_direct,0755,,revised_jsonl,南梁行；本草纲目；山枇杷,,0,False,,0,False,1,4,"萬重青嶂蜀門口
一樹紅花山頂頭
春盡憶家歸未得
低紅如解替君愁","酬和元九東川路詩十二首山枇杷花二首其一萬重青嶂蜀門口
一樹紅花山頂頭
春盡憶家歸未得
低紅如解替君愁",50
755,poem,755,卷十四,,,雜律詩,酬和元九東川路詩十二首山枇杷花二首其二,,,755,revised_jsonl_direct,0756,,revised_jsonl,看花；太平广记；罗隐；抒情诗；女障子；题花诗,,0,False,,0,False,1,4,"葉如裙色碧綃淺
花似芙蓉紅粉輕
若使此花兼解語
推囚御史定違程","酬和元九東川路詩十二首山枇杷花二首其二葉如裙色碧綃淺
花似芙蓉紅粉輕
若使此花兼解語
推囚御史定違程",50
756,poem,756,卷十四,,,雜律詩,酬和元九東川路詩十二首江樓月,,,756,revised_jsonl_direct,0757,,revised_jsonl,水经注；太平寰宇记；周地图记,,0,False,,0,False,1,8,"嘉陵江曲曲江池
明月雖同人别離
一宵光景潛相憶
兩地陰晴遠不知
誰料江邊懷我夜
正當池畔望君時
今朝共語方同悔
不解多情先寄詩","酬和元九東川路詩十二首江樓月嘉陵江曲曲江池
明月雖同人别離
一宵光景潛相憶
兩地陰晴遠不知
誰料江邊懷我夜
正當池畔望君時
今朝共語方同悔
不解多情先寄詩",77
757,poem,757,卷十四,,,雜律詩,酬和元九東川路詩十二首亞枝花,,,757,revised_jsonl_direct,0758,,revised_jsonl,和松树；亚枝红；两朱阁；见萧侍御忆旧山草堂诗因以继和；旧唐书；因话录,,0,False,,0,False,1,4,"山郵花木似平陽
愁殺多情驄馬郎
還似昇平池畔坐
低頭向水自看妝","酬和元九東川路詩十二首亞枝花山郵花木似平陽
愁殺多情驄馬郎
還似昇平池畔坐
低頭向水自看妝",45
758,poem,758,卷十四,,,雜律詩,酬和元九東川路詩十二首江上笛,,,758,revised_jsonl_direct,0759,,revised_jsonl,汉江上笛；汉江闻笛赋,,0,False,,0,False,1,4,"江上何人夜吹笛
聲聲似憶故園春
此時聞者堪頭白
况是多愁少睡人","酬和元九東川路詩十二首江上笛江上何人夜吹笛
聲聲似憶故園春
此時聞者堪頭白
况是多愁少睡人",45
759,poem,759,卷十四,,,雜律詩,酬和元九東川路詩十二首嘉陵夜有懷二首其一,,,759,revised_jsonl_direct,0760,,revised_jsonl,笺；题嘉陵驿；舆地纪胜；明一统志,,0,False,,0,False,1,4,"露濕牆花春意深
西廊月上半牀陰
憐君獨卧無言語
唯我知君此夜心","酬和元九東川路詩十二首嘉陵夜有懷二首其一露濕牆花春意深
西廊月上半牀陰
憐君獨卧無言語
唯我知君此夜心",51
760,poem,760,卷十四,,,雜律詩,酬和元九東川路詩十二首嘉陵夜有懷二首其二,,,760,revised_jsonl_direct,0761,,revised_jsonl,笺；文选；悼亡诗三首,,0,False,,0,False,1,4,"不明不闇朧朧月
非暖非寒慢慢風
獨卧空牀好天氣
平明閑事到心中","酬和元九東川路詩十二首嘉陵夜有懷二首其二不明不闇朧朧月
非暖非寒慢慢風
獨卧空牀好天氣
平明閑事到心中",51
761,poem,761,卷十四,,,雜律詩,酬和元九東川路詩十二首夜深行,,,761,revised_jsonl_direct,0762,,revised_jsonl,元和郡县志；早朝贺雪寄陈山人,,0,False,,0,False,1,4,"百牢關外夜行客
三殿角頭宵直人
莫道近臣勝遠使
其如同是不閑身","酬和元九東川路詩十二首夜深行百牢關外夜行客
三殿角頭宵直人
莫道近臣勝遠使
其如同是不閑身",45
762,poem,762,卷十四,,,雜律詩,酬和元九東川路詩十二首望驛臺,,,762,revised_jsonl_direct,0763,,revised_jsonl,玉谿生诗详注；望喜驿别嘉陵江水二绝；广元县志；酬元九东川路诗；梦与李七庾三十三同访元九,,0,False,,0,False,1,4,"靖安宅裏當窗柳
望驛臺前撲地花
兩處春光同日盡
居人思客客思家","酬和元九東川路詩十二首望驛臺靖安宅裏當窗柳
望驛臺前撲地花
兩處春光同日盡
居人思客客思家",45
763,poem,763,卷十四,,,雜律詩,酬和元九東川路詩十二首江岸梨,,,763,revised_jsonl_direct,0764,,revised_jsonl,江花落,,0,False,,0,False,1,4,"梨花有思緣和葉
一樹江頭惱殺君
最似孀閨少年婦
白妝素袖碧紗裙","酬和元九東川路詩十二首江岸梨梨花有思緣和葉
一樹江頭惱殺君
最似孀閨少年婦
白妝素袖碧紗裙",45
764,poem,764,卷十四,,,雜律詩,答謝家最小偏憐女,,,764,revised_jsonl_direct,0765,809,revised_jsonl,笺；答山驿梦；见元九悼亡诗因以此寄；遣悲怀三首；晋书；赠内；元白诗笺证稿；白氏长庆集；河南元公墓志铭；韦氏墓志；登科记考；养竹记；白氏文集；河南元公墓志；侯鲭录；微之年谱,晋书,1,True,,0,False,1,8,"嫁得梁鴻六七年
耽書愛酒日高眠
雨荒春圃唯生草
雪壓朝厨未有煙
身病憂來緣女少
家貧忘却爲夫賢
誰知厚俸今無分
枉向秋風吹紙錢","答謝家最小偏憐女嫁得梁鴻六七年
耽書愛酒日高眠
雨荒春圃唯生草
雪壓朝厨未有煙
身病憂來緣女少
家貧忘却爲夫賢
誰知厚俸今無分
枉向秋風吹紙錢",71
765,poem,765,卷十四,,,雜律詩,答騎馬入空臺,,,765,revised_jsonl_direct,0766,714,revised_jsonl,空屋题；乐大夫挽词五首；寒山诗注；琵琶歌；笺；见元九悼亡诗因以此寄,,0,False,,0,False,1,8,"君入空臺去
朝往暮還來
我入泉臺去
泉門無復開
鰥夫仍繫職
稚女未勝哀
寂寞咸陽道
家人覆墓迴","答騎馬入空臺君入空臺去
朝往暮還來
我入泉臺去
泉門無復開
鰥夫仍繫職
稚女未勝哀
寂寞咸陽道
家人覆墓迴",53
766,poem,766,卷十四,,,雜律詩,答山驛夢,,,766,revised_jsonl_direct,0767,810,revised_jsonl,笺；感梦,,0,False,,0,False,1,4,"入君旅夢來千里
閉我幽魂欲二年
莫忘平生行坐處
後堂階下竹叢前","答山驛夢入君旅夢來千里
閉我幽魂欲二年
莫忘平生行坐處
後堂階下竹叢前",35
767,poem,767,卷十四,,,雜律詩,和元九與呂二同宿話舊感贈,,,767,revised_jsonl_direct,0768,809,revised_jsonl,笺；常乐里闲居偶题十六韵兼寄刘十五公舆王十一起吕二炅吕四颖崔十八玄亮元九稹刘三十二敦质张十五仲方时为校书郎；杏园中枣树；琵琶引,,0,False,,0,False,1,8,"見君新贈呂君詩
憶得同年行樂時
爭入杏園齊馬首
潛過柳曲鬬蛾眉
八人雲散俱遊宦
七度花開盡别離
聞道秋娘猶且在
至今時復問微之","和元九與呂二同宿話舊感贈見君新贈呂君詩
憶得同年行樂時
爭入杏園齊馬首
潛過柳曲鬬蛾眉
八人雲散俱遊宦
七度花開盡别離
聞道秋娘猶且在
至今時復問微之",75
768,poem,768,卷十四,,,雜律詩,憶元九,,,768,revised_jsonl_direct,0769,810,revised_jsonl,笺；登乐游园望,,0,False,,0,False,1,4,"眇眇江陵道
相思遠不知
近來文卷裏
半是憶君詩","憶元九眇眇江陵道
相思遠不知
近來文卷裏
半是憶君詩",26
769,poem,769,卷十四,,,雜律詩,蕭員外寄新蜀茶,,,769,revised_jsonl_direct,0770,810,revised_jsonl,笺；唐国史补,,0,False,,0,False,1,4,"蜀茶寄到但驚新
渭水煎來始覺珍
滿甌似乳堪持玩
况是春深酒渴人","蕭員外寄新蜀茶蜀茶寄到但驚新
渭水煎來始覺珍
滿甌似乳堪持玩
况是春深酒渴人",38
770,poem,770,卷十四,,,雜律詩,寄上大兄,,,770,revised_jsonl_direct,0771,811,revised_jsonl,笺；自河南经乱关内阻饥兄弟离散各在一处因望月有感聊书所怀寄上浮梁大兄于潜七兄乌江十五兄兼示符离及下邽弟妹；与微之书；白氏文集,,0,False,,0,False,1,4,"秋鴻過盡無書信
病戴紗巾强出門
獨上荒臺東北望
日西愁立到黄昏","寄上大兄秋鴻過盡無書信
病戴紗巾强出門
獨上荒臺東北望
日西愁立到黄昏",35
771,poem,771,卷十四,,,雜律詩,病中哭金鑾子,,,771,revised_jsonl_direct,0772,811,revised_jsonl,笺；谱；金銮子晬日；念金銮子二首；颜氏家训；艺文类聚；六韬,六韬,1,True,,0,False,1,16,"豈料吾方病
翻悲汝不全
卧驚從枕上
扶哭就燈前
有女誠爲累
無兒豈免憐
病來纔十日
養得已三年
慈淚隨聲迸
悲腸遇物牽
故衣猶架上
殘藥尚頭邊
送出深村巷
看封小墓田
莫言三里地
此别是終天","病中哭金鑾子豈料吾方病
翻悲汝不全
卧驚從枕上
扶哭就燈前
有女誠爲累
無兒豈免憐
病來纔十日
養得已三年
慈淚隨聲迸
悲腸遇物牽
故衣猶架上
殘藥尚頭邊
送出深村巷
看封小墓田
莫言三里地
此别是終天",101
772,poem,772,卷十四,,,雜律詩,寄内,,,772,revised_jsonl_direct,0773,811,revised_jsonl,笺；赠内,,0,False,,0,False,1,4,"桑條初綠即爲别
柿葉半紅猶未歸
不如村婦知時節
解爲田夫秋擣衣","寄内桑條初綠即爲别
柿葉半紅猶未歸
不如村婦知時節
解爲田夫秋擣衣",33
773,poem,773,卷十四,,,雜律詩,病氣,,,773,revised_jsonl_direct,0774,811,revised_jsonl,笺,,0,False,,0,False,1,4,"自知氣發每因情
情在何由氣得平
若問病根深與淺
此身應與病齊生","病氣自知氣發每因情
情在何由氣得平
若問病根深與淺
此身應與病齊生",33
774,poem,774,卷十四,,,雜律詩,歎元九,,,774,revised_jsonl_direct,0775,814,revised_jsonl,笺；感秋寄远；登乐游园望,,0,False,,0,False,1,4,"不入城門來五載
同時班列盡官高
何人牢落猶依舊
唯有江陵元士曹","歎元九不入城門來五載
同時班列盡官高
何人牢落猶依舊
唯有江陵元士曹",34
775,poem,775,卷十四,,,雜律詩,眼暗,,,775,revised_jsonl_direct,0776,814,revised_jsonl,笺；和思归乐,,0,False,,0,False,1,8,"早年勤倦看書苦
晚歲悲傷出淚多
眼損不知都自取
病成方悟欲如何
夜昏乍似燈將滅
朝闇長疑鏡未磨
千藥萬方治不得
唯應閉目學頭陀","眼暗早年勤倦看書苦
晚歲悲傷出淚多
眼損不知都自取
病成方悟欲如何
夜昏乍似燈將滅
朝闇長疑鏡未磨
千藥萬方治不得
唯應閉目學頭陀",65
776,poem,776,卷十四,,,雜律詩,得袁相書,,,776,revised_jsonl_direct,0777,814,revised_jsonl,笺；旧唐书；宪宗纪；旅次华州赠袁右丞,,0,False,,0,False,1,4,"穀苗深處一農夫
面黑頭班手把鋤
何意使人猶識我
就田來送相公書","得袁相書穀苗深處一農夫
面黑頭班手把鋤
何意使人猶識我
就田來送相公書",35
777,poem,777,卷十四,,,雜律詩,病中作,,,777,revised_jsonl_direct,0778,814,revised_jsonl,笺；白牡丹,,0,False,,0,False,1,4,"病來城裏諸親故
厚薄親疎心總知
唯有蔚章於我分
深於同在翰林時","病中作病來城裏諸親故
厚薄親疎心總知
唯有蔚章於我分
深於同在翰林時",34
778,poem,778,卷十四,,,雜律詩,感化寺見元九劉三十二題名處,,,778,revised_jsonl_direct,0779,814,revised_jsonl,笺；宋高僧传；义福传；旧唐书；大智禅师（义福）碑铭；过感化寺昙兴上人院；文苑英华；哭刘敦质；常乐里闲居偶题十六韵兼寄刘十五公舆王十一起吕二炅吕四颖崔十八玄亮元九稹刘三十二敦质张十五仲方时为校书郎；晚归有感；过刘三十二故宅,,0,False,,0,False,1,4,"微之謫去千餘里
太白無來十一年
今日見名如見面
塵埃壁上破窗前","感化寺見元九劉三十二題名處微之謫去千餘里
太白無來十一年
今日見名如見面
塵埃壁上破窗前",44
779,poem,779,卷十四,,,雜律詩,遊悟真寺迴山下别張殷衡,,,779,revised_jsonl_direct,0780,814,revised_jsonl,笺；游悟真寺诗一百三十韵；白氏文集；李石杨縠张殷衡并授官充泾原判官同制；全唐诗逸；清明日,,0,False,,0,False,1,4,"世緣未了住不得
孤負青山心共知
愁君又入都門去
即是紅塵滿眼時","遊悟真寺迴山下别張殷衡世緣未了住不得
孤負青山心共知
愁君又入都門去
即是紅塵滿眼時",42
780,poem,780,卷十四,,,雜律詩,村居寄張殷衡,,,780,revised_jsonl_direct,0781,814,revised_jsonl,笺；村中留李三顾言宿；感秋怀微之；同韩侍郎游郑家池吟诗小饮；登乐游园望,,0,False,,0,False,1,8,"金氏村中一病夫
生涯濩落性靈迂
唯看老子五千字
不踏長安十二衢
藥銚夜傾殘酒煖
竹牀寒取舊氈鋪
聞君欲發江東去
能到茅菴訪别無","村居寄張殷衡金氏村中一病夫
生涯濩落性靈迂
唯看老子五千字
不踏長安十二衢
藥銚夜傾殘酒煖
竹牀寒取舊氈鋪
聞君欲發江東去
能到茅菴訪别無",69
781,poem,781,卷十四,,,雜律詩,病中得樊大書,,,781,revised_jsonl_direct,0782,814,revised_jsonl,笺；赠樊著作,,0,False,,0,False,1,4,"荒村破屋經年卧
寂絶無人問病身
唯有東都樊著作
至今書信尚殷勤","病中得樊大書荒村破屋經年卧
寂絶無人問病身
唯有東都樊著作
至今書信尚殷勤",37
782,poem,782,卷十四,,,雜律詩,開元九詩書卷,,,782,revised_jsonl_direct,0783,814,revised_jsonl,笺,,0,False,,0,False,1,4,"紅牋白紙兩三束
半是君詩半是書
經年不展緣身病
今日開看生蠹魚","開元九詩書卷紅牋白紙兩三束
半是君詩半是書
經年不展緣身病
今日開看生蠹魚",37
783,poem,783,卷十四,,,雜律詩,晝卧,,,783,revised_jsonl_direct,0784,814,revised_jsonl,笺,,0,False,,0,False,1,4,"抱枕無言語
空房獨悄然
誰知盡日卧
非病亦非眠","晝卧抱枕無言語
空房獨悄然
誰知盡日卧
非病亦非眠",25
784,poem,784,卷十四,,,雜律詩,夜坐,,,784,revised_jsonl_direct,0785,814,revised_jsonl,笺,,0,False,,0,False,1,4,"庭前盡日立到夜
燈下有時坐徹明
此情不語何人會
時復長吁一兩聲","夜坐庭前盡日立到夜
燈下有時坐徹明
此情不語何人會
時復長吁一兩聲",33
785,poem,785,卷十四,,,雜律詩,暮立,,,785,revised_jsonl_direct,0786,814,revised_jsonl,笺,,0,False,,0,False,1,4,"黄昏獨立佛堂前
滿地槐花滿樹蟬
大抵四時心總苦
就中腸斷是秋天","暮立黄昏獨立佛堂前
滿地槐花滿樹蟬
大抵四時心總苦
就中腸斷是秋天",33
786,poem,786,卷十四,,,雜律詩,有感,,,786,revised_jsonl_direct,0787,814,revised_jsonl,笺；子夜四时歌；古别离；海内十洲记,,0,False,,0,False,1,4,"絶絃與斷絲
猶有却續時
唯有衷腸斷
無應續得期","有感絶絃與斷絲
猶有却續時
唯有衷腸斷
無應續得期",25
787,poem,787,卷十四,,,雜律詩,答友問,,,787,revised_jsonl_direct,0788,814,revised_jsonl,笺,,0,False,,0,False,1,4,"似玉童顔盡
如霜病鬢新
莫驚身頓老
心更老於身","答友問似玉童顔盡
如霜病鬢新
莫驚身頓老
心更老於身",26
788,poem,788,卷十四,,,雜律詩,村夜,,,788,revised_jsonl_direct,0789,814,revised_jsonl,笺,,0,False,,0,False,1,4,"霜草蒼蒼蟲切切
村南村北行人絶
獨出前門望野田
月明蕎麥花如雪","村夜霜草蒼蒼蟲切切
村南村北行人絶
獨出前門望野田
月明蕎麥花如雪",33
789,poem,789,卷十四,,,雜律詩,聞蟲,,,789,revised_jsonl_direct,0790,814,revised_jsonl,笺,,0,False,,0,False,1,4,"闇蟲唧唧夜緜緜
况是秋陰欲雨天
猶恐愁人暫得睡
聲聲移近卧牀前","聞蟲闇蟲唧唧夜緜緜
况是秋陰欲雨天
猶恐愁人暫得睡
聲聲移近卧牀前",33
790,poem,790,卷十四,,,雜律詩,寒食夜有懷,,,790,revised_jsonl_direct,0791,814,revised_jsonl,笺,,0,False,,0,False,1,4,"寒食非長非短夜
春風不熱不寒天
可憐時節堪相憶
何况無燈各早眠","寒食夜有懷寒食非長非短夜
春風不熱不寒天
可憐時節堪相憶
何况無燈各早眠",36
791,poem,791,卷十四,,,雜律詩,贈内,,,791,revised_jsonl_direct,0792,814,revised_jsonl,笺,,0,False,,0,False,1,4,"漠漠闇苔新雨地
微微凉露欲秋天
莫對月明思往事
損君顔色減君年","贈内漠漠闇苔新雨地
微微凉露欲秋天
莫對月明思往事
損君顔色減君年",33
792,poem,792,卷十四,,,雜律詩,得錢舍人書問眼疾,,,792,revised_jsonl_direct,0793,814,revised_jsonl,笺；旧唐书；重修承旨学士壁记；答崔侍郎钱舍人书问因继以诗；重修政和证类本草；药性论；寒食日答李公择三绝次韵,,0,False,,0,False,1,4,"春來眼闇少心情
點盡黄連尚未平
唯得君書勝得藥
開緘未讀眼先明","得錢舍人書問眼疾春來眼闇少心情
點盡黄連尚未平
唯得君書勝得藥
開緘未讀眼先明",39
793,poem,793,卷十四,,,雜律詩,還李十一馬,,,793,revised_jsonl_direct,0794,814,revised_jsonl,笺；寄李十一；八骏图；赠索暹将军；仁风李著作园醉后寄李十,,0,False,,0,False,1,4,"傳語李君勞寄馬
病來唯著杖扶身
縱擬强騎無出處
却將牽與趁朝人","還李十一馬傳語李君勞寄馬
病來唯著杖扶身
縱擬强騎無出處
却將牽與趁朝人",36
794,poem,794,卷十四,,,雜律詩,九日寄行簡,,,794,revised_jsonl_direct,0795,814,revised_jsonl,笺；别行简,,0,False,,0,False,1,4,"摘得菊花攜得酒
遶村騎馬思悠悠
下邽田地平如掌
何處登高望梓州","九日寄行簡摘得菊花攜得酒
遶村騎馬思悠悠
下邽田地平如掌
何處登高望梓州",36
795,poem,795,卷十四,,,雜律詩,夜坐,,,795,revised_jsonl_direct,0796,814,revised_jsonl,笺,,0,False,,0,False,1,8,"斜月入前楹
迢迢夜坐情
梧桐上階影
蟋蟀近牀聲
曙傍窗間至
秋從簟上生
感時因憶事
不寢到雞鳴","夜坐斜月入前楹
迢迢夜坐情
梧桐上階影
蟋蟀近牀聲
曙傍窗間至
秋從簟上生
感時因憶事
不寢到雞鳴",49
796,poem,796,卷十四,,,雜律詩,村居二首其一,,,796,revised_jsonl_direct,0797,814,revised_jsonl,笺,,0,False,,0,False,1,4,"田園莽蒼經春早
籬落蕭條盡日風
若問經過談笑者
不過田舍白頭翁","村居二首其一田園莽蒼經春早
籬落蕭條盡日風
若問經過談笑者
不過田舍白頭翁",37
797,poem,797,卷十四,,,雜律詩,村居二首其二,,,797,revised_jsonl_direct,0798,,revised_jsonl,,,0,False,,0,False,1,4,"門閉仍逢雪
厨寒未起煙
貧家重寥落
半爲日高眠","村居二首其二門閉仍逢雪
厨寒未起煙
貧家重寥落
半爲日高眠",29
798,poem,798,卷十四,,,雜律詩,早春,,,798,revised_jsonl_direct,0799,814,revised_jsonl,笺,,0,False,,0,False,1,4,"雪散因和氣
冰開得暖光
春銷不得處
唯有鬢邊霜","早春雪散因和氣
冰開得暖光
春銷不得處
唯有鬢邊霜",25
799,poem,799,卷十四,,,雜律詩,和夢遊春詩一百韻,,,799,revised_jsonl_direct,0800,810,revised_jsonl,谱；笺；梦游春诗七十韵；和答诗十首；元白诗笺证稿；艳诗及悼亡诗；梦游春；莺莺传；法华经；二教论；明佛论；化城喻品；维摩经；梦游春七十韵；游仙窟；吴声歌曲；定情篇；搜神后记；野客丛书；搜神记；续仙传；汉武故事；丽人行；苑中诗；高唐赋；清商曲辞；美女篇；上阳白发人；时世妆；叙诗寄乐天书；唐会要；缭绫；朝野佥载；太平广记；许老翁；仙传拾遗；织锦曲；宾退录；元丰九域志；鸿胪寺有开元中锡宴堂楼台池沼雅为胜绝荒凉遗址仅有存者偶成四十韵；归国遥；江南喜逢萧九彻因话长安旧游戏赠五十韵；唐语林；和元九悼往；牡丹芳；井底引银瓶；司马厅独宿；日出东南隅行；闲情赋；北山移文；山海经；代淮南王二首；玄览赋；左传；祖考颂；见元九悼亡诗因以此寄；名都一何绮诗；刘生；长恨歌；世说新语；县南花下醉中留刘五；杨仲武诔；奏弹王源；文选；过元家履信宅；太平御览；圣贤高士传；南齐书；轻肥；三国志；饮中八仙歌；列仙传；晋书；诗；后汉书；酒德颂；论语；代书诗一百韵寄微之；史记；教坊记；乐府诗集；山鹧鸪；历代歌辞；语林；酬乐天东南行诗一百韵；听歌鹧鸪辞；楚辞；南史；戏萧娘诗；相和歌辞；游仙诗；朝菌赋序；七发；慨然成咏；咏风诗；咏人弃妾；鸳鸯赋；太行路；公孙绰；逸史；李章武；春雪；从驩州廨宅移住山间水亭赠苏使君；寒山诗注；景德传灯录；草庵歌；长安道；曲江独行；释文；盐商妇；琴赋；字林；吴中苦雨因书一百韵寄鲁望；兖州曲阜县孔子庙碑；送梁李二明府；易；象；答故人；书；叙德书情四十韵上宣歙崔中丞；赠元稹；授韦振通事舍人制；追酬故高蜀州人日见寄；见萧侍御忆旧山草堂诗因以继和；赠樊著作；为宋公求加赠刘前军表；韩诗；为胶东相与朱邑书；礼记；论幽州边事书；酒中留上襄阳李相公；登乐游园望；折剑头；荀子；管子；说苑；孙登赞；九愍；祭屈原文；初入太行路；李都尉古剑；七哀诗；旧唐书；思玄赋；艺文类聚；东观汉记；汉书；纳粟；北齐书；西征赋；八月十五日夜禁中独直对月忆元九；赠友；对雪醉后赠王厉阳；春秋序；元和郡县志；方舆胜览；观无量寿经；桐柏山金庭馆碑；张汶；宣室志；圆觉经；楞严经；百喻经；法句经；见秦系离婚后出山居作；为陆思远妇作；庄子；吕氏春秋；北叟赞；翻译名义集；大论；俱舍；仁王；中阿含经；盐鉄论；淮南子；佛本行集经；开元寺东池早春；楞伽经；杂阿含经；华严经；别译杂阿含经；大乘起信论；增壹阿含经；涅槃经；大乘本生心地观经；大方便佛报恩经；心王头陀经；佛为心王菩萨说投陀经；大正续藏；佛说法句经；法句经疏；与济法师书；白氏文集；法王经,搜神记；汉武故事；美女篇；山海经；左传；列仙传；晋书；诗；后汉书；酒德颂；论语；史记；语林；楚辞；游仙诗；咏风诗；琴赋；字林；易；象；书；韩诗；礼记；管子；说苑；七哀诗；东观汉记；汉书；庄子；吕氏春秋；淮南子,31,True,,0,False,1,241,"微之既到江陵
又以《夢遊春詩七十韻》寄予
且題其序曰
“斯言也
不可使不知吾者知
知吾者亦不可使不知
樂天知吾也
吾不敢不使吾子知
”予辱斯言
三復其旨
大抵悔既往而悟將來也
然予以爲苟不悔不寤則已
若悔於此
則宜悟於彼也
反於彼而悟於妄
則宜歸於真也
况與足下外服儒風﹑内宗梵行者有日矣
而今而後
非覺路之返也
非空門之歸也
將安反乎
將安歸乎
今所和者
其卒章指歸於此
夫感不甚則悔不熟
感不至則悟不深
故廣足下七十韻爲一百韻
重爲足下陳夢遊之中所以甚感者
叙婚仕之際所以至感者
欲使曲盡其妄
周知其非
然後返乎真
歸乎實
亦猶《法華經》序火宅﹑偈化城
《維摩經》入淫舍﹑過酒肆之義也
微之﹑微之
予斯文也
尤不可使不知吾者知
幸藏之爾云
昔君夢遊春
夢遊仙山曲
恍若有所遇
似愜平生欲
因尋昌蒲水
漸入桃花谷
到一紅樓家
愛之看不足
池流渡清泚
草嫩蹋綠蓐
門柳闇全低
簷櫻紅半熟
轉行深深院
過盡重重屋
烏龍卧不驚
青鳥飛相逐
漸聞玉珮響
始辨珠履躅
遥見窗下人
娉婷十五六
霞光抱明月
蓮艷開初旭
縹緲雲雨仙
氛氳蘭麝馥
風流薄梳洗
時世寬裝束
袖軟異文綾
裾輕單絲縠
裙腰銀線壓
梳掌金筐蹙
帶纈紫葡萄
袴花紅石竹
凝情都未語
付意微相矚
眉斂遠山青
鬟低片雲綠
帳牽翡翠帶
被解鴛鴦襆
秀色似堪餐
穠華如可掬
半卷錦頭席
斜鋪繡腰褥
朱脣素指匀
粉汗紅綿撲
心驚睡易覺
夢斷魂難續
籠委獨棲禽
劍分連理木
存誠期有感
誓志貞無黷
京洛八九春
未曾花裏宿
壯年徒自棄
佳會應無復
鸞歌不重聞
鳳兆從兹卜
韋門女清貴
裴氏甥賢淑
羅扇夾花燈
金鞍攢繡轂
既傾南國貌
遂坦東牀腹
劉阮心漸忘
潘楊意方睦
新修履信第
初食尚書祿
九醞備聖賢
八珍窮水陸
秦家重簫史
彦輔憐衛叔
朝饌饋獨盤
夜醪傾百斛
親賓盛輝赫
妓樂紛曄煜
宿醉纔解酲
朝歡俄枕麴
飲過君子爭
令甚將軍酷
酩酊歌鷓鴣
顛狂舞鴝鵒
月流春夜短
日下秋天速
謝傅隙奔光
蕭娘風過燭
全凋蕣花折
半死梧桐秃
闇鏡對孤鸞
哀弦留寡鵠
淒淒隔幽顯
冉冉移寒燠
萬事此時休
百身何處贖
提攜小兒女
將領舊姻族
再入朱門行
一傍青樓哭
櫪空無厩馬
水涸失池鶩
摇落廢井梧
荒凉故籬菊
莓苔上几閣
塵土生琴筑
舞榭綴蠨蛸
歌梁聚蝙蝠
嫁分紅粉妾
賣散蒼頭僕
門客思徬徨
家人泣咿噢
心期正蕭索
宦序仍拘跼
懷策入殽函
驅車辭郟鄏
逢時念既濟
聚學思大畜
端詳筮仕蓍
磨拭穿楊鏃
始從讎校職
首中賢良目
一拔侍瑶墀
再升紆繡服
誓酬君主寵
願使朝庭肅
密勿奏封章
清明操憲牘
鷹韝中病下
豸角當邪觸
糺謬靜東周
申冤動南蜀
危言詆閽寺
直氣忤鈞軸
不忍曲作鉤
乍能折爲玉
捫心無愧畏
騰口有謗讟
只要明是非
何曾虞禍福
車摧太行路
劍落酆城獄
襄漢問修途
荆蠻指殊俗
謫爲江府掾
遣事荆州牧
趨走謁麾幢
喧煩視鞭扑
簿書常自領
縲囚每親鞠
竟日坐官曹
經旬曠休沐
宅荒渚宮草
馬瘦畬田粟
薄俸等涓毫
微官同桎梏
月中照形影
天際辭骨肉
鶴病翅羽垂
獸窮爪牙縮
行看鬢間白
誰勸杯中綠
時傷大野麟
命問長沙鵩
夏梅山雨漬
秋瘴江雲毒
巴水白茫茫
楚山青簇簇
吟君七十韻
是我心所蓄
既去誠莫追
將來幸前勗
欲除憂惱病
當取禪經讀
須悟事皆空
無令念將屬
請思遊春夢
此夢何閃倏
艷色即空花
浮生乃焦穀
良姻在嘉偶
頃剋爲單獨
入仕欲榮身
須臾成黜辱
合者離之始
樂兮憂所伏
愁恨僧祇長
歡榮刹那促
覺悟因傍喻
迷執由當局
膏明誘闇蛾
陽焱奔癡鹿
貪爲苦聚落
愛是悲林麓
水蕩無明波
輪迴死生輻
塵應甘露灑
垢待醍醐浴
障要智燈燒
魔須慧刀戮
外熏性易染
内戰心難衄
法句與心王
期君日三復
微之常以《法句》及《心王頭陀經》相示
故申言以卒其志也","和夢遊春詩一百韻微之既到江陵
又以《夢遊春詩七十韻》寄予
且題其序曰
“斯言也
不可使不知吾者知
知吾者亦不可使不知
樂天知吾也
吾不敢不使吾子知
”予辱斯言
三復其旨
大抵悔既往而悟將來也
然予以爲苟不悔不寤則已
若悔於此
則宜悟於彼也
反於彼而悟於妄
則宜歸於真也
况與足下外服儒風﹑内宗梵行者有日矣
而今而後
非覺路之返也
非空門之歸也
將安反乎
將安歸乎
今所和者
其卒章指歸於此
夫感不甚則悔不熟
感不至則悟不深
故廣足下七十韻爲一百韻
重爲足下陳夢遊之中所以甚感者
叙婚仕之際所以至感者
欲使曲盡其妄
周知其非
然後返乎真
歸乎實
亦猶《法華經》序火宅﹑偈化城
《維摩經》入淫舍﹑過酒肆之義也
微之﹑微之
予斯文也
尤不可使不知吾者知
幸藏之爾云
昔君夢遊春
夢遊仙山曲
恍若有所遇
似愜平生欲
因尋昌蒲水
漸入桃花谷
到一紅樓家
愛之看不足
池流渡清泚
草嫩蹋綠蓐
門柳闇全低
簷櫻紅半熟
轉行深深院
過盡重重屋
烏龍卧不驚
青鳥飛相逐
漸聞玉珮響
始辨珠履躅
遥見窗下人
娉婷十五六
霞光抱明月
蓮艷開初旭
縹緲雲雨仙
氛氳蘭麝馥
風流薄梳洗
時世寬裝束
袖軟異文綾
裾輕單絲縠
裙腰銀線壓
梳掌金筐蹙
帶纈紫葡萄
袴花紅石竹
凝情都未語
付意微相矚
眉斂遠山青
鬟低片雲綠
帳牽翡翠帶
被解鴛鴦襆
秀色似堪餐
穠華如可掬
半卷錦頭席
斜鋪繡腰褥
朱脣素指匀
粉汗紅綿撲
心驚睡易覺
夢斷魂難續
籠委獨棲禽
劍分連理木
存誠期有感
誓志貞無黷
京洛八九春
未曾花裏宿
壯年徒自棄
佳會應無復
鸞歌不重聞
鳳兆從兹卜
韋門女清貴
裴氏甥賢淑
羅扇夾花燈
金鞍攢繡轂
既傾南國貌
遂坦東牀腹
劉阮心漸忘
潘楊意方睦
新修履信第
初食尚書祿
九醞備聖賢
八珍窮水陸
秦家重簫史
彦輔憐衛叔
朝饌饋獨盤
夜醪傾百斛
親賓盛輝赫
妓樂紛曄煜
宿醉纔解酲
朝歡俄枕麴
飲過君子爭
令甚將軍酷
酩酊歌鷓鴣
顛狂舞鴝鵒
月流春夜短
日下秋天速
謝傅隙奔光
蕭娘風過燭
全凋蕣花折
半死梧桐秃
闇鏡對孤鸞
哀弦留寡鵠
淒淒隔幽顯
冉冉移寒燠
萬事此時休
百身何處贖
提攜小兒女
將領舊姻族
再入朱門行
一傍青樓哭
櫪空無厩馬
水涸失池鶩
摇落廢井梧
荒凉故籬菊
莓苔上几閣
塵土生琴筑
舞榭綴蠨蛸
歌梁聚蝙蝠
嫁分紅粉妾
賣散蒼頭僕
門客思徬徨
家人泣咿噢
心期正蕭索
宦序仍拘跼
懷策入殽函
驅車辭郟鄏
逢時念既濟
聚學思大畜
端詳筮仕蓍
磨拭穿楊鏃
始從讎校職
首中賢良目
一拔侍瑶墀
再升紆繡服
誓酬君主寵
願使朝庭肅
密勿奏封章
清明操憲牘
鷹韝中病下
豸角當邪觸
糺謬靜東周
申冤動南蜀
危言詆閽寺
直氣忤鈞軸
不忍曲作鉤
乍能折爲玉
捫心無愧畏
騰口有謗讟
只要明是非
何曾虞禍福
車摧太行路
劍落酆城獄
襄漢問修途
荆蠻指殊俗
謫爲江府掾
遣事荆州牧
趨走謁麾幢
喧煩視鞭扑
簿書常自領
縲囚每親鞠
竟日坐官曹
經旬曠休沐
宅荒渚宮草
馬瘦畬田粟
薄俸等涓毫
微官同桎梏
月中照形影
天際辭骨肉
鶴病翅羽垂
獸窮爪牙縮
行看鬢間白
誰勸杯中綠
時傷大野麟
命問長沙鵩
夏梅山雨漬
秋瘴江雲毒
巴水白茫茫
楚山青簇簇
吟君七十韻
是我心所蓄
既去誠莫追
將來幸前勗
欲除憂惱病
當取禪經讀
須悟事皆空
無令念將屬
請思遊春夢
此夢何閃倏
艷色即空花
浮生乃焦穀
良姻在嘉偶
頃剋爲單獨
入仕欲榮身
須臾成黜辱
合者離之始
樂兮憂所伏
愁恨僧祇長
歡榮刹那促
覺悟因傍喻
迷執由當局
膏明誘闇蛾
陽焱奔癡鹿
貪爲苦聚落
愛是悲林麓
水蕩無明波
輪迴死生輻
塵應甘露灑
垢待醍醐浴
障要智燈燒
魔須慧刀戮
外熏性易染
内戰心難衄
法句與心王
期君日三復
微之常以《法句》及《心王頭陀經》相示
故申言以卒其志也",1557
800,poem,800,卷十四,,,雜律詩,王昭君二首其一,,,800,revised_jsonl_direct,0801,788,revised_jsonl,谱；笺；后汉书；西京杂记；青冢,后汉书；西京杂记,2,True,,0,False,1,4,"滿面胡沙滿鬢風
眉銷殘黛臉銷紅
愁苦辛勤顦顇盡
如今却似畫圖中","王昭君二首其一滿面胡沙滿鬢風
眉銷殘黛臉銷紅
愁苦辛勤顦顇盡
如今却似畫圖中",38
801,poem,801,卷十四,,,雜律詩,王昭君二首其二,,,801,revised_jsonl_direct,0802,,revised_jsonl,王直方诗话；诗话总龜前集；苕溪渔隐丛话前集；诗人玉屑；归田诗话,,0,False,,0,False,1,4,"漢使却迴憑寄語
黄金何日贖蛾眉
君王若問妾顔色
莫道不如宮裏時","王昭君二首其二漢使却迴憑寄語
黄金何日贖蛾眉
君王若問妾顔色
莫道不如宮裏時",38
802,poem,802,卷十五,,,雜律詩,渭村退居寄禮部崔侍郎翰林錢舍人詩一百韻,,,802,revised_jsonl_direct,0803,814,revised_jsonl,笺；谱；重修承旨学士壁记；答崔侍郎钱舍人书问因继以诗；登龙昌上寺望江南山怀钱舍人；汉书；文选；思玄赋；汉武故事；史记；野客丛书；白氏六帖；六帖；三国志；养拙；秋兴赋序；列女传；归去来兮辞；三辅决录；田家；春分投简阳明洞天作；礼记；韩非子；齐民要术；和微之春日投简阳明洞天五十韵；晚春沽酒；后汉书；新唐书；旧唐书；资治通鉴；西平王李晟东渭桥纪功碑；放京畿丁役及免税制；东渭桥给纳使新厅记；晋书；月赋；奉使卢陵；隋书；感春四首；涑水记闻；诗；答张彻；尔雅；谢封康乐侯表；七命；梁王菟园赋；辩命论；艺文类聚；阚子；古风；别李十一后重寄；长恨歌；曲江独行；王梵志诗校注；朝归书事寄元八；清夜游西园图；太平御览；汉官仪；唐会要；和萧洗马子显古意诗六首；浙西李大夫述梦四十韵并浙东元相公酬和斐然继声；初学记；冬夜与钱员外同直禁中；和钱员外禁中夙兴见示；唐摭言；再投李益常侍；尚书；春秋；西京赋；音义；古意赠王中书；汉官典职；闻杨十二新拜省郎遥以诗贺；鲁灵光殿赋；上林赋；暂使下都夜发新林至京邑赠西府同僚；宿蓝桥对月；闻早莺；庐山桂；和卫尉新渝侯巡城口号；唐两京城坊考；东方朔别传；长歌行；寄岳州贾司马六丈巴州严八使君两阁老五十韵；宫词百首；奉和晦日幸昆明应制；奉和中书舍人贾至早朝大明宫；和陆明府赠将军重出塞；送灵州李判官；部落曲；送吴郎中赴忠州；白虎行；太平广记；窦少卿；王氏见闻；通鉴注；玉海；陵园妾；柳公权传；翰林志；长安志；隋唐两京丛考；少阳院位置；西都赋；台中鞫狱忆开元观旧事呈损之兼赠周兄四十韵；和高仆射罢节度让尚书授少保分司喜遂游山水之作；燕翼诒谋录；升庵集；少室山房笔丛；叙德书情四十韵上宣歙崔中丞；春思赋；戯赠赵使君美人；轻薄篇；春日离合诗；奉和思黯相公以李苏州所寄太湖石奇状绝伦因题二十韵见示兼呈梦得；西游记；淮阴行五首；容斋随笔；翰院亲近；渭村退居寄钱翰林诗；上巳日恩赐曲江宴会即事；奉和新丰温泉宫应制；同太常尉迟博士阙下待漏；城东闲游；青龙寺早夏；寄陆补阙；楚辞；道州观野火；论衡；晚泊湘江；太行路；古诗十九首；武军赋；重赠卢谌；哀永逝文；韩诗外传；九日陪刘中丞宴昌乐寺送梁廷评；临楚江赋；赎鸡；庄子；题赠郑秘书征君石沟溪隐居；杏园中枣树；淮南子；音释；寒山诗注；景德传灯录；老子；易；刘统军碑；冬至日寄小侄阿宜诗；悲士不遇赋；送友封二首；维摩经；显志赋；冬夜；开善寺法会诗；隐几；大乘无生方便门；适意二首,汉书；汉武故事；史记；列女传；礼记；后汉书；晋书；月赋；诗；尔雅；汉官仪；尚书；春秋；西京赋；汉官典职；上林赋；西都赋；楚辞；论衡；韩诗外传；庄子；淮南子；老子；易,24,True,,0,False,1,200,"聖代元和歲
閑居渭水陽
不才甘命舛
多幸遇時康
朝野分倫序
賢愚定否臧
重文疏卜式
尚少棄馮唐
由是推天運
從兹樂性場
籠禽放高翥
霧豹得深藏
世慮休相擾
身謀且自强
猶須務衣食
未免事農桑
薙草通三徑
開田占一坊
晝扉扃白版
夜碓掃黄粱
隙地治場圃
閑時糞土疆
枳籬編刺夾
薤壟擘科秧
穡力嫌身病
農心願歲穰
朝衣典杯酒
佩劍博牛羊
困倚栽松鍤
飢提採蕨筐
引泉來後澗
移竹下前岡
生計雖勤苦
家資甚渺茫
塵埃常滿甑
錢帛少盈囊
弟病仍扶杖
妻愁不出房
傳衣念繿縷
舉案笑糟糠
犬吠村胥鬧
蟬鳴織婦忙
納租看縣帖
輪粟問軍倉
夕歇攀村樹
秋行繞野塘
雲容陰慘澹
月色冷悠揚
蕎麥鋪花白
棠梨間葉黄
早寒風槭槭
新霽月蒼蒼
園菜迎霜死
庭蕪過雨荒
簷空愁宿燕
壁闇思啼螿
眼爲看書損
肱因運甓傷
病骸渾似木
老鬢欲成霜
少睡知年長
端憂覺夜長
舊遊多廢忘
往事偶思量
忽憶煙霄路
常陪劍履行
登朝思檢束
入閣學趨蹌
命偶風雲會
恩覃雨露霶
沾枯發枝葉
磨鈍起鋒鋩
崔閣連鑣騖
錢兄接翼翔
齊竽混韶夏
燕石厠琳琅
同日升金馬
分宵直未央
共詞加寵命
合表謝恩光
厩馬驕初跨
天厨味始嘗
朝晡頒餅餌
寒暑賜衣裳
對秉鵝毛筆
俱含雞舌香
青縑衾薄絮
朱裏幕高張
晝食恒連案
宵眠每並牀
差肩承詔旨
連署進封章
起草偏同視
疑文最共詳
滅私容點竄
窮理析毫芒
便共輸肝膽
何曾異肺腸
慎微參石奮
決密與張湯
禁闥青交瑣
宮垣紫界牆
井欄排菡萏
簷瓦鬬鴛鴦
樓額題鳷鵲
池心浴鳳凰
風枝萬年動
温樹四時芳
宿露凝金掌
晨暉上璧璫
砌筠塗綠粉
庭果滴紅漿
曉從朝興慶
春陪宴栢梁
傳呼鞭索索
拜舞珮鏘鏘
仙仗環雙闕
神兵闢兩廂
火翻紅尾斾
冰卓白竿槍
滉瀁經魚藻
深沉近浴堂
分庭皆命婦
對院即儲皇
貴主冠浮動
親王轡鬧裝
金鈿相照耀
朱紫間熒煌
毬簇桃花騎
歌巡竹葉觴
窪去銀中貴帶
昂黛内人妝
賜禊東城下
頒酺曲水傍
樽罍分聖酒
妓樂借仙倡
淺酌看紅藥
徐吟把綠楊
宴迴過御陌
行歇入僧房
白鹿原東脚
青龍寺北廊
望春花景暖
避暑竹風凉
下直閑如社
尋芳醉似狂
有時還後到
無處不相將
雞鶴初雖雜
蕭蘭久乃彰
來燕隗貴重
去魯孔恓惶
聚散期難定
飛沉勢不常
五年同晝夜
一别似參商
屈折孤生竹
銷摧百煉剛
途窮任憔悴
道在肯慞惶
尚念遺簪折
仍憐病雀瘡
卹寒分賜帛
救餒減餘糧
藥物來盈裹
書題寄滿箱
殷勤翰林主
珍重禮闈郎
喣沫誠多謝
摶扶豈所望
提攜勞氣力
吹簸不飛揚
拙劣才何用
龍鍾分自當
妝嫫徒費黛
磨甋詎成璋
習隱將時背
干名與道妨
外身宗老氏
齊物學蒙莊
疏放遺千慮
愚蒙守一方
樂天無怨歎
倚命不劻勷
憤懣胸須豁
交加臂莫攘
珠沉猶是寶
金躍未爲祥
泥尾休摇掉
灰心罷激昂
漸閑親道友
因病事醫王
息亂歸禪定
存神入坐亡
斷癡求慧劍
濟苦得慈航
不動爲吾志
無何是我鄉
可憐身與世
從此兩相忘","渭村退居寄禮部崔侍郎翰林錢舍人詩一百韻聖代元和歲
閑居渭水陽
不才甘命舛
多幸遇時康
朝野分倫序
賢愚定否臧
重文疏卜式
尚少棄馮唐
由是推天運
從兹樂性場
籠禽放高翥
霧豹得深藏
世慮休相擾
身謀且自强
猶須務衣食
未免事農桑
薙草通三徑
開田占一坊
晝扉扃白版
夜碓掃黄粱
隙地治場圃
閑時糞土疆
枳籬編刺夾
薤壟擘科秧
穡力嫌身病
農心願歲穰
朝衣典杯酒
佩劍博牛羊
困倚栽松鍤
飢提採蕨筐
引泉來後澗
移竹下前岡
生計雖勤苦
家資甚渺茫
塵埃常滿甑
錢帛少盈囊
弟病仍扶杖
妻愁不出房
傳衣念繿縷
舉案笑糟糠
犬吠村胥鬧
蟬鳴織婦忙
納租看縣帖
輪粟問軍倉
夕歇攀村樹
秋行繞野塘
雲容陰慘澹
月色冷悠揚
蕎麥鋪花白
棠梨間葉黄
早寒風槭槭
新霽月蒼蒼
園菜迎霜死
庭蕪過雨荒
簷空愁宿燕
壁闇思啼螿
眼爲看書損
肱因運甓傷
病骸渾似木
老鬢欲成霜
少睡知年長
端憂覺夜長
舊遊多廢忘
往事偶思量
忽憶煙霄路
常陪劍履行
登朝思檢束
入閣學趨蹌
命偶風雲會
恩覃雨露霶
沾枯發枝葉
磨鈍起鋒鋩
崔閣連鑣騖
錢兄接翼翔
齊竽混韶夏
燕石厠琳琅
同日升金馬
分宵直未央
共詞加寵命
合表謝恩光
厩馬驕初跨
天厨味始嘗
朝晡頒餅餌
寒暑賜衣裳
對秉鵝毛筆
俱含雞舌香
青縑衾薄絮
朱裏幕高張
晝食恒連案
宵眠每並牀
差肩承詔旨
連署進封章
起草偏同視
疑文最共詳
滅私容點竄
窮理析毫芒
便共輸肝膽
何曾異肺腸
慎微參石奮
決密與張湯
禁闥青交瑣
宮垣紫界牆
井欄排菡萏
簷瓦鬬鴛鴦
樓額題鳷鵲
池心浴鳳凰
風枝萬年動
温樹四時芳
宿露凝金掌
晨暉上璧璫
砌筠塗綠粉
庭果滴紅漿
曉從朝興慶
春陪宴栢梁
傳呼鞭索索
拜舞珮鏘鏘
仙仗環雙闕
神兵闢兩廂
火翻紅尾斾
冰卓白竿槍
滉瀁經魚藻
深沉近浴堂
分庭皆命婦
對院即儲皇
貴主冠浮動
親王轡鬧裝
金鈿相照耀
朱紫間熒煌
毬簇桃花騎
歌巡竹葉觴
窪去銀中貴帶
昂黛内人妝
賜禊東城下
頒酺曲水傍
樽罍分聖酒
妓樂借仙倡
淺酌看紅藥
徐吟把綠楊
宴迴過御陌
行歇入僧房
白鹿原東脚
青龍寺北廊
望春花景暖
避暑竹風凉
下直閑如社
尋芳醉似狂
有時還後到
無處不相將
雞鶴初雖雜
蕭蘭久乃彰
來燕隗貴重
去魯孔恓惶
聚散期難定
飛沉勢不常
五年同晝夜
一别似參商
屈折孤生竹
銷摧百煉剛
途窮任憔悴
道在肯慞惶
尚念遺簪折
仍憐病雀瘡
卹寒分賜帛
救餒減餘糧
藥物來盈裹
書題寄滿箱
殷勤翰林主
珍重禮闈郎
喣沫誠多謝
摶扶豈所望
提攜勞氣力
吹簸不飛揚
拙劣才何用
龍鍾分自當
妝嫫徒費黛
磨甋詎成璋
習隱將時背
干名與道妨
外身宗老氏
齊物學蒙莊
疏放遺千慮
愚蒙守一方
樂天無怨歎
倚命不劻勷
憤懣胸須豁
交加臂莫攘
珠沉猶是寶
金躍未爲祥
泥尾休摇掉
灰心罷激昂
漸閑親道友
因病事醫王
息亂歸禪定
存神入坐亡
斷癡求慧劍
濟苦得慈航
不動爲吾志
無何是我鄉
可憐身與世
從此兩相忘",1219
803,poem,803,卷十五,,,雜律詩,酬盧秘書二十韻,,,803,revised_jsonl_direct,0804,815,revised_jsonl,笺；谱；元稹集；酬卢秘书诗序；喜遇白赞善学士诗二十韵；山亭思友人序；唐摭言；观放白鹰二首；侍五官中郎将建章台集诗；放歌行；太平御览；穆天子传；玉台新咏序；玉真公主别馆苦雨赠卫尉张卿二首；李都尉古剑；诗；礼记；新书；文赋；周书；为吴王谢责赴行在迟滞表；后汉书；奉和从叔光禄愔元日早朝；长庆二年七月自中书舍人出守杭州路次蓝溪作；朝回游城南；还李十一马；唐会要；开元礼；题杨颖士西亭；趋翰苑遭诬构四十六韵；左传；中书令庾肩吾墓志；官人失序表；旧唐书；史通；赠郑员外；西京杂记；南史；敦煌变文集；冬词；寄唐生,穆天子传；诗；礼记；文赋；周书；后汉书；左传；西京杂记,8,True,,0,False,1,40,"謬歷文場選
慚非翰苑才
雲霄高暫致
毛羽弱先摧
識分忘軒冕
知歸返草萊
杜陵書積蠧
豐獄劍生苔
晦厭鳴雞雨
春驚震蟄雷
舊恩收墜履
新律動寒灰
鳳詔容徐起
鵷行許重陪
衰顔雖拂拭
蹇步尚低徊
睡少鐘偏警
行遲漏苦催
風霜趁朝去
泥雪拜陵迴
上感君猶念
傍慚友或推
石頑鐫費力
女醜嫁勞媒
倏忽青春度
奔波白日穨
性將時共背
病與老俱來
聞有蓬壺客
知懷杞梓材
世家標甲地
官職滯麟臺
筆盡鉛黄點
詩成錦繡堆
嘗思豁雲霧
忽喜訪塵埃
心爲論文合
眉因勸善開
不勝珍重意
滿袖寫瓊瓌","酬盧秘書二十韻謬歷文場選
慚非翰苑才
雲霄高暫致
毛羽弱先摧
識分忘軒冕
知歸返草萊
杜陵書積蠧
豐獄劍生苔
晦厭鳴雞雨
春驚震蟄雷
舊恩收墜履
新律動寒灰
鳳詔容徐起
鵷行許重陪
衰顔雖拂拭
蹇步尚低徊
睡少鐘偏警
行遲漏苦催
風霜趁朝去
泥雪拜陵迴
上感君猶念
傍慚友或推
石頑鐫費力
女醜嫁勞媒
倏忽青春度
奔波白日穨
性將時共背
病與老俱來
聞有蓬壺客
知懷杞梓材
世家標甲地
官職滯麟臺
筆盡鉛黄點
詩成錦繡堆
嘗思豁雲霧
忽喜訪塵埃
心爲論文合
眉因勸善開
不勝珍重意
滿袖寫瓊瓌",246
804,poem,804,卷十五,,,雜律詩,題盧秘書夏日新栽竹二十韻,,,804,revised_jsonl_direct,0805,815,revised_jsonl,笺；诗；游名山志；风俗通义；尚书大传；赋得鸾台诗；雪赋；梁王菟园赋；和王著作八公山；蜀路二首；叉鱼招张功曹；神女赋；文选；寒溪；采桑；同郭参谋咏崔仆射淮南节度使厅前竹；长门赋；旧唐书；白牡丹,诗；游名山志；尚书大传；雪赋,4,True,,0,False,1,44,"湘竹初封植
盧生此考槃
久持霜節苦
新託露根難
等度須當砌
疏稠要滿欄
買憐分薄俸
栽稱作閑官
葉翦藍羅碎
莖抽玉琯端
幾聲清淅瀝
一簇綠檀欒
未夜青嵐入
先秋白露團
拂肩摇翡翠
熨手弄琅玕
韻透窗風起
陰鋪砌月殘
炎天聞覺冷
窄地見疑寬
梢動勝摇扇
枝低好掛冠
碧籠煙冪冪
珠灑雨珊珊
晚籜晴雲展
陰牙蟄虺蟠
愛從抽馬策
惜未截魚竿
松韻徒煩聽
桃夭不足觀
梁慚當家杏
臺陋本司蘭
古詩云
“盧家蘭室杏爲梁
”又
秘書府即蘭臺也
撑撥詩人興
勾牽酒客歡
靜連蘆簟滑
凉拂葛衣單
豈止消時暑
應能保歲寒
莫同凡草木
一種夏中看","題盧秘書夏日新栽竹二十韻湘竹初封植
盧生此考槃
久持霜節苦
新託露根難
等度須當砌
疏稠要滿欄
買憐分薄俸
栽稱作閑官
葉翦藍羅碎
莖抽玉琯端
幾聲清淅瀝
一簇綠檀欒
未夜青嵐入
先秋白露團
拂肩摇翡翠
熨手弄琅玕
韻透窗風起
陰鋪砌月殘
炎天聞覺冷
窄地見疑寬
梢動勝摇扇
枝低好掛冠
碧籠煙冪冪
珠灑雨珊珊
晚籜晴雲展
陰牙蟄虺蟠
愛從抽馬策
惜未截魚竿
松韻徒煩聽
桃夭不足觀
梁慚當家杏
臺陋本司蘭
古詩云
“盧家蘭室杏爲梁
”又
秘書府即蘭臺也
撑撥詩人興
勾牽酒客歡
靜連蘆簟滑
凉拂葛衣單
豈止消時暑
應能保歲寒
莫同凡草木
一種夏中看",275
805,poem,805,卷十五,,,雜律詩,渭村酬李二十見寄,,,805,revised_jsonl_direct,0806,814,revised_jsonl,笺；代书诗一百韵寄微之；永初三年七月十六日之郡初发都；文选；庄子；七贤音义；临行公车；江亭送眉州辛别驾升之；永崇里观居；看浑家牡丹花戏赠李二十,庄子,1,True,,0,False,1,8,"百里音書何太遲
暮秋把得暮春詩
柳條綠日君相憶
梨葉紅時我始知
莫歎學官貧冷落
猶勝村客病支離
形容意緒遥看取
不似華陽觀裏時","渭村酬李二十見寄百里音書何太遲
暮秋把得暮春詩
柳條綠日君相憶
梨葉紅時我始知
莫歎學官貧冷落
猶勝村客病支離
形容意緒遥看取
不似華陽觀裏時",71
806,poem,806,卷十五,,,雜律詩,初授贊善大夫早朝寄李二十助教,,,806,revised_jsonl_direct,0807,814,revised_jsonl,笺；渭村酬李二十见寄；唐书；寄杨六,,0,False,,0,False,1,8,"病身初謁青宮日
衰貌新垂白髮年
寂寞曹司非熟地
蕭條風雪是寒天
遠坊早起常侵鼓
瘦馬行遲苦費鞭
一種共君官職冷
不如猶得日高眠","初授贊善大夫早朝寄李二十助教病身初謁青宮日
衰貌新垂白髮年
寂寞曹司非熟地
蕭條風雪是寒天
遠坊早起常侵鼓
瘦馬行遲苦費鞭
一種共君官職冷
不如猶得日高眠",77
807,poem,807,卷十五,,,雜律詩,欲與元八卜鄰先有是贈,,,807,revised_jsonl_direct,0808,815,revised_jsonl,笺；答元八宗简同游曲江后明日见赠；唐两京城坊考；哭元尹诗；和元八侍御升平新居四绝句；后汉书；和乐仪同苦热；登楼歌；渭村退居寄礼部崔侍郎翰林钱舍人诗一百韵；夏旱,后汉书,1,True,,0,False,1,8,"平生心迹最相親
欲隱牆東不爲身
明月好同三徑夜
綠楊宜作兩家春
每因暫出猶思伴
豈得安居不擇鄰
可獨終身數相見
子孫長作隔牆人","欲與元八卜鄰先有是贈平生心迹最相親
欲隱牆東不爲身
明月好同三徑夜
綠楊宜作兩家春
每因暫出猶思伴
豈得安居不擇鄰
可獨終身數相見
子孫長作隔牆人",73
808,poem,808,卷十五,,,雜律詩,遊城南留元九李二十晚歸,,,808,revised_jsonl_direct,0809,815,revised_jsonl,笺；酬乐天东南行；与元九书,,0,False,,0,False,1,4,"老遊春飲莫相違
不獨花稀人亦稀
更勸殘杯看日影
猶應趁得鼓聲歸","遊城南留元九李二十晚歸老遊春飲莫相違
不獨花稀人亦稀
更勸殘杯看日影
猶應趁得鼓聲歸",42
809,poem,809,卷十五,,,雜律詩,廣宣上人以應制詩見示因以贈之詔許上人居安國寺紅樓院以詩供奉,,,809,revised_jsonl_direct,0810,815,revised_jsonl,笺；赠别宣上人；酉阳杂俎；唐会要；唐两京城坊考；红楼集；高僧传；湖中别鉴上人；宋书；南史；诗品；别译杂阿含经；大乘本生心地观经；古尊宿语录；百丈怀海大智禅师广录；维摩经；和钱员外禁中夙兴见示；缭绫；杂体诗三十首；能改斋漫录；文选；杂拟诗；题道宗上人；野客丛书；赠皎上人诗；东墟晚歇,宋书,1,True,,0,False,1,8,"道林談論惠休詩
一到人天便作師
香積筵承紫泥詔
昭陽歌唱碧雲詞
紅樓許住請平銀鑰
翠輦陪行蹋玉墀
惆悵甘泉曾侍從
與君前後不同時","廣宣上人以應制詩見示因以贈之詔許上人居安國寺紅樓院以詩供奉道林談論惠休詩
一到人天便作師
香積筵承紫泥詔
昭陽歌唱碧雲詞
紅樓許住請平銀鑰
翠輦陪行蹋玉墀
惆悵甘泉曾侍從
與君前後不同時",93
810,poem,810,卷十五,,,雜律詩,重過秘書舊房因題長句,,,810,revised_jsonl_direct,0811,815,revised_jsonl,笺,,0,False,,0,False,1,8,"閣前下馬思徘徊
第二房門手自開
昔爲白面書郎去
今作蒼鬚贊善來
吏人不識多新補
松竹相親是舊栽
應有題牆名姓在
試將衫袖拂塵埃","重過秘書舊房因題長句閣前下馬思徘徊
第二房門手自開
昔爲白面書郎去
今作蒼鬚贊善來
吏人不識多新補
松竹相親是舊栽
應有題牆名姓在
試將衫袖拂塵埃",73
811,poem,811,卷十五,,,雜律詩,重到城七絶句見元九,,,811,revised_jsonl_direct,0812,815,revised_jsonl,笺,,0,False,,0,False,1,4,"容貌一日減一日
心情十分無九分
每逢陌路猶嗟歎
何况今朝是見君","重到城七絶句見元九容貌一日減一日
心情十分無九分
每逢陌路猶嗟歎
何况今朝是見君",40
812,poem,812,卷十五,,,雜律詩,重到城七絶句高相宅,,,812,revised_jsonl_direct,0813,815,revised_jsonl,笺；唐两京城坊考；高相宅；高仆射,,0,False,,0,False,1,4,"青苔故里懷恩地
白髮新生抱病身
涕淚雖多無哭處
永寧門館屬他人","重到城七絶句高相宅青苔故里懷恩地
白髮新生抱病身
涕淚雖多無哭處
永寧門館屬他人",40
813,poem,813,卷十五,,,雜律詩,重到城七絶句張十八,,,813,revised_jsonl_direct,0814,815,revised_jsonl,笺；读张籍古乐府；与元九书；白氏文集；酬张太祝晚秋卧病见寄,,0,False,,0,False,1,4,"諫垣幾見遷遺補
憲府頻聞轉殿監
獨有詠詩張太祝
十年不改舊官銜","重到城七絶句張十八諫垣幾見遷遺補
憲府頻聞轉殿監
獨有詠詩張太祝
十年不改舊官銜",40
814,poem,814,卷十五,,,雜律詩,重到城七絶句劉家花,,,814,revised_jsonl_direct,0815,815,revised_jsonl,笺；过刘三十二故宅,,0,False,,0,False,1,4,"劉家牆上花還發
李十門前草又春
處處傷心心始悟
多情不及少情人","重到城七絶句劉家花劉家牆上花還發
李十門前草又春
處處傷心心始悟
多情不及少情人",40
815,poem,815,卷十五,,,雜律詩,重到城七絶句裴五,,,815,revised_jsonl_direct,0816,815,revised_jsonl,笺；唐人行第录；唐会要；醉后走笔酬刘五主簿长句之赠兼简张大贾二十四先辈昆季；秋胡行；思友人；霍小玉传,,0,False,,0,False,1,4,"莫怪相逢無笑語
感今思舊戟門前
張家伯仲偏相似
每見清揚一惘然","重到城七絶句裴五莫怪相逢無笑語
感今思舊戟門前
張家伯仲偏相似
每見清揚一惘然",39
816,poem,816,卷十五,,,雜律詩,重到城七絶句仇家酒,,,816,revised_jsonl_direct,0817,815,revised_jsonl,笺；东南行一百韵寄通州元九侍御,,0,False,,0,False,1,4,"年年老去歡情少
處處春來感事深
時到仇家非愛酒
醉時心勝醒時心","重到城七絶句仇家酒年年老去歡情少
處處春來感事深
時到仇家非愛酒
醉時心勝醒時心",40
817,poem,817,卷十五,,,雜律詩,重到城七絶句恒寂師,,,817,revised_jsonl_direct,0818,815,revised_jsonl,笺；元稹集；和乐天赠云寂师,,0,False,,0,False,1,4,"舊遊分散人零落
如此傷心事幾條
會逐禪師坐禪去
一時滅盡定中消","重到城七絶句恒寂師舊遊分散人零落
如此傷心事幾條
會逐禪師坐禪去
一時滅盡定中消",40
818,poem,818,卷十五,,,雜律詩,靖安北街贈李二十,,,818,revised_jsonl_direct,0819,815,revised_jsonl,笺；答姨兄胡灵之；初授赞善大夫早朝寄李二十助教；杜阳杂编,,0,False,,0,False,1,4,"楡莢抛錢柳展眉
兩人並馬語行遲
還似往年安福寺
共君私試却迴時","靖安北街贈李二十楡莢抛錢柳展眉
兩人並馬語行遲
還似往年安福寺
共君私試却迴時",39
819,poem,819,卷十五,,,雜律詩,重傷小女子,,,819,revised_jsonl_direct,0820,815,revised_jsonl,笺；金銮子晬日；仪礼；世说新语；荀子；禽经；方言,仪礼；方言,2,True,,0,False,1,8,"學人言語憑牀行
嫩似花房脆似瓊
纔知恩愛迎三歲
未辨東西過一生
汝異下殤應殺禮
吾非上聖詎忘情
傷心自歎鳩巢拙
長墮春雛養不成","重傷小女子學人言語憑牀行
嫩似花房脆似瓊
纔知恩愛迎三歲
未辨東西過一生
汝異下殤應殺禮
吾非上聖詎忘情
傷心自歎鳩巢拙
長墮春雛養不成",68
820,poem,820,卷十五,,,雜律詩,過顔處士墓,,,820,revised_jsonl_direct,0821,815,revised_jsonl,笺；左传；益州德阳县善寂寺碑；三国志；倡妇自悲赋；古诗十九首；谕友；赠内,左传,1,True,,0,False,1,8,"向墳道徑没荒榛
滿室詩書積闇塵
厚夜肯教黄壤曉
悲風不許白楊春
簞瓢顔子生仍促
布被黔婁死更貧
未會悠悠上天意
惜將富壽與何人","過顔處士墓向墳道徑没荒榛
滿室詩書積闇塵
厚夜肯教黄壤曉
悲風不許白楊春
簞瓢顔子生仍促
布被黔婁死更貧
未會悠悠上天意
惜將富壽與何人",68
821,poem,821,卷十五,,,雜律詩,題周皓大夫新亭子二十二韻,,,821,revised_jsonl_direct,0822,815,revised_jsonl,笺；宴周皓大夫光福宅；左传；两朱阁；题故曹王宅；礼记；周礼；轻肥；艺文类聚；搜神记；独异志；太平广记；朱从本；稽神录；四时纂要；奉和汴州令狐相公二十二韵；东京梦华录；太平御览；史典论；洛神赋序；日夕望江山赠鱼司马；八月十五日夜半云开然后玩月因书一时之景寄呈乐天；痁卧闻幕中诸公征乐会饮因有戏呈三十韵；吴都赋；文选；菩萨蛮；汉书；奉诚园闻笛；同李舍人东日集安乐公主山池；车中见新林分别甚盛；诗,左传；礼记；周礼；搜神记；汉书；诗,6,True,,0,False,1,46,"東道常爲主
南亭别待賓
規模何日創
景致一時新
廣砌羅紅藥
疏窗蔭綠筠
鎖開賓閣曉
梯上妓樓春
置醴寧三爵
加籩過八珍
茶香飄紫筍
膾縷落紅鱗
輝赫車輿鬧
珍奇鳥獸馴
獼猴看櫪馬
鸚鵡喚家人
錦額簾高卷
銀花盞慢巡
勸嘗光祿酒
許看洛川神
周兼光祿卿
有家妓數十人
斂翠凝歌黛
流香動舞巾
裙翻繡鸂鶒
梳陷鈿麒麟
笛怨音含楚
箏嬌語帶秦
侍兒催畫燭
醉客吐文茵
投轄多連夜
鳴珂便達晨
入朝紆紫綬
待漏擁朱輪
貴介交三事
光榮照四鄰
甘濃將奉客
穩煖不緣身
十載歌鐘地
三朝節鉞臣
愛才心倜儻
敦舊禮殷勤
門以招賢盛
家因好事貧
始知豪傑意
富貴爲交親","題周皓大夫新亭子二十二韻東道常爲主
南亭别待賓
規模何日創
景致一時新
廣砌羅紅藥
疏窗蔭綠筠
鎖開賓閣曉
梯上妓樓春
置醴寧三爵
加籩過八珍
茶香飄紫筍
膾縷落紅鱗
輝赫車輿鬧
珍奇鳥獸馴
獼猴看櫪馬
鸚鵡喚家人
錦額簾高卷
銀花盞慢巡
勸嘗光祿酒
許看洛川神
周兼光祿卿
有家妓數十人
斂翠凝歌黛
流香動舞巾
裙翻繡鸂鶒
梳陷鈿麒麟
笛怨音含楚
箏嬌語帶秦
侍兒催畫燭
醉客吐文茵
投轄多連夜
鳴珂便達晨
入朝紆紫綬
待漏擁朱輪
貴介交三事
光榮照四鄰
甘濃將奉客
穩煖不緣身
十載歌鐘地
三朝節鉞臣
愛才心倜儻
敦舊禮殷勤
門以招賢盛
家因好事貧
始知豪傑意
富貴爲交親",288
822,poem,822,卷十五,,,雜律詩,賦得聽邊鴻,,,822,revised_jsonl_direct,0823,815,revised_jsonl,笺；王昭君二首；汉书,汉书,1,True,,0,False,1,4,"驚風吹起塞鴻羣
半拂平沙半入雲
爲問昭君月下聽
何如蘇武雪中聞","賦得聽邊鴻驚風吹起塞鴻羣
半拂平沙半入雲
爲問昭君月下聽
何如蘇武雪中聞",36
823,poem,823,卷十五,,,雜律詩,見楊弘貞詩賦因題絶句以自諭,,,823,revised_jsonl_direct,0824,815,revised_jsonl,笺；酬杨九弘贞长安病中见寄；伤杨弘贞,,0,False,,0,False,1,4,"賦句詩章妙入神
未年三十即無身
常嗟薄命形顦顇
若比弘貞是幸人","見楊弘貞詩賦因題絶句以自諭賦句詩章妙入神
未年三十即無身
常嗟薄命形顦顇
若比弘貞是幸人",44
824,poem,824,卷十五,,,雜律詩,病中早春,,,824,revised_jsonl_direct,0825,815,revised_jsonl,笺,,0,False,,0,False,1,8,"今朝枕上覺頭輕
强起堦前試脚行
羶膩斷來無氣力
風痰惱得少心情
暖銷霜瓦津初合
寒減冰渠凍不成
唯有愁人鬢間雪
不隨春盡逐春生","病中早春今朝枕上覺頭輕
强起堦前試脚行
羶膩斷來無氣力
風痰惱得少心情
暖銷霜瓦津初合
寒減冰渠凍不成
唯有愁人鬢間雪
不隨春盡逐春生",67
825,poem,825,卷十五,,,雜律詩,送人貶信州判官,,,825,revised_jsonl_direct,0826,815,revised_jsonl,笺；旧唐书；释情赋；咏怀二首；博物志；唐国史补；太平广记；斑子；广异记,博物志,1,True,,0,False,1,8,"地僻山深古上饒
土風貧薄道程遥
不唯遷客須恓屑
見説居人也寂寥
溪畔毒砂藏水弩
城頭枯樹下山魈
若於此郡爲卑吏
刺史廳前又折腰","送人貶信州判官地僻山深古上饒
土風貧薄道程遥
不唯遷客須恓屑
見説居人也寂寥
溪畔毒砂藏水弩
城頭枯樹下山魈
若於此郡爲卑吏
刺史廳前又折腰",70
826,poem,826,卷十五,,,雜律詩,曲江醉後贈諸親故,,,826,revised_jsonl_direct,0827,815,revised_jsonl,笺；东郊望春酬王建安隽晚游；畴昔篇；效陶潜体诗十六首；庄子,庄子,1,True,,0,False,1,8,"郭東丘墓何年客
江畔風光幾日春
只合殷勤逐杯酒
不須疏索向交親
中天或有長生藥
下界應無不死人
除却醉來開口笑
世間何事更關身","曲江醉後贈諸親故郭東丘墓何年客
江畔風光幾日春
只合殷勤逐杯酒
不須疏索向交親
中天或有長生藥
下界應無不死人
除却醉來開口笑
世間何事更關身",71
827,poem,827,卷十五,,,雜律詩,和元八侍御升平新居四絶句看花屋,,,827,revised_jsonl_direct,0828,815,revised_jsonl,笺；答元八宗简同游曲江后明日见赠；欲与元八卜邻先有是赠,,0,False,,0,False,1,4,"忽驚映樹新開屋
却似當簷故種花
可惜年年紅似火
今春始得屬元家","和元八侍御升平新居四絶句看花屋忽驚映樹新開屋
却似當簷故種花
可惜年年紅似火
今春始得屬元家",46
828,poem,828,卷十五,,,雜律詩,和元八侍御升平新居四絶句累土山,,,828,revised_jsonl_direct,0829,,revised_jsonl,游蓝田山卜居,,0,False,,0,False,1,5,"堆土漸高山意出
終南移入户庭間
玉峰藍水應惆悵
恐見新山忘舊山
元舊居在藍田山","和元八侍御升平新居四絶句累土山堆土漸高山意出
終南移入户庭間
玉峰藍水應惆悵
恐見新山忘舊山
元舊居在藍田山",54
829,poem,829,卷十五,,,雜律詩,和元八侍御升平新居四絶句高亭,,,829,revised_jsonl_direct,0830,,revised_jsonl,,,0,False,,0,False,1,4,"亭脊太高君莫坼
東家留取當西山
好看落日斜銜處
一片春嵐映半環","和元八侍御升平新居四絶句高亭亭脊太高君莫坼
東家留取當西山
好看落日斜銜處
一片春嵐映半環",45
830,poem,830,卷十五,,,雜律詩,和元八侍御升平新居四絶句松樹,,,830,revised_jsonl_direct,0831,,revised_jsonl,,,0,False,,0,False,1,4,"白金換得青松樹
君既先栽我不栽
幸有西風易憑仗
夜深偷送好聲來","和元八侍御升平新居四絶句松樹白金換得青松樹
君既先栽我不栽
幸有西風易憑仗
夜深偷送好聲來",45
831,poem,831,卷十五,,,雜律詩,醉後却寄元九,,,831,revised_jsonl_direct,0832,815,revised_jsonl,笺；元稹集；酬乐天醉别；酬乐天东南行诗一百韵序；十年三月三日别微之于沣上十四年三月十一日夜遇微之于峡中停舟夷陵三宿而别言不尽者以诗终之因赋七言十七韵以赠且欲寄所遇之地与相见之时为他年会话张本也；沣西别乐天博载樊宗宪李景信两秀才侄谷三月三十日相饯送；城西别元九；白居易诗选；白居易年谱简编；元稹年谱；白居易年谱；长安志,,0,False,,0,False,1,4,"蒲池村裏匆匆别
灃水橋邊兀兀迴
行到城門殘酒醒
萬重離恨一時來","醉後却寄元九蒲池村裏匆匆别
灃水橋邊兀兀迴
行到城門殘酒醒
萬重離恨一時來",37
832,poem,832,卷十五,,,雜律詩,重寄,,,832,revised_jsonl_direct,0833,815,revised_jsonl,笺；战国策；晋书,战国策；晋书,2,True,,0,False,1,4,"蕭散弓驚雁
分飛劍化龍
悠悠天地内
不死會相逢","重寄蕭散弓驚雁
分飛劍化龍
悠悠天地内
不死會相逢",25
833,poem,833,卷十五,,,雜律詩,李十一舍人松園飲小酎酒得元八侍御詩序云在臺中推院有鞠獄之苦即事書懷因酬四韻,,,833,revised_jsonl_direct,0834,815,revised_jsonl,笺；早祭风伯因怀李十一舍人；西京杂记；和元八侍御升平新居四绝句；虑囚诏,西京杂记,1,True,,0,False,1,9,"愛酒舍人開小酌
能文御史寄新詩
亂松園裏醉相憶
古柏廳前忙不知
早夏我當逃暑日
晚衙君是慮囚時
唯應清夜無公事
新草亭中好一期
元於升平宅新立草亭","李十一舍人松園飲小酎酒得元八侍御詩序云在臺中推院有鞠獄之苦即事書懷因酬四韻愛酒舍人開小酌
能文御史寄新詩
亂松園裏醉相憶
古柏廳前忙不知
早夏我當逃暑日
晚衙君是慮囚時
唯應清夜無公事
新草亭中好一期
元於升平宅新立草亭",110
834,poem,834,卷十五,,,雜律詩,重到華陽觀舊居,,,834,revised_jsonl_direct,0835,814,revised_jsonl,笺；永崇里观居,,0,False,,0,False,1,4,"憶昔初年三十二
當時秋思已難堪
若爲重入華陽院
病鬢愁心四十三","重到華陽觀舊居憶昔初年三十二
當時秋思已難堪
若爲重入華陽院
病鬢愁心四十三",38
835,poem,835,卷十五,,,雜律詩,答勸酒,,,835,revised_jsonl_direct,0836,814,revised_jsonl,笺,,0,False,,0,False,1,4,"莫怪近來都不飲
幾迴因醉却沾巾
誰料平生狂酒客
如今變作酒悲人","答勸酒莫怪近來都不飲
幾迴因醉却沾巾
誰料平生狂酒客
如今變作酒悲人",34
836,poem,836,卷十五,,,雜律詩,題王侍御池亭,,,836,revised_jsonl_direct,0837,815,revised_jsonl,笺,,0,False,,0,False,1,4,"朱門深鎖春池滿
岸落薔薇水浸莎
畢竟林塘誰是主
主人來少客來多","題王侍御池亭朱門深鎖春池滿
岸落薔薇水浸莎
畢竟林塘誰是主
主人來少客來多",37
837,poem,837,卷十五,,,雜律詩,聽水部吳員外新詩因贈絶句,,,837,revised_jsonl_direct,0838,815,revised_jsonl,笺；赠吴丹；轻肥；八月十五夜闻崔大员外翰林独直对酒玩月因怀禁中清景偶题是诗；梁书；山中奉寄钱起员外兼简苗发员外,,0,False,,0,False,1,4,"朱紱仙郎白雪歌
和人雖少愛人多
明朝與向詩家道
水部如今不姓何","聽水部吳員外新詩因贈絶句朱紱仙郎白雪歌
和人雖少愛人多
明朝與向詩家道
水部如今不姓何",43
838,poem,838,卷十五,,,雜律詩,雨夜憶元九,,,838,revised_jsonl_direct,0839,815,revised_jsonl,笺；水经注；叙行赋；镊白曲,,0,False,,0,False,1,4,"天陰一日便堪愁
何况連宵雨不休
一種雨中君最苦
偏梁閣道向通州","雨夜憶元九天陰一日便堪愁
何况連宵雨不休
一種雨中君最苦
偏梁閣道向通州",36
839,poem,839,卷十五,,,雜律詩,雨中攜元九詩訪元八侍御,,,839,revised_jsonl_direct,0840,815,revised_jsonl,笺；和元八侍御升平新居四绝句,,0,False,,0,False,1,4,"微之詩卷憶同開
假日多應不入臺
好句無人堪共詠
衝泥蹋水就君來","雨中攜元九詩訪元八侍御微之詩卷憶同開
假日多應不入臺
好句無人堪共詠
衝泥蹋水就君來",42
840,poem,840,卷十五,,,雜律詩,贈楊秘書巨源,,,840,revised_jsonl_direct,0841,815,revised_jsonl,笺；唐才子传；答元八郎中杨十二博士；唐诗纪事；全唐诗话,,0,False,,0,False,1,8,"早聞一箭取遼城
相識雖新有故情
清句三朝誰是敵
白鬚四海半爲兄
貧家薙草時時入
瘦馬尋花處處行
不用更教詩過好
折君官職是聲名","贈楊秘書巨源早聞一箭取遼城
相識雖新有故情
清句三朝誰是敵
白鬚四海半爲兄
貧家薙草時時入
瘦馬尋花處處行
不用更教詩過好
折君官職是聲名",69
841,poem,841,卷十五,,,雜律詩,和武相公感韋令公舊池孔雀,,,841,revised_jsonl_direct,0842,815,revised_jsonl,笺；唐书；全唐诗；西川使宅有韦令公时孔雀存焉暇日与诸公同玩座中兼故府宾妓兴嗟久之因赋此诗用广其意；奉和武相公镇蜀时咏使宅韦太尉所养孔雀；刘禹锡集；和西川李尚书伤韦令孔雀及薛涛之什；靖安佳人怨；赠石崇；留别王侍御维,,0,False,,0,False,1,8,"索寞少顔色
池邊無主禽
難收帶泥翅
易結著人心
頂毳落殘碧
尾花銷闇金
放歸飛不得
雲海故巢深","和武相公感韋令公舊池孔雀索寞少顔色
池邊無主禽
難收帶泥翅
易結著人心
頂毳落殘碧
尾花銷闇金
放歸飛不得
雲海故巢深",59
842,poem,842,卷十五,,,雜律詩,寄生衣與微之因題封上,,,842,revised_jsonl_direct,0843,815,revised_jsonl,笺；太平御览；齐人月令；骆家亭子纳凉；寄贾岛,,0,False,,0,False,1,4,"淺色縠衫輕似霧
紡花紗袴薄於雲
莫嫌輕薄但知著
猶恐通州熱殺君","寄生衣與微之因題封上淺色縠衫輕似霧
紡花紗袴薄於雲
莫嫌輕薄但知著
猶恐通州熱殺君",41
843,poem,843,卷十五,,,雜律詩,白牡丹,,,843,revised_jsonl_direct,0844,815,revised_jsonl,笺,,0,False,,0,False,1,4,"白花冷澹無人愛
亦占芳名道牡丹
應似東宮白贊善
被人還喚作朝官","白牡丹白花冷澹無人愛
亦占芳名道牡丹
應似東宮白贊善
被人還喚作朝官",34
844,poem,844,卷十五,,,雜律詩,夢舊,,,844,revised_jsonl_direct,0845,815,revised_jsonl,笺；圆觉经；隐几,,0,False,,0,False,1,4,"别來老大苦修道
煉得離心成死灰
平生憶念消磨盡
昨夜因何入夢來","夢舊别來老大苦修道
煉得離心成死灰
平生憶念消磨盡
昨夜因何入夢來",33
845,poem,845,卷十五,,,雜律詩,戲題盧秘書新移薔薇,,,845,revised_jsonl_direct,0846,815,revised_jsonl,笺；酬卢秘书二十韵；韵语阳秋；紫薇花；蔷薇花；白居易资料汇编；谢李六郎中寄新蜀茶；除苏州刺史别洛城东花；游赵村杏花,,0,False,,0,False,1,4,"風動翠條腰嫋娜
露垂紅萼淚蘭干
移他到此須爲主
不别花人莫使看","戲題盧秘書新移薔薇風動翠條腰嫋娜
露垂紅萼淚蘭干
移他到此須爲主
不别花人莫使看",40
846,poem,846,卷十五,,,雜律詩,曲江夜歸聞元八見訪,,,846,revised_jsonl_direct,0847,815,revised_jsonl,笺；和元八侍御升平新居四绝句,,0,False,,0,False,1,4,"自入臺來見面稀
班中遥得揖容輝
早知相憶來相訪
悔待江頭明月歸","曲江夜歸聞元八見訪自入臺來見面稀
班中遥得揖容輝
早知相憶來相訪
悔待江頭明月歸",40
847,poem,847,卷十五,,,雜律詩,苦熱題恒寂師禪室,,,847,revised_jsonl_direct,0848,815,revised_jsonl,笺；恒寂师,,0,False,,0,False,1,4,"人人避暑走如狂
獨有禪師不出房
可是禪房無熱到
但能心靜即身凉","苦熱題恒寂師禪室人人避暑走如狂
獨有禪師不出房
可是禪房無熱到
但能心靜即身凉",39
848,poem,848,卷十五,,,雜律詩,微之到通州日授館未安見塵壁間有數行字讀之即僕舊詩其落句云綠水紅蓮一朵開千花百草無顔色然不知題者何人也微之吟歎不足因綴一章兼錄僕詩本同寄省其詩乃是十五年前初及第時贈長安妓人阿軟絶句緬思往事杳若夢中懷舊感今因酬長句,,,848,revised_jsonl_direct,0849,815,revised_jsonl,笺；感逝寄远；才调集；江南喜逢萧九彻因话长安旧游戏赠五十韵；白香山诗集；全唐诗；天中记；善谑集,,0,False,,0,False,1,8,"十五年前似夢遊
曾將詩句結風流
偶助笑歌嘲阿軟
可知傳誦到通州
昔教紅袖佳人唱
今遣青衫司馬愁
惆悵又聞題處所
雨淋江館破牆頭","微之到通州日授館未安見塵壁間有數行字讀之即僕舊詩其落句云綠水紅蓮一朵開千花百草無顔色然不知題者何人也微之吟歎不足因綴一章兼錄僕詩本同寄省其詩乃是十五年前初及第時贈長安妓人阿軟絶句緬思往事杳若夢中懷舊感今因酬長句十五年前似夢遊
曾將詩句結風流
偶助笑歌嘲阿軟
可知傳誦到通州
昔教紅袖佳人唱
今遣青衫司馬愁
惆悵又聞題處所
雨淋江館破牆頭",168
849,poem,849,卷十五,,,雜律詩,得微之到官後書備知通州之事悵然有感因成四章其一,,,849,revised_jsonl_direct,0850,815,revised_jsonl,谱；笺,,0,False,,0,False,1,8,"來書子細説通州
州在山根峽岸頭
四面千重火雲合
中心一道瘴江流
蟲蛇白晝攔官道
蚊蟆黄昏撲郡樓
何罪遣君居此地
天高無處問來由","得微之到官後書備知通州之事悵然有感因成四章其一來書子細説通州
州在山根峽岸頭
四面千重火雲合
中心一道瘴江流
蟲蛇白晝攔官道
蚊蟆黄昏撲郡樓
何罪遣君居此地
天高無處問來由",86
850,poem,850,卷十五,,,雜律詩,得微之到官後書備知通州之事悵然有感因成四章其二,,,850,revised_jsonl_direct,0851,902,revised_jsonl,抱朴子内篇；江南行；东南行一百韵；江州赴忠州至江陵已来舟中示舍弟五十韵；历代诗话；青箱杂记；水志；豫章漫钞；月令广义；释名；旧唐书,释名,1,True,,0,False,1,10,"匼匝巔山萬仞餘
人家應似甑中居
寅年籬下多逢虎
亥日沙頭始賣魚
衣斑梅雨長須熨
米澀畬田不解鉏
努力安心過三考
已曾愁殺李尚書
李實尙書先貶此州
身没於彼處","得微之到官後書備知通州之事悵然有感因成四章其二匼匝巔山萬仞餘
人家應似甑中居
寅年籬下多逢虎
亥日沙頭始賣魚
衣斑梅雨長須熨
米澀畬田不解鉏
努力安心過三考
已曾愁殺李尚書
李實尙書先貶此州
身没於彼處",101
851,poem,851,卷十五,,,雜律詩,得微之到官後書備知通州之事悵然有感因成四章其三,,,851,revised_jsonl_direct,0852,,revised_jsonl,汉书；后汉书；孟子,汉书；后汉书；孟子,3,True,,0,False,1,8,"人稀地僻醫巫少
夏旱秋霖瘴瘧多
老去一身須愛惜
别來四體得如何
侏儒飽笑東方朔
薏苡讒憂馬伏波
莫遣沈愁結成病
時時一唱濯纓歌","得微之到官後書備知通州之事悵然有感因成四章其三人稀地僻醫巫少
夏旱秋霖瘴瘧多
老去一身須愛惜
别來四體得如何
侏儒飽笑東方朔
薏苡讒憂馬伏波
莫遣沈愁結成病
時時一唱濯纓歌",86
852,poem,852,卷十五,,,雜律詩,得微之到官後書備知通州之事悵然有感因成四章其四,,,852,revised_jsonl_direct,0853,803,revised_jsonl,渭村退居寄礼部崔侍郎翰林钱舍人诗一百韵；文赋；文选；重寄,文赋,1,True,,0,False,1,8,"通州海内恓惶地
司馬人間冗長去官
傷鳥有弦驚不定
卧龍無水動應難
劍埋獄底誰深掘
松偃霜中盡冷看
舉目爭能不惆悵
高車大馬滿長安","得微之到官後書備知通州之事悵然有感因成四章其四通州海内恓惶地
司馬人間冗長去官
傷鳥有弦驚不定
卧龍無水動應難
劍埋獄底誰深掘
松偃霜中盡冷看
舉目爭能不惆悵
高車大馬滿長安",87
853,poem,853,卷十五,,,雜律詩,病中答招飲者,,,853,revised_jsonl_direct,0854,815,revised_jsonl,笺；题山石榴花；文苑英华；望云骓马歌；玉楼春；金瓶梅；红楼梦；春山；送谢尊师自南岳出入京,,0,False,,0,False,1,4,"顧我鏡中悲白髮
盡津上君花下醉青春
不緣眼痛兼身病
可是樽前第二人","病中答招飲者顧我鏡中悲白髮
盡津上君花下醉青春
不緣眼痛兼身病
可是樽前第二人",39
854,poem,854,卷十五,,,雜律詩,燕子樓三首其一,,,854,revised_jsonl_direct,0855,815,revised_jsonl,笺；类说；丽情集；燕子楼；绀珠集；燕子楼集；才调集；感故张仆射诸妓；唐诗纪事；张建封妓；燕子楼三首；白香山诗集；全唐诗；七修类稿；白文公年谱；质疑删存；白公年谱；唐书张建封传；旧唐书；唐才子传；登科记考；重修承旨学士壁记；翰林学士壁记注补,,0,False,,0,False,1,4,"滿窗明月滿簾霜
被冷燈殘拂卧牀
燕子樓中霜月夜
秋來只爲一人長","燕子樓三首其一滿窗明月滿簾霜
被冷燈殘拂卧牀
燕子樓中霜月夜
秋來只爲一人長",38
855,poem,855,卷十五,,,雜律詩,燕子樓三首其二,,,855,revised_jsonl_direct,0856,,revised_jsonl,法曲歌；霓裳羽衣歌,,0,False,,0,False,1,4,"鈿暈羅衫色似煙
幾迴欲著即潸然
自從不舞霓裳曲
疊在空箱十一年","燕子樓三首其二鈿暈羅衫色似煙
幾迴欲著即潸然
自從不舞霓裳曲
疊在空箱十一年",38
856,poem,856,卷十五,,,雜律詩,燕子樓三首其三,,,856,revised_jsonl_direct,0857,,revised_jsonl,,,0,False,,0,False,1,4,"今春有客洛陽迴
曾到尚書墓上來
見説白楊堪作柱
爭教紅粉不成灰","燕子樓三首其三今春有客洛陽迴
曾到尚書墓上來
見説白楊堪作柱
爭教紅粉不成灰",38
857,poem,857,卷十五,,,雜律詩,初貶官過望秦嶺,,,857,revised_jsonl_direct,0858,815,revised_jsonl,谱；笺；自望秦赴五松驿马上偶睡睡觉成吟,,0,False,,0,False,1,4,"草草辭家憂後事
遲遲去國問前途
望秦嶺上迴頭立
無限秋風吹白鬚","初貶官過望秦嶺草草辭家憂後事
遲遲去國問前途
望秦嶺上迴頭立
無限秋風吹白鬚",38
858,poem,858,卷十五,,,雜律詩,藍橋驛見元九詩,,,858,revised_jsonl_direct,0859,815,revised_jsonl,笺；宿蓝桥对月,,0,False,,0,False,1,4,"藍橋春雪君歸日
秦嶺秋風我去時
每到驛亭先下馬
循牆遶柱覓君詩","藍橋驛見元九詩藍橋春雪君歸日
秦嶺秋風我去時
每到驛亭先下馬
循牆遶柱覓君詩",38
859,poem,859,卷十五,,,雜律詩,韓公堆寄元九,,,859,revised_jsonl_direct,0860,815,revised_jsonl,笺；初出蓝田路作,,0,False,,0,False,1,4,"韓公堆北澗西頭
冷雨凉風拂面秋
努力南行少惆悵
江州猶似勝通州","韓公堆寄元九韓公堆北澗西頭
冷雨凉風拂面秋
努力南行少惆悵
江州猶似勝通州",37
860,poem,860,卷十五,,,雜律詩,發商州,,,860,revised_jsonl_direct,0861,815,revised_jsonl,笺；旧唐书；村中留李三顾言宿；哭李三,,0,False,,0,False,1,5,"商州館裏停三日
待得妻孥相逐行
若比李三猶自勝
兒啼婦哭不聞聲
時李顧言新殁","發商州商州館裏停三日
待得妻孥相逐行
若比李三猶自勝
兒啼婦哭不聞聲
時李顧言新殁",41
861,poem,861,卷十五,,,雜律詩,武關南見元九題山石榴花見寄,,,861,revised_jsonl_direct,0862,815,revised_jsonl,笺；史记；太平寰宇记；山石榴寄元九,史记,1,True,,0,False,1,4,"往來同路不同時
前後相思兩不知
行過關門三四里
榴花不見見君詩","武關南見元九題山石榴花見寄往來同路不同時
前後相思兩不知
行過關門三四里
榴花不見見君詩",44
862,poem,862,卷十五,,,雜律詩,紅鸚鵡,,,862,revised_jsonl_direct,0863,815,revised_jsonl,笺,,0,False,,0,False,1,4,"安南遠進紅鸚鵡
色似桃花語似人
文章辯慧皆如此
籠檻何年出得身","紅鸚鵡安南遠進紅鸚鵡
色似桃花語似人
文章辯慧皆如此
籠檻何年出得身",34
863,poem,863,卷十五,,,雜律詩,題四皓廟,,,863,revised_jsonl_direct,0864,815,revised_jsonl,笺；答四皓庙,,0,False,,0,False,1,4,"卧逃秦亂起安劉
舒卷如雲得自由
若有精靈應笑我
不成一事謫江州","題四皓廟卧逃秦亂起安劉
舒卷如雲得自由
若有精靈應笑我
不成一事謫江州",35
864,poem,864,卷十五,,,雜律詩,罷藥,,,864,revised_jsonl_direct,0865,815,revised_jsonl,笺；王梵志诗校注；寒山诗注,,0,False,,0,False,1,4,"自學坐禪休服藥
從他時復病沈沈
此身不要全强健
强健多生人我心","罷藥自學坐禪休服藥
從他時復病沈沈
此身不要全强健
强健多生人我心",33
865,poem,865,卷十五,,,雜律詩,白鷺,,,865,revised_jsonl_direct,0866,815,revised_jsonl,笺,,0,False,,0,False,1,4,"人生四十未全衰
我爲愁多白髮垂
何故水邊雙白鷺
無愁頭上亦垂絲","白鷺人生四十未全衰
我爲愁多白髮垂
何故水邊雙白鷺
無愁頭上亦垂絲",33
866,poem,866,卷十五,,,雜律詩,襄陽舟夜,,,866,revised_jsonl_direct,0867,815,revised_jsonl,笺；游襄阳怀孟浩然；太平寰宇记,,0,False,,0,False,1,6,"下馬襄陽郭
移舟漢陰驛
秋風截江起
寒浪連天白
本是多愁人
復此風波夕","襄陽舟夜下馬襄陽郭
移舟漢陰驛
秋風截江起
寒浪連天白
本是多愁人
復此風波夕",39
867,poem,867,卷十五,,,雜律詩,江夜舟行,,,867,revised_jsonl_direct,0868,815,revised_jsonl,笺,,0,False,,0,False,1,8,"煙澹月濛濛
舟行夜色中
江鋪滿槽水
帆展半檣風
叫曙嗷嗷雁
啼秋唧唧蟲
只應催北客
早作白鬚翁","江夜舟行煙澹月濛濛
舟行夜色中
江鋪滿槽水
帆展半檣風
叫曙嗷嗷雁
啼秋唧唧蟲
只應催北客
早作白鬚翁",51
868,poem,868,卷十五,,,雜律詩,紅藤杖,,,868,revised_jsonl_direct,0869,815,revised_jsonl,笺；蛮子朝；朱藤杖紫骢吟；白氏文集；朱藤谣；三辅黄图；太平寰宇记；封禅书；长安志,三辅黄图,1,True,,0,False,1,4,"交親過滻别
車馬到江迴
唯有紅藤杖
相隨萬里來","紅藤杖交親過滻别
車馬到江迴
唯有紅藤杖
相隨萬里來",26
869,poem,869,卷十五,,,雜律詩,江上吟元八絶句,,,869,revised_jsonl_direct,0870,815,revised_jsonl,笺；和元八侍御升平新居四绝句；梦溪笔谈；乐府诗集；乐府解题；唐诗纪事,,0,False,,0,False,1,4,"大江深處月明時
一夜吟君小律詩
應有水仙潛出聽
翻將唱作步虛詞","江上吟元八絶句大江深處月明時
一夜吟君小律詩
應有水仙潛出聽
翻將唱作步虛詞",38
870,poem,870,卷十五,,,雜律詩,途中感秋,,,870,revised_jsonl_direct,0871,815,revised_jsonl,笺；对床夜语,,0,False,,0,False,1,8,"節物行摇落
年顔坐變衰
樹初黄葉日
人欲白頭時
鄉國程程遠
親朋處處辭
唯殘病與老
一步不相離","途中感秋節物行摇落
年顔坐變衰
樹初黄葉日
人欲白頭時
鄉國程程遠
親朋處處辭
唯殘病與老
一步不相離",51
871,poem,871,卷十五,,,雜律詩,登郢州白雪樓,,,871,revised_jsonl_direct,0872,815,revised_jsonl,笺；旧唐书；太平寰宇记；舆地纪胜；图经；明一统志；春游二林寺,,0,False,,0,False,1,5,"白雪樓中一望鄉
青山簇簇水茫茫
朝來渡口逢京使
説道煙塵近洛陽
時淮西寇未平","登郢州白雪樓白雪樓中一望鄉
青山簇簇水茫茫
朝來渡口逢京使
説道煙塵近洛陽
時淮西寇未平",44
872,poem,872,卷十五,,,雜律詩,舟夜贈内,,,872,revised_jsonl_direct,0873,815,revised_jsonl,笺；太平御览；荆州记,荆州记,1,True,,0,False,1,4,"三聲猿後垂鄉淚
一葉舟中載病身
莫凭水窗南北望
月明月闇總愁人","舟夜贈内三聲猿後垂鄉淚
一葉舟中載病身
莫凭水窗南北望
月明月闇總愁人",35
873,poem,873,卷十五,,,雜律詩,逢舊,,,873,revised_jsonl_direct,0874,815,revised_jsonl,笺,,0,False,,0,False,1,4,"我梳白髮添新恨
君掃青蛾減舊容
應被傍人怪惆悵
少年離别老相逢","逢舊我梳白髮添新恨
君掃青蛾減舊容
應被傍人怪惆悵
少年離别老相逢",33
874,poem,874,卷十五,,,雜律詩,臼口阻風十日,,,874,revised_jsonl_direct,0875,815,revised_jsonl,笺；方舆胜览；左传；湖广通志；嘉庆重修一统志；淮南子；九叹,左传；淮南子,2,True,,0,False,1,8,"洪濤白浪塞江津
處處邅迴事事迍
世上方爲失途客
江頭又作阻風人
魚鰕遇雨腥盈鼻
蚊蚋和煙癢滿身
老大光陰能幾日
等閑臼口坐經旬","臼口阻風十日洪濤白浪塞江津
處處邅迴事事迍
世上方爲失途客
江頭又作阻風人
魚鰕遇雨腥盈鼻
蚊蚋和煙癢滿身
老大光陰能幾日
等閑臼口坐經旬",69
875,poem,875,卷十五,,,雜律詩,浦中夜泊,,,875,revised_jsonl_direct,0876,815,revised_jsonl,笺；芜城赋；文选；和分水岭,芜城赋,1,True,,0,False,1,4,"闇上江隄還獨立
水風霜氣夜稜稜
迴看深浦停舟處
蘆荻花中一點燈","浦中夜泊闇上江隄還獨立
水風霜氣夜稜稜
迴看深浦停舟處
蘆荻花中一點燈",35
876,poem,876,卷十五,,,雜律詩,盧侍御與崔評事爲予於黄鶴樓致宴宴罷同望,,,876,revised_jsonl_direct,0877,815,revised_jsonl,笺；卢侍御小妓乞诗座上留赠；元和郡县志；舆地纪胜；魏书；唐国史补；燕乐探微；头陀寺碑文；麈史；与卢侍御于黄鹤楼宴罢同望；太平御览；江夏记；后汉书；鹦鹉赋,魏书；后汉书；鹦鹉赋,3,True,,0,False,1,8,"江邊黄鶴古時樓
勞致華筵待我遊
楚思淼茫雲水冷
商聲清脆管絃秋
白花浪濺頭陀寺
紅葉林籠鸚鵡洲
總是平生未行處
醉來堪賞醒堪愁","盧侍御與崔評事爲予於黄鶴樓致宴宴罷同望江邊黄鶴古時樓
勞致華筵待我遊
楚思淼茫雲水冷
商聲清脆管絃秋
白花浪濺頭陀寺
紅葉林籠鸚鵡洲
總是平生未行處
醉來堪賞醒堪愁",82
877,poem,877,卷十五,,,雜律詩,舟中讀元九詩,,,877,revised_jsonl_direct,0878,815,revised_jsonl,笺；唐宋诗醇；闻乐天左降江州,,0,False,,0,False,1,4,"把君詩卷燈前讀
詩盡燈殘天未明
眼痛滅燈猶闇坐
逆風吹浪打船聲","舟中讀元九詩把君詩卷燈前讀
詩盡燈殘天未明
眼痛滅燈猶闇坐
逆風吹浪打船聲",37
878,poem,878,卷十五,,,雜律詩,舟行阻風寄李十一舍人,,,878,revised_jsonl_direct,0879,815,revised_jsonl,笺；寄李十一；李十一舍人松园饮小酎酒得元八侍御诗序云在台中推院有鞠狱之苦即事书怀因酬四韵,,0,False,,0,False,1,10,"扁舟厭泊煙波上
輕策閑尋浦嶼間
虎蹋青泥稠似印
風吹白浪大於山
且愁江郡何時到
敢望京都幾歲還
今日料君朝退後
迎寒新酎煖開顔
李十一好小酎酒
故云","舟行阻風寄李十一舍人扁舟厭泊煙波上
輕策閑尋浦嶼間
虎蹋青泥稠似印
風吹白浪大於山
且愁江郡何時到
敢望京都幾歲還
今日料君朝退後
迎寒新酎煖開顔
李十一好小酎酒
故云",84
879,poem,879,卷十五,,,雜律詩,雨中題衰柳,,,879,revised_jsonl_direct,0880,815,revised_jsonl,笺,,0,False,,0,False,1,4,"濕屈青條折
寒飄黄葉多
不知秋雨意
更遣欲如何","雨中題衰柳濕屈青條折
寒飄黄葉多
不知秋雨意
更遣欲如何",28
880,poem,880,卷十五,,,雜律詩,題王處士郊居,,,880,revised_jsonl_direct,0881,815,revised_jsonl,笺；齐故安陆昭王碑文；庄子；雉子游原泽篇,庄子,1,True,,0,False,1,8,"半依雲渚半依山
愛此令人不欲還
負郭田園八九頃
向陽茅屋兩三間
寒松縱老風標在
野鶴雖飢飲啄閑
一卧江村來早晚
著書盈帙鬢毛斑","題王處士郊居半依雲渚半依山
愛此令人不欲還
負郭田園八九頃
向陽茅屋兩三間
寒松縱老風標在
野鶴雖飢飲啄閑
一卧江村來早晚
著書盈帙鬢毛斑",69
881,poem,881,卷十五,,,雜律詩,歲晚旅望,,,881,revised_jsonl_direct,0882,815,revised_jsonl,笺；赠吴丹；祭薛殿中文；西京赋；文选；舞鹤赋；去故乡赋,西京赋；舞鹤赋,2,True,,0,False,1,8,"朝來暮去星霜換
陰慘陽舒氣序牽
萬物秋霜能壞色
四時冬日最凋年
煙波半露新沙地
鳥雀羣飛欲雪天
向晚蒼蒼南北望
窮陰旅思兩無邊","歲晚旅望朝來暮去星霜換
陰慘陽舒氣序牽
萬物秋霜能壞色
四時冬日最凋年
煙波半露新沙地
鳥雀羣飛欲雪天
向晚蒼蒼南北望
窮陰旅思兩無邊",67
882,poem,882,卷十五,,,雜律詩,晏坐閑吟,,,882,revised_jsonl_direct,0883,815,revised_jsonl,笺；宣德皇后令；送刘评事；太平广记；郑相如；广异记；贾泳；摭言；大般涅槃经；楞严经；祖堂集,,0,False,,0,False,1,8,"昔爲京洛聲華客
今作江湖老倒翁
意氣銷磨羣動裏
形骸變化百年中
霜侵殘鬢無多黑
酒伴衰顔只暫紅
賴學禪門非想定
千愁萬念一時空","晏坐閑吟昔爲京洛聲華客
今作江湖老倒翁
意氣銷磨羣動裏
形骸變化百年中
霜侵殘鬢無多黑
酒伴衰顔只暫紅
賴學禪門非想定
千愁萬念一時空",67
883,poem,883,卷十五,,,雜律詩,題李山人,,,883,revised_jsonl_direct,0884,815,revised_jsonl,笺；抱朴子内篇；宋书；政和证类本草；名医别录,宋书,1,True,,0,False,1,4,"厨無煙火室無妻
籬落蕭條屋舍低
每日將何療飢渴
井華雲粉一刀圭","題李山人厨無煙火室無妻
籬落蕭條屋舍低
每日將何療飢渴
井華雲粉一刀圭",35
884,poem,884,卷十五,,,雜律詩,讀莊子,,,884,revised_jsonl_direct,0885,815,revised_jsonl,笺；庄子,庄子,1,True,,0,False,1,4,"去國辭家謫異方
中心自怪少憂傷
爲尋莊子知歸處
認得無何是本鄉","讀莊子去國辭家謫異方
中心自怪少憂傷
爲尋莊子知歸處
認得無何是本鄉",34
885,poem,885,卷十五,,,雜律詩,江樓偶宴贈同座,,,885,revised_jsonl_direct,0886,815,revised_jsonl,笺；上林赋；文选；伊尹书；题小桥前新竹招客,上林赋,1,True,,0,False,1,8,"南浦閑行罷
西樓小宴時
望湖凭檻久
待月放杯遲
江果嘗盧橘
山歌聽竹枝
相逢且同樂
何必舊新知","江樓偶宴贈同座南浦閑行罷
西樓小宴時
望湖凭檻久
待月放杯遲
江果嘗盧橘
山歌聽竹枝
相逢且同樂
何必舊新知",54
886,poem,886,卷十五,,,雜律詩,放言五首其一,,,886,revised_jsonl_direct,0887,815,revised_jsonl,谱；笺；放言；放言五首；元稹集；招萧处士；论语；后汉书；杂兴；全唐诗；左传；论衡；芙蓉诗；礼记；史记；涟上别王秀才,论语；后汉书；左传；论衡；礼记；史记,6,True,,0,False,1,8,"朝真暮僞何人辨
古往今來底事無
但愛臧生能詐聖
可知甯子解佯愚
草螢有耀終非火
荷露雖團豈是珠
不取燔柴兼照乘
可憐光彩亦何殊","放言五首其一朝真暮僞何人辨
古往今來底事無
但愛臧生能詐聖
可知甯子解佯愚
草螢有耀終非火
荷露雖團豈是珠
不取燔柴兼照乘
可憐光彩亦何殊",69
887,poem,887,卷十五,,,雜律詩,放言五首其二,,,887,revised_jsonl_direct,0888,,revised_jsonl,老子；归园田居五首；淮南子；艺文类聚；风土记；三秦记；答桐花,老子；淮南子；风土记；三秦记,4,True,,0,False,1,8,"世途倚伏都無定
塵網牽纏卒未休
禍福迴還車轉轂
榮枯反覆手藏鉤
龜靈未免刳腸患
馬失應無折足憂
不信君看弈棋者
輸贏須待局終頭","放言五首其二世途倚伏都無定
塵網牽纏卒未休
禍福迴還車轉轂
榮枯反覆手藏鉤
龜靈未免刳腸患
馬失應無折足憂
不信君看弈棋者
輸贏須待局終頭",69
888,poem,888,卷十五,,,雜律詩,放言五首其三,,,888,revised_jsonl_direct,0889,,revised_jsonl,韩非子；颜氏家训；太平御览；水经注；易；答友问；寓意诗五首；史记；有木诗八首,易；史记,2,True,,0,False,1,10,"贈君一法決狐疑
不用鑽龜與祝蓍
試玉要燒三日滿
真玉燒三日不熱
辨材須待七年期
豫章木生七年而後知
周公恐懼流言後
王莽謙恭未篡時
向使當初身便死
一生真僞復誰知","放言五首其三贈君一法決狐疑
不用鑽龜與祝蓍
試玉要燒三日滿
真玉燒三日不熱
辨材須待七年期
豫章木生七年而後知
周公恐懼流言後
王莽謙恭未篡時
向使當初身便死
一生真僞復誰知",87
889,poem,889,卷十五,,,雜律詩,放言五首其四,,,889,revised_jsonl_direct,0890,,revised_jsonl,长安道；史记；孔戡；北邙行；寻春题诸家园林；敦煌变文集；神仙传；列子；王梵志诗校注；寒山诗注；浩歌行,史记；神仙传；列子,3,True,,0,False,1,8,"誰家第宅成還破
何處親賓哭復歌
昨日屋頭堪炙手
今朝門外好張羅
北邙未省留閑地
東海何曾有定波
莫笑賤貧誇富貴
共成枯骨兩如何","放言五首其四誰家第宅成還破
何處親賓哭復歌
昨日屋頭堪炙手
今朝門外好張羅
北邙未省留閑地
東海何曾有定波
莫笑賤貧誇富貴
共成枯骨兩如何",69
890,poem,890,卷十五,,,雜律詩,放言五首其五,,,890,revised_jsonl_direct,0891,,revised_jsonl,效陶潜体诗十六首；庄子；秋池二首；老子；列子；关尹子；维摩经；圆觉经；逍遥咏,庄子；老子；列子,3,True,,0,False,1,8,"泰山不要欺毫末
顔子無心羨老彭
松樹千年終是朽
槿花一日自爲榮
何須戀世常憂死
亦莫嫌身漫厭生
生去死來都是幻
幻人哀樂繫何情","放言五首其五泰山不要欺毫末
顔子無心羨老彭
松樹千年終是朽
槿花一日自爲榮
何須戀世常憂死
亦莫嫌身漫厭生
生去死來都是幻
幻人哀樂繫何情",69
891,poem,891,卷十五,,,雜律詩,歲暮道情二首其一,,,891,revised_jsonl_direct,0892,815,revised_jsonl,笺；诗式；道情；和孟逸人林下道情；全唐诗；述祖德诗二首；文选；庄子；叹老三首；圆觉经；金刚经,庄子,1,True,,0,False,1,4,"壯日苦曾驚歲月
長年都不惜光陰
爲學空門平等法
先齊老少死生心","歲暮道情二首其一壯日苦曾驚歲月
長年都不惜光陰
爲學空門平等法
先齊老少死生心",39
892,poem,892,卷十五,,,雜律詩,歲暮道情二首其二,,,892,revised_jsonl_direct,0893,,revised_jsonl,自题写真,,0,False,,0,False,1,4,"半故青衫半白頭
雪風吹面上江樓
禪功自見無人覺
合是愁時亦不愁","歲暮道情二首其二半故青衫半白頭
雪風吹面上江樓
禪功自見無人覺
合是愁時亦不愁",39
893,poem,893,卷十五,,,雜律詩,讀李杜詩集因題卷後,,,893,revised_jsonl_direct,0894,815,revised_jsonl,笺；唐左拾遗翰林学士李公新墓碑；旧唐书；唐故工部员外郎杜君墓系铭；北山移文；文选；尚书传；闻哭者；本事诗；蜀道难；酬卢秘书二十韵；诗品；唐国史补；松窗杂录；清平调；乐府古题序；悲陈陶；哀江头；兵车；丽人,,0,False,,0,False,1,13,"翰林江左日
員外劍南時
不得高官職
仍逢苦亂離
暮年逋客恨
浮世謫仙悲
吟詠流千古
聲名動四夷
文場供秀句
樂府待新辭
天意君須會
人間要好詩
賀監知章目李白爲謫仙人","讀李杜詩集因題卷後翰林江左日
員外劍南時
不得高官職
仍逢苦亂離
暮年逋客恨
浮世謫仙悲
吟詠流千古
聲名動四夷
文場供秀句
樂府待新辭
天意君須會
人間要好詩
賀監知章目李白爲謫仙人",92
894,poem,894,卷十五,,,雜律詩,强酒,,,894,revised_jsonl_direct,0895,815,revised_jsonl,笺；春晚东园晓思；酒泉子；敦煌变文集,,0,False,,0,False,1,4,"若不坐禪銷妄想
即須行醉放狂歌
不然秋月春風夜
爭那閑思往事何","强酒若不坐禪銷妄想
即須行醉放狂歌
不然秋月春風夜
爭那閑思往事何",33
895,poem,895,卷十五,,,雜律詩,獨樹浦雨夜寄李六郎中,,,895,revised_jsonl_direct,0896,815,revised_jsonl,笺；太平广记；谢小娥传；新唐书；华阳观桃花时招李六拾遗饮；郎官石柱题名新考订；白氏文集；李谅除泗洲刺史制；敦煌变文集；赠卢汀谏议,,0,False,,0,False,1,8,"忽憶兩家同里巷
何曾一處不追隨
閑遊預算分朝日
靜話多同待漏時
花下放狂衝黑飲
燈前起坐徹明棊
可知風雨孤舟夜
蘆葦叢中作此詩","獨樹浦雨夜寄李六郎中忽憶兩家同里巷
何曾一處不追隨
閑遊預算分朝日
靜話多同待漏時
花下放狂衝黑飲
燈前起坐徹明棊
可知風雨孤舟夜
蘆葦叢中作此詩",73
896,poem,896,卷十五,,,雜律詩,聽崔七妓人箏,,,896,revised_jsonl_direct,0897,815,revised_jsonl,笺；恨妆成；太平广记；申屠澄；河东记；太平御览；风俗通；礼乐记；隋书；京城；冯衮；抒情诗；敦煌变文集；寄润卿博士,风俗通,1,True,,0,False,1,4,"花臉雲鬟坐玉樓
十三絃裏一時愁
憑君向道休彈去
白盡江州司馬頭","聽崔七妓人箏花臉雲鬟坐玉樓
十三絃裏一時愁
憑君向道休彈去
白盡江州司馬頭",37
897,poem,897,卷十五,,,雜律詩,望江州,,,897,revised_jsonl_direct,0898,815,revised_jsonl,笺；放鱼,,0,False,,0,False,1,4,"江迴望見雙華表
知是潯陽西郭門
猶去孤舟三四里
水煙沙雨欲黄昏","望江州江迴望見雙華表
知是潯陽西郭門
猶去孤舟三四里
水煙沙雨欲黄昏",34
898,poem,898,卷十五,,,雜律詩,初到江州,,,898,revised_jsonl_direct,0899,815,revised_jsonl,笺；入蜀记；南迁录；北江诗话；南都赋；文选；说文；田舍赋；马上作,南都赋；说文,2,True,,0,False,1,8,"潯陽欲到思無窮
庾亮樓南湓口東
樹木凋疏山雨後
人家低濕水煙中
菰蔣餧馬行無力
蘆荻編房卧有風
遥見朱輪來出郭
相迎勞動使君公","初到江州潯陽欲到思無窮
庾亮樓南湓口東
樹木凋疏山雨後
人家低濕水煙中
菰蔣餧馬行無力
蘆荻編房卧有風
遥見朱輪來出郭
相迎勞動使君公",67
899,poem,899,卷十五,,,雜律詩,醉後題李馬二妓,,,899,revised_jsonl_direct,0900,815,revised_jsonl,笺；题周皓大夫新亭子二十二韵；胡旋女,,0,False,,0,False,1,8,"行摇雲髻花鈿節
應似霓裳趁管絃
艷動舞裙渾是火
愁凝歌黛欲生煙
有風縱道能迴雪
無水何由忽吐蓮
疑是兩般心未決
雨中神女月中仙","醉後題李馬二妓行摇雲髻花鈿節
應似霓裳趁管絃
艷動舞裙渾是火
愁凝歌黛欲生煙
有風縱道能迴雪
無水何由忽吐蓮
疑是兩般心未決
雨中神女月中仙",70
900,poem,900,卷十五,,,雜律詩,盧侍御小妓乞詩座上留贈,,,900,revised_jsonl_direct,0901,815,revised_jsonl,笺；卢侍御与崔评事为予于黄鹤楼致宴宴罢同望；杂谣歌辞；长安古意；山石榴寄元九；赠别太常李博士兼寄两省旧游；史记；高唐赋,史记,1,True,,0,False,1,6,"鬱金香汗裛歌巾
山石榴花染舞裙
好似文君還對酒
勝於神女不歸雲
夢中那及覺時見
宋玉荆王應羨君","盧侍御小妓乞詩座上留贈鬱金香汗裛歌巾
山石榴花染舞裙
好似文君還對酒
勝於神女不歸雲
夢中那及覺時見
宋玉荆王應羨君",58
901,poem,901,卷十六,,,雜律詩,東南行一百韻寄通州元九侍御澧州李十一舍人果州崔二十二使君開州韋大員外庾三十二補闕杜十四拾遺李二十助教員外竇七校書,,,901,revised_jsonl_direct,0902,817,revised_jsonl,笺；谱；酬乐天东南行诗一百韵诗序；因话录；感逝寄远；早祭风伯因怀李十一舍人；旧唐书；旧纪；梦与李七庾三十三同访元九；重修承旨学士壁记；翰林学士壁记注补；代书诗一百韵寄微之；南梁行；酬乐天东南行诗一百韵；唐书；史记；水经注；文选；咏怀；汉书注；江赋；论语；琵琶引；易；西京赋；古今注；汉书；说文；得微之到官后书备知通州之事怅然有感因成四章；尔雅；诗；太平广记；窦乂；干𦠆子；唐摭言；书断；画断；江楼偶宴赠同座；才调集；宫词；艺文类聚；搜神记；早发潜水驿谒郎中员外；后唐张崇修庐州外罗城记；广陵岸送北使；大历三年春白帝城放船出瞿塘峡久居夔府将适江陵；太平御览；符子；题海图屏风；登大雷岸与妹书；江西通志；纪年；吴志；周书；自觉二首；送人贬信州判官；世说新语；齐民要术；广志；游七山寺赋；新唐书；酉阳杂俎；杜牧；唐阙史；寄赠小樊；酬乐天东南行一百韵；左传；晋书；九怀；初到忠州登东楼寄万州杨八使君；洛阳道中寄弟；赠白马王彪；东观汉记；喜晴；送从弟亚赴安西判官；敬酬陈掾亲家翁秋夜有赠；庄子；礼；尚书；后汉书；周上柱国齐王宪神道碑；畴昔篇；燕丹子；相和歌辞；有所思；与元九书；白氏文集；李秀才；大唐新语；莺莺传；思玄赋；文心雕龙；丽辞；古风；帝京篇；盐鉄论；颜氏家训；战国策；太公阴符；策林序；闻早莺；初学记；汉官仪；酬谢宣城朓；五经；白虎议奏；渭村退居寄礼部崔侍郎翰林钱舍人诗一百韵；唐会要；兴庆宫；册陈公九锡文；阙下口号呈柳仪曹；立部伎；南部新书；连昌宫词；蜀都赋；风俗通；巴渝舞；昭武舞；武始；咸熙；章斌；歌舞；楚辞；仇家酒；名都篇；少年行；羽林郎；王梵志诗校注；敦煌变文集；却归巴陵途中走笔寄唐知言；敦煌变文字义通释；敦煌变文校注；送李愿归盘谷序；演兴四首；春晚题韦家亭子；大宝积经；古尊宿语录；容斋续笔；醉乡日月；骰子令；鞍马令；旗旙令；闪厌手令；抛打令；唐代酒令艺术；唐国史补；痁卧闻幕中诸公征乐会饮因有戏呈三十韵；与吴质书；舆服注；奉和简文帝太子诗；礼记；太平寰宇记；汉志；江夏记；通典；修省诏；文献通考；野燎赋；春游二林寺；庐山桂；正大姑小姑山神像议；释山；入蜀记；日夕望江山赠鱼司马；尚书注；浔阳记；补注；风土记；续齐谐记；摘园菊赠谢仆射举；和傅郎中岁暮还湘州；山居赋；春晚山行；哭子十首；淮南子；议婚；褚渊碑文；长杨赋；效陶潜体诗十六首；赠杓直；答桐花；反离骚；悼离骚；辩命论；南史；远戍江南寄京邑亲友；杂阿含经；韩非子；谏五品以上妻犯奸没官表；晋阳秋；遣病十首；元稹年谱；元和姓纂；元和姓纂四校记,史记；江赋；论语；易；西京赋；古今注；汉书；说文；尔雅；诗；搜神记；符子；吴志；周书；广志；左传；晋书；东观汉记；庄子；礼；尚书；后汉书；战国策；汉官仪；蜀都赋；风俗通；楚辞；与吴质书；礼记；风土记；淮南子；晋阳秋,32,True,,0,False,1,252,"南去經三楚
東來過五湖
山頭看候館
水面問征途
地遠窮江界
天低極海隅
飄零同落葉
浩蕩似乘桴
漸覺鄉原異
深知土産殊
夷音語嘲哳
蠻態笑睢盱
水市通闤闠
煙村混舳艫
吏徵魚户税
人納火田租
亥日饒蝦蠏
寅年足虎貙
成人男作丱
事鬼女爲巫
樓闇攢倡婦
隄喧簇販夫
夜船論鋪賃
春酒斷瓶沽
見果多盧橘
聞禽悉鷓鴣
山歌猿獨叫
野哭鳥相呼
嶺徼雲成棧
江郊水當郛
月橋翹柱鶴
風汎颭檣烏
鼇礙潮無信
蛟驚浪不虞
鼉鳴泉窟室
蜃結氣浮圖
樹裂山魈穴
沙含水弩樞
喘牛犁紫芋
羸馬放青菰
繡面誰家婢
鵶頭幾歲奴
泥中採菱芡
燒後拾樵蘇
鼎膩愁烹鼈
盤腥厭膾鱸
鍾儀徒戀楚
張翰浪思吳
氣序凉還熱
光陰旦復晡
身方逐萍梗
年欲近桑榆
渭北田園廢
江西歲月徂
憶歸恒慘澹
懷舊忽踟躕
自念咸秦客
嘗爲鄒魯儒
蘊藏經國術
輕棄度關繻
賦力凌鸚鵡
詞鋒敵轆轤
戰文重掉鞅
射策一彎弧
謂十六年予進士出身
十八年又拔萃及第
二十一年又應制
一上登科
崔杜鞭齊下
元韋轡並驅
予與崔廿二﹑杜廿四同年進士
與元九﹑韋大同敕制科
名聲逼揚馬
交分過蕭朱
世務經磨揣
周行竊覬覦
風雲皆會合
雨露各霑濡
共偶昇平代
偏慚固陋軀
承明連夜直
建禮拂晨趨
美服頒王府
珍羞降御厨
議高通白虎
諫切伏青蒲
柏殿行陪宴
花樓走看酺
神旗張鳥獸
天籟動笙竽
丸劍星芒耀
魚龍電策驅
定場排漢旅
促座進吳歈
縹緲疑仙樂
嬋娟勝畫圖
歌鬟低翠羽
舞汗墮紅珠
别選閑遊伴
潛招小飲徒
一杯愁已破
三盞氣彌粗
軟美仇家酒
幽閑葛氏姝
十千方得斗
二八正當壚
論笑杓胡硉
李十一杓直性多可
不持確論
故衆號胡硉王
談憐鞏囁嚅
竇七鞏善談謔而口微吃
衆或呼爲吃鞏
李酣尤短竇
庾醉更蔫迂
李廿身軀短小
庾卅三神貌迂徐
每因醉中
各滋本態
當時亦因爲短李蔫庾
鞍馬呼教住
骰盤喝遣輸
長驅波卷白
連擲采成盧
骰盤﹑卷白波﹑莫走﹑鞍馬
皆當時酒令
籌併頻逃席
觥嚴别置盂
滿巵那可灌
頽玉不勝扶
入視中樞草
歸乘内厩駒
醉曾衝宰相
驕不揖金吾
日近恩雖重
雲高勢却孤
翻身落霄漢
失脚到泥塗
博望移門籍
潯陽佐郡符
予自太子贊善大夫出爲江州司馬
時情變寒暑
世利算錙銖
即日辭雙闕
明朝别九衢
播遷分郡國
次第出京都
十年春
微之移佐通州
其年秋
予出佐潯陽
明年冬
杓直出牧澧州
崔二十二出牧果州
韋大牧開州
秦嶺馳三驛
商山上二邘
商山險道中
有東西二邘
峴陽亭寂寞
夏口路崎嶇
大道全生棘
中丁盡執殳
江關未徹警
淮寇尚稽誅
時淮西未平
路經襄﹑鄂二州界
所見如此
林對東西寺
山分大小姑
東林﹑西林寺在廬山北
大姑﹑小姑在廬山南彭蠡湖中
廬峰蓮刻削
湓浦帶縈紆
蓮花峰在廬山北
湓水在江城南
何遜詩云
“湓城對湓水
湓水縈如帶
”九派吞青草
潯陽江九派
南通青草﹑洞庭湖
孤城覆綠蕪
南方城壁
多以草覆
黄昏鐘寂寂
清曉角嗚嗚
春色辭門柳
秋聲到井梧
殘芳悲鶗鴂
音啼決
見《楚詞》
暮節感茱萸
蘂坼金英菊
花飄雪片蘆
波紅日斜没
沙白月平鋪
幾見林抽筍
頻驚燕引鶵
歲華何倐忽
年少不須臾
眇默思千古
蒼茫想八區
孔窮緣底事
顔夭有何辜
龍智猶經醢
龜靈未免刳
窮通應已定
聖哲不能逾
况我身謀拙
逢他厄運拘
漂流隨大海
鎚鍛任洪爐
險阻嘗之矣
栖遲命也夫
沈冥消意氣
窮餓耗肌膚
防瘴和殘藥
迎寒補舊襦
書牀鳴蟋蟀
琴匣網蜘蛛
貧室如懸磬
端憂劇守株
時遭人指點
數被鬼揶揄
兀兀都疑夢
昏昏半似愚
女驚朝不起
妻怪夜長吁
萬里抛朋侶
三年隔友于
自然悲聚散
不是恨榮枯
去夏微之瘧
今春席八徂
天涯書達否
泉下哭知無
去年
聞元九瘴瘧
書去竟未報
今春
聞席八歿
久與還往
能無慟矣
謾寫詩盈卷
空盛酒滿壺
只添新悵望
豈復舊歡娛
壯志因愁減
衰容與病俱
相逢應不識
滿頷白髭鬚","東南行一百韻寄通州元九侍御澧州李十一舍人果州崔二十二使君開州韋大員外庾三十二補闕杜十四拾遺李二十助教員外竇七校書南去經三楚
東來過五湖
山頭看候館
水面問征途
地遠窮江界
天低極海隅
飄零同落葉
浩蕩似乘桴
漸覺鄉原異
深知土産殊
夷音語嘲哳
蠻態笑睢盱
水市通闤闠
煙村混舳艫
吏徵魚户税
人納火田租
亥日饒蝦蠏
寅年足虎貙
成人男作丱
事鬼女爲巫
樓闇攢倡婦
隄喧簇販夫
夜船論鋪賃
春酒斷瓶沽
見果多盧橘
聞禽悉鷓鴣
山歌猿獨叫
野哭鳥相呼
嶺徼雲成棧
江郊水當郛
月橋翹柱鶴
風汎颭檣烏
鼇礙潮無信
蛟驚浪不虞
鼉鳴泉窟室
蜃結氣浮圖
樹裂山魈穴
沙含水弩樞
喘牛犁紫芋
羸馬放青菰
繡面誰家婢
鵶頭幾歲奴
泥中採菱芡
燒後拾樵蘇
鼎膩愁烹鼈
盤腥厭膾鱸
鍾儀徒戀楚
張翰浪思吳
氣序凉還熱
光陰旦復晡
身方逐萍梗
年欲近桑榆
渭北田園廢
江西歲月徂
憶歸恒慘澹
懷舊忽踟躕
自念咸秦客
嘗爲鄒魯儒
蘊藏經國術
輕棄度關繻
賦力凌鸚鵡
詞鋒敵轆轤
戰文重掉鞅
射策一彎弧
謂十六年予進士出身
十八年又拔萃及第
二十一年又應制
一上登科
崔杜鞭齊下
元韋轡並驅
予與崔廿二﹑杜廿四同年進士
與元九﹑韋大同敕制科
名聲逼揚馬
交分過蕭朱
世務經磨揣
周行竊覬覦
風雲皆會合
雨露各霑濡
共偶昇平代
偏慚固陋軀
承明連夜直
建禮拂晨趨
美服頒王府
珍羞降御厨
議高通白虎
諫切伏青蒲
柏殿行陪宴
花樓走看酺
神旗張鳥獸
天籟動笙竽
丸劍星芒耀
魚龍電策驅
定場排漢旅
促座進吳歈
縹緲疑仙樂
嬋娟勝畫圖
歌鬟低翠羽
舞汗墮紅珠
别選閑遊伴
潛招小飲徒
一杯愁已破
三盞氣彌粗
軟美仇家酒
幽閑葛氏姝
十千方得斗
二八正當壚
論笑杓胡硉
李十一杓直性多可
不持確論
故衆號胡硉王
談憐鞏囁嚅
竇七鞏善談謔而口微吃
衆或呼爲吃鞏
李酣尤短竇
庾醉更蔫迂
李廿身軀短小
庾卅三神貌迂徐
每因醉中
各滋本態
當時亦因爲短李蔫庾
鞍馬呼教住
骰盤喝遣輸
長驅波卷白
連擲采成盧
骰盤﹑卷白波﹑莫走﹑鞍馬
皆當時酒令
籌併頻逃席
觥嚴别置盂
滿巵那可灌
頽玉不勝扶
入視中樞草
歸乘内厩駒
醉曾衝宰相
驕不揖金吾
日近恩雖重
雲高勢却孤
翻身落霄漢
失脚到泥塗
博望移門籍
潯陽佐郡符
予自太子贊善大夫出爲江州司馬
時情變寒暑
世利算錙銖
即日辭雙闕
明朝别九衢
播遷分郡國
次第出京都
十年春
微之移佐通州
其年秋
予出佐潯陽
明年冬
杓直出牧澧州
崔二十二出牧果州
韋大牧開州
秦嶺馳三驛
商山上二邘
商山險道中
有東西二邘
峴陽亭寂寞
夏口路崎嶇
大道全生棘
中丁盡執殳
江關未徹警
淮寇尚稽誅
時淮西未平
路經襄﹑鄂二州界
所見如此
林對東西寺
山分大小姑
東林﹑西林寺在廬山北
大姑﹑小姑在廬山南彭蠡湖中
廬峰蓮刻削
湓浦帶縈紆
蓮花峰在廬山北
湓水在江城南
何遜詩云
“湓城對湓水
湓水縈如帶
”九派吞青草
潯陽江九派
南通青草﹑洞庭湖
孤城覆綠蕪
南方城壁
多以草覆
黄昏鐘寂寂
清曉角嗚嗚
春色辭門柳
秋聲到井梧
殘芳悲鶗鴂
音啼決
見《楚詞》
暮節感茱萸
蘂坼金英菊
花飄雪片蘆
波紅日斜没
沙白月平鋪
幾見林抽筍
頻驚燕引鶵
歲華何倐忽
年少不須臾
眇默思千古
蒼茫想八區
孔窮緣底事
顔夭有何辜
龍智猶經醢
龜靈未免刳
窮通應已定
聖哲不能逾
况我身謀拙
逢他厄運拘
漂流隨大海
鎚鍛任洪爐
險阻嘗之矣
栖遲命也夫
沈冥消意氣
窮餓耗肌膚
防瘴和殘藥
迎寒補舊襦
書牀鳴蟋蟀
琴匣網蜘蛛
貧室如懸磬
端憂劇守株
時遭人指點
數被鬼揶揄
兀兀都疑夢
昏昏半似愚
女驚朝不起
妻怪夜長吁
萬里抛朋侶
三年隔友于
自然悲聚散
不是恨榮枯
去夏微之瘧
今春席八徂
天涯書達否
泉下哭知無
去年
聞元九瘴瘧
書去竟未報
今春
聞席八歿
久與還往
能無慟矣
謾寫詩盈卷
空盛酒滿壺
只添新悵望
豈復舊歡娛
壯志因愁減
衰容與病俱
相逢應不識
滿頷白髭鬚",1626
902,poem,902,卷十六,,,雜律詩,謫居,,,902,revised_jsonl_direct,0903,815,revised_jsonl,谱；笺；礼记,礼记,1,True,,0,False,1,8,"面瘦頭斑四十四
遠謫江州爲郡吏
逢時棄置從不才
未老衰羸爲何事
火燒寒澗松爲燼
霜降春林花委地
遭時榮悴一時間
豈是昭昭上天意","謫居面瘦頭斑四十四
遠謫江州爲郡吏
逢時棄置從不才
未老衰羸爲何事
火燒寒澗松爲燼
霜降春林花委地
遭時榮悴一時間
豈是昭昭上天意",65
903,poem,903,卷十六,,,雜律詩,初到江州寄翰林張李杜三學士,,,903,revised_jsonl_direct,0904,815,revised_jsonl,谱；笺；续古诗十首；重寄；代东门行；长恨歌,,0,False,,0,False,1,8,"早攀霄漢上天衢
晚落風波委世途
雨露施恩無厚薄
蓬蒿隨分有榮枯
傷禽側翅驚弓箭
老婦低顔事舅姑
碧落三仙曾識面
年深記得姓名無","初到江州寄翰林張李杜三學士早攀霄漢上天衢
晚落風波委世途
雨露施恩無厚薄
蓬蒿隨分有榮枯
傷禽側翅驚弓箭
老婦低顔事舅姑
碧落三仙曾識面
年深記得姓名無",76
904,poem,904,卷十六,,,雜律詩,庾樓曉望,,,904,revised_jsonl_direct,0905,816,revised_jsonl,笺；初到江州,,0,False,,0,False,1,8,"獨憑朱檻立凌晨
山色初明水色新
竹霧曉籠銜嶺月
蘋風暖送過江春
子城陰處猶殘雪
衙鼓聲前未有塵
三百年來庾樓上
曾經多少望鄉人","庾樓曉望獨憑朱檻立凌晨
山色初明水色新
竹霧曉籠銜嶺月
蘋風暖送過江春
子城陰處猶殘雪
衙鼓聲前未有塵
三百年來庾樓上
曾經多少望鄉人",67
905,poem,905,卷十六,,,雜律詩,宿西林寺,,,905,revised_jsonl_direct,0906,816,revised_jsonl,笺；春游二林寺；广弘明集,,0,False,,0,False,1,6,"木落天晴山翠開
愛山騎馬入山來
心知不及柴桑令
一宿西林便却迴
柴桑令
劉遺民是也","宿西林寺木落天晴山翠開
愛山騎馬入山來
心知不及柴桑令
一宿西林便却迴
柴桑令
劉遺民是也",45
906,poem,906,卷十六,,,雜律詩,江樓宴别,,,906,revised_jsonl_direct,0907,816,revised_jsonl,笺；伤秦姝行；九日宴集醉题郡楼兼呈周殷二判官；乐府杂录；新唐书；唐会要；高丽；来宾引；耶婆地胡歌；静边引；婆罗门；霓裳羽衣；思归；达牟鸡胡歌；金方引；升朝阳；三部罗；三辅安,,0,False,,0,False,1,8,"樓中别曲催離酌
燈下紅裙間綠袍
縹緲楚風羅綺薄
錚摐越調管絃高
寒流帶月澄如鏡
夕吹和霜利似刀
樽酒未空歡未盡
舞腰歌袖莫辭勞","江樓宴别樓中别曲催離酌
燈下紅裙間綠袍
縹緲楚風羅綺薄
錚摐越調管絃高
寒流帶月澄如鏡
夕吹和霜利似刀
樽酒未空歡未盡
舞腰歌袖莫辭勞",67
907,poem,907,卷十六,,,雜律詩,題山石榴花,,,907,revised_jsonl_direct,0908,816,revised_jsonl,笺；山石榴寄元九；病中答招饮者,,0,False,,0,False,1,8,"一叢千朵壓欄干
翦碎紅綃却作團
風嫋舞腰香不盡
露銷妝臉淚新乾
薔薇帶刺攀應懶
菡萏生泥玩亦難
爭及此花簷户下
任人採弄盡人看","題山石榴花一叢千朵壓欄干
翦碎紅綃却作團
風嫋舞腰香不盡
露銷妝臉淚新乾
薔薇帶刺攀應懶
菡萏生泥玩亦難
爭及此花簷户下
任人採弄盡人看",68
908,poem,908,卷十六,,,雜律詩,代春贈,,,908,revised_jsonl_direct,0909,816,revised_jsonl,笺；答崔侍郎钱舍人书问因继以诗,,0,False,,0,False,1,4,"山吐晴嵐水放光
辛夷花白柳梢黄
但知莫作江西意
風景何曾異帝鄉","代春贈山吐晴嵐水放光
辛夷花白柳梢黄
但知莫作江西意
風景何曾異帝鄉",34
909,poem,909,卷十六,,,雜律詩,答春,,,909,revised_jsonl_direct,0910,816,revised_jsonl,笺,,0,False,,0,False,1,4,"草煙低重水花明
從道風光似帝京
其奈山猿江上叫
故鄉無此斷腸聲","答春草煙低重水花明
從道風光似帝京
其奈山猿江上叫
故鄉無此斷腸聲",33
910,poem,910,卷十六,,,雜律詩,櫻桃花下歎白髮,,,910,revised_jsonl_direct,0911,816,revised_jsonl,笺；迎气东郊推恩制,,0,False,,0,False,1,8,"逐處花皆好
隨年貌自衰
紅櫻滿眼日
白髮半頭時
倚樹無言久
攀條欲放遲
臨風兩堪歎
如雪復如絲","櫻桃花下歎白髮逐處花皆好
隨年貌自衰
紅櫻滿眼日
白髮半頭時
倚樹無言久
攀條欲放遲
臨風兩堪歎
如雪復如絲",54
911,poem,911,卷十六,,,雜律詩,惜落花贈崔二十四,,,911,revised_jsonl_direct,0912,816,revised_jsonl,笺；唐人行第录；白集；惜落花赠崔二十四；祭弟（行简）文；白郎中集；英华；授贾𫗧等中书舍人制；郎官考；新唐书贾𫗧传；祭崔常侍文,,0,False,,0,False,1,4,"漠漠紛紛不奈何
狂風急雨兩相和
晚來悵望君知否
枝上稀疏地上多","惜落花贈崔二十四漠漠紛紛不奈何
狂風急雨兩相和
晚來悵望君知否
枝上稀疏地上多",39
912,poem,912,卷十六,,,雜律詩,移山櫻桃,,,912,revised_jsonl_direct,0913,816,revised_jsonl,笺；唐会要,,0,False,,0,False,1,4,"亦知官舍非吾宅
且斸山櫻滿院栽
上佐近來多五考
少應四度見花開","移山櫻桃亦知官舍非吾宅
且斸山櫻滿院栽
上佐近來多五考
少應四度見花開",35
913,poem,913,卷十六,,,雜律詩,官舍閑題,,,913,revised_jsonl_direct,0914,816,revised_jsonl,笺；闻龜儿咏诗；太平御览；葵赋；齐民要术；弄龜罗,,0,False,,0,False,1,10,"職散優閑地
身慵老大時
送春唯有酒
銷日不過棋
祿米麞牙稻
園蔬鴨脚葵
飽餐仍晏起
餘暇弄龜兒
龜兒
即小侄名","官舍閑題職散優閑地
身慵老大時
送春唯有酒
銷日不過棋
祿米麞牙稻
園蔬鴨脚葵
飽餐仍晏起
餘暇弄龜兒
龜兒
即小侄名",59
914,poem,914,卷十六,,,雜律詩,晚春登大雲寺南樓贈常禪師,,,914,revised_jsonl_direct,0915,816,revised_jsonl,笺；旧唐书；大云经；宋高僧传；祖堂集；赠江州李十使君员外十四韵；修行本起经；劝酒寄元九；续高僧传；楞伽；景德传灯录；楞伽经,,0,False,,0,False,1,8,"花盡頭新白
登樓意若何
歲時春日少
世界苦人多
愁醉非因酒
悲吟不是歌
求師治此病
唯勸讀楞伽","晚春登大雲寺南樓贈常禪師花盡頭新白
登樓意若何
歲時春日少
世界苦人多
愁醉非因酒
悲吟不是歌
求師治此病
唯勸讀楞伽",59
915,poem,915,卷十六,,,雜律詩,北樓送客歸上都,,,915,revised_jsonl_direct,0916,816,revised_jsonl,笺；赴洛二首；与博昌父老书；北梦琐言；初出城留别,,0,False,,0,False,1,8,"憑高送遠一悽悽
却下朱欄即解攜
京路人歸天直北
江樓客散日平西
長津欲度迴船尾
殘酒重傾簇馬蹄
不獨别君須强飲
窮愁自要醉如泥","北樓送客歸上都憑高送遠一悽悽
却下朱欄即解攜
京路人歸天直北
江樓客散日平西
長津欲度迴船尾
殘酒重傾簇馬蹄
不獨别君須强飲
窮愁自要醉如泥",70
916,poem,916,卷十六,,,雜律詩,北亭招客,,,916,revised_jsonl_direct,0917,816,revised_jsonl,笺；代书诗一百韵寄微之,,0,False,,0,False,1,8,"疏散郡丞同野客
幽閑官舍抵山家
春風北户千莖竹
晚日東園一樹花
小盞吹醅嘗冷酒
深爐敲火炙新茶
能來盡日宮棋否
太守知慵放晚衙","北亭招客疏散郡丞同野客
幽閑官舍抵山家
春風北户千莖竹
晚日東園一樹花
小盞吹醅嘗冷酒
深爐敲火炙新茶
能來盡日宮棋否
太守知慵放晚衙",67
917,poem,917,卷十六,,,雜律詩,宿西林寺早赴東林滿上人之會因寄崔二十二員外,,,917,revised_jsonl_direct,0918,816,revised_jsonl,笺；游大林寺序；智满律师塔铭；寳刻丛编；唐寳称大律师塔铭；东南行一百韵寄通州元九侍御澧州李十一舍人果州崔二十二使君开州韦大员外庾三十二补阙杜十四拾遗李二十助教员外窦七校书；庄子；代书诗一百韵寄微之；自题写真；赎鸡；郡中即事；渭村退居寄礼部崔侍郎翰林钱舍人诗一百韵,庄子,1,True,,0,False,1,8,"謫辭魏闕鵷鸞隔
老入廬山麋鹿隨
薄暮蕭條投寺宿
凌晨清淨與僧期
雙林我起聞鐘後
隻日君趨入閣時
鵬鷃高低分皆定
莫勞心力遠相思","宿西林寺早赴東林滿上人之會因寄崔二十二員外謫辭魏闕鵷鸞隔
老入廬山麋鹿隨
薄暮蕭條投寺宿
凌晨清淨與僧期
雙林我起聞鐘後
隻日君趨入閣時
鵬鷃高低分皆定
莫勞心力遠相思",84
918,poem,918,卷十六,,,雜律詩,遊寶稱寺,,,918,revised_jsonl_direct,0919,816,revised_jsonl,笺；寳刻丛编；唐寳称大律师塔铭；智满律师塔铭；栖霞寺故大德玭律师碑,,0,False,,0,False,1,8,"竹寺初晴日
花塘欲曉春
野猿疑弄客
山鳥似呼人
酒懶傾金液
茶新碾玉塵
可憐幽靜地
堪寄老慵身","遊寶稱寺竹寺初晴日
花塘欲曉春
野猿疑弄客
山鳥似呼人
酒懶傾金液
茶新碾玉塵
可憐幽靜地
堪寄老慵身",51
919,poem,919,卷十六,,,雜律詩,早春聞提壺鳥因題鄰家,,,919,revised_jsonl_direct,0920,816,revised_jsonl,笺；寓意诗五首；再游玄都观,,0,False,,0,False,1,8,"厭聽秋猿催下淚
喜聞春鳥勸提壺
誰家紅樹先花發
何處青樓有酒沽
進士麄豪尋靜盡
拾遺風采近都無
欲期明日東鄰醉
變作騰騰一俗夫","早春聞提壺鳥因題鄰家厭聽秋猿催下淚
喜聞春鳥勸提壺
誰家紅樹先花發
何處青樓有酒沽
進士麄豪尋靜盡
拾遺風采近都無
欲期明日東鄰醉
變作騰騰一俗夫",73
920,poem,920,卷十六,,,雜律詩,見紫薇花憶微之,,,920,revised_jsonl_direct,0921,816,revised_jsonl,笺,,0,False,,0,False,1,4,"一叢暗淡將何比
淺碧籠裙儭紫巾
除却微之見應愛
人間少有别花人","見紫薇花憶微之一叢暗淡將何比
淺碧籠裙儭紫巾
除却微之見應愛
人間少有别花人",38
921,poem,921,卷十六,,,雜律詩,薔薇花一叢獨死不知其故因有是篇,,,921,revised_jsonl_direct,0922,816,revised_jsonl,笺；有木诗八首,,0,False,,0,False,1,12,"柯條未嘗損
根蕟不曾移
同類今齊茂
孤芳忽獨萎
仍憐委地日
正是帶花時
碎碧初凋葉
燋紅尚戀枝
乾坤無厚薄
草木自榮衰
欲問因何事
春風亦不知","薔薇花一叢獨死不知其故因有是篇柯條未嘗損
根蕟不曾移
同類今齊茂
孤芳忽獨萎
仍憐委地日
正是帶花時
碎碧初凋葉
燋紅尚戀枝
乾坤無厚薄
草木自榮衰
欲問因何事
春風亦不知",86
922,poem,922,卷十六,,,雜律詩,湖亭望水,,,922,revised_jsonl_direct,0923,816,revised_jsonl,笺；放鱼；首夏同诸校正游开元观因宿玩月,,0,False,,0,False,1,8,"久雨南湖漲
新晴北客過
日沉紅有影
風定綠無波
岸没閭閻少
灘平船舫多
可憐心賞處
其奈獨遊何","湖亭望水久雨南湖漲
新晴北客過
日沉紅有影
風定綠無波
岸没閭閻少
灘平船舫多
可憐心賞處
其奈獨遊何",51
923,poem,923,卷十六,,,雜律詩,閑遊,,,923,revised_jsonl_direct,0924,816,revised_jsonl,笺,,0,False,,0,False,1,8,"外事因慵廢
中懷與靜期
尋泉上山遠
看笋出林遲
白石磨樵斧
青竿理釣絲
澄清深淺好
最愛夕陽時","閑遊外事因慵廢
中懷與靜期
尋泉上山遠
看笋出林遲
白石磨樵斧
青竿理釣絲
澄清深淺好
最愛夕陽時",49
924,poem,924,卷十六,,,雜律詩,憶微之傷仲遠,,,924,revised_jsonl_direct,0925,816,revised_jsonl,笺；谱；村中留李三顾言宿；哭李三；读史五首；夏旱,,0,False,,0,False,1,12,"幽獨辭羣久
漂流去國賒
只將琴作伴
唯以酒爲家
感逝因看水
傷離爲見花
李三埋地底
元九謫天涯
舉眼青雲遠
迴頭白日斜
可能勝賈誼
猶自滯長沙","憶微之傷仲遠幽獨辭羣久
漂流去國賒
只將琴作伴
唯以酒爲家
感逝因看水
傷離爲見花
李三埋地底
元九謫天涯
舉眼青雲遠
迴頭白日斜
可能勝賈誼
猶自滯長沙",77
925,poem,925,卷十六,,,雜律詩,過鄭處士,,,925,revised_jsonl_direct,0926,816,revised_jsonl,笺,,0,False,,0,False,1,4,"聞道移居村塢間
竹林多處獨開關
故來不是求他事
暫借南亭一望山","過鄭處士聞道移居村塢間
竹林多處獨開關
故來不是求他事
暫借南亭一望山",35
926,poem,926,卷十六,,,雜律詩,霖雨苦多江湖暴漲塊然獨望因題北亭,,,926,revised_jsonl_direct,0927,816,revised_jsonl,笺,,0,False,,0,False,1,12,"自作潯陽客
無如苦雨何
陰昏晴日少
閑悶睡時多
湖闊將天合
雲低與水和
籬根舟子語
巷口釣人歌
霧鳥沉黄氣
風帆蹵白波
門前車馬道
一宿變江河","霖雨苦多江湖暴漲塊然獨望因題北亭自作潯陽客
無如苦雨何
陰昏晴日少
閑悶睡時多
湖闊將天合
雲低與水和
籬根舟子語
巷口釣人歌
霧鳥沉黄氣
風帆蹵白波
門前車馬道
一宿變江河",87
927,poem,927,卷十六,,,雜律詩,春末夏初閑遊江郭二首其一,,,927,revised_jsonl_direct,0928,816,revised_jsonl,笺,,0,False,,0,False,1,15,"閑出乘輕屐
徐行蹋軟沙
觀魚傍湓浦
看竹入楊家
湓浦多魚
浦西有楊侍郎宅
多好竹
林迸穿籬笋
藤飄落水花
雨埋釣舟小
風颺酒旗斜
嫩剝青菱角
濃煎白茗芽
淹留不知夕
城樹欲栖鵶","春末夏初閑遊江郭二首其一閑出乘輕屐
徐行蹋軟沙
觀魚傍湓浦
看竹入楊家
湓浦多魚
浦西有楊侍郎宅
多好竹
林迸穿籬笋
藤飄落水花
雨埋釣舟小
風颺酒旗斜
嫩剝青菱角
濃煎白茗芽
淹留不知夕
城樹欲栖鵶",100
928,poem,928,卷十六,,,雜律詩,春末夏初閑遊江郭二首其二,,,928,revised_jsonl_direct,0929,843,revised_jsonl,春生；授傅德昭罗州刺史裴昶维州刺史赵贽崖州刺史等制；寄生衣与微之因题封上；在郡卧病呈沈尚书；文选；释名；和许侍郎游昆明池；夏日宴宋五官宅观画障序,释名,1,True,,0,False,1,12,"柳影繁初合
鶯聲澀漸稀
早梅迎夏結
殘絮送春飛
西日韶光盡
南風暑氣微
展張新小簟
熨帖舊生衣
綠蟻杯香嫩
紅絲鱠縷肥
故園無此味
何必苦思歸","春末夏初閑遊江郭二首其二柳影繁初合
鶯聲澀漸稀
早梅迎夏結
殘絮送春飛
西日韶光盡
南風暑氣微
展張新小簟
熨帖舊生衣
綠蟻杯香嫩
紅絲鱠縷肥
故園無此味
何必苦思歸",83
929,poem,929,卷十六,,,雜律詩,紅藤杖,,,929,revised_jsonl_direct,0930,816,revised_jsonl,笺；红藤杖；放鱼；太平御览；神异经；新丰折臂翁,神异经,1,True,,0,False,1,12,"南詔紅藤杖
西江白首人
時時攜步月
處處把尋春
勁健孤莖直
疏圓六節匀
火山生處遠
瀘水洗來新
粗細纔盈手
高低僅過身
天邊望鄉客
何日拄歸秦","紅藤杖南詔紅藤杖
西江白首人
時時攜步月
處處把尋春
勁健孤莖直
疏圓六節匀
火山生處遠
瀘水洗來新
粗細纔盈手
高低僅過身
天邊望鄉客
何日拄歸秦",74
930,poem,930,卷十六,,,雜律詩,風雨中尋李十一因題船上,,,930,revised_jsonl_direct,0931,816,revised_jsonl,笺；唐人行第录；元氏集；沣西别乐天博载樊宗宪李景信两秀才侄谷三月三十日相饯送；独树浦雨夜寄李六郎中,,0,False,,0,False,1,8,"匹馬來郊外
扁舟在水濱
可憐衝雨客
來訪阻風人
小榼沽清醑
行厨煑白鱗
停杯看柳色
各憶故園春","風雨中尋李十一因題船上匹馬來郊外
扁舟在水濱
可憐衝雨客
來訪阻風人
小榼沽清醑
行厨煑白鱗
停杯看柳色
各憶故園春",58
931,poem,931,卷十六,,,雜律詩,題廬山山下湯泉,,,931,revised_jsonl_direct,0932,816,revised_jsonl,笺；太平寰宇记；庐山记；骊宫高,庐山记,1,True,,0,False,1,4,"一眼湯泉流向東
浸泥澆草煖無功
驪山温水因何事
流入金鋪玉甃中","題廬山山下湯泉一眼湯泉流向東
浸泥澆草煖無功
驪山温水因何事
流入金鋪玉甃中",38
932,poem,932,卷十六,,,雜律詩,寄蘄州簟與元九因題六韻,,,932,revised_jsonl_direct,0933,816,revised_jsonl,笺；旧唐书；方舆胜览；施注苏诗；蕲春地志；郑群赠簟；清簟赋；寄李蕲州,,0,False,,0,False,1,12,"笛竹出蘄春
霜刀劈翠筠
織成雙入簟
寄與獨眠人
卷作筒中信
舒爲席上珍
滑如鋪薤葉
冷似卧龍鱗
清潤宜乘露
鮮華不受塵
通州炎瘴地
此物最關身","寄蘄州簟與元九因題六韻笛竹出蘄春
霜刀劈翠筠
織成雙入簟
寄與獨眠人
卷作筒中信
舒爲席上珍
滑如鋪薤葉
冷似卧龍鱗
清潤宜乘露
鮮華不受塵
通州炎瘴地
此物最關身",82
933,poem,933,卷十六,,,雜律詩,秋熱,,,933,revised_jsonl_direct,0934,816,revised_jsonl,笺；苦热行,,0,False,,0,False,1,4,"西江風候接南威
暑氣常多秋氣微
猶道江州最凉冷
至今九月著生衣","秋熱西江風候接南威
暑氣常多秋氣微
猶道江州最凉冷
至今九月著生衣",33
934,poem,934,卷十六,,,雜律詩,題元十八谿居,,,934,revised_jsonl_direct,0935,816,revised_jsonl,笺；题元十八溪亭；庐山志；山石榴寄元九；东林寺白莲,,0,False,,0,False,1,8,"溪嵐漠漠樹重重
水檻山窗次第逢
晚葉尚開紅躑躅
秋房初結白芙蓉
聲來枕上千年鶴
影落杯中五老峰
更愧殷勤留客意
魚鮮飯細酒香濃","題元十八谿居溪嵐漠漠樹重重
水檻山窗次第逢
晚葉尚開紅躑躅
秋房初結白芙蓉
聲來枕上千年鶴
影落杯中五老峰
更愧殷勤留客意
魚鮮飯細酒香濃",69
935,poem,935,卷十六,,,雜律詩,晚出西郊,,,935,revised_jsonl_direct,0936,816,revised_jsonl,笺；白发赋；秋日炼药院镊白发赠元六兄林宗,,0,False,,0,False,1,8,"散吏閑如客
貧州冷似村
早凉湖北岸
殘照郭西門
懶鑷從鬚白
休治任眼昏
老來何所用
少興不多言","晚出西郊散吏閑如客
貧州冷似村
早凉湖北岸
殘照郭西門
懶鑷從鬚白
休治任眼昏
老來何所用
少興不多言",51
936,poem,936,卷十六,,,雜律詩,階下蓮,,,936,revised_jsonl_direct,0937,816,revised_jsonl,笺,,0,False,,0,False,1,4,"葉展影翻當砌月
花開香散入簾風
不如種在天池上
猶勝生於野水中","階下蓮葉展影翻當砌月
花開香散入簾風
不如種在天池上
猶勝生於野水中",34
937,poem,937,卷十六,,,雜律詩,端居詠懷,,,937,revised_jsonl_direct,0938,816,revised_jsonl,笺；读史五首；东南行一百韵寄通州元九侍御澧州李十一舍人果州崔二十二使君开州韦大员外庾三十二补阙杜十四拾遗李二十助教员外窦七校书；和梦游春诗一百韵；史记,史记,1,True,,0,False,1,8,"賈生俟罪心相似
張翰思歸事不如
斜日早知驚鵩鳥
秋風悔不憶鱸魚
胸襟曾貯匡時策
懷袖猶殘諫獵書
從此萬緣都擺落
欲攜妻子買山居","端居詠懷賈生俟罪心相似
張翰思歸事不如
斜日早知驚鵩鳥
秋風悔不憶鱸魚
胸襟曾貯匡時策
懷袖猶殘諫獵書
從此萬緣都擺落
欲攜妻子買山居",67
938,poem,938,卷十六,,,雜律詩,夜宿江浦聞元八改官因寄此什,,,938,revised_jsonl_direct,0939,816,revised_jsonl,谱；笺；答元八宗简同游曲江后明日见赠；效陶潜体诗十六首,,0,False,,0,False,1,8,"君遊丹陛已三遷
我汎滄浪欲二年
劍珮曉趨雙鳳闕
煙波夜宿一漁船
交親盡在青雲上
鄉國遥抛白日邊
若報生涯應笑殺
結茅栽芋種畬田","夜宿江浦聞元八改官因寄此什君遊丹陛已三遷
我汎滄浪欲二年
劍珮曉趨雙鳳闕
煙波夜宿一漁船
交親盡在青雲上
鄉國遥抛白日邊
若報生涯應笑殺
結茅栽芋種畬田",76
939,poem,939,卷十六,,,雜律詩,百花亭,,,939,revised_jsonl_direct,0940,816,revised_jsonl,笺；舆地纪胜；归魂赋；送元公之鄂渚寻观主张骖鸾；代书诗一百韵寄微之；宿桐庐馆同崔存度醉后作,,0,False,,0,False,1,8,"朱檻在空虛
凉風八月初
山形如峴首
江色似桐廬
佛寺乘船入
人家枕水居
高亭仍有月
今夜宿何如","百花亭朱檻在空虛
凉風八月初
山形如峴首
江色似桐廬
佛寺乘船入
人家枕水居
高亭仍有月
今夜宿何如",50
940,poem,940,卷十六,,,雜律詩,江樓早秋,,,940,revised_jsonl_direct,0941,816,revised_jsonl,笺；思归,,0,False,,0,False,1,12,"南國雖多熱
秋來亦不遲
湖光朝霽後
竹氣晚凉時
樓閣宜佳客
江山入好詩
清風水蘋葉
白露木蘭枝
欲作雲泉計
須營伏臈資
匡廬一步地
官滿更何之","江樓早秋南國雖多熱
秋來亦不遲
湖光朝霽後
竹氣晚凉時
樓閣宜佳客
江山入好詩
清風水蘋葉
白露木蘭枝
欲作雲泉計
須營伏臈資
匡廬一步地
官滿更何之",75
941,poem,941,卷十六,,,雜律詩,送客之湖南,,,941,revised_jsonl_direct,0943,816,revised_jsonl,笺；庄子；太平广记；山精；异苑；东南行一百韵寄通州元九侍御澧州李十一舍人果州崔二十二使君开州韦大员外庾三十二补阙杜十四拾遗李二十助教员外窦七校书；初学记；纂要；太平御览；风土记；多病执热奉懐李尚书；相和歌辞,庄子；异苑；纂要；风土记,4,True,,0,False,1,8,"年年漸見南方物
事事堪傷北客情
山鬼趫跳唯一足
峽猿哀怨過三聲
帆開青草湖中去
衣濕黄梅雨裏行
别後雙魚難定寄
近來潮不到湓城","送客之湖南年年漸見南方物
事事堪傷北客情
山鬼趫跳唯一足
峽猿哀怨過三聲
帆開青草湖中去
衣濕黄梅雨裏行
别後雙魚難定寄
近來潮不到湓城",68
942,poem,942,卷十六,,,雜律詩,百花亭晚望夜歸,,,942,revised_jsonl_direct,0943,816,revised_jsonl,笺,,0,False,,0,False,1,8,"百花亭上晚徘徊
雲景陰晴掩復開
日色悠揚映山盡
雨聲蕭颯渡江來
鬢毛遇病雙如雪
心緒逢秋一似灰
向夜欲歸愁未了
滿湖明月小船迴","百花亭晚望夜歸百花亭上晚徘徊
雲景陰晴掩復開
日色悠揚映山盡
雨聲蕭颯渡江來
鬢毛遇病雙如雪
心緒逢秋一似灰
向夜欲歸愁未了
滿湖明月小船迴",70
943,poem,943,卷十六,,,雜律詩,西樓,,,943,revised_jsonl_direct,0944,816,revised_jsonl,笺；湖亭晚望残水；春游二林寺,,0,False,,0,False,1,8,"小郡大江邊
危樓夕照前
青蕪卑濕地
白露泬寥天
鄉國此時阻
家書何處傳
仍聞陳蔡戍
轉戰已三年","西樓小郡大江邊
危樓夕照前
青蕪卑濕地
白露泬寥天
鄉國此時阻
家書何處傳
仍聞陳蔡戍
轉戰已三年",49
944,poem,944,卷十六,,,雜律詩,尋李道士山居兼呈元明府,,,944,revised_jsonl_direct,0945,816,revised_jsonl,笺；访陶公旧宅；太平御览；茅君传,,0,False,,0,False,1,8,"盡日行還歇
遲遲獨上山
攀藤老筋力
照水病容顔
陶巷招居住
茅家許往還
飽諳榮辱事
無意戀人間","尋李道士山居兼呈元明府盡日行還歇
遲遲獨上山
攀藤老筋力
照水病容顔
陶巷招居住
茅家許往還
飽諳榮辱事
無意戀人間",58
945,poem,945,卷十六,,,雜律詩,四十五,,,945,revised_jsonl_direct,0946,816,revised_jsonl,笺,,0,False,,0,False,1,8,"行年四十五
兩鬢半蒼蒼
清瘦詩成癖
粗豪酒放狂
老來尤委命
安處即爲鄉
或擬廬山下
來春結草堂","四十五行年四十五
兩鬢半蒼蒼
清瘦詩成癖
粗豪酒放狂
老來尤委命
安處即爲鄉
或擬廬山下
來春結草堂",50
946,poem,946,卷十六,,,雜律詩,寄李相公崔侍郎錢舍人,,,946,revised_jsonl_direct,0947,816,revised_jsonl,笺；旧唐书；答户部崔侍郎书；白氏文集；重修承旨学士壁记；答崔侍郎钱舍人书问因继以诗；东阳金华山栖志；与英才言聚赋得升天行；始居山营室；奉和春日游龙门应制；大般涅槃经；题浔阳楼,,0,False,,0,False,1,8,"曾陪鶴馭兩三仙
親侍龍輿四五年
天上歡華春有限
世間漂泊海無邊
榮枯事過都成夢
憂喜心忘便是禪
官滿更歸何處去
香爐峰在宅門前","寄李相公崔侍郎錢舍人曾陪鶴馭兩三仙
親侍龍輿四五年
天上歡華春有限
世間漂泊海無邊
榮枯事過都成夢
憂喜心忘便是禪
官滿更歸何處去
香爐峰在宅門前",73
947,poem,947,卷十六,,,雜律詩,廳前桂,,,947,revised_jsonl_direct,0948,816,revised_jsonl,笺；庐山桂,,0,False,,0,False,1,4,"天台嶺上凌霜樹
司馬廳前委地叢
一種不生明月裏
山中猶校勝塵中","廳前桂天台嶺上凌霜樹
司馬廳前委地叢
一種不生明月裏
山中猶校勝塵中",34
948,poem,948,卷十六,,,雜律詩,尋王道士藥堂因有題贈,,,948,revised_jsonl_direct,0949,816,revised_jsonl,笺；春中与卢四周谅华阳观同居；艺文类聚；神仙传；云笈七签；丹论诀旨心照五篇；金碧经；还金术三篇；游仙诗；归田三首；梦仙,神仙传；游仙诗,2,True,,0,False,1,8,"行行覓路緣松嶠
步步尋花到杏壇
白石先生小有洞
黄牙姹女大還丹
常悲東郭千家冢
欲乞西山五色丸
但恐長生須有籍
仙臺試爲撿名看","尋王道士藥堂因有題贈行行覓路緣松嶠
步步尋花到杏壇
白石先生小有洞
黄牙姹女大還丹
常悲東郭千家冢
欲乞西山五色丸
但恐長生須有籍
仙臺試爲撿名看",73
949,poem,949,卷十六,,,雜律詩,秋晚,,,949,revised_jsonl_direct,0950,816,revised_jsonl,笺；列女传；杨六尚书新授东川节度使代妻戏贺兄嫂二绝,列女传,1,True,,0,False,1,8,"籬菊花稀砌桐落
樹陰離離日色薄
單幕疏簾貧寂寞
凉風冷露秋蕭索
光陰流轉忽已晚
顔色凋殘不如昨
萊妻卧病月明時
不擣寒衣空擣藥","秋晚籬菊花稀砌桐落
樹陰離離日色薄
單幕疏簾貧寂寞
凉風冷露秋蕭索
光陰流轉忽已晚
顔色凋殘不如昨
萊妻卧病月明時
不擣寒衣空擣藥",65
950,poem,950,卷十六,,,雜律詩,南浦歲暮對酒送王十五歸京,,,950,revised_jsonl_direct,0951,816,revised_jsonl,笺；王梵志诗校注；祖堂集；乐道歌；旧唐书,,0,False,,0,False,1,8,"臘後冰生覆湓水
夜來雲闇失廬山
風飄細雪落如米
索索蕭蕭蘆葦間
此地二年留我住
今朝一酌送君還
相看漸老無過醉
聚散窮通總是閑","南浦歲暮對酒送王十五歸京臘後冰生覆湓水
夜來雲闇失廬山
風飄細雪落如米
索索蕭蕭蘆葦間
此地二年留我住
今朝一酌送君還
相看漸老無過醉
聚散窮通總是閑",75
951,poem,951,卷十六,,,雜律詩,除夜,,,951,revised_jsonl_direct,0952,816,revised_jsonl,谱；笺,,0,False,,0,False,1,8,"薄晚支頤坐
中宵枕臂眠
一從身去國
再見日周天
老度江南歲
春抛渭北田
潯陽來早晚
明日是三年","除夜薄晚支頤坐
中宵枕臂眠
一從身去國
再見日周天
老度江南歲
春抛渭北田
潯陽來早晚
明日是三年",49
952,poem,952,卷十六,,,雜律詩,聞李十一出牧澧州崔二十二出牧果州因寄絶句,,,952,revised_jsonl_direct,0953,816,revised_jsonl,笺；东南行一百韵寄通州元九侍御澧州李十一舍人果州崔二十二使君开州韦大员外庾三十二补阙杜十四拾遗李二十助教员外窦七校书,,0,False,,0,False,1,4,"平生相見即眉開
靜念無如李與崔
各是天涯爲刺史
緣何不覓九江來","聞李十一出牧澧州崔二十二出牧果州因寄絶句平生相見即眉開
靜念無如李與崔
各是天涯爲刺史
緣何不覓九江來",51
953,poem,953,卷十六,,,雜律詩,元和十二年淮寇未平詔停歲仗憤然有感率爾成章,,,953,revised_jsonl_direct,0954,817,revised_jsonl,谱；笺；旧唐书；元日仗；旧五代史；赋得帘尘；婕妤怨；敦煌变文集；和梦游春诗一百韵；汉书,汉书,1,True,,0,False,1,8,"聞停歲仗軫皇情
應爲淮西寇未平
不分氣從歌裏發
無明心向酒中生
愚計忽思飛短檄
狂心便欲請長纓
從來妄動多如此
自笑何曾得事成","元和十二年淮寇未平詔停歲仗憤然有感率爾成章聞停歲仗軫皇情
應爲淮西寇未平
不分氣從歌裏發
無明心向酒中生
愚計忽思飛短檄
狂心便欲請長纓
從來妄動多如此
自笑何曾得事成",84
954,poem,954,卷十六,,,雜律詩,庾樓新歲,,,954,revised_jsonl_direct,0955,817,revised_jsonl,笺；初到江州,,0,False,,0,False,1,4,"歲時銷旅貌
風景觸鄉愁
牢落江湖意
新年上庾樓","庾樓新歲歲時銷旅貌
風景觸鄉愁
牢落江湖意
新年上庾樓",27
955,poem,955,卷十六,,,雜律詩,上香爐峰,,,955,revised_jsonl_direct,0956,817,revised_jsonl,笺；题浔阳楼,,0,False,,0,False,1,4,"倚石攀蘿歇病身
青笻竹杖白紗巾
他時畫出廬山鄣
便是香爐峰上人","上香爐峰倚石攀蘿歇病身
青笻竹杖白紗巾
他時畫出廬山鄣
便是香爐峰上人",35
956,poem,956,卷十六,,,雜律詩,憶微之,,,956,revised_jsonl_direct,0957,817,revised_jsonl,笺；易；流夜郎半道承恩放还兼欣克复之美书怀示息秀才,易,1,True,,0,False,1,8,"與君何日出屯蒙
魚戀江湖鳥厭籠
分手各抛滄海畔
折腰俱老綠衫中
三年隔闊音塵斷
兩地飄零氣味同
又被新年勸相憶
柳條黄軟欲春風","憶微之與君何日出屯蒙
魚戀江湖鳥厭籠
分手各抛滄海畔
折腰俱老綠衫中
三年隔闊音塵斷
兩地飄零氣味同
又被新年勸相憶
柳條黄軟欲春風",66
957,poem,957,卷十六,,,雜律詩,雨夜贈元十八,,,957,revised_jsonl_direct,0958,817,revised_jsonl,笺；题元十八溪亭；史记；祖堂集,史记,1,True,,0,False,1,8,"卑濕沙頭宅
連陰雨夜天
共聽簷溜滴
心事兩悠然
把酒循環飲
移牀曲尺眠
莫言非故舊
相識已三年","雨夜贈元十八卑濕沙頭宅
連陰雨夜天
共聽簷溜滴
心事兩悠然
把酒循環飲
移牀曲尺眠
莫言非故舊
相識已三年",53
958,poem,958,卷十六,,,雜律詩,寒食江畔,,,958,revised_jsonl_direct,0959,817,revised_jsonl,笺,,0,False,,0,False,1,8,"草香沙暖水雲晴
風景令人憶帝京
還似往年春氣味
不宜今日病心情
聞鶯樹下沈吟立
信馬江頭取次行
忽見紫桐花悵望
下邽明日是清明","寒食江畔草香沙暖水雲晴
風景令人憶帝京
還似往年春氣味
不宜今日病心情
聞鶯樹下沈吟立
信馬江頭取次行
忽見紫桐花悵望
下邽明日是清明",67
959,poem,959,卷十六,,,雜律詩,三月三日登庾樓寄庾三十二,,,959,revised_jsonl_direct,0960,817,revised_jsonl,笺；东南行一百韵寄通州元九侍御澧州李十一舍人果州崔二十二使君开州韦大员外庾三十二补阙杜十四拾遗李二十助教员外窦七校书；读史五首,,0,False,,0,False,1,4,"三日歡遊辭曲水
二年愁卧在長沙
每登高處長相憶
何况兹樓屬庾家","三月三日登庾樓寄庾三十二三日歡遊辭曲水
二年愁卧在長沙
每登高處長相憶
何况兹樓屬庾家",43
960,poem,960,卷十六,,,雜律詩,聞李六景儉自河東令授唐鄧行軍司馬以詩賀之,,,960,revised_jsonl_direct,0961,817,revised_jsonl,笺；旧唐书；通典；新唐书；老学庵笔记；容斋随笔；野客丛书；广韵；集韵；西汉叙传；文选,,0,False,,0,False,1,8,"誰能淮上靜風波
聞道河東應此科
不獨文詞供奏記
定將談笑解兵戈
泥埋劍戟終難久
水借蛟龍可在多
四十著緋軍司馬
男兒官職未蹉跎","聞李六景儉自河東令授唐鄧行軍司馬以詩賀之誰能淮上靜風波
聞道河東應此科
不獨文詞供奏記
定將談笑解兵戈
泥埋劍戟終難久
水借蛟龍可在多
四十著緋軍司馬
男兒官職未蹉跎",83
961,poem,961,卷十六,,,雜律詩,石楠樹,,,961,revised_jsonl_direct,0962,817,revised_jsonl,笺；早蝉；艺文类聚；东宫旧事；春雪,东宫旧事,1,True,,0,False,1,8,"可憐顔色好陰凉
葉翦紅牋花撲霜
傘蓋低垂金翡翠
薰籠亂搭繡衣裳
春芽細炷千燈焰
夏蘂濃焚百和香
見説上林無此樹
只教桃柳占年芳","石楠樹可憐顔色好陰凉
葉翦紅牋花撲霜
傘蓋低垂金翡翠
薰籠亂搭繡衣裳
春芽細炷千燈焰
夏蘂濃焚百和香
見説上林無此樹
只教桃柳占年芳",66
962,poem,962,卷十六,,,雜律詩,大林寺桃花,,,962,revised_jsonl_direct,0963,817,revised_jsonl,笺；游大林寺序；白氏文集；清一统志,,0,False,,0,False,1,4,"人間四月芳菲盡
山寺桃花始盛開
長恨春歸無覓處
不知轉入此中來","大林寺桃花人間四月芳菲盡
山寺桃花始盛開
長恨春歸無覓處
不知轉入此中來",36
963,poem,963,卷十六,,,雜律詩,詠懷,,,963,revised_jsonl_direct,0964,817,revised_jsonl,笺；松斋自题；离骚；郊下,离骚,1,True,,0,False,1,8,"自從委順任浮沈
漸覺年多功用深
面上滅除憂喜色
胸中消盡是非心
妻兒不問唯耽酒
冠帶皆慵只抱琴
長笑靈均不知命
江蘺叢畔苦悲吟","詠懷自從委順任浮沈
漸覺年多功用深
面上滅除憂喜色
胸中消盡是非心
妻兒不問唯耽酒
冠帶皆慵只抱琴
長笑靈均不知命
江蘺叢畔苦悲吟",65
964,poem,964,卷十六,,,雜律詩,早發楚城驛,,,964,revised_jsonl_direct,0965,817,revised_jsonl,笺；太平寰宇记；杂题诗三十首；文选；吴都赋,,0,False,,0,False,1,12,"過雨塵埃滅
沿江道徑平
月乘殘夜出
人趁早凉行
寂歷閑吟動
冥濛闇思生
荷塘翻露氣
稻壟瀉泉聲
宿犬聞鈴起
栖禽見火驚
矓矓煙樹色
十里始天明","早發楚城驛過雨塵埃滅
沿江道徑平
月乘殘夜出
人趁早凉行
寂歷閑吟動
冥濛闇思生
荷塘翻露氣
稻壟瀉泉聲
宿犬聞鈴起
栖禽見火驚
矓矓煙樹色
十里始天明",76
965,poem,965,卷十六,,,雜律詩,箬峴東池,,,965,revised_jsonl_direct,0966,817,revised_jsonl,笺,,0,False,,0,False,1,4,"箬峴亭東有小池
早荷新荇綠參差
中宵把火行人發
驚起雙棲白鷺鷥","箬峴東池箬峴亭東有小池
早荷新荇綠參差
中宵把火行人發
驚起雙棲白鷺鷥",35
966,poem,966,卷十六,,,雜律詩,建昌江,,,966,revised_jsonl_direct,0967,817,revised_jsonl,笺；旧唐书；太平寰宇记；重到渭上旧居,,0,False,,0,False,1,4,"建昌江水縣門前
立馬教人喚渡船
忽似往年歸蔡渡
草風沙雨渭河邊","建昌江建昌江水縣門前
立馬教人喚渡船
忽似往年歸蔡渡
草風沙雨渭河邊",34
967,poem,967,卷十六,,,雜律詩,哭從弟,,,967,revised_jsonl_direct,0968,817,revised_jsonl,笺,,0,False,,0,False,1,4,"傷心一尉便終身
叔母年高新婦貧
一片綠衫消不得
腰金拖紫是何人","哭從弟傷心一尉便終身
叔母年高新婦貧
一片綠衫消不得
腰金拖紫是何人",34
968,poem,968,卷十六,,,雜律詩,香爐峰下新卜山居草堂初成偶題東壁,,,968,revised_jsonl_direct,0969,817,revised_jsonl,谱；笺；草堂记；白氏文集；赠内,,0,False,,0,False,1,8,"五架三間新草堂
石階桂柱竹編牆
南簷納日冬天暖
北户迎風夏月凉
灑砌飛泉纔有點
拂窗斜竹不成行
來春更茸東厢屋
紙閣蘆簾著孟光","香爐峰下新卜山居草堂初成偶題東壁五架三間新草堂
石階桂柱竹編牆
南簷納日冬天暖
北户迎風夏月凉
灑砌飛泉纔有點
拂窗斜竹不成行
來春更茸東厢屋
紙閣蘆簾著孟光",79
969,poem,969,卷十六,,,雜律詩,重題其一,,,969,revised_jsonl_direct,0970,,revised_jsonl,游南亭；高僧传；早祭风伯因怀李十一舍人；杂阿含经；佛说大乘菩萨藏正法经,,0,False,,0,False,1,8,"喜入山林初息影
厭趨朝市久勞生
早年薄有煙霞志
歲晚深諳世俗情
已許虎溪雲裏卧
不爭龍尾道前行
從兹耳界應清淨
免見啾啾毀譽聲","重題其一喜入山林初息影
厭趨朝市久勞生
早年薄有煙霞志
歲晚深諳世俗情
已許虎溪雲裏卧
不爭龍尾道前行
從兹耳界應清淨
免見啾啾毀譽聲",67
970,poem,970,卷十六,,,雜律詩,重題其二,,,970,revised_jsonl_direct,0971,,revised_jsonl,游长宁公主流杯池二十五首；赠道者；旧唐书,,0,False,,0,False,1,8,"長松樹下小谿頭
斑鹿胎巾白布裘
藥圃茶園爲産業
野麋林鶴是交遊
雲生澗户衣裳潤
嵐隱山厨火燭幽
最愛一泉新引得
清泠屈曲遶階流","重題其二長松樹下小谿頭
斑鹿胎巾白布裘
藥圃茶園爲産業
野麋林鶴是交遊
雲生澗户衣裳潤
嵐隱山厨火燭幽
最愛一泉新引得
清泠屈曲遶階流",67
971,poem,971,卷十六,,,雜律詩,重題其三,,,971,revised_jsonl_direct,0972,,revised_jsonl,后汉书；江州司马厅记；白氏文集,后汉书,1,True,,0,False,1,8,"日高睡足猶慵起
小閣重衾不怕寒
遺愛寺鐘欹枕聽
香爐峰雪撥簾看
匡廬便是逃名地
司馬仍爲送老官
心泰身寧是歸處
故鄉可獨在長安","重題其三日高睡足猶慵起
小閣重衾不怕寒
遺愛寺鐘欹枕聽
香爐峰雪撥簾看
匡廬便是逃名地
司馬仍爲送老官
心泰身寧是歸處
故鄉可獨在長安",67
972,poem,972,卷十六,,,雜律詩,重題其四,,,972,revised_jsonl_direct,0973,,revised_jsonl,世说新语；笺；与诸同年贺座主侍郎新拜太常同宴萧尚书亭子,,0,False,,0,False,1,8,"宦途自此心長别
世事從今口不言
豈止形骸同土木
兼將壽夭任乾坤
胸中壯氣猶須遣
身外浮榮何足論
還有一條遺恨事
高家門館未酬恩","重題其四宦途自此心長别
世事從今口不言
豈止形骸同土木
兼將壽夭任乾坤
胸中壯氣猶須遣
身外浮榮何足論
還有一條遺恨事
高家門館未酬恩",67
973,poem,973,卷十六,,,雜律詩,山中問月,,,973,revised_jsonl_direct,0974,817,revised_jsonl,笺；老学庵笔记；白居易资料汇编；公宴诗,,0,False,,0,False,1,12,"爲問長安月
誰教不相思必切離
昔隨飛蓋處
今照入山時
借助秋懷曠
流連夜卧遲
如歸舊鄉國
似對好親知
松下行爲伴
谿頭坐有期
千巖將萬壑
無處不相隨","山中問月爲問長安月
誰教不相思必切離
昔隨飛蓋處
今照入山時
借助秋懷曠
流連夜卧遲
如歸舊鄉國
似對好親知
松下行爲伴
谿頭坐有期
千巖將萬壑
無處不相隨",78
974,poem,974,卷十六,,,雜律詩,正月十五日夜東林寺學禪偶懷藍田楊六主簿因呈智禪師,,,974,revised_jsonl_direct,0975,817,revised_jsonl,笺；寄杨六；代书；白氏文集；宿西林寺早赴东林满上人之会因寄崔二十二员外；春赋；白孔六帖；送严秀才还蜀；华严经；景德传灯录；心铭；高僧传；慧远传；咏意,春赋,1,True,,0,False,1,8,"新年三五東林夕
星漢迢迢鍾梵遲
花縣當君行樂夜
松房是我坐禪時
忽看月滿還相憶
始歎春來自不知
不覺定中微念起
明朝更問鴈門師","正月十五日夜東林寺學禪偶懷藍田楊六主簿因呈智禪師新年三五東林夕
星漢迢迢鍾梵遲
花縣當君行樂夜
松房是我坐禪時
忽看月滿還相憶
始歎春來自不知
不覺定中微念起
明朝更問鴈門師",87
975,poem,975,卷十六,,,雜律詩,臨水坐,,,975,revised_jsonl_direct,0976,817,revised_jsonl,笺；早蝉；高僧传；南岳弥陀寺承远和尚碑；增壹阿含经；华严经,,0,False,,0,False,1,4,"昔爲東掖垣中客
今作西方社内人
手把楊枝臨水坐
閑思往事似前身","臨水坐昔爲東掖垣中客
今作西方社内人
手把楊枝臨水坐
閑思往事似前身",34
976,poem,976,卷十六,,,雜律詩,山居,,,976,revised_jsonl_direct,0977,817,revised_jsonl,笺；陪张丞相祠紫盖山途经玉泉寺,,0,False,,0,False,1,8,"山齋方獨往
塵事莫相仍
藍輿辭鞍馬
緇徒換友朋
朝餐唯藥菜
夜伴只紗燈
除却青衫在
其餘便是僧","山居山齋方獨往
塵事莫相仍
藍輿辭鞍馬
緇徒換友朋
朝餐唯藥菜
夜伴只紗燈
除却青衫在
其餘便是僧",49
977,poem,977,卷十六,,,雜律詩,遺愛寺,,,977,revised_jsonl_direct,0978,817,revised_jsonl,笺；草堂记；白氏文集；庐山记,庐山记,1,True,,0,False,1,4,"弄石臨谿坐
尋花遶寺行
時時聞鳥語
處處是泉聲","遺愛寺弄石臨谿坐
尋花遶寺行
時時聞鳥語
處處是泉聲",26
978,poem,978,卷十六,,,雜律詩,山中與元九書因題書後,,,978,revised_jsonl_direct,0979,817,revised_jsonl,笺；与微之书；白氏文集；贺雨；事文类聚；白氏金针；续金针,,0,False,,0,False,1,6,"憶昔封書與君夜
金鑾殿後欲明天
今夜封書在何處
廬山菴裏曉燈前
籠鳥檻猿俱未死
人間相見是何年","山中與元九書因題書後憶昔封書與君夜
金鑾殿後欲明天
今夜封書在何處
廬山菴裏曉燈前
籠鳥檻猿俱未死
人間相見是何年",57
979,poem,979,卷十六,,,雜律詩,黄石巖下作,,,979,revised_jsonl_direct,0980,817,revised_jsonl,笺；白云期,,0,False,,0,False,1,6,"久别鵷鸞侶
深隨鳥獸羣
教他遠親故
何處覓知聞
昔日青雲意
今移向白雲","黄石巖下作久别鵷鸞侶
深隨鳥獸羣
教他遠親故
何處覓知聞
昔日青雲意
今移向白雲",40
980,poem,980,卷十六,,,雜律詩,戲贈李十三判官,,,980,revised_jsonl_direct,0981,817,revised_jsonl,笺；祖堂集；赠阿史那都尉,,0,False,,0,False,1,4,"垂鞭相送醉醺醺
遥見廬山指似君
想君初覺從軍樂
未愛香爐峰上人","戲贈李十三判官垂鞭相送醉醺醺
遥見廬山指似君
想君初覺從軍樂
未愛香爐峰上人",38
981,poem,981,卷十六,,,雜律詩,醉中戲贈鄭使君,,,981,revised_jsonl_direct,0982,817,revised_jsonl,笺；马上作,,0,False,,0,False,1,8,"密座移紅毯
酡顔照綠杯
雙娥留且住
五馬任先迴
醉耳歌催醒
愁眉笑引開
平生少年興
臨老暫重來","醉中戲贈鄭使君密座移紅毯
酡顔照綠杯
雙娥留且住
五馬任先迴
醉耳歌催醒
愁眉笑引開
平生少年興
臨老暫重來",54
982,poem,982,卷十六,,,雜律詩,江亭夕望,,,982,revised_jsonl_direct,0983,817,revised_jsonl,笺；读史五首,,0,False,,0,False,1,8,"憑高望遠思悠哉
晚上江亭夜未迴
日欲没時紅浪沸
月初生處白煙開
辭枝雪蘂將春去
滿鑷霜毛送老來
爭敢三年作歸計
心知不及賈生才","江亭夕望憑高望遠思悠哉
晚上江亭夜未迴
日欲没時紅浪沸
月初生處白煙開
辭枝雪蘂將春去
滿鑷霜毛送老來
爭敢三年作歸計
心知不及賈生才",67
983,poem,983,卷十六,,,雜律詩,酬元員外三月三十日慈恩寺相憶見寄,,,983,revised_jsonl_direct,0984,817,revised_jsonl,笺；答元八宗简同游曲江后明日见赠；答元郎中杨员外喜乌见寄；代书；白氏文集；代书诗一百韵寄微之；杏园中枣树；读史五首；太平广记；赤岭溪；歙州图经；方舆胜览；北梦琐言,,0,False,,0,False,1,8,"悵望慈恩三月盡
紫桐花落鳥關關
誠知曲水春相憶
其奈長沙老未還
赤嶺猿聲催白首
黄茅瘴色換朱顔
誰言南國無霜雪
盡在愁人鬢髮間","酬元員外三月三十日慈恩寺相憶見寄悵望慈恩三月盡
紫桐花落鳥關關
誠知曲水春相憶
其奈長沙老未還
赤嶺猿聲催白首
黄茅瘴色換朱顔
誰言南國無霜雪
盡在愁人鬢髮間",79
984,poem,984,卷十六,,,雜律詩,偶然二首其一,,,984,revised_jsonl_direct,0985,817,revised_jsonl,笺；读史五首；诗,诗,1,True,,0,False,1,8,"楚懷邪亂靈均直
放棄合宜何惻惻
漢文明聖賈生賢
謫向長沙堪歎息
人事多端何足怪
天文至信猶差忒
月離于畢合霶𩃱
有時不雨誰能測","偶然二首其一楚懷邪亂靈均直
放棄合宜何惻惻
漢文明聖賈生賢
謫向長沙堪歎息
人事多端何足怪
天文至信猶差忒
月離于畢合霶𩃱
有時不雨誰能測",69
985,poem,985,卷十六,,,雜律詩,偶然二首其二,,,985,revised_jsonl_direct,0986,,revised_jsonl,太平广记；池中鱼；风俗通；郭彦郎；北梦琐言；答桐花,风俗通,1,True,,0,False,1,8,"火發城頭魚水裏
救火竭池魚失水
乖龍藏在牛領中
雷擊龍來牛枉死
人道蓍神龜骨聖
試卜魚牛那至此
六十四卦七十鑽
畢竟不能知所以","偶然二首其二火發城頭魚水裏
救火竭池魚失水
乖龍藏在牛領中
雷擊龍來牛枉死
人道蓍神龜骨聖
試卜魚牛那至此
六十四卦七十鑽
畢竟不能知所以",69
986,poem,986,卷十六,,,雜律詩,中秋月,,,986,revised_jsonl_direct,0987,817,revised_jsonl,笺；太平御览；拟天问；初学记；春秋元命苞；林下映月,春秋元命苞,1,True,,0,False,1,8,"萬里清光不可思
添愁益恨遶天涯
誰人隴外久征戍
何處庭前新别離
失寵故姬歸院夜
没蕃老將上樓時
照他幾許人腸斷
玉兔銀蟾遠不知","中秋月萬里清光不可思
添愁益恨遶天涯
誰人隴外久征戍
何處庭前新别離
失寵故姬歸院夜
没蕃老將上樓時
照他幾許人腸斷
玉兔銀蟾遠不知",66
987,poem,987,卷十六,,,雜律詩,謝李六郎中寄新蜀茶,,,987,revised_jsonl_direct,0988,817,revised_jsonl,笺；旧唐书；檄蜀文；伤心赋；咏茶十二韵；苕溪渔隐丛话；学林新编；茶；蔡宽夫诗话；齐民要术；题李山人；山石榴寄元九,,0,False,,0,False,1,8,"故情周匝向交親
新茗分張及病身
紅紙一封書後信
綠芽十片火前春
湯添勺水煎魚眼
末下刀圭攪麴塵
不寄他人先寄我
應緣我是别茶人","謝李六郎中寄新蜀茶故情周匝向交親
新茗分張及病身
紅紙一封書後信
綠芽十片火前春
湯添勺水煎魚眼
末下刀圭攪麴塵
不寄他人先寄我
應緣我是别茶人",72
988,poem,988,卷十六,,,雜律詩,攜諸山客同上香爐峰遇雨而還沾濡狼藉互相笑謔題此解嘲,,,988,revised_jsonl_direct,0989,817,revised_jsonl,笺；题赠郑秘书征君石沟溪隐居,,0,False,,0,False,1,8,"蕭灑登山去
龍鐘遇雨迴
磴危攀薜荔
石滑踐莓苔
襪污君相謔
鞋穿我自咍
莫欺泥土脚
曾踏玉階來","攜諸山客同上香爐峰遇雨而還沾濡狼藉互相笑謔題此解嘲蕭灑登山去
龍鐘遇雨迴
磴危攀薜荔
石滑踐莓苔
襪污君相謔
鞋穿我自咍
莫欺泥土脚
曾踏玉階來",72
989,poem,989,卷十六,,,雜律詩,彭蠡湖晚歸,,,989,revised_jsonl_direct,0990,817,revised_jsonl,笺；春晚寄微之,,0,False,,0,False,1,8,"彭蠡湖天晚
桃花水氣春
鳥飛千白點
日没半紅輪
何必爲遷客
無勞是病身
但來臨此望
少有不愁人","彭蠡湖晚歸彭蠡湖天晚
桃花水氣春
鳥飛千白點
日没半紅輪
何必爲遷客
無勞是病身
但來臨此望
少有不愁人",52
990,poem,990,卷十六,,,雜律詩,酬贈李煉師見招,,,990,revised_jsonl_direct,0991,817,revised_jsonl,笺；闻早莺；梦仙；韩非子；太平广记；樊夫人；女仙传；晋书；艺文类聚；列仙传；鸿寳万毕；淮南子,晋书；列仙传；淮南子,3,True,,0,False,1,8,"幾年司諫直承明
今日求真禮上清
曾犯龍鱗容不死
欲騎鶴背覓長生
劉綱有婦仙同得
伯道無兒累更輕
若許移家相近住
便驅雞犬上層城","酬贈李煉師見招幾年司諫直承明
今日求真禮上清
曾犯龍鱗容不死
欲騎鶴背覓長生
劉綱有婦仙同得
伯道無兒累更輕
若許移家相近住
便驅雞犬上層城",70
991,poem,991,卷十六,,,雜律詩,西河雨夜送客,,,991,revised_jsonl_direct,0992,817,revised_jsonl,笺,,0,False,,0,False,1,8,"雲黑雨翛翛
江昏水闇流
有風催解纜
無月伴登樓
酒罷無多興
帆開不少留
唯看一點火
遥認是行舟","西河雨夜送客雲黑雨翛翛
江昏水闇流
有風催解纜
無月伴登樓
酒罷無多興
帆開不少留
唯看一點火
遥認是行舟",53
992,poem,992,卷十六,,,雜律詩,登西樓憶行簡,,,992,revised_jsonl_direct,0993,817,revised_jsonl,笺；对酒示行简；初入峡有感,,0,False,,0,False,1,8,"每因樓上西南望
始覺人間道路長
礙日暮山青簇簇
浸天秋水白茫茫
風波不見三年面
書信難傳萬里腸
早晚東歸來下峽
穩乘船舫過瞿唐","登西樓憶行簡每因樓上西南望
始覺人間道路長
礙日暮山青簇簇
浸天秋水白茫茫
風波不見三年面
書信難傳萬里腸
早晚東歸來下峽
穩乘船舫過瞿唐",69
993,poem,993,卷十六,,,雜律詩,羅子,,,993,revised_jsonl_direct,0994,817,revised_jsonl,笺；弄龜罗,,0,False,,0,False,1,8,"有女名羅子
生來纔兩春
我今年已長
日夜二毛新
顧念嬌啼面
思量老病身
直應頭似雪
始得見成人","羅子有女名羅子
生來纔兩春
我今年已長
日夜二毛新
顧念嬌啼面
思量老病身
直應頭似雪
始得見成人",49
994,poem,994,卷十六,,,雜律詩,讀靈澈詩,,,994,revised_jsonl_direct,0995,817,revised_jsonl,笺；澈上人文集纪；东林寺经藏碑铭并序,,0,False,,0,False,1,4,"東林寺裏西廊下
石片鐫題數首詩
言句怪來還校别
看名知是老湯師","讀靈澈詩東林寺裏西廊下
石片鐫題數首詩
言句怪來還校别
看名知是老湯師",35
995,poem,995,卷十六,,,雜律詩,聽李士良琵琶,,,995,revised_jsonl_direct,0996,817,revised_jsonl,笺；太平广记；金刚仙；传奇；林间录；僧问洞山如何是佛答云麻三斤；琵琶引序,,0,False,,0,False,1,4,"聲似胡兒彈舌語
愁如塞月恨邊雲
閑人暫聽猶眉斂
可使和蕃公主聞","聽李士良琵琶聲似胡兒彈舌語
愁如塞月恨邊雲
閑人暫聽猶眉斂
可使和蕃公主聞",37
996,poem,996,卷十六,,,雜律詩,昭君怨,,,996,revised_jsonl_direct,0997,817,revised_jsonl,笺；乐府诗集；昭君怨；乐府解题；琴操；青冢；王昭君二首；晋书,琴操；晋书,2,True,,0,False,1,8,"明妃風貌最娉婷
合在椒房應四星
只得當年備宮掖
何曾專夜奉幃屏
見疏從道迷圖畫
知屈那教配虜庭
自是君恩薄如紙
不須一向恨丹青","昭君怨明妃風貌最娉婷
合在椒房應四星
只得當年備宮掖
何曾專夜奉幃屏
見疏從道迷圖畫
知屈那教配虜庭
自是君恩薄如紙
不須一向恨丹青",66
997,poem,997,卷十六,,,雜律詩,閑吟,,,997,revised_jsonl_direct,0998,817,revised_jsonl,笺；楞严经；祖堂集,,0,False,,0,False,1,4,"自從苦學空門法
銷盡平生種種心
唯有詩魔降未得
每逢風月一閑吟","閑吟自從苦學空門法
銷盡平生種種心
唯有詩魔降未得
每逢風月一閑吟",33
998,poem,998,卷十六,,,雜律詩,戲問山石榴,,,998,revised_jsonl_direct,0999,817,revised_jsonl,笺,,0,False,,0,False,1,4,"小樹山榴近砌栽
半含紅萼帶花來
爭知司馬夫人妬
移到庭前便不開","戲問山石榴小樹山榴近砌栽
半含紅萼帶花來
爭知司馬夫人妬
移到庭前便不開",36
999,poem,999,卷十六,,,雜律詩,編集拙詩成一十五卷因題卷末戲贈元九李二十,,,999,revised_jsonl_direct,1000,815,revised_jsonl,笺；与元九书；白氏文集；长恨歌；太平广记；封陟；传奇；杜牧；唐阙史；奉天录；秦中吟；议婚；中兴间气集序；东南行一百韵寄通州元九侍御澧州李十一舍人果州崔二十二使君开州韦大员外庾三十二补阙杜十四拾遗李二十助教员外窦七校书；刘商郎中集序；乐府古题序；悲陈陶；哀江头；兵车；丽人,,0,False,,0,False,1,14,"一篇長恨有風情
十首秦吟近正聲
每被老元偷格律
元九向江陵日
嘗以拙詩一軸贈行
自是格變
苦教短李伏歌行
李二十嘗自負歌行
近見予樂府五十首
默然心伏
世間富貴應無分
身後文章合有名
莫怪氣粗言語大
新排十五卷詩成","編集拙詩成一十五卷因題卷末戲贈元九李二十一篇長恨有風情
十首秦吟近正聲
每被老元偷格律
元九向江陵日
嘗以拙詩一軸贈行
自是格變
苦教短李伏歌行
李二十嘗自負歌行
近見予樂府五十首
默然心伏
世間富貴應無分
身後文章合有名
莫怪氣粗言語大
新排十五卷詩成",127
1000,poem,1000,卷十六,,,雜律詩,湖上閑望,,,1000,revised_jsonl_direct,1001,817,revised_jsonl,笺,,0,False,,0,False,1,4,"藤花浪沸紫茸條
菰葉風翻綠翦刀
閑弄水芳生楚思
時時合眼詠離騷","湖上閑望藤花浪沸紫茸條
菰葉風翻綠翦刀
閑弄水芳生楚思
時時合眼詠離騷",35
1001,poem,1001,卷十七,,,雜律詩,江南謫居十韻,,,1001,revised_jsonl_direct,1002,817,revised_jsonl,笺；法言；汉书；与隐士刘遗民等书；淮南子；西征赋；求通亲亲表；同邬戴关中旅寓；史记；登总持寺；天边行；崔十六少府摄伊阳以诗及书见投因酬三十韵；效陶潜体诗十六首；渭村退居寄礼部崔侍郎翰林钱舍人诗一百韵；醉后狂言酬赠萧殷二协律；三国志；钱神论；晋纪总论；钱神；书；初入太行路；杂感；狱中上书自明；文选,法言；汉书；淮南子；史记；钱神论；晋纪总论；书,7,True,,0,False,1,20,"自哂沈冥客
曾爲獻納臣
壯心徒許國
薄命不如人
纔展凌雲翅
俄成失水鱗
葵枯猶向日
蓬斷即辭春
澤畔長愁地
天邊欲老身
蕭條殘活計
冷落舊交親
草合門無徑
煙消甑有塵
憂方知酒聖
貧始覺錢神
虎尾難容足
羊腸易覆輪
行藏與通塞
一切任陶鈞","江南謫居十韻自哂沈冥客
曾爲獻納臣
壯心徒許國
薄命不如人
纔展凌雲翅
俄成失水鱗
葵枯猶向日
蓬斷即辭春
澤畔長愁地
天邊欲老身
蕭條殘活計
冷落舊交親
草合門無徑
煙消甑有塵
憂方知酒聖
貧始覺錢神
虎尾難容足
羊腸易覆輪
行藏與通塞
一切任陶鈞",125
1002,poem,1002,卷十七,,,雜律詩,江樓夜吟元九律詩成三十韻,,,1002,revised_jsonl_direct,1003,817,revised_jsonl,笺；太平广记；王长史；宣室志；昭明太子集序；联句诗序；世说新语；淮南子；广宣上人以应制诗见示因以赠之诏许上人居安国寺红楼院以诗供奉；唐摭言；左传；礼记；通典；文心雕龙；练字；酬崔驸马惠笺百张兼贻四韵；韩臯；国史补；旧唐书；灵河赋；江楼宴别；史记；般泥洹经；论语；韶；三国志；典略；读张籍古乐府；东南行一百韵寄通州元九侍御澧州李十一舍人果州崔二十二使君开州韦大员外庾三十二补阙杜十四拾遗李二十助教员外窦七校书；侠客行；咏史；佛说兴起行经；初授拾遗；读李杜诗集因题卷后,淮南子；左传；礼记；灵河赋；史记；论语；典略,7,True,左传,1,True,1,67,"昨夜江樓上
吟君數十篇
詞飄朱檻底
韻墮淥江前
清楚音諧律
精微思入玄
收將白雪麗
奪盡碧雲妍
寸截金爲句
雙雕玉作聯
八風淒間發
五彩爛相宣
冰扣聲聲冷
珠排字字圓
文頭交比繡
筋骨軟於緜
澒湧同波浪
錚摐過管絃
醴泉流出地
鈞樂下從天
神鬼聞如泣
魚龍聽似禪
星迴疑聚集
月落爲留連
雁感無鳴者
猿愁亦悄然
交流遷客淚
停住賈人船
闇被歌姬乞
潛聞思婦傳
斜行題粉壁
短卷寫紅牋
肉味經時忘
頭風當日痊
老張知定伏
短李愛應顛
張十八籍﹑李二十紳
皆攻律詩
故云
道屈才方振
身閑業始專
天教聲烜赫
理合命迍邅
顧我文章劣
知他氣力全
功夫雖共到
巧拙尚相懸
各有詩千首
俱抛海一邊
白頭吟處變
青眼望中穿
酬答朝妨食
披尋夜廢眠
老償文債負
宿結字因緣
每歎陳夫子
陳子昂著《感遇詩》稱於世
常嗟李謫仙
賀知章謂李白爲謫仙人
名高折人爵
思苦減天年
李竟無官
陳亦早夭
不得當時遇
空令後代憐
相悲今若此
湓浦與通川","江樓夜吟元九律詩成三十韻昨夜江樓上
吟君數十篇
詞飄朱檻底
韻墮淥江前
清楚音諧律
精微思入玄
收將白雪麗
奪盡碧雲妍
寸截金爲句
雙雕玉作聯
八風淒間發
五彩爛相宣
冰扣聲聲冷
珠排字字圓
文頭交比繡
筋骨軟於緜
澒湧同波浪
錚摐過管絃
醴泉流出地
鈞樂下從天
神鬼聞如泣
魚龍聽似禪
星迴疑聚集
月落爲留連
雁感無鳴者
猿愁亦悄然
交流遷客淚
停住賈人船
闇被歌姬乞
潛聞思婦傳
斜行題粉壁
短卷寫紅牋
肉味經時忘
頭風當日痊
老張知定伏
短李愛應顛
張十八籍﹑李二十紳
皆攻律詩
故云
道屈才方振
身閑業始專
天教聲烜赫
理合命迍邅
顧我文章劣
知他氣力全
功夫雖共到
巧拙尚相懸
各有詩千首
俱抛海一邊
白頭吟處變
青眼望中穿
酬答朝妨食
披尋夜廢眠
老償文債負
宿結字因緣
每歎陳夫子
陳子昂著《感遇詩》稱於世
常嗟李謫仙
賀知章謂李白爲謫仙人
名高折人爵
思苦減天年
李竟無官
陳亦早夭
不得當時遇
空令後代憐
相悲今若此
湓浦與通川",423
1003,poem,1003,卷十七,,,雜律詩,潯陽歲晚寄元八郎中庾三十三員外,,,1003,revised_jsonl_direct,1004,817,revised_jsonl,笺；答元八宗简同游曲江后明日见赠；答元郎中杨员外喜乌见寄；代书；白氏文集；郎官考；梦与李七庾三十三同访元九；叹逝赋；佛本行集经；兵要望江南；宿溪翁；唐会要；唐国史补；唐两京城坊考；早祭风伯因怀李十一舍人；周礼；和贾舍人早朝大明宫之作,周礼,1,True,,0,False,1,20,"閲水年將暮
燒金道未成
丹砂不肯死
白髮事須生
病肺慚杯滿
衰顔忌鏡明
春深舊鄉夢
歲晚故交情
一别浮雲散
雙瞻列宿榮
螭頭階下立
龍尾道前行
封事頻聞奏
除書數見名
虛懷事僚友
平步取公卿
漏盡雞人報
朝迴幼女迎
可憐白司馬
老大在湓城","潯陽歲晚寄元八郎中庾三十三員外閲水年將暮
燒金道未成
丹砂不肯死
白髮事須生
病肺慚杯滿
衰顔忌鏡明
春深舊鄉夢
歲晚故交情
一别浮雲散
雙瞻列宿榮
螭頭階下立
龍尾道前行
封事頻聞奏
除書數見名
虛懷事僚友
平步取公卿
漏盡雞人報
朝迴幼女迎
可憐白司馬
老大在湓城",134
1004,poem,1004,卷十七,,,雜律詩,元九以綠絲布白輕褣見寄製成衣服以詩報知,,,1004,revised_jsonl_direct,1005,818,revised_jsonl,笺；宫词；恼公；齐东野语；类苑；寄白乐天白轻容乐天制而为衣；元丰九域志；玉台新咏；古诗五首,,0,False,,0,False,1,8,"綠絲文布素輕褣
珍重京華手自封
貧友遠勞君寄附
病妻親爲我裁縫
袴花白似秋雲薄
衫色青於春草濃
欲著却休知不稱
折腰無復舊形容","元九以綠絲布白輕褣見寄製成衣服以詩報知綠絲文布素輕褣
珍重京華手自封
貧友遠勞君寄附
病妻親爲我裁縫
袴花白似秋雲薄
衫色青於春草濃
欲著却休知不稱
折腰無復舊形容",82
1005,poem,1005,卷十七,,,雜律詩,清明日送韋侍御貶虔州,,,1005,revised_jsonl_direct,1006,818,revised_jsonl,笺；早秋晚望兼呈韦侍御；山中戏问韦侍御；旧唐书；太平御览；邺中记；玉烛宝典,邺中记；玉烛宝典,2,True,,0,False,1,8,"寂寞清明日
蕭條司馬家
留餳和冷粥
出火煑新茶
欲别能無酒
相留亦有花
南遷更何處
此地已天涯","清明日送韋侍御貶虔州寂寞清明日
蕭條司馬家
留餳和冷粥
出火煑新茶
欲别能無酒
相留亦有花
南遷更何處
此地已天涯",57
1006,poem,1006,卷十七,,,雜律詩,九江春望,,,1006,revised_jsonl_direct,1007,818,revised_jsonl,笺；王梵志诗校注；敦煌变文集；效陶潜体诗十六首；题浔阳楼；庐山桂；酬乐天醉别,,0,False,,0,False,1,11,"淼茫積水非吾土
漂泊浮萍是我身
身外信緣爲活計
眼前隨事覓交親
爐煙豈異終南色
湓草寧殊渭北春
此地何妨便終老
匹如元是九江人
香爐峰上多煙
湓水岸足草
因而記之","九江春望淼茫積水非吾土
漂泊浮萍是我身
身外信緣爲活計
眼前隨事覓交親
爐煙豈異終南色
湓草寧殊渭北春
此地何妨便終老
匹如元是九江人
香爐峰上多煙
湓水岸足草
因而記之",85
1007,poem,1007,卷十七,,,雜律詩,晚題東林寺雙池,,,1007,revised_jsonl_direct,1008,818,revised_jsonl,笺；舆地纪胜,,0,False,,0,False,1,8,"向晚雙池好
初晴百物新
褭枝翻翠羽
濺水躍紅鱗
萍汎同遊子
蓮開當麗人
臨流一惆悵
還憶曲江春","晚題東林寺雙池向晚雙池好
初晴百物新
褭枝翻翠羽
濺水躍紅鱗
萍汎同遊子
蓮開當麗人
臨流一惆悵
還憶曲江春",54
1008,poem,1008,卷十七,,,雜律詩,贈内子,,,1008,revised_jsonl_direct,1009,818,revised_jsonl,笺；赠内,,0,False,,0,False,1,8,"白髮方興歎
青娥亦伴愁
寒衣補燈下
小女戯牀頭
闇澹屏帷故
淒凉枕席秋
貧中有等級
猶勝嫁黔婁","贈内子白髮方興歎
青娥亦伴愁
寒衣補燈下
小女戯牀頭
闇澹屏帷故
淒凉枕席秋
貧中有等級
猶勝嫁黔婁",50
1009,poem,1009,卷十七,,,雜律詩,送客春遊嶺南二十韻,,,1009,revised_jsonl_direct,1010,818,revised_jsonl,笺；送崔侍御之岭南二十韵；元稹年谱；东南行一百韵寄通州元九侍御澧州李十一舍人果州崔二十二使君开州韦大员外庾三十二补阙杜十四拾遗李二十助教员外窦七校书；纪怀赠李六户曹崔二十功曹五十韵；琵琶歌；空城雀；逾岭峤止荒陬抵高要；东都赋；旧唐书；新唐书；南都赋；文选；开元寺东池早春；魏都赋；书；骠国乐；南方草木状；太平御览；哀江南赋；城西陂泛舟；晋书；太平广记；铜鼓；岭表录异；老学庵笔记；南海；苦热行；舆地志；水弩；录异记；史记；论语,南都赋；魏都赋；书；南方草木状；晋书；史记；论语,7,True,,0,False,1,47,"已訝遊何遠
仍嗟别太頻
離容君蹙促
贈語我殷勤
迢遞天南面
蒼茫海北漘
訶陵國分界
交趾郡爲鄰
蓊鬱三光晦
温暾四氣匀
陰晴變寒暑
昏曉錯星辰
瘴地難爲老
蠻陬不易馴
土民稀白首
洞主盡黄巾
戰艦猶驚浪
戎車未息塵
時黄家賊方動
紅旗圍卉服
紫綬裹文身
麵苦桄榔裛
漿酸橄欖新
牙檣迎海舶
銅鼓賽江神
不凍貪泉暖
無霜毒草春
雲煙蟒蛇氣
刀劍鰐魚鱗
路足羈棲客
官多謫逐臣
天黄生颶母
颶母如斷虹
欲大風即見
雨黑長楓人
楓人因夜雷雨
輒闇長數丈
迴使先傳語
征軒早返輪
須防杯裏蠱
南方蠱毒
多置酒中
莫愛橐中珍
北與南殊俗
身將貨孰親
嘗聞君子誡
憂道不憂貧","送客春遊嶺南二十韻已訝遊何遠
仍嗟别太頻
離容君蹙促
贈語我殷勤
迢遞天南面
蒼茫海北漘
訶陵國分界
交趾郡爲鄰
蓊鬱三光晦
温暾四氣匀
陰晴變寒暑
昏曉錯星辰
瘴地難爲老
蠻陬不易馴
土民稀白首
洞主盡黄巾
戰艦猶驚浪
戎車未息塵
時黄家賊方動
紅旗圍卉服
紫綬裹文身
麵苦桄榔裛
漿酸橄欖新
牙檣迎海舶
銅鼓賽江神
不凍貪泉暖
無霜毒草春
雲煙蟒蛇氣
刀劍鰐魚鱗
路足羈棲客
官多謫逐臣
天黄生颶母
颶母如斷虹
欲大風即見
雨黑長楓人
楓人因夜雷雨
輒闇長數丈
迴使先傳語
征軒早返輪
須防杯裏蠱
南方蠱毒
多置酒中
莫愛橐中珍
北與南殊俗
身將貨孰親
嘗聞君子誡
憂道不憂貧",290
1010,poem,1010,卷十七,,,雜律詩,自題,,,1010,revised_jsonl_direct,1011,818,revised_jsonl,谱；笺；答元郎中杨员外喜乌见寄；寓意诗五首,,0,False,,0,False,1,8,"功名宿昔人多許
寵辱斯須自不知
一旦失恩先左降
三年隨例未量移
馬頭覓角生何日
石火敲光住幾時
前事是身俱若此
空門不去欲何之","自題功名宿昔人多許
寵辱斯須自不知
一旦失恩先左降
三年隨例未量移
馬頭覓角生何日
石火敲光住幾時
前事是身俱若此
空門不去欲何之",65
1011,poem,1011,卷十七,,,雜律詩,自悲,,,1011,revised_jsonl_direct,1012,818,revised_jsonl,笺；和梦游春诗一百韵,,0,False,,0,False,1,4,"火宅煎熬地
霜松摧折身
因知羣動内
難死不過人","自悲火宅煎熬地
霜松摧折身
因知羣動内
難死不過人",25
1012,poem,1012,卷十七,,,雜律詩,尋郭道士不遇,,,1012,revised_jsonl_direct,1013,818,revised_jsonl,笺；郭虚舟相访；抱朴子内篇；登天坛夜见海；七言；云笈七签；七返灵砂论；玉篇；送内寻庐山女道士李腾空二首；周易参同契；太平广记；魏伯阳；神仙传；参同契；周易,周易参同契；神仙传；周易,3,True,,0,False,1,11,"郡中乞假來相訪
洞裏朝元去不逢
看院秖留雙白鶴
入門唯見一青松
藥爐有火丹應伏
雲碓無人水自舂
廬山中雲母多
故以水碓擣煉
俗呼爲雲碓
欲問參同契中事
更期何日得從容","尋郭道士不遇郡中乞假來相訪
洞裏朝元去不逢
看院秖留雙白鶴
入門唯見一青松
藥爐有火丹應伏
雲碓無人水自舂
廬山中雲母多
故以水碓擣煉
俗呼爲雲碓
欲問參同契中事
更期何日得從容",89
1013,poem,1013,卷十七,,,雜律詩,潯陽春三首春生,,,1013,revised_jsonl_direct,1014,817,revised_jsonl,谱；笺；春末夏初闲游江郭二首,,0,False,,0,False,1,8,"春生何處闇周遊
海角天涯遍始休
先遣和風報消息
續教啼鳥説來由
展張草色長河畔
點綴花房小樹頭
若到故園應覓我
爲傳淪落在江州","潯陽春三首春生春生何處闇周遊
海角天涯遍始休
先遣和風報消息
續教啼鳥説來由
展張草色長河畔
點綴花房小樹頭
若到故園應覓我
爲傳淪落在江州",70
1014,poem,1014,卷十七,,,雜律詩,潯陽春三首春來,,,1014,revised_jsonl_direct,1015,,revised_jsonl,和友人洛中春感,,0,False,,0,False,1,8,"春來觸動故鄉情
忽見風光憶兩京
金谷蹋花香騎入
曲江碾草鈿車行
誰家淥酒歡連夜
何處紅樓睡失明
獨有不眠不醉客
經春冷坐古湓城","潯陽春三首春來春來觸動故鄉情
忽見風光憶兩京
金谷蹋花香騎入
曲江碾草鈿車行
誰家淥酒歡連夜
何處紅樓睡失明
獨有不眠不醉客
經春冷坐古湓城",70
1015,poem,1015,卷十七,,,雜律詩,潯陽春三首春去,,,1015,revised_jsonl_direct,1016,,revised_jsonl,,,0,False,,0,False,1,8,"一從澤畔爲遷客
兩度江頭送暮春
白髮更添今日鬢
青衫不改去年身
百川未有迴流水
一老終無却少人
四十六時三月盡
送春爭得不殷勤","潯陽春三首春去一從澤畔爲遷客
兩度江頭送暮春
白髮更添今日鬢
青衫不改去年身
百川未有迴流水
一老終無却少人
四十六時三月盡
送春爭得不殷勤",70
1016,poem,1016,卷十七,,,雜律詩,夢微之,,,1016,revised_jsonl_direct,1017,817,revised_jsonl,谱；笺；感逝寄远,,0,False,,0,False,1,4,"晨起臨風一惆悵
通川湓水斷相聞
不知憶我因何事
昨夜三迴夢見君","夢微之晨起臨風一惆悵
通川湓水斷相聞
不知憶我因何事
昨夜三迴夢見君",34
1017,poem,1017,卷十七,,,雜律詩,贈韋煉師,,,1017,revised_jsonl_direct,1018,817,revised_jsonl,笺；维摩经；庄子,庄子,1,True,,0,False,1,6,"潯陽遷客爲居士
身似浮雲心似灰
上界女仙無嗜慾
何因相顧兩徘徊
共疑過去人間世
曾作誰家夫婦來","贈韋煉師潯陽遷客爲居士
身似浮雲心似灰
上界女仙無嗜慾
何因相顧兩徘徊
共疑過去人間世
曾作誰家夫婦來",51
1018,poem,1018,卷十七,,,雜律詩,問劉十九,,,1018,revised_jsonl_direct,1019,817,revised_jsonl,笺；上座主书；与马植书；庐山东林寺故临坛大德塔铭；唐摭言；刘轲传；广东通志人物志；刘十九同宿；春末夏初闲游江郭二首,,0,False,,0,False,1,4,"綠螘新醅酒
紅泥小火壚
晚來天欲雪
能飲一杯無","問劉十九綠螘新醅酒
紅泥小火壚
晚來天欲雪
能飲一杯無",27
1019,poem,1019,卷十七,,,雜律詩,得行簡書聞欲下峽先以此寄,,,1019,revised_jsonl_direct,1020,818,revised_jsonl,谱；笺；对酒示行简,,0,False,,0,False,1,8,"朝來又得東川信
欲取春初發梓州
書報九江聞暫喜
路經三峽想還愁
瀟湘瘴霧加餐飯
灧澦驚波穩泊舟
欲寄兩行迎爾淚
長江不肯向西流","得行簡書聞欲下峽先以此寄朝來又得東川信
欲取春初發梓州
書報九江聞暫喜
路經三峽想還愁
瀟湘瘴霧加餐飯
灧澦驚波穩泊舟
欲寄兩行迎爾淚
長江不肯向西流",75
1020,poem,1020,卷十七,,,雜律詩,南湖早春,,,1020,revised_jsonl_direct,1021,818,revised_jsonl,笺；放鱼,,0,False,,0,False,1,8,"風迴雲斷雨初晴
反照湖邊暖復明
亂點碎紅山杏發
平鋪新綠水蘋生
翅低白雁飛仍重
舌澀黄鸝語未成
不道江南春不好
年年衰病减心情","南湖早春風迴雲斷雨初晴
反照湖邊暖復明
亂點碎紅山杏發
平鋪新綠水蘋生
翅低白雁飛仍重
舌澀黄鸝語未成
不道江南春不好
年年衰病减心情",67
1021,poem,1021,卷十七,,,雜律詩,元十八從事南海欲出廬山臨别舊居有戀泉聲之什因以投和兼伸别情,,,1021,revised_jsonl_direct,1022,818,revised_jsonl,笺；题元十八溪亭；唐会要；庐山记；重寄；三国志,庐山记,1,True,,0,False,1,8,"賢侯辟士禮從容
莫戀泉聲問所從
雨露初承黄紙詔
煙霞欲别紫霄峰
傷弓未息新驚鳥
得水難留久卧龍
我正退藏君變化
一杯可易得相逢","元十八從事南海欲出廬山臨别舊居有戀泉聲之什因以投和兼伸别情賢侯辟士禮從容
莫戀泉聲問所從
雨露初承黄紙詔
煙霞欲别紫霄峰
傷弓未息新驚鳥
得水難留久卧龍
我正退藏君變化
一杯可易得相逢",92
1022,poem,1022,卷十七,,,雜律詩,題韋家泉池,,,1022,revised_jsonl_direct,1023,818,revised_jsonl,笺,,0,False,,0,False,1,4,"泉落青山出白雲
縈村遶郭幾家分
自從引作池中水
深淺方圓一任君","題韋家泉池泉落青山出白雲
縈村遶郭幾家分
自從引作池中水
深淺方圓一任君",36
1023,poem,1023,卷十七,,,雜律詩,醉中對紅葉,,,1023,revised_jsonl_direct,1024,818,revised_jsonl,笺；叹老三首,,0,False,,0,False,1,4,"臨風杪秋樹
對酒長年人
醉貌如霜葉
雖紅不是春","醉中對紅葉臨風杪秋樹
對酒長年人
醉貌如霜葉
雖紅不是春",28
1024,poem,1024,卷十七,,,雜律詩,遣懷,,,1024,revised_jsonl_direct,1025,818,revised_jsonl,笺；题旧写真图；陵园妾,,0,False,,0,False,1,8,"羲和走馭趁年光
不許人間日月長
遂使四時都似電
爭教兩鬢不成霜
榮銷枯去無非命
壯盡衰來亦是常
已共身心要約定
窮通生死不驚忙","遣懷羲和走馭趁年光
不許人間日月長
遂使四時都似電
爭教兩鬢不成霜
榮銷枯去無非命
壯盡衰來亦是常
已共身心要約定
窮通生死不驚忙",65
1025,poem,1025,卷十七,,,雜律詩,點額魚,,,1025,revised_jsonl_direct,1026,818,revised_jsonl,笺；水经注；尔雅；太平广记；龙门；三秦记；郭彦郎；北梦琐言；李靖；续玄怪录；出门行,尔雅；三秦记,2,True,,0,False,1,4,"龍門點額意何如
紅尾青鬐却返初
見説在天行雨苦
爲龍未必勝爲魚","點額魚龍門點額意何如
紅尾青鬐却返初
見説在天行雨苦
爲龍未必勝爲魚",34
1026,poem,1026,卷十七,,,雜律詩,聞龜兒詠詩,,,1026,revised_jsonl_direct,1027,818,revised_jsonl,笺；谱；弄龜罗,,0,False,,0,False,1,4,"憐渠已解詠詩章
摇膝支頤學二郎
莫學二郎吟太苦
纔年四十鬢如霜","聞龜兒詠詩憐渠已解詠詩章
摇膝支頤學二郎
莫學二郎吟太苦
纔年四十鬢如霜",36
1027,poem,1027,卷十七,,,雜律詩,對酒,,,1027,revised_jsonl_direct,1028,818,revised_jsonl,笺；易；寻郭道士不遇；劝酒寄元九,易,1,True,,0,False,1,4,"未濟卦中休卜命
參同契裏莫勞心
無如飲此銷愁物
一餉愁消直萬金","對酒未濟卦中休卜命
參同契裏莫勞心
無如飲此銷愁物
一餉愁消直萬金",33
1028,poem,1028,卷十七,,,雜律詩,東牆夜合樹去秋爲風雨所摧今年花時悵然有感,,,1028,revised_jsonl_direct,1029,818,revised_jsonl,笺；太平御览；风土记,风土记,1,True,,0,False,1,4,"碧荑紅縷今何在
風雨飄將去不迴
惆悵去年牆下地
今春唯有薺花開","東牆夜合樹去秋爲風雨所摧今年花時悵然有感碧荑紅縷今何在
風雨飄將去不迴
惆悵去年牆下地
今春唯有薺花開",51
1029,poem,1029,卷十七,,,雜律詩,病起,,,1029,revised_jsonl_direct,1030,818,revised_jsonl,笺,,0,False,,0,False,1,4,"病不出門無限時
今朝强出與誰期
經年不上江樓醉
勞動春風颺酒旗","病起病不出門無限時
今朝强出與誰期
經年不上江樓醉
勞動春風颺酒旗",33
1030,poem,1030,卷十七,,,雜律詩,夢亡友劉太白同遊章敬寺,,,1030,revised_jsonl_direct,1031,818,revised_jsonl,笺；哭刘敦质；唐会要,,0,False,,0,False,1,4,"三千里外卧江州
十五年前哭老劉
昨夜夢中章敬寺
死生魂魄暫同遊","夢亡友劉太白同遊章敬寺三千里外卧江州
十五年前哭老劉
昨夜夢中章敬寺
死生魂魄暫同遊",42
1031,poem,1031,卷十七,,,雜律詩,興果上人殁時題此訣别兼簡二林僧社,,,1031,revised_jsonl_direct,1032,817,revised_jsonl,笺；唐江州兴果寺律大德凑公塔碣铭；白氏文集；圣善寺白氏文集记；旧唐书；金刚经；维摩经；临水坐,,0,False,,0,False,1,4,"本結菩提香火社
爲嫌煩惱電泡身
不須惆悵從師去
先請西方作主人","興果上人殁時題此訣别兼簡二林僧社本結菩提香火社
爲嫌煩惱電泡身
不須惆悵從師去
先請西方作主人",47
1032,poem,1032,卷十七,,,雜律詩,贈寫真者,,,1032,revised_jsonl_direct,1033,818,revised_jsonl,笺；汉书；题旧写真图,汉书,1,True,,0,False,1,8,"子騁丹青日
予當醜老時
無勞役神思
更畫病容儀
迢遞麒麟閣
圖功未有期
區區尺素上
焉用寫真爲","贈寫真者子騁丹青日
予當醜老時
無勞役神思
更畫病容儀
迢遞麒麟閣
圖功未有期
區區尺素上
焉用寫真爲",51
1033,poem,1033,卷十七,,,雜律詩,劉十九同宿,,,1033,revised_jsonl_direct,1034,817,revised_jsonl,笺；问刘十九；春游二林寺；元十八从事南海欲出庐山临别旧居有恋泉声之什因以投和兼伸别情,,0,False,,0,False,1,4,"紅旗破賊非吾事
黄紙除書無我名
唯共嵩陽劉處士
圍棋賭酒到天明","劉十九同宿紅旗破賊非吾事
黄紙除書無我名
唯共嵩陽劉處士
圍棋賭酒到天明",36
1034,poem,1034,卷十七,,,雜律詩,十二年冬江西温暖喜元八寄金石凌到因題此詩,,,1034,revised_jsonl_direct,1035,817,revised_jsonl,笺；答元八宗简同游曲江后明日见赠,,0,False,,0,False,1,6,"今冬臘候不嚴凝
暖霧温風氣上騰
山脚崦中纔有雪
江流慢處亦無冰
欲將何藥防春瘴
只有元家金石凌","十二年冬江西温暖喜元八寄金石凌到因題此詩今冬臘候不嚴凝
暖霧温風氣上騰
山脚崦中纔有雪
江流慢處亦無冰
欲將何藥防春瘴
只有元家金石凌",67
1035,poem,1035,卷十七,,,雜律詩,閑意,,,1035,revised_jsonl_direct,1036,817,revised_jsonl,笺；通典；唐阙史,,0,False,,0,False,1,8,"不爭榮耀任沉淪
日與時疏共道親
北省朋僚音信斷
東林長老往還頻
病停夜食閑如社
慵擁朝裘暖似春
漸老漸諳閑氣味
終身不擬作忙人","閑意不爭榮耀任沉淪
日與時疏共道親
北省朋僚音信斷
東林長老往還頻
病停夜食閑如社
慵擁朝裘暖似春
漸老漸諳閑氣味
終身不擬作忙人",65
1036,poem,1036,卷十七,,,雜律詩,送友人上峽赴東川辟命,,,1036,revised_jsonl_direct,1037,817,revised_jsonl,笺；初入峡有感；暂使下都夜发新林至京邑赠西府同僚；文选；南中八志；点额鱼；庄子；春晚寄微之；东南行一百韵寄通州元九侍御澧州李十一舍人果州崔二十二使君开州韦大员外庾三十二补阙杜十四拾遗李二十助教员外窦七校书；沧海赋,庄子；沧海赋,2,True,,0,False,1,12,"見説瞿唐峽
斜銜灧澦根
難於尋鳥路
險過上龍門
羊角風頭急
桃花水色渾
山迴若鼇轉
舟入似鯨吞
岸合愁天斷
波跳恐地翻
憐君經此去
爲感主人恩","送友人上峽赴東川辟命見説瞿唐峽
斜銜灧澦根
難於尋鳥路
險過上龍門
羊角風頭急
桃花水色渾
山迴若鼇轉
舟入似鯨吞
岸合愁天斷
波跳恐地翻
憐君經此去
爲感主人恩",81
1037,poem,1037,卷十七,,,雜律詩,夜送孟司功,,,1037,revised_jsonl_direct,1038,817,revised_jsonl,笺；旧唐书；日夕望江山赠鱼司马；后汉书；毛诗序；释文,后汉书；毛诗序,2,True,,0,False,1,8,"潯陽白司馬
夜送孟功曹
江闇管絃思
樓明燈火高
湖波翻似箭
霜草殺如刀
且莫開征棹
陰風正怒號","夜送孟司功潯陽白司馬
夜送孟功曹
江闇管絃思
樓明燈火高
湖波翻似箭
霜草殺如刀
且莫開征棹
陰風正怒號",52
1038,poem,1038,卷十七,,,雜律詩,衰病,,,1038,revised_jsonl_direct,1039,817,revised_jsonl,笺,,0,False,,0,False,1,4,"老辭遊冶尋花伴
病别荒狂舊酒徒
更恐五年三歲後
些些談笑亦應無","衰病老辭遊冶尋花伴
病别荒狂舊酒徒
更恐五年三歲後
些些談笑亦應無",33
1039,poem,1039,卷十七,,,雜律詩,題詩屏風絶句,,,1039,revised_jsonl_direct,1040,817,revised_jsonl,笺；感逝寄远；华阳国志,华阳国志,1,True,,0,False,1,30,"十二年冬
微之猶滯通州
予亦未離湓上
相去萬里
不見三年
鬱鬱相念
多以吟詠自解
前後辱微之寄示之什
殆數百篇
雖藏於篋中
永以爲好
不若置之座右
如見所思
由是掇律句中短小麗絶者
凡一百首
手自題錄
合爲一屏
舉目會心
參若其人在於前矣
前輩作事
多出偶然
則安知此屏
不爲好事者所傳
異日作九江一故事爾
因題絶句
聊以獎之
相憶采君詩作障
自書自勘不辭勞
障成定被人爭寫
從此南中紙價高","題詩屏風絶句十二年冬
微之猶滯通州
予亦未離湓上
相去萬里
不見三年
鬱鬱相念
多以吟詠自解
前後辱微之寄示之什
殆數百篇
雖藏於篋中
永以爲好
不若置之座右
如見所思
由是掇律句中短小麗絶者
凡一百首
手自題錄
合爲一屏
舉目會心
參若其人在於前矣
前輩作事
多出偶然
則安知此屏
不爲好事者所傳
異日作九江一故事爾
因題絶句
聊以獎之
相憶采君詩作障
自書自勘不辭勞
障成定被人爭寫
從此南中紙價高",201
1040,poem,1040,卷十七,,,雜律詩,答微之,,,1040,revised_jsonl_direct,1041,817,revised_jsonl,笺；阆州开元寺壁题乐天诗；和思归乐；杂阿含经,,0,False,,0,False,1,4,"君寫我詩盈寺壁
我題君句滿屏風
與君相遇知何處
兩葉浮萍大海中","答微之君寫我詩盈寺壁
我題君句滿屏風
與君相遇知何處
兩葉浮萍大海中",34
1041,poem,1041,卷十七,,,雜律詩,偶宴有懷,,,1041,revised_jsonl_direct,1042,818,revised_jsonl,笺,,0,False,,0,False,1,8,"遇興尋文客
因歡命酒徒
春遊憶親故
夜會似京都
詩思閑仍在
鄉愁醉暫無
狂來欲起舞
慚見白髭鬚","偶宴有懷遇興尋文客
因歡命酒徒
春遊憶親故
夜會似京都
詩思閑仍在
鄉愁醉暫無
狂來欲起舞
慚見白髭鬚",51
1042,poem,1042,卷十七,,,雜律詩,山中酬江州崔使君見寄,,,1042,revised_jsonl_direct,1043,818,revised_jsonl,笺；唐书；寳刻丛编；复斋碑录；游东林寺诗；旧唐书；景福殿赋；汉书；礼经；初到江州,汉书,1,True,,0,False,1,8,"眷眄情無限
優容禮有餘
三年爲郡吏
一半許山居
酒熟心相待
詩來手自書
庾樓春好醉
明日且迴車","山中酬江州崔使君見寄眷眄情無限
優容禮有餘
三年爲郡吏
一半許山居
酒熟心相待
詩來手自書
庾樓春好醉
明日且迴車",57
1043,poem,1043,卷十七,,,雜律詩,山枇杷,,,1043,revised_jsonl_direct,1044,818,revised_jsonl,笺；山石榴寄元九；山枇杷花二首；野客丛书,,0,False,,0,False,1,8,"深山老去惜年華
况對東谿野枇杷
火樹風來翻絳艷
瓊枝日出曬紅紗
迴看桃李都無色
映得芙蓉不是花
爭奈結根深石底
無因移得到人家","山枇杷深山老去惜年華
况對東谿野枇杷
火樹風來翻絳艷
瓊枝日出曬紅紗
迴看桃李都無色
映得芙蓉不是花
爭奈結根深石底
無因移得到人家",66
1044,poem,1044,卷十七,,,雜律詩,聞李尚書拜相因以長句寄賀微之,,,1044,revised_jsonl_direct,1045,818,revised_jsonl,笺；旧唐书；感逝寄远；为赵宣城与杨右相书；汉书；祭汾阴公文；重寄；江南谪居十韵,汉书,1,True,,0,False,1,8,"憐君不久在通川
知己新提造化權
夔卨定求才濟世
張雷應辯氣衝天
那知淪落天涯日
正是陶鈞海内年
肯向泥中抛折劍
不收重鑄作龍泉","聞李尚書拜相因以長句寄賀微之憐君不久在通川
知己新提造化權
夔卨定求才濟世
張雷應辯氣衝天
那知淪落天涯日
正是陶鈞海内年
肯向泥中抛折劍
不收重鑄作龍泉",77
1045,poem,1045,卷十七,,,雜律詩,歲暮,,,1045,revised_jsonl_direct,1046,818,revised_jsonl,笺；舞鹤赋；文选；礼记；神农本草经；淮南子；庄子,舞鹤赋；礼记；淮南子；庄子,4,True,,0,False,1,8,"窮陰急景坐相催
壯齒韶顔去不迴
舊病重因年老發
新愁多是夜長來
膏明自爇緣多事
雁默先烹爲不才
禍福細尋無會處
不如且進手中杯","歲暮窮陰急景坐相催
壯齒韶顔去不迴
舊病重因年老發
新愁多是夜長來
膏明自爇緣多事
雁默先烹爲不才
禍福細尋無會處
不如且進手中杯",65
1046,poem,1046,卷十七,,,雜律詩,雨中赴劉十九二林之期及到寺劉已先去因以四韻寄之,,,1046,revised_jsonl_direct,1047,817,revised_jsonl,笺；问刘十九；庐山桂；春游二林寺,,0,False,,0,False,1,8,"雲中臺殿泥中路
既阻同遊懶却還
將謂獨愁猶對雨
不知多興已尋山
纔應行到千峰裏
只校來遲半日閒
最惜杜鵑花爛熳
春風吹盡不同攀","雨中赴劉十九二林之期及到寺劉已先去因以四韻寄之雲中臺殿泥中路
既阻同遊懶却還
將謂獨愁猶對雨
不知多興已尋山
纔應行到千峰裏
只校來遲半日閒
最惜杜鵑花爛熳
春風吹盡不同攀",86
1047,poem,1047,卷十七,,,雜律詩,薔薇正開春酒初熟因招劉十九張大崔二十四同飲,,,1047,revised_jsonl_direct,1048,818,revised_jsonl,笺；问刘十九；游大林寺序；白氏文集；惜落花赠崔二十四；太平广记；购兰亭序；法书要录；戯题；渭村退居寄礼部崔侍郎翰林钱舍人诗一百韵；江州赴忠州至江陵已来舟中示舍弟五十韵；野客丛书；与诸客空腹饮；卯时酒,,0,False,,0,False,1,8,"甕頭竹葉經春熟
階底薔薇入夏開
似火淺深紅壓架
如餳氣味綠粘臺
試將詩句相招去
儻有風情或可來
明日早花應更好
心期同醉卯時杯","薔薇正開春酒初熟因招劉十九張大崔二十四同飲甕頭竹葉經春熟
階底薔薇入夏開
似火淺深紅壓架
如餳氣味綠粘臺
試將詩句相招去
儻有風情或可來
明日早花應更好
心期同醉卯時杯",84
1048,poem,1048,卷十七,,,雜律詩,李白墓,,,1048,revised_jsonl_direct,1049,818,revised_jsonl,笺；唐左拾遗翰林学士李公新墓碑；侯鲭录；方舆胜览；江源记；魏书；和杨师臯给事伤小姬英英,魏书,1,True,,0,False,1,6,"採石江邊李白墳
遶田無限草連雲
可憐荒隴窮泉骨
曾有驚天動地文
但是詩人多薄命
就中淪落不過君","李白墓採石江邊李白墳
遶田無限草連雲
可憐荒隴窮泉骨
曾有驚天動地文
但是詩人多薄命
就中淪落不過君",50
1049,poem,1049,卷十七,,,雜律詩,對酒,,,1049,revised_jsonl_direct,1050,818,revised_jsonl,笺；寻郭道士不遇；寻王道士药堂因有题赠；金刚经；圆觉经；敦煌变文集；云笈七签；丹论诀旨心照,,0,False,,0,False,1,8,"漫把參同契
難燒伏火砂
有時成白首
無處問黄牙
幻世如泡影
浮生抵眼花
唯將淥醅酒
且替紫河車","對酒漫把參同契
難燒伏火砂
有時成白首
無處問黄牙
幻世如泡影
浮生抵眼花
唯將淥醅酒
且替紫河車",49
1050,poem,1050,卷十七,,,雜律詩,戲答諸少年,,,1050,revised_jsonl_direct,1051,818,revised_jsonl,笺,,0,False,,0,False,1,4,"顧我長年頭似雪
饒君壯歳氣如雲
朱顔今日雖欺我
白髮他時不放君","戲答諸少年顧我長年頭似雪
饒君壯歳氣如雲
朱顔今日雖欺我
白髮他時不放君",36
1051,poem,1051,卷十七,,,雜律詩,風雨晚泊,,,1051,revised_jsonl_direct,1052,818,revised_jsonl,笺；圣主得贤臣颂；文选；为齐明帝让宣城郡公第一表；养性赋,,0,False,,0,False,1,8,"苦竹林邊蘆葦叢
停舟一望思無窮
青苔撲地連春雨
白浪掀天盡日風
忽忽百年行欲半
茫茫萬事坐成空
此生飄蕩何時定
一縷鴻毛天地中","風雨晚泊苦竹林邊蘆葦叢
停舟一望思無窮
青苔撲地連春雨
白浪掀天盡日風
忽忽百年行欲半
茫茫萬事坐成空
此生飄蕩何時定
一縷鴻毛天地中",67
1052,poem,1052,卷十七,,,雜律詩,題崔使君新樓,,,1052,revised_jsonl_direct,1053,818,revised_jsonl,笺；山中酬江州崔使君见寄；初到江州；九江府志,,0,False,,0,False,1,4,"憂人何處可銷憂
碧甃紅欄湓水頭
從此潯陽風月夜
崔公樓替庾公樓","題崔使君新樓憂人何處可銷憂
碧甃紅欄湓水頭
從此潯陽風月夜
崔公樓替庾公樓",37
1053,poem,1053,卷十七,,,雜律詩,山中戲問韋侍御,,,1053,revised_jsonl_direct,1054,818,revised_jsonl,笺；清明日送韦侍御贬虔州；文选；反招隐诗；古今诗英华,,0,False,,0,False,1,4,"我抱棲雲志
君懷濟世才
常吟反招隱
那得入山來","山中戲問韋侍御我抱棲雲志
君懷濟世才
常吟反招隱
那得入山來",30
1054,poem,1054,卷十七,,,雜律詩,贈曇禪師,,,1054,revised_jsonl_direct,1055,818,revised_jsonl,笺；代书诗一百韵寄微之；和梦游春诗一百韵,,0,False,,0,False,1,4,"五年不入慈恩寺
今日尋師始一來
欲知火宅焚燒苦
方寸如今化作灰","贈曇禪師五年不入慈恩寺
今日尋師始一來
欲知火宅焚燒苦
方寸如今化作灰",35
1055,poem,1055,卷十七,,,雜律詩,寄微之,,,1055,revised_jsonl_direct,1056,818,revised_jsonl,笺；陌上桑,,0,False,,0,False,1,8,"帝城行樂日紛紛
天畔窮愁我與君
秦女笑歌春不見
巴猿啼哭夜常聞
何處琵琶絃似語
誰家咼墮髻如雲
人生多少歡娛事
那獨千分無一分","寄微之帝城行樂日紛紛
天畔窮愁我與君
秦女笑歌春不見
巴猿啼哭夜常聞
何處琵琶絃似語
誰家咼墮髻如雲
人生多少歡娛事
那獨千分無一分",66
1056,poem,1056,卷十七,,,雜律詩,醉吟二首其一,,,1056,revised_jsonl_direct,1057,818,revised_jsonl,笺；楞严经；景德传灯录；百法明门论；观无量寿经；祖堂集；长阿含经；寻王道士药堂因有题赠；九日醉吟,,0,False,,0,False,1,4,"空王百法學未得
姹女丹砂燒即飛
事事無成身老也
醉鄉不去欲何歸","醉吟二首其一空王百法學未得
姹女丹砂燒即飛
事事無成身老也
醉鄉不去欲何歸",37
1057,poem,1057,卷十七,,,雜律詩,醉吟二首其二,,,1057,revised_jsonl_direct,1058,,revised_jsonl,,,0,False,,0,False,1,4,"兩鬢千莖新似雪
十分一盞欲如泥
酒狂又引詩魔發
日午悲吟到日西","醉吟二首其二兩鬢千莖新似雪
十分一盞欲如泥
酒狂又引詩魔發
日午悲吟到日西",37
1058,poem,1058,卷十七,,,雜律詩,曉寢,,,1058,revised_jsonl_direct,1059,818,revised_jsonl,笺,,0,False,,0,False,1,8,"轉枕重安寢
迴頭一欠伸
紙窗明覺曉
布被暖知春
莫强疏慵性
須安老大身
雞鳴一覺睡
不博早朝人","曉寢轉枕重安寢
迴頭一欠伸
紙窗明覺曉
布被暖知春
莫强疏慵性
須安老大身
雞鳴一覺睡
不博早朝人",49
1059,poem,1059,卷十七,,,雜律詩,答元八郎中楊十二博士,,,1059,revised_jsonl_direct,1060,818,revised_jsonl,笺；浔阳岁晚寄元八郎中庾三十三员外；赠杨秘书巨源；维摩经；酬李少府曹长官舍见赠；约心,,0,False,,0,False,1,8,"身覺浮雲無所著
心同止水有何情
但知蕭灑疏朝市
不要崎嶇隱姓名
盡日觀魚臨澗坐
有時隨鹿上山行
誰能抛得人間事
來共騰騰過此生","答元八郎中楊十二博士身覺浮雲無所著
心同止水有何情
但知蕭灑疏朝市
不要崎嶇隱姓名
盡日觀魚臨澗坐
有時隨鹿上山行
誰能抛得人間事
來共騰騰過此生",73
1060,poem,1060,卷十七,,,雜律詩,湖亭與行簡宿,,,1060,revised_jsonl_direct,1061,818,revised_jsonl,笺；宋书,宋书,1,True,,0,False,1,4,"潯陽少有風情客
招宿湖亭盡却迴
水檻虛凉風月好
夜深唯共阿連來","湖亭與行簡宿潯陽少有風情客
招宿湖亭盡却迴
水檻虛凉風月好
夜深唯共阿連來",37
1061,poem,1061,卷十七,,,雜律詩,八月十五日夜湓亭望月,,,1061,revised_jsonl_direct,1062,818,revised_jsonl,笺；杏园中枣树,,0,False,,0,False,1,8,"昔年八月十五夜
曲江池畔杏園邊
今年八月十五夜
湓浦沙頭水館前
西北望鄉何處是
東南見月幾迴圓
臨風一歎無人會
今夜清光似往年","八月十五日夜湓亭望月昔年八月十五夜
曲江池畔杏園邊
今年八月十五夜
湓浦沙頭水館前
西北望鄉何處是
東南見月幾迴圓
臨風一歎無人會
今夜清光似往年",73
1062,poem,1062,卷十七,,,雜律詩,贈江客,,,1062,revised_jsonl_direct,1063,818,revised_jsonl,笺,,0,False,,0,False,1,4,"江柳影寒新雨地
塞鴻聲急欲霜天
愁君獨向沙頭宿
水遶蘆花月滿船","贈江客江柳影寒新雨地
塞鴻聲急欲霜天
愁君獨向沙頭宿
水遶蘆花月滿船",34
1063,poem,1063,卷十七,,,雜律詩,殘暑招客,,,1063,revised_jsonl_direct,1064,818,revised_jsonl,笺；寄生衣与微之因题封上,,0,False,,0,False,1,8,"雲截山腰斷
風驅雨脚迴
早陰江上散
殘熱日中來
却取生衣著
重拈小簟開
誰能淘晚熱
閑飲兩三杯","殘暑招客雲截山腰斷
風驅雨脚迴
早陰江上散
殘熱日中來
却取生衣著
重拈小簟開
誰能淘晚熱
閑飲兩三杯",51
1064,poem,1064,卷十七,,,雜律詩,潯陽秋懷贈許明府,,,1064,revised_jsonl_direct,1065,818,revised_jsonl,笺；九日；玉篇；和酒中十咏,,0,False,,0,False,1,12,"霜紅二林葉
風白九江波
暝色投煙鳥
秋聲帶雨荷
馬閑無處出
門冷少人過
鹵莽還鄉夢
依稀望闕歌
共思除醉外
無計奈愁何
試問陶家酒
新篘得幾多","潯陽秋懷贈許明府霜紅二林葉
風白九江波
暝色投煙鳥
秋聲帶雨荷
馬閑無處出
門冷少人過
鹵莽還鄉夢
依稀望闕歌
共思除醉外
無計奈愁何
試問陶家酒
新篘得幾多",79
1065,poem,1065,卷十七,,,雜律詩,九日醉吟,,,1065,revised_jsonl_direct,1066,818,revised_jsonl,笺；闻李六景俭自河东令授唐邓行军司马以诗贺之；楚辞；寓意诗五首；南浦岁暮对酒送王十五归京；新唐书；醉乡记；酒德颂,楚辞；酒德颂,2,True,,0,False,1,16,"有恨頭還白
無情菊自黄
一爲州司馬
三見歳重陽
劍匣塵埃滿
籠禽日月長
身從漁父笑
門任雀羅張
問疾因留客
聽吟偶置觴
歎時論倚伏
懷舊數存亡
奈老應無計
治愁或有方
無過學王勣
唯以醉爲鄉","九日醉吟有恨頭還白
無情菊自黄
一爲州司馬
三見歳重陽
劍匣塵埃滿
籠禽日月長
身從漁父笑
門任雀羅張
問疾因留客
聽吟偶置觴
歎時論倚伏
懷舊數存亡
奈老應無計
治愁或有方
無過學王勣
唯以醉爲鄉",99
1066,poem,1066,卷十七,,,雜律詩,問韋山人,,,1066,revised_jsonl_direct,1067,818,revised_jsonl,笺；唐国史补；旧唐书,,0,False,,0,False,1,4,"身名身事兩蹉跎
試就先生問若何
從此神仙學得否
白鬚雖有未爲多","問韋山人身名身事兩蹉跎
試就先生問若何
從此神仙學得否
白鬚雖有未爲多",35
1067,poem,1067,卷十七,,,雜律詩,送蕭煉師步虛詩十首卷後以二絶繼之其一,,,1067,revised_jsonl_direct,1068,818,revised_jsonl,笺；江上吟元八绝句；题海图屏风,,0,False,,0,False,1,4,"欲上瀛洲臨别時
贈君十首步虛詞
天仙若愛應相問
向道江州司馬詩","送蕭煉師步虛詩十首卷後以二絶繼之其一欲上瀛洲臨别時
贈君十首步虛詞
天仙若愛應相問
向道江州司馬詩",49
1068,poem,1068,卷十七,,,雜律詩,送蕭煉師步虛詩十首卷後以二絶繼之其二,,,1068,revised_jsonl_direct,1069,,revised_jsonl,长恨歌,,0,False,,0,False,1,4,"花紙瑶緘松墨字
把將天上共誰開
試呈王母如堪唱
發遣雙成更取來","送蕭煉師步虛詩十首卷後以二絶繼之其二花紙瑶緘松墨字
把將天上共誰開
試呈王母如堪唱
發遣雙成更取來",49
1069,poem,1069,卷十七,,,雜律詩,贈李兵馬使,,,1069,revised_jsonl_direct,1070,818,revised_jsonl,笺；史记；李都尉古剑；汉书；后汉书；右羽林大将军王公神道碑；有唐故中大夫使持节寿州诸军事寿州刺史上柱国赠太保郭公庙碑铭；淮南节度使行军司马厅壁记,史记；汉书；后汉书,3,True,,0,False,1,4,"身得貳師餘氣概
家藏都尉舊詩章
江南别有樓船將
燕頷虬鬚不姓楊","贈李兵馬使身得貳師餘氣概
家藏都尉舊詩章
江南别有樓船將
燕頷虬鬚不姓楊",36
1070,poem,1070,卷十七,,,雜律詩,題遺愛寺前溪松,,,1070,revised_jsonl_direct,1071,818,revised_jsonl,笺；遗爱寺；司马厅独宿；庭松,,0,False,,0,False,1,16,"偃亞長松樹
侵臨小石溪
靜將流水對
高共遠峰齊
翠蓋煙籠密
花幢雪壓低
與僧清影坐
借鶴穩枝棲
筆寫形難似
琴偷韻易迷
暑天風槭槭
晴夜露淒淒
獨憩依爲舍
閑行繞作蹊
棟梁君莫採
留著伴幽棲","題遺愛寺前溪松偃亞長松樹
侵臨小石溪
靜將流水對
高共遠峰齊
翠蓋煙籠密
花幢雪壓低
與僧清影坐
借鶴穩枝棲
筆寫形難似
琴偷韻易迷
暑天風槭槭
晴夜露淒淒
獨憩依爲舍
閑行繞作蹊
棟梁君莫採
留著伴幽棲",102
1071,poem,1071,卷十七,,,雜律詩,廬山草堂夜雨獨宿寄牛二李七庾三十二員外,,,1071,revised_jsonl_direct,1072,818,revised_jsonl,笺；香炉峰下新置草堂即事咏怀题于石上；和答诗十首；京使回累得南省诸公书因以长句诗寄谢；代书；白氏文集；梦与李七庾三十三同访元九；郎官考；唐会要；送考功武员外使嵩山署舍利塔；伤友；悲华经；观无量寿经,,0,False,,0,False,1,8,"丹霄攜手三君子
白髮垂頭一病翁
蘭省花時錦帳下
廬山雨夜草菴中
終身膠漆心應在
半路雲泥迹不同
唯有無生三昧觀
榮枯一照兩成空","廬山草堂夜雨獨宿寄牛二李七庾三十二員外丹霄攜手三君子
白髮垂頭一病翁
蘭省花時錦帳下
廬山雨夜草菴中
終身膠漆心應在
半路雲泥迹不同
唯有無生三昧觀
榮枯一照兩成空",82
1072,poem,1072,卷十七,,,雜律詩,聞楊十二新拜省郎遥以詩賀,,,1072,revised_jsonl_direct,1073,818,revised_jsonl,笺；赠杨秘书巨源；唐会要；和姚给事寓直之作；畴昔篇；浔阳岁晚寄元八郎中庾三十三员外,,0,False,,0,False,1,13,"文昌新入有光輝
紫界宮墻白粉闈
曉日雞人傳漏箭
春風侍女護朝衣
雪飄歌句高難和
鶴拂煙霄老慣飛
官職聲名俱入手
近來詩客似君稀
頃曾有贈楊詩
落句云
“不用更教詩過好
折君官職是聲名
”今故云“俱入手”","聞楊十二新拜省郎遥以詩賀文昌新入有光輝
紫界宮墻白粉闈
曉日雞人傳漏箭
春風侍女護朝衣
雪飄歌句高難和
鶴拂煙霄老慣飛
官職聲名俱入手
近來詩客似君稀
頃曾有贈楊詩
落句云
“不用更教詩過好
折君官職是聲名
”今故云“俱入手”",113
1073,poem,1073,卷十七,,,雜律詩,三月三日懷微之,,,1073,revised_jsonl_direct,1074,818,revised_jsonl,笺,,0,False,,0,False,1,4,"良時光景長虛擲
壯歲風情已闇銷
忽憶同爲校書日
每年同醉是今朝","三月三日懷微之良時光景長虛擲
壯歲風情已闇銷
忽憶同爲校書日
每年同醉是今朝",38
1074,poem,1074,卷十七,,,雜律詩,贈韋八,,,1074,revised_jsonl_direct,1075,818,revised_jsonl,笺；早秋晚望兼呈韦侍御；答韦八；清明日送韦侍御贬虔州；永崇里观居,,0,False,,0,False,1,8,"辭君歳久見君初
白髮驚嗟兩有餘
容鬢别來今至此
心情料取合何如
曾同曲水花亭醉
亦共華陽竹院居
豈料天南相見夜
衰猿瘴霧宿匡廬","贈韋八辭君歳久見君初
白髮驚嗟兩有餘
容鬢别來今至此
心情料取合何如
曾同曲水花亭醉
亦共華陽竹院居
豈料天南相見夜
衰猿瘴霧宿匡廬",66
1075,poem,1075,卷十七,,,雜律詩,春江閑步贈張山人,,,1075,revised_jsonl_direct,1076,818,revised_jsonl,笺；山石榴寄元九,,0,False,,0,False,1,12,"江景又妍和
牽愁發浩歌
晴砂金屑色
春水麴塵波
紅簇交枝杏
青含卷葉荷
藉莎憐軟暖
憩樹愛婆娑
書信朝賢斷
知音野老多
相逢不閑語
爭奈日長何","春江閑步贈張山人江景又妍和
牽愁發浩歌
晴砂金屑色
春水麴塵波
紅簇交枝杏
青含卷葉荷
藉莎憐軟暖
憩樹愛婆娑
書信朝賢斷
知音野老多
相逢不閑語
爭奈日長何",79
1076,poem,1076,卷十七,,,雜律詩,春聽琵琶兼簡長孫司户,,,1076,revised_jsonl_direct,1077,818,revised_jsonl,笺；卢昂量移虢州司户长孙铉量移遂州司户同制；白氏文集；国史补；旧唐书；酬吴七见寄；祖堂集；古尊宿语录；醉中吟；李都尉古剑；青冢,,0,False,,0,False,1,8,"四絃不似琵琶聲
亂寫真珠細撼鈴
指底商風悲颯颯
舌頭胡語苦醒醒
如言都尉思京國
似訴明妃厭虜庭
遷客共君相勸諫
春腸易斷不須聽","春聽琵琶兼簡長孫司户四絃不似琵琶聲
亂寫真珠細撼鈴
指底商風悲颯颯
舌頭胡語苦醒醒
如言都尉思京國
似訴明妃厭虜庭
遷客共君相勸諫
春腸易斷不須聽",73
1077,poem,1077,卷十七,,,雜律詩,吳宮詞,,,1077,revised_jsonl_direct,1078,818,revised_jsonl,笺；乐府诗集；吴宫怨,,0,False,,0,False,1,8,"一入吳王殿
無人覩翠蛾
樓高時見舞
宮靜夜聞歌
半露胸如雪
斜迴臉似波
妍蚩各有分
誰敢妬恩多","吳宮詞一入吳王殿
無人覩翠蛾
樓高時見舞
宮靜夜聞歌
半露胸如雪
斜迴臉似波
妍蚩各有分
誰敢妬恩多",50
1078,poem,1078,卷十七,,,雜律詩,送韋侍御量移金州司馬,,,1078,revised_jsonl_direct,1079,818,revised_jsonl,笺；清明日送韦侍御贬虔州；旧唐书；谢赵王赍米启；相和歌辞；游仙诗,游仙诗,1,True,,0,False,1,8,"春歡雨露同霑澤
冬歎風霜獨滿衣
留滯多時如我少
遷移好處似君稀
卧龍雲到須先起
蟄燕雷驚尚未飛
莫恨東西溝水别
滄溟長短擬同歸","送韋侍御量移金州司馬春歡雨露同霑澤
冬歎風霜獨滿衣
留滯多時如我少
遷移好處似君稀
卧龍雲到須先起
蟄燕雷驚尚未飛
莫恨東西溝水别
滄溟長短擬同歸",73
1079,poem,1079,卷十七,,,雜律詩,自到潯陽生三女子因詮真理用遣妄懷,,,1079,revised_jsonl_direct,1080,818,revised_jsonl,笺；菩萨本缘经；醉吟二首；菩萨念佛三昧经；法苑珠林,,0,False,,0,False,1,8,"宦途本自安身拙
世累由來向老多
遠謫四年徒已矣
晚生三女擬如何
預愁嫁娶真成患
細念因緣盡是魔
賴學空王治苦法
使從煩惱入頭陀","自到潯陽生三女子因詮真理用遣妄懷宦途本自安身拙
世累由來向老多
遠謫四年徒已矣
晚生三女擬如何
預愁嫁娶真成患
細念因緣盡是魔
賴學空王治苦法
使從煩惱入頭陀",79
1080,poem,1080,卷十七,,,雜律詩,江西裴常侍以優禮見待又蒙贈詩輒叙鄙誠用伸感謝,,,1080,revised_jsonl_direct,1081,818,revised_jsonl,笺；旧唐书；初除官蒙裴常侍赠鹘衔瑞草绯袍鱼袋因谢惠贶兼抒离情；送湘阳熊判官孺登罢归钟陵因寄呈江西裴中丞二十三兄；唐方镇年表；秋兴赋；文选；汉书；舆服志；魏书；叙德书情四十韵上宣歙崔中丞；艺文类聚；搜神记；赠樊著作,秋兴赋；汉书；舆服志；魏书；搜神记,5,True,,0,False,1,8,"一從簪笏事金貂
每借温顔放折腰
長覺身輕離泥滓
忽驚手重捧瓊瑶
馬因迴顧雖增價
桐遇知音已半燋
他日秉鈞如見念
壯心直氣未全銷","江西裴常侍以優禮見待又蒙贈詩輒叙鄙誠用伸感謝一從簪笏事金貂
每借温顔放折腰
長覺身輕離泥滓
忽驚手重捧瓊瑶
馬因迴顧雖增價
桐遇知音已半燋
他日秉鈞如見念
壯心直氣未全銷",85
1081,poem,1081,卷十七,,,雜律詩,自江州司馬授忠州刺史仰荷聖澤聊書鄙誠,,,1081,revised_jsonl_direct,1082,818,revised_jsonl,笺；自江州至忠州；忠州刺史谢上表；白氏文集；放鱼；渭村退居寄礼部崔侍郎翰林钱舍人诗一百韵；过始宁墅；文选；汉书；说文；新论,汉书；说文；新论,3,True,,0,False,1,12,"炎瘴抛身遠
泥塗索脚難
網初鱗撥剌
籠久翅摧殘
雷電頒時令
陽和變歲寒
遺簪承舊念
剖竹授新官
鄉覺前程近
心隨外事寬
生還應有分
西笑問長安","自江州司馬授忠州刺史仰荷聖澤聊書鄙誠炎瘴抛身遠
泥塗索脚難
網初鱗撥剌
籠久翅摧殘
雷電頒時令
陽和變歲寒
遺簪承舊念
剖竹授新官
鄉覺前程近
心隨外事寬
生還應有分
西笑問長安",89
1082,poem,1082,卷十七,,,雜律詩,除忠州寄謝崔相公,,,1082,revised_jsonl_direct,1083,818,revised_jsonl,谱；笺；答崔侍郎钱舍人书问因继以诗；宋书；重寄；江西裴常侍以优礼见待又蒙赠诗辄叙鄙诚用伸感谢,宋书,1,True,,0,False,1,8,"提拔出泥知力竭
吹噓生翅見情深
劍鋒缺折難衝斗
桐尾燒燋豈望琴
感舊兩行年老淚
酬恩一寸歳寒心
忠州好惡何須問
鳥得辭籠不擇林","除忠州寄謝崔相公提拔出泥知力竭
吹噓生翅見情深
劍鋒缺折難衝斗
桐尾燒燋豈望琴
感舊兩行年老淚
酬恩一寸歳寒心
忠州好惡何須問
鳥得辭籠不擇林",71
1083,poem,1083,卷十七,,,雜律詩,初除官蒙裴常侍贈鶻銜瑞草緋袍魚袋因謝惠貺兼抒離情,,,1083,revised_jsonl_direct,1084,818,revised_jsonl,笺；江西裴常侍以优礼见待又蒙赠诗辄叙鄙诚用伸感谢；醉后狂言酬赠萧殷二协律；读史五首；唐会要；新唐书；旧唐书,,0,False,,0,False,1,8,"新授銅符未著緋
因君裝束始光輝
惠深范叔綈袍贈
榮過蘇秦佩印歸
魚綴白金隨步躍
鶻銜紅綬遶身飛
明朝戀别朱門淚
不敢多垂恐汙衣","初除官蒙裴常侍贈鶻銜瑞草緋袍魚袋因謝惠貺兼抒離情新授銅符未著緋
因君裝束始光輝
惠深范叔綈袍贈
榮過蘇秦佩印歸
魚綴白金隨步躍
鶻銜紅綬遶身飛
明朝戀别朱門淚
不敢多垂恐汙衣",87
1084,poem,1084,卷十七,,,雜律詩,洪州逢熊孺登,,,1084,revised_jsonl_direct,1085,818,revised_jsonl,笺；旧唐书；与微之书；白氏文集；送湘阳熊判官孺登罢归钟陵因寄呈江西裴中丞二十三兄；唐才子传；直斋书录解题；熊孺登集；梦与李七庾三十三同访元九,,0,False,,0,False,1,4,"靖安院裏辛夷下
醉笑狂吟氣最粗
莫問别來多少苦
低頭看取白髭鬚","洪州逢熊孺登靖安院裏辛夷下
醉笑狂吟氣最粗
莫問别來多少苦
低頭看取白髭鬚",37
1085,poem,1085,卷十七,,,雜律詩,初著刺史緋答友人見贈,,,1085,revised_jsonl_direct,1086,818,revised_jsonl,笺；相和歌辞,,0,False,,0,False,1,8,"故人安慰善爲辭
五十專城道未遲
徒使花袍紅似火
其如蓬鬢白成絲
且貪薄俸君應悉
不稱衰容我自知
銀印可憐將底用
只堪歸舍嚇妻兒","初著刺史緋答友人見贈故人安慰善爲辭
五十專城道未遲
徒使花袍紅似火
其如蓬鬢白成絲
且貪薄俸君應悉
不稱衰容我自知
銀印可憐將底用
只堪歸舍嚇妻兒",73
1086,poem,1086,卷十七,,,雜律詩,又答賀客,,,1086,revised_jsonl_direct,1087,818,revised_jsonl,笺,,0,False,,0,False,1,4,"銀章暫假爲專城
賀客來多懶起迎
似掛緋衫衣架上
朽株枯竹有何榮","又答賀客銀章暫假爲專城
賀客來多懶起迎
似掛緋衫衣架上
朽株枯竹有何榮",35
1087,poem,1087,卷十七,,,雜律詩,别草堂三絶句其一,,,1087,revised_jsonl_direct,1088,819,revised_jsonl,谱；笺,,0,False,,0,False,1,4,"正聽山鳥向陽眠
黄紙除書落枕前
爲感君恩須暫起
爐峰不擬别多年","别草堂三絶句其一正聽山鳥向陽眠
黄紙除書落枕前
爲感君恩須暫起
爐峰不擬别多年",39
1088,poem,1088,卷十七,,,雜律詩,别草堂三絶句其二,,,1088,revised_jsonl_direct,1089,,revised_jsonl,秘书省中忆旧山,,0,False,,0,False,1,4,"久眠褐被爲居士
忽掛緋袍作使君
身出草堂心不出
廬山未要動移文","别草堂三絶句其二久眠褐被爲居士
忽掛緋袍作使君
身出草堂心不出
廬山未要動移文",39
1089,poem,1089,卷十七,,,雜律詩,别草堂三絶句其三,,,1089,revised_jsonl_direct,1090,,revised_jsonl,,,0,False,,0,False,1,4,"三間茅舍向山開
一帶山泉遶舍迴
山色泉聲莫惆悵
三年官滿却歸來","别草堂三絶句其三三間茅舍向山開
一帶山泉遶舍迴
山色泉聲莫惆悵
三年官滿却歸來",39
1090,poem,1090,卷十七,,,雜律詩,鍾陵餞送,,,1090,revised_jsonl_direct,1091,819,revised_jsonl,笺；旧唐书；重建滕王阁记；新修滕王阁记,,0,False,,0,False,1,4,"翠幕紅筵高在雲
歌鐘一曲萬家聞
路人指點滕王閣
看送忠州白使君","鍾陵餞送翠幕紅筵高在雲
歌鐘一曲萬家聞
路人指點滕王閣
看送忠州白使君",35
1091,poem,1091,卷十七,,,雜律詩,潯陽宴别,,,1091,revised_jsonl_direct,1092,819,revised_jsonl,笺；汉书；饯王尚书出边,汉书,1,True,,0,False,1,8,"鞍馬軍城外
笙歌祖帳間
乘潮發湓口
帶雪别廬山
暮景牽行色
春寒散醉顔
共嗟炎瘴地
盡室得生還","潯陽宴别鞍馬軍城外
笙歌祖帳間
乘潮發湓口
帶雪别廬山
暮景牽行色
春寒散醉顔
共嗟炎瘴地
盡室得生還",51
1092,poem,1092,卷十七,,,雜律詩,戲贈户部李巡官,,,1092,revised_jsonl_direct,1093,819,revised_jsonl,笺；唐会要；送王处士,,0,False,,0,False,1,4,"好去民曹李判官
少貪公事且謀歡
男兒未死爭能料
莫作忠州刺史看","戲贈户部李巡官好去民曹李判官
少貪公事且謀歡
男兒未死爭能料
莫作忠州刺史看",38
1093,poem,1093,卷十七,,,雜律詩,行次夏口先寄李大夫,,,1093,revised_jsonl_direct,1094,819,revised_jsonl,笺；东南行一百韵寄通州元九侍御澧州李十一舍人果州崔二十二使君开州韦大员外庾三十二补阙杜十四拾遗李二十助教员外窦七校书；旧唐书；送令狐相公赴太原；石林燕语；史记；左传；渭村退居寄礼部崔侍郎翰林钱舍人诗一百韵；初学记；庙记；卢侍御与崔评事为予于黄鹤楼致宴宴罢同望,史记；左传,2,True,,0,False,1,8,"連山斷處大江流
紅斾逶迤鎮上游
幕下翶翔秦御史
軍前奔走漢諸侯
曾陪劍履升鸞殿
欲謁旌幢入鶴樓
假著緋袍君莫笑
恩深始得向忠州","行次夏口先寄李大夫連山斷處大江流
紅斾逶迤鎮上游
幕下翶翔秦御史
軍前奔走漢諸侯
曾陪劍履升鸞殿
欲謁旌幢入鶴樓
假著緋袍君莫笑
恩深始得向忠州",72
1094,poem,1094,卷十七,,,雜律詩,重贈李大夫,,,1094,revised_jsonl_direct,1095,819,revised_jsonl,笺；重修承旨学士壁记；旧唐书；壁记；贺雨；初学记；尚书中候；唐会要；早朝贺雪寄陈山人,尚书中候,1,True,,0,False,1,8,"早接清班登玉陛
同承别詔直金鑾
鳳巢閣上容身穩
鶴鎖籠中展翅難
流落多年應是命
量移遠郡未成官
慚君獨不欺顦顇
猶作銀臺舊眼看","重贈李大夫早接清班登玉陛
同承别詔直金鑾
鳳巢閣上容身穩
鶴鎖籠中展翅難
流落多年應是命
量移遠郡未成官
慚君獨不欺顦顇
猶作銀臺舊眼看",68
1095,poem,1095,卷十七,,,雜律詩,對鏡吟,,,1095,revised_jsonl_direct,1096,819,revised_jsonl,笺；原性；复性书上；早朝贺雪寄陈山人；后汉书；易干凿度；周柱国大将军纥干弘神道碑；百忌历；敦煌占卜文书与唐五代占卜研究；唐会要,后汉书,1,True,,0,False,1,8,"閑看明鏡坐清晨
多病姿容半老身
誰論情性乖時事
自想形骸非貴人
三殿失恩宜放棄
九宮推命合漂淪
如今所得須甘分
腰佩銀龜朱兩輪","對鏡吟閑看明鏡坐清晨
多病姿容半老身
誰論情性乖時事
自想形骸非貴人
三殿失恩宜放棄
九宮推命合漂淪
如今所得須甘分
腰佩銀龜朱兩輪",66
1096,poem,1096,卷十七,,,雜律詩,江州赴忠州至江陵已來舟中示舍弟五十韻,,,1096,revised_jsonl_direct,1097,819,revised_jsonl,笺；东南行一百韵寄通州元九侍御澧州李十一舍人果州崔二十二使君开州韦大员外庾三十二补阙杜十四拾遗李二十助教员外窦七校书；三国志；太平广记；紫花梨；耳目记；初下汉江舟中作寄两省给舍；广雅；重到江州感旧游题郡楼十一韵；阻风；升庵诗话；得微之到官后书备知通州之事怅然有感因成四章；太平御览；毛诗疏义；题小桥前新竹招客；萧员外寄新蜀茶；蔷薇正开春酒初熟因招刘十九张大崔二十四同饮；香炉峰下新置草堂即事咏怀题于石上；答元八宗简同游曲江后明日见赠；酬卢秘书二十韵；游悟真寺诗一百三十韵；答王十二寒夜独酌有怀；秋野五首；礼记；易；书；报任安书；大方便佛报恩经；方广大庄严经；大乘本生心地观经；读史五首；赠五官中郎将诗四首；灵宪；初学记；春秋元命苞；至寻阳诗；战国策；答元郎中杨员外喜乌见寄；诗；论语；反招隐诗；晋书；八月十五日夜玩月；自咏；庄子；文言；鹦鹉赋；答桐花,广雅；礼记；易；书；春秋元命苞；战国策；诗；论语；晋书；庄子；鹦鹉赋,11,True,,0,False,1,100,"昔作咸秦客
常思江海行
今來仍盡室
此去又專城
典午猶爲幸
分憂固是榮
箳篂州乘送
艛艓驛船迎
共載皆妻子
同遊即弟兄
寧辭浪迹遠
且貴賞心并
雲展帆高掛
飇馳棹迅征
泝流從漢浦
循路轉荆衡
山逐時移色
江隨地改名
風光近東早
水木向南清
夏口煙孤起
湘川雨半晴
日煎紅浪沸
月射白砂明
北渚寒留雁
南枝暖待鶯
駢朱桃露萼
點翠柳含萌
亥市魚鹽聚
神林鼓笛鳴
壺漿椒葉氣
歌曲竹枝聲
繫纜憐沙靜
垂綸愛岸平
水餐紅粒稻
野茹紫花菁
甌汎茶如乳
臺粘酒似餳
膾長抽錦縷
藕脆削瓊英
容易來千里
斯須進一程
未曾勞氣力
漸覺有心情
卧穩添春睡
行遲帶酒酲
忽愁牽世網
便欲濯塵纓
早接文場戰
曾爭翰苑盟
掉頭稱俊造
翹足取公卿
且昧隨時義
徒輸報國誠
衆排恩易失
偏壓勢先傾
虎尾憂危切
鴻毛性命輕
燭蛾誰救護
蠶繭自纏縈
斂手辭雙闕
迴眸望兩京
長沙抛賈誼
漳浦卧劉楨
鶗鴂鳴還歇
蟾蜍破又盈
年光同激箭
鄉思極摇旌
潦倒親知笑
衰羸舊識驚
烏頭因感白
魚尾爲勞赬
劍學將何用
丹燒竟不成
孤舟萍一葉
雙鬢雪千莖
老見人情盡
閑思物理精
如湯探冷熱
似博鬭輸贏
險路應須避
迷塗莫共爭
此心知止足
何物要經營
玉向泥中潔
松經雪後貞
無妨隱朝市
不必謝寰瀛
但在前非悟
期無後患嬰
多知非景福
少語是元亨
晦即全身藥
明爲伐性兵
昏昏隨世俗
蠢蠢學黎甿
鳥以能言𦃪
龜緣入夢烹
知之一何晚
猶足保餘生","江州赴忠州至江陵已來舟中示舍弟五十韻昔作咸秦客
常思江海行
今來仍盡室
此去又專城
典午猶爲幸
分憂固是榮
箳篂州乘送
艛艓驛船迎
共載皆妻子
同遊即弟兄
寧辭浪迹遠
且貴賞心并
雲展帆高掛
飇馳棹迅征
泝流從漢浦
循路轉荆衡
山逐時移色
江隨地改名
風光近東早
水木向南清
夏口煙孤起
湘川雨半晴
日煎紅浪沸
月射白砂明
北渚寒留雁
南枝暖待鶯
駢朱桃露萼
點翠柳含萌
亥市魚鹽聚
神林鼓笛鳴
壺漿椒葉氣
歌曲竹枝聲
繫纜憐沙靜
垂綸愛岸平
水餐紅粒稻
野茹紫花菁
甌汎茶如乳
臺粘酒似餳
膾長抽錦縷
藕脆削瓊英
容易來千里
斯須進一程
未曾勞氣力
漸覺有心情
卧穩添春睡
行遲帶酒酲
忽愁牽世網
便欲濯塵纓
早接文場戰
曾爭翰苑盟
掉頭稱俊造
翹足取公卿
且昧隨時義
徒輸報國誠
衆排恩易失
偏壓勢先傾
虎尾憂危切
鴻毛性命輕
燭蛾誰救護
蠶繭自纏縈
斂手辭雙闕
迴眸望兩京
長沙抛賈誼
漳浦卧劉楨
鶗鴂鳴還歇
蟾蜍破又盈
年光同激箭
鄉思極摇旌
潦倒親知笑
衰羸舊識驚
烏頭因感白
魚尾爲勞赬
劍學將何用
丹燒竟不成
孤舟萍一葉
雙鬢雪千莖
老見人情盡
閑思物理精
如湯探冷熱
似博鬭輸贏
險路應須避
迷塗莫共爭
此心知止足
何物要經營
玉向泥中潔
松經雪後貞
無妨隱朝市
不必謝寰瀛
但在前非悟
期無後患嬰
多知非景福
少語是元亨
晦即全身藥
明爲伐性兵
昏昏隨世俗
蠢蠢學黎甿
鳥以能言𦃪
龜緣入夢烹
知之一何晚
猶足保餘生",617
1097,poem,1097,卷十七,,,雜律詩,題岳陽樓,,,1097,revised_jsonl_direct,1098,819,revised_jsonl,笺；方舆胜览；岳阳早霁南楼；与夏十二登岳阳楼；舆地纪胜,,0,False,,0,False,1,8,"岳陽城下水漫漫
獨上危樓凭曲欄
春岸綠時連夢澤
夕波紅處近長安
猿攀樹立啼何苦
雁點湖飛渡亦難
此地唯堪畫圖障
華堂張與貴人看","題岳陽樓岳陽城下水漫漫
獨上危樓凭曲欄
春岸綠時連夢澤
夕波紅處近長安
猿攀樹立啼何苦
雁點湖飛渡亦難
此地唯堪畫圖障
華堂張與貴人看",67
1098,poem,1098,卷十七,,,雜律詩,入峽次巴東,,,1098,revised_jsonl_direct,1099,819,revised_jsonl,笺；旧唐书,,0,False,,0,False,1,8,"不知遠郡何時到
猶喜全家此去同
萬里王程三峽外
百年生計一舟中
巫山暮足霑花雨
隴水春多逆浪風
兩片紅旌數聲鼓
使君艛艓上巴東","入峽次巴東不知遠郡何時到
猶喜全家此去同
萬里王程三峽外
百年生計一舟中
巫山暮足霑花雨
隴水春多逆浪風
兩片紅旌數聲鼓
使君艛艓上巴東",68
1099,poem,1099,卷十七,,,雜律詩,十年三月三日别微之於灃上十四年三月十一日夜遇微之於峽中停舟夷陵三宿而别言不盡者以詩終之因賦七言十七韻以贈且欲記所遇之地與相見之時爲他年會話張本也,,,1099,revised_jsonl_direct,1100,819,revised_jsonl,笺；三游洞序；白氏文集；旧唐书；醉后却寄元九；水经注；太平寰宇记；方舆胜览,,0,False,,0,False,1,39,"灃水店頭春盡日
送君上馬謫通川
夷陵峽口明月夜
此處逢君是偶然
一别五年方見面
相攜三宿未迴船
坐從日暮唯長歎
語到天明竟未眠
齒髮蹉跎將五十
關河迢遞過三千
生涯共寄滄江上
鄉國俱抛白日邊
往事渺茫都似夢
舊游零落半歸泉
醉悲灑淚春杯裏
吟苦支頤曉燭前
莫問龍鍾惡官職
且聽清脆好文篇
微之别來有新詩數百篇
麗絶可愛
别來只是成詩癖
老去何曾更酒顛
各限王程須去住
重開離宴貴留連
黄牛渡北移征棹
白狗崖東卷别筵
黄牛﹑白狗
皆峽中地名
即與微之遇别之所也
神女臺雲閑繚繞
使君灘水急潺湲
風淒暝色愁楊柳
月弔宵聲哭杜鵑
萬丈赤幢潭底日
一條白練峽中天
君還秦地辭炎徼
我向忠州入瘴煙
未死會應相見在
又知何地復何年","十年三月三日别微之於灃上十四年三月十一日夜遇微之於峽中停舟夷陵三宿而别言不盡者以詩終之因賦七言十七韻以贈且欲記所遇之地與相見之時爲他年會話張本也灃水店頭春盡日
送君上馬謫通川
夷陵峽口明月夜
此處逢君是偶然
一别五年方見面
相攜三宿未迴船
坐從日暮唯長歎
語到天明竟未眠
齒髮蹉跎將五十
關河迢遞過三千
生涯共寄滄江上
鄉國俱抛白日邊
往事渺茫都似夢
舊游零落半歸泉
醉悲灑淚春杯裏
吟苦支頤曉燭前
莫問龍鍾惡官職
且聽清脆好文篇
微之别來有新詩數百篇
麗絶可愛
别來只是成詩癖
老去何曾更酒顛
各限王程須去住
重開離宴貴留連
黄牛渡北移征棹
白狗崖東卷别筵
黄牛﹑白狗
皆峽中地名
即與微之遇别之所也
神女臺雲閑繚繞
使君灘水急潺湲
風淒暝色愁楊柳
月弔宵聲哭杜鵑
萬丈赤幢潭底日
一條白練峽中天
君還秦地辭炎徼
我向忠州入瘴煙
未死會應相見在
又知何地復何年",381
1100,poem,1100,卷十七,,,雜律詩,題峽中石上,,,1100,revised_jsonl_direct,1101,819,revised_jsonl,谱；笺；过昭君村,,0,False,,0,False,1,4,"巫女廟花紅似粉
昭君村柳翠於眉
誠知老去風情少
見此爭無一句詩","題峽中石上巫女廟花紅似粉
昭君村柳翠於眉
誠知老去風情少
見此爭無一句詩",36
1101,poem,1101,卷十八,,,雜律詩,夜入瞿唐峽,,,1101,revised_jsonl_direct,1102,819,revised_jsonl,谱；笺；初入峡有感,,0,False,,0,False,1,8,"瞿唐天下險
夜上信難哉
岸似雙屏合
天如匹帛開
逆風驚浪起
拔𥮘闇船來
欲識愁多少
高於灧澦堆","夜入瞿唐峽瞿唐天下險
夜上信難哉
岸似雙屏合
天如匹帛開
逆風驚浪起
拔𥮘闇船來
欲識愁多少
高於灧澦堆",52
1102,poem,1102,卷十八,,,雜律詩,初到忠州贈李六,,,1102,revised_jsonl_direct,1103,819,revised_jsonl,笺；自江州至忠州；唐书；唐人行第录；旧唐书；旧唐书景俭传；元稹集；与李十一夜饮；哭诸故人因寄元八；周书；隋书；马上作,周书,1,True,,0,False,1,8,"好在天涯李使君
江頭相見日黄昏
吏人生梗都如鹿
市井疏蕪只抵村
一隻蘭船當驛路
百層石磴上州門
更無平地堪行處
虛受朱輪五馬恩","初到忠州贈李六好在天涯李使君
江頭相見日黄昏
吏人生梗都如鹿
市井疏蕪只抵村
一隻蘭船當驛路
百層石磴上州門
更無平地堪行處
虛受朱輪五馬恩",70
1103,poem,1103,卷十八,,,雜律詩,郡齋暇日憶廬山草堂兼寄二林僧社三十韻多叙貶官已來出處之意,,,1103,revised_jsonl_direct,1104,819,revised_jsonl,笺；香炉峰下新卜山居草堂初成偶题东壁；庐山桂；春游二林寺；醉吟二首；维摩经；代书诗一百韵寄微之；临水坐；赎鸡；长阿含经；增壹阿含经；宋书；隋书；与湘东王书；太平广记；柳宗元；嘉话录；乌皮隐几；将赴成都草堂途中有作先寄严郑公；高士传；旧唐书；弟子品；佛开解梵志阿𩙥经；华严经；佛说观普贤菩萨行法经；祖堂集；老子；长庆二年七月自中书舍人出守杭州路次蓝溪作；和梦游春诗一百韵；马上作；大唐西域记；题浔阳楼；元和郡县志；方舆胜览；琴操；诗；左传；咏意；汉书；重酬钱员外；大宝积经；佛说大乘菩萨藏正法经,宋书；老子；琴操；诗；左传；汉书,6,True,,0,False,1,69,"諫諍知無補
遷移分所當
不堪匡聖主
只合事空王
龍象投新社
鵷鸞失故行
沈吟辭北闕
誘引向西方
便住雙林寺
仍開一草堂
平治行道路
安置坐禪牀
手板支爲枕
頭巾閣在牆
先生烏几舄
居士白衣裳
竟歲何曾悶
終身不擬忙
滅除殘夢想
換盡舊心腸
世界多煩惱
形神久損傷
正從風鼓浪
轉作日銷霜
佛經云
此生死無休已
如風鼓海浪
又云
煩惱如霜露
慧日能消除
吾道尋知止
君恩偶未忘
忽蒙頒鳳詔
兼謝剖魚章
蓮靜方依水
葵枯重仰陽
三車猶夕會
五馬已晨裝
去似尋前世
來如别故鄉
眉低出鷲嶺
脚重下蛇崗
廬山崗名
漸望廬山遠
彌愁峽路長
香爐峰隱隱
巴字水茫茫
瓢掛留庭樹
經收在屋梁
春抛紅藥圃
夏憶白蓮塘
唯擬捐塵事
將何答寵光
有期追永遠
晉時永﹑遠二法師
曾居此寺
無政繼龔黄
南國秋猶熱
西齋夜暫凉
閑吟四句偈
靜對一爐香
身老同丘井
心空是道場
覓僧爲去伴
留俸作歸糧
爲報山中侶
憑看竹下房
會應歸去在
松菊莫教荒","郡齋暇日憶廬山草堂兼寄二林僧社三十韻多叙貶官已來出處之意諫諍知無補
遷移分所當
不堪匡聖主
只合事空王
龍象投新社
鵷鸞失故行
沈吟辭北闕
誘引向西方
便住雙林寺
仍開一草堂
平治行道路
安置坐禪牀
手板支爲枕
頭巾閣在牆
先生烏几舄
居士白衣裳
竟歲何曾悶
終身不擬忙
滅除殘夢想
換盡舊心腸
世界多煩惱
形神久損傷
正從風鼓浪
轉作日銷霜
佛經云
此生死無休已
如風鼓海浪
又云
煩惱如霜露
慧日能消除
吾道尋知止
君恩偶未忘
忽蒙頒鳳詔
兼謝剖魚章
蓮靜方依水
葵枯重仰陽
三車猶夕會
五馬已晨裝
去似尋前世
來如别故鄉
眉低出鷲嶺
脚重下蛇崗
廬山崗名
漸望廬山遠
彌愁峽路長
香爐峰隱隱
巴字水茫茫
瓢掛留庭樹
經收在屋梁
春抛紅藥圃
夏憶白蓮塘
唯擬捐塵事
將何答寵光
有期追永遠
晉時永﹑遠二法師
曾居此寺
無政繼龔黄
南國秋猶熱
西齋夜暫凉
閑吟四句偈
靜對一爐香
身老同丘井
心空是道場
覓僧爲去伴
留俸作歸糧
爲報山中侶
憑看竹下房
會應歸去在
松菊莫教荒",438
1104,poem,1104,卷十八,,,雜律詩,贈康叟,,,1104,revised_jsonl_direct,1105,819,revised_jsonl,笺；古夫于亭杂录；赠康洽；唐才子传；寳刻丛编；复斋碑录；自江州至忠州,,0,False,,0,False,1,4,"八十秦翁老不歸
南賓太守乞寒衣
再三憐汝非他意
天寶遺民見漸稀","贈康叟八十秦翁老不歸
南賓太守乞寒衣
再三憐汝非他意
天寶遺民見漸稀",34
1105,poem,1105,卷十八,,,雜律詩,鸚鵡,,,1105,revised_jsonl_direct,1106,819,revised_jsonl,笺,,0,False,,0,False,1,8,"竟日語還默
中宵棲復驚
身囚緣彩翠
心苦爲分明
暮起歸巢思
春多憶侶聲
誰能拆籠破
從放快飛鳴","鸚鵡竟日語還默
中宵棲復驚
身囚緣彩翠
心苦爲分明
暮起歸巢思
春多憶侶聲
誰能拆籠破
從放快飛鳴",49
1106,poem,1106,卷十八,,,雜律詩,京使迴累得南省諸公書因以長句詩寄謝蕭五劉二元八吳十一韋大陸郎中崔二十二牛二李七庾三十三李六李十楊三樊大楊十二員外,,,1106,revised_jsonl_direct,1107,819,revised_jsonl,笺；旧唐书；重修承旨学士壁记；答元八宗简同游曲江后明日见赠；答元郎中杨员外喜乌见寄；新唐书；东南行一百韵寄通州元九侍御澧州李十一舍人果州崔二十二使君开州韦大员外庾三十二补阙杜十四拾遗李二十助教员外窦七校书；酉阳杂俎；唐故宣歙池等州都团练观察处置使宣州刺史兼御史中丞赠左散骑常侍王公神道碑；庐山草堂夜雨独宿寄牛二李七庾三十二员外；梦与李七庾三十三同访元九；初到忠州赠李六；唐书；赠江州李十使君员外十二韵；唐人行第录；赠樊著作；郎官考；赠杨秘书巨源；宿溪翁,,0,False,,0,False,1,8,"雪壓泥埋未死身
每勞存問媿交親
浮萍漂泊三千里
列宿參差十五人
禁月落時君待漏
畬煙深處我行春
瘴鄉得老猶爲幸
豈敢傷嗟白髮新","京使迴累得南省諸公書因以長句詩寄謝蕭五劉二元八吳十一韋大陸郎中崔二十二牛二李七庾三十三李六李十楊三樊大楊十二員外雪壓泥埋未死身
每勞存問媿交親
浮萍漂泊三千里
列宿參差十五人
禁月落時君待漏
畬煙深處我行春
瘴鄉得老猶爲幸
豈敢傷嗟白髮新",119
1107,poem,1107,卷十八,,,雜律詩,東城春意,,,1107,revised_jsonl_direct,1108,820,revised_jsonl,笺,,0,False,,0,False,1,8,"風軟雲不動
郡城東北隅
晚來春澹澹
天氣似京都
絃管隨宜有
杯觴不道無
其如親故遠
無可共歡娛","東城春意風軟雲不動
郡城東北隅
晚來春澹澹
天氣似京都
絃管隨宜有
杯觴不道無
其如親故遠
無可共歡娛",51
1108,poem,1108,卷十八,,,雜律詩,木蓮樹生巴峽山谷間巴民亦呼爲黄心樹大者高五丈涉冬不凋身如青楊有白文葉如桂厚大無脊花如蓮香色豔膩皆同獨房蘂有異四月初始開自開迨謝僅二十日忠州西北十里有鳴玉谿生者穠茂尤異元和十四年夏命道士毌丘元志寫惜其遐僻因題三絶句云其一,,,1108,revised_jsonl_direct,1109,820,revised_jsonl,谱；笺；老学庵笔记；忠州木莲；本草纲目；太平寰宇记；清一统志,,0,False,,0,False,1,4,"如折芙蓉栽旱地
似抛芍藥掛高枝
雲埋水隔無人識
唯有南賓太守知","木蓮樹生巴峽山谷間巴民亦呼爲黄心樹大者高五丈涉冬不凋身如青楊有白文葉如桂厚大無脊花如蓮香色豔膩皆同獨房蘂有異四月初始開自開迨謝僅二十日忠州西北十里有鳴玉谿生者穠茂尤異元和十四年夏命道士毌丘元志寫惜其遐僻因題三絶句云其一如折芙蓉栽旱地
似抛芍藥掛高枝
雲埋水隔無人識
唯有南賓太守知",140
1109,poem,1109,卷十八,,,雜律詩,木蓮樹生巴峽山谷間巴民亦呼爲黄心樹大者高五丈涉冬不凋身如青楊有白文葉如桂厚大無脊花如蓮香色豔膩皆同獨房蘂有異四月初始開自開迨謝僅二十日忠州西北十里有鳴玉谿生者穠茂尤異元和十四年夏命道士毌丘元志寫惜其遐僻因題三絶句云其二,,,1109,revised_jsonl_direct,1110,,revised_jsonl,,,0,False,,0,False,1,4,"紅似燕支膩如粉
傷心好物不須臾
山中風起無時節
明日重來得在無","木蓮樹生巴峽山谷間巴民亦呼爲黄心樹大者高五丈涉冬不凋身如青楊有白文葉如桂厚大無脊花如蓮香色豔膩皆同獨房蘂有異四月初始開自開迨謝僅二十日忠州西北十里有鳴玉谿生者穠茂尤異元和十四年夏命道士毌丘元志寫惜其遐僻因題三絶句云其二紅似燕支膩如粉
傷心好物不須臾
山中風起無時節
明日重來得在無",140
1110,poem,1110,卷十八,,,雜律詩,木蓮樹生巴峽山谷間巴民亦呼爲黄心樹大者高五丈涉冬不凋身如青楊有白文葉如桂厚大無脊花如蓮香色豔膩皆同獨房蘂有異四月初始開自開迨謝僅二十日忠州西北十里有鳴玉谿生者穠茂尤異元和十四年夏命道士毌丘元志寫惜其遐僻因題三絶句云其三,,,1110,revised_jsonl_direct,1111,,revised_jsonl,,,0,False,,0,False,1,4,"已愁花落荒巖底
復恨根生亂石間
幾度欲移移不得
天教抛擲在深山","木蓮樹生巴峽山谷間巴民亦呼爲黄心樹大者高五丈涉冬不凋身如青楊有白文葉如桂厚大無脊花如蓮香色豔膩皆同獨房蘂有異四月初始開自開迨謝僅二十日忠州西北十里有鳴玉谿生者穠茂尤異元和十四年夏命道士毌丘元志寫惜其遐僻因題三絶句云其三已愁花落荒巖底
復恨根生亂石間
幾度欲移移不得
天教抛擲在深山",140
1111,poem,1111,卷十八,,,雜律詩,種桃杏,,,1111,revised_jsonl_direct,1112,819,revised_jsonl,笺；答族人梁东海太守长孺书；初出城留别；瓯北诗话；忠州种桃杏,,0,False,,0,False,1,6,"無論海角與天涯
大抵心安即是家
路遠誰能念鄉曲
年深兼欲忘京華
忠州且作三年計
種杏栽桃擬待花","種桃杏無論海角與天涯
大抵心安即是家
路遠誰能念鄉曲
年深兼欲忘京華
忠州且作三年計
種杏栽桃擬待花",50
1112,poem,1112,卷十八,,,雜律詩,新秋,,,1112,revised_jsonl_direct,1113,819,revised_jsonl,笺；山石榴寄元九,,0,False,,0,False,1,8,"二毛生鏡日
一葉落庭時
老去爭由我
愁來欲泥誰
空銷閑歲月
不見舊親知
唯弄扶牀女
時時强展眉","新秋二毛生鏡日
一葉落庭時
老去爭由我
愁來欲泥誰
空銷閑歲月
不見舊親知
唯弄扶牀女
時時强展眉",49
1113,poem,1113,卷十八,,,雜律詩,龍昌寺荷池,,,1113,revised_jsonl_direct,1114,819,revised_jsonl,笺；登龙昌上寺望江南山怀钱舍人,,0,False,,0,False,1,4,"冷碧新秋水
殘紅半破蓮
從來寥落意
不似此池邊","龍昌寺荷池冷碧新秋水
殘紅半破蓮
從來寥落意
不似此池邊",28
1114,poem,1114,卷十八,,,雜律詩,聽竹枝贈李侍御,,,1114,revised_jsonl_direct,1115,819,revised_jsonl,笺；题小桥前新竹招客；竹枝词,,0,False,,0,False,1,4,"巴童巫女竹枝歌
懊惱何人怨咽多
暫聽遣君猶悵望
長聞教我復如何","聽竹枝贈李侍御巴童巫女竹枝歌
懊惱何人怨咽多
暫聽遣君猶悵望
長聞教我復如何",38
1115,poem,1115,卷十八,,,雜律詩,寄胡餅與楊萬州,,,1115,revised_jsonl_direct,1116,819,revised_jsonl,笺；南宾郡斋即事寄杨万州；唐代衣食住行研究；唐两京城坊考,,0,False,,0,False,1,4,"胡麻餅樣學京都
麵脆油香新出爐
寄與飢嚵楊大使
嘗看得似輔興無","寄胡餅與楊萬州胡麻餅樣學京都
麵脆油香新出爐
寄與飢嚵楊大使
嘗看得似輔興無",38
1116,poem,1116,卷十八,,,雜律詩,感櫻桃花因招飲客,,,1116,revised_jsonl_direct,1117,819,revised_jsonl,笺；山石榴寄元九,,0,False,,0,False,1,6,"櫻桃昨夜開如雪
鬢髮今年白似霜
漸覺花前成老醜
何曾酒後更顛狂
誰能聞此來相勸
共泥春風醉一場","感櫻桃花因招飲客櫻桃昨夜開如雪
鬢髮今年白似霜
漸覺花前成老醜
何曾酒後更顛狂
誰能聞此來相勸
共泥春風醉一場",55
1117,poem,1117,卷十八,,,雜律詩,東亭閑望,,,1117,revised_jsonl_direct,1118,819,revised_jsonl,笺,,0,False,,0,False,1,8,"東亭盡日坐
誰伴寂寥身
綠桂爲佳客
紅蕉當美人
笑言雖不接
情狀似相親
不作悠悠想
如何度晚春","東亭閑望東亭盡日坐
誰伴寂寥身
綠桂爲佳客
紅蕉當美人
笑言雖不接
情狀似相親
不作悠悠想
如何度晚春",51
1118,poem,1118,卷十八,,,雜律詩,畫木蓮花圖寄元郎中,,,1118,revised_jsonl_direct,1119,819,revised_jsonl,笺；答元八宗简同游曲江后明日见赠；答元郎中杨员外喜乌见寄,,0,False,,0,False,1,4,"花房膩似紅蓮朵
豔色鮮如紫牡丹
唯有詩人應解愛
丹青寫出與君看","畫木蓮花圖寄元郎中花房膩似紅蓮朵
豔色鮮如紫牡丹
唯有詩人應解愛
丹青寫出與君看",40
1119,poem,1119,卷十八,,,雜律詩,和李澧州題韋開州經藏詩,,,1119,revised_jsonl_direct,1120,819,revised_jsonl,笺；东南行一百韵寄通州元九侍御澧州李十一舍人果州崔二十二使君开州韦大员外庾三十二补阙杜十四拾遗李二十助教员外窦七校书；祭中书韦相公文；白氏文集；喻金鑛偈；苑舍人能书梵字兼达梵音皆曲尽其妙戯为之赠；圆觉经；坛经；维摩经；祖堂集；楞伽经；楞严经；庄子；中阿含经；金刚经,庄子,1,True,,0,False,1,8,"既悟蓮花藏
須遺貝葉書
菩提無處所
文字本空虛
觀指非知月
忘筌是得魚
聞君登彼岸
捨筏復如何","和李澧州題韋開州經藏詩既悟蓮花藏
須遺貝葉書
菩提無處所
文字本空虛
觀指非知月
忘筌是得魚
聞君登彼岸
捨筏復如何",58
1120,poem,1120,卷十八,,,雜律詩,九日題塗谿,,,1120,revised_jsonl_direct,1121,819,revised_jsonl,笺；华阳国志；忠州志,华阳国志,1,True,,0,False,1,4,"蕃草席鋪楓葉岸
竹枝歌送菊花杯
明年尚作南賓守
或可重陽更一來","九日題塗谿蕃草席鋪楓葉岸
竹枝歌送菊花杯
明年尚作南賓守
或可重陽更一來",36
1121,poem,1121,卷十八,,,雜律詩,即事寄微之,,,1121,revised_jsonl_direct,1122,819,revised_jsonl,笺；淮南子；白小,淮南子,1,True,,0,False,1,8,"畬田澀米不耕鉏
旱地荒園少菜蔬
想此土風今若此
料看生計合何如
衣縫紕纇黄絲絹
飯下腥鹹白小魚
飽暖飢寒何足道
此身長短是空虛","即事寄微之畬田澀米不耕鉏
旱地荒園少菜蔬
想此土風今若此
料看生計合何如
衣縫紕纇黄絲絹
飯下腥鹹白小魚
飽暖飢寒何足道
此身長短是空虛",68
1122,poem,1122,卷十八,,,雜律詩,題郡中荔枝詩十八韻兼寄萬州楊八使君,,,1122,revised_jsonl_direct,1123,819,revised_jsonl,笺；郡中；南宾郡斋即事寄杨万州；简简吟；山石榴寄元九；南方草木状；世说新语；语林,南方草木状；语林,2,True,,0,False,1,36,"奇果標南土
芳林對北堂
素華春漠漠
丹實夏煌煌
葉捧低垂户
枝擎重壓牆
始因風弄色
漸與日爭光
夕訝條懸火
朝驚樹點妝
深於紅躑躅
大校白檳榔
星綴連心朵
珠排耀眼房
紫羅裁儭殼
白玉裹填瓤
早歲曾聞説
今朝始摘嘗
嚼疑天上味
嗅異世間香
潤勝蓮生水
鮮逾橘得霜
燕脂掌中顆
甘露舌頭漿
物少尤珍重
天高苦渺茫
已教生暑月
又使阻遐方
粹液靈難駐
妍姿嫩易傷
近南光影熱
向北道途長
不得充王賦
無由寄帝鄉
唯君堪擲贈
面白似潘郎","題郡中荔枝詩十八韻兼寄萬州楊八使君奇果標南土
芳林對北堂
素華春漠漠
丹實夏煌煌
葉捧低垂户
枝擎重壓牆
始因風弄色
漸與日爭光
夕訝條懸火
朝驚樹點妝
深於紅躑躅
大校白檳榔
星綴連心朵
珠排耀眼房
紫羅裁儭殼
白玉裹填瓤
早歲曾聞説
今朝始摘嘗
嚼疑天上味
嗅異世間香
潤勝蓮生水
鮮逾橘得霜
燕脂掌中顆
甘露舌頭漿
物少尤珍重
天高苦渺茫
已教生暑月
又使阻遐方
粹液靈難駐
妍姿嫩易傷
近南光影熱
向北道途長
不得充王賦
無由寄帝鄉
唯君堪擲贈
面白似潘郎",232
1123,poem,1123,卷十八,,,雜律詩,留北客,,,1123,revised_jsonl_direct,1124,819,revised_jsonl,笺；郡中春䜩因赠诸客,,0,False,,0,False,1,8,"峽外相逢遠
樽前一會難
即須分手别
且强展眉歡
楚袖蕭條舞
巴絃趣數從速反彈
笙歌隨分有
莫作帝鄉看","留北客峽外相逢遠
樽前一會難
即須分手别
且强展眉歡
楚袖蕭條舞
巴絃趣數從速反彈
笙歌隨分有
莫作帝鄉看",53
1124,poem,1124,卷十八,,,雜律詩,重寄荔枝與楊使君時聞楊使君欲種植故有落句戲之,,,1124,revised_jsonl_direct,1125,819,revised_jsonl,笺；南宾郡斋即事寄杨万州,,0,False,,0,False,1,8,"摘來正帶凌晨露
寄去須憑下水船
映我緋衫渾不見
對公銀印最相鮮
香連翠葉真堪畫
紅透青籠實可憐
聞道萬州方欲種
愁君得喫是何年","重寄荔枝與楊使君時聞楊使君欲種植故有落句戲之摘來正帶凌晨露
寄去須憑下水船
映我緋衫渾不見
對公銀印最相鮮
香連翠葉真堪畫
紅透青籠實可憐
聞道萬州方欲種
愁君得喫是何年",85
1125,poem,1125,卷十八,,,雜律詩,和萬州楊使君四絶句競渡,,,1125,revised_jsonl_direct,1126,819,revised_jsonl,笺；荆楚岁时记；曹娥碑；越地传,荆楚岁时记,1,True,,0,False,1,4,"競渡相傳爲汨羅
不能止遏意無他
自經放逐來顦顇
能校靈均死幾多","和萬州楊使君四絶句競渡競渡相傳爲汨羅
不能止遏意無他
自經放逐來顦顇
能校靈均死幾多",42
1126,poem,1126,卷十八,,,雜律詩,和萬州楊使君四絶句江邊草,,,1126,revised_jsonl_direct,1127,,revised_jsonl,过天门街；郊下,,0,False,,0,False,1,4,"聞君澤畔傷春草
憶在天門街裏時
漠漠淒淒愁滿眼
就中惆悵是江蘺","和萬州楊使君四絶句江邊草聞君澤畔傷春草
憶在天門街裏時
漠漠淒淒愁滿眼
就中惆悵是江蘺",43
1127,poem,1127,卷十八,,,雜律詩,和萬州楊使君四絶句嘉慶李,,,1127,revised_jsonl_direct,1128,,revised_jsonl,演繁露；两京记；南部新书；唐两京城坊考,,0,False,,0,False,1,4,"東都綠李萬州栽
君手封題我手開
把得欲嘗先悵望
與渠同别故鄉來","和萬州楊使君四絶句嘉慶李東都綠李萬州栽
君手封題我手開
把得欲嘗先悵望
與渠同别故鄉來",43
1128,poem,1128,卷十八,,,雜律詩,和萬州楊使君四絶句白槿花,,,1128,revised_jsonl_direct,1129,,revised_jsonl,诗；相和歌辞,诗,1,True,,0,False,1,4,"秋蕣晚英無艷色
何因栽種在人家
使君只别羅敷面
爭解迴頭愛白花","和萬州楊使君四絶句白槿花秋蕣晚英無艷色
何因栽種在人家
使君只别羅敷面
爭解迴頭愛白花",43
1129,poem,1129,卷十八,,,雜律詩,和行簡望郡南山,,,1129,revised_jsonl_direct,1130,819,revised_jsonl,笺；蜀中名胜记；骊宫高,,0,False,,0,False,1,4,"反照前山雲樹明
從君苦道似華清
試聽腸斷巴猿叫
早晚驪山有此聲","和行簡望郡南山反照前山雲樹明
從君苦道似華清
試聽腸斷巴猿叫
早晚驪山有此聲",38
1130,poem,1130,卷十八,,,雜律詩,種荔枝,,,1130,revised_jsonl_direct,1131,819,revised_jsonl,笺,,0,False,,0,False,1,4,"紅顆真珠誠可愛
白髮太守亦何癡
十年結子知誰在
自向庭中種荔枝","種荔枝紅顆真珠誠可愛
白髮太守亦何癡
十年結子知誰在
自向庭中種荔枝",34
1131,poem,1131,卷十八,,,雜律詩,陰雨,,,1131,revised_jsonl_direct,1132,819,revised_jsonl,笺；五弦,,0,False,,0,False,1,8,"嵐霧今朝重
江山此地深
灘聲秋更急
峽氣曉多陰
望闕雲遮眼
思鄉雨滴心
將何慰幽獨
賴此北窗琴","陰雨嵐霧今朝重
江山此地深
灘聲秋更急
峽氣曉多陰
望闕雲遮眼
思鄉雨滴心
將何慰幽獨
賴此北窗琴",49
1132,poem,1132,卷十八,,,雜律詩,送客歸京,,,1132,revised_jsonl_direct,1133,819,revised_jsonl,笺；长安道,,0,False,,0,False,1,8,"水陸四千里
何時歸到秦
舟辭三峽雨
馬入九衢塵
有酒留行客
無書寄貴人
唯憑遠傳語
好在曲江春","送客歸京水陸四千里
何時歸到秦
舟辭三峽雨
馬入九衢塵
有酒留行客
無書寄貴人
唯憑遠傳語
好在曲江春",51
1133,poem,1133,卷十八,,,雜律詩,送蕭處士遊黔南,,,1133,revised_jsonl_direct,1134,819,revised_jsonl,笺；招萧处士；太平御览；三巴记；闻官军收河南河北；郡斋暇日忆庐山草堂兼寄二林僧社三十韵多叙贬官已来出处之意；发白狗峡次黄牛峡登高寺却望忠州；旧唐书；舆地纪胜,,0,False,,0,False,1,8,"能文好飲老蕭郎
身似浮雲鬢似霜
生計抛來詩是業
家園忘却酒爲鄉
江從巴峽初成字
猿過巫陽始斷腸
不醉黔中爭去得
磨圍山月正蒼蒼","送蕭處士遊黔南能文好飲老蕭郎
身似浮雲鬢似霜
生計抛來詩是業
家園忘却酒爲鄉
江從巴峽初成字
猿過巫陽始斷腸
不醉黔中爭去得
磨圍山月正蒼蒼",70
1134,poem,1134,卷十八,,,雜律詩,東樓醉,,,1134,revised_jsonl_direct,1135,819,revised_jsonl,笺；初到忠州登东楼寄万州杨八使君,,0,False,,0,False,1,4,"天涯深峽無人地
歲暮窮陰欲夜天
不向東樓時一醉
如何擬過二三年","東樓醉天涯深峽無人地
歲暮窮陰欲夜天
不向東樓時一醉
如何擬過二三年",34
1135,poem,1135,卷十八,,,雜律詩,寄微之,,,1135,revised_jsonl_direct,1136,819,revised_jsonl,笺；旧唐书；十年三月三日别微之于沣上十四年三月十一日夜遇微之于峡中；江州赴忠州至江陵已来舟中示舍弟五十韵；史记；裴五,史记,1,True,,0,False,1,8,"高天默默物茫茫
各有來由致損傷
鸚爲能言長翦翅
龜緣難死久搘牀
莫嫌冷落抛閑地
猶勝炎蒸卧瘴鄉
外物竟關身底事
謾排門戟繫腰章","寄微之高天默默物茫茫
各有來由致損傷
鸚爲能言長翦翅
龜緣難死久搘牀
莫嫌冷落抛閑地
猶勝炎蒸卧瘴鄉
外物竟關身底事
謾排門戟繫腰章",66
1136,poem,1136,卷十八,,,雜律詩,東樓招客夜飲,,,1136,revised_jsonl_direct,1137,819,revised_jsonl,笺,,0,False,,0,False,1,4,"莫辭數數醉東樓
除醉無因破得愁
唯有綠樽紅燭下
暫時不似在忠州","東樓招客夜飲莫辭數數醉東樓
除醉無因破得愁
唯有綠樽紅燭下
暫時不似在忠州",37
1137,poem,1137,卷十八,,,雜律詩,醉後戲題,,,1137,revised_jsonl_direct,1138,819,revised_jsonl,笺；东轩笔录；代白头吟,,0,False,,0,False,1,4,"自知清冷似冬凌
每被人呼作律僧
今夜酒醺羅綺暖
被君融盡玉壺冰","醉後戲題自知清冷似冬凌
每被人呼作律僧
今夜酒醺羅綺暖
被君融盡玉壺冰",35
1138,poem,1138,卷十八,,,雜律詩,冬至夜,,,1138,revised_jsonl_direct,1139,819,revised_jsonl,谱；笺；感秋怀微之；和大觜乌；山石榴寄元九；赠内,,0,False,,0,False,1,8,"老去襟懷常濩落
病來鬚鬢轉蒼浪
心灰不及爐中火
鬢雪多於砌下霜
三峽南賓城最遠
一年冬至夜偏長
今宵始覺房櫳冷
坐索寒衣䛏孟光","冬至夜老去襟懷常濩落
病來鬚鬢轉蒼浪
心灰不及爐中火
鬢雪多於砌下霜
三峽南賓城最遠
一年冬至夜偏長
今宵始覺房櫳冷
坐索寒衣䛏孟光",66
1139,poem,1139,卷十八,,,雜律詩,竹枝詞其一,,,1139,revised_jsonl_direct,1140,819,revised_jsonl,笺；题小桥前新竹招客；华阳国志；初学记；荆州图记；通鉴地理通释；元和志,华阳国志,1,True,,0,False,1,4,"瞿唐峽口水煙低
白帝城頭月向西
唱到竹枝聲咽處
寒猿闇鳥一時啼","竹枝詞其一瞿唐峽口水煙低
白帝城頭月向西
唱到竹枝聲咽處
寒猿闇鳥一時啼",36
1140,poem,1140,卷十八,,,雜律詩,竹枝詞其二,,,1140,revised_jsonl_direct,1141,,revised_jsonl,,,0,False,,0,False,1,4,"竹枝苦怨怨何人
夜靜山空歇又聞
蠻兒巴女齊聲唱
愁殺江樓病使君","竹枝詞其二竹枝苦怨怨何人
夜靜山空歇又聞
蠻兒巴女齊聲唱
愁殺江樓病使君",36
1141,poem,1141,卷十八,,,雜律詩,竹枝詞其三,,,1141,revised_jsonl_direct,1142,,revised_jsonl,,,0,False,,0,False,1,4,"巴東船舫上巴西
波面風生雨脚齊
水蓼冷花紅簇簇
江蘺濕葉碧淒淒","竹枝詞其三巴東船舫上巴西
波面風生雨脚齊
水蓼冷花紅簇簇
江蘺濕葉碧淒淒",36
1142,poem,1142,卷十八,,,雜律詩,竹枝詞其四,,,1142,revised_jsonl_direct,1143,,revised_jsonl,,,0,False,,0,False,1,4,"江畔誰人唱竹枝
前聲斷咽後聲遲
怪來調苦緣詞苦
多是通州司馬詩","竹枝詞其四江畔誰人唱竹枝
前聲斷咽後聲遲
怪來調苦緣詞苦
多是通州司馬詩",36
1143,poem,1143,卷十八,,,雜律詩,酬嚴中丞晚眺黔江見寄,,,1143,revised_jsonl_direct,1144,819,revised_jsonl,笺；旧唐书；元和郡县志；送萧处士游黔南；太平御览；益州记；方舆胜览,益州记,1,True,,0,False,1,8,"江水三迴曲
愁人兩地情
磨圍山下色
明月峽中聲
晚後連天碧
秋來徹底清
臨流有新恨
照見白鬚生","酬嚴中丞晚眺黔江見寄江水三迴曲
愁人兩地情
磨圍山下色
明月峽中聲
晚後連天碧
秋來徹底清
臨流有新恨
照見白鬚生",57
1144,poem,1144,卷十八,,,雜律詩,寄題楊萬州四望樓,,,1144,revised_jsonl_direct,1145,819,revised_jsonl,笺；南宾郡斋即事寄杨万州；方舆胜览,,0,False,,0,False,1,4,"江上新樓名四望
東西南北水茫茫
無由得與君攜手
同凭欄干一望鄉","寄題楊萬州四望樓江上新樓名四望
東西南北水茫茫
無由得與君攜手
同凭欄干一望鄉",39
1145,poem,1145,卷十八,,,雜律詩,答楊使君登樓見憶,,,1145,revised_jsonl_direct,1146,819,revised_jsonl,笺,,0,False,,0,False,1,4,"忠萬樓中南北望
南州煙水北州雲
兩州何事偏相憶
各是籠禽作使君","答楊使君登樓見憶忠萬樓中南北望
南州煙水北州雲
兩州何事偏相憶
各是籠禽作使君",39
1146,poem,1146,卷十八,,,雜律詩,除夜,,,1146,revised_jsonl_direct,1147,819,revised_jsonl,笺；自咏,,0,False,,0,False,1,8,"歲暮紛多思
天涯渺未歸
老添新甲子
病減舊容輝
鄉國仍留念
功名已息機
明朝四十九
應轉悟前非","除夜歲暮紛多思
天涯渺未歸
老添新甲子
病減舊容輝
鄉國仍留念
功名已息機
明朝四十九
應轉悟前非",49
1147,poem,1147,卷十八,,,雜律詩,聞雷,,,1147,revised_jsonl_direct,1148,820,revised_jsonl,笺；赠元稹,,0,False,,0,False,1,8,"瘴地風霜早
温天氣候催
窮冬不見雪
正月已聞雷
震蟄蟲蛇出
驚枯草木開
空餘客方寸
依舊似寒灰","聞雷瘴地風霜早
温天氣候催
窮冬不見雪
正月已聞雷
震蟄蟲蛇出
驚枯草木開
空餘客方寸
依舊似寒灰",49
1148,poem,1148,卷十八,,,雜律詩,春至,,,1148,revised_jsonl_direct,1149,820,revised_jsonl,谱；笺；郡中春䜩因赠诸客,,0,False,,0,False,1,8,"若爲南國春還至
爭向東樓日又長
白片落梅浮澗水
黄梢新柳出城牆
閑拈蕉葉題詩詠
悶取藤枝引酒嘗
樂事漸無身漸老
從今始擬負風光","春至若爲南國春還至
爭向東樓日又長
白片落梅浮澗水
黄梢新柳出城牆
閑拈蕉葉題詩詠
悶取藤枝引酒嘗
樂事漸無身漸老
從今始擬負風光",65
1149,poem,1149,卷十八,,,雜律詩,感春,,,1149,revised_jsonl_direct,1150,820,revised_jsonl,笺；南宾郡斋即事寄杨万州；大方广佛华严经；诸法集要经,,0,False,,0,False,1,8,"巫峽中心郡
巴城四面春
草青臨水地
頭白見花人
憂喜皆心火
榮枯是眼塵
除非一杯酒
何物更關身","感春巫峽中心郡
巴城四面春
草青臨水地
頭白見花人
憂喜皆心火
榮枯是眼塵
除非一杯酒
何物更關身",49
1150,poem,1150,卷十八,,,雜律詩,春江,,,1150,revised_jsonl_direct,1151,820,revised_jsonl,笺；太平广记；六合县丞；广异记；景生；玄怪录,,0,False,,0,False,1,8,"炎凉昏曉苦推遷
不覺忠州已二年
閉閣只聽朝暮鼓
上樓空望往來船
鶯聲誘引來花下
草色勾留坐水邊
唯有春江看未厭
縈砂遶石淥潺湲","春江炎凉昏曉苦推遷
不覺忠州已二年
閉閣只聽朝暮鼓
上樓空望往來船
鶯聲誘引來花下
草色勾留坐水邊
唯有春江看未厭
縈砂遶石淥潺湲",65
1151,poem,1151,卷十八,,,雜律詩,題東樓前李使君所種櫻桃花,,,1151,revised_jsonl_direct,1152,820,revised_jsonl,笺；旧唐书；月三首；春日使府寓怀二首；游仙窟,,0,False,,0,False,1,4,"身入青雲無見日
手栽紅樹又逢春
唯留花向樓前著
故故抛愁與後人","題東樓前李使君所種櫻桃花身入青雲無見日
手栽紅樹又逢春
唯留花向樓前著
故故抛愁與後人",43
1152,poem,1152,卷十八,,,雜律詩,巴水,,,1152,revised_jsonl_direct,1153,820,revised_jsonl,笺；山石榴寄元九；和友人洛中春感,,0,False,,0,False,1,8,"城下巴江水
春來似麴塵
軟砂如渭曲
斜岸憶天津
影蘸新黄柳
香浮小白蘋
臨流搔首坐
惆悵爲何人","巴水城下巴江水
春來似麴塵
軟砂如渭曲
斜岸憶天津
影蘸新黄柳
香浮小白蘋
臨流搔首坐
惆悵爲何人",49
1153,poem,1153,卷十八,,,雜律詩,野行,,,1153,revised_jsonl_direct,1154,820,revised_jsonl,笺；叙德书情四十韵上宣歙崔中丞；岁暮道情二首；自望秦赴五松驿马上偶睡睡觉成吟,,0,False,,0,False,1,8,"草潤衫襟重
沙乾屐齒輕
仰頭聽鳥立
信脚望花行
暇日無公事
衰年有道情
浮生短於夢
夢裏莫營營","野行草潤衫襟重
沙乾屐齒輕
仰頭聽鳥立
信脚望花行
暇日無公事
衰年有道情
浮生短於夢
夢裏莫營營",49
1154,poem,1154,卷十八,,,雜律詩,送高侍御使迴因寄楊八,,,1154,revised_jsonl_direct,1155,820,revised_jsonl,笺；南宾郡斋即事寄杨万州；酬严中丞晚眺黔江见寄；唐律疏议；太平御览；荆州记；华阳国志；艺文类聚；黄草峡听柔之琴二首,荆州记；华阳国志,2,True,,0,False,1,4,"明月峽邊逢制使
黄茅岸上是忠州
到城莫説忠州惡
無益虛教楊八愁","送高侍御使迴因寄楊八明月峽邊逢制使
黄茅岸上是忠州
到城莫説忠州惡
無益虛教楊八愁",41
1155,poem,1155,卷十八,,,雜律詩,奉酬李相公見示絶句,,,1155,revised_jsonl_direct,1156,820,revised_jsonl,笺；寄李相公崔侍郎钱舍人；旧唐书；塞下曲五首；文献通考；东墟晚歇,,0,False,,0,False,1,4,"碧油幢下捧新詩
榮賤雖殊共一悲
涕淚滿襟君莫怪
甘泉侍從最多時","奉酬李相公見示絶句碧油幢下捧新詩
榮賤雖殊共一悲
涕淚滿襟君莫怪
甘泉侍從最多時",40
1156,poem,1156,卷十八,,,雜律詩,喜山石榴花開,,,1156,revised_jsonl_direct,1157,820,revised_jsonl,谱；笺；山石榴寄元九；三绝句；官舍迎内子有庭花开；江亭玩春；和元九悼往；新唐书；裴常侍以题蔷薇架十八韵见示因广为三十韵以和之；全唐诗续拾,,0,False,,0,False,1,8,"忠州州裏今日花
廬山山頭去年樹
已憐根損斬新栽
還喜花開依舊數
赤玉何人小琴軫
紅纈誰家合羅袴
但知爛熳姿情開
莫怕南賓桃李妬","喜山石榴花開忠州州裏今日花
廬山山頭去年樹
已憐根損斬新栽
還喜花開依舊數
赤玉何人小琴軫
紅纈誰家合羅袴
但知爛熳姿情開
莫怕南賓桃李妬",69
1157,poem,1157,卷十八,,,雜律詩,戲贈蕭處士清禪師,,,1157,revised_jsonl_direct,1158,820,revised_jsonl,笺；送萧处士游黔南；咏怀；酬晖上人秋夜山亭有赠；渭上偶钓；大宝积经；景德传灯录,,0,False,,0,False,1,4,"三杯嵬峩忘機客
百納頭陀任運僧
又有放慵巴郡守
不營一事共騰騰","戲贈蕭處士清禪師三杯嵬峩忘機客
百納頭陀任運僧
又有放慵巴郡守
不營一事共騰騰",39
1158,poem,1158,卷十八,,,雜律詩,錢虢州以三堂絶句見寄因以本韻和之,,,1158,revised_jsonl_direct,1159,820,revised_jsonl,笺；登龙昌上寺望江南山怀钱舍人；虢州三堂记；奉和虢州刘给事使君伯刍三堂新题二十一咏；清一统志；名胜志；和刘伯刍三堂二十一咏；醉吟二首；正月十五日夜东林寺学禅偶怀蓝田杨六主簿因呈智禅师；金刚三昧经,,0,False,,0,False,1,6,"同事空王歲月深
相思遠寄定中吟
遥知清淨中和化
祇用金剛三昧心
予早歲與錢君同習讀《金剛三昧經》
故云","錢虢州以三堂絶句見寄因以本韻和之同事空王歲月深
相思遠寄定中吟
遥知清淨中和化
祇用金剛三昧心
予早歲與錢君同習讀《金剛三昧經》
故云",67
1159,poem,1159,卷十八,,,雜律詩,三月三日,,,1159,revised_jsonl_direct,1160,820,revised_jsonl,笺；后汉书；宋书,后汉书；宋书,2,True,,0,False,1,4,"暮春風景初三日
流世光陰半百年
欲作閑遊無好伴
半江惆悵却迴船","三月三日暮春風景初三日
流世光陰半百年
欲作閑遊無好伴
半江惆悵却迴船",35
1160,poem,1160,卷十八,,,雜律詩,寒食夜,,,1160,revised_jsonl_direct,1161,820,revised_jsonl,谱；笺；荆楚岁时记,荆楚岁时记,1,True,,0,False,1,4,"四十九年身老日
一百五夜月明天
抱膝思量何事在
癡男騃女喚鞦韆","寒食夜四十九年身老日
一百五夜月明天
抱膝思量何事在
癡男騃女喚鞦韆",34
1161,poem,1161,卷十八,,,雜律詩,代州民問,,,1161,revised_jsonl_direct,1162,820,revised_jsonl,笺；登龙昌上寺望江南山怀钱舍人；九日登巴台,,0,False,,0,False,1,4,"龍昌寺底開山路
巴子臺前種柳林
官職家鄉都忘却
誰人會得使君心","代州民問龍昌寺底開山路
巴子臺前種柳林
官職家鄉都忘却
誰人會得使君心",35
1162,poem,1162,卷十八,,,雜律詩,答州民,,,1162,revised_jsonl_direct,1163,820,revised_jsonl,笺；游悟真寺诗一百三十韵；约心；答朝士；放言五首,,0,False,,0,False,1,4,"宦情抖擻隨塵去
鄉思銷磨逐日無
唯擬騰騰作閑事
遮渠不道使君愚","答州民宦情抖擻隨塵去
鄉思銷磨逐日無
唯擬騰騰作閑事
遮渠不道使君愚",34
1163,poem,1163,卷十八,,,雜律詩,荔枝樓對酒,,,1163,revised_jsonl_direct,1164,820,revised_jsonl,笺；方舆胜览；荔枝楼对酒；吴船录；唐国史补；岭表录异；老学庵笔记,,0,False,,0,False,1,4,"荔枝新熟雞冠色
燒酒初開琥珀香
欲摘一枝傾一盞
西樓無客共誰嘗","荔枝樓對酒荔枝新熟雞冠色
燒酒初開琥珀香
欲摘一枝傾一盞
西樓無客共誰嘗",36
1164,poem,1164,卷十八,,,雜律詩,房家夜宴喜雪戲贈主人,,,1164,revised_jsonl_direct,1165,820,revised_jsonl,笺；水经注；齐民要术；旧唐书；诗人玉屑；后史补；教坊记；乐府杂录；乐府诗集；柘枝舞小考；唐代长安与西域文明；译余偶拾；说郛；程氏则古；宣猷堂宴集五首；南朝诗中的次韵问题；启功丛稿；春赋；野客丛书,春赋,1,True,,0,False,1,8,"風頭向夜利如刀
賴此温爐軟錦袍
桑落氣薰珠翠暖
柘枝聲引管絃高
酒鉤送盞推蓮子
燭淚粘盤壘蒲萄
不醉遣儂爭散得
門前雪片似鵝毛","房家夜宴喜雪戲贈主人風頭向夜利如刀
賴此温爐軟錦袍
桑落氣薰珠翠暖
柘枝聲引管絃高
酒鉤送盞推蓮子
燭淚粘盤壘蒲萄
不醉遣儂爭散得
門前雪片似鵝毛",73
1165,poem,1165,卷十八,,,雜律詩,醉後贈人,,,1165,revised_jsonl_direct,1166,820,revised_jsonl,笺；太平广记；冥音录；隋唐五代燕乐杂言歌辞研究；步东坡,,0,False,,0,False,1,4,"香毬趁拍迴環匼
花盞抛巡取次飛
自入春來未同醉
那能夜去獨先歸","醉後贈人香毬趁拍迴環匼
花盞抛巡取次飛
自入春來未同醉
那能夜去獨先歸",35
1166,poem,1166,卷十八,,,雜律詩,初除尚書郎脱刺史緋,,,1166,revised_jsonl_direct,1167,820,revised_jsonl,谱；笺；旧唐书；商山路有感；发白狗峡次黄牛峡登高寺却望忠州；演繁露；六典；送高侍御使回因寄杨八；和钱员外禁中夙兴见示；郡斋暇日辱常州陈郎中使君早春晚坐水西馆书事诗十六韵见寄亦以十六韵酬之；初除官蒙裴常侍赠鹘衔瑞草绯袍鱼袋因谢惠贶兼抒离情,,0,False,,0,False,1,8,"親賓相賀問何如
服色恩光盡反初
頭白喜抛黄草峽
眼明驚拆紫泥書
便留朱紱還鈴閣
却著青袍侍玉除
無奈嬌癡三歲女
繞腰啼哭覓銀魚","初除尚書郎脱刺史緋親賓相賀問何如
服色恩光盡反初
頭白喜抛黄草峽
眼明驚拆紫泥書
便留朱紱還鈴閣
却著青袍侍玉除
無奈嬌癡三歲女
繞腰啼哭覓銀魚",72
1167,poem,1167,卷十八,,,雜律詩,留題開元寺上方,,,1167,revised_jsonl_direct,1168,820,revised_jsonl,笺；开元寺东池早春；和钱员外青龙寺上方望旧山,,0,False,,0,False,1,8,"東寺臺閣好
上方風景清
數來猶未厭
長别豈無情
戀水多臨坐
辭花剩繞行
最憐新岸柳
手種未全成","留題開元寺上方東寺臺閣好
上方風景清
數來猶未厭
長别豈無情
戀水多臨坐
辭花剩繞行
最憐新岸柳
手種未全成",54
1168,poem,1168,卷十八,,,雜律詩,别種東坡花樹兩絶其一,,,1168,revised_jsonl_direct,1169,820,revised_jsonl,谱；笺；东坡种花二首,,0,False,,0,False,1,4,"二年留滯在江城
草樹禽魚盡有情
何處殷勤重迴首
東坡桃李種新成","别種東坡花樹兩絶其一二年留滯在江城
草樹禽魚盡有情
何處殷勤重迴首
東坡桃李種新成",41
1169,poem,1169,卷十八,,,雜律詩,别種東坡花樹兩絶其二,,,1169,revised_jsonl_direct,1170,,revised_jsonl,,,0,False,,0,False,1,4,"花林好住莫顦顇
春至但知依舊春
樓上明年新太守
不妨還是愛花人","别種東坡花樹兩絶其二花林好住莫顦顇
春至但知依舊春
樓上明年新太守
不妨還是愛花人",41
1170,poem,1170,卷十八,,,雜律詩,别橋上竹,,,1170,revised_jsonl_direct,1171,820,revised_jsonl,笺；三年为刺史二首,,0,False,,0,False,1,4,"穿橋迸竹不依行
恐礙行人被損傷
我去自慚遺愛少
不教君得似甘棠","别橋上竹穿橋迸竹不依行
恐礙行人被損傷
我去自慚遺愛少
不教君得似甘棠",35
1171,poem,1171,卷十八,,,雜律詩,發白狗峽次黄牛峽登高寺却望忠州,,,1171,revised_jsonl_direct,1172,820,revised_jsonl,谱；笺；十年三月三日别微之于沣上十四年三月十一日夜遇微之于峡中停舟夷陵三宿而别言不尽者以诗终之因赋七言十七韵以赠且欲记所遇之地与相见之时为他年会话张本也,,0,False,,0,False,1,20,"白狗次黄牛
灘如竹節稠
路穿天地險
人續古今愁
忽見千花塔
因停一葉舟
畏途常迫促
靜境暫淹留
巴曲春全盡
巫陽雨半收
北歸雖引領
南望亦迴頭
昔去悲殊俗
今來念舊遊
别僧山北寺
抛竹水西樓
郡樹花如雪
軍厨酒似油
時時大開口
自笑憶忠州","發白狗峽次黄牛峽登高寺却望忠州白狗次黄牛
灘如竹節稠
路穿天地險
人續古今愁
忽見千花塔
因停一葉舟
畏途常迫促
靜境暫淹留
巴曲春全盡
巫陽雨半收
北歸雖引領
南望亦迴頭
昔去悲殊俗
今來念舊遊
别僧山北寺
抛竹水西樓
郡樹花如雪
軍厨酒似油
時時大開口
自笑憶忠州",134
1172,poem,1172,卷十八,,,雜律詩,棣華驛見楊八題夢兄弟詩,,,1172,revised_jsonl_direct,1173,820,revised_jsonl,笺；赴杭州重宿棣华驿见杨八旧诗感题一绝；送杨八给事赴常州；唐书；题杨颖士西亭；诗,诗,1,True,,0,False,1,4,"遥闻旅宿夢兄弟
應爲郵亭名棣華
名作棣華來早晚
自題詩後屬楊家","棣華驛見楊八題夢兄弟詩遥闻旅宿夢兄弟
應爲郵亭名棣華
名作棣華來早晚
自題詩後屬楊家",42
1173,poem,1173,卷十八,,,雜律詩,商山路有感,,,1173,revised_jsonl_direct,1174,820,revised_jsonl,谱；笺；登商山最高顶,,0,False,,0,False,1,4,"萬里路長在
六年身始歸
所經多舊館
太半主人非","商山路有感萬里路長在
六年身始歸
所經多舊館
太半主人非",28
1174,poem,1174,卷十八,,,雜律詩,商山路驛桐樹昔與微之前後題名處,,,1174,revised_jsonl_direct,1175,820,revised_jsonl,笺；桐树馆重题；送好法师归江南,,0,False,,0,False,1,4,"與君前後多遷謫
五度經過此路隅
笑問中庭老桐樹
這迴歸去免來無","商山路驛桐樹昔與微之前後題名處與君前後多遷謫
五度經過此路隅
笑問中庭老桐樹
這迴歸去免來無",46
1175,poem,1175,卷十八,,,雜律詩,惻惻吟,,,1175,revised_jsonl_direct,1176,820,revised_jsonl,笺；左传；岁日见新历因寄都官裴郎中,左传,1,True,,0,False,1,8,"惻惻復惻惻
逐臣返鄉國
前事難重論
少年不再得
泥塗絳老頭斑白
炎瘴靈均面黎黑
六年不死却歸來
道著姓名人不識","惻惻吟惻惻復惻惻
逐臣返鄉國
前事難重論
少年不再得
泥塗絳老頭斑白
炎瘴靈均面黎黑
六年不死却歸來
道著姓名人不識",58
1176,poem,1176,卷十八,,,雜律詩,德宗皇帝挽歌詞四首其一,,,1176,revised_jsonl_direct,1177,805,revised_jsonl,笺；旧唐书；御制雨后出城观览敕朝臣已下属和；白可球明真斋赞老君词；诗；渭村退居寄礼部崔侍郎翰林钱舍人诗一百韵；草茫茫,诗,1,True,,0,False,1,8,"執象宗玄祖
貽謀啓孝孫
文高柏梁殿
禮薄灞陵原
宮仗辭天闕
朝儀出國門
生成不可報
二十七年恩","德宗皇帝挽歌詞四首其一執象宗玄祖
貽謀啓孝孫
文高柏梁殿
禮薄灞陵原
宮仗辭天闕
朝儀出國門
生成不可報
二十七年恩",58
1177,poem,1177,卷十八,,,雜律詩,德宗皇帝挽歌詞四首其二,,,1177,revised_jsonl_direct,1178,,revised_jsonl,书；礼记；野客丛书；史记；初学记；洞冥记；太平御览；汉宫阙名；晋书,书；礼记；史记；洞冥记；晋书,5,True,,0,False,1,8,"虞帝南巡後
殷宗諒闇中
初辭鑄鼎地
已閉望仙宮
曉落當陵月
秋生滿斾風
前星承帝座
不使北辰空","德宗皇帝挽歌詞四首其二虞帝南巡後
殷宗諒闇中
初辭鑄鼎地
已閉望仙宮
曉落當陵月
秋生滿斾風
前星承帝座
不使北辰空",58
1178,poem,1178,卷十八,,,雜律詩,德宗皇帝挽歌詞四首其三,,,1178,revised_jsonl_direct,1179,,revised_jsonl,唐会要；旧唐书；贞元广利药方；谢赐广利方表；元集要广利方；策林；兴五福销六极；白氏文集,,0,False,,0,False,1,8,"業大承宗祖
功成付子孫
睿文詩播樂
遺訓史標言
節表中和德
方垂廣利恩
懸知千載後
理代數貞元","德宗皇帝挽歌詞四首其三業大承宗祖
功成付子孫
睿文詩播樂
遺訓史標言
節表中和德
方垂廣利恩
懸知千載後
理代數貞元",58
1179,poem,1179,卷十八,,,雜律詩,德宗皇帝挽歌詞四首其四,,,1179,revised_jsonl_direct,1180,,revised_jsonl,礼记；唐会要；礼经；遗诏,礼记,1,True,,0,False,1,8,"夢減三齡壽
哀延七月期
寢園愁望遠
宮仗哭行遲
雲日添寒慘
笳簫向晚悲
因山有遺詔
如葬漢文時","德宗皇帝挽歌詞四首其四夢減三齡壽
哀延七月期
寢園愁望遠
宮仗哭行遲
雲日添寒慘
笳簫向晚悲
因山有遺詔
如葬漢文時",58
1180,poem,1180,卷十八,,,雜律詩,昭德王皇后挽歌詞,,,1180,revised_jsonl_direct,1181,787,revised_jsonl,笺；德宗皇帝挽歌词；旧唐书；诗；续古诗十首；夜哭李夷道；礼记；汉书；元后诔,诗；礼记；汉书,3,True,,0,False,1,8,"仙去逍遥境
詩留窈窕章
春歸金屋少
夜入壽宮長
鳳引曾辭輦
蠶休昔採桑
陰靈何處感
沙麓月無光","昭德王皇后挽歌詞仙去逍遥境
詩留窈窕章
春歸金屋少
夜入壽宮長
鳳引曾辭輦
蠶休昔採桑
陰靈何處感
沙麓月無光",55
1181,poem,1181,卷十八,,,雜律詩,太平樂詞二首其一,,,1181,revised_jsonl_direct,1182,807,revised_jsonl,谱；笺,,0,False,,0,False,1,4,"歲豐仍節儉
時泰更銷兵
聖念長如此
何憂不泰平","太平樂詞二首其一歲豐仍節儉
時泰更銷兵
聖念長如此
何憂不泰平",31
1182,poem,1182,卷十八,,,雜律詩,太平樂詞二首其二,,,1182,revised_jsonl_direct,1183,,revised_jsonl,诗；孔子家语；南风,诗,1,True,,0,False,1,4,"湛露浮堯酒
薰風起舜歌
願同堯舜意
所樂在人和","太平樂詞二首其二湛露浮堯酒
薰風起舜歌
願同堯舜意
所樂在人和",31
1183,poem,1183,卷十八,,,雜律詩,小曲新詞二首其一,,,1183,revised_jsonl_direct,1184,807,revised_jsonl,谱；笺,,0,False,,0,False,1,4,"霽色鮮宮殿
秋聲脆管絃
聖明千歲樂
歲歲似今年","小曲新詞二首其一霽色鮮宮殿
秋聲脆管絃
聖明千歲樂
歲歲似今年",31
1184,poem,1184,卷十八,,,雜律詩,小曲新詞二首其二,,,1184,revised_jsonl_direct,1185,,revised_jsonl,缭绫,,0,False,,0,False,1,4,"紅裾明月夜
碧簟早秋時
好向昭陽宿
天凉玉漏遲","小曲新詞二首其二紅裾明月夜
碧簟早秋時
好向昭陽宿
天凉玉漏遲",31
1185,poem,1185,卷十八,,,雜律詩,閨怨詞三首其一,,,1185,revised_jsonl_direct,1186,807,revised_jsonl,谱；笺,,0,False,,0,False,1,4,"朝憎鶯百囀
夜妬燕雙棲
不慣經春别
唯知到曉啼","閨怨詞三首其一朝憎鶯百囀
夜妬燕雙棲
不慣經春别
唯知到曉啼",30
1186,poem,1186,卷十八,,,雜律詩,閨怨詞三首其二,,,1186,revised_jsonl_direct,1187,,revised_jsonl,,,0,False,,0,False,1,4,"珠箔籠寒月
紗窗背曉燈
夜來巾上淚
一半是春冰","閨怨詞三首其二珠箔籠寒月
紗窗背曉燈
夜來巾上淚
一半是春冰",30
1187,poem,1187,卷十八,,,雜律詩,閨怨詞三首其三,,,1187,revised_jsonl_direct,1188,,revised_jsonl,,,0,False,,0,False,1,4,"關山征戍遠
閨閣别離難
苦戰應顦顇
寒衣不要寬","閨怨詞三首其三關山征戍遠
閨閣别離難
苦戰應顦顇
寒衣不要寬",30
1188,poem,1188,卷十八,,,雜律詩,殘春曲,,,1188,revised_jsonl_direct,1189,807,revised_jsonl,笺,,0,False,,0,False,1,4,"禁苑殘鶯三四聲
景遲風慢暮春情
日西無事牆陰下
閑踏宮花獨自行","殘春曲禁苑殘鶯三四聲
景遲風慢暮春情
日西無事牆陰下
閑踏宮花獨自行",34
1189,poem,1189,卷十八,,,雜律詩,長安春,,,1189,revised_jsonl_direct,1190,807,revised_jsonl,笺；寄隐者,,0,False,,0,False,1,4,"青門柳枝軟無力
東風吹作黄金色
街東酒薄醉易醒
滿眼春愁銷不得","長安春青門柳枝軟無力
東風吹作黄金色
街東酒薄醉易醒
滿眼春愁銷不得",34
1190,poem,1190,卷十八,,,雜律詩,長樂坡送人賦得愁字,,,1190,revised_jsonl_direct,1191,807,revised_jsonl,笺；长安志；十道志；相和歌辞,,0,False,,0,False,1,4,"行人南北分征路
流水東西接御溝
終日坡前恨離别
謾名長樂是長愁","長樂坡送人賦得愁字行人南北分征路
流水東西接御溝
終日坡前恨離别
謾名長樂是長愁",40
1191,poem,1191,卷十八,,,雜律詩,獨眠吟二首其一,,,1191,revised_jsonl_direct,1192,807,revised_jsonl,笺；冬至夜怀湘灵,,0,False,,0,False,1,4,"夜長無睡起階前
寥落星河欲曙天
十五年來明月夜
何曾一夜不孤眠","獨眠吟二首其一夜長無睡起階前
寥落星河欲曙天
十五年來明月夜
何曾一夜不孤眠",38
1192,poem,1192,卷十八,,,雜律詩,獨眠吟二首其二,,,1192,revised_jsonl_direct,1193,,revised_jsonl,,,0,False,,0,False,1,4,"獨眠客夜夜
可憐長寂寂
就中今夜最愁人
凉月清風滿牀席","獨眠吟二首其二獨眠客夜夜
可憐長寂寂
就中今夜最愁人
凉月清風滿牀席",34
1193,poem,1193,卷十八,,,雜律詩,期不至,,,1193,revised_jsonl_direct,1194,822,revised_jsonl,笺,,0,False,,0,False,1,4,"紅燭清樽久延佇
出門入門天欲曙
星稀月落竟不來
煙柳曨曨鵲飛去","期不至紅燭清樽久延佇
出門入門天欲曙
星稀月落竟不來
煙柳曨曨鵲飛去",34
1194,poem,1194,卷十八,,,雜律詩,長洲苑,,,1194,revised_jsonl_direct,1195,823,revised_jsonl,笺；元和郡县志；吴郡图经续记；吴都赋；哀江南赋；困学纪闻；汉郡国志；长洲玉镜；潜邱劄记；越绝书；吴越春秋；汉王莽传；元和志；太平寰宇记；越书；方言；三都赋；吴地志,吴越春秋；方言,2,True,,0,False,1,4,"春入長洲草又生
鷓鴣飛起少人行
年深不辨娃宮處
夜夜蘇臺空月明","長洲苑春入長洲草又生
鷓鴣飛起少人行
年深不辨娃宮處
夜夜蘇臺空月明",34
1195,poem,1195,卷十八,,,雜律詩,憶江柳,,,1195,revised_jsonl_direct,1196,823,revised_jsonl,笺,,0,False,,0,False,1,4,"曾栽楊柳江南岸
一别江南兩度春
遥憶青青江岸上
不知攀折是何人","憶江柳曾栽楊柳江南岸
一别江南兩度春
遥憶青青江岸上
不知攀折是何人",34
1196,poem,1196,卷十八,,,雜律詩,南浦别,,,1196,revised_jsonl_direct,1197,823,revised_jsonl,笺；楚辞；龙光寺竺道生法师诔,楚辞,1,True,,0,False,1,4,"南浦淒淒别
西風嫋嫋秋
一看腸一斷
好去莫迴頭","南浦别南浦淒淒别
西風嫋嫋秋
一看腸一斷
好去莫迴頭",26
1197,poem,1197,卷十八,,,雜律詩,三年别,,,1197,revised_jsonl_direct,1198,823,revised_jsonl,笺,,0,False,,0,False,1,4,"悠悠一别已三年
相望相思明月天
腸斷青天望明月
别來三十六迴圓","三年别悠悠一别已三年
相望相思明月天
腸斷青天望明月
别來三十六迴圓",34
1198,poem,1198,卷十八,,,雜律詩,傷春詞,,,1198,revised_jsonl_direct,1199,823,revised_jsonl,笺,,0,False,,0,False,1,4,"深淺簷花千萬枝
碧紗窗外囀黄鸝
殘妝含淚下簾坐
盡日傷春春不知","傷春詞深淺簷花千萬枝
碧紗窗外囀黄鸝
殘妝含淚下簾坐
盡日傷春春不知",34
1199,poem,1199,卷十八,,,雜律詩,後宮詞,,,1199,revised_jsonl_direct,1200,823,revised_jsonl,笺；苕溪渔隐丛话；宫词；纪事,,0,False,,0,False,1,4,"淚盡羅巾夢不成
夜深前殿按歌聲
紅顔未老恩先斷
斜倚薰籠坐到明","後宮詞淚盡羅巾夢不成
夜深前殿按歌聲
紅顔未老恩先斷
斜倚薰籠坐到明",34
1200,poem,1200,卷十九,,,雜律詩,吟元郎中白鬚詩兼飲雪水茶因題壁上,,,1200,revised_jsonl_direct,1201,820,revised_jsonl,谱；笺；答元郎中杨员外喜乌见寄；煎茶水记,,0,False,,0,False,1,4,"冷詠霜毛句
閑嘗雪水茶
城中展眉處
只是有元家","吟元郎中白鬚詩兼飲雪水茶因題壁上冷詠霜毛句
閑嘗雪水茶
城中展眉處
只是有元家",39
1201,poem,1201,卷十九,,,雜律詩,吳七郎中山人待制班中偶贈絶句,,,1201,revised_jsonl_direct,1202,820,revised_jsonl,笺；赠吴丹；酬吴七见寄；别李十一后重寄；郡中即事；艺文类聚；搜神记,搜神记,1,True,,0,False,1,4,"金馬東門隻日開
漢庭待詔重仙才
第三松樹非華表
那得遼東鶴下來","吳七郎中山人待制班中偶贈絶句金馬東門隻日開
漢庭待詔重仙才
第三松樹非華表
那得遼東鶴下來",45
1202,poem,1202,卷十九,,,雜律詩,和張十八秘書謝裴相公寄馬,,,1202,revised_jsonl_direct,1203,820,revised_jsonl,笺；文苑英华；谢裴司空寄马；酬张秘书因寄马赠诗；裴相公大学士见示答张秘书谢马诗并群公属和因命追作；读张籍古乐府；张十八；与元九书；唐书；玉门关盖将军歌；望云骓马歌；类说；纪异录；宋史；唐代汗血马叱拨考；唐代九姓胡与突厥文化；六马图赞,,0,False,,0,False,1,8,"齒齊臕足毛頭膩
秘閣張郎叱撥駒
洗了頷花翻假錦
走時蹄汗踏真珠
青衫乍見曾驚否
紅粟難賒得飽無
丞相寄來應有意
遣君騎去上雲衢","和張十八秘書謝裴相公寄馬齒齊臕足毛頭膩
秘閣張郎叱撥駒
洗了頷花翻假錦
走時蹄汗踏真珠
青衫乍見曾驚否
紅粟難賒得飽無
丞相寄來應有意
遣君騎去上雲衢",75
1203,poem,1203,卷十九,,,雜律詩,答山侶,,,1203,revised_jsonl_direct,1204,820,revised_jsonl,笺；思归；独树浦雨夜寄李六郎中,,0,False,,0,False,1,8,"頷下髭鬚半是絲
光陰向後幾多時
非無解掛簪纓意
未有支持伏臘資
冒熱衝寒徒自取
隨行逐隊欲何爲
更慚山侶頻傳語
五十歸來道未遲","答山侶頷下髭鬚半是絲
光陰向後幾多時
非無解掛簪纓意
未有支持伏臘資
冒熱衝寒徒自取
隨行逐隊欲何爲
更慚山侶頻傳語
五十歸來道未遲",66
1204,poem,1204,卷十九,,,雜律詩,早朝思退居,,,1204,revised_jsonl_direct,1205,820,revised_jsonl,笺,,0,False,,0,False,1,8,"霜嚴月苦欲明天
忽憶閑居思浩然
自問寒燈夜半起
何如暖被日高眠
唯慚老病披朝服
莫慮飢寒計俸錢
隨有隨無且歸去
擬求豐足是何年","早朝思退居霜嚴月苦欲明天
忽憶閑居思浩然
自問寒燈夜半起
何如暖被日高眠
唯慚老病披朝服
莫慮飢寒計俸錢
隨有隨無且歸去
擬求豐足是何年",68
1205,poem,1205,卷十九,,,雜律詩,曲江亭晚望,,,1205,revised_jsonl_direct,1206,820,revised_jsonl,笺；唐摭言；早秋晚望兼呈韦侍御,,0,False,,0,False,1,8,"曲江岸北凭欄干
水面陰生日脚殘
塵路行多綠袍故
風亭立久白鬚寒
詩成闇著閑心記
山好遥偷病眼看
不被馬前提省印
何人信道是郎官","曲江亭晚望曲江岸北凭欄干
水面陰生日脚殘
塵路行多綠袍故
風亭立久白鬚寒
詩成闇著閑心記
山好遥偷病眼看
不被馬前提省印
何人信道是郎官",68
1206,poem,1206,卷十九,,,雜律詩,初除主客郎中知制誥與王十一李七元九三舍人中書同宿話舊感懷,,,1206,revised_jsonl_direct,1207,820,revised_jsonl,笺；常乐里闲居偶题十六韵兼寄刘十五公舆王十一起吕二炅吕四颖崔十八玄亮元九稹刘三十二敦质张十五仲方时为校书郎；旧唐书；梦与李七庾三十三同访元九；元稹除中书舍人翰林学士赐紫金鱼袋制；白氏文集；重修承旨学士壁记；伤友；寄陆补阙；初学记；后汉书；唐会要；武陵书怀五十韵；虔州孔目院食堂记,后汉书,1,True,,0,False,1,8,"閑宵靜話喜還悲
聚散窮通不自知
已分雲泥行異路
忽驚雞鶴宿同枝
紫垣曹署榮華地
白鬢郎官老醜時
莫怪不如君氣味
此中來校十年遲","初除主客郎中知制誥與王十一李七元九三舍人中書同宿話舊感懷閑宵靜話喜還悲
聚散窮通不自知
已分雲泥行異路
忽驚雞鶴宿同枝
紫垣曹署榮華地
白鬢郎官老醜時
莫怪不如君氣味
此中來校十年遲",91
1207,poem,1207,卷十九,,,雜律詩,西省對花憶忠州東坡新花樹因寄題東樓,,,1207,revised_jsonl_direct,1208,821,revised_jsonl,笺；思竹窗；东坡种花二首；初到忠州登东楼寄万州杨八使君；西京杂记；西掖早秋直夜书意,西京杂记,1,True,,0,False,1,8,"每看闕下丹青樹
不忘天邊錦繡林
西掖垣中今日眼
南賓樓上去年心
花含春意無分别
物感人情有淺深
最憶東坡紅爛熳
野桃山杏水林檎","西省對花憶忠州東坡新花樹因寄題東樓每看闕下丹青樹
不忘天邊錦繡林
西掖垣中今日眼
南賓樓上去年心
花含春意無分别
物感人情有淺深
最憶東坡紅爛熳
野桃山杏水林檎",80
1208,poem,1208,卷十九,,,雜律詩,寄題忠州小樓桃花,,,1208,revised_jsonl_direct,1209,821,revised_jsonl,笺,,0,False,,0,False,1,4,"再遊巫峽知何日
總是秦人説向誰
長憶小樓風月夜
紅欄干上兩三枝","寄題忠州小樓桃花再遊巫峽知何日
總是秦人説向誰
長憶小樓風月夜
紅欄干上兩三枝",39
1209,poem,1209,卷十九,,,雜律詩,中書連直寒食不歸因懷元九,,,1209,revised_jsonl_direct,1210,821,revised_jsonl,谱；笺；宿蓝桥对月,,0,False,,0,False,1,12,"去歲清明日
南巴古郡樓
今日寒食夜
西省鳳池頭
併上新人直
難隨舊伴遊
誠知視草貴
未免對花愁
鬢髮莖莖白
光陰寸寸流
經春不同宿
何異在忠州","中書連直寒食不歸因懷元九去歲清明日
南巴古郡樓
今日寒食夜
西省鳳池頭
併上新人直
難隨舊伴遊
誠知視草貴
未免對花愁
鬢髮莖莖白
光陰寸寸流
經春不同宿
何異在忠州",83
1210,poem,1210,卷十九,,,雜律詩,春憶二林寺舊遊因寄朗滿晦三上人,,,1210,revised_jsonl_direct,1211,821,revised_jsonl,谱；笺；春游二林寺；因沐感发寄朗上人二首；草堂记；白氏文集；读李杜诗集因题卷后；旧唐书；兴果上人殁时题此决别兼简二林僧社；维摩经；游大林寺序,,0,False,,0,False,1,8,"一别東林三度春
每春常似憶情親
頭陀會裏爲逋客
供奉班中作老臣
清淨久辭香火伴
塵勞難索幻泡身
最慚僧社題橋處
十八人名空去一人","春憶二林寺舊遊因寄朗滿晦三上人一别東林三度春
每春常似憶情親
頭陀會裏爲逋客
供奉班中作老臣
清淨久辭香火伴
塵勞難索幻泡身
最慚僧社題橋處
十八人名空去一人",79
1211,poem,1211,卷十九,,,雜律詩,和元少尹新授官,,,1211,revised_jsonl_direct,1212,821,revised_jsonl,笺；答元郎中杨员外喜乌见寄；元宗简授京兆少尹制,,0,False,,0,False,1,8,"官穩身應泰
春風信馬行
縱忙無苦事
雖病有心情
厚祿兒孫飽
前驅道路榮
花時八十直
無暇賀元兄","和元少尹新授官官穩身應泰
春風信馬行
縱忙無苦事
雖病有心情
厚祿兒孫飽
前驅道路榮
花時八十直
無暇賀元兄",54
1212,poem,1212,卷十九,,,雜律詩,朝迴和元少尹絶句,,,1212,revised_jsonl_direct,1213,821,revised_jsonl,笺；歌舞；初除官蒙裴常侍赠鹘衔瑞草绯袍鱼袋因谢惠贶兼抒离情,,0,False,,0,False,1,4,"朝客朝迴迴望好
盡紆朱紫佩金銀
此時獨與君爲伴
馬上青袍唯兩人","朝迴和元少尹絶句朝客朝迴迴望好
盡紆朱紫佩金銀
此時獨與君爲伴
馬上青袍唯兩人",39
1213,poem,1213,卷十九,,,雜律詩,重和元少尹,,,1213,revised_jsonl_direct,1214,821,revised_jsonl,笺；唐会要；思竹窗；野客丛书；旧唐书,,0,False,,0,False,1,4,"鳳閣舍人京亞尹
白頭俱未著緋衫
南宮起請無消息
朝散何時得入銜","重和元少尹鳳閣舍人京亞尹
白頭俱未著緋衫
南宮起請無消息
朝散何時得入銜",36
1214,poem,1214,卷十九,,,雜律詩,中書夜直夢忠州,,,1214,revised_jsonl_direct,1215,821,revised_jsonl,笺,,0,False,,0,False,1,8,"閣下燈前夢
巴南城底遊
覓花來渡口
尋寺到山頭
江色分明綠
猿聲依舊愁
禁鐘驚睡覺
唯不上東樓","中書夜直夢忠州閣下燈前夢
巴南城底遊
覓花來渡口
尋寺到山頭
江色分明綠
猿聲依舊愁
禁鐘驚睡覺
唯不上東樓",54
1215,poem,1215,卷十九,,,雜律詩,醉後,,,1215,revised_jsonl_direct,1216,821,revised_jsonl,笺；因话录；鉴戒录；赠别王侍御赴任陕州司马；答姨兄胡灵之见寄五十韵；和乐天仇家酒,,0,False,,0,False,1,4,"酒後高歌且放狂
門前閑事莫思量
猶嫌小户長先醒
不得多時住醉鄉","醉後酒後高歌且放狂
門前閑事莫思量
猶嫌小户長先醒
不得多時住醉鄉",33
1216,poem,1216,卷十九,,,雜律詩,待漏入閣書事奉贈元九學士閣老,,,1216,revised_jsonl_direct,1217,821,revised_jsonl,笺；重修承旨学士壁记；唐国史补；唐两京城坊考；渭村退居寄礼部崔侍郎翰林钱舍人诗一百韵；阴山道；感事三十四韵；投翰长赵侍郎；清异录；曲江感秋二首；白居易授尚书主客郎中知制诰；请详议任瑶封事奏；代书诗一百韵寄微之,,0,False,,0,False,1,20,"衙排宣政仗
門啓紫宸關
彩筆停書命
花甎趁立班
稀星點銀礫
殘月墮金環
闇漏猶傳水
明河漸下山
從東分地色
向北仰天顔
碧鏤爐煙直
紅垂斾尾閑
綸闈慚並入
翰苑忝先攀
笑我青袍故
饒君茜綬殷
詩仙歸洞裏
酒病滯人間
好去鵷鸞侶
沖天便不還","待漏入閣書事奉贈元九學士閣老衙排宣政仗
門啓紫宸關
彩筆停書命
花甎趁立班
稀星點銀礫
殘月墮金環
闇漏猶傳水
明河漸下山
從東分地色
向北仰天顔
碧鏤爐煙直
紅垂斾尾閑
綸闈慚並入
翰苑忝先攀
笑我青袍故
饒君茜綬殷
詩仙歸洞裏
酒病滯人間
好去鵷鸞侶
沖天便不還",133
1217,poem,1217,卷十九,,,雜律詩,晚春重到集賢院,,,1217,revised_jsonl_direct,1218,821,revised_jsonl,笺；唐会要；香山居士写真诗序,,0,False,,0,False,1,8,"官曹清切非人境
風日鮮明似洞天
滿砌荆花鋪紫毯
隔牆榆莢撒青錢
前時謫去三千里
此地辭來十四年
虛薄至今慚舊職
殿名擡舉號爲賢","晚春重到集賢院官曹清切非人境
風日鮮明似洞天
滿砌荆花鋪紫毯
隔牆榆莢撒青錢
前時謫去三千里
此地辭來十四年
虛薄至今慚舊職
殿名擡舉號爲賢",70
1218,poem,1218,卷十九,,,雜律詩,紫薇花,,,1218,revised_jsonl_direct,1219,821,revised_jsonl,笺；唐会要；韵语阳秋；历代诗话；天文志；海录碎事,,0,False,,0,False,1,4,"絲綸閣下文書靜
鐘鼓樓中刻漏長
獨坐黄昏誰是伴
紫薇花對紫微郎","紫薇花絲綸閣下文書靜
鐘鼓樓中刻漏長
獨坐黄昏誰是伴
紫薇花對紫微郎",34
1219,poem,1219,卷十九,,,雜律詩,後宮詞,,,1219,revised_jsonl_direct,1220,821,revised_jsonl,笺,,0,False,,0,False,1,4,"雨露由來一點恩
爭能遍布及千門
三千宮女燕脂面
幾箇春來無淚痕","後宮詞雨露由來一點恩
爭能遍布及千門
三千宮女燕脂面
幾箇春來無淚痕",34
1220,poem,1220,卷十九,,,雜律詩,卜居,,,1220,revised_jsonl_direct,1221,821,revised_jsonl,笺；效陶潜体诗十六首；史记；庄子；战国策；读山海经；左传,史记；庄子；战国策；左传,4,True,,0,False,1,8,"遊宦京都二十春
貧中無處可安貧
長羨蝸牛猶有舍
不如碩鼠解藏身
且求容立錐頭地
免似漂流木偶人
但道吾廬心便足
敢辭湫隘與囂塵","卜居遊宦京都二十春
貧中無處可安貧
長羨蝸牛猶有舍
不如碩鼠解藏身
且求容立錐頭地
免似漂流木偶人
但道吾廬心便足
敢辭湫隘與囂塵",65
1221,poem,1221,卷十九,,,雜律詩,題新居寄元八,,,1221,revised_jsonl_direct,1222,821,revised_jsonl,笺；答元郎中杨员外喜乌见寄；和答诗十首；唐两京城坊考；和元八侍御升平新居四绝句,,0,False,,0,False,1,8,"青龍岡北近西邊
移入新居便泰然
冷巷閉門無客到
暖簷移榻向陽眠
階庭寬窄纔容足
牆壁高低粗及肩
莫羨昇平元八宅
自思買用幾多錢","題新居寄元八青龍岡北近西邊
移入新居便泰然
冷巷閉門無客到
暖簷移榻向陽眠
階庭寬窄纔容足
牆壁高低粗及肩
莫羨昇平元八宅
自思買用幾多錢",69
1222,poem,1222,卷十九,,,雜律詩,登龍尾道南望憶廬山舊隱,,,1222,revised_jsonl_direct,1223,821,revised_jsonl,笺；早祭风伯因怀李十一舍人；除夜；通俗编,,0,False,,0,False,1,8,"龍尾道邊來一望
香爐峰下去無因
青山舉眼三千里
白髮平頭五十人
自笑形骸紆組綬
將何言語掌絲綸
君恩壯健猶難報
况被年年老逼身","登龍尾道南望憶廬山舊隱龍尾道邊來一望
香爐峰下去無因
青山舉眼三千里
白髮平頭五十人
自笑形骸紆組綬
將何言語掌絲綸
君恩壯健猶難報
况被年年老逼身",74
1223,poem,1223,卷十九,,,雜律詩,馮閣老處見與嚴郎中酬和詩因戲贈絶句,,,1223,revised_jsonl_direct,1224,821,revised_jsonl,笺；旧唐书；严十八郎中在郡日改制东南楼因名清辉未立标牓征归郎署予既到郡性爱楼居宴游其间颇有幽致聊成十韵兼戏寄严；永福寺石壁法华经记,,0,False,,0,False,1,4,"乍來天上宜清淨
不用迴頭望故山
縱有舊遊君莫憶
塵心起即墮人間","馮閣老處見與嚴郎中酬和詩因戲贈絶句乍來天上宜清淨
不用迴頭望故山
縱有舊遊君莫憶
塵心起即墮人間",48
1224,poem,1224,卷十九,,,雜律詩,見于給事暇日上直寄南省諸郎官詩因以戲贈,,,1224,revised_jsonl_direct,1225,821,revised_jsonl,笺；旧唐书；旧传；通典；八月十五夜闻崔大员外翰林独直对酒玩月因怀禁中清景偶题是诗；北齐书；唐会要；云笈七签；左乙混洞东蒙录；宋书；白纻舞；白纻；四时白纻；白纻曲；上清黄庭内景经；渭村退居寄礼部崔侍郎翰林钱舍人诗一百韵；紫薇花；林下闲步寄皇甫庶子；西省对花忆忠州东坡新花树因寄题东楼,宋书,1,True,,0,False,1,8,"倚作天仙弄地仙
誇張一日抵千年
黄麻敕勝長生籙
白紵辭嫌内景篇
雲彩誤居青瑣地
風流合在紫微天
東曹漸去西垣近
鶴駕無妨更著鞭","見于給事暇日上直寄南省諸郎官詩因以戲贈倚作天仙弄地仙
誇張一日抵千年
黄麻敕勝長生籙
白紵辭嫌内景篇
雲彩誤居青瑣地
風流合在紫微天
東曹漸去西垣近
鶴駕無妨更著鞭",82
1225,poem,1225,卷十九,,,雜律詩,題新昌所居,,,1225,revised_jsonl_direct,1226,821,revised_jsonl,笺；题新居寄元八,,0,False,,0,False,1,8,"宅小人煩悶
泥深馬鈍頑
街東閑處住
日午熱時還
院窄難栽竹
牆高不見山
唯應方寸内
此地覓寬閑","題新昌所居宅小人煩悶
泥深馬鈍頑
街東閑處住
日午熱時還
院窄難栽竹
牆高不見山
唯應方寸内
此地覓寬閑",52
1226,poem,1226,卷十九,,,雜律詩,西省北院新構小亭種竹開窗東通騎省與李常侍隔窗小飲各題四韻,,,1226,revised_jsonl_direct,1227,821,revised_jsonl,笺；通典；东坡题跋；雍录；西掖；六典；晋书；初除主客郎中知制诰与王十一李七元九三舍人中书同宿话旧感怀,晋书,1,True,,0,False,1,8,"結託白鬚伴
因依青竹叢
題詩新壁上
過酒小窗中
深院晚無日
虛簷凉有風
金貂醉看好
迴面紫垣東","西省北院新構小亭種竹開窗東通騎省與李常侍隔窗小飲各題四韻結託白鬚伴
因依青竹叢
題詩新壁上
過酒小窗中
深院晚無日
虛簷凉有風
金貂醉看好
迴面紫垣東",75
1227,poem,1227,卷十九,,,雜律詩,酬元郎中同制加朝散大夫書懷見贈,,,1227,revised_jsonl_direct,1228,821,revised_jsonl,笺；答元郎中杨员外喜乌见寄；旧唐书；重和元少尹,,0,False,,0,False,1,10,"命服雖同黄紙上
官班不共紫垣前
青衫脱早差三日
白髮生遲校九年
曩者定交非勢利
老來同病是詩篇
終身擬作卧雲伴
逐月須收燒藥錢
五品足爲婚嫁主
緋袍著了好歸田","酬元郎中同制加朝散大夫書懷見贈命服雖同黄紙上
官班不共紫垣前
青衫脱早差三日
白髮生遲校九年
曩者定交非勢利
老來同病是詩篇
終身擬作卧雲伴
逐月須收燒藥錢
五品足爲婚嫁主
緋袍著了好歸田",94
1228,poem,1228,卷十九,,,雜律詩,初著緋戲贈元九,,,1228,revised_jsonl_direct,1229,821,revised_jsonl,笺；河南元公墓志铭；白氏文集；重修承旨学士壁记,,0,False,,0,False,1,8,"晚遇緣才拙
先衰被病牽
那知垂白日
始是著緋年
身外名徒爾
人間事偶然
我朱君紫綬
猶未得差肩","初著緋戲贈元九晚遇緣才拙
先衰被病牽
那知垂白日
始是著緋年
身外名徒爾
人間事偶然
我朱君紫綬
猶未得差肩",54
1229,poem,1229,卷十九,,,雜律詩,和韓侍郎苦雨,,,1229,revised_jsonl_direct,1230,821,revised_jsonl,笺；旧唐书；淮南子；效陶潜体诗十六首,淮南子,1,True,,0,False,1,8,"潤氣凝柱礎
繁聲注瓦溝
闇留窗不曉
凉引簟先秋
葉濕蠶應病
泥稀燕亦愁
仍聞放朝夜
誤出到街頭","和韓侍郎苦雨潤氣凝柱礎
繁聲注瓦溝
闇留窗不曉
凉引簟先秋
葉濕蠶應病
泥稀燕亦愁
仍聞放朝夜
誤出到街頭",53
1230,poem,1230,卷十九,,,雜律詩,連雨,,,1230,revised_jsonl_direct,1231,821,revised_jsonl,笺；南部新书；请振敕辞谢朝班告假事例奏,,0,False,,0,False,1,8,"風雨闇蕭蕭
雞鳴暮復朝
碎聲籠苦竹
冷翠落芭蕉
水鳥投簷宿
泥蛙入户跳
仍聞蕃客見
明日欲追朝","連雨風雨闇蕭蕭
雞鳴暮復朝
碎聲籠苦竹
冷翠落芭蕉
水鳥投簷宿
泥蛙入户跳
仍聞蕃客見
明日欲追朝",49
1231,poem,1231,卷十九,,,雜律詩,初加朝散大夫又轉上柱國,,,1231,revised_jsonl_direct,1232,821,revised_jsonl,笺；马上作；紫薇花；酬元员外三月三十日慈恩寺相忆见寄,,0,False,,0,False,1,8,"紫微今日煙霄地
赤嶺前年泥土身
得水魚還動鱗鬛
乘軒鶴亦長精神
且慚身忝官階貴
未敢家嫌活計貧
柱國勳成私自問
有何功德及生人","初加朝散大夫又轉上柱國紫微今日煙霄地
赤嶺前年泥土身
得水魚還動鱗鬛
乘軒鶴亦長精神
且慚身忝官階貴
未敢家嫌活計貧
柱國勳成私自問
有何功德及生人",74
1232,poem,1232,卷十九,,,雜律詩,行簡初授拾遺同早朝入閣因示十二韻,,,1232,revised_jsonl_direct,1233,821,revised_jsonl,笺；旧唐书；渭村退居寄礼部崔侍郎翰林钱舍人诗一百韵；史记；题新居寄元八；伤友；早朝；友封体；寄同年礼部赵郎中；太平广记；段文昌；酉阳杂俎；续古诗十首；汉书；让起复黄门侍郎第三表；含元殿赋；紫薇花；东南行一百韵寄通州元九侍御澧州李十一舍人果州崔二十二使君开州韦大员外庾三十二补阙杜十四拾遗李二十助教员外窦七校书；塞赋；诗；酬东川李相公十六韵；酬翰林白学士代书一百韵；全唐文；定宰相两省官拜贺朝仪奏；与陈伯之书；文选；汉官仪,史记；汉书；诗；汉官仪,4,True,,0,False,1,24,"夜色尚蒼蒼
槐陰夾路長
聽鐘出長樂
傳鼓到新昌
宿雨沙堤潤
秋風樺燭香
馬驕欺地軟
人健得天凉
待漏排閶闔
停珂擁建章
爾隨黄閣老
吾次紫微郎
並入連稱籍
齊趨對折方
鬬班花接萼
綽立雁分行
近職誠爲美
微才豈合當
綸言難下筆
諫紙易盈箱
老去何僥倖
時來不料量
唯求殺身地
相誓答恩光","行簡初授拾遺同早朝入閣因示十二韻夜色尚蒼蒼
槐陰夾路長
聽鐘出長樂
傳鼓到新昌
宿雨沙堤潤
秋風樺燭香
馬驕欺地軟
人健得天凉
待漏排閶闔
停珂擁建章
爾隨黄閣老
吾次紫微郎
並入連稱籍
齊趨對折方
鬬班花接萼
綽立雁分行
近職誠爲美
微才豈合當
綸言難下筆
諫紙易盈箱
老去何僥倖
時來不料量
唯求殺身地
相誓答恩光",159
1233,poem,1233,卷十九,,,雜律詩,立秋日登樂遊園,,,1233,revised_jsonl_direct,1234,821,revised_jsonl,笺；登乐游园望；清调曲；太平广记；李进士；广异记,,0,False,,0,False,1,4,"獨行獨語曲江頭
迴馬遲遲上樂遊
蕭颯凉風與衰鬢
誰教計會一時秋","立秋日登樂遊園獨行獨語曲江頭
迴馬遲遲上樂遊
蕭颯凉風與衰鬢
誰教計會一時秋",38
1234,poem,1234,卷十九,,,雜律詩,新秋早起有懷元少尹,,,1234,revised_jsonl_direct,1235,821,revised_jsonl,笺；和元少尹新授官,,0,False,,0,False,1,8,"秋來轉覺此身衰
晨起臨階盥漱時
漆匣鏡明頭盡白
銅瓶水冷齒先知
光陰縱惜留難住
官職雖榮得已遲
老去相逢無别計
强開笑口展愁眉","新秋早起有懷元少尹秋來轉覺此身衰
晨起臨階盥漱時
漆匣鏡明頭盡白
銅瓶水冷齒先知
光陰縱惜留難住
官職雖榮得已遲
老去相逢無别計
强開笑口展愁眉",72
1235,poem,1235,卷十九,,,雜律詩,夜箏,,,1235,revised_jsonl_direct,1236,821,revised_jsonl,笺,,0,False,,0,False,1,4,"紫袖紅絃明月中
自彈自感闇低容
絃凝指咽聲停處
别有深情一萬重","夜箏紫袖紅絃明月中
自彈自感闇低容
絃凝指咽聲停處
别有深情一萬重",33
1236,poem,1236,卷十九,,,雜律詩,妻初授邑號告身,,,1236,revised_jsonl_direct,1237,821,revised_jsonl,笺；旧唐书；绣西方帧赞并序；白氏文集；沙路曲；太平广记；汪凤；集异记,,0,False,,0,False,1,8,"弘農舊縣受新封
鈿軸金泥告一通
我轉官階常自愧
君加邑號有何功
花牋印了排窠濕
錦幖裝來耀手紅
倚得身名便慵墮
日高猶睡綠窗中","妻初授邑號告身弘農舊縣受新封
鈿軸金泥告一通
我轉官階常自愧
君加邑號有何功
花牋印了排窠濕
錦幖裝來耀手紅
倚得身名便慵墮
日高猶睡綠窗中",70
1237,poem,1237,卷十九,,,雜律詩,送客南遷,,,1237,revised_jsonl_direct,1238,821,revised_jsonl,笺；管子；杂兴三首；赠友五首；读史五首；山海经；太平广记；蒋武；传奇；晋书；太平御览；南越志；除草；墨庄漫录,管子；山海经；晋书；南越志,4,True,,0,False,1,24,"我説南中事
君應不願聽
曾經身困苦
不覺語丁寧
燒去處愁雲夢
波時憶洞庭
春畬煙勃勃
秋瘴露冥冥
蚊蚋經冬活
魚龍欲雨腥
水蟲能射影
山鬼解藏形
穴掉巴蛇尾
林飄鴆鳥翎
颶風千里黑
䕭草四時青
客似驚弦雁
舟如委浪萍
誰人勸言笑
何計慰漂零
慎勿琴離膝
長須酒滿瓶
大都從此去
宜醉不宜醒","送客南遷我説南中事
君應不願聽
曾經身困苦
不覺語丁寧
燒去處愁雲夢
波時憶洞庭
春畬煙勃勃
秋瘴露冥冥
蚊蚋經冬活
魚龍欲雨腥
水蟲能射影
山鬼解藏形
穴掉巴蛇尾
林飄鴆鳥翎
颶風千里黑
䕭草四時青
客似驚弦雁
舟如委浪萍
誰人勸言笑
何計慰漂零
慎勿琴離膝
長須酒滿瓶
大都從此去
宜醉不宜醒",148
1238,poem,1238,卷十九,,,雜律詩,暮歸,,,1238,revised_jsonl_direct,1239,821,revised_jsonl,笺；太平广记；刘晏；逸史,,0,False,,0,False,1,8,"不覺百年半
何曾一日閑
朝隨燭影出
暮趁鼓聲還
甕裏非無酒
牆頭亦有山
歸來長困卧
早晚得開顔","暮歸不覺百年半
何曾一日閑
朝隨燭影出
暮趁鼓聲還
甕裏非無酒
牆頭亦有山
歸來長困卧
早晚得開顔",49
1239,poem,1239,卷十九,,,雜律詩,寄遠,,,1239,revised_jsonl_direct,1240,821,revised_jsonl,笺,,0,False,,0,False,1,8,"欲忘忘未得
欲去去無由
兩腋不生翅
二毛空滿頭
坐看新落葉
行上最高樓
暝色無邊際
茫茫盡眼愁","寄遠欲忘忘未得
欲去去無由
兩腋不生翅
二毛空滿頭
坐看新落葉
行上最高樓
暝色無邊際
茫茫盡眼愁",49
1240,poem,1240,卷十九,,,雜律詩,舊房,,,1240,revised_jsonl_direct,1241,821,revised_jsonl,笺；秋寄微之十二韵；正月崇让宅；个人三十韵,,0,False,,0,False,1,4,"遠壁秋聲蟲絡絲
入簷新影月低眉
牀帷半故簾旌斷
仍是初寒欲夜時","舊房遠壁秋聲蟲絡絲
入簷新影月低眉
牀帷半故簾旌斷
仍是初寒欲夜時",33
1241,poem,1241,卷十九,,,雜律詩,錢侍郎使君以題廬山草堂詩見寄因酬之,,,1241,revised_jsonl_direct,1242,821,revised_jsonl,笺；登龙昌上寺望江南山怀钱舍人；旧唐书,,0,False,,0,False,1,8,"殷勤江郡守
悵望掖垣郎
慚見新瓊什
思歸舊草堂
事隨心未得
名與道相妨
若不休官去
人間到老忙","錢侍郎使君以題廬山草堂詩見寄因酬之殷勤江郡守
悵望掖垣郎
慚見新瓊什
思歸舊草堂
事隨心未得
名與道相妨
若不休官去
人間到老忙",64
1242,poem,1242,卷十九,,,雜律詩,寄山僧,,,1242,revised_jsonl_direct,1243,821,revised_jsonl,笺；昔与微之在朝日同蓄休退之心迨今十年沦落老大追寻前约且结后期；自咏；游悟真寺诗一百三十韵,,0,False,,0,False,1,8,"眼看過半百
早晚掃巖扉
白首誰留住
青山自不歸
百千萬劫障
四十九年非
會擬抽身去
當風抖擻衣","寄山僧眼看過半百
早晚掃巖扉
白首誰留住
青山自不歸
百千萬劫障
四十九年非
會擬抽身去
當風抖擻衣",50
1243,poem,1243,卷十九,,,雜律詩,慈恩寺有感,,,1243,revised_jsonl_direct,1244,821,revised_jsonl,笺；代书诗一百韵寄微之；感旧纱帽；答元八宗简同游曲江后明日见赠,,0,False,,0,False,1,4,"自問有何惆悵事
寺門臨入却遲迴
李家哭泣元家病
柿葉紅時獨自來","慈恩寺有感自問有何惆悵事
寺門臨入却遲迴
李家哭泣元家病
柿葉紅時獨自來",36
1244,poem,1244,卷十九,,,雜律詩,酬嚴十八郎中見示,,,1244,revised_jsonl_direct,1245,803,revised_jsonl,笺；冯阁老处见与严郎中酬和诗因戏赠绝句；渭村退居寄礼部崔侍郎翰林钱舍人诗一百韵；和钱员外早冬玩禁中新菊；旧唐书；北梦琐言；闻早莺；后汉书；舆地志,后汉书,1,True,,0,False,1,8,"口厭含香握厭蘭
紫微青瑣舉頭看
忽驚鬢後蒼浪髮
未得心中本分官
夜酌滿容花色煖
秋吟切骨玉聲寒
承明長短君應入
莫憶家江七里灘","酬嚴十八郎中見示口厭含香握厭蘭
紫微青瑣舉頭看
忽驚鬢後蒼浪髮
未得心中本分官
夜酌滿容花色煖
秋吟切骨玉聲寒
承明長短君應入
莫憶家江七里灘",71
1245,poem,1245,卷十九,,,雜律詩,寄王秘書,,,1245,revised_jsonl_direct,1246,821,revised_jsonl,笺；云溪友议；唐才子传；酬秘书王丞见寄；玩月喜张十八员外以王六秘书至,,0,False,,0,False,1,4,"霜菊花萎日
風梧葉碎時
怪來秋思苦
緣詠秘書詩","寄王秘書霜菊花萎日
風梧葉碎時
怪來秋思苦
緣詠秘書詩",27
1246,poem,1246,卷十九,,,雜律詩,中書寓直,,,1246,revised_jsonl_direct,1247,821,revised_jsonl,笺；送王处士；西掖早秋直夜书意；论左降独孤朗等状；白氏文集；世说新语；自题写真,,0,False,,0,False,1,8,"繚繞宮牆圍禁林
半開閶闔曉沈沈
天晴更覺南山近
月出方知西掖深
病對詞頭慚彩筆
老看鏡面愧華簪
自嫌野物將何用
土木形骸麋鹿心","中書寓直繚繞宮牆圍禁林
半開閶闔曉沈沈
天晴更覺南山近
月出方知西掖深
病對詞頭慚彩筆
老看鏡面愧華簪
自嫌野物將何用
土木形骸麋鹿心",67
1247,poem,1247,卷十九,,,雜律詩,自問,,,1247,revised_jsonl_direct,1248,821,revised_jsonl,笺,,0,False,,0,False,1,4,"黑花滿眼絲滿頭
早衰因病病因愁
宦途氣味已諳盡
五十不休何日休","自問黑花滿眼絲滿頭
早衰因病病因愁
宦途氣味已諳盡
五十不休何日休",33
1248,poem,1248,卷十九,,,雜律詩,曲江獨行招張十八,,,1248,revised_jsonl_direct,1249,821,revised_jsonl,笺；读张籍古乐府；唐代酒令艺术；东南行一百韵,,0,False,,0,False,1,8,"曲江新歲後
冰與水相和
南岸猶殘雪
東風未有波
偶遊身獨自
相憶意如何
莫待春深去
花時鞍馬多","曲江獨行招張十八曲江新歲後
冰與水相和
南岸猶殘雪
東風未有波
偶遊身獨自
相憶意如何
莫待春深去
花時鞍馬多",55
1249,poem,1249,卷十九,,,雜律詩,新居早春二首其一,,,1249,revised_jsonl_direct,1250,821,revised_jsonl,笺,,0,False,,0,False,1,8,"靜巷無來客
深居不出門
鋪沙蓋苔面
掃雪擁松根
漸暖宜閑步
初晴愛小園
覓花都未有
唯覺樹枝繁","新居早春二首其一靜巷無來客
深居不出門
鋪沙蓋苔面
掃雪擁松根
漸暖宜閑步
初晴愛小園
覓花都未有
唯覺樹枝繁",55
1250,poem,1250,卷十九,,,雜律詩,新居早春二首其二,,,1250,revised_jsonl_direct,1251,,revised_jsonl,,,0,False,,0,False,1,8,"地潤東風暖
閑行踏草牙
呼童遣移竹
留客伴嘗茶
霤滴簷冰盡
塵浮隙日斜
新居未曾到
鄰里是誰家","新居早春二首其二地潤東風暖
閑行踏草牙
呼童遣移竹
留客伴嘗茶
霤滴簷冰盡
塵浮隙日斜
新居未曾到
鄰里是誰家",55
1251,poem,1251,卷十九,,,雜律詩,新昌新居書事四十韻因寄元郎中張博士,,,1251,revised_jsonl_direct,1252,821,revised_jsonl,谱；笺；答元郎中杨员外喜乌见寄；雨中寄张博士籍侯主簿喜；喜张十八博士除水部员外郎；旧唐书；渭村退居寄礼部崔侍郎翰林钱舍人诗一百韵；孟子；郡斋暇日忆庐山草堂兼寄二林僧社三十韵多叙贬官已来出处之意；效陶潜体诗十六首；唐会要；青龙寺早夏；续古诗十首；寄隐者；后汉书；晋书；岁暮道情二首；弘明集；正诬论；新论；大般涅槃经；维摩经；圆觉经；老子；大般若波罗蜜多经；秋游原上；唐国史补；唐摭言；夜招晦叔；元日田家；东斋记事；书,孟子；后汉书；晋书；新论；老子；书,6,True,,0,False,1,80,"冒寵已三遷
歸朝始二年
囊中貯餘俸
園外買閑田
狐兔同三逕
蒿萊共一廛
新園聊剗穢
舊屋且扶顛
簷漏移傾瓦
梁欹換蠹椽
平治遶臺路
整頓近階甎
巷狹開容駕
牆低壘過肩
門閭堪駐蓋
堂室可鋪筵
丹鳳樓當後
青龍寺在前
市街塵不到
宮樹影相連
省吏嫌坊遠
豪家笑地偏
敢勞賓客訪
或望子孫傳
不覓他人愛
唯將自性便
等閑栽樹木
隨分占風煙
逸致因心得
幽期遇境牽
松聲疑澗底
草色勝河邊
虛潤冰銷地
晴和日出天
苔行滑如簟
莎坐軟於緜
簾每當山卷
帷多待月褰
籬東花掩映
窗北竹嬋娟
迹慕青門隱
名慚紫禁仙
假歸思晚沐
朝去戀春眠
拙薄才無取
疏慵職不專
題牆書命筆
沽酒率分錢
柏杵舂靈藥
銅瓶漱暖泉
爐香穿蓋散
籠燭隔紗然
陳室何曾掃
陶琴不要絃
屏除俗事盡
養活道情全
尚有妻孥累
猶爲組綬纏
終須抛爵祿
漸擬斷腥羶
大底宗莊叟
私心事竺乾
浮榮水劃字
真諦火生蓮
梵部經十二
玄書字五千
是非都付夢
語默不妨禪
博士官猶冷
郎中病已痊
多同僻處住
久結靜中緣
緩步攜筇杖
徐吟展蜀牋
老宜閑語話
悶憶好詩篇
蠻榼來方瀉
蒙茶到始煎
無辭數相見
鬢髮各蒼然","新昌新居書事四十韻因寄元郎中張博士冒寵已三遷
歸朝始二年
囊中貯餘俸
園外買閑田
狐兔同三逕
蒿萊共一廛
新園聊剗穢
舊屋且扶顛
簷漏移傾瓦
梁欹換蠹椽
平治遶臺路
整頓近階甎
巷狹開容駕
牆低壘過肩
門閭堪駐蓋
堂室可鋪筵
丹鳳樓當後
青龍寺在前
市街塵不到
宮樹影相連
省吏嫌坊遠
豪家笑地偏
敢勞賓客訪
或望子孫傳
不覓他人愛
唯將自性便
等閑栽樹木
隨分占風煙
逸致因心得
幽期遇境牽
松聲疑澗底
草色勝河邊
虛潤冰銷地
晴和日出天
苔行滑如簟
莎坐軟於緜
簾每當山卷
帷多待月褰
籬東花掩映
窗北竹嬋娟
迹慕青門隱
名慚紫禁仙
假歸思晚沐
朝去戀春眠
拙薄才無取
疏慵職不專
題牆書命筆
沽酒率分錢
柏杵舂靈藥
銅瓶漱暖泉
爐香穿蓋散
籠燭隔紗然
陳室何曾掃
陶琴不要絃
屏除俗事盡
養活道情全
尚有妻孥累
猶爲組綬纏
終須抛爵祿
漸擬斷腥羶
大底宗莊叟
私心事竺乾
浮榮水劃字
真諦火生蓮
梵部經十二
玄書字五千
是非都付夢
語默不妨禪
博士官猶冷
郎中病已痊
多同僻處住
久結靜中緣
緩步攜筇杖
徐吟展蜀牋
老宜閑語話
悶憶好詩篇
蠻榼來方瀉
蒙茶到始煎
無辭數相見
鬢髮各蒼然",496
1252,poem,1252,卷十九,,,雜律詩,喜敏中及第偶示所懷,,,1252,revised_jsonl_direct,1253,822,revised_jsonl,笺；谱；唐故溧水县令太原白府君墓志铭；白氏文集；唐书；唐摭言；醉后走笔酬刘五主簿长句之赠兼简张大贾二十四先辈昆季；叙德书情四十韵上宣歙崔中丞,,0,False,,0,False,1,11,"自知羣從爲儒少
豈料詞場中第頻
桂折一枝先許我
楊穿三葉盡驚人
始予進士及第
行簡次之
敏中又次之
轉於文墨須留意
貴向煙霄早致身
莫學爾兄年五十
蹉跎始得掌絲綸","喜敏中及第偶示所懷自知羣從爲儒少
豈料詞場中第頻
桂折一枝先許我
楊穿三葉盡驚人
始予進士及第
行簡次之
敏中又次之
轉於文墨須留意
貴向煙霄早致身
莫學爾兄年五十
蹉跎始得掌絲綸",90
1253,poem,1253,卷十九,,,雜律詩,久不見韓侍郎戲題四韻以寄之,,,1253,revised_jsonl_direct,1254,822,revised_jsonl,笺；旧唐书；谱；醉后；蔷薇正开春酒初熟因招刘十九张大崔二十四同饮,,0,False,,0,False,1,8,"近來韓閣老
疏我我心知
户大嫌甜酒
才高笑小詩
靜吟乖月夜
閑醉曠花時
還有愁同處
春風滿鬢絲","久不見韓侍郎戲題四韻以寄之近來韓閣老
疏我我心知
户大嫌甜酒
才高笑小詩
靜吟乖月夜
閑醉曠花時
還有愁同處
春風滿鬢絲",60
1254,poem,1254,卷十九,,,雜律詩,寄白頭陀,,,1254,revised_jsonl_direct,1255,821,revised_jsonl,笺；沃州山禅院记；白氏文集；病假中南亭闲望,,0,False,,0,False,1,8,"近見頭陀伴
云師老更慵
性靈閑似鶴
顔壯古於松
山裏猶難覓
人間豈易逢
仍聞移住處
太白最高峰","寄白頭陀近見頭陀伴
云師老更慵
性靈閑似鶴
顔壯古於松
山裏猶難覓
人間豈易逢
仍聞移住處
太白最高峰",51
1255,poem,1255,卷十九,,,雜律詩,和韓侍郎題楊舍人林池見寄,,,1255,revised_jsonl_direct,1256,822,revised_jsonl,笺；早春与张十八博士籍游杨尚书林亭寄第三阁老兼呈白冯二阁老；京使回累得南省诸公书因以长句诗寄谢萧五刘二元八吴十一韦大陆郎中崔二十二牛二李七庾三十三李六李十杨三樊大杨十二员外；宿蓝桥对月；朝野佥载,,0,False,,0,False,1,4,"渠水闇流春凍解
風吹日炙不成凝
鳳池冷暖君諳在
二月因何更有冰","和韓侍郎題楊舍人林池見寄渠水闇流春凍解
風吹日炙不成凝
鳳池冷暖君諳在
二月因何更有冰",43
1256,poem,1256,卷十九,,,雜律詩,勤政樓西老柳,,,1256,revised_jsonl_direct,1257,822,revised_jsonl,笺；唐会要；唐宋诗醇,,0,False,,0,False,1,4,"半朽臨風樹
多情立馬人
開元一株柳
長慶二年春","勤政樓西老柳半朽臨風樹
多情立馬人
開元一株柳
長慶二年春",29
1257,poem,1257,卷十九,,,雜律詩,偶題閣下廳,,,1257,revised_jsonl_direct,1258,822,revised_jsonl,笺,,0,False,,0,False,1,8,"靜愛青苔院
深宜白鬢翁
貌將松共瘦
心與竹俱空
暖有低簷日
春多颺幕風
平生閑境思
盡在五言中","偶題閣下廳靜愛青苔院
深宜白鬢翁
貌將松共瘦
心與竹俱空
暖有低簷日
春多颺幕風
平生閑境思
盡在五言中",52
1258,poem,1258,卷十九,,,雜律詩,予與故刑部李侍郎早結道友以藥術爲事與故京兆元尹晚爲詩侶有林泉之期周歲之間二君長逝李住曲江北元居昇平西追感舊遊因貽同志,,,1258,revised_jsonl_direct,1259,822,revised_jsonl,笺；寄李十一建；答元八宗简同游曲江后明日见赠；晚归有感；故京兆少尹文集序；秋日怀杓直；和元八侍御升平新居四绝句,,0,False,,0,False,1,8,"從哭李來傷道氣
自亡元後減詩情
金丹同學都無益
水竹鄰居竟不成
月夜若爲遊曲水
花時那忍到昇平
如年七十身猶在
但恐傷心無處行","予與故刑部李侍郎早結道友以藥術爲事與故京兆元尹晚爲詩侶有林泉之期周歲之間二君長逝李住曲江北元居昇平西追感舊遊因貽同志從哭李來傷道氣
自亡元後減詩情
金丹同學都無益
水竹鄰居竟不成
月夜若爲遊曲水
花時那忍到昇平
如年七十身猶在
但恐傷心無處行",121
1259,poem,1259,卷十九,,,雜律詩,送馮舍人閣老往襄陽,,,1259,revised_jsonl_direct,1260,822,revised_jsonl,笺；冯阁老处见与严郎中酬和诗因戏赠绝句；旧唐书；元和郡县志,,0,False,,0,False,1,4,"紫微閣底送君迴
第二廳簾下不開
莫戀漢南風景好
峴山花盡早歸來","送馮舍人閣老往襄陽紫微閣底送君迴
第二廳簾下不開
莫戀漢南風景好
峴山花盡早歸來",40
1260,poem,1260,卷十九,,,雜律詩,莫走柳條詞送别,,,1260,revised_jsonl_direct,1261,822,revised_jsonl,笺,,0,False,,0,False,1,4,"南陌傷心别
東風滿把春
莫欺楊柳弱
勸酒勝於人","莫走柳條詞送别南陌傷心别
東風滿把春
莫欺楊柳弱
勸酒勝於人",30
1261,poem,1261,卷十九,,,雜律詩,酬韓侍郎張博士雨後遊曲江見寄,,,1261,revised_jsonl_direct,1262,822,revised_jsonl,笺；和韩侍郎苦雨；同水部张员外曲江春游寄白二十二舍人；新昌新居书事四十韵因寄元郎中张博士,,0,False,,0,False,1,4,"小園新種紅櫻樹
閑遶花行便當遊
何必更隨鞍馬隊
衝泥蹋雨曲江頭","酬韓侍郎張博士雨後遊曲江見寄小園新種紅櫻樹
閑遶花行便當遊
何必更隨鞍馬隊
衝泥蹋雨曲江頭",45
1262,poem,1262,卷十九,,,雜律詩,元家花,,,1262,revised_jsonl_direct,1263,822,revised_jsonl,笺；和元八侍御升平新居四绝句；予与故刑部李侍郎早结道友以药术为事与故京兆元尹晚为诗侣有林泉之期周岁之间二君长逝李住曲江北元居升平西追感旧游因贻同志,,0,False,,0,False,1,6,"今日元家宅
櫻桃發幾枝
稀稠與顔色
一似去年時
失却東園主
春風可得知","元家花今日元家宅
櫻桃發幾枝
稀稠與顔色
一似去年時
失却東園主
春風可得知",38
1263,poem,1263,卷十九,,,雜律詩,代人贈王員外,,,1263,revised_jsonl_direct,1264,822,revised_jsonl,笺；哭诸故人因寄元八；晚春沽酒；旧唐书；莫愁乐；石城乐；乐府诗集；乐府解题,,0,False,,0,False,1,8,"好在王員外
平生記得不
共賒黄叟酒
同上莫愁樓
靜接殷勤語
狂隨爛熳遊
那知今日眼
相見冷於秋","代人贈王員外好在王員外
平生記得不
共賒黄叟酒
同上莫愁樓
靜接殷勤語
狂隨爛熳遊
那知今日眼
相見冷於秋",53
1264,poem,1264,卷十九,,,雜律詩,惜小園花,,,1264,revised_jsonl_direct,1265,822,revised_jsonl,笺,,0,False,,0,False,1,4,"曉來紅萼凋零盡
但見空枝四五株
前日狂風昨夜雨
殘芳更合得存無","惜小園花曉來紅萼凋零盡
但見空枝四五株
前日狂風昨夜雨
殘芳更合得存無",35
1265,poem,1265,卷十九,,,雜律詩,蕭相公宅遇自遠禪師有感而贈,,,1265,revised_jsonl_direct,1266,822,revised_jsonl,笺；唐书；远师；问远师；对小潭寄远上人,,0,False,,0,False,1,8,"宦途堪笑不勝悲
昨日榮華今日衰
轉似秋蓬無定處
長於春夢幾多時
半頭白髮慚蕭相
滿面紅塵問遠師
應是世間緣未盡
欲抛官去尚遲疑","蕭相公宅遇自遠禪師有感而贈宦途堪笑不勝悲
昨日榮華今日衰
轉似秋蓬無定處
長於春夢幾多時
半頭白髮慚蕭相
滿面紅塵問遠師
應是世間緣未盡
欲抛官去尚遲疑",76
1266,poem,1266,卷十九,,,雜律詩,草詞畢遇芍藥初開因詠小謝紅藥當堦翻詩以爲一句未盡其狀偶成十六韻,,,1266,revised_jsonl_direct,1267,822,revised_jsonl,笺；直中书省；中书寓直；晋书；国语；刘阮妻二首；唐会要；大宝积经；大般若波罗蜜多经；水精念珠,晋书；国语,2,True,,0,False,1,32,"罷草紫泥詔
起吟紅藥詩
詞頭封送後
花口坼開時
坐對鉤簾久
行觀步履遲
兩三叢爛熳
十二葉參差
背日房微斂
當堦朵旋欹
釵葶抽碧股
粉蘂撲黄絲
動蕩情無限
低斜力不支
周迴看未足
比諭語難爲
勾漏丹砂裹
僬僥火焰旗
彤雲賸根蔕
絳幘欠纓緌
况有晴風度
仍兼宿露垂
疑香薰罨畫
似淚著燕脂
有意留連我
無言怨思誰
應愁明日落
如恨隔年期
菡萏泥連萼
玫瑰刺繞枝
等量無勝者
唯眼與心知","草詞畢遇芍藥初開因詠小謝紅藥當堦翻詩以爲一句未盡其狀偶成十六韻罷草紫泥詔
起吟紅藥詩
詞頭封送後
花口坼開時
坐對鉤簾久
行觀步履遲
兩三叢爛熳
十二葉參差
背日房微斂
當堦朵旋欹
釵葶抽碧股
粉蘂撲黄絲
動蕩情無限
低斜力不支
周迴看未足
比諭語難爲
勾漏丹砂裹
僬僥火焰旗
彤雲賸根蔕
絳幘欠纓緌
况有晴風度
仍兼宿露垂
疑香薰罨畫
似淚著燕脂
有意留連我
無言怨思誰
應愁明日落
如恨隔年期
菡萏泥連萼
玫瑰刺繞枝
等量無勝者
唯眼與心知",222
1267,poem,1267,卷十九,,,雜律詩,喜張十八博士除水部員外郎,,,1267,revised_jsonl_direct,1268,822,revised_jsonl,笺；张籍可水部员外郎制；白氏文集；听水部吴员外新诗因赠绝句；苕溪渔隐丛话；蔡宽夫诗话,,0,False,,0,False,1,8,"老何殁後吟聲絶
雖有郎官不愛詩
無復篇章傳道路
空留風月在曹司
長嗟博士官猶屈
亦恐騷人道漸衰
今日聞君除水部
喜於身得省郎時","喜張十八博士除水部員外郎老何殁後吟聲絶
雖有郎官不愛詩
無復篇章傳道路
空留風月在曹司
長嗟博士官猶屈
亦恐騷人道漸衰
今日聞君除水部
喜於身得省郎時",75
1268,poem,1268,卷十九,,,雜律詩,與沈楊二舍人閣老同食敕賜櫻桃玩物感恩因成十四韻,,,1268,revised_jsonl_direct,1269,822,revised_jsonl,笺；唐书；重修承旨学士壁记；注补；和韩侍郎题杨舍人林池见寄；太平御览；尚书考灵曜；和梦游春诗一百韵；汉武帝内传；题郡中荔枝诗十八韵兼寄万州杨八使君；太平广记；鼎师；朝野佥载,汉武帝内传,1,True,,0,False,1,28,"清曉趨丹禁
紅櫻降紫宸
驅禽養得熟
和葉摘來新
圓轉盤傾玉
鮮明籠透銀
内園題兩字
西掖賜三臣
熒惑晶華赤
醍醐氣味真
如珠未穿孔
似火不燒人
杏俗難爲對
桃頑詎可倫
肉嫌盧橘厚
皮笑荔枝皴
瓊液酸甜足
金丸大小匀
偷須防曼倩
惜莫擲安仁
手擘纔離核
匙抄半是津
甘爲舌上露
煖作腹中春
已懼長尸祿
仍驚數食珍
最慚恩未報
飽餵不才身","與沈楊二舍人閣老同食敕賜櫻桃玩物感恩因成十四韻清曉趨丹禁
紅櫻降紫宸
驅禽養得熟
和葉摘來新
圓轉盤傾玉
鮮明籠透銀
内園題兩字
西掖賜三臣
熒惑晶華赤
醍醐氣味真
如珠未穿孔
似火不燒人
杏俗難爲對
桃頑詎可倫
肉嫌盧橘厚
皮笑荔枝皴
瓊液酸甜足
金丸大小匀
偷須防曼倩
惜莫擲安仁
手擘纔離核
匙抄半是津
甘爲舌上露
煖作腹中春
已懼長尸祿
仍驚數食珍
最慚恩未報
飽餵不才身",190
1269,poem,1269,卷十九,,,雜律詩,送嚴大夫赴桂州,,,1269,revised_jsonl_direct,1270,822,revised_jsonl,笺；严谟可桂管观察使制；白氏文集；唐会要；旧唐书；酬严中丞晚眺黔江见寄；易；为刘尚书祭王员外文；孔戡；寄杨五桂州谭；汉书；艺文类聚；酬崔侍御见赠,易；汉书,2,True,,0,False,1,8,"地壓坤方重
官兼憲府雄
桂林無瘴氣
柏署有清風
山水衙門外
旌旗艛艓中
大夫應絶席
詩酒與誰同","送嚴大夫赴桂州地壓坤方重
官兼憲府雄
桂林無瘴氣
柏署有清風
山水衙門外
旌旗艛艓中
大夫應絶席
詩酒與誰同",54
1270,poem,1270,卷十九,,,雜律詩,春夜宿直,,,1270,revised_jsonl_direct,1271,822,revised_jsonl,笺,,0,False,,0,False,1,8,"三月十四夜
西垣東北廊
碧梧葉重疊
紅藥樹低昂
月砌漏幽影
風簾飄闇香
禁中無宿客
誰伴紫微郎","春夜宿直三月十四夜
西垣東北廊
碧梧葉重疊
紅藥樹低昂
月砌漏幽影
風簾飄闇香
禁中無宿客
誰伴紫微郎",51
1271,poem,1271,卷十九,,,雜律詩,夏夜宿直,,,1271,revised_jsonl_direct,1272,822,revised_jsonl,笺,,0,False,,0,False,1,8,"人少庭宇曠
夜凉風露清
槐花滿院氣
松子落階聲
寂默挑燈坐
沈吟蹋月行
年衰自無趣
不是厭承明","夏夜宿直人少庭宇曠
夜凉風露清
槐花滿院氣
松子落階聲
寂默挑燈坐
沈吟蹋月行
年衰自無趣
不是厭承明",51
1272,poem,1272,卷十九,,,雜律詩,七言十二句贈駕部吳郎中七兄,,,1272,revised_jsonl_direct,1273,822,revised_jsonl,笺；赠吴丹；思竹窗,,0,False,,0,False,1,12,"四月天氣和且清
綠槐陰合沙隄平
獨騎善馬銜鐙穩
初著單衣支體輕
退朝下直少徒侶
歸舍閉門無送迎
風生竹夜窗間卧
月照松時臺上行
春酒冷嘗三數盞
曉琴閑弄十餘聲
幽懷靜境何人别
唯有南宮老駕兄","七言十二句贈駕部吳郎中七兄四月天氣和且清
綠槐陰合沙隄平
獨騎善馬銜鐙穩
初著單衣支體輕
退朝下直少徒侶
歸舍閉門無送迎
風生竹夜窗間卧
月照松時臺上行
春酒冷嘗三數盞
曉琴閑弄十餘聲
幽懷靜境何人别
唯有南宮老駕兄",108
1273,poem,1273,卷十九,,,雜律詩,玉真張觀主下小女冠阿容,,,1273,revised_jsonl_direct,1274,822,revised_jsonl,笺；长安志；庄子；穆天子传,庄子；穆天子传,2,True,,0,False,1,8,"綽約小天仙
生來十六年
姑山半峰雪
瑶水一枝蓮
晚院花留立
春窗月伴眠
迴眸雖欲語
阿母在傍邊","玉真張觀主下小女冠阿容綽約小天仙
生來十六年
姑山半峰雪
瑶水一枝蓮
晚院花留立
春窗月伴眠
迴眸雖欲語
阿母在傍邊",58
1274,poem,1274,卷十九,,,雜律詩,龍花寺主家小尼,,,1274,revised_jsonl_direct,1275,822,revised_jsonl,笺；分门集注杜工部诗；哀江头；两京新记；长安志；唐两京城坊考；云仙杂记；品物类聚记；赎鸡；同钱员外题绝粮僧巨川,,0,False,,0,False,1,8,"頭青眉眼細
十四女沙彌
夜靜雙林怕
春深一食飢
步慵行道困
起晚誦經遲
應似仙人子
花宮未嫁時","龍花寺主家小尼頭青眉眼細
十四女沙彌
夜靜雙林怕
春深一食飢
步慵行道困
起晚誦經遲
應似仙人子
花宮未嫁時",54
1275,poem,1275,卷十九,,,雜律詩,訪陳二,,,1275,revised_jsonl_direct,1276,822,revised_jsonl,笺；题玉泉寺,,0,False,,0,False,1,8,"曉垂朱綬帶
晚著白綸巾
出去爲朝客
歸來是野人
兩餐聊過日
一榻足容身
此外皆閑事
時時訪老陳","訪陳二曉垂朱綬帶
晚著白綸巾
出去爲朝客
歸來是野人
兩餐聊過日
一榻足容身
此外皆閑事
時時訪老陳",50
1276,poem,1276,卷十九,,,雜律詩,晚庭逐凉,,,1276,revised_jsonl_direct,1277,822,revised_jsonl,笺,,0,False,,0,False,1,8,"送客出門後
移牀下砌初
趁凉行繞竹
引睡卧看書
老更爲官拙
慵多向事疏
松窗倚藤杖
人道似僧居","晚庭逐凉送客出門後
移牀下砌初
趁凉行繞竹
引睡卧看書
老更爲官拙
慵多向事疏
松窗倚藤杖
人道似僧居",51
1277,poem,1277,卷十九,,,雜律詩,曲江憶李十一,,,1277,revised_jsonl_direct,1278,822,revised_jsonl,笺；寄李十一建,,0,False,,0,False,1,4,"李君殁後共誰遊
柳岸荷亭兩度秋
獨遶曲江行一匝
依前還立水邊愁","曲江憶李十一李君殁後共誰遊
柳岸荷亭兩度秋
獨遶曲江行一匝
依前還立水邊愁",37
1278,poem,1278,卷十九,,,雜律詩,江亭玩春,,,1278,revised_jsonl_direct,1279,822,revised_jsonl,笺；太平广记；书带草；三齐记；玄览赋,,0,False,,0,False,1,8,"江亭乘曉閲衆芳
春妍景麗草樹光
日消石桂綠嵐氣
風墜木蘭紅露漿
水蒲漸展書帶葉
山榴半含琴軫房
何物春風吹不變
愁人依舊鬢蒼蒼","江亭玩春江亭乘曉閲衆芳
春妍景麗草樹光
日消石桂綠嵐氣
風墜木蘭紅露漿
水蒲漸展書帶葉
山榴半含琴軫房
何物春風吹不變
愁人依舊鬢蒼蒼",67
1279,poem,1279,卷十九,,,雜律詩,聞夜砧,,,1279,revised_jsonl_direct,1280,822,revised_jsonl,笺,,0,False,,0,False,1,6,"誰家思婦秋擣帛
月苦風淒砧杵悲
八月九月正長夜
千聲萬聲無了時
應到天明頭盡白
一聲添得一莖絲","聞夜砧誰家思婦秋擣帛
月苦風淒砧杵悲
八月九月正長夜
千聲萬聲無了時
應到天明頭盡白
一聲添得一莖絲",50
1280,poem,1280,卷十九,,,雜律詩,板橋路,,,1280,revised_jsonl_direct,1281,822,revised_jsonl,笺；太平广记；张生；纂异记；板桥三娘子；河东记；嘉庆重修一统志,,0,False,,0,False,1,6,"梁苑城西二十里
一渠春水柳千條
若爲此路今重過
十五年前舊板橋
曾共玉顔橋上别
不知消息到今朝","板橋路梁苑城西二十里
一渠春水柳千條
若爲此路今重過
十五年前舊板橋
曾共玉顔橋上别
不知消息到今朝",50
1281,poem,1281,卷十九,,,雜律詩,青門柳,,,1281,revised_jsonl_direct,1282,822,revised_jsonl,笺；寄隐者,,0,False,,0,False,1,4,"青青一樹傷心色
曾入幾人離恨中
爲近都門多送别
長條折盡減春風","青門柳青青一樹傷心色
曾入幾人離恨中
爲近都門多送别
長條折盡減春風",34
1282,poem,1282,卷十九,,,雜律詩,梨園弟子,,,1282,revised_jsonl_direct,1283,822,revised_jsonl,笺；胡旋女；骊宫高,,0,False,,0,False,1,4,"白頭垂淚話梨園
五十年前雨露恩
莫問華清今日事
滿山紅葉鎖宮門","梨園弟子白頭垂淚話梨園
五十年前雨露恩
莫問華清今日事
滿山紅葉鎖宮門",35
1283,poem,1283,卷十九,,,雜律詩,暮江吟,,,1283,revised_jsonl_direct,1284,816,revised_jsonl,笺；太平广记；同昌公主；杜阳编；卢顼；通幽录,,0,False,,0,False,1,4,"一道殘陽鋪水中
半江瑟瑟半江紅
可憐九月初三夜
露似真珠月似弓","暮江吟一道殘陽鋪水中
半江瑟瑟半江紅
可憐九月初三夜
露似真珠月似弓",34
1284,poem,1284,卷十九,,,雜律詩,思婦眉,,,1284,revised_jsonl_direct,1285,816,revised_jsonl,笺,,0,False,,0,False,1,4,"春風摇蕩自東來
折盡櫻桃綻盡梅
唯餘思婦愁眉結
無限春風吹不開","思婦眉春風摇蕩自東來
折盡櫻桃綻盡梅
唯餘思婦愁眉結
無限春風吹不開",34
1285,poem,1285,卷十九,,,雜律詩,怨詞,,,1285,revised_jsonl_direct,1286,816,revised_jsonl,笺；后汉书；拟咏怀,后汉书,1,True,,0,False,1,4,"奪寵心那慣
尋思倚殿門
不知移舊愛
何處作新恩","怨詞奪寵心那慣
尋思倚殿門
不知移舊愛
何處作新恩",25
1286,poem,1286,卷十九,,,雜律詩,寒閨怨,,,1286,revised_jsonl_direct,1287,816,revised_jsonl,笺,,0,False,,0,False,1,4,"寒月沈沈洞房靜
真珠簾外梧桐影
秋霜欲下手先知
燈底裁縫翦刀冷","寒閨怨寒月沈沈洞房靜
真珠簾外梧桐影
秋霜欲下手先知
燈底裁縫翦刀冷",34
1287,poem,1287,卷十九,,,雜律詩,秋房夜,,,1287,revised_jsonl_direct,1288,816,revised_jsonl,笺,,0,False,,0,False,1,4,"雲露青天月漏光
中庭立久却歸房
水窗席冷未能卧
挑盡殘燈秋夜長","秋房夜雲露青天月漏光
中庭立久却歸房
水窗席冷未能卧
挑盡殘燈秋夜長",34
1288,poem,1288,卷十九,,,雜律詩,採蓮曲,,,1288,revised_jsonl_direct,1289,816,revised_jsonl,笺；长恨歌,,0,False,,0,False,1,4,"菱葉縈波荷颭風
荷花深處小船通
逢郎欲語低頭笑
碧玉搔頭落水中","採蓮曲菱葉縈波荷颭風
荷花深處小船通
逢郎欲語低頭笑
碧玉搔頭落水中",34
1289,poem,1289,卷十九,,,雜律詩,鄰女,,,1289,revised_jsonl_direct,1290,816,revised_jsonl,笺；和回文诗；游仙窟；牡丹赋,,0,False,,0,False,1,4,"娉婷十五勝天仙
白日姮娥旱地蓮
何處閑教鸚鵡語
碧紗窗下繡牀前","鄰女娉婷十五勝天仙
白日姮娥旱地蓮
何處閑教鸚鵡語
碧紗窗下繡牀前",33
1290,poem,1290,卷十九,,,雜律詩,閨婦,,,1290,revised_jsonl_direct,1291,816,revised_jsonl,笺；古意；陇头水,,0,False,,0,False,1,4,"斜凭繡牀愁不動
紅銷帶缓綠鬟低
遼陽春盡無消息
夜合花前日又西","閨婦斜凭繡牀愁不動
紅銷帶缓綠鬟低
遼陽春盡無消息
夜合花前日又西",33
1291,poem,1291,卷十九,,,雜律詩,移牡丹栽,,,1291,revised_jsonl_direct,1292,815,revised_jsonl,笺,,0,False,,0,False,1,4,"金錢買得牡丹栽
何處辭叢别主來
紅芳堪惜還堪恨
百處移將百處開","移牡丹栽金錢買得牡丹栽
何處辭叢别主來
紅芳堪惜還堪恨
百處移將百處開",35
1292,poem,1292,卷十九,,,雜律詩,聽夜箏有感,,,1292,revised_jsonl_direct,1293,819,revised_jsonl,笺；容斋随笔,,0,False,,0,False,1,4,"江州去日聽箏夜
白髮新生不願聞
如今格是頭成雪
彈到天明亦任君","聽夜箏有感江州去日聽箏夜
白髮新生不願聞
如今格是頭成雪
彈到天明亦任君",36
1293,poem,1293,卷十九,,,雜律詩,代謝好答崔員外,,,1293,revised_jsonl_direct,1294,815,revised_jsonl,笺；霓裳羽衣歌；东南行一百韵寄通州元九侍御澧州李十一舍人果州崔二十二使君开州韦大员外庾三十二补阙杜十四拾遗李二十助教员外窦七校书；世说新语,,0,False,,0,False,1,6,"青娥小謝娘
白髮老崔郎
謾愛胸前雪
其如頭上霜
别後曹家碑背上
思量好字斷君腸","代謝好答崔員外青娥小謝娘
白髮老崔郎
謾愛胸前雪
其如頭上霜
别後曹家碑背上
思量好字斷君腸",46
1294,poem,1294,卷十九,,,雜律詩,琵琶,,,1294,revised_jsonl_direct,1295,815,revised_jsonl,笺；王家琵琶,,0,False,,0,False,1,4,"絃清撥利語錚錚
背却殘燈就月明
賴是心無惆悵事
不然爭奈子絃聲","琵琶絃清撥利語錚錚
背却殘燈就月明
賴是心無惆悵事
不然爭奈子絃聲",33
1295,poem,1295,卷十九,,,雜律詩,和殷協律琴思,,,1295,revised_jsonl_direct,1296,822,revised_jsonl,笺；赠别杨颖士卢克柔殷尧藩；旧唐书；史记,史记,1,True,,0,False,1,4,"秋水蓮冠春草裙
依稀風調似文君
煩君玉指分明語
知是琴心佯不聞","和殷協律琴思秋水蓮冠春草裙
依稀風調似文君
煩君玉指分明語
知是琴心佯不聞",37
1296,poem,1296,卷十九,,,雜律詩,寄李蘇州兼示楊瓊,,,1296,revised_jsonl_direct,1297,837,revised_jsonl,笺；前集；姑苏志；古今守令表上；元稹年谱；华阳观桃花时招李六拾遗饮；独树浦雨夜寄李六郎中；苏州元日郡斋感怀寄越州元相公杭州白舍人；法华记；苏州元日；永福寺石壁法华经记；和乐天示杨琼；真娘墓；长洲曲新词；长洲苑；马上作,,0,False,,0,False,1,6,"真娘墓頭春草碧
心奴鬢上秋霜白
爲問蘇臺酒席中
使君歌笑與誰同
就中猶有楊瓊在
堪上東山伴謝公","寄李蘇州兼示楊瓊真娘墓頭春草碧
心奴鬢上秋霜白
爲問蘇臺酒席中
使君歌笑與誰同
就中猶有楊瓊在
堪上東山伴謝公",55
1297,poem,1297,卷十九,,,雜律詩,聽彈湘妃怨,,,1297,revised_jsonl_direct,1298,822,revised_jsonl,笺；新唐书；湘妃怨；乐府诗集；湘妃；琴操；湘夫人；魏书；旧唐书；五弦弹；五弦；唐国史补；太平广记；王氏女；北梦琐言；哭颜回；燕乐探微；寄殷协律,琴操；魏书,2,True,,0,False,1,7,"玉軫朱絃瑟瑟徽
吳娃徵調奏湘妃
分明曲裏愁雲雨
似道蕭蕭郎不歸
江南新詞有云
“暮雨蕭蕭郎不歸
”","聽彈湘妃怨玉軫朱絃瑟瑟徽
吳娃徵調奏湘妃
分明曲裏愁雲雨
似道蕭蕭郎不歸
江南新詞有云
“暮雨蕭蕭郎不歸
”",54
1298,poem,1298,卷十九,,,雜律詩,閑坐,,,1298,revised_jsonl_direct,1299,822,revised_jsonl,笺；维摩经；酬赠李炼师见招,,0,False,,0,False,1,8,"煖擁紅爐火
閑搔白髮頭
百年慵裏過
萬事醉中休
有室同摩詰
無兒比鄧攸
莫論身在日
身後亦無憂","閑坐煖擁紅爐火
閑搔白髮頭
百年慵裏過
萬事醉中休
有室同摩詰
無兒比鄧攸
莫論身在日
身後亦無憂",49
1299,poem,1299,卷十九,,,雜律詩,不睡,,,1299,revised_jsonl_direct,1300,822,revised_jsonl,笺；抱朴子内篇；云笈七签,,0,False,,0,False,1,4,"焰短寒釭盡
聲長曉漏遲
年衰自無睡
不是守三尸","不睡焰短寒釭盡
聲長曉漏遲
年衰自無睡
不是守三尸",25
1300,poem,1300,卷二十,,,雜律詩,初罷中書舍人,,,1300,revised_jsonl_direct,1301,822,revised_jsonl,谱；笺；长庆二年七月自中书舍人出守杭州路次蓝溪作；南齐书；国语；后汉书；郡斋暇日忆庐山草堂兼寄二林僧社三十韵多叙贬官已来出处之意,国语；后汉书,2,True,,0,False,1,8,"自慚拙宦叨清貫
還有癡心怕素餐
或望君臣相獻替
可圖妻子免飢寒
性疏豈合承恩久
命薄元知濟事難
分寸寵光酬未得
不休更擬覓何官","初罷中書舍人自慚拙宦叨清貫
還有癡心怕素餐
或望君臣相獻替
可圖妻子免飢寒
性疏豈合承恩久
命薄元知濟事難
分寸寵光酬未得
不休更擬覓何官",69
1301,poem,1301,卷二十,,,雜律詩,宿陽城驛對月,,,1301,revised_jsonl_direct,1302,822,revised_jsonl,谱；笺；和阳城驿；宿蓝桥对月；登商山最高顶,,0,False,,0,False,1,4,"親故尋迴駕
妻孥未出關
鳳皇池上月
送我過商山","宿陽城驛對月親故尋迴駕
妻孥未出關
鳳皇池上月
送我過商山",29
1302,poem,1302,卷二十,,,雜律詩,商山路有感,,,1302,revised_jsonl_direct,1303,822,revised_jsonl,谱；笺；东南行一百韵寄通州元九侍御澧州李十一舍人果州崔二十二使君开州韦大员外庾三十二补阙杜十四拾遗李二十助教员外窦七校书；青苔赋；佛本行经；锦带书十二月启,青苔赋,1,True,,0,False,1,27,"前年夏
予自忠州刺史除書歸闕
時刑部李十一侍郎﹑户部崔二十員外亦自澧﹑果二郡守徵還
相次入關
皆同此路
今年
予自中書舍人授杭州刺史
又由此途出
二君已逝
予獨南行
追歎興懷
慨然成詠
後來有與予﹑杓直﹑虞平游者
見此短什
能無惻惻乎
儻未忘情
請爲繼和
長慶二年七月三十日
題於内鄉縣南亭云爾
憶昨徵還日
三人歸路同
此生都是夢
前事旋成空
杓直泉埋玉
虞平燭過風
唯殘樂天在
頭白向江東","商山路有感前年夏
予自忠州刺史除書歸闕
時刑部李十一侍郎﹑户部崔二十員外亦自澧﹑果二郡守徵還
相次入關
皆同此路
今年
予自中書舍人授杭州刺史
又由此途出
二君已逝
予獨南行
追歎興懷
慨然成詠
後來有與予﹑杓直﹑虞平游者
見此短什
能無惻惻乎
儻未忘情
請爲繼和
長慶二年七月三十日
題於内鄉縣南亭云爾
憶昨徵還日
三人歸路同
此生都是夢
前事旋成空
杓直泉埋玉
虞平燭過風
唯殘樂天在
頭白向江東",200
1303,poem,1303,卷二十,,,雜律詩,重感,,,1303,revised_jsonl_direct,1304,822,revised_jsonl,笺,,0,False,,0,False,1,8,"停驂歇路隅
重感一長吁
擾擾生還死
紛紛榮又枯
困支青竹杖
閑捋白髭鬚
莫歎身衰老
交遊半已無","重感停驂歇路隅
重感一長吁
擾擾生還死
紛紛榮又枯
困支青竹杖
閑捋白髭鬚
莫歎身衰老
交遊半已無",49
1304,poem,1304,卷二十,,,雜律詩,逢張十八員外籍,,,1304,revised_jsonl_direct,1305,822,revised_jsonl,笺；喜张十八博士除水部员外郎,,0,False,,0,False,1,8,"旅思正茫茫
相逢此道傍
晚嵐林葉闇
秋露草花香
白髮江城守
青衫水部郎
客亭同宿處
忽似夜歸鄉","逢張十八員外籍旅思正茫茫
相逢此道傍
晚嵐林葉闇
秋露草花香
白髮江城守
青衫水部郎
客亭同宿處
忽似夜歸鄉",54
1305,poem,1305,卷二十,,,雜律詩,赴杭州重宿棣華驛見楊八舊詩感題一絶,,,1305,revised_jsonl_direct,1306,822,revised_jsonl,笺；棣华驿见杨八题梦兄弟诗,,0,False,,0,False,1,4,"往恨今愁應不殊
題詩梁下又踟躕
羡君猶夢見兄弟
我到天明睡亦無","赴杭州重宿棣華驛見楊八舊詩感題一絶往恨今愁應不殊
題詩梁下又踟躕
羡君猶夢見兄弟
我到天明睡亦無",48
1306,poem,1306,卷二十,,,雜律詩,寓言題僧,,,1306,revised_jsonl_direct,1307,822,revised_jsonl,笺；佛本行集经；和梦游春诗一百韵；达摩多罗禅经；华严经；续高僧传,,0,False,,0,False,1,4,"劫風火起燒荒宅
苦海波生蕩破船
力小無因救焚溺
清凉山下且安禪","寓言題僧劫風火起燒荒宅
苦海波生蕩破船
力小無因救焚溺
清凉山下且安禪",35
1307,poem,1307,卷二十,,,雜律詩,内鄉村路作,,,1307,revised_jsonl_direct,1308,822,revised_jsonl,笺；旧唐书,,0,False,,0,False,1,4,"日下風高野路凉
緩驅疲馬闇思鄉
渭村秋物應如此
棗赤梨紅稻穗黄","内鄉村路作日下風高野路凉
緩驅疲馬闇思鄉
渭村秋物應如此
棗赤梨紅稻穗黄",36
1308,poem,1308,卷二十,,,雜律詩,路上寄銀匙與阿龜,,,1308,revised_jsonl_direct,1309,822,revised_jsonl,笺；弄龜罗；闻龜儿咏诗；长恨歌,,0,False,,0,False,1,8,"謫宦心都慣
辭鄉去不難
緣留龜子住
涕淚一闌干
小子須嬌養
鄒婆爲好看
銀匙封寄汝
憶我即加餐","路上寄銀匙與阿龜謫宦心都慣
辭鄉去不難
緣留龜子住
涕淚一闌干
小子須嬌養
鄒婆爲好看
銀匙封寄汝
憶我即加餐",55
1309,poem,1309,卷二十,,,雜律詩,山泉煎茶有懷,,,1309,revised_jsonl_direct,1310,822,revised_jsonl,笺；风赋；文选；暮江吟,风赋,1,True,,0,False,1,4,"坐酌泠泠水
看煎瑟瑟塵
無由持一盌
寄與愛茶人","山泉煎茶有懷坐酌泠泠水
看煎瑟瑟塵
無由持一盌
寄與愛茶人",29
1310,poem,1310,卷二十,,,雜律詩,郢州贈别王八使君,,,1310,revised_jsonl_direct,1311,822,revised_jsonl,笺；旧唐书；论左降独孤朗等状；白氏文集,,0,False,,0,False,1,8,"昔是詩狂客
今爲酒病夫
强吟翻悵望
縱醉不歡娛
鬢髮三分白
交親一半無
郢城君莫厭
猶校近京都","郢州贈别王八使君昔是詩狂客
今爲酒病夫
强吟翻悵望
縱醉不歡娛
鬢髮三分白
交親一半無
郢城君莫厭
猶校近京都",55
1311,poem,1311,卷二十,,,雜律詩,吉祥寺見錢侍郎題名,,,1311,revised_jsonl_direct,1312,822,revised_jsonl,笺；嘉庆重修一统志；钱侍郎使君以题庐山草堂诗见寄因酬之,,0,False,,0,False,1,4,"雲雨三年别
風波萬里行
秋心正蕭索
况見故人名","吉祥寺見錢侍郎題名雲雨三年别
風波萬里行
秋心正蕭索
况見故人名",32
1312,poem,1312,卷二十,,,雜律詩,重到江州感舊遊題郡樓十一韻,,,1312,revised_jsonl_direct,1313,822,revised_jsonl,谱；笺；自江州司马授忠州刺史仰荷圣泽聊书鄙诚；江州赴忠州至江陵已来舟中示舍弟五十韵；闻早莺；长庆二年七月自中书舍人出守杭州路次蓝溪作；答元八宗简同游曲江后明日见赠；放鱼；梁书；太平广记；徐孝嗣；谈薮；送杨处士反初卜居曲江；初到江州,,0,False,,0,False,1,22,"掌綸知是忝
剖竹信爲榮
才薄官仍重
恩深責尚輕
昔徵從典午
今出自承明
鳳詔休揮翰
漁歌欲濯纓
還乘小艛艓
却到古湓城
醉客臨江待
禪僧出郭迎
青山滿眼在
白髮半頭生
又校三年老
何曾一事成
重過蕭寺宿
再上庾樓行
雲水新秋思
閭閻舊日情
郡民猶認得
司馬詠詩聲","重到江州感舊遊題郡樓十一韻掌綸知是忝
剖竹信爲榮
才薄官仍重
恩深責尚輕
昔徵從典午
今出自承明
鳳詔休揮翰
漁歌欲濯纓
還乘小艛艓
却到古湓城
醉客臨江待
禪僧出郭迎
青山滿眼在
白髮半頭生
又校三年老
何曾一事成
重過蕭寺宿
再上庾樓行
雲水新秋思
閭閻舊日情
郡民猶認得
司馬詠詩聲",144
1313,poem,1313,卷二十,,,雜律詩,贈江州李十使君員外十二韻,,,1313,revised_jsonl_direct,1314,822,revised_jsonl,笺；京使回累得南省诸公书因以长句诗寄谢萧五刘二元八吴十一韦大陆郎中崔二十二牛二李七庾三十三李六李十杨三樊大杨十二员外；江州南湖隄铭；嘉泰吴兴志；世说新语；招隐诗；桃花源记；酬赠李炼师见招；西掖早秋直夜书意；哭刘敦质；文选；为贾谧作赠陆机；汉书；北史；不致仕,汉书,1,True,,0,False,1,27,"我本江湖上
悠悠任運身
朝隨賣藥客
暮伴釣魚人
迹爲燒丹隱
家緣嗜酒貧
經過剡谿雪
尋覓武陵人
豈有疏狂性
堪爲侍從臣
仰頭驚鳳闕
下口觸龍鱗
劍珮辭天上
風波向海濱
非賢虛偶聖
無屈敢求伸
昔去曾同日
今來即後塵
元和末
余與李員外同日黜官
今又相次出爲刺史
中年俱白鬢
左宦各朱輪
長短才雖異
榮枯事略均
殷勤李員外
不合不相親","贈江州李十使君員外十二韻我本江湖上
悠悠任運身
朝隨賣藥客
暮伴釣魚人
迹爲燒丹隱
家緣嗜酒貧
經過剡谿雪
尋覓武陵人
豈有疏狂性
堪爲侍從臣
仰頭驚鳳闕
下口觸龍鱗
劍珮辭天上
風波向海濱
非賢虛偶聖
無屈敢求伸
昔去曾同日
今來即後塵
元和末
余與李員外同日黜官
今又相次出爲刺史
中年俱白鬢
左宦各朱輪
長短才雖異
榮枯事略均
殷勤李員外
不合不相親",178
1314,poem,1314,卷二十,,,雜律詩,題别遺愛草堂兼呈李十使君,,,1314,revised_jsonl_direct,1315,822,revised_jsonl,笺；香炉峰下新置草堂即事咏怀题于石上；太平寰宇记；方舆胜览；喜山石榴花开,,0,False,,0,False,1,12,"曾住爐峰下
書堂對藥臺
斬新蘿徑合
依舊竹窗開
砌水親開決
池荷手自栽
五年方暫至
一宿又須迴
縱未長歸得
猶勝不到來
君家白鹿洞
聞道亦生苔","題别遺愛草堂兼呈李十使君曾住爐峰下
書堂對藥臺
斬新蘿徑合
依舊竹窗開
砌水親開決
池荷手自栽
五年方暫至
一宿又須迴
縱未長歸得
猶勝不到來
君家白鹿洞
聞道亦生苔",83
1315,poem,1315,卷二十,,,雜律詩,重題,,,1315,revised_jsonl_direct,1316,822,revised_jsonl,笺；汉书；长杨赋,汉书,1,True,,0,False,1,8,"泉石尚依依
林疏僧亦稀
何年辭水閣
今夜宿雲扉
謾獻長楊賦
虛抛薜荔衣
不能成一事
贏得白頭歸","重題泉石尚依依
林疏僧亦稀
何年辭水閣
今夜宿雲扉
謾獻長楊賦
虛抛薜荔衣
不能成一事
贏得白頭歸",49
1316,poem,1316,卷二十,,,雜律詩,夜泊旅望,,,1316,revised_jsonl_direct,1317,822,revised_jsonl,笺,,0,False,,0,False,1,8,"少睡多愁客
中宵起望鄉
沙明連浦月
帆白滿船霜
近海江彌闊
迎秋夜更長
煙波三十宿
猶未到錢塘","夜泊旅望少睡多愁客
中宵起望鄉
沙明連浦月
帆白滿船霜
近海江彌闊
迎秋夜更長
煙波三十宿
猶未到錢塘",51
1317,poem,1317,卷二十,,,雜律詩,九江北岸遇風雨,,,1317,revised_jsonl_direct,1318,822,revised_jsonl,笺；旧唐书；初学记；纂要,纂要,1,True,,0,False,1,6,"黄梅縣邊黄梅雨
白頭浪裏白頭翁
九江闊處不見岸
五月盡時多惡風
人間穩路應無限
何事抛身在此中","九江北岸遇風雨黄梅縣邊黄梅雨
白頭浪裏白頭翁
九江闊處不見岸
五月盡時多惡風
人間穩路應無限
何事抛身在此中",54
1318,poem,1318,卷二十,,,雜律詩,舟中晚起,,,1318,revised_jsonl_direct,1319,822,revised_jsonl,笺；钱唐湖石记；白氏文集；咸淳临安志,,0,False,,0,False,1,8,"日高猶掩水窗眠
枕簟清凉八月天
泊處或依沽酒店
宿時多伴釣魚船
退身江海應無用
憂國朝廷自有賢
且向錢塘湖上去
冷吟閑醉二三年","舟中晚起日高猶掩水窗眠
枕簟清凉八月天
泊處或依沽酒店
宿時多伴釣魚船
退身江海應無用
憂國朝廷自有賢
且向錢塘湖上去
冷吟閑醉二三年",67
1319,poem,1319,卷二十,,,雜律詩,秋寒,,,1319,revised_jsonl_direct,1320,822,revised_jsonl,笺；南州桓公九井作；赠吴丹,,0,False,,0,False,1,8,"雪鬢年顔老
霜庭景氣秋
病看妻撿藥
寒遣婢梳頭
身外名何有
人間事且休
澹然方寸内
唯擬學虛舟","秋寒雪鬢年顔老
霜庭景氣秋
病看妻撿藥
寒遣婢梳頭
身外名何有
人間事且休
澹然方寸内
唯擬學虛舟",49
1320,poem,1320,卷二十,,,雜律詩,初到郡齋寄錢湖州李蘇州,,,1320,revised_jsonl_direct,1321,822,revised_jsonl,谱；笺；嘉泰吴兴志；旧唐书；寄李苏州兼示杨琼；李谅授寿州刺史制；白氏文集；元和郡县志；长洲苑,,0,False,,0,False,1,12,"俱來滄海郡
半作白頭翁
謾道風煙接
何曾笑語同
吏稀秋税畢
客散晚庭空
霽後當樓月
潮來滿座風
霅溪殊冷僻
茂苑太繁雄
唯此錢塘郡
閑忙恰得中","初到郡齋寄錢湖州李蘇州俱來滄海郡
半作白頭翁
謾道風煙接
何曾笑語同
吏稀秋税畢
客散晚庭空
霽後當樓月
潮來滿座風
霅溪殊冷僻
茂苑太繁雄
唯此錢塘郡
閑忙恰得中",82
1321,poem,1321,卷二十,,,雜律詩,對酒自勉,,,1321,revised_jsonl_direct,1322,822,revised_jsonl,笺,,0,False,,0,False,1,12,"五十江城守
停杯一自思
頭仍未盡白
官亦不全卑
榮寵尋過分
歡娛已校遲
肺傷雖怕酒
心健尚誇詩
夜舞吳娘袖
春歌蠻子詞
猶堪三五歲
相伴醉花時","對酒自勉五十江城守
停杯一自思
頭仍未盡白
官亦不全卑
榮寵尋過分
歡娛已校遲
肺傷雖怕酒
心健尚誇詩
夜舞吳娘袖
春歌蠻子詞
猶堪三五歲
相伴醉花時",75
1322,poem,1322,卷二十,,,雜律詩,郡樓夜宴留客,,,1322,revised_jsonl_direct,1323,822,revised_jsonl,笺；题小桥前新竹招客；房家夜宴喜雪戏赠主人,,0,False,,0,False,1,8,"北客勞相訪
東樓爲一開
褰簾待月出
把火看潮來
艷聽竹枝曲
香傳蓮子杯
寒天殊未曉
歸騎且遲迴","郡樓夜宴留客北客勞相訪
東樓爲一開
褰簾待月出
把火看潮來
艷聽竹枝曲
香傳蓮子杯
寒天殊未曉
歸騎且遲迴",53
1323,poem,1323,卷二十,,,雜律詩,醉題候仙亭,,,1323,revised_jsonl_direct,1324,822,revised_jsonl,笺；冷泉亭记；白氏文集；咸淳临安志；白香山诗评,,0,False,,0,False,1,8,"蹇步垂朱綬
華纓映白鬚
何因駐衰老
只有且歡娛
酒興還應在
詩情可便無
登山與臨水
猶未要人扶","醉題候仙亭蹇步垂朱綬
華纓映白鬚
何因駐衰老
只有且歡娛
酒興還應在
詩情可便無
登山與臨水
猶未要人扶",52
1324,poem,1324,卷二十,,,雜律詩,東院,,,1324,revised_jsonl_direct,1325,822,revised_jsonl,笺；中阿含经；太平广记；郗鉴；记闻；维摩经；净名玄论；丘中有一士,,0,False,,0,False,1,8,"松下軒廊竹下房
暖簷晴日滿繩牀
淨名居士經三卷
榮啓先生琴一張
老去齒衰嫌橘醋
病來肺渴覺茶香
有時閑酌無人伴
獨自騰騰入醉鄉","東院松下軒廊竹下房
暖簷晴日滿繩牀
淨名居士經三卷
榮啓先生琴一張
老去齒衰嫌橘醋
病來肺渴覺茶香
有時閑酌無人伴
獨自騰騰入醉鄉",65
1325,poem,1325,卷二十,,,雜律詩,虛白堂,,,1325,revised_jsonl_direct,1326,822,revised_jsonl,笺；咸淳临安志,,0,False,,0,False,1,4,"虛白堂前衙退後
更無一事到中心
移牀就日簷間卧
卧詠閑詩側枕琴","虛白堂虛白堂前衙退後
更無一事到中心
移牀就日簷間卧
卧詠閑詩側枕琴",34
1326,poem,1326,卷二十,,,雜律詩,閑夜詠懷因招周協律劉薛二秀才,,,1326,revised_jsonl_direct,1327,822,revised_jsonl,笺；予以长庆二年冬十月到杭州明年秋九月始与范阳卢贾汝南周元范兰陵萧悦清河崔求东莱刘方舆同游恩德寺之泉洞竹石籍甚久矣及兹目击果惬心期因自嗟云到郡周岁方来入寺半日复去俯视朱绶仰睇白云有愧于心遂留绝句；和酬郑侍御东阳春闷放怀追越游见寄；太平广记；权同休；酉阳杂俎；白幽求；博异志；与诸客携酒寻去年梅花有感；醉赠张秘书；和薛秀才寻梅花同饮见赠；柘枝妓,,0,False,,0,False,1,8,"世名檢束爲朝士
心性疏慵是野夫
高置寒燈如客店
深藏夜火似僧爐
香濃酒熟能嘗否
冷澹詩成肯和無
若厭雅吟須俗飲
妓筵勉力爲君鋪","閑夜詠懷因招周協律劉薛二秀才世名檢束爲朝士
心性疏慵是野夫
高置寒燈如客店
深藏夜火似僧爐
香濃酒熟能嘗否
冷澹詩成肯和無
若厭雅吟須俗飲
妓筵勉力爲君鋪",77
1327,poem,1327,卷二十,,,雜律詩,晚興,,,1327,revised_jsonl_direct,1328,822,revised_jsonl,笺；旧五代史；刑法志,,0,False,,0,False,1,8,"極浦收殘雨
高城駐落暉
山明虹半出
松闇鶴雙歸
將吏隨衙散
文書入務稀
閑吟倚新竹
筠粉汙朱衣","晚興極浦收殘雨
高城駐落暉
山明虹半出
松闇鶴雙歸
將吏隨衙散
文書入務稀
閑吟倚新竹
筠粉汙朱衣",49
1328,poem,1328,卷二十,,,雜律詩,衰病,,,1328,revised_jsonl_direct,1329,822,revised_jsonl,笺；世说新语；文选；行药至城东桥；和王舍人送客未还闺中有望；近试上张籍水部；织锦曲；南史,,0,False,,0,False,1,8,"老與病相仍
華簪髮不勝
行多朝散藥
睡少夜停燈
祿食分供鶴
朝衣減施僧
性多移不得
郡政謾如繩","衰病老與病相仍
華簪髮不勝
行多朝散藥
睡少夜停燈
祿食分供鶴
朝衣減施僧
性多移不得
郡政謾如繩",49
1329,poem,1329,卷二十,,,雜律詩,病中對病鶴,,,1329,revised_jsonl_direct,1330,822,revised_jsonl,笺；寒夜怨；北史,,0,False,,0,False,1,8,"同病病夫憐病鶴
精神不損翅翎傷
未堪再舉摩霄漢
只合相隨覓稻粱
但作悲吟和嘹唳
難將俗貌對昂藏
唯應一事宜爲伴
我髮君毛俱似霜","病中對病鶴同病病夫憐病鶴
精神不損翅翎傷
未堪再舉摩霄漢
只合相隨覓稻粱
但作悲吟和嘹唳
難將俗貌對昂藏
唯應一事宜爲伴
我髮君毛俱似霜",68
1330,poem,1330,卷二十,,,雜律詩,夜歸,,,1330,revised_jsonl_direct,1331,822,revised_jsonl,笺；捣衣曲；河南府试十二月乐词；咸淳临安志；夜归；腊梅诗；钱塘湖春行,,0,False,,0,False,1,8,"半醉閑行湖岸東
馬鞭敲鐙轡瓏璁
萬株松樹青山上
十里沙隄明月中
樓角漸移當路影
潮頭欲過滿江風
歸來未放笙歌散
畫戟門開蠟燭紅","夜歸半醉閑行湖岸東
馬鞭敲鐙轡瓏璁
萬株松樹青山上
十里沙隄明月中
樓角漸移當路影
潮頭欲過滿江風
歸來未放笙歌散
畫戟門開蠟燭紅",65
1331,poem,1331,卷二十,,,雜律詩,臘後歲前遇景詠意,,,1331,revised_jsonl_direct,1332,822,revised_jsonl,笺；说文；太平御览；风俗通；晋宋旧事；魏名臣奏,说文；风俗通；魏名臣奏,3,True,,0,False,1,8,"海梅半白柳微黄
凍水初融日欲長
度臘都無苦霜霰
迎春先有好風光
郡中起晚聽衙鼓
城上行慵倚女牆
公事漸閑身且健
使君殊未厭餘杭","臘後歲前遇景詠意海梅半白柳微黄
凍水初融日欲長
度臘都無苦霜霰
迎春先有好風光
郡中起晚聽衙鼓
城上行慵倚女牆
公事漸閑身且健
使君殊未厭餘杭",71
1332,poem,1332,卷二十,,,雜律詩,白髮,,,1332,revised_jsonl_direct,1333,822,revised_jsonl,笺；南浦岁暮对酒送王十五归京,,0,False,,0,False,1,8,"雲髮隨梳落
霜毛繞鬢垂
加添老氣味
改變舊容儀
不肯長如漆
無過總作絲
最憎明鏡裏
黑白半頭時","白髮雲髮隨梳落
霜毛繞鬢垂
加添老氣味
改變舊容儀
不肯長如漆
無過總作絲
最憎明鏡裏
黑白半頭時",49
1333,poem,1333,卷二十,,,雜律詩,錢湖州以箬下酒李蘇州以五酘酒相次寄到無因同飲聊詠所懷,,,1333,revised_jsonl_direct,1334,822,revised_jsonl,笺；初到郡斋寄钱湖州李苏州；元和郡县志；太平寰宇记；舆地志；吴郡志；谢李苏州寄五酘酒；旧唐书；蔷薇正开春酒初熟因招刘十九张大崔二十四同饮；思竹窗,,0,False,,0,False,1,8,"勞將箬下忘憂物
寄與江城愛酒翁
鐺脚三州何處會
甕頭一盞幾時同
傾如竹葉盈樽綠
飲作桃花上面紅
莫怪殷勤醉相憶
曾陪西省與南宮","錢湖州以箬下酒李蘇州以五酘酒相次寄到無因同飲聊詠所懷勞將箬下忘憂物
寄與江城愛酒翁
鐺脚三州何處會
甕頭一盞幾時同
傾如竹葉盈樽綠
飲作桃花上面紅
莫怪殷勤醉相憶
曾陪西省與南宮",89
1334,poem,1334,卷二十,,,雜律詩,花樓望雪命宴賦詩,,,1334,revised_jsonl_direct,1335,822,revised_jsonl,笺；杨花落；敦煌变文集；虚白堂；宿樟亭驿；为萧扬州荐士表；文选,,0,False,,0,False,1,16,"連天際海白皚皚
好上高樓望一迴
何處更能分道路
此時兼不認池臺
萬重雲樹山頭翠
百尺花樓江畔開
素壁聯題分韻句
紅爐巡飲暖寒杯
冰鋪湖水銀爲面
風卷汀沙玉作堆
絆惹舞人春艷曳
勾留醉客夜徘徊
偷將虛白堂前鶴
失却樟亭驛後梅
别有故情偏憶得
曾經窮苦照書來","花樓望雪命宴賦詩連天際海白皚皚
好上高樓望一迴
何處更能分道路
此時兼不認池臺
萬重雲樹山頭翠
百尺花樓江畔開
素壁聯題分韻句
紅爐巡飲暖寒杯
冰鋪湖水銀爲面
風卷汀沙玉作堆
絆惹舞人春艷曳
勾留醉客夜徘徊
偷將虛白堂前鶴
失却樟亭驛後梅
别有故情偏憶得
曾經窮苦照書來",135
1335,poem,1335,卷二十,,,雜律詩,晚歲,,,1335,revised_jsonl_direct,1336,822,revised_jsonl,笺；汉书；杂阿含经,汉书,1,True,,0,False,1,16,"壯歲忽已去
浮榮何足論
身爲百口長
官是一州尊
不覺白雙鬢
徒言朱兩轓
病難施郡政
老未答君恩
歲暮别兄弟
年衰無子孫
惹愁諳世網
治苦賴空門
擥帶知腰瘦
看燈覺眼昏
不緣衣食繫
尋合返丘園","晚歲壯歲忽已去
浮榮何足論
身爲百口長
官是一州尊
不覺白雙鬢
徒言朱兩轓
病難施郡政
老未答君恩
歲暮别兄弟
年衰無子孫
惹愁諳世網
治苦賴空門
擥帶知腰瘦
看燈覺眼昏
不緣衣食繫
尋合返丘園",97
1336,poem,1336,卷二十,,,雜律詩,宿竹閣,,,1336,revised_jsonl_direct,1337,822,revised_jsonl,笺；云笈七签；中山玉柜服气经,,0,False,,0,False,1,8,"晚坐松簷下
宵眠竹閣間
清虛當服藥
幽獨抵歸山
巧未能勝拙
忙應不及閑
無勞别修道
即此是玄關","宿竹閣晚坐松簷下
宵眠竹閣間
清虛當服藥
幽獨抵歸山
巧未能勝拙
忙應不及閑
無勞别修道
即此是玄關",50
1337,poem,1337,卷二十,,,雜律詩,歲暮枉衢州張使君書并詩因以長句報之,,,1337,revised_jsonl_direct,1338,822,revised_jsonl,笺；张聿可衢州刺史制；白氏文集；张聿都水使者制；重修承旨学士壁记；方舆胜览；演繁露；白乐天集；谢衢州张使君；马上作；郡斋暇日辱常州陈郎中使君早春晚坐水西馆书事诗十六韵见寄亦以十六韵酬之；登科记考,,0,False,,0,False,1,9,"兩州彼此意何如
官職蹉跎歲欲除
浮石潭邊停五馬
望濤樓上得雙魚
萬言舊手才難敵
五字新題思有餘
貧薄詩家無好物
反投桃李報瓊琚
張曾應萬言登科","歲暮枉衢州張使君書并詩因以長句報之兩州彼此意何如
官職蹉跎歲欲除
浮石潭邊停五馬
望濤樓上得雙魚
萬言舊手才難敵
五字新題思有餘
貧薄詩家無好物
反投桃李報瓊琚
張曾應萬言登科",88
1338,poem,1338,卷二十,,,雜律詩,和薛秀才尋梅花同飲見贈,,,1338,revised_jsonl_direct,1339,822,revised_jsonl,笺；闲夜咏怀因招周协律刘薛二秀才,,0,False,,0,False,1,8,"忽驚林下發寒梅
便試花前飲冷杯
白馬走迎詩客去
紅筵鋪待舞人來
歌聲怨處微微落
酒氣熏時旋旋開
若到歲寒無雨雪
猶應醉得兩三迴","和薛秀才尋梅花同飲見贈忽驚林下發寒梅
便試花前飲冷杯
白馬走迎詩客去
紅筵鋪待舞人來
歌聲怨處微微落
酒氣熏時旋旋開
若到歲寒無雨雪
猶應醉得兩三迴",74
1339,poem,1339,卷二十,,,雜律詩,與諸客空腹飲,,,1339,revised_jsonl_direct,1340,822,revised_jsonl,笺；蔷薇正开春酒初熟因招刘十九张大崔二十四同饮；代书诗一百韵寄微之；答姨兄胡灵之见寄五十韵,,0,False,,0,False,1,12,"隔宿書招客
平明飲暖寒
麴神寅日合
酒聖卯時歡
促膝纔飛白
酡顔已渥丹
碧籌攢米椀
紅袖拂骰盤
醉後歌尤異
狂來舞可難
抛杯語同坐
莫作老人看","與諸客空腹飲隔宿書招客
平明飲暖寒
麴神寅日合
酒聖卯時歡
促膝纔飛白
酡顔已渥丹
碧籌攢米椀
紅袖拂骰盤
醉後歌尤異
狂來舞可難
抛杯語同坐
莫作老人看",77
1340,poem,1340,卷二十,,,雜律詩,小歲日對酒吟錢湖州所寄詩,,,1340,revised_jsonl_direct,1341,823,revised_jsonl,笺；太平御览；四民月令；初到郡斋寄钱湖州李苏州,四民月令,1,True,,0,False,1,8,"獨酌無多興
閑吟有所思
一杯新歲酒
兩句故人詩
楊柳初黄日
髭鬚半白時
蹉跎春氣味
彼此老心知","小歲日對酒吟錢湖州所寄詩獨酌無多興
閑吟有所思
一杯新歲酒
兩句故人詩
楊柳初黄日
髭鬚半白時
蹉跎春氣味
彼此老心知",59
1341,poem,1341,卷二十,,,雜律詩,錢塘湖春行,,,1341,revised_jsonl_direct,1342,823,revised_jsonl,谱；笺；永福寺石壁法华经记；咸淳临安志；唐语林；新书；钱塘湖石函记；别杭民；旧志；西河文集；杭州春望；钱塘湖春行,,0,False,,0,False,1,8,"孤山寺北賈亭西
水面初平雲脚低
幾處早鶯爭暖樹
誰家新燕啄春泥
亂花漸欲迷人眼
淺草纔能没馬蹄
最愛湖東行不足
綠楊陰裏白沙隄","錢塘湖春行孤山寺北賈亭西
水面初平雲脚低
幾處早鶯爭暖樹
誰家新燕啄春泥
亂花漸欲迷人眼
淺草纔能没馬蹄
最愛湖東行不足
綠楊陰裏白沙隄",68
1342,poem,1342,卷二十,,,雜律詩,題靈隱寺紅辛夷花戲酬光上人,,,1342,revised_jsonl_direct,1343,823,revised_jsonl,笺；咸淳临安志,,0,False,,0,False,1,4,"紫粉筆含尖火焰
紅燕脂染小蓮花
芳情香思知多少
惱得山僧悔出家","題靈隱寺紅辛夷花戲酬光上人紫粉筆含尖火焰
紅燕脂染小蓮花
芳情香思知多少
惱得山僧悔出家",44
1343,poem,1343,卷二十,,,雜律詩,重向火,,,1343,revised_jsonl_direct,1344,823,revised_jsonl,笺,,0,False,,0,False,1,8,"火銷灰復死
疏棄已經旬
豈是人情薄
其如天氣春
風寒忽再起
手冷重相親
却就紅爐坐
心如逢故人","重向火火銷灰復死
疏棄已經旬
豈是人情薄
其如天氣春
風寒忽再起
手冷重相親
却就紅爐坐
心如逢故人",50
1344,poem,1344,卷二十,,,雜律詩,候仙亭同諸客醉坐,,,1344,revised_jsonl_direct,1345,823,revised_jsonl,笺；醉题候仙亭；世说新语；文章志；叙德书情四十韵上宣歙崔中丞,,0,False,,0,False,1,4,"謝安山下空攜妓
柳惲洲邊只賦詩
爭及湖亭今日會
嘲花詠水贈蛾眉","候仙亭同諸客醉坐謝安山下空攜妓
柳惲洲邊只賦詩
爭及湖亭今日會
嘲花詠水贈蛾眉",39
1345,poem,1345,卷二十,,,雜律詩,城上,,,1345,revised_jsonl_direct,1346,823,revised_jsonl,笺,,0,False,,0,False,1,4,"城上鼕鼕鼓
朝衙復晚衙
爲君慵不出
落盡遶城花","城上城上鼕鼕鼓
朝衙復晚衙
爲君慵不出
落盡遶城花",25
1346,poem,1346,卷二十,,,雜律詩,早行林下,,,1346,revised_jsonl_direct,1347,823,revised_jsonl,笺,,0,False,,0,False,1,8,"披衣未冠櫛
晨起入前林
宿露殘花氣
朝光新葉陰
傍松人迹少
隔竹鳥聲深
閑倚小橋立
傾頭時一吟","早行林下披衣未冠櫛
晨起入前林
宿露殘花氣
朝光新葉陰
傍松人迹少
隔竹鳥聲深
閑倚小橋立
傾頭時一吟",51
1347,poem,1347,卷二十,,,雜律詩,送李校書趁寒食歸義興山居,,,1347,revised_jsonl_direct,1348,823,revised_jsonl,笺；旧唐书,,0,False,,0,False,1,4,"大見騰騰詩酒客
不憂生計似君稀
到舍將何作寒食
滿船唯載樹栽歸","送李校書趁寒食歸義興山居大見騰騰詩酒客
不憂生計似君稀
到舍將何作寒食
滿船唯載樹栽歸",43
1348,poem,1348,卷二十,,,雜律詩,題孤山寺山石榴花示諸僧衆,,,1348,revised_jsonl_direct,1349,823,revised_jsonl,笺；钱塘湖春行；山石榴寄元九；咸淳临安志；楞严经；华严经；中阿含经；杂阿含经,,0,False,,0,False,1,6,"山榴花似結紅巾
容艷新妍占斷春
色相故關行道地
香塵擬觸坐禪人
瞿曇弟子君知否
恐是天魔女化身","題孤山寺山石榴花示諸僧衆山榴花似結紅巾
容艷新妍占斷春
色相故關行道地
香塵擬觸坐禪人
瞿曇弟子君知否
恐是天魔女化身",59
1349,poem,1349,卷二十,,,雜律詩,獨行,,,1349,revised_jsonl_direct,1350,823,revised_jsonl,笺；见于给事暇日上直寄南省诸郎官诗因以戏赠,,0,False,,0,False,1,4,"闇誦黄庭經在口
閑攜青竹杖隨身
晚花新笋堪爲伴
獨入林行不要人","獨行闇誦黄庭經在口
閑攜青竹杖隨身
晚花新笋堪爲伴
獨入林行不要人",33
1350,poem,1350,卷二十,,,雜律詩,二月五日花下作,,,1350,revised_jsonl_direct,1351,823,revised_jsonl,谱；笺；题旧写真图；孔戡；相和歌辞,,0,False,,0,False,1,8,"二月五日花如雪
五十二人頭似霜
聞有酒時須笑樂
不關身事莫思量
羲和趁日沉西海
鬼伯驅人葬北邙
只有且來花下醉
從人笑道老顛狂","二月五日花下作二月五日花如雪
五十二人頭似霜
聞有酒時須笑樂
不關身事莫思量
羲和趁日沉西海
鬼伯驅人葬北邙
只有且來花下醉
從人笑道老顛狂",70
1351,poem,1351,卷二十,,,雜律詩,戲題木蘭花,,,1351,revised_jsonl_direct,1352,823,revised_jsonl,笺；乐府诗集；木兰诗二首；古今乐录；宋本杜工部集；兵车行；木兰诗,,0,False,,0,False,1,4,"紫房日照燕脂坼
素艷風吹膩粉開
怪得獨饒脂粉態
木蘭曾作女郎來","戲題木蘭花紫房日照燕脂坼
素艷風吹膩粉開
怪得獨饒脂粉態
木蘭曾作女郎來",36
1352,poem,1352,卷二十,,,雜律詩,清明日觀妓舞聽客詩,,,1352,revised_jsonl_direct,1353,823,revised_jsonl,笺,,0,False,,0,False,1,8,"看舞顔如玉
聽詩韻似金
綺羅從許笑
絃管不妨吟
可惜春風老
無嫌酒盞深
辭花送寒食
併在此時心","清明日觀妓舞聽客詩看舞顔如玉
聽詩韻似金
綺羅從許笑
絃管不妨吟
可惜春風老
無嫌酒盞深
辭花送寒食
併在此時心",56
1353,poem,1353,卷二十,,,雜律詩,西湖晚歸迴望孤山寺贈諸客,,,1353,revised_jsonl_direct,1354,823,revised_jsonl,笺；旅次景空寺宿幽上人院；江楼偶宴赠同座；太平御览；广志,广志,1,True,,0,False,1,8,"柳湖松島蓮花寺
晚動歸橈出道場
盧橘子低山雨重
栟櫚葉戰水風凉
煙波澹蕩摇空碧
樓殿參差倚夕陽
到岸請君迴首望
蓬萊宫在海中央","西湖晚歸迴望孤山寺贈諸客柳湖松島蓮花寺
晚動歸橈出道場
盧橘子低山雨重
栟櫚葉戰水風凉
煙波澹蕩摇空碧
樓殿參差倚夕陽
到岸請君迴首望
蓬萊宫在海中央",75
1354,poem,1354,卷二十,,,雜律詩,湖中自照,,,1354,revised_jsonl_direct,1355,823,revised_jsonl,笺；山石榴寄元九,,0,False,,0,False,1,4,"重重照影看容鬢
不見朱顔見白絲
失却少年無覓處
泥他湖水欲何爲","湖中自照重重照影看容鬢
不見朱顔見白絲
失却少年無覓處
泥他湖水欲何爲",35
1355,poem,1355,卷二十,,,雜律詩,贈蘇煉師,,,1355,revised_jsonl_direct,1356,823,revised_jsonl,笺,,0,False,,0,False,1,8,"兩鬢蒼然心浩然
松窗深處藥爐前
攜將道士通宵語
忘却花時盡日眠
明鏡懶開長在匣
素琴欲弄半無絃
猶嫌莊子多詞句
只讀逍遥六七篇","贈蘇煉師兩鬢蒼然心浩然
松窗深處藥爐前
攜將道士通宵語
忘却花時盡日眠
明鏡懶開長在匣
素琴欲弄半無絃
猶嫌莊子多詞句
只讀逍遥六七篇",67
1356,poem,1356,卷二十,,,雜律詩,杭州春望,,,1356,revised_jsonl_direct,1357,823,revised_jsonl,笺；咸淳临安志；太平寰宇记；史记；胥山铭；钱塘苏小小歌；乐府诗集；乐府广题；梦粱录；钱塘湖春行,史记,1,True,,0,False,1,14,"望海樓明照曙霞
城東樓名望海樓
護江隄白蹋晴沙
濤聲夜入伍員廟
柳色春藏蘇小家
紅袖織綾誇柿蔕
杭州出柿蔕花者尤佳也
青旗沽酒趁梨花
其俗釀酒趁梨花時熟
號爲梨花春
誰開湖寺西南路
草綠裙腰一道斜
孤山寺路在湖洲中
草綠時望如裙腰","杭州春望望海樓明照曙霞
城東樓名望海樓
護江隄白蹋晴沙
濤聲夜入伍員廟
柳色春藏蘇小家
紅袖織綾誇柿蔕
杭州出柿蔕花者尤佳也
青旗沽酒趁梨花
其俗釀酒趁梨花時熟
號爲梨花春
誰開湖寺西南路
草綠裙腰一道斜
孤山寺路在湖洲中
草綠時望如裙腰",119
1357,poem,1357,卷二十,,,雜律詩,飲散夜歸贈諸客,,,1357,revised_jsonl_direct,1358,823,revised_jsonl,笺；伤宅,,0,False,,0,False,1,8,"鞍馬夜紛紛
香街起闇塵
迴鞭招飲妓
分火送歸人
風月應堪惜
杯觴莫厭頻
明朝三月盡
忍不送殘春","飲散夜歸贈諸客鞍馬夜紛紛
香街起闇塵
迴鞭招飲妓
分火送歸人
風月應堪惜
杯觴莫厭頻
明朝三月盡
忍不送殘春",54
1358,poem,1358,卷二十,,,雜律詩,湖亭晚歸,,,1358,revised_jsonl_direct,1359,823,revised_jsonl,笺,,0,False,,0,False,1,8,"盡日湖亭卧
心閑事亦稀
起因殘醉醒
坐待晚凉歸
松雨飄藤帽
江風透葛衣
柳隄行不厭
沙軟絮霏霏","湖亭晚歸盡日湖亭卧
心閑事亦稀
起因殘醉醒
坐待晚凉歸
松雨飄藤帽
江風透葛衣
柳隄行不厭
沙軟絮霏霏",51
1359,poem,1359,卷二十,,,雜律詩,東樓南望八韻,,,1359,revised_jsonl_direct,1360,823,revised_jsonl,笺；杭州春望；咸淳临安志；西京赋；文选,西京赋,1,True,,0,False,1,16,"不厭東南望
江樓對海門
風濤生有信
天水合無痕
鷁帶雲帆動
鷗和雪浪翻
魚鹽聚爲市
煙火起成村
日脚金波碎
峰頭鈿點繁
送秋千里雁
報暝一聲猿
已豁煩襟悶
仍開病眼昏
郡中登眺處
無勝此東軒","東樓南望八韻不厭東南望
江樓對海門
風濤生有信
天水合無痕
鷁帶雲帆動
鷗和雪浪翻
魚鹽聚爲市
煙火起成村
日脚金波碎
峰頭鈿點繁
送秋千里雁
報暝一聲猿
已豁煩襟悶
仍開病眼昏
郡中登眺處
無勝此東軒",101
1360,poem,1360,卷二十,,,雜律詩,醉中酬殷協律,,,1360,revised_jsonl_direct,1361,823,revised_jsonl,笺；赠别杨颖士卢克柔殷尧藩,,0,False,,0,False,1,8,"泗水城邊一分散
浙江樓上重遊陪
揮鞭二十年前别
命駕三千里外來
醉袖放狂相向舞
愁眉和笑一時開
留君夜住非無分
且盡青娥紅燭臺","醉中酬殷協律泗水城邊一分散
浙江樓上重遊陪
揮鞭二十年前别
命駕三千里外來
醉袖放狂相向舞
愁眉和笑一時開
留君夜住非無分
且盡青娥紅燭臺",69
1361,poem,1361,卷二十,,,雜律詩,孤山寺遇雨,,,1361,revised_jsonl_direct,1362,823,revised_jsonl,笺；钱塘湖春行,,0,False,,0,False,1,8,"拂波雲色重
灑葉雨聲繁
水鷺雙飛起
風荷一向翻
空濛連北岸
蕭颯入東軒
或擬湖中宿
留船在寺門","孤山寺遇雨拂波雲色重
灑葉雨聲繁
水鷺雙飛起
風荷一向翻
空濛連北岸
蕭颯入東軒
或擬湖中宿
留船在寺門",52
1362,poem,1362,卷二十,,,雜律詩,樟亭雙櫻樹,,,1362,revised_jsonl_direct,1363,823,revised_jsonl,笺；宿樟亭驿,,0,False,,0,False,1,4,"南館西軒兩樹櫻
春條長足夏陰成
素華朱實今雖盡
碧葉風來别有情","樟亭雙櫻樹南館西軒兩樹櫻
春條長足夏陰成
素華朱實今雖盡
碧葉風來别有情",36
1363,poem,1363,卷二十,,,雜律詩,湖上夜飲,,,1363,revised_jsonl_direct,1364,823,revised_jsonl,笺,,0,False,,0,False,1,4,"郭外迎人月
湖邊醒酒風
誰留使君飲
紅燭在舟中","湖上夜飲郭外迎人月
湖邊醒酒風
誰留使君飲
紅燭在舟中",27
1364,poem,1364,卷二十,,,雜律詩,贈沙鷗,,,1364,revised_jsonl_direct,1365,823,revised_jsonl,笺；庄子；列子；周礼,庄子；列子；周礼,3,True,,0,False,1,8,"老逼教垂白
官科遣著緋
形骸雖有累
方寸却無機
遇酒多先醉
逢山愛晚歸
沙鷗不知我
猶避隼旟飛","贈沙鷗老逼教垂白
官科遣著緋
形骸雖有累
方寸却無機
遇酒多先醉
逢山愛晚歸
沙鷗不知我
猶避隼旟飛",50
1365,poem,1365,卷二十,,,雜律詩,餘杭形勝,,,1365,revised_jsonl_direct,1366,823,revised_jsonl,谱；笺；旧唐书；咸淳临安志；舆地志；记；灵隐寺；杭州春望,记,1,True,,0,False,1,13,"餘杭形勝四方無
州傍青山縣枕湖
遶郭荷花三十里
拂城松樹一千株
夢兒亭古傳名謝
教妓樓新道姓蘇
州西靈隱山上有夢謝亭
即是杜明浦夢謝靈運之所
因名客兒也
蘇小小
本錢塘妓人也
獨有使君年太老
風光不稱白髭鬚","餘杭形勝餘杭形勝四方無
州傍青山縣枕湖
遶郭荷花三十里
拂城松樹一千株
夢兒亭古傳名謝
教妓樓新道姓蘇
州西靈隱山上有夢謝亭
即是杜明浦夢謝靈運之所
因名客兒也
蘇小小
本錢塘妓人也
獨有使君年太老
風光不稱白髭鬚",107
1366,poem,1366,卷二十,,,雜律詩,江樓夕望招客,,,1366,revised_jsonl_direct,1367,823,revised_jsonl,笺,,0,False,,0,False,1,8,"海天東望夕茫茫
山勢川形闊復長
燈火萬家城四畔
星河一道水中央
風吹古木晴天雨
月照平沙夏夜霜
能就江樓銷暑否
比君茅舍校清凉","江樓夕望招客海天東望夕茫茫
山勢川形闊復長
燈火萬家城四畔
星河一道水中央
風吹古木晴天雨
月照平沙夏夜霜
能就江樓銷暑否
比君茅舍校清凉",69
1367,poem,1367,卷二十,,,雜律詩,新秋病起,,,1367,revised_jsonl_direct,1368,823,revised_jsonl,笺；淮南子；七发,淮南子,1,True,,0,False,1,12,"一葉落梧桐
年光半又空
秋多上階日
凉足入懷風
病瘦形如鶴
愁燋鬢似蓬
損心詩思裏
伐性酒狂中
華蓋何曾惜
金丹不致功
猶須自慚愧
得作白頭翁","新秋病起一葉落梧桐
年光半又空
秋多上階日
凉足入懷風
病瘦形如鶴
愁燋鬢似蓬
損心詩思裏
伐性酒狂中
華蓋何曾惜
金丹不致功
猶須自慚愧
得作白頭翁",75
1368,poem,1368,卷二十,,,雜律詩,木芙蓉花下招客飲,,,1368,revised_jsonl_direct,1369,823,revised_jsonl,笺；平泉山居草木记；咸淳临安志；和陈述古中和堂木芙蓉；广东新语；楚辞,楚辞,1,True,,0,False,1,4,"晚凉思飲兩三杯
召得江頭酒客來
莫怕秋無伴醉物
水蓮花盡木蓮開","木芙蓉花下招客飲晚凉思飲兩三杯
召得江頭酒客來
莫怕秋無伴醉物
水蓮花盡木蓮開",39
1369,poem,1369,卷二十,,,雜律詩,悲歌,,,1369,revised_jsonl_direct,1370,823,revised_jsonl,笺,,0,False,,0,False,1,8,"白頭新洗鏡新磨
老逼身來不奈何
耳裏頻聞故人死
眼前唯覺少年多
塞鴻遇暖猶迴翅
江水因潮亦反波
獨有衰顔留不得
醉來無計但悲歌","悲歌白頭新洗鏡新磨
老逼身來不奈何
耳裏頻聞故人死
眼前唯覺少年多
塞鴻遇暖猶迴翅
江水因潮亦反波
獨有衰顔留不得
醉來無計但悲歌",65
1370,poem,1370,卷二十,,,雜律詩,江樓晚眺景物鮮奇吟玩成篇寄水部張員外,,,1370,revised_jsonl_direct,1371,823,revised_jsonl,笺；喜张十八博士除水部员外郎；咸淳临安志；敦煌变文字义通释,,0,False,,0,False,1,8,"澹煙疏雨間斜陽
江色鮮明海氣凉
蜃散雲收破樓閣
虹殘水照斷橋梁
風翻白浪花千片
雁點青天字一行
好著丹青圖寫取
題詩寄與水曹郎","江樓晚眺景物鮮奇吟玩成篇寄水部張員外澹煙疏雨間斜陽
江色鮮明海氣凉
蜃散雲收破樓閣
虹殘水照斷橋梁
風翻白浪花千片
雁點青天字一行
好著丹青圖寫取
題詩寄與水曹郎",81
1371,poem,1371,卷二十,,,雜律詩,夜招周協律兼答所贈,,,1371,revised_jsonl_direct,1372,823,revised_jsonl,笺；闲夜咏怀因招周协律刘薛二秀才,,0,False,,0,False,1,8,"滿眼雖多客
開眉復向誰
少年非我伴
秋夜與君期
落魄俱耽酒
殷勤共愛詩
相憐别有意
彼此老無兒","夜招周協律兼答所贈滿眼雖多客
開眉復向誰
少年非我伴
秋夜與君期
落魄俱耽酒
殷勤共愛詩
相憐别有意
彼此老無兒",56
1372,poem,1372,卷二十,,,雜律詩,重酬周判官,,,1372,revised_jsonl_direct,1373,823,revised_jsonl,笺,,0,False,,0,False,1,4,"秋愛冷吟春愛醉
詩家眷屬酒家仙
若教早被浮名繫
可得閑遊三十年","重酬周判官秋愛冷吟春愛醉
詩家眷屬酒家仙
若教早被浮名繫
可得閑遊三十年",36
1373,poem,1373,卷二十,,,雜律詩,飲後夜醒,,,1373,revised_jsonl_direct,1374,823,revised_jsonl,笺,,0,False,,0,False,1,8,"黄昏飲散歸來卧
夜半人扶强起行
枕上酒容和睡醒
樓前海月伴潮生
將歸梁燕還重宿
欲滅窗燈復却明
直至晓來猶妄想
耳中如有管絃聲","飲後夜醒黄昏飲散歸來卧
夜半人扶强起行
枕上酒容和睡醒
樓前海月伴潮生
將歸梁燕還重宿
欲滅窗燈復却明
直至晓來猶妄想
耳中如有管絃聲",67
1374,poem,1374,卷二十,,,雜律詩,代賣薪女贈諸妓,,,1374,revised_jsonl_direct,1375,823,revised_jsonl,笺；白牡丹；尧山堂外记,,0,False,,0,False,1,4,"亂蓬爲鬢布爲巾
曉踏寒山自負薪
一種錢塘江畔女
著紅騎馬是何人","代賣薪女贈諸妓亂蓬爲鬢布爲巾
曉踏寒山自負薪
一種錢塘江畔女
著紅騎馬是何人",38
1375,poem,1375,卷二十,,,雜律詩,奉和李大夫題新詩二首各六韻因嚴亭,,,1375,revised_jsonl_direct,1376,823,revised_jsonl,笺；旧唐书；咸淳临安志；拟魏太子邺中集；高士传；题杨颖士西亭；晋书；蓝田山庄；院中晚晴怀西郭茅舍；真娘墓,晋书,1,True,,0,False,1,12,"箕潁人窮獨
蓬壺路阻難
何如兼吏隱
復得事躋攀
巖樹羅階下
江雲貯棟間
似移天目石
疑入武丘山
清景徒堪賞
皇恩肯放閑
遥知興未足
即被詔徵還","奉和李大夫題新詩二首各六韻因嚴亭箕潁人窮獨
蓬壺路阻難
何如兼吏隱
復得事躋攀
巖樹羅階下
江雲貯棟間
似移天目石
疑入武丘山
清景徒堪賞
皇恩肯放閑
遥知興未足
即被詔徵還",87
1376,poem,1376,卷二十,,,雜律詩,奉和李大夫題新詩二首各六韻忘筌亭,,,1376,revised_jsonl_direct,1377,,revised_jsonl,咸淳临安志；庄子；后汉书,庄子；后汉书,2,True,,0,False,1,12,"翠巘公門對
朱軒野逕連
只開新户牖
不改舊風煙
空室閑生白
高情澹入玄
酒容同座勸
詩借屬城傳
自笑滄江畔
遥思絳帳前
庭臺隨事有
爭敢比忘筌","奉和李大夫題新詩二首各六韻忘筌亭翠巘公門對
朱軒野逕連
只開新户牖
不改舊風煙
空室閑生白
高情澹入玄
酒容同座勸
詩借屬城傳
自笑滄江畔
遥思絳帳前
庭臺隨事有
爭敢比忘筌",87
1377,poem,1377,卷二十,,,雜律詩,予以長慶二年冬十月到杭州明年秋九月始與范陽盧賈汝南周元範蘭陵蕭悦清河崔求東萊劉方輿同遊恩德寺之泉洞竹石籍甚久矣及兹目擊果愜心期因自嗟云到郡周歲方來入寺半日復去俯視朱綬仰睇白雲有愧於心遂留絶句,,,1377,revised_jsonl_direct,1378,823,revised_jsonl,笺；座上赠卢判官；闲夜咏怀因招周协律刘薛二秀才；画竹歌；旧唐书；咸淳临安志；韵语阳秋；游恩德寺诗；自叹；戊申咏怀；袁郎中喜章服,,0,False,,0,False,1,4,"雲水埋藏恩德洞
簪裾束縛使君身
暫來不宿歸州去
應被山呼作俗人","予以長慶二年冬十月到杭州明年秋九月始與范陽盧賈汝南周元範蘭陵蕭悦清河崔求東萊劉方輿同遊恩德寺之泉洞竹石籍甚久矣及兹目擊果愜心期因自嗟云到郡周歲方來入寺半日復去俯視朱綬仰睇白雲有愧於心遂留絶句雲水埋藏恩德洞
簪裾束縛使君身
暫來不宿歸州去
應被山呼作俗人",126
1378,poem,1378,卷二十,,,雜律詩,早冬,,,1378,revised_jsonl_direct,1379,823,revised_jsonl,谱；笺；马上作,,0,False,,0,False,1,8,"十月江南天氣好
可憐冬景似春華
霜輕未殺萋萋草
日暖初乾漠漠沙
老柘葉黄如嫩樹
寒櫻枝白是狂花
此時却羨閑人醉
五馬無由入酒家","早冬十月江南天氣好
可憐冬景似春華
霜輕未殺萋萋草
日暖初乾漠漠沙
老柘葉黄如嫩樹
寒櫻枝白是狂花
此時却羨閑人醉
五馬無由入酒家",65
1379,poem,1379,卷二十,,,雜律詩,歲假内命酒贈周判官蕭協律,,,1379,revised_jsonl_direct,1380,823,revised_jsonl,笺；唐会要；入唐求法巡礼行记；闲夜咏怀因招周协律刘薛二秀才；画竹歌；诗词曲语辞汇释；敦煌变文集；角座文汇抄；宴戎州杨使君东楼；酬复言长庆四年元日郡斋感怀见寄；元日乐天见过因举酒为贺；容斋随笔；岁旦饮酒；时镜新书；初学记；四民月令；岁假内命酒,四民月令,1,True,,0,False,1,8,"共知欲老流年急
且喜新正假日頻
聞健此時相勸醉
偷閑何處共尋春
脚隨周叟行猶疾
頭比蕭翁白未匀
歲酒先拈辭不得
被君推作少年人","歲假内命酒贈周判官蕭協律共知欲老流年急
且喜新正假日頻
聞健此時相勸醉
偷閑何處共尋春
脚隨周叟行猶疾
頭比蕭翁白未匀
歲酒先拈辭不得
被君推作少年人",75
1380,poem,1380,卷二十,,,雜律詩,與諸客攜酒尋去年梅花有感,,,1380,revised_jsonl_direct,1381,824,revised_jsonl,笺；唐摭言；十离诗；赠献纳使起居田舍人澄；闲夜咏怀因招周协律刘薛二秀才,,0,False,,0,False,1,10,"馬上同攜今日杯
湖邊共覓去春梅
年年只是人空老
處處何曾花不開
詩思又牽吟詠發
酒酣閑喚管絃來
樽前百事皆依舊
點檢唯無薛秀才
去年與薛景文同賞
今年長逝","與諸客攜酒尋去年梅花有感馬上同攜今日杯
湖邊共覓去春梅
年年只是人空老
處處何曾花不開
詩思又牽吟詠發
酒酣閑喚管絃來
樽前百事皆依舊
點檢唯無薛秀才
去年與薛景文同賞
今年長逝",89
1381,poem,1381,卷二十,,,雜律詩,醉送李協律赴湖南辟命因寄沈八中丞,,,1381,revised_jsonl_direct,1382,824,revised_jsonl,笺；与沈杨二舍人阁老同食敕赐樱桃玩物感恩因成十四韵；旧唐书；咸淳临安志；宿樟亭驿；紫薇花；东南行一百韵寄通州元九侍御澧州李十一舍人果州崔二十二使君开州韦大员外庾三十二补阙杜十四拾遗李二十助教员外窦七校书；三国志,,0,False,,0,False,1,8,"富陽山底樟亭畔
立馬停舟飛酒盂
曾共中丞情繾綣
暫留協律語踟躕
紫微星北承恩去
青草湖南稱意無
不羨君官羨君幕
幕中收得阮元瑜","醉送李協律赴湖南辟命因寄沈八中丞富陽山底樟亭畔
立馬停舟飛酒盂
曾共中丞情繾綣
暫留協律語踟躕
紫微星北承恩去
青草湖南稱意無
不羨君官羨君幕
幕中收得阮元瑜",79
1382,poem,1382,卷二十,,,雜律詩,内道場永讙上人就郡見訪善説維摩經臨别請詩因以此贈,,,1382,revised_jsonl_direct,1383,824,revised_jsonl,笺；旧唐书；维摩经义疏；思惟三昧经；楞严经；郡斋暇日忆庐山草堂兼寄二林僧社三十韵多叙贬官已来出处之意；五灯会元；虚白堂；别译杂阿含经,,0,False,,0,False,1,8,"五夏登壇内殿師
水爲心地玉爲儀
正傳金粟如來偈
何用錢塘太守詩
苦海出來應有路
靈山别後可無期
他生莫忘今朝會
虛白亭中法樂時","内道場永讙上人就郡見訪善説維摩經臨别請詩因以此贈五夏登壇内殿師
水爲心地玉爲儀
正傳金粟如來偈
何用錢塘太守詩
苦海出來應有路
靈山别後可無期
他生莫忘今朝會
虛白亭中法樂時",87
1383,poem,1383,卷二十,,,雜律詩,見李蘇州示男阿武詩自感成詠,,,1383,revised_jsonl_direct,1384,824,revised_jsonl,笺；寄李苏州兼示杨琼；太平御览；三辅要录,,0,False,,0,False,1,4,"遥羨青雲裏
祥鸞正引雛
自憐滄海畔
老蚌不生珠","見李蘇州示男阿武詩自感成詠遥羨青雲裏
祥鸞正引雛
自憐滄海畔
老蚌不生珠",36
1384,poem,1384,卷二十,,,雜律詩,正月十五日夜月,,,1384,revised_jsonl_direct,1385,824,revised_jsonl,笺,,0,False,,0,False,1,8,"歲熟人心樂
朝遊復夜遊
春風來海上
明月在江頭
燈火家家市
笙歌處處樓
無妨思帝里
不合厭杭州","正月十五日夜月歲熟人心樂
朝遊復夜遊
春風來海上
明月在江頭
燈火家家市
笙歌處處樓
無妨思帝里
不合厭杭州",54
1385,poem,1385,卷二十,,,雜律詩,題州北路傍老柳樹,,,1385,revised_jsonl_direct,1386,824,revised_jsonl,笺；续古诗十首,,0,False,,0,False,1,8,"皮枯緣受風霜久
條短爲經攀折頻
但見半衰當此路
不知初種是何人
雪花零碎逐年減
煙葉稀疏隨分新
莫道老株芳意少
逢春猶勝不逢春","題州北路傍老柳樹皮枯緣受風霜久
條短爲經攀折頻
但見半衰當此路
不知初種是何人
雪花零碎逐年減
煙葉稀疏隨分新
莫道老株芳意少
逢春猶勝不逢春",71
1386,poem,1386,卷二十,,,雜律詩,題清頭陀,,,1386,revised_jsonl_direct,1387,824,revised_jsonl,笺,,0,False,,0,False,1,4,"頭陀獨宿寺西峰
百尺禪菴半夜鐘
煙月蒼蒼風瑟瑟
更無雜樹對山松","題清頭陀頭陀獨宿寺西峰
百尺禪菴半夜鐘
煙月蒼蒼風瑟瑟
更無雜樹對山松",35
1387,poem,1387,卷二十,,,雜律詩,自歎二首其一,,,1387,revised_jsonl_direct,1388,824,revised_jsonl,笺；予以长庆二年冬十月到杭州明年秋九月始与范阳卢贾汝南周元范兰陵萧悦清河崔求东莱刘方舆同游恩德寺之泉洞竹石籍甚久矣及兹目击果惬心期因自嗟云到郡周岁方来入寺半日复去俯视朱绶仰睇白云有愧于心遂留绝句,,0,False,,0,False,1,4,"形羸自覺朝餐減
睡少偏知夜漏長
實事漸消虛事在
銀魚金帶遶腰光","自歎二首其一形羸自覺朝餐減
睡少偏知夜漏長
實事漸消虛事在
銀魚金帶遶腰光",37
1388,poem,1388,卷二十,,,雜律詩,自歎二首其二,,,1388,revised_jsonl_direct,1389,793,revised_jsonl,得钱舍人书问眼疾,,0,False,,0,False,1,4,"二毛曉落梳頭懶
兩眼春昏點藥頻
唯有閑行猶得在
心情未到不如人","自歎二首其二二毛曉落梳頭懶
兩眼春昏點藥頻
唯有閑行猶得在
心情未到不如人",37
1389,poem,1389,卷二十,,,雜律詩,湖上醉中代諸妓寄嚴郎中,,,1389,revised_jsonl_direct,1390,824,revised_jsonl,笺；冯阁老处见与严郎中酬和诗因戏赠绝句；八月十五夜闻崔大员外翰林独直对酒玩月因怀禁中清景偶题是诗；渭村退居寄礼部崔侍郎翰林钱舍人诗一百韵；王梵志诗校注；玉台新咏,,0,False,,0,False,1,8,"笙歌杯酒正歡娛
忽憶仙郎望帝都
借問連宵直南省
何如盡日醉西湖
蛾眉别久心知否
雞舌含多口厭無
還有些些惆悵事
春來山路見蘼蕪","湖上醉中代諸妓寄嚴郎中笙歌杯酒正歡娛
忽憶仙郎望帝都
借問連宵直南省
何如盡日醉西湖
蛾眉别久心知否
雞舌含多口厭無
還有些些惆悵事
春來山路見蘼蕪",74
1390,poem,1390,卷二十,,,雜律詩,自詠,,,1390,revised_jsonl_direct,1391,824,revised_jsonl,笺；敦煌变文字义通释；旧唐书；李巽传,,0,False,,0,False,1,8,"悶發每吟詩引興
興來兼著酒開顔
欲逢假日先招客
正對衙時亦望山
勾檢簿書多鹵莽
隄防官吏少機關
誰能頭白勞心力
人道無才也是閑","自詠悶發每吟詩引興
興來兼著酒開顔
欲逢假日先招客
正對衙時亦望山
勾檢簿書多鹵莽
隄防官吏少機關
誰能頭白勞心力
人道無才也是閑",65
1391,poem,1391,卷二十,,,雜律詩,晚興,,,1391,revised_jsonl_direct,1392,824,revised_jsonl,笺,,0,False,,0,False,1,8,"草淺馬翩翩
新晴薄暮天
柳條春拂面
衫袖醉垂鞭
立語花隄上
行吟水寺前
等閑消一日
不覺過三年","晚興草淺馬翩翩
新晴薄暮天
柳條春拂面
衫袖醉垂鞭
立語花隄上
行吟水寺前
等閑消一日
不覺過三年",49
1392,poem,1392,卷二十,,,雜律詩,早興,,,1392,revised_jsonl_direct,1393,824,revised_jsonl,笺,,0,False,,0,False,1,8,"晨光出照屋梁明
初打開門鼓一聲
犬上階眠知地濕
鳥臨窗語報天晴
半銷宿酒頭仍重
新脱冬衣體乍輕
睡覺心空思想盡
近來鄉夢不多成","早興晨光出照屋梁明
初打開門鼓一聲
犬上階眠知地濕
鳥臨窗語報天晴
半銷宿酒頭仍重
新脱冬衣體乍輕
睡覺心空思想盡
近來鄉夢不多成",65
1393,poem,1393,卷二十,,,雜律詩,竹樓宿,,,1393,revised_jsonl_direct,1394,824,revised_jsonl,笺,,0,False,,0,False,1,4,"小書樓下千竿竹
深火爐前一盞燈
此處與誰相伴宿
燒丹道士坐禪僧","竹樓宿小書樓下千竿竹
深火爐前一盞燈
此處與誰相伴宿
燒丹道士坐禪僧",34
1394,poem,1394,卷二十,,,雜律詩,湖上招客送春汎舟,,,1394,revised_jsonl_direct,1395,824,revised_jsonl,笺；钱湖州以箬下酒李苏州以五酘酒相次寄到无因同饮聊咏所怀；法曲歌；霓裳羽衣歌,,0,False,,0,False,1,10,"欲送殘春招酒伴
客中誰最有風情
兩瓶箬下新求得
一曲霓裳初教成
時崔湖州寄新箬下酒來
樂妓按《霓裳羽衣曲》初畢
排比管絃行翠袖
指麾船舫點紅旌
慢牽好向湖心去
恰似菱花鏡上行","湖上招客送春汎舟欲送殘春招酒伴
客中誰最有風情
兩瓶箬下新求得
一曲霓裳初教成
時崔湖州寄新箬下酒來
樂妓按《霓裳羽衣曲》初畢
排比管絃行翠袖
指麾船舫點紅旌
慢牽好向湖心去
恰似菱花鏡上行",95
1395,poem,1395,卷二十,,,雜律詩,戲醉客,,,1395,revised_jsonl_direct,1396,824,revised_jsonl,笺；庄子,庄子,1,True,,0,False,1,4,"莫言魯國書生懦
莫把杭州刺史欺
醉客請君開眼望
綠楊風下有紅旗","戲醉客莫言魯國書生懦
莫把杭州刺史欺
醉客請君開眼望
綠楊風下有紅旗",34
1396,poem,1396,卷二十,,,雜律詩,紫陽花,,,1396,revised_jsonl_direct,1397,824,revised_jsonl,笺；南部新书；韵语阳秋；咸淳临安志；暮归,,0,False,,0,False,1,4,"何年植向仙壇上
早晚移栽到梵家
雖在人間人不識
與君名作紫陽花","紫陽花何年植向仙壇上
早晚移栽到梵家
雖在人間人不識
與君名作紫陽花",34
1397,poem,1397,卷二十一,,,格體,郡齋旬假命宴呈座客示郡寮,,,1397,revised_jsonl_direct,1398,825,revised_jsonl,笺；苏州刺史谢上表；白氏文集；颜氏家训；文镜秘府论；中兴间气集序；元少尹集序；后序；洛中集记；元白诗笺证稿；白氏长庆集；代书诗一百韵寄微之；唐会要；郡亭；淮南子；答宾戏；后汉书；钱湖州以箬下酒李苏州以五酘酒相次寄到无因同饮聊咏所怀；吴郡志；禹贡；周礼；立部伎；左传；玩月城门廨中诗；楚辞,淮南子；后汉书；禹贡；周礼；左传；楚辞,6,True,,0,False,1,32,"公門日兩衙
公假月三旬
衙用決簿領
旬以會親賓
公多及私少
勞逸常不均
况爲劇郡長
安得閑宴頻
下車已三月
開筵始今晨
初黔軍厨突
一拂郡榻塵
既備獻酬禮
亦具水陸珍
萍醅箬溪醑
水鱠松江鱗
侑食樂懸動
佐歡妓席陳
風流吳中客
佳麗江南人
歌節點隨袂
舞香遺在茵
清奏凝未闋
酡顔氣已春
衆賓勿遽起
郡寮且逡巡
無輕一日醉
用犒九日勤
微彼九日勤
何以治吾民
微此一日醉
何以樂吾身","郡齋旬假命宴呈座客示郡寮公門日兩衙
公假月三旬
衙用決簿領
旬以會親賓
公多及私少
勞逸常不均
况爲劇郡長
安得閑宴頻
下車已三月
開筵始今晨
初黔軍厨突
一拂郡榻塵
既備獻酬禮
亦具水陸珍
萍醅箬溪醑
水鱠松江鱗
侑食樂懸動
佐歡妓席陳
風流吳中客
佳麗江南人
歌節點隨袂
舞香遺在茵
清奏凝未闋
酡顔氣已春
衆賓勿遽起
郡寮且逡巡
無輕一日醉
用犒九日勤
微彼九日勤
何以治吾民
微此一日醉
何以樂吾身",203
1398,poem,1398,卷二十一,,,格體,題西亭,,,1398,revised_jsonl_direct,1399,825,revised_jsonl,笺；吴郡志；楚辞；西京赋；文选；诗,楚辞；西京赋；诗,3,True,,0,False,1,28,"朝亦視簿書
暮亦視簿書
簿書視未竟
蟋蟀鳴座隅
始覺芳歲晚
復嗟塵務拘
西園景多暇
可以少躊躇
池鳥澹容與
橋柳高扶疏
烟蔓嫋青薜
水花披白蕖
何人造兹亭
華敞綽有餘
四簷軒鳥翅
複屋羅蜘蛛
直廊抵曲房
䆗窱深且虛
修竹夾左右
清風來徐徐
此宜宴嘉賓
鼓瑟吹笙竽
荒淫即不可
廢曠將何如
幸有酒與樂
及時歡且娛
忽其解郡印
他人來此居","題西亭朝亦視簿書
暮亦視簿書
簿書視未竟
蟋蟀鳴座隅
始覺芳歲晚
復嗟塵務拘
西園景多暇
可以少躊躇
池鳥澹容與
橋柳高扶疏
烟蔓嫋青薜
水花披白蕖
何人造兹亭
華敞綽有餘
四簷軒鳥翅
複屋羅蜘蛛
直廊抵曲房
䆗窱深且虛
修竹夾左右
清風來徐徐
此宜宴嘉賓
鼓瑟吹笙竽
荒淫即不可
廢曠將何如
幸有酒與樂
及時歡且娛
忽其解郡印
他人來此居",170
1399,poem,1399,卷二十一,,,格體,郡中西園,,,1399,revised_jsonl_direct,1400,825,revised_jsonl,笺,,0,False,,0,False,1,16,"閑園多芳草
春夏香靡靡
深樹足佳禽
旦暮鳴不已
院門閉松竹
庭徑穿蘭芷
愛彼池上橋
獨來聊徙倚
魚依藻長樂
鷗見人暫起
有時舟隨風
盡日蓮照水
誰知郡府内
景物閑如此
始悟諠靜緣
何嘗繫遠邇","郡中西園閑園多芳草
春夏香靡靡
深樹足佳禽
旦暮鳴不已
院門閉松竹
庭徑穿蘭芷
愛彼池上橋
獨來聊徙倚
魚依藻長樂
鷗見人暫起
有時舟隨風
盡日蓮照水
誰知郡府内
景物閑如此
始悟諠靜緣
何嘗繫遠邇",99
1400,poem,1400,卷二十一,,,格體,北亭卧,,,1400,revised_jsonl_direct,1401,825,revised_jsonl,笺,,0,False,,0,False,1,10,"樹綠晚陰合
池凉朝氣清
蓮開有佳色
鶴唳無凡聲
唯此閑寂境
愜我幽獨情
病假十五日
十日卧兹亭
明朝吏呼起
還復視黎甿","北亭卧樹綠晚陰合
池凉朝氣清
蓮開有佳色
鶴唳無凡聲
唯此閑寂境
愜我幽獨情
病假十五日
十日卧兹亭
明朝吏呼起
還復視黎甿",62
1401,poem,1401,卷二十一,,,格體,一葉落,,,1401,revised_jsonl_direct,1402,825,revised_jsonl,笺；楚辞,楚辞,1,True,楚辞,1,True,1,8,"煩暑鬱未退
凉飇潛已起
寒温與盛衰
遞相爲表裏
蕭蕭秋林下
一葉忽先委
勿言微摇落
摇落從此始","一葉落煩暑鬱未退
凉飇潛已起
寒温與盛衰
遞相爲表裏
蕭蕭秋林下
一葉忽先委
勿言微摇落
摇落從此始",50
1402,poem,1402,卷二十一,,,格體,崔湖州贈紅石琴薦煥如錦文無以答之以詩酬謝,,,1402,revised_jsonl_direct,1403,825,revised_jsonl,笺；常乐里闲居偶题十六韵兼寄刘十五公舆王十一起吕二炅吕四颖崔十八玄亮元九稹刘三十二敦质张十五仲方时为校书郎；嘉泰吴兴志；湖上招客送春泛舟；与卫淮南琴荐启；隐山六峒记,,0,False,,0,False,1,8,"頳錦支綠綺
韻同相感深
千年古澗石
八月秋堂琴
引出山水思
助成金玉音
人間無可比
比我與君心","崔湖州贈紅石琴薦煥如錦文無以答之以詩酬謝頳錦支綠綺
韻同相感深
千年古澗石
八月秋堂琴
引出山水思
助成金玉音
人間無可比
比我與君心",67
1403,poem,1403,卷二十一,,,格體,九日宴集醉題郡樓兼呈周殷二判官,,,1403,revised_jsonl_direct,1404,825,revised_jsonl,谱；笺；闲夜咏怀因招周协律刘薛二秀才；赠别杨颖士卢克柔殷尧藩；虚白堂；长洲苑；吴郡志；越绝书；禹贡；尔雅；江楼宴别；放鱼；吴郡图经续记；图经；吴地记；旧唐书；郡斋暇日辱常州陈郎中使君早春晚坐水西馆书事诗十六韵见寄亦以十六韵酬之；古今注,禹贡；尔雅；古今注,3,True,,0,False,1,48,"前年九日餘杭郡
呼賓命宴虛白堂
去年九日到東洛
今年九日來吳鄉
兩邊蓬鬢一時白
三處菊花同色黄
一日日知添老病
一年年覺惜重陽
江南九月未摇落
柳青蒲綠稻穟香
姑蘇臺榭倚蒼靄
太湖山水含清光
可憐假日好天色
公門吏靜風景凉
榜舟鞭馬取賓客
掃樓拂席排壺觴
胡琴錚摐指撥剌
吳娃美麗眉眼長
笙歌一曲思凝絶
金鈿再拜光低昂
日脚欲落備燈燭
風頭漸高加酒漿
觥盞灧翻菡萏葉
舞鬟擺落茱萸房
半酣憑檻起四顧
七堰八門六十坊
遠近高低寺間出
東西南北橋相望
水道脉分棹鱗次
里閭棋布城册方
人烟樹色無隙罅
十里一片青茫茫
自問有何才與政
高廳大館居中央
銅魚今乃澤國節
刺史是古吳都王
郊無戎馬郡無事
門有棨戟腰有章
盛時儻來合慚愧
壯歲忽去還感傷
從事醒歸應不可
使君醉倒亦何妨
請君停杯聽我語
此語真實非虛狂
五旬已過不爲夭
七十爲期蓋是常
須知菊酒登高會
從此多無二十場","九日宴集醉題郡樓兼呈周殷二判官前年九日餘杭郡
呼賓命宴虛白堂
去年九日到東洛
今年九日來吳鄉
兩邊蓬鬢一時白
三處菊花同色黄
一日日知添老病
一年年覺惜重陽
江南九月未摇落
柳青蒲綠稻穟香
姑蘇臺榭倚蒼靄
太湖山水含清光
可憐假日好天色
公門吏靜風景凉
榜舟鞭馬取賓客
掃樓拂席排壺觴
胡琴錚摐指撥剌
吳娃美麗眉眼長
笙歌一曲思凝絶
金鈿再拜光低昂
日脚欲落備燈燭
風頭漸高加酒漿
觥盞灧翻菡萏葉
舞鬟擺落茱萸房
半酣憑檻起四顧
七堰八門六十坊
遠近高低寺間出
東西南北橋相望
水道脉分棹鱗次
里閭棋布城册方
人烟樹色無隙罅
十里一片青茫茫
自問有何才與政
高廳大館居中央
銅魚今乃澤國節
刺史是古吳都王
郊無戎馬郡無事
門有棨戟腰有章
盛時儻來合慚愧
壯歲忽去還感傷
從事醒歸應不可
使君醉倒亦何妨
請君停杯聽我語
此語真實非虛狂
五旬已過不爲夭
七十爲期蓋是常
須知菊酒登高會
從此多無二十場",398
1404,poem,1404,卷二十一,,,格體,同微之贈别郭虛舟煉師五十韻,,,1404,revised_jsonl_direct,1405,825,revised_jsonl,笺；郭虚舟相访；周易参同契；丹论诀旨心鉴；效陶潜体诗十六首；庄子；艺文类聚；搜神记；不睡；寻郭道士不遇；云笈七签；太上八景四蕊紫浆五珠降生神丹方；玄辨元君辨金虎铅汞造鼎入金秘真肘后方；寻王道士药堂因有题赠；对酒；九转灵砂大丹资圣玄经；中书门下贺雪表；宿简寂观；诸家神品丹法；金丹秘要参同契；题李山人；书；报任安书；礼记；江上吟元八绝句,周易参同契；庄子；搜神记；书；礼记,5,True,,0,False,1,100,"我爲江司馬
君爲荆判司
俱當愁悴日
始識虛舟師
師年三十餘
白皙好容儀
專心在鉛汞
餘力工琴棋
靜彈絃數聲
閑飲酒一巵
因指塵土下
蜉蝣良可悲
不聞姑射上
千歲冰雪肌
不見遼城外
古今冢纍纍
嗟我天地間
有術人莫知
得可逃死籍
不唯走三尸
授我參同契
其辭妙且微
六一閟扃鐍
子午守雄雌
我讀隨日悟
心中了無疑
黄牙與紫車
謂其坐致之
自負因自歎
人生號男兒
若不珮金印
即合翳玉芝
高謝人間世
深結山中期
泥壇方合矩
鑄鼎圓中規
爐橐一以動
瑞氣紅輝輝
齋心獨歎拜
中夜偷一窺
二物正訢合
厥狀何怪奇
綢繆夫婦體
狎獵魚龍姿
簡寂館鍾後
紫霄峰曉時
心塵未淨潔
火候遂參差
萬壽覬刀圭
千功失毫釐
先生彈指起
姹女隨煙飛
始知緣會間
陰隲不可移
藥竈今夕罷
詔書明日追
追我復追君
次第承恩私
官雖小大殊
同立白玉墀
我直紫微闥
手進賞罰詞
君侍玉皇座
口含生殺機
直躬易媒孽
浮俗多瑕疵
轉徙今安在
越嶠吳江湄
一提支郡印
一建連帥旗
何言四百里
不見如天涯
秋風旦夕來
白日西南馳
雪霜各滿鬢
朱紫徒爲衣
師從廬山洞
訪舊來於斯
尋君又覓我
風馭紛逶迤
帔裾曳黄絹
鬚髮垂青絲
逢人但斂手
問道亦頷頤
孤雲難久留
十日告將歸
款曲話平昔
殷勤勉衰羸
後會杳何許
前心日磷緇
俗家無異物
何以充别資
素牋一百句
題附元家詩
朱頂鶴一隻
與師雲間騎
雲間鶴背上
故情若相思
時時摘一句
唱作步虛詞","同微之贈别郭虛舟煉師五十韻我爲江司馬
君爲荆判司
俱當愁悴日
始識虛舟師
師年三十餘
白皙好容儀
專心在鉛汞
餘力工琴棋
靜彈絃數聲
閑飲酒一巵
因指塵土下
蜉蝣良可悲
不聞姑射上
千歲冰雪肌
不見遼城外
古今冢纍纍
嗟我天地間
有術人莫知
得可逃死籍
不唯走三尸
授我參同契
其辭妙且微
六一閟扃鐍
子午守雄雌
我讀隨日悟
心中了無疑
黄牙與紫車
謂其坐致之
自負因自歎
人生號男兒
若不珮金印
即合翳玉芝
高謝人間世
深結山中期
泥壇方合矩
鑄鼎圓中規
爐橐一以動
瑞氣紅輝輝
齋心獨歎拜
中夜偷一窺
二物正訢合
厥狀何怪奇
綢繆夫婦體
狎獵魚龍姿
簡寂館鍾後
紫霄峰曉時
心塵未淨潔
火候遂參差
萬壽覬刀圭
千功失毫釐
先生彈指起
姹女隨煙飛
始知緣會間
陰隲不可移
藥竈今夕罷
詔書明日追
追我復追君
次第承恩私
官雖小大殊
同立白玉墀
我直紫微闥
手進賞罰詞
君侍玉皇座
口含生殺機
直躬易媒孽
浮俗多瑕疵
轉徙今安在
越嶠吳江湄
一提支郡印
一建連帥旗
何言四百里
不見如天涯
秋風旦夕來
白日西南馳
雪霜各滿鬢
朱紫徒爲衣
師從廬山洞
訪舊來於斯
尋君又覓我
風馭紛逶迤
帔裾曳黄絹
鬚髮垂青絲
逢人但斂手
問道亦頷頤
孤雲難久留
十日告將歸
款曲話平昔
殷勤勉衰羸
後會杳何許
前心日磷緇
俗家無異物
何以充别資
素牋一百句
題附元家詩
朱頂鶴一隻
與師雲間騎
雲間鶴背上
故情若相思
時時摘一句
唱作步虛詞",612
1405,poem,1405,卷二十一,,,格體,霓裳羽衣歌,,,1405,revised_jsonl_direct,1406,825,revised_jsonl,谱；笺；法曲歌；缭绫；长恨歌；高唐赋；庄子；有事于南郊赋；胡旋女；神女赋；洛神赋；乐府诗集；大垂手；乐府解题；小垂手；汉武帝内传；云笈七签；萼绿华赠羊权诗；醉歌；代谢好答崔员外；虚白堂；重题别东楼；新唐书；津阳门诗；婆罗门；霓裳羽衣；杏园中枣树；长洲苑；吴越春秋；忆旧游；韵语阳秋；唐会要；破阵乐；赤白桃李花；望瀛；长恨词；婆罗门曲；霓裳曲；霓裳；嵩阳观夜奏霓裳；全唐诗；燕乐探微；霓裳羽衣曲；南唐书；碧鸡漫志；白石道人歌曲集；霓裳中序第一；齐东野语,庄子；洛神赋；汉武帝内传；吴越春秋,4,True,,0,False,1,119,"我昔元和侍憲皇
曾陪内宴宴昭陽
千歌百舞不可數
就中最愛霓裳舞
舞時寒食春風天
玉鉤欄下香桉前
桉前舞者顔如玉
不著人家俗衣服
虹裳霞帔步摇冠
鈿瓔纍纍珮珊珊
娉婷似不任羅綺
顧聽樂懸行復止
磬簫箏笛遞相攙
擊擫彈吹聲邐迤
凡法曲之初
衆樂不齊
唯金石絲竹次第發聲
《霓裳》序初亦復如此
散序六奏未動衣
陽臺宿雲慵不飛
散序六遍無拍
故不舞也
中序擘騞初入拍
秋竹竿裂春冰坼
中序始有拍
亦名拍序
飄然轉旋去聲迴雪輕
嫣然縱送游龍驚
小垂手後柳無力
斜曳裾時雲欲生
四句皆《霓裳舞》之初態
烟蛾斂略不勝態
風袖低昂如有情
上元點鬟招萼綠
王母揮袂别飛瓊
許飛瓊﹑萼綠華
皆女仙也
繁音急節十二遍
跳珠撼玉何鏗錚
《霓裳曲》十二遍而終
翔鸞舞了却收翅
唳鶴曲終長引聲
凡曲將畢
皆聲拍促速
唯《霓裳》之末
長引一聲也
當時乍見驚心目
凝視諦聽殊未足
一落人間八九年
耳冷不曾聞此曲
湓城但聽山魈語
巴峽唯聞杜鵑哭
予自江州司馬轉忠州刺史
移領錢唐第二年
始有心情問絲竹
玲瓏箜篌謝好箏
陳寵觱篥沈平笙
清絃脆管纖纖手
教得霓裳一曲成
自玲瓏已下
皆杭之妓名
虛白亭前湖水畔
前後秪應三度按
便除庶子抛却來
聞道如今各星散
今年五月至蘇州
朝鐘暮角催白頭
貪看案牘常侵夜
不聽笙歌直到秋
秋來無事多閑悶
忽憶霓裳無處問
聞君部内多樂徒
問有霓裳舞者無
答云七縣十萬户
無人知有霓裳舞
唯寄長歌與我來
題作霓裳羽衣譜
四幅花牋碧間紅
霓裳實錄在其中
千姿萬狀分明見
恰與昭陽舞者同
眼前髣髴覩形質
昔日今朝想如一
疑從魂夢呼召來
似著丹青圖寫出
我愛霓裳君合知
發於歌詠形於詩
君不見
我歌云
驚破霓裳羽衣曲
《長恨歌》云
又不見
我詩云
曲愛霓裳未拍時
錢唐詩云
由來能事皆有主
楊氏創聲君造譜
開元中
西凉府節度楊敬述造
君言此舞難得人
須是傾城可憐女
吳妖小玉飛作烟
夫差女小玉死後
形見於王
其母抱之
霏微若煙霧散空
越艷西施化爲土
嬌花巧笑久寂寥
娃館苧蘿空處所
如君所言誠有是
君試從容聽我語
若求國色始翻傳
但恐人間廢此舞
妍蚩優劣寧相遠
大都只在人擡舉
李娟張態君莫嫌
亦擬隨宜且教取
娟﹑態
蘇妓之名","霓裳羽衣歌我昔元和侍憲皇
曾陪内宴宴昭陽
千歌百舞不可數
就中最愛霓裳舞
舞時寒食春風天
玉鉤欄下香桉前
桉前舞者顔如玉
不著人家俗衣服
虹裳霞帔步摇冠
鈿瓔纍纍珮珊珊
娉婷似不任羅綺
顧聽樂懸行復止
磬簫箏笛遞相攙
擊擫彈吹聲邐迤
凡法曲之初
衆樂不齊
唯金石絲竹次第發聲
《霓裳》序初亦復如此
散序六奏未動衣
陽臺宿雲慵不飛
散序六遍無拍
故不舞也
中序擘騞初入拍
秋竹竿裂春冰坼
中序始有拍
亦名拍序
飄然轉旋去聲迴雪輕
嫣然縱送游龍驚
小垂手後柳無力
斜曳裾時雲欲生
四句皆《霓裳舞》之初態
烟蛾斂略不勝態
風袖低昂如有情
上元點鬟招萼綠
王母揮袂别飛瓊
許飛瓊﹑萼綠華
皆女仙也
繁音急節十二遍
跳珠撼玉何鏗錚
《霓裳曲》十二遍而終
翔鸞舞了却收翅
唳鶴曲終長引聲
凡曲將畢
皆聲拍促速
唯《霓裳》之末
長引一聲也
當時乍見驚心目
凝視諦聽殊未足
一落人間八九年
耳冷不曾聞此曲
湓城但聽山魈語
巴峽唯聞杜鵑哭
予自江州司馬轉忠州刺史
移領錢唐第二年
始有心情問絲竹
玲瓏箜篌謝好箏
陳寵觱篥沈平笙
清絃脆管纖纖手
教得霓裳一曲成
自玲瓏已下
皆杭之妓名
虛白亭前湖水畔
前後秪應三度按
便除庶子抛却來
聞道如今各星散
今年五月至蘇州
朝鐘暮角催白頭
貪看案牘常侵夜
不聽笙歌直到秋
秋來無事多閑悶
忽憶霓裳無處問
聞君部内多樂徒
問有霓裳舞者無
答云七縣十萬户
無人知有霓裳舞
唯寄長歌與我來
題作霓裳羽衣譜
四幅花牋碧間紅
霓裳實錄在其中
千姿萬狀分明見
恰與昭陽舞者同
眼前髣髴覩形質
昔日今朝想如一
疑從魂夢呼召來
似著丹青圖寫出
我愛霓裳君合知
發於歌詠形於詩
君不見
我歌云
驚破霓裳羽衣曲
《長恨歌》云
又不見
我詩云
曲愛霓裳未拍時
錢唐詩云
由來能事皆有主
楊氏創聲君造譜
開元中
西凉府節度楊敬述造
君言此舞難得人
須是傾城可憐女
吳妖小玉飛作烟
夫差女小玉死後
形見於王
其母抱之
霏微若煙霧散空
越艷西施化爲土
嬌花巧笑久寂寥
娃館苧蘿空處所
如君所言誠有是
君試從容聽我語
若求國色始翻傳
但恐人間廢此舞
妍蚩優劣寧相遠
大都只在人擡舉
李娟張態君莫嫌
亦擬隨宜且教取
娟﹑態
蘇妓之名",911
1406,poem,1406,卷二十一,,,格體,小童薛陽陶吹觱篥歌,,,1406,revised_jsonl_direct,1407,825,revised_jsonl,笺；桂苑丛谈；旧唐书；和浙西李大夫霜夜对月听小童吹觱篥依和本韵；全唐诗；太平御览；乐部；唐国史补；筝赋；反舌无声赋；玉声如乐；太平广记；苏味道；卢氏杂记；𬸚𬸦；楚辞；义鹘；雨中寄元宗简；吴都赋；文选,筝赋；楚辞,2,True,,0,False,1,32,"剪削乾蘆插寒竹
九孔漏聲五音足
近來吹者誰得名
關璀老死李衮生
衮今又老誰其嗣
薛氏樂童年十二
指點之下師授聲
含嚼之間天與氣
潤州城高霜月明
吟霜思月欲發聲
山頭江底何悄悄
猿烏不喘魚龍聽
翕然聲作疑管裂
詘然聲盡疑刀截
有時婉軟無筋骨
有時頓挫生稜節
急聲圓轉促不斷
轢轢轔轔似珠貫
緩聲展引長有條
有條直直如筆描
下聲乍墜石沉重
高聲忽舉雲飄蕭
明旦公堂陳宴席
主人命樂娛賓客
碎絲細竹徒紛紛
宮調一聲雄出羣
衆音覼縷不落道
有如部伍隨將軍
嗟爾陽陶方稚齒
下手發聲已如此
若教頭白吹不休
但恐聲名壓關李","小童薛陽陶吹觱篥歌剪削乾蘆插寒竹
九孔漏聲五音足
近來吹者誰得名
關璀老死李衮生
衮今又老誰其嗣
薛氏樂童年十二
指點之下師授聲
含嚼之間天與氣
潤州城高霜月明
吟霜思月欲發聲
山頭江底何悄悄
猿烏不喘魚龍聽
翕然聲作疑管裂
詘然聲盡疑刀截
有時婉軟無筋骨
有時頓挫生稜節
急聲圓轉促不斷
轢轢轔轔似珠貫
緩聲展引長有條
有條直直如筆描
下聲乍墜石沉重
高聲忽舉雲飄蕭
明旦公堂陳宴席
主人命樂娛賓客
碎絲細竹徒紛紛
宮調一聲雄出羣
衆音覼縷不落道
有如部伍隨將軍
嗟爾陽陶方稚齒
下手發聲已如此
若教頭白吹不休
但恐聲名壓關李",264
1407,poem,1407,卷二十一,,,格體,啄木曲,,,1407,revised_jsonl_direct,1408,825,revised_jsonl,笺,,0,False,,0,False,1,22,"莫買寶剪刀
虛費千金直
我有心中愁
知君剪不得
莫磨解結錐
虛勞人氣力
我有腸中結
知君解不得
莫染紅絲線
徒誇好顔色
我有雙淚珠
知君穿不得
莫近紅爐火
炎氣徒相逼
我有兩鬢霜
知君銷不得
刀不能剪心愁
錐不能解腸結
線不能穿淚珠
火不能銷鬢雪
不如飲此神聖杯
萬念千憂一時歇","啄木曲莫買寶剪刀
虛費千金直
我有心中愁
知君剪不得
莫磨解結錐
虛勞人氣力
我有腸中結
知君解不得
莫染紅絲線
徒誇好顔色
我有雙淚珠
知君穿不得
莫近紅爐火
炎氣徒相逼
我有兩鬢霜
知君銷不得
刀不能剪心愁
錐不能解腸結
線不能穿淚珠
火不能銷鬢雪
不如飲此神聖杯
萬念千憂一時歇",142
1408,poem,1408,卷二十一,,,格體,題靈巖寺,,,1408,revised_jsonl_direct,1409,826,revised_jsonl,笺；吴郡志；长洲苑；吴越春秋；吴地记；方言；秋夜听高调凉州,吴越春秋；方言,2,True,,0,False,1,10,"娃宮屐廊尋已傾
硯池香徑又欲平
二三月時但草綠
幾百年來空月明
使君雖老頗多思
攜觴領妓處處行
今愁古恨入絲竹
一曲凉州無限情
直自當時到今日
中間歌吹更無聲","題靈巖寺娃宮屐廊尋已傾
硯池香徑又欲平
二三月時但草綠
幾百年來空月明
使君雖老頗多思
攜觴領妓處處行
今愁古恨入絲竹
一曲凉州無限情
直自當時到今日
中間歌吹更無聲",83
1409,poem,1409,卷二十一,,,格體,雙石,,,1409,revised_jsonl_direct,1410,826,revised_jsonl,笺；集韵；遭田父泥饮美严中丞；天赋；大鹏赋；结客篇；结客少年场行,,0,False,,0,False,1,32,"蒼然兩片石
厥狀怪且醜
俗用無所堪
時人嫌不取叶韻
結從胚渾始
得自洞庭口
萬古遺水濱
一朝入吾手
擔舁來郡内
洗刷去泥垢
孔黑烟痕深
罅青苔色厚
老蛟蟠作足
古劍插爲首
忽疑天上落
不似人間有
一可支吾琴
一可貯吾酒
峭絶高數尺
坳泓容一斗
五絃倚其左
一杯置其右
窪樽酌未空
玉山頽已久
人皆有所好
物各求其偶
漸恐少年場
不容垂白叟
迴頭問雙石
能伴老夫否
石雖不能言
許我爲三友","雙石蒼然兩片石
厥狀怪且醜
俗用無所堪
時人嫌不取叶韻
結從胚渾始
得自洞庭口
萬古遺水濱
一朝入吾手
擔舁來郡内
洗刷去泥垢
孔黑烟痕深
罅青苔色厚
老蛟蟠作足
古劍插爲首
忽疑天上落
不似人間有
一可支吾琴
一可貯吾酒
峭絶高數尺
坳泓容一斗
五絃倚其左
一杯置其右
窪樽酌未空
玉山頽已久
人皆有所好
物各求其偶
漸恐少年場
不容垂白叟
迴頭問雙石
能伴老夫否
石雖不能言
許我爲三友",195
1410,poem,1410,卷二十一,,,格體,宿東亭曉興,,,1410,revised_jsonl_direct,1411,826,revised_jsonl,笺；吴郡志,,0,False,,0,False,1,16,"温温土爐火
耿耿紗籠燭
獨抱一張琴
夜入東齋宿
窗聲渡殘漏
簾影浮初旭
頭癢曉梳多
眼昏春睡足
負暄簷宇下
散步池塘曲
南雁去未迴
東風來何速
雪依瓦溝白
草遶牆根綠
何言萬户州
太守常幽獨","宿東亭曉興温温土爐火
耿耿紗籠燭
獨抱一張琴
夜入東齋宿
窗聲渡殘漏
簾影浮初旭
頭癢曉梳多
眼昏春睡足
負暄簷宇下
散步池塘曲
南雁去未迴
東風來何速
雪依瓦溝白
草遶牆根綠
何言萬户州
太守常幽獨",100
1411,poem,1411,卷二十一,,,格體,日漸長贈周殷二判官,,,1411,revised_jsonl_direct,1412,826,revised_jsonl,笺；闲夜咏怀因招周协律刘薛二秀才；赠别杨颖士卢克柔殷尧藩,,0,False,,0,False,1,12,"日漸長
春尚早
牆頭半露紅萼枝
池岸新鋪綠牙草
蹋草攀枝仰頭歎
何人知此春懷抱
年顔盛壯名未成
官職欲高身已老
萬莖白髮直堪恨
一片緋衫何足道
賴得君來勸一杯
愁開悶破心頭好","日漸長贈周殷二判官日漸長
春尚早
牆頭半露紅萼枝
池岸新鋪綠牙草
蹋草攀枝仰頭歎
何人知此春懷抱
年顔盛壯名未成
官職欲高身已老
萬莖白髮直堪恨
一片緋衫何足道
賴得君來勸一杯
愁開悶破心頭好",96
1412,poem,1412,卷二十一,,,格體,花前歎,,,1412,revised_jsonl_direct,1413,826,revised_jsonl,谱；笺；赠樊著作；南阳樊绍述墓志铭；闻李六景俭自河东令授唐邓行军司马以诗贺之；旧唐书；赠吴丹；故饶州刺史吴府君神道碑铭；白氏文集；夜游西武丘寺八韵,,0,False,,0,False,1,20,"前歲花前五十二
今年花前五十五
歲課年功頭髮知
從霜成雪君看取
五年前
在杭州有詩云
“五十二人頭似霜
”幾人得老莫自嫌
樊李吳韋盡成土
樊絳州宗師﹑李諫議景儉﹑吳饒州丹﹑韋侍郎顗
皆舊往還
相次喪逝
南州桃李北州梅
且喜年年作花主
花前置酒誰相勸
容坐唱歌滿起舞
容﹑滿
皆妓名也
欲散重拈花細看
爭知明日無風雨","花前歎前歲花前五十二
今年花前五十五
歲課年功頭髮知
從霜成雪君看取
五年前
在杭州有詩云
“五十二人頭似霜
”幾人得老莫自嫌
樊李吳韋盡成土
樊絳州宗師﹑李諫議景儉﹑吳饒州丹﹑韋侍郎顗
皆舊往還
相次喪逝
南州桃李北州梅
且喜年年作花主
花前置酒誰相勸
容坐唱歌滿起舞
容﹑滿
皆妓名也
欲散重拈花細看
爭知明日無風雨",160
1413,poem,1413,卷二十一,,,格體,自詠五首其一,,,1413,revised_jsonl_direct,1414,826,revised_jsonl,谱；笺；圆觉经；庄子,庄子,1,True,,0,False,1,8,"朝亦隨羣動
暮亦隨羣動
榮華瞬息間
求得將何用
形骸與冠盖
假合相戲弄
何異睡著人
不知夢是夢","自詠五首其一朝亦隨羣動
暮亦隨羣動
榮華瞬息間
求得將何用
形骸與冠盖
假合相戲弄
何異睡著人
不知夢是夢",53
1414,poem,1414,卷二十一,,,格體,自詠五首其二,,,1414,revised_jsonl_direct,1415,,revised_jsonl,唐律疏议；令；代放歌行,令,1,True,,0,False,1,8,"一家五十口
一郡十萬户
出爲差科頭
入爲衣食主
水旱合心憂
飢寒須手撫
何異食蓼蟲
不知苦是苦","自詠五首其二一家五十口
一郡十萬户
出爲差科頭
入爲衣食主
水旱合心憂
飢寒須手撫
何異食蓼蟲
不知苦是苦",53
1415,poem,1415,卷二十一,,,格體,自詠五首其三,,,1415,revised_jsonl_direct,1416,,revised_jsonl,,,0,False,,0,False,1,8,"公私頗多事
衰憊殊少歡
迎送賓客懶
鞭笞黎庶難
老耳倦聲樂
病口厭杯盤
既無可戀者
何以不休官","自詠五首其三公私頗多事
衰憊殊少歡
迎送賓客懶
鞭笞黎庶難
老耳倦聲樂
病口厭杯盤
既無可戀者
何以不休官",53
1416,poem,1416,卷二十一,,,格體,自詠五首其四,,,1416,revised_jsonl_direct,1417,,revised_jsonl,傅子；将略论；古尊宿语录；宛陵录,,0,False,,0,False,1,8,"一日復一日
自問何留滯
爲貪逐日俸
擬作歸田計
亦須隨豐約
可得無限劑
若待足始休
休官在何歲","自詠五首其四一日復一日
自問何留滯
爲貪逐日俸
擬作歸田計
亦須隨豐約
可得無限劑
若待足始休
休官在何歲",53
1417,poem,1417,卷二十一,,,格體,自詠五首其五,,,1417,revised_jsonl_direct,1418,,revised_jsonl,,,0,False,,0,False,1,8,"官舍非我廬
官園非我樹
洛中有小宅
渭上有别墅
既無婚嫁累
幸有歸休處
歸去誠已遲
猶勝不歸去","自詠五首其五官舍非我廬
官園非我樹
洛中有小宅
渭上有别墅
既無婚嫁累
幸有歸休處
歸去誠已遲
猶勝不歸去",53
1418,poem,1418,卷二十一,,,格體,和微之聽妻彈别鶴操因爲解釋其義依韻加四句,,,1418,revised_jsonl_direct,1419,825,revised_jsonl,笺；琴操；别鹤操；元氏长庆集；听妻弹别鹤操；艺文类聚；永嘉郡记；东南行一百韵寄通州元九侍御澧州李十一舍人果州崔二十二使君开州韦大员外庾三十二补阙杜十四拾遗李二十助教员外窦七校书,琴操,1,True,,0,False,1,28,"義重莫若妻
生離不如死
誓將死同穴
其奈生無子
商陵迫禮教
婦出不能止
舅姑明旦辭
夫妻中夜起
起聞雙鶴别
若與人相似
聽其悲唳聲
亦如不得已
青田八九月
遼城一萬里
徘徊去住雲
嗚咽東西水
寫之在琴曲
聽者酸心髓
况當秋月彈
先入憂人耳
怨抑掩朱絃
沉吟停玉指
一聞無兒歎
相念兩如此
無兒雖薄命
有妻偕老矣
幸免生别離
猶勝商陵氏","和微之聽妻彈别鶴操因爲解釋其義依韻加四句義重莫若妻
生離不如死
誓將死同穴
其奈生無子
商陵迫禮教
婦出不能止
舅姑明旦辭
夫妻中夜起
起聞雙鶴别
若與人相似
聽其悲唳聲
亦如不得已
青田八九月
遼城一萬里
徘徊去住雲
嗚咽東西水
寫之在琴曲
聽者酸心髓
况當秋月彈
先入憂人耳
怨抑掩朱絃
沉吟停玉指
一聞無兒歎
相念兩如此
無兒雖薄命
有妻偕老矣
幸免生别離
猶勝商陵氏",187
1419,poem,1419,卷二十一,,,格體,題故元少尹集後二首其一,,,1419,revised_jsonl_direct,1420,825,revised_jsonl,笺；晚归有感；过颜处士墓,,0,False,,0,False,1,4,"黄壤詎知我
白頭徒憶君
唯將老年淚
一灑故人文","題故元少尹集後二首其一黄壤詎知我
白頭徒憶君
唯將老年淚
一灑故人文",34
1420,poem,1420,卷二十一,,,格體,題故元少尹集後二首其二,,,1420,revised_jsonl_direct,1421,,revised_jsonl,故京兆元尹文集序；白氏文集；河南通志；赠苏少府,,0,False,,0,False,1,4,"遺文三十軸
軸軸金玉聲
龍門原上土
埋骨不埋名","題故元少尹集後二首其二遺文三十軸
軸軸金玉聲
龍門原上土
埋骨不埋名",34
1421,poem,1421,卷二十一,,,格體,和微之四月一日作,,,1421,revised_jsonl_direct,1422,826,revised_jsonl,笺；感秋寄远；赠汲郡太守李茂彦；夜听许十损诵诗爱而有作,,0,False,,0,False,1,16,"四月一日天
花稀葉陰薄
泥新燕影忙
蜜熟蜂聲樂
麥風低冉冉
稻水平漠漠
芳節或蹉跎
遊心稍牢落
春華信爲美
夏景亦未惡
颭浪嫩青荷
熏欄晚紅藥
吳宮好風月
越郡多樓閣
兩地誠可憐
其奈久離索","和微之四月一日作四月一日天
花稀葉陰薄
泥新燕影忙
蜜熟蜂聲樂
麥風低冉冉
稻水平漠漠
芳節或蹉跎
遊心稍牢落
春華信爲美
夏景亦未惡
颭浪嫩青荷
熏欄晚紅藥
吳宮好風月
越郡多樓閣
兩地誠可憐
其奈久離索",103
1422,poem,1422,卷二十一,,,格體,吳中好風景二首其一,,,1422,revised_jsonl_direct,1423,826,revised_jsonl,笺；木芙蓉花下招客饮；唐音癸签；阅耕余录,,0,False,,0,False,1,12,"吳中好風景
八月如三月
水荇葉仍香
木蓮花未歇
海天微雨散
江郭纖埃滅
暑退衣服乾
潮生船舫活
兩衙漸多暇
亭午初無熱
騎吏語使君
正是遊時節","吳中好風景二首其一吳中好風景
八月如三月
水荇葉仍香
木蓮花未歇
海天微雨散
江郭纖埃滅
暑退衣服乾
潮生船舫活
兩衙漸多暇
亭午初無熱
騎吏語使君
正是遊時節",80
1423,poem,1423,卷二十一,,,格體,吳中好風景二首其二,,,1423,revised_jsonl_direct,1424,,revised_jsonl,吴郡志；吴郡图经续记；武丘寺路,,0,False,,0,False,1,12,"吳中好風景
風景無朝暮
曉色萬家烟
秋聲八月樹
舟移管絃動
橋擁旌旗駐
改號齊雲樓
重開武丘路
况當豐熟歲
好是歡遊處
州民勸使君
且莫抛官去","吳中好風景二首其二吳中好風景
風景無朝暮
曉色萬家烟
秋聲八月樹
舟移管絃動
橋擁旌旗駐
改號齊雲樓
重開武丘路
况當豐熟歲
好是歡遊處
州民勸使君
且莫抛官去",80
1424,poem,1424,卷二十一,,,格體,答,,,1424,revised_jsonl_direct,1425,826,revised_jsonl,谱；笺；唐书；子刘子自传；除日答梦得同发楚州；与梦得同登栖霞塔；翰林白二十二学士见寄诗一百二十八篇因以答贶；汉书；唐会要；醉后狂言酬赠萧殷二协律；三年为刺史二首,汉书,1,True,,0,False,1,25,"吏滿六百石
昔賢輒去之
秩登二千石
今我方罷歸
我秩訝已多
我歸慚已遲
猶勝塵土下
終老無休期
卧乞百日告
起吟五篇詩
謂將罷官《自詠》五首
朝與府吏别
暮與州民辭
去年到郡時
麥穗黄離離
今年去郡日
稻花白霏霏
爲郡已周歲
半歲罹旱饑
襦袴無一片
甘棠無一枝
何乃老與幼
泣别盡霑衣
下慚蘇人淚
上愧劉君辭","答吏滿六百石
昔賢輒去之
秩登二千石
今我方罷歸
我秩訝已多
我歸慚已遲
猶勝塵土下
終老無休期
卧乞百日告
起吟五篇詩
謂將罷官《自詠》五首
朝與府吏别
暮與州民辭
去年到郡時
麥穗黄離離
今年去郡日
稻花白霏霏
爲郡已周歲
半歲罹旱饑
襦袴無一片
甘棠無一枝
何乃老與幼
泣别盡霑衣
下慚蘇人淚
上愧劉君辭",155
1425,poem,1425,卷二十一,,,格體,别蘇州,,,1425,revised_jsonl_direct,1426,826,revised_jsonl,笺；旧唐书；吴地记；姑苏志；吴中水利全书；清一统志,,0,False,,0,False,1,16,"浩浩姑蘇民
鬱鬱長洲城
來慚荷寵命
去愧無能名
青紫行將吏
斑白列黎甿
一時臨水拜
十里隨舟行
餞筵猶未收
征棹不可停
稍隔烟樹色
尚聞絲竹聲
悵望武丘路
沉吟滸水亭
還鄉信有興
去郡能無情","别蘇州浩浩姑蘇民
鬱鬱長洲城
來慚荷寵命
去愧無能名
青紫行將吏
斑白列黎甿
一時臨水拜
十里隨舟行
餞筵猶未收
征棹不可停
稍隔烟樹色
尚聞絲竹聲
悵望武丘路
沉吟滸水亭
還鄉信有興
去郡能無情",98
1426,poem,1426,卷二十一,,,格體,卯時酒,,,1426,revised_jsonl_direct,1427,826,revised_jsonl,笺；和梦游春诗一百韵；梦仙；列子；太傅胡广碑；咏怀诗；后汉书；老子；淮南子,列子；后汉书；老子；淮南子,4,True,,0,False,1,34,"佛法讚醍醐
仙方誇沆瀣
未如卯時酒
神速功力倍
一杯置掌上
三嚥入腹内
煦若春貫腸
暄如日炙背
豈獨支體暢
仍加志氣大
當時遺形骸
竟日忘冠帶
似遊華胥國
疑反混元代
一性既完全
萬機皆破碎
半醒思往來
往來吁可怪
寵辱憂喜間
惶惶二十載
前年辭紫闥
今歲抛皂蓋
去矣魚反泉
超然蟬離蜕
是非莫分别
行止無疑礙
浩氣貯胸中
青雲委身外
捫心私自語
自語誰能會
五十年來心
未如今日泰
况兹杯中物
行坐長相對","卯時酒佛法讚醍醐
仙方誇沆瀣
未如卯時酒
神速功力倍
一杯置掌上
三嚥入腹内
煦若春貫腸
暄如日炙背
豈獨支體暢
仍加志氣大
當時遺形骸
竟日忘冠帶
似遊華胥國
疑反混元代
一性既完全
萬機皆破碎
半醒思往來
往來吁可怪
寵辱憂喜間
惶惶二十載
前年辭紫闥
今歲抛皂蓋
去矣魚反泉
超然蟬離蜕
是非莫分别
行止無疑礙
浩氣貯胸中
青雲委身外
捫心私自語
自語誰能會
五十年來心
未如今日泰
况兹杯中物
行坐長相對",206
1427,poem,1427,卷二十一,,,格體,自問行何遲,,,1427,revised_jsonl_direct,1428,826,revised_jsonl,笺；通典,,0,False,,0,False,1,20,"前月發京口
今辰次淮涯
二旬四百里
自問行何遲
還鄉無他計
罷郡有餘資
進不慕富貴
退未憂寒飢
以此易過日
騰騰何所爲
逢山輒倚棹
遇寺多題詩
酒醒夜深後
睡足日高時
眼底一無事
心中百不知
想到京國日
懶放亦如斯
何必冒風水
促促趁程歸","自問行何遲前月發京口
今辰次淮涯
二旬四百里
自問行何遲
還鄉無他計
罷郡有餘資
進不慕富貴
退未憂寒飢
以此易過日
騰騰何所爲
逢山輒倚棹
遇寺多題詩
酒醒夜深後
睡足日高時
眼底一無事
心中百不知
想到京國日
懶放亦如斯
何必冒風水
促促趁程歸",124
1428,poem,1428,卷二十一,,,格體,除日答夢得同發楚州,,,1428,revised_jsonl_direct,1429,826,revised_jsonl,谱；笺；答；酬乐天扬州初逢席上见赠；岁杪将发楚州呈乐天；旧唐书,,0,False,,0,False,1,8,"共作千里伴
俱爲一郡迴
歲陰中路盡
鄉思先春來
山雪晚猶在
淮冰晴欲開
歸歟吟可作
休戀主人杯","除日答夢得同發楚州共作千里伴
俱爲一郡迴
歲陰中路盡
鄉思先春來
山雪晚猶在
淮冰晴欲開
歸歟吟可作
休戀主人杯",56
1429,poem,1429,卷二十一,,,格體,問楊瓊,,,1429,revised_jsonl_direct,1430,826,revised_jsonl,笺；寄李苏州兼示杨琼,,0,False,,0,False,1,4,"古人唱歌兼唱情
今人唱歌唯唱聲
欲説向君君不會
試將此語問楊瓊","問楊瓊古人唱歌兼唱情
今人唱歌唯唱聲
欲説向君君不會
試將此語問楊瓊",34
1430,poem,1430,卷二十一,,,格體,有感三首其一,,,1430,revised_jsonl_direct,1431,826,revised_jsonl,笺；杏为梁；庄子；大方便佛报恩经；大宝积经,庄子,1,True,,0,False,1,18,"鬢毛已斑白
衣綬方朱紫
窮賤當壯年
富榮臨暮齒
車輿紅塵合
第宅青煙起
彼來此須去
品物之常理
第宅非吾廬
逆旅暫留止
子孫非我有
委蛻而已矣
有如蠶造繭
又似花生子
子結花暗凋
繭成蠶老死
悲哉可奈何
舉世皆如此","有感三首其一鬢毛已斑白
衣綬方朱紫
窮賤當壯年
富榮臨暮齒
車輿紅塵合
第宅青煙起
彼來此須去
品物之常理
第宅非吾廬
逆旅暫留止
子孫非我有
委蛻而已矣
有如蠶造繭
又似花生子
子結花暗凋
繭成蠶老死
悲哉可奈何
舉世皆如此",113
1431,poem,1431,卷二十一,,,格體,有感三首其二,,,1431,revised_jsonl_direct,1432,,revised_jsonl,陔余丛考；茶余客话,,0,False,,0,False,1,12,"莫養瘦馬駒
莫教小妓女
後事在目前
不信君看取
馬肥快行走
妓長能歌舞
三年五歲間
已聞換一主
借問新舊主
誰樂誰辛苦
請君大帶上
把筆書此語","有感三首其二莫養瘦馬駒
莫教小妓女
後事在目前
不信君看取
馬肥快行走
妓長能歌舞
三年五歲間
已聞換一主
借問新舊主
誰樂誰辛苦
請君大帶上
把筆書此語",77
1432,poem,1432,卷二十一,,,格體,有感三首其三,,,1432,revised_jsonl_direct,1433,,revised_jsonl,秋池二首,,0,False,,0,False,1,14,"往事勿追思
追思多悲愴
來事勿相迎
相迎亦惆悵
不如兀然坐
不如塌然卧
食來即開口
睡來即合眼
二事最關身
安寢加餐飯
忘懷任行止
委命隨修短
更若有興來
狂歌酒一盞","有感三首其三往事勿追思
追思多悲愴
來事勿相迎
相迎亦惆悵
不如兀然坐
不如塌然卧
食來即開口
睡來即合眼
二事最關身
安寢加餐飯
忘懷任行止
委命隨修短
更若有興來
狂歌酒一盞",89
1433,poem,1433,卷二十一,,,格體,宿滎陽,,,1433,revised_jsonl_direct,1434,827,revised_jsonl,笺；旧唐书；晚秋有怀郑中旧隐；醉吟先生墓志铭；白氏文集；故巩县令白府君事状；和伏武昌登孙权故城；诗；为范始兴作求立太宰碑表；竹杖赋；元和郡县志；明一统志,诗,1,True,,0,False,1,14,"生長在滎陽
少小辭鄉曲
迢迢四十載
復到滎陽宿
去時十一二
今年五十六
追思兒戲時
宛然猶在目
舊居失處所
故里無宗族
豈唯變市朝
兼亦遷陵谷
獨有溱洧水
無情依舊綠","宿滎陽生長在滎陽
少小辭鄉曲
迢迢四十載
復到滎陽宿
去時十一二
今年五十六
追思兒戲時
宛然猶在目
舊居失處所
故里無宗族
豈唯變市朝
兼亦遷陵谷
獨有溱洧水
無情依舊綠",86
1434,poem,1434,卷二十一,,,格體,經溱洧,,,1434,revised_jsonl_direct,1435,827,revised_jsonl,笺；诗,诗,1,True,,0,False,1,6,"落日駐行騎
沉吟懷古情
鄭風變已盡
溱洧至今清
不見士與女
亦無芍藥名","經溱洧落日駐行騎
沉吟懷古情
鄭風變已盡
溱洧至今清
不見士與女
亦無芍藥名",38
1435,poem,1435,卷二十一,,,格體,就花枝,,,1435,revised_jsonl_direct,1436,827,revised_jsonl,笺；大宋宣和遗事；东南行一百韵寄通州元九侍御澧州李十一舍人果州崔二十二使君开州韦大员外庾三十二补阙杜十四拾遗李二十助教员外窦七校书,,0,False,,0,False,1,9,"就花枝
移酒海
今朝不醉明朝悔
且算歡娛逐日來
任他容鬢隨年改
醉翻衫袖抛小令
笑擲骰盤呼大采
自量氣力與心情
三五年間猶得在","就花枝就花枝
移酒海
今朝不醉明朝悔
且算歡娛逐日來
任他容鬢隨年改
醉翻衫袖抛小令
笑擲骰盤呼大采
自量氣力與心情
三五年間猶得在",66
1436,poem,1436,卷二十一,,,格體,喜雨,,,1436,revised_jsonl_direct,1437,827,revised_jsonl,笺；诗；尔雅,诗；尔雅,2,True,,0,False,1,20,"圃旱憂葵堇
農旱憂禾菽
人各有所私
我旱憂松竹
松乾竹燋死
眷眷在心目
灑葉溉其根
汲水勞僮僕
油雲忽東起
凉雨淒相續
似面洗垢塵
如頭得膏沐
千柯習習潤
萬葉欣欣綠
十日澆灌功
不如一霢霂
方知宰生靈
何異活草木
所以聖與賢
同心調玉燭","喜雨圃旱憂葵堇
農旱憂禾菽
人各有所私
我旱憂松竹
松乾竹燋死
眷眷在心目
灑葉溉其根
汲水勞僮僕
油雲忽東起
凉雨淒相續
似面洗垢塵
如頭得膏沐
千柯習習潤
萬葉欣欣綠
十日澆灌功
不如一霢霂
方知宰生靈
何異活草木
所以聖與賢
同心調玉燭",121
1437,poem,1437,卷二十一,,,格體,題道宗上人十韻,,,1437,revised_jsonl_direct,1438,827,revised_jsonl,笺；长安志；唐书；晚归有感；东南行一百韵寄通州元九侍御澧州李十一舍人果州崔二十二使君开州韦大员外庾三十二补阙杜十四拾遗李二十助教员外窦七校书；祭中书韦相公文；白氏文集；喻金鑛偈；旧唐书；登龙昌上寺望江南山怀钱舍人；唐才子传；澈上人文集序；唐故扬州庆云寺律诗一公塔铭；宋高僧传；维摩经；别译杂阿含经；饮酒诗序；世说新语；不二门；广宣上人以应制诗见示因以赠之诏许上人居安国寺红楼院以诗供奉,,0,False,,0,False,1,38,"普濟寺律大德宗上人法堂中
有故相國鄭司徒﹑歸尚書﹑陸刑部﹑元少尹及今吏部鄭相﹑中書韋相﹑錢左丞詩
覽其題
皆與上人唱詶
閲其人
皆朝賢
省其文
皆義語
予始知上人之文
爲義作
爲法作
爲方便智作
爲解脱性作
不爲詩而作也
知上人者云爾
恐不知上人者
謂爲護國﹑法振﹑靈一﹑皎然之徒與
故予題二十句以解之
如來説偈讚
菩薩著論議
是故宗律師
以詩爲佛事
一音無差别
四句有詮次
欲使第一流
皆知不二義
精潔霑戒體
閑澹藏禪味
從容恣語言
縹緲離文字
旁延邦國彦
上達王公貴
先以詩句牽
後令入佛智
人多愛師句
我獨知師意
不似休上人
空多碧雲思","題道宗上人十韻普濟寺律大德宗上人法堂中
有故相國鄭司徒﹑歸尚書﹑陸刑部﹑元少尹及今吏部鄭相﹑中書韋相﹑錢左丞詩
覽其題
皆與上人唱詶
閲其人
皆朝賢
省其文
皆義語
予始知上人之文
爲義作
爲法作
爲方便智作
爲解脱性作
不爲詩而作也
知上人者云爾
恐不知上人者
謂爲護國﹑法振﹑靈一﹑皎然之徒與
故予題二十句以解之
如來説偈讚
菩薩著論議
是故宗律師
以詩爲佛事
一音無差别
四句有詮次
欲使第一流
皆知不二義
精潔霑戒體
閑澹藏禪味
從容恣語言
縹緲離文字
旁延邦國彦
上達王公貴
先以詩句牽
後令入佛智
人多愛師句
我獨知師意
不似休上人
空多碧雲思",278
1438,poem,1438,卷二十一,,,格體,寄皇甫賓客,,,1438,revised_jsonl_direct,1439,827,revised_jsonl,笺；唐书；唐银青光禄大夫太子少保安定皇甫公墓志志；白氏文集；佛说长者子懊恼三处经；太平广记；杜悰；玉泉子；晋书,晋书,1,True,,0,False,1,10,"名利既兩忘
形體方自遂
卧掩羅雀門
無人驚我睡
睡足斗藪衣
閑步中庭地
食飽摩挲腹
心頭無一事
除却玄晏翁
何人知此味","寄皇甫賓客名利既兩忘
形體方自遂
卧掩羅雀門
無人驚我睡
睡足斗藪衣
閑步中庭地
食飽摩挲腹
心頭無一事
除却玄晏翁
何人知此味",64
1439,poem,1439,卷二十一,,,格體,寄庾侍郎,,,1439,revised_jsonl_direct,1440,827,revised_jsonl,笺；梦与李七庾三十三同访元九；旧唐书；世说新语；太平御览；图经；洛下卜居；太湖石记；文苑英华；唐文粹；唐故著作左郎顾况集序；买太湖石；方舆胜览；郡志,,0,False,,0,False,1,12,"一雙華亭鶴
數片太湖石
巉巉蒼玉峰
矯矯青雲翮
是時歲云暮
淡薄烟景夕
庭霜封石稜
池雪印鶴跡
幽致竟誰别
閑靜聊自適
懷哉庾順之
好是今宵客","寄庾侍郎一雙華亭鶴
數片太湖石
巉巉蒼玉峰
矯矯青雲翮
是時歲云暮
淡薄烟景夕
庭霜封石稜
池雪印鶴跡
幽致竟誰别
閑靜聊自適
懷哉庾順之
好是今宵客",75
1440,poem,1440,卷二十一,,,格體,寄崔少監,,,1440,revised_jsonl_direct,1441,827,revised_jsonl,笺；常乐里闲居偶题十六韵兼寄刘十五公舆王十一起吕二炅吕四颖崔十八玄亮元九稹刘三十二敦质张十五仲方时为校书郎；唐故虢州刺史赠礼部尚书崔公墓志铭；白氏文集；隋书；乐府诗集；蔡氏五弄；琴集；游春；渌水；幽居；坐愁；秋思；唐会要；西凉乐；清调；琴调；五弄,,0,False,,0,False,1,14,"微微西風生
稍稍東方明
入秋神骨爽
琴曉絲桐清
彈爲古宮調
玉水寒泠泠
自覺絃指下
不是尋常聲
須臾羣動息
掩琴坐空庭
直至日出後
猶得心和平
惜哉意未已
不使崔君聽","寄崔少監微微西風生
稍稍東方明
入秋神骨爽
琴曉絲桐清
彈爲古宮調
玉水寒泠泠
自覺絃指下
不是尋常聲
須臾羣動息
掩琴坐空庭
直至日出後
猶得心和平
惜哉意未已
不使崔君聽",87
1441,poem,1441,卷二十一,,,格體,醉題沈子明壁,,,1441,revised_jsonl_direct,1442,827,revised_jsonl,笺；晚春欲携酒寻沈四著作先以六韵寄之；渭城曲；对酒五首；乐府诗集；渭城；阳关；送人使安西,,0,False,,0,False,1,6,"不愛君池東十叢菊
不愛君池南萬竿竹
愛君簾下唱歌人
色似芙蓉聲似玉
我有陽關君未聞
若聞亦應愁煞君","醉題沈子明壁不愛君池東十叢菊
不愛君池南萬竿竹
愛君簾下唱歌人
色似芙蓉聲似玉
我有陽關君未聞
若聞亦應愁煞君",55
1442,poem,1442,卷二十一,,,格體,勸酒,,,1442,revised_jsonl_direct,1443,827,revised_jsonl,笺；佛说阿弥陀经讲经文；无常经讲经文；世说新语；村中留李三顾言宿；太平广记；明宗俨；纪闻,,0,False,,0,False,1,17,"勸君一杯君莫辭
勸君兩杯君莫疑
勸君三杯君始知
面上今日老昨日
心中醉時勝醒時
天地迢迢自長久
白兔赤烏相趁走
身後堆金柱北斗
不如生前一樽酒
君不見
春明門外天欲明
喧喧歌哭半死生
遊人駐馬出不得
白輿紫車爭路行
歸去來
頭已白
典錢將用買酒喫","勸酒勸君一杯君莫辭
勸君兩杯君莫疑
勸君三杯君始知
面上今日老昨日
心中醉時勝醒時
天地迢迢自長久
白兔赤烏相趁走
身後堆金柱北斗
不如生前一樽酒
君不見
春明門外天欲明
喧喧歌哭半死生
遊人駐馬出不得
白輿紫車爭路行
歸去來
頭已白
典錢將用買酒喫",125
1443,poem,1443,卷二十一,,,格體,落花,,,1443,revised_jsonl_direct,1444,829,revised_jsonl,笺,,0,False,,0,False,1,12,"留春春不住
春歸人寂寞
厭風風不定
風起花蕭索
既興風前歎
重命花下酌
勸君嘗綠醅
教人拾紅萼
桃飄火燄燄
梨墮雪漠漠
獨有病眼花
春風吹不落","落花留春春不住
春歸人寂寞
厭風風不定
風起花蕭索
既興風前歎
重命花下酌
勸君嘗綠醅
教人拾紅萼
桃飄火燄燄
梨墮雪漠漠
獨有病眼花
春風吹不落",73
1444,poem,1444,卷二十一,,,格體,對鏡吟,,,1444,revised_jsonl_direct,1445,829,revised_jsonl,笺,,0,False,,0,False,1,20,"白頭老人照鏡時
掩鏡沉吟吟舊詩
二十年前一莖白
如今變作滿頭絲
余二十年前嘗有詩云
“白髮生一莖
朝來明鏡裏
勿言一莖少
滿頭從此始
”今則滿頭矣
吟罷迴頭索杯酒
醉來屈指數親知
老於我者多窮賤
設使身存寒且飢
少於我者半爲土
墓樹已抽三五枝
我今幸得見頭白
祿俸不薄官不卑
眼前有酒心無苦
只合歡娛不合悲","對鏡吟白頭老人照鏡時
掩鏡沉吟吟舊詩
二十年前一莖白
如今變作滿頭絲
余二十年前嘗有詩云
“白髮生一莖
朝來明鏡裏
勿言一莖少
滿頭從此始
”今則滿頭矣
吟罷迴頭索杯酒
醉來屈指數親知
老於我者多窮賤
設使身存寒且飢
少於我者半爲土
墓樹已抽三五枝
我今幸得見頭白
祿俸不薄官不卑
眼前有酒心無苦
只合歡娛不合悲",156
1445,poem,1445,卷二十一,,,格體,耳順吟寄敦詩夢得,,,1445,revised_jsonl_direct,1446,831,revised_jsonl,笺；旧唐书；答；花前有感兼呈崔相公刘郎中；长阿含经；论语,论语,1,True,,0,False,1,12,"三十四十五慾牽
七十八十百病纏
五十六十却不惡
恬淡清淨心安然
已過愛貪聲利後
猶在病羸昏耄前
未無筋力尋山水
尚有心情聽管絃
閑開新酒嘗數盞
醉憶舊詩吟一篇
敦詩夢得且相勸
不用嫌他耳順年","耳順吟寄敦詩夢得三十四十五慾牽
七十八十百病纏
五十六十却不惡
恬淡清淨心安然
已過愛貪聲利後
猶在病羸昏耄前
未無筋力尋山水
尚有心情聽管絃
閑開新酒嘗數盞
醉憶舊詩吟一篇
敦詩夢得且相勸
不用嫌他耳順年",103
1446,poem,1446,卷二十一,,,格體,别氈帳火爐,,,1446,revised_jsonl_direct,1447,831,revised_jsonl,笺；青毡帐二十韵；开元寺东池早春；岁晚旅望；溪中早春,,0,False,,0,False,1,22,"憶昨臘月天
北風三尺雪
年老不禁寒
夜長安可徹
賴有青氈帳
風前自張設
復此紅火爐
雪中相暖熱
如魚入淵水
似兔藏深穴
婉軟蟄鱗蘇
温燉凍肌活
方安陰慘夕
遽變陽和節
無奈時候遷
豈是恩情絶
毳簾逐日卷
香燎隨灰滅
離恨屬三春
佳期在十月
但令此身健
不作多時别","别氈帳火爐憶昨臘月天
北風三尺雪
年老不禁寒
夜長安可徹
賴有青氈帳
風前自張設
復此紅火爐
雪中相暖熱
如魚入淵水
似兔藏深穴
婉軟蟄鱗蘇
温燉凍肌活
方安陰慘夕
遽變陽和節
無奈時候遷
豈是恩情絶
毳簾逐日卷
香燎隨灰滅
離恨屬三春
佳期在十月
但令此身健
不作多時别",136
1447,poem,1447,卷二十一,,,格體,六年春贈分司東都諸公,,,1447,revised_jsonl_direct,1448,832,revised_jsonl,谱；笺；唐会要；与诸客携酒寻去年梅花有感；太平广记；尚食令；卢氏杂说；史记；王播；逸史；昼居池上亭独吟；池上篇序；白氏文集；南部新书；礼记；广韵；河中之水歌；抱朴子；肘后经；肘后方；游悟真寺诗一百三十韵,史记；礼记；抱朴子,3,True,,0,False,1,32,"我爲司州牧
内愧無才術
忝擢恩已多
遭逢幸非一
偶當穀賤歲
適值民安日
郡縣獄空虛
鄉閭盜奔逸
其間最幸者
朝客多分秩
行接鵷鷺群
坐成芝蘭室
時聯拜表騎
間動題詩筆
夜雪秉燭遊
春風攜榼出
花教鶯點檢
柳付風排比
法酒澹清漿
含桃嫋紅實
洛童調去聲金管
盧女鏗瑶瑟
黛慘歌思深
腰凝舞拍密
每因同醉樂
自覺忘衰疾
始悟肘後方
不如杯中物
生涯隨日過
世事何時畢
老子苦乖慵
希君數牽率","六年春贈分司東都諸公我爲司州牧
内愧無才術
忝擢恩已多
遭逢幸非一
偶當穀賤歲
適值民安日
郡縣獄空虛
鄉閭盜奔逸
其間最幸者
朝客多分秩
行接鵷鷺群
坐成芝蘭室
時聯拜表騎
間動題詩筆
夜雪秉燭遊
春風攜榼出
花教鶯點檢
柳付風排比
法酒澹清漿
含桃嫋紅實
洛童調去聲金管
盧女鏗瑶瑟
黛慘歌思深
腰凝舞拍密
每因同醉樂
自覺忘衰疾
始悟肘後方
不如杯中物
生涯隨日過
世事何時畢
老子苦乖慵
希君數牽率",203
1448,poem,1448,卷二十一,,,格體,九日代羅樊二妓招舒著作,,,1448,revised_jsonl_direct,1449,832,revised_jsonl,笺；旧唐书；和乐天洛城春齐梁体八韵；洛阳春赠刘李二宾客；文镜秘府论；题故人别业；伤徐主簿；夜过盘石隔河望永乐寄闺中效齐梁体；才调集；边笳曲；春晓曲；侠客行；春日；咏嚬；太子西池二首；寄题天台国清寺齐梁体；拟齐梁体寄冯使君三首；云溪友议；琴瑟合奏赋；霓裳羽衣曲诗；钝吟杂录；元白诗笺证稿；白氏长庆集；九日代樊罗二妓招舒著作,,0,False,,0,False,1,4,"羅敷斂雙袂
樊姬獻一杯
不見舒員外
秋菊爲誰開","九日代羅樊二妓招舒著作羅敷斂雙袂
樊姬獻一杯
不見舒員外
秋菊爲誰開",34
1449,poem,1449,卷二十一,,,格體,憶舊遊,,,1449,revised_jsonl_direct,1450,832,revised_jsonl,谱；笺；苏州刺史谢上表；长洲苑；吴中好风景二首；吴郡志；南史；吴趋行；文选；吴地记；清歌发；歌响遏行云赋；会真诗；闲夜咏怀因招周协律刘薛二秀才；赠别杨颖士卢克柔殷尧藩；岁日家宴戏示弟侄等兼呈张侍御二十八丈殷判官二十三兄；七哀诗,七哀诗,1,True,,0,False,1,24,"憶舊遊
舊遊安在哉
舊遊之人半白首
舊遊之地多蒼苔
江南舊遊凡幾處
就中最憶吳江隈
長洲苑綠柳萬樹
齊雲樓春酒一杯
閶門曉嚴旗鼓出
臯橋夕鬧船舫迴
修娥慢臉燈下醉
急管繁絃頭上催
六七年前狂爛漫
三千里外思徘徊
李娟張態一春夢
周五殷三歸夜臺
虎丘月色爲誰好
娃宮花枝應自開
賴得劉郎解吟詠
江山氣色合歸來
娟﹑態
蘇州妓名
周﹑殷
蘇州從事","憶舊遊憶舊遊
舊遊安在哉
舊遊之人半白首
舊遊之地多蒼苔
江南舊遊凡幾處
就中最憶吳江隈
長洲苑綠柳萬樹
齊雲樓春酒一杯
閶門曉嚴旗鼓出
臯橋夕鬧船舫迴
修娥慢臉燈下醉
急管繁絃頭上催
六七年前狂爛漫
三千里外思徘徊
李娟張態一春夢
周五殷三歸夜臺
虎丘月色爲誰好
娃宮花枝應自開
賴得劉郎解吟詠
江山氣色合歸來
娟﹑態
蘇州妓名
周﹑殷
蘇州從事",174
1450,poem,1450,卷二十一,,,格體,答崔賓客晦叔十二月四日見寄,,,1450,revised_jsonl_direct,1451,832,revised_jsonl,谱；笺；寄崔少监；唐故虢州刺史赠礼部尚书崔公墓志铭；白氏文集；唐书；庄子；酒德颂,庄子；酒德颂,2,True,,0,False,1,8,"今歲日餘二十六
來歲年登六十二
尚不能憂眼下身
因何更算人間事
居士忘筌默默坐
先生枕麴昏昏睡
早晚相從歸醉鄉
醉鄉去此無多地","答崔賓客晦叔十二月四日見寄今歲日餘二十六
來歲年登六十二
尚不能憂眼下身
因何更算人間事
居士忘筌默默坐
先生枕麴昏昏睡
早晚相從歸醉鄉
醉鄉去此無多地",76
1451,poem,1451,卷二十一,,,格體,勸我酒,,,1451,revised_jsonl_direct,1452,832,revised_jsonl,笺,,0,False,,0,False,1,9,"勸我酒
我不辭
請君歌
歌莫遲
歌聲長
辭亦切
此辭聽者堪愁絶
洛陽女兒面似花
河南大尹頭如雪","勸我酒勸我酒
我不辭
請君歌
歌莫遲
歌聲長
辭亦切
此辭聽者堪愁絶
洛陽女兒面似花
河南大尹頭如雪",50
1452,poem,1452,卷二十一,,,格體,贈韋處士六年夏大熱旱,,,1452,revised_jsonl_direct,1453,832,revised_jsonl,笺；荐李晏韦楚状；白氏文集；剧谈录；华严经,,0,False,,0,False,1,15,"驕陽連毒暑
動植皆枯槁
旱日乾密雲
炎烟燋茂草
少壯猶困苦
况予病且老
既無白栴檀
何以除熱惱
《華嚴經》云
“以白栴檀塗身
能除一切熱惱而得清凉也
”汗巾束頭鬢
羶食熏襟抱
始覺韋山人
休糧散髮好","贈韋處士六年夏大熱旱驕陽連毒暑
動植皆枯槁
旱日乾密雲
炎烟燋茂草
少壯猶困苦
况予病且老
既無白栴檀
何以除熱惱
《華嚴經》云
“以白栴檀塗身
能除一切熱惱而得清凉也
”汗巾束頭鬢
羶食熏襟抱
始覺韋山人
休糧散髮好",109
1453,poem,1453,卷二十二,,,格體,和微之詩二十三首和晨霞,,,1453,revised_jsonl_direct,1454,828,revised_jsonl,笺；黄庭内景经；云笈七签；服气精义论；佛说弥勒下生经；楞严经；游悟真寺诗一百三十韵；别译杂阿含经；观无量寿经；大乘本生心地观经；大般涅槃经；华严经；圆觉经；法华经；大般若波罗蜜多经；大宝积经；步虚词,步虚词,1,True,,0,False,1,24,"君歌仙氏真
我歌慈氏真
慈氏發真念
念此閻浮人
左命大迦葉
右召提桓因
千萬化菩薩
百億諸鬼神
上自非想頂
下及風水輪
胎卵濕化類
蠢蠢難具陳
弘願在救拔
大悲忘辛勤
無論善不善
豈問冤與親
抉開生盲眼
擺去煩惱塵
燭以智慧日
灑之甘露津
千界一時度
萬法無與鄰
借問晨霞子
何如朝玉宸","和微之詩二十三首和晨霞君歌仙氏真
我歌慈氏真
慈氏發真念
念此閻浮人
左命大迦葉
右召提桓因
千萬化菩薩
百億諸鬼神
上自非想頂
下及風水輪
胎卵濕化類
蠢蠢難具陳
弘願在救拔
大悲忘辛勤
無論善不善
豈問冤與親
抉開生盲眼
擺去煩惱塵
燭以智慧日
灑之甘露津
千界一時度
萬法無與鄰
借問晨霞子
何如朝玉宸",154
1454,poem,1454,卷二十二,,,格體,和微之詩二十三首和送劉道士遊天台,,,1454,revised_jsonl_direct,1455,828,revised_jsonl,笺；云笈七签；奔辰飞登五星法；思神诀；步虚词；太一守尸；阴真君传；黄庭内景经；楚辞；淮南子；江楼夜吟元九律诗成三十韵；西王母传；穆天子传；列仙传；神仙传；太平经；初学记；纂要；中阿含经；般若波罗蜜多心经；上清紫文吞日气法；赤丹金精石景水母玉胞经；上清紫书；梦仙；童蒙止观；华严经；易；思玄赋；大般若波罗蜜多经；楞严经；方广大庄严经；新昌新居书事四十韵因寄元郎中张博士,步虚词；楚辞；淮南子；穆天子传；列仙传；神仙传；纂要；易,8,True,,0,False,1,40,"聞君夢遊仙
輕舉超世雰
握持尊皇節
統衛吏兵軍
靈旂星月象
天衣龍鳳紋
佩服交帶籙
諷吟蘂珠文
閬宮縹緲間
鈞樂依稀聞
齋心謁西母
膜拜朝東君
煙霏子晉裾
霞爛麻姑裙
倏忽别真侶
悵望隨歸雲
人生同大夢
夢與覺誰分
况此夢中夢
悠哉何足云
假如金闕頂
設使銀河濆
既未出三界
猶應在五蘊
飲嚥日月精
茹嚼沆瀣芬
尚是色香味
六塵之所熏
仙中有大仙
首出夢幻羣
慈光一照燭
奧法相烟熅
不知萬齡暮
不見三光曛
一性自了了
萬緣徒紛紛
苦海不能漂
刧火不能焚
此是竺乾教
先生垂典墳","和微之詩二十三首和送劉道士遊天台聞君夢遊仙
輕舉超世雰
握持尊皇節
統衛吏兵軍
靈旂星月象
天衣龍鳳紋
佩服交帶籙
諷吟蘂珠文
閬宮縹緲間
鈞樂依稀聞
齋心謁西母
膜拜朝東君
煙霏子晉裾
霞爛麻姑裙
倏忽别真侶
悵望隨歸雲
人生同大夢
夢與覺誰分
况此夢中夢
悠哉何足云
假如金闕頂
設使銀河濆
既未出三界
猶應在五蘊
飲嚥日月精
茹嚼沆瀣芬
尚是色香味
六塵之所熏
仙中有大仙
首出夢幻羣
慈光一照燭
奧法相烟熅
不知萬齡暮
不見三光曛
一性自了了
萬緣徒紛紛
苦海不能漂
刧火不能焚
此是竺乾教
先生垂典墳",255
1455,poem,1455,卷二十二,,,格體,和微之詩二十三首和櫛沐寄道友,,,1455,revised_jsonl_direct,1456,828,revised_jsonl,笺；长恨歌；老子,老子,1,True,,0,False,1,24,"櫛沐事朝謁
中門初動關
盛服去尚早
假寐須臾間
鐘聲發東寺
夜色藏南山
停驂待五漏
人馬同時閑
高星粲金粟
落月沉玉環
出門向闕路
坦坦無阻艱
始出里北閈
稍轉市西闤
晨燭照朝服
紫爛復朱殷
由來朝庭士
一入多不還
因循擲白日
積漸凋朱顔
青雲已難致
碧落安能攀
但且知止足
尚可銷憂患","和微之詩二十三首和櫛沐寄道友櫛沐事朝謁
中門初動關
盛服去尚早
假寐須臾間
鐘聲發東寺
夜色藏南山
停驂待五漏
人馬同時閑
高星粲金粟
落月沉玉環
出門向闕路
坦坦無阻艱
始出里北閈
稍轉市西闤
晨燭照朝服
紫爛復朱殷
由來朝庭士
一入多不還
因循擲白日
積漸凋朱顔
青雲已難致
碧落安能攀
但且知止足
尚可銷憂患",157
1456,poem,1456,卷二十二,,,格體,和微之詩二十三首和祝蒼華,,,1456,revised_jsonl_direct,1457,828,revised_jsonl,笺；黄庭内景经；诗；赠刘师服；举正；庄子；敦煌变文集；敦煌变文字义通释；左传；岁华纪丽；风俗通义；尔雅翼；楚辞,诗；庄子；左传；楚辞,4,True,,0,False,1,24,"日居復月諸
環迴照下土
使我玄雲髮
化爲素絲縷
稟質本羸劣
養生仍莽鹵
痛飲困連宵
悲吟飢過午
遂令頭上髮
種種無尺五
根稀比黍苗
梢細同釵股
豈是乏膏沐
非關櫛風雨
最爲悲傷多
心燋衰落苦
餘者能有幾
落者不可數
秃似鵲填河
墮如烏解羽
蒼華何用祝
苦辭亦休吐
匹如剃頭僧
豈要巾冠主","和微之詩二十三首和祝蒼華日居復月諸
環迴照下土
使我玄雲髮
化爲素絲縷
稟質本羸劣
養生仍莽鹵
痛飲困連宵
悲吟飢過午
遂令頭上髮
種種無尺五
根稀比黍苗
梢細同釵股
豈是乏膏沐
非關櫛風雨
最爲悲傷多
心燋衰落苦
餘者能有幾
落者不可數
秃似鵲填河
墮如烏解羽
蒼華何用祝
苦辭亦休吐
匹如剃頭僧
豈要巾冠主",155
1457,poem,1457,卷二十二,,,格體,和微之詩二十三首和我年三首其一,,,1457,revised_jsonl_direct,1458,828,revised_jsonl,谱；笺；垂钓,,0,False,,0,False,1,8,"我年五十七
榮名得幾許
甲乙三道科
蘇杭兩州主
才能本淺薄
心力虛勞苦
可能隨衆人
終老於塵土","和微之詩二十三首和我年三首其一我年五十七
榮名得幾許
甲乙三道科
蘇杭兩州主
才能本淺薄
心力虛勞苦
可能隨衆人
終老於塵土",62
1458,poem,1458,卷二十二,,,格體,和微之詩二十三首和我年三首其二,,,1458,revised_jsonl_direct,1459,828,revised_jsonl,井底引银瓶；放鹰；三国志；孟子；诗；后汉书；闻丹丘子于城北营石门幽居中有高凤遗迹；送杨山人归嵩阳；酬乐天七月一日夜即事见寄；送张山人归嵩阳,孟子；诗；后汉书,3,True,,0,False,1,20,"我年五十七
歸去誠已遲
歷官十五政
數若珠纍纍
野苹始賓薦
場苗初縶維
因讀管蕭書
竊慕大有爲
及遭榮遇來
乃覺才力羸
黄紙詔頻草
朱輪車載脂
妻孥及僕使
皆免寒與飢
省躬私自愧
知我者微之
永懷山陰守
未遂嵩陽期
如何坐留滯
頭白江之湄","和微之詩二十三首和我年三首其二我年五十七
歸去誠已遲
歷官十五政
數若珠纍纍
野苹始賓薦
場苗初縶維
因讀管蕭書
竊慕大有爲
及遭榮遇來
乃覺才力羸
黄紙詔頻草
朱輪車載脂
妻孥及僕使
皆免寒與飢
省躬私自愧
知我者微之
永懷山陰守
未遂嵩陽期
如何坐留滯
頭白江之湄",134
1459,poem,1459,卷二十二,,,格體,和微之詩二十三首和我年三首其三,,,1459,revised_jsonl_direct,1460,828,revised_jsonl,左传；诗；五君咏；高士传,左传；诗,2,True,,0,False,1,20,"我年五十七
榮名得非少
報國竟何如
謀身猶未了
昔嘗速官謗
恩大而懲小
一黜鶴辭軒
七年魚在沼
將枯鱗再躍
經鎩翮重矯
白日上昭昭
青雲高渺渺
平生頗同病
老大宜相曉
紫綬足可榮
白頭不爲夭
夙懷慕箕潁
晚節期松篠
何當闕下來
同拜陳情表","和微之詩二十三首和我年三首其三我年五十七
榮名得非少
報國竟何如
謀身猶未了
昔嘗速官謗
恩大而懲小
一黜鶴辭軒
七年魚在沼
將枯鱗再躍
經鎩翮重矯
白日上昭昭
青雲高渺渺
平生頗同病
老大宜相曉
紫綬足可榮
白頭不爲夭
夙懷慕箕潁
晚節期松篠
何當闕下來
同拜陳情表",134
1460,poem,1460,卷二十二,,,格體,和微之詩二十三首和三月三十日四十韻,,,1460,revised_jsonl_direct,1461,828,revised_jsonl,笺；旧唐书；东京赋；文选；广韵；题小桥前新竹招客；昆明春水满；诗；礼记；题旧写真图；通典；淮南子；左传；醉题候仙亭；真娘墓；吴郡志；咸淳临安志；舆地志；赠友；楚辞；龙龛手镜；初出蓝田路作；江南谪居十韵；五杂俎；世说新语；后汉书；晋书；史记,诗；礼记；淮南子；左传；楚辞；后汉书；晋书；史记,8,True,,0,False,1,86,"送春君何在
君在山陰署
憶我蘇杭時
春遊亦多悆
爲君歌往事
豈敢辭勞慮
莫怪言語狂
須知酬答遽
江南臘月半
冰凍凝如瘀
寒景尚蒼茫
和風已吹噓
女牆城似竈
雁齒橋如鋸
魚尾上奫淪
草芽生沮洳
律遲太簇管
日緩羲和馭
布澤木龍催
迎春土牛助
雨師習習灑
雲將飄飄翥
四野萬里晴
千山一時曙
杭土麗且康
蘇民富而庶
善惡有懲勸
剛柔無吐茹
兩衙少辭牒
四境稀書疏
俗以勞倈安
政因閑暇著
仙亭日登眺
虎丘時遊預
望仙亭在杭
虎丘寺在蘇
尋幽駐旌軒
選勝迴賓御
舟移溪鳥避
樂作林猿覰
池古莫耶沉
石奇羅刹踞
劍池在蘇州
羅刹石在杭州
水苗泥易耨
畬粟灰難鋤
紫蕨抽出畦
白蓮埋在淤
萎花紅帶黯
濕葉黄含菸
《楚辭》云
“葉菸䓃而就黄
”鏡動波颭菱
雪迴風旋絮
手經攀桂馥
齒爲嘗梅楚
坐併船脚欹
行多馬蹄跙
聖賢清濁醉
水陸鮮肥飫
魚鱠芥醬調
水葵鹽豉絮敕慮反
雖微五袴詠
幸免兆人詛
但令樂不荒
何必遊無倨
吳苑僕尋罷
越城公尚據
舊遊幾客存
新宴誰人與去
莫空文舉酒
强下何曾筯
江上易優遊
城中多毀譽
分應當自畫
事勿求人恕
我既無子孫
君仍畢婚娶
久爲雲雨别
終擬江湖去
范蠡有扁舟
陶潛有籃輿
兩心苦相憶
兩口遥相語
最恨七年春
春來各一處","和微之詩二十三首和三月三十日四十韻送春君何在
君在山陰署
憶我蘇杭時
春遊亦多悆
爲君歌往事
豈敢辭勞慮
莫怪言語狂
須知酬答遽
江南臘月半
冰凍凝如瘀
寒景尚蒼茫
和風已吹噓
女牆城似竈
雁齒橋如鋸
魚尾上奫淪
草芽生沮洳
律遲太簇管
日緩羲和馭
布澤木龍催
迎春土牛助
雨師習習灑
雲將飄飄翥
四野萬里晴
千山一時曙
杭土麗且康
蘇民富而庶
善惡有懲勸
剛柔無吐茹
兩衙少辭牒
四境稀書疏
俗以勞倈安
政因閑暇著
仙亭日登眺
虎丘時遊預
望仙亭在杭
虎丘寺在蘇
尋幽駐旌軒
選勝迴賓御
舟移溪鳥避
樂作林猿覰
池古莫耶沉
石奇羅刹踞
劍池在蘇州
羅刹石在杭州
水苗泥易耨
畬粟灰難鋤
紫蕨抽出畦
白蓮埋在淤
萎花紅帶黯
濕葉黄含菸
《楚辭》云
“葉菸䓃而就黄
”鏡動波颭菱
雪迴風旋絮
手經攀桂馥
齒爲嘗梅楚
坐併船脚欹
行多馬蹄跙
聖賢清濁醉
水陸鮮肥飫
魚鱠芥醬調
水葵鹽豉絮敕慮反
雖微五袴詠
幸免兆人詛
但令樂不荒
何必遊無倨
吳苑僕尋罷
越城公尚據
舊遊幾客存
新宴誰人與去
莫空文舉酒
强下何曾筯
江上易優遊
城中多毀譽
分應當自畫
事勿求人恕
我既無子孫
君仍畢婚娶
久爲雲雨别
終擬江湖去
范蠡有扁舟
陶潛有籃輿
兩心苦相憶
兩口遥相語
最恨七年春
春來各一處",540
1461,poem,1461,卷二十二,,,格體,和微之詩二十三首和寄樂天,,,1461,revised_jsonl_direct,1462,828,revised_jsonl,笺；淮南子；伤友；太平广记；乐生；逸史；尉迟敬德；广韵；秋胡行；头陀寺碑文；赠皇甫谧；两仪诗；冬夜裴员外薛侍御置酒宴集序；六年春赠分司东都诸公；祖堂集；报任安书；藉田赋,淮南子；两仪诗,2,True,,0,False,1,47,"賢愚類相交
人情之大率
然自古今來
幾人號膠漆
近聞屈指數
元某與白乙
旁愛及弟兄
中懽比音避家室
松筠與金石
未足喻堅密
在車如輪轅
在身如肘膝
又如風雲會
天使相召匹
不似勢利交
有名而無實
頃我在杭歲
值君之越日
望愁來儀遲
宴惜流景疾
坐耀黄金帶
酌酡頳玉質
酣歌口不停
狂舞衣相拂
平生賞心事
施展十未一
會笑始啞啞
離嗟乃唧唧
餞筵纔收拾
征棹遽排比
後恨苦緜緜
前歡何卒卒
居人色慘澹
行子心紆鬱
風袂去時揮
雲帆望中失
宿酲和别思
目眩心忽忽
病魂黯然銷
老淚淒其出
别君只如昨
芳歲換六七
俱是官家身
後期難自必
《籍田賦》云
“難望歲而自必
”","和微之詩二十三首和寄樂天賢愚類相交
人情之大率
然自古今來
幾人號膠漆
近聞屈指數
元某與白乙
旁愛及弟兄
中懽比音避家室
松筠與金石
未足喻堅密
在車如輪轅
在身如肘膝
又如風雲會
天使相召匹
不似勢利交
有名而無實
頃我在杭歲
值君之越日
望愁來儀遲
宴惜流景疾
坐耀黄金帶
酌酡頳玉質
酣歌口不停
狂舞衣相拂
平生賞心事
施展十未一
會笑始啞啞
離嗟乃唧唧
餞筵纔收拾
征棹遽排比
後恨苦緜緜
前歡何卒卒
居人色慘澹
行子心紆鬱
風袂去時揮
雲帆望中失
宿酲和别思
目眩心忽忽
病魂黯然銷
老淚淒其出
别君只如昨
芳歲換六七
俱是官家身
後期難自必
《籍田賦》云
“難望歲而自必
”",294
1462,poem,1462,卷二十二,,,格體,和微之詩二十三首和寄問劉白,,,1462,revised_jsonl_direct,1463,828,revised_jsonl,笺；答；淮南子；同声歌,淮南子,1,True,,0,False,1,16,"正與劉夢得
醉笑大開口
適值此詩來
歡喜君知否
遂令高卷幕
兼遣重添酒
起望會稽雲
東南一迴首
愛君金玉句
舉世誰人有
功用隨日新
資材本天授
吟哦不能散
自午將及酉
遂留夢得眠
匡牀宿東牖","和微之詩二十三首和寄問劉白正與劉夢得
醉笑大開口
適值此詩來
歡喜君知否
遂令高卷幕
兼遣重添酒
起望會稽雲
東南一迴首
愛君金玉句
舉世誰人有
功用隨日新
資材本天授
吟哦不能散
自午將及酉
遂留夢得眠
匡牀宿東牖",108
1463,poem,1463,卷二十二,,,格體,和微之詩二十三首和新樓北園偶集從孫公度周巡官韓秀才盧秀才范處士小飲鄭侍御判官周劉二從事皆先歸,,,1463,revised_jsonl_direct,1464,828,revised_jsonl,笺；送公度之福建；送孙胜；全唐诗人名考证；元公度授华阴县令制；外集；赠卢绩；和酬郑侍御东阳春闷放怀追越游见寄；闲夜咏怀因招周协律刘薛二秀才；酬周从事望海亭见寄；余杭周从事以十章见寄词调清婉难于遍酬聊和首篇以答来贶；酒德颂；史记；晋书；淮南子；芜城赋；楚辞；酬郑从事四年九月宴望海亭次用旧韵；水经注；吴越春秋；嘉泰会稽志；太平寰宇记；越绝书；战国策；郡国志,酒德颂；史记；晋书；淮南子；芜城赋；楚辞；吴越春秋；战国策,8,True,,0,False,1,40,"聞君新樓宴
下對北園花
主人既賢豪
賓客皆才華
初筵日未高
中飲景已斜
天地爲幕席
富貴如泥沙
嵇劉陶阮徒
不足置齒牙
卧甕鄙畢卓
落帽嗤孟嘉
芳草供枕藉
亂鶯助諠譁
醉鄉得道路
狂海無津涯
一歲春又盡
百年期不賒
同醉君勿辭
獨醒古所嗟
銷愁若沃雪
破悶如剖瓜
稱觴起爲壽
此樂無以加
歌聲凝貫珠
舞袖飄亂麻
相公謂四座
今日非自誇
有奴善吹笙
有婢彈琵琶
十指纖若笋
雙鬟黳如鵶
履舄起交雜
杯盤散紛拏
歸去勿擁遏
倒載逃難遮
明日宴東武
後日遊若耶
豈獨相公樂
謳歌千萬家","和微之詩二十三首和新樓北園偶集從孫公度周巡官韓秀才盧秀才范處士小飲鄭侍御判官周劉二從事皆先歸聞君新樓宴
下對北園花
主人既賢豪
賓客皆才華
初筵日未高
中飲景已斜
天地爲幕席
富貴如泥沙
嵇劉陶阮徒
不足置齒牙
卧甕鄙畢卓
落帽嗤孟嘉
芳草供枕藉
亂鶯助諠譁
醉鄉得道路
狂海無津涯
一歲春又盡
百年期不賒
同醉君勿辭
獨醒古所嗟
銷愁若沃雪
破悶如剖瓜
稱觴起爲壽
此樂無以加
歌聲凝貫珠
舞袖飄亂麻
相公謂四座
今日非自誇
有奴善吹笙
有婢彈琵琶
十指纖若笋
雙鬟黳如鵶
履舄起交雜
杯盤散紛拏
歸去勿擁遏
倒載逃難遮
明日宴東武
後日遊若耶
豈獨相公樂
謳歌千萬家",285
1464,poem,1464,卷二十二,,,格體,和微之詩二十三首和除夜作,,,1464,revised_jsonl_direct,1465,829,revised_jsonl,笺；舞鹤赋；文选；礼记；汉书；旧唐书；晋书；史记；汉书音义；论语；登楼赋,舞鹤赋；礼记；汉书；晋书；史记；论语；登楼赋,7,True,,0,False,1,40,"君賦此詩夜
窮陰歲之餘
我和此詩日
微和春之初
老知顔狀改
病覺支體虛
頭上毛髮短
口中牙齒疏
一落老病界
難逃生死墟
况此促促世
與君多索居
君在浙江東
榮駕方伯輿
我在魏闕下
謬乘大夫車
妻孥常各飽
奴婢亦盈廬
唯是利人事
比君全不如
我統十郎官
君領百吏胥
我掌四曹局
君管千鄉閭
君爲父母君
大惠在資儲
我爲刀筆吏
小惡乃誅鋤
君提七郡籍
我按三尺書
俱已佩金印
嘗同趨玉除
外寵信非薄
中懷何不攄
恩光未報答
日月空居諸
磊落嘗許君
跼促應笑余
所以自知分
欲先歌歸歟","和微之詩二十三首和除夜作君賦此詩夜
窮陰歲之餘
我和此詩日
微和春之初
老知顔狀改
病覺支體虛
頭上毛髮短
口中牙齒疏
一落老病界
難逃生死墟
况此促促世
與君多索居
君在浙江東
榮駕方伯輿
我在魏闕下
謬乘大夫車
妻孥常各飽
奴婢亦盈廬
唯是利人事
比君全不如
我統十郎官
君領百吏胥
我掌四曹局
君管千鄉閭
君爲父母君
大惠在資儲
我爲刀筆吏
小惡乃誅鋤
君提七郡籍
我按三尺書
俱已佩金印
嘗同趨玉除
外寵信非薄
中懷何不攄
恩光未報答
日月空居諸
磊落嘗許君
跼促應笑余
所以自知分
欲先歌歸歟",251
1465,poem,1465,卷二十二,,,格體,和微之詩二十三首和知非,,,1465,revised_jsonl_direct,1466,829,revised_jsonl,笺；自咏；入楞伽经；祖堂集；乐道歌；老子；喻道论；云笈七签；修真旨要；杂阿含经；醉吟二首；庄子；淮南子,老子；庄子；淮南子,3,True,,0,False,1,40,"因君知非問
詮較天下事
第一莫若禪
第二無如醉
禪能泯人我
醉可忘榮悴
與君次第言
爲我少留意
儒教重禮法
道家養神氣
重禮足滋彰
養神多避忌
不如學禪定
中有甚深味
曠廓了如空
澄凝勝於睡
屏除默默念
銷盡悠悠思
春無傷春心
秋無感秋淚
坐成真諦樂
如受空王賜
既得脱塵勞
兼應離慚愧
除禪其次醉
此説非無謂
一酌機即忘
三杯性咸遂
逐臣去室婦
降虜敗軍帥
思苦膏火煎
憂深扃鎖秘
須憑百杯沃
莫惜千金費
便似罩中魚
脱飛生兩翅
勸君雖老大
逢酒莫迴避
不然即學禪
兩途同一致","和微之詩二十三首和知非因君知非問
詮較天下事
第一莫若禪
第二無如醉
禪能泯人我
醉可忘榮悴
與君次第言
爲我少留意
儒教重禮法
道家養神氣
重禮足滋彰
養神多避忌
不如學禪定
中有甚深味
曠廓了如空
澄凝勝於睡
屏除默默念
銷盡悠悠思
春無傷春心
秋無感秋淚
坐成真諦樂
如受空王賜
既得脱塵勞
兼應離慚愧
除禪其次醉
此説非無謂
一酌機即忘
三杯性咸遂
逐臣去室婦
降虜敗軍帥
思苦膏火煎
憂深扃鎖秘
須憑百杯沃
莫惜千金費
便似罩中魚
脱飛生兩翅
勸君雖老大
逢酒莫迴避
不然即學禪
兩途同一致",250
1466,poem,1466,卷二十二,,,格體,和微之詩二十三首和望曉,,,1466,revised_jsonl_direct,1467,829,revised_jsonl,笺；太平寰宇记；山海经；答知己书；太平广记；崔绍；幽州纪圣功碑铭；唐会要；沙堤行；伤友；唐国史补；旧唐书；易象；唐两京城考；干；朝回游城南；早祭风伯因怀李十一舍人；曲江早秋；东南行一百韵寄通州元九侍御澧州李十一舍人果州崔二十二使君开州韦大员外庾三十二补阙杜十四拾遗李二十助教员外窦七校书,山海经,1,True,,0,False,1,41,"休吟稽山晚
聽詠秦城旦
鳴雞初有聲
宿鳥猶未散
丁丁漏向盡
鼕鼕鼓過半
南山青沉沉
東方白漫漫
街心若流水
城角如斷岸
星河稍隅落
宮闕方輪煥
朝車雷四合
騎火星一貫
赫弈冠蓋盛
熒煌朱紫爛
沙堤亘蟆池
子城東北低下處舊號蝦蟆池
市路遶龍斷
白日忽照耀
紅塵紛散亂
貴教過客避
榮任行人看
祥烟滿虛空
春色無邊畔
鵷行候晷刻
龍尾登霄漢
臺殿暖宜攀
風光晴可玩
草鋪地茵褥
雲卷天幃幔
鶯雜佩鏘鏘
花饒衣粲粲
何言終日樂
獨起臨風歎
歎我同心人
一别春七換
相望山隔礙
欲去官羈絆
何日到江東
超然似張翰","和微之詩二十三首和望曉休吟稽山晚
聽詠秦城旦
鳴雞初有聲
宿鳥猶未散
丁丁漏向盡
鼕鼕鼓過半
南山青沉沉
東方白漫漫
街心若流水
城角如斷岸
星河稍隅落
宮闕方輪煥
朝車雷四合
騎火星一貫
赫弈冠蓋盛
熒煌朱紫爛
沙堤亘蟆池
子城東北低下處舊號蝦蟆池
市路遶龍斷
白日忽照耀
紅塵紛散亂
貴教過客避
榮任行人看
祥烟滿虛空
春色無邊畔
鵷行候晷刻
龍尾登霄漢
臺殿暖宜攀
風光晴可玩
草鋪地茵褥
雲卷天幃幔
鶯雜佩鏘鏘
花饒衣粲粲
何言終日樂
獨起臨風歎
歎我同心人
一别春七換
相望山隔礙
欲去官羈絆
何日到江東
超然似張翰",263
1467,poem,1467,卷二十二,,,格體,和微之詩二十三首和李勢女,,,1467,revised_jsonl_direct,1468,829,revised_jsonl,笺；世说新语；续晋阳秋；妒记；太平御览；登徒子好色赋；蔡琰别传；彭城公夫人尔朱氏墓志铭；史记；新论；魏志；吴越春秋,登徒子好色赋；史记；新论；魏志；吴越春秋,5,True,,0,False,1,30,"減一分太短
增一分太長
不朱面若花
不粉肌如霜
色爲天下豔
心乃女中郎
自言重不幸
家破身未亡
人各有一死
此死職所當
忍將先人體
與主爲疣瘡
妾死主意快
從此兩無妨
願信赤心語
速即白刃光
南郡忽感激
却立捨鋒鋩
撫背稱阿姊
歸我如歸鄉
竟以恩信待
豈止猜妬忘
由來机上肉
不足揮干將
南郡死已久
骨枯墓蒼蒼
願於墓上頭
立石鐫此章
勸誡天下婦
不令陰勝陽","和微之詩二十三首和李勢女減一分太短
增一分太長
不朱面若花
不粉肌如霜
色爲天下豔
心乃女中郎
自言重不幸
家破身未亡
人各有一死
此死職所當
忍將先人體
與主爲疣瘡
妾死主意快
從此兩無妨
願信赤心語
速即白刃光
南郡忽感激
却立捨鋒鋩
撫背稱阿姊
歸我如歸鄉
竟以恩信待
豈止猜妬忘
由來机上肉
不足揮干將
南郡死已久
骨枯墓蒼蒼
願於墓上頭
立石鐫此章
勸誡天下婦
不令陰勝陽",191
1468,poem,1468,卷二十二,,,格體,和微之詩二十三首和酬鄭侍御東陽春悶放懷追越遊見寄,,,1468,revised_jsonl_direct,1469,829,revised_jsonl,笺；全唐文；禹穴碑铭序；禹穴碑；新唐书；旧唐书；诗；汉书；京氏易；世说新语；三都赋；二京；登乐游园望；晋书；养生论；淮南子；赠蔡子笃诗；离思赋；闲夜咏怀因招周协律刘薛二秀才,诗；汉书；晋书；淮南子,4,True,,0,False,1,44,"君得嘉魚置賓席
樂如南有嘉魚時
勁氣森爽竹竿竦
妍文煥爛芙蓉披
載筆在幕名已重
補衮於朝官尚卑
一緘疏入掩谷永
三都賦成排左思
自言拜辭主人後
離心蕩颺風前旗
東南門館别經歲
春眼悵望秋心悲
已上叙嘉魚
昨日嘉魚來訪我
方駕同出何所之
樂遊原頭春尚早
百舌新語聲椑椑
日趁花忙向南坼
風催柳急從東吹
流年惝怳不饒我
美景鮮妍來爲誰
紅塵三條界阡陌
碧草千里鋪郊畿
餘霞斷時綺幅裂
斜雲展處羅文紕
暮鐘遠近聲互動
暝鳥高下飛追隨
酒酣將歸未能去
悵然迴望天四垂
生何足養嵇著論
途何足泣楊漣而
胡不花下伴春醉
滿酌綠酒聽黄鸝
嘉魚點頭時一歎
聽我此言不知疲
語終興盡各分散
東西軒騎紛逶迤
此詩勿遣閑人見
見恐與他爲笑資
白首舊寮知我者
憑君一詠向周師
周判官師範
蘇﹑杭舊判官
去範字叶韻","和微之詩二十三首和酬鄭侍御東陽春悶放懷追越遊見寄君得嘉魚置賓席
樂如南有嘉魚時
勁氣森爽竹竿竦
妍文煥爛芙蓉披
載筆在幕名已重
補衮於朝官尚卑
一緘疏入掩谷永
三都賦成排左思
自言拜辭主人後
離心蕩颺風前旗
東南門館别經歲
春眼悵望秋心悲
已上叙嘉魚
昨日嘉魚來訪我
方駕同出何所之
樂遊原頭春尚早
百舌新語聲椑椑
日趁花忙向南坼
風催柳急從東吹
流年惝怳不饒我
美景鮮妍來爲誰
紅塵三條界阡陌
碧草千里鋪郊畿
餘霞斷時綺幅裂
斜雲展處羅文紕
暮鐘遠近聲互動
暝鳥高下飛追隨
酒酣將歸未能去
悵然迴望天四垂
生何足養嵇著論
途何足泣楊漣而
胡不花下伴春醉
滿酌綠酒聽黄鸝
嘉魚點頭時一歎
聽我此言不知疲
語終興盡各分散
東西軒騎紛逶迤
此詩勿遣閑人見
見恐與他爲笑資
白首舊寮知我者
憑君一詠向周師
周判官師範
蘇﹑杭舊判官
去範字叶韻",368
1469,poem,1469,卷二十二,,,格體,和微之詩二十三首和自勸二首其一,,,1469,revised_jsonl_direct,1470,829,revised_jsonl,笺；世说新语；北梦琐言；老学庵笔记；唐会要；晋书,晋书,1,True,,0,False,1,14,"稀稀疏疏遶籬竹
窄窄狹狹向陽屋
屋中有一曝背翁
委置形骸如土木
日暮半爐麩炭火
夜深一盞紗籠燭
不知有益及民無
二十年來食官祿
就暖移盤簷下食
防寒擁被帷中宿
秋官月俸八九萬
豈徒遣爾身温足
勤操丹筆念黄沙
莫使飢寒囚滯獄","和微之詩二十三首和自勸二首其一稀稀疏疏遶籬竹
窄窄狹狹向陽屋
屋中有一曝背翁
委置形骸如土木
日暮半爐麩炭火
夜深一盞紗籠燭
不知有益及民無
二十年來食官祿
就暖移盤簷下食
防寒擁被帷中宿
秋官月俸八九萬
豈徒遣爾身温足
勤操丹筆念黄沙
莫使飢寒囚滯獄",126
1470,poem,1470,卷二十二,,,格體,和微之詩二十三首和自勸二首其二,,,1470,revised_jsonl_direct,1471,988,revised_jsonl,舞鹤赋；谢李六郎中寄新蜀茶；笺；祭中书韦相公文；白氏文集；旧唐书；韦处厚传；孔戢传,舞鹤赋,1,True,,0,False,1,16,"急景凋年急於水
念此攬衣中夜起
門無宿客共誰言
煖酒挑燈對妻子
身飲數杯妻一盞
餘酌分張與兒女
微酣靜坐未能眠
風霰蕭蕭打窗紙
自問有何才與術
入爲丞郎出刺史
爭知壽命短復長
豈得營營心不止
請看韋孔與錢崔
半月之間四人死
韋中書﹑孔京兆﹑錢尚書﹑崔華州
十五日間相次而逝","和微之詩二十三首和自勸二首其二急景凋年急於水
念此攬衣中夜起
門無宿客共誰言
煖酒挑燈對妻子
身飲數杯妻一盞
餘酌分張與兒女
微酣靜坐未能眠
風霰蕭蕭打窗紙
自問有何才與術
入爲丞郎出刺史
爭知壽命短復長
豈得營營心不止
請看韋孔與錢崔
半月之間四人死
韋中書﹑孔京兆﹑錢尚書﹑崔華州
十五日間相次而逝",151
1471,poem,1471,卷二十二,,,格體,和微之詩二十三首和雨中花,,,1471,revised_jsonl_direct,1472,829,revised_jsonl,笺；庄子；淮南子,庄子；淮南子,2,True,,0,False,1,16,"真宰倒持生殺柄
閑物命長人短命
松枝上鶴蓍下龜
千年不死仍無病
人生不得似龜鶴
少去老來同旦暝
何異花開旦暝間
未落仍遭風雨横
草得經年菜連月
唯花不與多時節
一年三百六十日
花能幾日供攀折
桃李無言難自訴
黄鶯解語憑君説
鶯雖爲説不分明
葉底枝頭謾饒舌","和微之詩二十三首和雨中花真宰倒持生殺柄
閑物命長人短命
松枝上鶴蓍下龜
千年不死仍無病
人生不得似龜鶴
少去老來同旦暝
何異花開旦暝間
未落仍遭風雨横
草得經年菜連月
唯花不與多時節
一年三百六十日
花能幾日供攀折
桃李無言難自訴
黄鶯解語憑君説
鶯雖爲説不分明
葉底枝頭謾饒舌",139
1472,poem,1472,卷二十二,,,格體,和微之詩二十三首和晨興因報問龜兒,,,1472,revised_jsonl_direct,1473,828,revised_jsonl,笺；弄龜罗；旧唐书；世说新语；后汉书；三年为刺史二首；诗；大雅；初学记；风俗通；有感,后汉书；诗；风俗通,3,True,,0,False,1,44,"冬旦寒慘澹
雲日無晶輝
當此歲暮感
見君晨興詩
君詩亦多苦
苦在兄遠離
我苦不在遠
纏緜肝與脾
西院病孀婦
後牀孤侄兒
黄昏一慟後
夜半十起時
病眼兩行血
悲鬢萬莖絲
咽絶五臟脉
消渗百骸脂
雙目失一目
四肢斷兩肢
不如溘然盡
安用半活爲
誰謂荼蘗苦
荼蘗甘如飴
誰謂湯火熱
湯火冷如澌
前時君寄詩
憂念問阿龜
喉燥聲氣窒
經年無報辭
及覩晨興句
未吟先涕垂
因兹漣漣際
一吐心中悲
茫茫四海間
此苦唯君知
去我四千里
使我告訴誰
仰頭向青天
但見雁南飛
憑雁寄一語
爲我達微之
弦絶有續膠
樹斬可接枝
唯我中腸斷
應無連得期","和微之詩二十三首和晨興因報問龜兒冬旦寒慘澹
雲日無晶輝
當此歲暮感
見君晨興詩
君詩亦多苦
苦在兄遠離
我苦不在遠
纏緜肝與脾
西院病孀婦
後牀孤侄兒
黄昏一慟後
夜半十起時
病眼兩行血
悲鬢萬莖絲
咽絶五臟脉
消渗百骸脂
雙目失一目
四肢斷兩肢
不如溘然盡
安用半活爲
誰謂荼蘗苦
荼蘗甘如飴
誰謂湯火熱
湯火冷如澌
前時君寄詩
憂念問阿龜
喉燥聲氣窒
經年無報辭
及覩晨興句
未吟先涕垂
因兹漣漣際
一吐心中悲
茫茫四海間
此苦唯君知
去我四千里
使我告訴誰
仰頭向青天
但見雁南飛
憑雁寄一語
爲我達微之
弦絶有續膠
樹斬可接枝
唯我中腸斷
應無連得期",279
1473,poem,1473,卷二十二,,,格體,和微之詩二十三首和朝迴與王煉師遊南山下,,,1473,revised_jsonl_direct,1474,828,revised_jsonl,笺；送王处士；乐府诗集；蔡氏五弄；琴书；因严亭；庄子,庄子,1,True,,0,False,1,22,"藹藹春景餘
峨峨夏雲初
躞蹀退朝騎
飄颻隨風裾
晨從四丞相
入拜白玉除
暮與一道士
出尋青谿居
吏隱本齊致
朝野孰云殊
道在有中適
機忘無外虞
但愧煙霄上
鸞鳳爲吾徒
又慚雲水間
鷗鶴不我疏
坐傾數杯酒
卧枕一卷書
興酣頭兀兀
睡覺心于于
以此送日月
問師爲何如","和微之詩二十三首和朝迴與王煉師遊南山下藹藹春景餘
峨峨夏雲初
躞蹀退朝騎
飄颻隨風裾
晨從四丞相
入拜白玉除
暮與一道士
出尋青谿居
吏隱本齊致
朝野孰云殊
道在有中適
機忘無外虞
但愧煙霄上
鸞鳳爲吾徒
又慚雲水間
鷗鶴不我疏
坐傾數杯酒
卧枕一卷書
興酣頭兀兀
睡覺心于于
以此送日月
問師爲何如",150
1474,poem,1474,卷二十二,,,格體,和微之詩二十三首和嘗新酒,,,1474,revised_jsonl_direct,1475,829,revised_jsonl,笺；蔷薇正开春酒初熟因招刘十九张大崔二十四同饮；村居苦寒；淮南子；乐府诗集；蔡氏五弄；琴集；游春；渌水；幽居；坐愁；秋思；琴书；池上篇序；白氏文集,淮南子,1,True,,0,False,1,12,"空腹嘗新酒
偶成卯時醉
醉來擁褐裘
直至齋時睡
靜酣不語笑
真寢無夢寐
殆欲忘形骸
詎知屬天地
酲餘和未散
起坐澹無事
舉臂一欠伸
引琴彈秋思","和微之詩二十三首和嘗新酒空腹嘗新酒
偶成卯時醉
醉來擁褐裘
直至齋時睡
靜酣不語笑
真寢無夢寐
殆欲忘形骸
詎知屬天地
酲餘和未散
起坐澹無事
舉臂一欠伸
引琴彈秋思",83
1475,poem,1475,卷二十二,,,格體,和微之詩二十三首和順之琴者,,,1475,revised_jsonl_direct,1476,829,revised_jsonl,笺；梦与李七庾三十三同访元九；乐府诗集；三峡流泉歌；琴集；三峡流泉；风入松歌；风入松,,0,False,,0,False,1,8,"陰陰花院月
耿耿蘭房燭
中有弄琴人
聲貌俱如玉
清泠石泉引
澹泞風松曲
遂使君子心
不愛凡絲竹","和微之詩二十三首和順之琴者陰陰花院月
耿耿蘭房燭
中有弄琴人
聲貌俱如玉
清泠石泉引
澹泞風松曲
遂使君子心
不愛凡絲竹",60
1476,poem,1476,卷二十二,,,格體,感舊寫真,,,1476,revised_jsonl_direct,1477,829,revised_jsonl,笺；自题写真,,0,False,,0,False,1,8,"李放寫我真
寫來二十載
莫問真何如
畫亦銷光彩
朱顔與玄鬢
日夜改復改
無嗟貌遽非
且喜身猶在","感舊寫真李放寫我真
寫來二十載
莫問真何如
畫亦銷光彩
朱顔與玄鬢
日夜改復改
無嗟貌遽非
且喜身猶在",51
1477,poem,1477,卷二十二,,,格體,授太子賓客歸洛,,,1477,revised_jsonl_direct,1478,829,revised_jsonl,笺；旧唐书；答四皓庙,,0,False,,0,False,1,8,"南省去拂衣
東都來掩扉
病將老齊至
心與身同歸
白首外緣少
紅塵前事非
懷哉紫芝叟
千載心相依","授太子賓客歸洛南省去拂衣
東都來掩扉
病將老齊至
心與身同歸
白首外緣少
紅塵前事非
懷哉紫芝叟
千載心相依",54
1478,poem,1478,卷二十二,,,格體,秋池二首其一,,,1478,revised_jsonl_direct,1479,829,revised_jsonl,笺,,0,False,,0,False,1,12,"身閑無所爲
心閑無所思
况當故園夜
復此新秋池
岸闇鳥棲後
橋明月出時
菱風香散漫
桂露光參差
靜境多獨得
幽懷竟誰知
悠然心中語
自問來何遲","秋池二首其一身閑無所爲
心閑無所思
况當故園夜
復此新秋池
岸闇鳥棲後
橋明月出時
菱風香散漫
桂露光參差
靜境多獨得
幽懷竟誰知
悠然心中語
自問來何遲",77
1479,poem,1479,卷二十二,,,格體,秋池二首其二,,,1479,revised_jsonl_direct,1480,,revised_jsonl,,,0,False,,0,False,1,12,"朝衣薄且健
晚簟清仍滑
社近燕影稀
雨餘蟬聲歇
閑中得詩境
此境幽難説
露荷珠自傾
風竹玉相戞
誰能一同宿
共玩新秋月
暑退早凉歸
池邊好時節","秋池二首其二朝衣薄且健
晚簟清仍滑
社近燕影稀
雨餘蟬聲歇
閑中得詩境
此境幽難説
露荷珠自傾
風竹玉相戞
誰能一同宿
共玩新秋月
暑退早凉歸
池邊好時節",77
1480,poem,1480,卷二十二,,,格體,中隱,,,1480,revised_jsonl_direct,1481,829,revised_jsonl,笺；反招隐诗；敦煌变文集,,0,False,,0,False,1,32,"大隱住朝市
小隱入丘樊
丘樊太冷落
朝市太囂諠
不如作中隱
隱在留司官
似出復似處
非忙亦非閑
不勞心與力
又免飢與寒
終歲無公事
隨月有俸錢
君若好登臨
城南有秋山
君若愛遊蕩
城東有春園
君若欲一醉
時出赴賓筵
洛中多君子
可以恣歡言
君若欲高卧
但自深掩關
亦無車馬客
造次到門前
人生處一世
其道難兩全
賤即苦凍餒
貴則多憂患
唯此中隱士
致身吉且安
窮通與豐約
正在四者間","中隱大隱住朝市
小隱入丘樊
丘樊太冷落
朝市太囂諠
不如作中隱
隱在留司官
似出復似處
非忙亦非閑
不勞心與力
又免飢與寒
終歲無公事
隨月有俸錢
君若好登臨
城南有秋山
君若愛遊蕩
城東有春園
君若欲一醉
時出赴賓筵
洛中多君子
可以恣歡言
君若欲高卧
但自深掩關
亦無車馬客
造次到門前
人生處一世
其道難兩全
賤即苦凍餒
貴則多憂患
唯此中隱士
致身吉且安
窮通與豐約
正在四者間",193
1481,poem,1481,卷二十二,,,格體,問秋光,,,1481,revised_jsonl_direct,1482,829,revised_jsonl,笺；旧唐书；感秋怀微之,,0,False,,0,False,1,16,"殷卿領北鎮
崔尹開南幕
外事信爲榮
中懷未必樂
何如不才者
兀兀無所作
不引窗下琴
即舉池上酌
淡交唯對水
老伴無如鶴
自適頗從容
旁觀誠濩落
身心轉恬泰
烟景彌淡泊
迴首語秋光
東來應不錯","問秋光殷卿領北鎮
崔尹開南幕
外事信爲榮
中懷未必樂
何如不才者
兀兀無所作
不引窗下琴
即舉池上酌
淡交唯對水
老伴無如鶴
自適頗從容
旁觀誠濩落
身心轉恬泰
烟景彌淡泊
迴首語秋光
東來應不錯",98
1482,poem,1482,卷二十二,,,格體,引泉,,,1482,revised_jsonl_direct,1483,829,revised_jsonl,笺；汉书；效陶潜体诗十六首,汉书,1,True,,0,False,1,16,"一爲止足限
二爲衰疾牽
邴罷不因事
陶歸非待年
歸來嵩洛下
閉户何翛然
靜掃林下地
閑疏池畔泉
伊流狹似帶
洛石大如拳
誰教明月下
爲我聲濺濺
竟夕舟中坐
有時橋上眠
何用施屏障
水竹繞牀前","引泉一爲止足限
二爲衰疾牽
邴罷不因事
陶歸非待年
歸來嵩洛下
閉户何翛然
靜掃林下地
閑疏池畔泉
伊流狹似帶
洛石大如拳
誰教明月下
爲我聲濺濺
竟夕舟中坐
有時橋上眠
何用施屏障
水竹繞牀前",97
1483,poem,1483,卷二十二,,,格體,知足吟,,,1483,revised_jsonl_direct,1484,829,revised_jsonl,笺；常乐里闲居偶题十六韵兼寄刘十五公舆王十一起吕二炅吕四颖崔十八玄亮元九稹刘三十二敦质张十五仲方时为校书郎；唐会要,,0,False,,0,False,1,16,"不種一壠田
倉中有餘粟
不採一枝桑
箱中有餘服
官閑離憂責
身泰無羈束
中人百户税
賓客一年祿
樽中不乏酒
籬下仍多菊
是物皆有餘
非心無所欲
吟君未貧作
因歌知足曲
自問此時心
不足何時足","知足吟不種一壠田
倉中有餘粟
不採一枝桑
箱中有餘服
官閑離憂責
身泰無羈束
中人百户税
賓客一年祿
樽中不乏酒
籬下仍多菊
是物皆有餘
非心無所欲
吟君未貧作
因歌知足曲
自問此時心
不足何時足",98
1484,poem,1484,卷二十二,,,格體,酬集賢劉郎中對月見寄兼懷元浙東,,,1484,revised_jsonl_direct,1485,829,revised_jsonl,笺；子刘子自传；十驾斋养新录；刘禹锡传误；嘉泰会稽志,,0,False,,0,False,1,8,"月在洛陽天
天高淨如水
下有白頭人
擥衣中夜起
思遠鏡亭上
光深書殿裏
眇然三處心
相去各千里","酬集賢劉郎中對月見寄兼懷元浙東月在洛陽天
天高淨如水
下有白頭人
擥衣中夜起
思遠鏡亭上
光深書殿裏
眇然三處心
相去各千里",62
1485,poem,1485,卷二十二,,,格體,太湖石,,,1485,revised_jsonl_direct,1486,829,revised_jsonl,笺；寄庾侍郎；云笈七签；天地宫府图；庐山桂；西京赋；水经注；初入峡有感；长恨歌；赠从弟三首；南征赋,西京赋,1,True,,0,False,1,20,"遠望老嵯峨
近觀怪嶔崟
纔高八九尺
勢若千萬尋
嵌空華陽洞
重疊匡山岑
邈矣仙掌迥
呀然劍門深
形質冠今古
氣色通晴陰
未秋已瑟瑟
欲雨先沉沉
天姿信爲異
時用非所任
磨刀不如礪
擣帛不如砧
何乃主人意
重之如萬金
豈伊造物者
獨能知我心","太湖石遠望老嵯峨
近觀怪嶔崟
纔高八九尺
勢若千萬尋
嵌空華陽洞
重疊匡山岑
邈矣仙掌迥
呀然劍門深
形質冠今古
氣色通晴陰
未秋已瑟瑟
欲雨先沉沉
天姿信爲異
時用非所任
磨刀不如礪
擣帛不如砧
何乃主人意
重之如萬金
豈伊造物者
獨能知我心",122
1486,poem,1486,卷二十二,,,格體,偶作二首其一,,,1486,revised_jsonl_direct,1487,829,revised_jsonl,笺；庄子；法苑珠林；求离牢狱经；广韵,庄子,1,True,,0,False,1,28,"擾擾貪生人
幾何不夭閼
遑遑愛名人
幾何能貴達
伊余信多幸
拖紫垂白髮
身爲三品官
年已五十八
筋骸雖早衰
尚未苦羸惙
資産雖不豐
亦不甚貧竭
登山力猶在
遇酒興時發
無事日月長
不羈天地闊
安身有處所
適意無時節
解帶松下風
抱琴池上月
人間所重者
相印將軍鉞
謀慮繫安危
威權主生殺
燋心一身苦
炙手旁人熱
未必方寸間
得如吾快活","偶作二首其一擾擾貪生人
幾何不夭閼
遑遑愛名人
幾何能貴達
伊余信多幸
拖紫垂白髮
身爲三品官
年已五十八
筋骸雖早衰
尚未苦羸惙
資産雖不豐
亦不甚貧竭
登山力猶在
遇酒興時發
無事日月長
不羈天地闊
安身有處所
適意無時節
解帶松下風
抱琴池上月
人間所重者
相印將軍鉞
謀慮繫安危
威權主生殺
燋心一身苦
炙手旁人熱
未必方寸間
得如吾快活",173
1487,poem,1487,卷二十二,,,格體,偶作二首其二,,,1487,revised_jsonl_direct,1488,,revised_jsonl,与子俨等书；适意二首；庄子,庄子,1,True,,0,False,1,28,"日出起盥櫛
振衣入道場
寂然無他念
但對一爐香
日高始就食
食亦非膏粱
精粗隨所有
亦足飽充腸
日午脱巾簪
燕息窗下牀
清風颯然至
卧可致羲皇
日西引杖屨
散步遊林塘
或飲茶一盞
或吟詩一章
日入多不食
有時唯命觴
何以送閑夜
一曲秋霓裳
一日分五時
作息率有常
自喜老後健
不嫌閑中忙
是非一以貫
身世交相忘
若問此何許
此是無何鄉","偶作二首其二日出起盥櫛
振衣入道場
寂然無他念
但對一爐香
日高始就食
食亦非膏粱
精粗隨所有
亦足飽充腸
日午脱巾簪
燕息窗下牀
清風颯然至
卧可致羲皇
日西引杖屨
散步遊林塘
或飲茶一盞
或吟詩一章
日入多不食
有時唯命觴
何以送閑夜
一曲秋霓裳
一日分五時
作息率有常
自喜老後健
不嫌閑中忙
是非一以貫
身世交相忘
若問此何許
此是無何鄉",173
1488,poem,1488,卷二十二,,,格體,葺池上舊亭,,,1488,revised_jsonl_direct,1489,829,revised_jsonl,笺,,0,False,,0,False,1,12,"池月夜淒凉
池風曉蕭颯
欲入池上冬
先葺池中閣
向暖窗户開
迎寒簾幕合
苔封舊瓦木
水照新朱蠟
軟火深土爐
香醪小瓷榼
中有獨宿翁
一燈對一榻","葺池上舊亭池月夜淒凉
池風曉蕭颯
欲入池上冬
先葺池中閣
向暖窗户開
迎寒簾幕合
苔封舊瓦木
水照新朱蠟
軟火深土爐
香醪小瓷榼
中有獨宿翁
一燈對一榻",76
1489,poem,1489,卷二十二,,,格體,崔十八新池,,,1489,revised_jsonl_direct,1490,829,revised_jsonl,笺；知足吟；唐故虢州刺史赠礼部尚书崔公墓志铭；白氏文集,,0,False,,0,False,1,6,"愛君新小池
池色無人知
見底月明夜
無波風定時
忽看不似水
一泊稀琉璃","崔十八新池愛君新小池
池色無人知
見底月明夜
無波風定時
忽看不似水
一泊稀琉璃",40
1490,poem,1490,卷二十二,,,格體,玩止水,,,1490,revised_jsonl_direct,1491,829,revised_jsonl,笺；论语；庄子；大方广总持宝光明经；佛所行赞；大方等大集经；礼记；赠元稹,论语；庄子；礼记,3,True,,0,False,1,24,"動者樂流水
靜者樂止水
利物不如流
鑒形不如止
淒清早霜降
淅瀝微風起
中面紅葉開
四隅綠萍委
廣狹八九丈
灣環有涯涘
淺深三四尺
洞徹無表裏
淨分鶴翹足
澄見魚掉尾
迎眸洗眼塵
隔胸蕩心滓
定將禪不别
明與誠相似
清能律貪夫
淡可交君子
豈唯空狎玩
亦取相倫擬
欲識靜者心
心源只如此","玩止水動者樂流水
靜者樂止水
利物不如流
鑒形不如止
淒清早霜降
淅瀝微風起
中面紅葉開
四隅綠萍委
廣狹八九丈
灣環有涯涘
淺深三四尺
洞徹無表裏
淨分鶴翹足
澄見魚掉尾
迎眸洗眼塵
隔胸蕩心滓
定將禪不别
明與誠相似
清能律貪夫
淡可交君子
豈唯空狎玩
亦取相倫擬
欲識靜者心
心源只如此",146
1491,poem,1491,卷二十二,,,格體,聞崔十八宿予新昌弊宅時予亦宿崔家依仁新亭一宵偶同兩興暗合因而成詠聊以寫懷,,,1491,revised_jsonl_direct,1492,830,revised_jsonl,笺；知足吟；和答诗十首；唐两京城坊考；河南志；记,记,1,True,,0,False,1,12,"陋巷掩弊廬
高居敞華屋
新昌七株松
依仁萬莖竹
松前月臺白
竹下風池綠
君向我齋眠
我在君亭宿
平生有微尚
彼此多幽獨
何必本主人
兩心聊自足","聞崔十八宿予新昌弊宅時予亦宿崔家依仁新亭一宵偶同兩興暗合因而成詠聊以寫懷陋巷掩弊廬
高居敞華屋
新昌七株松
依仁萬莖竹
松前月臺白
竹下風池綠
君向我齋眠
我在君亭宿
平生有微尚
彼此多幽獨
何必本主人
兩心聊自足",107
1492,poem,1492,卷二十二,,,格體,日長,,,1492,revised_jsonl_direct,1493,830,revised_jsonl,笺,,0,False,,0,False,1,12,"日長晝加餐
夜短朝餘睡
春來寢食間
雖老猶有味
林塘得芳景
園曲生幽致
愛水多棹舟
惜花不掃地
幸無眼下病
且向樽前醉
身外何足言
人間本無事","日長日長晝加餐
夜短朝餘睡
春來寢食間
雖老猶有味
林塘得芳景
園曲生幽致
愛水多棹舟
惜花不掃地
幸無眼下病
且向樽前醉
身外何足言
人間本無事",73
1493,poem,1493,卷二十二,,,格體,三月三十日作,,,1493,revised_jsonl_direct,1494,830,revised_jsonl,谱；笺；学刘公干体；文选；神农本草,,0,False,,0,False,1,12,"今朝三月盡
寂寞春事畢
黄鳥漸無聲
朱櫻新結實
臨風獨長歎
此歎意非一
半百過九年
艷陽殘一日
隨年減歡笑
逐日添衰疾
且遣花下歌
送此杯中物","三月三十日作今朝三月盡
寂寞春事畢
黄鳥漸無聲
朱櫻新結實
臨風獨長歎
此歎意非一
半百過九年
艷陽殘一日
隨年減歡笑
逐日添衰疾
且遣花下歌
送此杯中物",77
1494,poem,1494,卷二十二,,,格體,慵不能,,,1494,revised_jsonl_direct,1495,830,revised_jsonl,笺,,0,False,,0,False,1,12,"架上非無書
眼慵不能看
匣中亦有琴
手慵不能彈
腰慵不能帶
頭慵不能冠
午後恣情寢
午時隨事餐
一餐終日飽
一寢至夜安
飢寒亦閑事
况乃不飢寒","慵不能架上非無書
眼慵不能看
匣中亦有琴
手慵不能彈
腰慵不能帶
頭慵不能冠
午後恣情寢
午時隨事餐
一餐終日飽
一寢至夜安
飢寒亦閑事
况乃不飢寒",74
1495,poem,1495,卷二十二,,,格體,晨興,,,1495,revised_jsonl_direct,1496,830,revised_jsonl,笺；云笈七签；上清黄庭内景经；黄庭内景玉经；太清中黄真经；宿简寂观,,0,False,,0,False,1,10,"宿鳥動前林
晨光上東屋
銅爐添早香
紗籠滅殘燭
頭醒風稍愈
眼飽睡初足
起坐兀無思
叩齒三十六
何以解宿齋
一杯雲母粥","晨興宿鳥動前林
晨光上東屋
銅爐添早香
紗籠滅殘燭
頭醒風稍愈
眼飽睡初足
起坐兀無思
叩齒三十六
何以解宿齋
一杯雲母粥",61
1496,poem,1496,卷二十二,,,格體,朝課,,,1496,revised_jsonl_direct,1497,830,revised_jsonl,笺；和送刘道士游天台；和尝新酒,,0,False,,0,False,1,10,"平甃白石渠
靜掃青苔院
池上好風來
新荷大如扇
小亭中何有
素琴對黄卷
蘂珠諷數篇
秋思彈一遍
從容朝課畢
方與客相見","朝課平甃白石渠
靜掃青苔院
池上好風來
新荷大如扇
小亭中何有
素琴對黄卷
蘂珠諷數篇
秋思彈一遍
從容朝課畢
方與客相見",61
1497,poem,1497,卷二十二,,,格體,天竺寺七葉堂避暑,,,1497,revised_jsonl_direct,1498,823,revised_jsonl,笺；咸淳临安志,,0,False,,0,False,1,8,"鬱鬱復鬱鬱
伏熱何時畢
行入七葉堂
煩暑隨步失
簷雨稍霏微
窗風正蕭瑟
清宵一覺睡
可以銷百疾","天竺寺七葉堂避暑鬱鬱復鬱鬱
伏熱何時畢
行入七葉堂
煩暑隨步失
簷雨稍霏微
窗風正蕭瑟
清宵一覺睡
可以銷百疾",55
1498,poem,1498,卷二十二,,,格體,香山寺石樓潭夜浴,,,1498,revised_jsonl_direct,1499,830,revised_jsonl,笺；修香山寺记；白氏文集；河南府志；名胜志；诗,诗,1,True,,0,False,1,12,"炎光晝方熾
暑氣宵彌毒
摇扇風甚微
褰裳汗霢霂
起向月中行
來就潭上浴
平石爲浴牀
窪石爲浴斛
綃巾薄露頂
草屨輕乘足
清凉詠而歸
歸上石樓宿","香山寺石樓潭夜浴炎光晝方熾
暑氣宵彌毒
摇扇風甚微
褰裳汗霢霂
起向月中行
來就潭上浴
平石爲浴牀
窪石爲浴斛
綃巾薄露頂
草屨輕乘足
清凉詠而歸
歸上石樓宿",79
1499,poem,1499,卷二十二,,,格體,嗟髮落,,,1499,revised_jsonl_direct,1500,830,revised_jsonl,笺；和梦游春诗一百韵；四二十章经,,0,False,,0,False,1,16,"朝亦嗟髮落
暮亦嗟髮落
落盡誠可嗟
盡來亦不惡
既不勞洗沐
又不煩梳掠
最宜濕暑天
頭輕無髻縛
脱置垢巾幘
解去塵纓絡
銀瓶貯寒泉
當頂傾一勺
有如醍醐灌
坐受清凉樂
因悟自在僧
亦資於剃削","嗟髮落朝亦嗟髮落
暮亦嗟髮落
落盡誠可嗟
盡來亦不惡
既不勞洗沐
又不煩梳掠
最宜濕暑天
頭輕無髻縛
脱置垢巾幘
解去塵纓絡
銀瓶貯寒泉
當頂傾一勺
有如醍醐灌
坐受清凉樂
因悟自在僧
亦資於剃削",98
1500,poem,1500,卷二十二,,,格體,安穩眠,,,1500,revised_jsonl_direct,1501,830,revised_jsonl,笺；太平广记；晋阳人妾；纪闻；豆卢荣；广异记；古别离,,0,False,,0,False,1,8,"家雖日漸貧
猶未苦飢凍
身雖日漸老
幸無急病痛
眼逢鬧處合
心向閑時用
既得安穩眠
亦無顛倒夢","安穩眠家雖日漸貧
猶未苦飢凍
身雖日漸老
幸無急病痛
眼逢鬧處合
心向閑時用
既得安穩眠
亦無顛倒夢",50
1501,poem,1501,卷二十二,,,格體,池上夜境,,,1501,revised_jsonl_direct,1502,830,revised_jsonl,笺；孟子,孟子,1,True,,0,False,1,8,"晴空星月落池塘
澄鮮淨綠表裏光
露簟清瑩迎夜滑
風襟蕭灑先秋凉
無人驚處野禽下
新睡覺時幽草香
但問塵埃能去否
濯纓何必向滄浪","池上夜境晴空星月落池塘
澄鮮淨綠表裏光
露簟清瑩迎夜滑
風襟蕭灑先秋凉
無人驚處野禽下
新睡覺時幽草香
但問塵埃能去否
濯纓何必向滄浪",67
1502,poem,1502,卷二十二,,,格體,書紳,,,1502,revised_jsonl_direct,1503,830,revised_jsonl,笺,,0,False,,0,False,1,20,"仕有職役勞
農有畎畝勤
優哉分司叟
心力無苦辛
歲晚頭又白
自問何欣欣
新酒始開甕
舊穀猶滿囷
吾嘗靜自思
往往夜達晨
何以送吾老
何以安吾貧
歲計莫如穀
飽則不干人
日計莫如醉
醉則兼忘身
誠知有道理
未敢勸交親
恐爲人所哂
聊自書諸紳","書紳仕有職役勞
農有畎畝勤
優哉分司叟
心力無苦辛
歲晚頭又白
自問何欣欣
新酒始開甕
舊穀猶滿囷
吾嘗靜自思
往往夜達晨
何以送吾老
何以安吾貧
歲計莫如穀
飽則不干人
日計莫如醉
醉則兼忘身
誠知有道理
未敢勸交親
恐爲人所哂
聊自書諸紳",121
1503,poem,1503,卷二十二,,,格體,秋遊平泉贈韋處士閑禪師,,,1503,revised_jsonl_direct,1504,830,revised_jsonl,谱；笺；明一统志；赠韦处士六年夏大热旱；唐东都奉国寺禅德大师照公塔铭；白氏文集；修香山寺记；岁假内命酒赠周判官萧协律,,0,False,,0,False,1,22,"秋景引閑步
山遊不知疲
杖藜捨輿馬
十里與僧期
昔嘗憂六十
四體不支持
今來已及此
猶未苦衰羸
予往年有詩云
“二十氣太壯
胸中多是非
六十年太老
四體不支持
”今故云
心興遇境發
身力因行知
尋雲到起處
愛泉聽滴時
南村韋處士
西寺閑禪師
山頭與澗底
聞健且相隨","秋遊平泉贈韋處士閑禪師秋景引閑步
山遊不知疲
杖藜捨輿馬
十里與僧期
昔嘗憂六十
四體不支持
今來已及此
猶未苦衰羸
予往年有詩云
“二十氣太壯
胸中多是非
六十年太老
四體不支持
”今故云
心興遇境發
身力因行知
尋雲到起處
愛泉聽滴時
南村韋處士
西寺閑禪師
山頭與澗底
聞健且相隨",143
1504,poem,1504,卷二十二,,,格體,遊坊口懸泉偶題石上,,,1504,revised_jsonl_direct,1505,831,revised_jsonl,笺；明一统志；元和郡县志；世说新语；和三月三十日四十韵,,0,False,,0,False,1,28,"濟源山水好
老尹知之久
常日聽人言
今秋入吾手
孔山刀劍立
沁水龍蛇走
危磴上懸泉
澄灣轉坊口
虛明見深底
淨綠無纖垢
仙棹浪悠揚
塵纓風斗藪
巖寒松柏短
石古莓苔厚
錦座疊高低
翠屏張左右
雖無安石妓
不乏文舉酒
談笑逐身來
管絃隨事有
時逢杖錫客
或值垂綸叟
相與澹忘歸
自辰將及酉
公門欲返駕
溪路猶迴首
早晚重來遊
心期罷官後","遊坊口懸泉偶題石上濟源山水好
老尹知之久
常日聽人言
今秋入吾手
孔山刀劍立
沁水龍蛇走
危磴上懸泉
澄灣轉坊口
虛明見深底
淨綠無纖垢
仙棹浪悠揚
塵纓風斗藪
巖寒松柏短
石古莓苔厚
錦座疊高低
翠屏張左右
雖無安石妓
不乏文舉酒
談笑逐身來
管絃隨事有
時逢杖錫客
或值垂綸叟
相與澹忘歸
自辰將及酉
公門欲返駕
溪路猶迴首
早晚重來遊
心期罷官後",176
1505,poem,1505,卷二十二,,,格體,對火玩雪,,,1505,revised_jsonl_direct,1506,831,revised_jsonl,笺；世说新语,,0,False,,0,False,1,16,"平生所心愛
愛火兼憐雪
火是臘天春
雪爲陰夜月
鵝毛紛正墮
獸炭敲初折
盈尺白鹽寒
滿爐紅玉熱
稍宜杯酌動
漸引笙歌發
但識歡來由
不知醉時節
銀盤堆柳絮
羅袖摶瓊屑
共愁明日銷
便作經年别","對火玩雪平生所心愛
愛火兼憐雪
火是臘天春
雪爲陰夜月
鵝毛紛正墮
獸炭敲初折
盈尺白鹽寒
滿爐紅玉熱
稍宜杯酌動
漸引笙歌發
但識歡來由
不知醉時節
銀盤堆柳絮
羅袖摶瓊屑
共愁明日銷
便作經年别",99
1506,poem,1506,卷二十二,,,格體,六年寒食洛下宴遊贈馮李二少尹,,,1506,revised_jsonl_direct,1507,832,revised_jsonl,谱；笺；旧唐书；休沐山亭诗；蔷薇正开春酒初熟因招刘十九张大崔二十四同饮,,0,False,,0,False,1,22,"豐年寒食節
美景洛陽城
三尹皆强健
七日盡晴明
東郊蹋青草
南園攀紫荆
風坼海榴艷
露墜木蘭英
假開春未老
宴合日屢傾
珠翠混花影
管絃藏水聲
佳會不易得
良辰亦難并
聽吟歌暫輟
看舞杯徐行
米價賤如土
酒味濃於餳
此時不盡醉
但恐負平生
殷勤二曹長
各捧一銀觥","六年寒食洛下宴遊贈馮李二少尹豐年寒食節
美景洛陽城
三尹皆强健
七日盡晴明
東郊蹋青草
南園攀紫荆
風坼海榴艷
露墜木蘭英
假開春未老
宴合日屢傾
珠翠混花影
管絃藏水聲
佳會不易得
良辰亦難并
聽吟歌暫輟
看舞杯徐行
米價賤如土
酒味濃於餳
此時不盡醉
但恐負平生
殷勤二曹長
各捧一銀觥",145
1507,poem,1507,卷二十二,,,格體,苦熱中寄舒員外,,,1507,revised_jsonl_direct,1508,832,revised_jsonl,笺；旧唐书；诗；美人赋；豫州墓志；南园陪王卿游瞩,诗；美人赋,2,True,,0,False,1,10,"何堪日衰病
復此時炎燠
厭對俗杯盤
倦聽凡絲竹
藤牀鋪晚雪
角枕截寒玉
安得清瘦人
新秋夜同宿
非君固不可
何夕枉高躅","苦熱中寄舒員外何堪日衰病
復此時炎燠
厭對俗杯盤
倦聽凡絲竹
藤牀鋪晚雪
角枕截寒玉
安得清瘦人
新秋夜同宿
非君固不可
何夕枉高躅",66
1508,poem,1508,卷二十二,,,格體,閑多,,,1508,revised_jsonl_direct,1509,832,revised_jsonl,笺,,0,False,,0,False,1,12,"一聲早蟬發
數點新螢度
蘭釭耿無烟
筠簟清有露
未歸後房寢
且下前軒步
斜月入低廊
凉風滿高樹
放懷常自適
遇境多成趣
何法使之然
心中無細故","閑多一聲早蟬發
數點新螢度
蘭釭耿無烟
筠簟清有露
未歸後房寢
且下前軒步
斜月入低廊
凉風滿高樹
放懷常自適
遇境多成趣
何法使之然
心中無細故",73
1509,poem,1509,卷二十二,,,格體,寄情,,,1509,revised_jsonl_direct,1510,832,revised_jsonl,笺,,0,False,,0,False,1,8,"灼灼早春梅
東南枝最早
持來玩未足
花向手中老
芳香銷掌握
悵望生懷抱
豈無後開花
念此先開好","寄情灼灼早春梅
東南枝最早
持來玩未足
花向手中老
芳香銷掌握
悵望生懷抱
豈無後開花
念此先開好",49
1510,poem,1510,卷二十二,,,格體,舒員外遊香山寺數日不歸兼辱尺書大誇勝事時正值坐衙慮囚之際走筆題長句以贈之,,,1510,revised_jsonl_direct,1511,832,revised_jsonl,笺；苦热中寄舒员外；李十一舍人松园饮小酎酒得元八侍御诗序云在台中推院有鞠狱之苦即事书怀因酬四韵；广宣上人以应制诗见示因以赠之诏许上人居安国寺红楼院以诗供奉,,0,False,,0,False,1,17,"香山石樓倚天開
翠屏壁立波環迴
黄菊繁時好客到
碧雲合處佳人來
謂遣英﹑蒨二妓與舒君同遊
酡顔一笑夭桃綻
清吟數聲寒玉哀
軒騎逶遲棹容與
留連三日不能迴
白頭老尹府中坐
早衙纔退暮衙催
庭前階上何所有
纍囚成貫案成堆
豈無池塘長秋草
亦有絲竹生塵埃
今日清光昨夜月
竟無人來勸一杯","舒員外遊香山寺數日不歸兼辱尺書大誇勝事時正值坐衙慮囚之際走筆題長句以贈之香山石樓倚天開
翠屏壁立波環迴
黄菊繁時好客到
碧雲合處佳人來
謂遣英﹑蒨二妓與舒君同遊
酡顔一笑夭桃綻
清吟數聲寒玉哀
軒騎逶遲棹容與
留連三日不能迴
白頭老尹府中坐
早衙纔退暮衙催
庭前階上何所有
纍囚成貫案成堆
豈無池塘長秋草
亦有絲竹生塵埃
今日清光昨夜月
竟無人來勸一杯",176
1511,poem,1511,卷二十二,,,格體,早冬遊王屋自靈都抵陽臺上方望天壇偶吟成章寄温谷周尊師中書李相公,,,1511,revised_jsonl_direct,1512,832,revised_jsonl,笺；元和郡县志；禹贡；太平寰宇记；明一统志；旧唐书；题赠郑秘书征君石沟溪隐居,禹贡,1,True,,0,False,1,28,"霜降山水清
王屋十月時
石泉碧漾漾
巖樹紅離離
朝爲靈都遊
暮有陽臺期
飄然世塵外
鸞鶴如可追
忽念公程盡
復慚身力衰
天壇在天半
欲上心遲遲
嘗聞此遊者
隱客與損之
各抱貴仙骨
俱非泥垢姿
二人相顧言
彼此稱男兒
若不爲松喬
即須作臯夔
今果如其語
光彩雙葳蕤
一人佩金印
一人翳玉芝
我來高其事
詠歎偶成詩
爲君題石上
欲使故山知","早冬遊王屋自靈都抵陽臺上方望天壇偶吟成章寄温谷周尊師中書李相公霜降山水清
王屋十月時
石泉碧漾漾
巖樹紅離離
朝爲靈都遊
暮有陽臺期
飄然世塵外
鸞鶴如可追
忽念公程盡
復慚身力衰
天壇在天半
欲上心遲遲
嘗聞此遊者
隱客與損之
各抱貴仙骨
俱非泥垢姿
二人相顧言
彼此稱男兒
若不爲松喬
即須作臯夔
今果如其語
光彩雙葳蕤
一人佩金印
一人翳玉芝
我來高其事
詠歎偶成詩
爲君題石上
欲使故山知",198
1512,poem,1512,卷二十二,,,格體,吳宮辭,,,1512,revised_jsonl_direct,1513,826,revised_jsonl,笺,,0,False,,0,False,1,4,"淡紅花帔淺檀蛾
睡臉初開似剪波
坐對珠籠閑理曲
琵琶鸚鵡語相和","吳宮辭淡紅花帔淺檀蛾
睡臉初開似剪波
坐對珠籠閑理曲
琵琶鸚鵡語相和",34
1513,poem,1513,卷二十三,,,律詩,元微之除浙東觀察使喜得杭越鄰州先贈長句,,,1513,revised_jsonl_direct,1514,823,revised_jsonl,谱；笺；旧唐书；李德裕传；和望晓；元和郡县志；嘉泰会稽志；杂兴三首,,0,False,,0,False,1,8,"稽山鏡水歡遊地
犀帶金章榮貴身
官職比君雖校小
封疆與我且爲鄰
郡樓對玩千峰月
江界平分兩岸春
杭越風光詩酒主
相看更合是何人","元微之除浙東觀察使喜得杭越鄰州先贈長句稽山鏡水歡遊地
犀帶金章榮貴身
官職比君雖校小
封疆與我且爲鄰
郡樓對玩千峰月
江界平分兩岸春
杭越風光詩酒主
相看更合是何人",82
1514,poem,1514,卷二十三,,,律詩,席上答微之,,,1514,revised_jsonl_direct,1515,823,revised_jsonl,谱；笺,,0,False,,0,False,1,6,"我住浙江西
君去浙江東
勿言一水隔
便與千里同
富貴無人勸君酒
今宵爲我盡杯中","席上答微之我住浙江西
君去浙江東
勿言一水隔
便與千里同
富貴無人勸君酒
今宵爲我盡杯中",44
1515,poem,1515,卷二十三,,,律詩,答微之上船後留别,,,1515,revised_jsonl_direct,1516,823,revised_jsonl,笺；虚白堂,,0,False,,0,False,1,4,"燭下樽前一分手
舟中岸上兩迴頭
歸來虛白堂中夢
合眼先應到越州","答微之上船後留别燭下樽前一分手
舟中岸上兩迴頭
歸來虛白堂中夢
合眼先應到越州",39
1516,poem,1516,卷二十三,,,律詩,答微之泊西陵驛見寄,,,1516,revised_jsonl_direct,1517,823,revised_jsonl,笺；越绝书；水经注；嘉泰会稽志,,0,False,,0,False,1,4,"煙波盡處一點白
應是西陵古驛臺
知在臺邊望不見
暮潮空送渡船迴","答微之泊西陵驛見寄煙波盡處一點白
應是西陵古驛臺
知在臺邊望不見
暮潮空送渡船迴",40
1517,poem,1517,卷二十三,,,律詩,答微之誇越州州宅,,,1517,revised_jsonl_direct,1518,823,revised_jsonl,谱；笺；嘉泰会稽志；望海亭记；旧唐书；太平寰宇记；旧经,,0,False,,0,False,1,8,"賀上人迴得報書
大誇州宅似仙居
厭看馮翊風沙久
喜見蘭亭煙景初
日出旌旗生氣色
月明樓閣在空虛
知君暗數江南郡
除却餘杭盡不如","答微之誇越州州宅賀上人迴得報書
大誇州宅似仙居
厭看馮翊風沙久
喜見蘭亭煙景初
日出旌旗生氣色
月明樓閣在空虛
知君暗數江南郡
除却餘杭盡不如",71
1518,poem,1518,卷二十三,,,律詩,微之重誇州居其落句有西州羅刹之謔因嘲兹石聊以寄懷,,,1518,revised_jsonl_direct,1519,823,revised_jsonl,笺；和三月三十日四十韵；吴越春秋,吴越春秋,1,True,,0,False,1,8,"君問西州城下事
醉中疊紙爲君書
嵌空石面標羅刹
壓捺潮頭敵子胥
神鬼曾鞭猶不動
波濤雖打欲何如
誰知太守心相似
抵滯堅頑兩有餘","微之重誇州居其落句有西州羅刹之謔因嘲兹石聊以寄懷君問西州城下事
醉中疊紙爲君書
嵌空石面標羅刹
壓捺潮頭敵子胥
神鬼曾鞭猶不動
波濤雖打欲何如
誰知太守心相似
抵滯堅頑兩有餘",87
1519,poem,1519,卷二十三,,,律詩,張十八員外以新詩二十五首見寄郡樓月下吟玩通夕因題卷後封寄微之,,,1519,revised_jsonl_direct,1520,823,revised_jsonl,笺；喜张十八博士除水部员外郎,,0,False,,0,False,1,8,"秦城南省清秋夜
江郡東樓明月時
去我三千六百里
得君二十五篇詩
陽春曲調高難和
淡水交情老始知
坐到天明吟未足
重封轉寄與微之","張十八員外以新詩二十五首見寄郡樓月下吟玩通夕因題卷後封寄微之秦城南省清秋夜
江郡東樓明月時
去我三千六百里
得君二十五篇詩
陽春曲調高難和
淡水交情老始知
坐到天明吟未足
重封轉寄與微之",93
1520,poem,1520,卷二十三,,,律詩,酬微之,,,1520,revised_jsonl_direct,1521,823,revised_jsonl,笺；世说新语,,0,False,,0,False,1,12,"滿袠填箱唱和詩
少年爲戲老成悲
聲聲麗曲敲寒玉
句句妍辭綴色絲
吟玩獨當明月夜
傷嗟同是白頭時
由來才命相磨折
天遣無兒欲怨誰
微之句云
“天遣兩家無嗣子
欲將文字付誰人
”故以此舉之","酬微之滿袠填箱唱和詩
少年爲戲老成悲
聲聲麗曲敲寒玉
句句妍辭綴色絲
吟玩獨當明月夜
傷嗟同是白頭時
由來才命相磨折
天遣無兒欲怨誰
微之句云
“天遣兩家無嗣子
欲將文字付誰人
”故以此舉之",95
1521,poem,1521,卷二十三,,,律詩,餘思未盡加爲六韻重寄微之,,,1521,revised_jsonl_direct,1522,823,revised_jsonl,笺；制诰序；元白诗笺证稿；读莺莺传；白氏文集；序说；唐代古文运动通论；白居易诗论的全面考察；白氏文集を读む；尚书；上令狐相公诗启；唐国史补；元和体诗；吾雏；责子；三国志；博物志,尚书；博物志,2,True,,0,False,1,29,"海内聲華併在身
篋中文字絶無倫
美微之也
遥知獨對封章草
忽憶同爲獻納臣
走筆往來盈卷軸
予與微之前後寄和詩數百篇
近代無如此多有也
除官遞互掌絲綸
予除中書舍人
微之撰制
微之除翰林學士
予撰制詞
制從長慶辭高古
微之長慶初知制誥
文格高古
始變俗體
繼者效之也
詩到元和體變新
衆稱元﹑白爲千字律詩
或號元和格
各有文姬才稚齒
蔡邕無兒
有女琰
字文姬
俱無通子繼餘塵
陶潛小男名通子
琴書何必求王粲
與女猶勝與外人","餘思未盡加爲六韻重寄微之海内聲華併在身
篋中文字絶無倫
美微之也
遥知獨對封章草
忽憶同爲獻納臣
走筆往來盈卷軸
予與微之前後寄和詩數百篇
近代無如此多有也
除官遞互掌絲綸
予除中書舍人
微之撰制
微之除翰林學士
予撰制詞
制從長慶辭高古
微之長慶初知制誥
文格高古
始變俗體
繼者效之也
詩到元和體變新
衆稱元﹑白爲千字律詩
或號元和格
各有文姬才稚齒
蔡邕無兒
有女琰
字文姬
俱無通子繼餘塵
陶潛小男名通子
琴書何必求王粲
與女猶勝與外人",222
1522,poem,1522,卷二十三,,,律詩,答微之詠懷見寄,,,1522,revised_jsonl_direct,1523,823,revised_jsonl,笺,,0,False,,0,False,1,8,"閣中同直前春事
船裏相逢昨日情
分袂二年勞夢寐
並牀三宿話平生
紫微北畔辭宮闕
滄海西頭對郡城
聚散窮通何足道
醉來一曲放歌行","答微之詠懷見寄閣中同直前春事
船裏相逢昨日情
分袂二年勞夢寐
並牀三宿話平生
紫微北畔辭宮闕
滄海西頭對郡城
聚散窮通何足道
醉來一曲放歌行",70
1523,poem,1523,卷二十三,,,律詩,酬微之誇鏡湖,,,1523,revised_jsonl_direct,1524,823,revised_jsonl,笺；太平寰宇记；汉书；羽猎赋；嘉泰会稽志；和新楼北园偶集从孙公度周巡官韩秀才卢秀才范处士小饮郑侍御判官周刘二从事皆先归；代书诗一百韵寄微之；东南行一百韵寄通州元九侍御澧州李十一舍人果州崔二十二使君开州韦大员外庾三十二补阙杜十四拾遗李二十助教员外窦七校书,汉书；羽猎赋,2,True,,0,False,1,12,"我嗟身老歲方徂
君更官高興轉孤
軍門郡閣曾閑否
禹穴耶溪得到無
酒盞省陪波卷白
骰盆思共彩呼盧
一泓鏡水誰能羨
自有胸中萬頃湖
微之詩云
“孫園虎寺隨宜看
不必遥遥羨鏡湖
”故以此戲言答之","酬微之誇鏡湖我嗟身老歲方徂
君更官高興轉孤
軍門郡閣曾閑否
禹穴耶溪得到無
酒盞省陪波卷白
骰盆思共彩呼盧
一泓鏡水誰能羨
自有胸中萬頃湖
微之詩云
“孫園虎寺隨宜看
不必遥遥羨鏡湖
”故以此戲言答之",100
1524,poem,1524,卷二十三,,,律詩,雪中即事寄微之,,,1524,revised_jsonl_direct,1525,823,revised_jsonl,笺；礼记；李舍人山园送庞邵；至鸭栏驿上白马矶赠裴侍御；晋书,礼记；晋书,2,True,,0,False,1,20,"連夜江雲黄慘澹
平明山雪白模糊
銀河沙漲三千里
梅嶺花排一萬株
北市風生飄散麪
東樓日出照凝酥
誰家高士關門户
何處行人失道途
舞鶴庭前毛稍定
擣衣碪上練新鋪
戲團稚女呵紅手
愁坐衰翁對白鬚
壓瘴一州除疾苦
呈豐萬井盡歡娛
潤含玉德懷君子
寒助霜威憶大夫
莫道烟波一水隔
何妨氣候兩鄉殊
越中地暖多成雨
還有瑶臺瓊樹無","雪中即事寄微之連夜江雲黄慘澹
平明山雪白模糊
銀河沙漲三千里
梅嶺花排一萬株
北市風生飄散麪
東樓日出照凝酥
誰家高士關門户
何處行人失道途
舞鶴庭前毛稍定
擣衣碪上練新鋪
戲團稚女呵紅手
愁坐衰翁對白鬚
壓瘴一州除疾苦
呈豐萬井盡歡娛
潤含玉德懷君子
寒助霜威憶大夫
莫道烟波一水隔
何妨氣候兩鄉殊
越中地暖多成雨
還有瑶臺瓊樹無",166
1525,poem,1525,卷二十三,,,律詩,醉封詩筒寄微之,,,1525,revised_jsonl_direct,1526,823,revised_jsonl,谱；笺；诗林广记；诗话；唐音癸签；广记,,0,False,,0,False,1,8,"一生休戚與窮通
處處相隨事事同
未死又鄰滄海郡
無兒俱作白頭翁
展眉只仰三杯後
代面唯憑五字中
爲向兩川郵吏道
莫辭來去遞詩筒","醉封詩筒寄微之一生休戚與窮通
處處相隨事事同
未死又鄰滄海郡
無兒俱作白頭翁
展眉只仰三杯後
代面唯憑五字中
爲向兩川郵吏道
莫辭來去遞詩筒",70
1526,poem,1526,卷二十三,,,律詩,除夜寄微之,,,1526,revised_jsonl_direct,1527,823,revised_jsonl,谱；笺；高阳池送朱二,,0,False,,0,False,1,8,"鬢毛不覺白毿毿
一事無成百不堪
共惜盛時辭闕下
同嗟除夜在江南
家山泉石尋常憶
世路風波子細諳
老校於君合先退
明年半百又加三","除夜寄微之鬢毛不覺白毿毿
一事無成百不堪
共惜盛時辭闕下
同嗟除夜在江南
家山泉石尋常憶
世路風波子細諳
老校於君合先退
明年半百又加三",68
1527,poem,1527,卷二十三,,,律詩,蘇州李中丞以元日郡齋感懷詩寄微之及予輒依來篇七言八韻走筆奉答兼呈微之,,,1527,revised_jsonl_direct,1528,823,revised_jsonl,笺；李谅授寿州刺史薛公干授泗州刺史制；白氏文集；姑苏志；郎官考；寄李苏州兼示杨琼；长洲苑；郡斋旬假命宴呈座客示郡寮；答微之夸越州州宅；元微之除浙东观察使喜得杭越邻州先赠长句；重答汝州李六使君见和忆吴中旧游五首,,0,False,,0,False,1,16,"白首餘杭白太守
落拓抛名來已久
一辭渭北故園春
再把江南新歲酒
杯前笑歌徒勉强
鏡裏形容漸衰朽
領郡慚當潦倒年
鄰州喜得平生友
長洲草接松江岸
曲水花連鏡湖口
老去還能痛飲無
春來曾作閑遊否
憑鶯傳語報李六
倩雁將書與元九
莫嗟一日日催人
且貴一年年入手","蘇州李中丞以元日郡齋感懷詩寄微之及予輒依來篇七言八韻走筆奉答兼呈微之白首餘杭白太守
落拓抛名來已久
一辭渭北故園春
再把江南新歲酒
杯前笑歌徒勉强
鏡裏形容漸衰朽
領郡慚當潦倒年
鄰州喜得平生友
長洲草接松江岸
曲水花連鏡湖口
老去還能痛飲無
春來曾作閑遊否
憑鶯傳語報李六
倩雁將書與元九
莫嗟一日日催人
且貴一年年入手",161
1528,poem,1528,卷二十三,,,律詩,早春西湖閑遊悵然興懷憶與微之同賞因思在越官重事殷鏡湖之遊或恐未暇偶成十八韻寄微之,,,1528,revised_jsonl_direct,1529,824,revised_jsonl,笺；叙德书情四十韵上宣歙崔中丞；效陶潜体诗十六首；题小桥前新竹招客；唐语林,,0,False,,0,False,1,36,"上馬復呼賓
湖邊景氣新
管絃三數事
騎從十餘人
立換登山屐
行攜漉酒巾
逢花看當妓
遇草坐爲茵
西日籠黄柳
東風蕩白蘋
小橋裝雁齒
輕浪甃魚鱗
畫舫牽徐轉
銀船酌慢巡
野情遺世累
醉態任天真
彼此年將老
平生分最親
高天從所願
遠地得爲鄰
雲樹分三驛
煙波限一津
翻嗟寸步隔
却厭尺書頻
浙右稱雄鎮
山陰委重臣
貴垂長紫綬
榮駕大朱輪
出動刀槍隊
歸生道路塵
雁驚弓易散
鷗怕鼓難馴
百吏瞻相面
千夫捧擁身
自然閑興少
應負鏡湖春","早春西湖閑遊悵然興懷憶與微之同賞因思在越官重事殷鏡湖之遊或恐未暇偶成十八韻寄微之上馬復呼賓
湖邊景氣新
管絃三數事
騎從十餘人
立換登山屐
行攜漉酒巾
逢花看當妓
遇草坐爲茵
西日籠黄柳
東風蕩白蘋
小橋裝雁齒
輕浪甃魚鱗
畫舫牽徐轉
銀船酌慢巡
野情遺世累
醉態任天真
彼此年將老
平生分最親
高天從所願
遠地得爲鄰
雲樹分三驛
煙波限一津
翻嗟寸步隔
却厭尺書頻
浙右稱雄鎮
山陰委重臣
貴垂長紫綬
榮駕大朱輪
出動刀槍隊
歸生道路塵
雁驚弓易散
鷗怕鼓難馴
百吏瞻相面
千夫捧擁身
自然閑興少
應負鏡湖春",255
1529,poem,1529,卷二十三,,,律詩,答微之見寄,,,1529,revised_jsonl_direct,1530,824,revised_jsonl,笺；嘉泰会稽志；画竹歌,,0,False,,0,False,1,8,"可憐風景浙東西
先數餘杭次會稽
禹廟未勝天竺寺
錢湖不羨若耶溪
擺塵野鶴春毛暖
拍水沙鷗濕翅低
更對雪樓君愛否
紅欄碧甃點銀泥","答微之見寄可憐風景浙東西
先數餘杭次會稽
禹廟未勝天竺寺
錢湖不羨若耶溪
擺塵野鶴春毛暖
拍水沙鷗濕翅低
更對雪樓君愛否
紅欄碧甃點銀泥",68
1530,poem,1530,卷二十三,,,律詩,祭社宵興燈前偶作,,,1530,revised_jsonl_direct,1531,823,revised_jsonl,笺,,0,False,,0,False,1,8,"城頭傳鼓角
燈下整衣冠
夜鏡藏鬚白
秋泉漱齒寒
欲將閑送老
須著病辭官
更待年終後
支持歸計看","祭社宵興燈前偶作城頭傳鼓角
燈下整衣冠
夜鏡藏鬚白
秋泉漱齒寒
欲將閑送老
須著病辭官
更待年終後
支持歸計看",55
1531,poem,1531,卷二十三,,,律詩,閑卧,,,1531,revised_jsonl_direct,1532,823,revised_jsonl,笺；长庆二年七月自中书舍人出守杭州路次蓝溪作；石洲诗话,,0,False,,0,False,1,8,"盡日前軒卧
神閑境亦空
有山當枕上
無事到心中
簾卷侵床日
屏遮入座風
望春春未到
應在海門東","閑卧盡日前軒卧
神閑境亦空
有山當枕上
無事到心中
簾卷侵床日
屏遮入座風
望春春未到
應在海門東",49
1532,poem,1532,卷二十三,,,律詩,新春江次,,,1532,revised_jsonl_direct,1533,824,revised_jsonl,笺；急就篇；襄阳歌；题小桥前新竹招客；轻薄篇；马上作,,0,False,,0,False,1,8,"浦乾潮未應
堤濕凍初銷
粉片妝梅朵
金絲刷柳條
鴨頭新綠水
雁齒小紅橋
莫怪珂聲碎
春來五馬驕","新春江次浦乾潮未應
堤濕凍初銷
粉片妝梅朵
金絲刷柳條
鴨頭新綠水
雁齒小紅橋
莫怪珂聲碎
春來五馬驕",51
1533,poem,1533,卷二十三,,,律詩,春題湖上,,,1533,revised_jsonl_direct,1534,824,revised_jsonl,笺,,0,False,,0,False,1,8,"湖上春來似畫圖
亂峰圍繞水平鋪
松排山面千重翠
月點波心一顆珠
碧毯線頭抽早稻
青羅裙帶展新蒲
未能抛得杭州去
一半勾留是此湖","春題湖上湖上春來似畫圖
亂峰圍繞水平鋪
松排山面千重翠
月點波心一顆珠
碧毯線頭抽早稻
青羅裙帶展新蒲
未能抛得杭州去
一半勾留是此湖",67
1534,poem,1534,卷二十三,,,律詩,早春憶微之,,,1534,revised_jsonl_direct,1535,824,revised_jsonl,笺；暮江吟,,0,False,,0,False,1,8,"昏昏老與病相和
感物思君歎復歌
聲早雞先知夜短
色濃柳最占春多
沙頭雨染班班草
水面風驅瑟瑟波
可道眼前光景惡
其如難見故人何","早春憶微之昏昏老與病相和
感物思君歎復歌
聲早雞先知夜短
色濃柳最占春多
沙頭雨染班班草
水面風驅瑟瑟波
可道眼前光景惡
其如難見故人何",68
1535,poem,1535,卷二十三,,,律詩,失鶴,,,1535,revised_jsonl_direct,1536,824,revised_jsonl,笺,,0,False,,0,False,1,8,"失爲庭前雪
飛因海上風
九霄應得侶
三夜不歸籠
聲斷碧雲外
影沉明月中
郡齋從此後
誰伴白頭翁","失鶴失爲庭前雪
飛因海上風
九霄應得侶
三夜不歸籠
聲斷碧雲外
影沉明月中
郡齋從此後
誰伴白頭翁",49
1536,poem,1536,卷二十三,,,律詩,自感,,,1536,revised_jsonl_direct,1537,824,revised_jsonl,笺,,0,False,,0,False,1,4,"宴遊寢食漸無味
杯酒管絃徒繞身
賓客歡娛僮僕飽
始知官職爲他人","自感宴遊寢食漸無味
杯酒管絃徒繞身
賓客歡娛僮僕飽
始知官職爲他人",33
1537,poem,1537,卷二十三,,,律詩,得湖州崔十八使君書喜與杭越鄰郡因成長句代賀兼寄微之,,,1537,revised_jsonl_direct,1538,824,revised_jsonl,笺；嘉泰吴兴志；会稽掇英总集；唐太守题名记；嘉泰会稽志；旧唐书；常乐里闲居偶题十六韵兼寄刘十五公舆王十一起吕二炅吕四颖崔十八玄亮元九稹刘三十二敦质张十五仲方时为校书郎；登科记考,,0,False,,0,False,1,14,"三郡何因此結緣
貞元科第忝同年
故情歡喜開書後
舊事思量在眼前
越國封疆吞碧海
杭城樓閣入青煙
吳興卑小君應屈
爲是蓬萊最後仙
貞元初同登科
崔君名最在後
當時崔自詠云
“人間不會雲間事
應笑蓬萊最後仙
”","得湖州崔十八使君書喜與杭越鄰郡因成長句代賀兼寄微之三郡何因此結緣
貞元科第忝同年
故情歡喜開書後
舊事思量在眼前
越國封疆吞碧海
杭城樓閣入青煙
吳興卑小君應屈
爲是蓬萊最後仙
貞元初同登科
崔君名最在後
當時崔自詠云
“人間不會雲間事
應笑蓬萊最後仙
”",128
1538,poem,1538,卷二十三,,,律詩,同諸客攜酒早看櫻桃花,,,1538,revised_jsonl_direct,1539,824,revised_jsonl,笺；蔷薇正开春酒初熟因招刘十九张大崔二十四同饮,,0,False,,0,False,1,8,"曉報櫻桃發
春攜酒客過
綠餳粘盞杓
紅雪壓枝柯
天色晴明少
人生事故多
停杯替花語
不醉擬如何","同諸客攜酒早看櫻桃花曉報櫻桃發
春攜酒客過
綠餳粘盞杓
紅雪壓枝柯
天色晴明少
人生事故多
停杯替花語
不醉擬如何",57
1539,poem,1539,卷二十三,,,律詩,柳絮,,,1539,revised_jsonl_direct,1540,824,revised_jsonl,笺,,0,False,,0,False,1,4,"三月盡時頭白日
與春老别更依依
憑鶯爲向楊花道
絆惹春風莫放歸","柳絮三月盡時頭白日
與春老别更依依
憑鶯爲向楊花道
絆惹春風莫放歸",33
1540,poem,1540,卷二十三,,,律詩,早飲湖州酒寄崔使君,,,1540,revised_jsonl_direct,1541,824,revised_jsonl,笺；得湖州崔十八使君书喜与杭越邻郡因成长句代贺兼寄微之；白苎词；答友人招游；晚春寄同年张曙先辈；和乐天以镜换酒；后池泛舟送王十；猗觉寮杂记；佩文韵府；城南亭作；酬中都小吏携斗酒双鱼于逆旅见赠；荔枝楼对酒；和梦游春诗一百韵,,0,False,,0,False,1,12,"一榼扶頭酒
泓澄瀉玉壺
十分蘸甲酌
瀲灩滿銀盂
捧出光華動
嘗看氣味殊
手中稀琥珀
舌上冷醍醐
瓶裏有時盡
江邊無處沽
不知崔太守
更有寄來無","早飲湖州酒寄崔使君一榼扶頭酒
泓澄瀉玉壺
十分蘸甲酌
瀲灩滿銀盂
捧出光華動
嘗看氣味殊
手中稀琥珀
舌上冷醍醐
瓶裏有時盡
江邊無處沽
不知崔太守
更有寄來無",80
1541,poem,1541,卷二十三,,,律詩,病中書事,,,1541,revised_jsonl_direct,1542,824,revised_jsonl,笺,,0,False,,0,False,1,8,"三載卧山城
閑知節物情
鶯多過春語
蟬不待秋鳴
氣嗽因寒發
風痰欲雨生
病身無所用
唯解卜陰晴","病中書事三載卧山城
閑知節物情
鶯多過春語
蟬不待秋鳴
氣嗽因寒發
風痰欲雨生
病身無所用
唯解卜陰晴",51
1542,poem,1542,卷二十三,,,律詩,與微之唱和來去常以竹筒貯詩陳協律美而成篇因以此答,,,1542,revised_jsonl_direct,1543,824,revised_jsonl,笺；初学记；尚书考灵曜；庄子,庄子,1,True,,0,False,1,8,"揀得琅玕截作筒
緘題章句寫心胸
隨風每喜飛如鳥
渡水常憂化作龍
粉節堅如太守信
霜筠冷稱大夫容
煩君讚詠心知愧
魚目驪珠同一封","與微之唱和來去常以竹筒貯詩陳協律美而成篇因以此答揀得琅玕截作筒
緘題章句寫心胸
隨風每喜飛如鳥
渡水常憂化作龍
粉節堅如太守信
霜筠冷稱大夫容
煩君讚詠心知愧
魚目驪珠同一封",87
1543,poem,1543,卷二十三,,,律詩,醉戲諸妓,,,1543,revised_jsonl_direct,1544,824,revised_jsonl,笺；马上作,,0,False,,0,False,1,4,"席上爭飛使君酒
歌中多唱舍人詩
不知明日休官後
逐我東山去是誰","醉戲諸妓席上爭飛使君酒
歌中多唱舍人詩
不知明日休官後
逐我東山去是誰",35
1544,poem,1544,卷二十三,,,律詩,北院,,,1544,revised_jsonl_direct,1545,824,revised_jsonl,笺；维摩经,,0,False,,0,False,1,8,"北院人稀到
東窗地最偏
竹煙行竈上
石壁卧房前
性拙身多暇
心慵事少緣
還如病居士
唯置一牀眠","北院北院人稀到
東窗地最偏
竹煙行竈上
石壁卧房前
性拙身多暇
心慵事少緣
還如病居士
唯置一牀眠",49
1545,poem,1545,卷二十三,,,律詩,酬周協律,,,1545,revised_jsonl_direct,1546,824,revised_jsonl,笺；闲夜咏怀因招周协律刘薛二秀才；晚秋郾城夜会李正封联句上王中丞卢院长；通雅；别雅；韵会,,0,False,,0,False,1,8,"五十錢塘守
應爲送老官
濫蒙辭客愛
猶作近臣看
鑿落愁須飲
琵琶悶遣彈
白頭雖强醉
不似少年歡","酬周協律五十錢塘守
應爲送老官
濫蒙辭客愛
猶作近臣看
鑿落愁須飲
琵琶悶遣彈
白頭雖强醉
不似少年歡",51
1546,poem,1546,卷二十三,,,律詩,題石山人,,,1546,revised_jsonl_direct,1547,824,revised_jsonl,笺；约心；不睡,,0,False,,0,False,1,8,"騰騰兀兀在人間
貴賤賢愚盡往還
羶膩筵中唯飲酒
歌鐘會處獨思山
存神不許三尸住
混俗無妨兩鬢斑
除却餘杭白太守
何人更解愛君閑","題石山人騰騰兀兀在人間
貴賤賢愚盡往還
羶膩筵中唯飲酒
歌鐘會處獨思山
存神不許三尸住
混俗無妨兩鬢斑
除却餘杭白太守
何人更解愛君閑",67
1547,poem,1547,卷二十三,,,律詩,詩解,,,1547,revised_jsonl_direct,1548,824,revised_jsonl,笺,,0,False,,0,False,1,8,"新篇日日成
不是愛聲名
舊句時時改
無妨悦性情
但令長守郡
不覓却歸城
秖擬江湖上
吟哦過一生","詩解新篇日日成
不是愛聲名
舊句時時改
無妨悦性情
但令長守郡
不覓却歸城
秖擬江湖上
吟哦過一生",49
1548,poem,1548,卷二十三,,,律詩,潮,,,1548,revised_jsonl_direct,1549,824,revised_jsonl,笺；日知录,,0,False,,0,False,1,4,"早潮纔落晚潮來
一月周流六十迴
不獨光陰朝復暮
杭州老去被潮催","潮早潮纔落晚潮來
一月周流六十迴
不獨光陰朝復暮
杭州老去被潮催",32
1549,poem,1549,卷二十三,,,律詩,聞歌妓唱嚴郎中詩因以絶句寄之,,,1549,revised_jsonl_direct,1550,824,revised_jsonl,笺；冯阁老处见与严郎中酬和诗因戏赠绝句；荀子；李白墓；杭州春望,,0,False,,0,False,1,4,"已留舊政布中和
又付新詞與艷歌
但是人家有遺愛
就中蘇小感恩多","聞歌妓唱嚴郎中詩因以絶句寄之已留舊政布中和
又付新詞與艷歌
但是人家有遺愛
就中蘇小感恩多",45
1550,poem,1550,卷二十三,,,律詩,柘枝妓,,,1550,revised_jsonl_direct,1551,824,revised_jsonl,笺；房家夜宴喜雪戏赠主人；柘枝舞小考；柘枝妓；观杭州柘枝；和乐天柘枝；乐府诗集；古今乐录；桃叶歌；观杭州柘枝妓；周员外席上观柘枝；观杨瑗柘枝；柘枝词；高唐赋,,0,False,,0,False,1,8,"平鋪一合錦筵開
連擊三聲畫鼓催
紅蠟燭移桃葉起
紫羅衫動柘枝來
帶垂鈿胯花腰重
帽轉金鈴雪面迴
看即曲終留不住
雲飄雨送向陽臺","柘枝妓平鋪一合錦筵開
連擊三聲畫鼓催
紅蠟燭移桃葉起
紫羅衫動柘枝來
帶垂鈿胯花腰重
帽轉金鈴雪面迴
看即曲終留不住
雲飄雨送向陽臺",66
1551,poem,1551,卷二十三,,,律詩,急樂世辭,,,1551,revised_jsonl_direct,1552,824,revised_jsonl,笺；乐府诗集；乐世；绿腰；琵琶录；录要；绿要；新唐书；凉州；胡渭；乐府杂录；乐苑；听歌六绝句；唐音癸签；隋唐五代燕乐杂言歌辞研究；大曲；六么,,0,False,,0,False,1,4,"正抽碧線繡紅羅
忽聽黄鶯斂翠蛾
秋思冬愁春悵望
大都不稱意時多","急樂世辭正抽碧線繡紅羅
忽聽黄鶯斂翠蛾
秋思冬愁春悵望
大都不稱意時多",35
1552,poem,1552,卷二十三,,,律詩,天竺寺送堅上人歸廬山,,,1552,revised_jsonl_direct,1553,824,revised_jsonl,笺；画竹歌；草堂记；白氏文集；游大林寺序,,0,False,,0,False,1,8,"錫杖登高寺
香爐憶舊峰
偶來舟不繫
忽去鳥無蹤
豈要留離偈
寧勞動别容
與師俱是夢
夢裏暫相逢","天竺寺送堅上人歸廬山錫杖登高寺
香爐憶舊峰
偶來舟不繫
忽去鳥無蹤
豈要留離偈
寧勞動别容
與師俱是夢
夢裏暫相逢",57
1553,poem,1553,卷二十三,,,律詩,除官赴闕留贈微之,,,1553,revised_jsonl_direct,1554,824,revised_jsonl,谱；笺；会稽掇英总集唐太守题名记；嘉泰会稽志,,0,False,,0,False,1,8,"去年十月半
君來過浙東
今年五月盡
我發向關中
兩鄉默默心相别
一水盈盈路不通
從此津人應省事
寂寥無復遞詩筒","除官赴闕留贈微之去年十月半
君來過浙東
今年五月盡
我發向關中
兩鄉默默心相别
一水盈盈路不通
從此津人應省事
寂寥無復遞詩筒",63
1554,poem,1554,卷二十三,,,律詩,留題郡齋,,,1554,revised_jsonl_direct,1555,824,revised_jsonl,笺,,0,False,,0,False,1,6,"吟山歌水嘲風月
便是三年官滿時
春爲醉眠多閉閣
秋因晴望暫褰帷
更無一事移風俗
唯化州民解詠詩","留題郡齋吟山歌水嘲風月
便是三年官滿時
春爲醉眠多閉閣
秋因晴望暫褰帷
更無一事移風俗
唯化州民解詠詩",51
1555,poem,1555,卷二十三,,,律詩,别州民,,,1555,revised_jsonl_direct,1556,824,revised_jsonl,笺；三年为刺史二首；钱唐湖石记；白氏文集,,0,False,,0,False,1,11,"耆老遮歸路
壺漿滿别筵
甘棠無一樹
那得淚潸然
税重多貧户
農飢足旱田
唯留一湖水
與汝救凶年
今春增築錢唐湖堤
貯水以防天旱
故云","别州民耆老遮歸路
壺漿滿别筵
甘棠無一樹
那得淚潸然
税重多貧户
農飢足旱田
唯留一湖水
與汝救凶年
今春增築錢唐湖堤
貯水以防天旱
故云",69
1556,poem,1556,卷二十三,,,律詩,留題天竺靈隱兩寺,,,1556,revised_jsonl_direct,1557,824,revised_jsonl,笺；画竹歌；题灵隐寺红辛夷花戏酬光上人；咸淳临安志；月桂峰诗序；寄杨六；冷泉亭记；白氏文集,,0,False,,0,False,1,20,"在郡六百日
入山十二迴
宿因月桂落
醉爲海榴開
天竺嘗有月中桂子落
靈隱多海石榴花也
黄紙除書到
青宮詔命催
僧徒多悵望
賓從亦徘徊
寺暗煙埋竹
林香雨落梅
别橋憐白石
辭洞戀青苔
石橋在天竺
明洞在靈隱
漸出松間路
猶飛馬上杯
誰教冷泉水
送我下山來","留題天竺靈隱兩寺在郡六百日
入山十二迴
宿因月桂落
醉爲海榴開
天竺嘗有月中桂子落
靈隱多海石榴花也
黄紙除書到
青宮詔命催
僧徒多悵望
賓從亦徘徊
寺暗煙埋竹
林香雨落梅
别橋憐白石
辭洞戀青苔
石橋在天竺
明洞在靈隱
漸出松間路
猶飛馬上杯
誰教冷泉水
送我下山來",134
1557,poem,1557,卷二十三,,,律詩,西湖留别,,,1557,revised_jsonl_direct,1558,824,revised_jsonl,笺,,0,False,,0,False,1,8,"征途行色慘風煙
祖帳離聲咽管絃
翠黛不須留五馬
皇恩只許住三年
綠藤陰下鋪歌席
紅藕花中泊妓船
處處迴頭盡堪戀
就中難别是湖邊","西湖留别征途行色慘風煙
祖帳離聲咽管絃
翠黛不須留五馬
皇恩只許住三年
綠藤陰下鋪歌席
紅藕花中泊妓船
處處迴頭盡堪戀
就中難别是湖邊",67
1558,poem,1558,卷二十三,,,律詩,重寄别微之,,,1558,revised_jsonl_direct,1559,824,revised_jsonl,笺；十年三月三日别微之于沣上十四年三月十一日夜遇微之于峡中停舟夷陵三宿而别言不尽者以诗终之因赋七言十七韵以赠且欲记所遇之地与相见之时为他年会话张本也,,0,False,,0,False,1,4,"憑仗江波寄一辭
不須惆悵報微之
猶勝往歲峽中别
灧澦堆邊招手時","重寄别微之憑仗江波寄一辭
不須惆悵報微之
猶勝往歲峽中别
灧澦堆邊招手時",36
1559,poem,1559,卷二十三,,,律詩,重題别東樓,,,1559,revised_jsonl_direct,1560,824,revised_jsonl,笺；初领郡政衙退登东楼作；元和郡县志；咸淳临安志；梦粱录,,0,False,,0,False,1,18,"東樓勝事我偏知
氣象多隨昏旦移
湖卷衣裳白重疊
山張屏障綠參差
海仙樓塔晴方出
江女笙簫夜始吹
春雨星攢尋蟹火
秋風霞颭弄濤旗
餘杭風俗
每寒食雨後夜凉
家家持燭尋蟹
動盈萬人
每歲八月迎濤
弄水者悉舉旗幟焉
宴宜雲髻新梳後
曲愛霓裳未拍時
太守三年嘲不盡
郡齋空作百篇詩","重題别東樓東樓勝事我偏知
氣象多隨昏旦移
湖卷衣裳白重疊
山張屏障綠參差
海仙樓塔晴方出
江女笙簫夜始吹
春雨星攢尋蟹火
秋風霞颭弄濤旗
餘杭風俗
每寒食雨後夜凉
家家持燭尋蟹
動盈萬人
每歲八月迎濤
弄水者悉舉旗幟焉
宴宜雲髻新梳後
曲愛霓裳未拍時
太守三年嘲不盡
郡齋空作百篇詩",141
1560,poem,1560,卷二十三,,,律詩,别周軍事,,,1560,revised_jsonl_direct,1561,824,revised_jsonl,笺；九日思杭州旧游寄周判官及诸客,,0,False,,0,False,1,4,"主人頭白官仍冷
去後憐君是底人
試謁會稽元相去
不妨相見却殷勤","别周軍事主人頭白官仍冷
去後憐君是底人
試謁會稽元相去
不妨相見却殷勤",35
1561,poem,1561,卷二十三,,,律詩,看常州柘枝贈賈使君,,,1561,revised_jsonl_direct,1562,824,revised_jsonl,笺；旧唐书；醉后走笔酬刘五主簿长句之赠兼简张大贾二十四先辈昆季；唐会要；太平广记；许老翁；仙传拾遗,,0,False,,0,False,1,4,"莫惜新衣舞柘枝
也從塵污汗霑垂
料君即却歸朝去
不見銀泥衫故時","看常州柘枝贈賈使君莫惜新衣舞柘枝
也從塵污汗霑垂
料君即却歸朝去
不見銀泥衫故時",40
1562,poem,1562,卷二十三,,,律詩,汴河路有感,,,1562,revised_jsonl_direct,1563,824,revised_jsonl,谱；笺,,0,False,,0,False,1,8,"三十年前路
孤舟重往還
繞身新眷屬
舉目舊鄉關
事去唯留水
人非但見山
啼襟與愁鬢
此日兩成斑","汴河路有感三十年前路
孤舟重往還
繞身新眷屬
舉目舊鄉關
事去唯留水
人非但見山
啼襟與愁鬢
此日兩成斑",52
1563,poem,1563,卷二十三,,,律詩,埇橋舊業,,,1563,revised_jsonl_direct,1564,824,revised_jsonl,笺；元和郡县志；醉后走笔酬刘五主簿长句之赠兼简张大贾二十四先辈昆季,,0,False,,0,False,1,8,"别業埇城北
抛來二十春
改移新逕路
變換舊村鄰
有税田疇薄
無官弟侄貧
田園何用問
强半屬他人","埇橋舊業别業埇城北
抛來二十春
改移新逕路
變換舊村鄰
有税田疇薄
無官弟侄貧
田園何用問
强半屬他人",51
1564,poem,1564,卷二十三,,,律詩,茅城驛,,,1564,revised_jsonl_direct,1565,824,revised_jsonl,笺,,0,False,,0,False,1,8,"汴河無景思
秋日又淒淒
地薄桑麻瘦
村貧屋舍低
早苗多間草
濁水半和泥
最是蕭條處
茅城驛向西","茅城驛汴河無景思
秋日又淒淒
地薄桑麻瘦
村貧屋舍低
早苗多間草
濁水半和泥
最是蕭條處
茅城驛向西",50
1565,poem,1565,卷二十三,,,律詩,河陰夜泊憶微之,,,1565,revised_jsonl_direct,1566,824,revised_jsonl,谱；笺,,0,False,,0,False,1,4,"憶君我正泊行舟
望我君應上郡樓
萬里月明同此夜
黄河東面海西頭","河陰夜泊憶微之憶君我正泊行舟
望我君應上郡樓
萬里月明同此夜
黄河東面海西頭",38
1566,poem,1566,卷二十三,,,律詩,杭州迴舫,,,1566,revised_jsonl_direct,1567,824,revised_jsonl,谱；笺,,0,False,,0,False,1,4,"自别錢唐山水後
不多飲酒懶吟詩
欲將此意憑迴棹
與報西湖風月知","杭州迴舫自别錢唐山水後
不多飲酒懶吟詩
欲將此意憑迴棹
與報西湖風月知",35
1567,poem,1567,卷二十三,,,律詩,途中題山泉,,,1567,revised_jsonl_direct,1568,824,revised_jsonl,笺；县斋；山店；和分水岭,,0,False,,0,False,1,8,"決決涌巖穴
濺濺出洞門
向東應入海
從此不歸源
似葉飄辭樹
如雲斷别根
吾身亦如此
何日返鄉園","途中題山泉決決涌巖穴
濺濺出洞門
向東應入海
從此不歸源
似葉飄辭樹
如雲斷别根
吾身亦如此
何日返鄉園",52
1568,poem,1568,卷二十三,,,律詩,欲到東洛得楊使君書因以此報,,,1568,revised_jsonl_direct,1569,824,revised_jsonl,笺；赠杨使君；全唐文；授杨归厚太子右庶子制；初到忠州登东楼寄万州杨八使君；十年三月三日别微之于沣上十四年三月十一日夜遇微之于峡中停舟夷陵三宿而别言不尽者以诗终之因赋七言十七韵以赠且欲记所遇之地与相见之时为他年会话张本也；偃师东与韩樽同诣景云晖上人即事,,0,False,,0,False,1,8,"向公心切向財疏
淮上休官洛下居
三郡政能從獨步
十年生計復何如
使君灘上久分手
别駕渡頭先得書
且喜平安又相見
其餘外事盡空虛","欲到東洛得楊使君書因以此報向公心切向財疏
淮上休官洛下居
三郡政能從獨步
十年生計復何如
使君灘上久分手
别駕渡頭先得書
且喜平安又相見
其餘外事盡空虛",76
1569,poem,1569,卷二十三,,,律詩,洛下寓居,,,1569,revised_jsonl_direct,1570,824,revised_jsonl,谱；笺,,0,False,,0,False,1,12,"秋館清凉日
書因解悶看
夜窗幽獨處
琴不爲人彈
遊宴慵多廢
趨朝老漸難
禪僧教斷酒
道士勸休官
渭曲莊猶在
錢唐俸尚殘
如能便歸去
亦不至飢寒","洛下寓居秋館清凉日
書因解悶看
夜窗幽獨處
琴不爲人彈
遊宴慵多廢
趨朝老漸難
禪僧教斷酒
道士勸休官
渭曲莊猶在
錢唐俸尚殘
如能便歸去
亦不至飢寒",75
1570,poem,1570,卷二十三,,,律詩,味道,,,1570,revised_jsonl_direct,1571,824,revised_jsonl,笺；旧唐书；真诰；文献通考；运题；象甄；命授；协昌期；稽神枢；握真辅；翼真检；坛经；南宗顿教最上大乘摩诃般若波罗蜜经六祖惠能大师于韶州大梵寺施法坛经；六祖大师法宝坛经；大义禅师碑铭；赠僧五首,,0,False,,0,False,1,8,"叩齒晨興秋院靜
焚香宴坐晚窗深
七篇真誥論仙事
一卷壇經説佛心
此日盡知前境妄
多生曾被外塵侵
自嫌習性猶殘處
愛詠閑詩好聽琴","味道叩齒晨興秋院靜
焚香宴坐晚窗深
七篇真誥論仙事
一卷壇經説佛心
此日盡知前境妄
多生曾被外塵侵
自嫌習性猶殘處
愛詠閑詩好聽琴",65
1571,poem,1571,卷二十三,,,律詩,好聽琴,,,1571,revised_jsonl_direct,1572,824,revised_jsonl,笺；易；赠苏四傒；列子；郡中夜听李山人弹三乐,易；列子,2,True,,0,False,1,8,"本性好絲桐
塵機聞即空
一聲來耳裏
萬事離心中
清暢堪銷疾
恬和好養蒙
尤宜聽三樂
安慰白頭翁","好聽琴本性好絲桐
塵機聞即空
一聲來耳裏
萬事離心中
清暢堪銷疾
恬和好養蒙
尤宜聽三樂
安慰白頭翁",50
1572,poem,1572,卷二十三,,,律詩,愛詠詩,,,1572,revised_jsonl_direct,1573,824,revised_jsonl,笺；法华经,,0,False,,0,False,1,4,"辭章諷詠成千首
心行歸依向一乘
坐倚繩牀閑自念
前生應是一詩僧","愛詠詩辭章諷詠成千首
心行歸依向一乘
坐倚繩牀閑自念
前生應是一詩僧",34
1573,poem,1573,卷二十三,,,律詩,酬皇甫庶子見寄,,,1573,revised_jsonl_direct,1574,824,revised_jsonl,笺；林下闲步寄皇甫庶子；旧唐书；高仆射；赠吴丹,,0,False,,0,False,1,8,"掌綸不稱君應笑
典郡無能我自知
别詔忽驚新命出
同寮偶與夙心期
春坊瀟灑優閑地
秋鬢蒼浪老大時
獨占二疏應未可
龍樓見擬覓分司","酬皇甫庶子見寄掌綸不稱君應笑
典郡無能我自知
别詔忽驚新命出
同寮偶與夙心期
春坊瀟灑優閑地
秋鬢蒼浪老大時
獨占二疏應未可
龍樓見擬覓分司",70
1574,poem,1574,卷二十三,,,律詩,卧疾,,,1574,revised_jsonl_direct,1575,824,revised_jsonl,笺,,0,False,,0,False,1,4,"閑官卧疾絶經過
居處蕭條近洛河
水北水南秋月夜
管絃聲少杵聲多","卧疾閑官卧疾絶經過
居處蕭條近洛河
水北水南秋月夜
管絃聲少杵聲多",33
1575,poem,1575,卷二十三,,,律詩,遠師,,,1575,revised_jsonl_direct,1576,824,revised_jsonl,笺；问远师,,0,False,,0,False,1,4,"東宮白庶子
南寺遠禪師
何處遥相見
心無一事時","遠師東宮白庶子
南寺遠禪師
何處遥相見
心無一事時",25
1576,poem,1576,卷二十三,,,律詩,問遠師,,,1576,revised_jsonl_direct,1577,824,revised_jsonl,笺,,0,False,,0,False,1,4,"葷羶停夜食
吟詠散秋懷
笑問東林老
詩應不破齋","問遠師葷羶停夜食
吟詠散秋懷
笑問東林老
詩應不破齋",26
1577,poem,1577,卷二十三,,,律詩,小院酒醒,,,1577,revised_jsonl_direct,1578,824,revised_jsonl,笺；寄生衣与微之因题封上；西风,,0,False,,0,False,1,8,"酒醒閑獨步
小院夜深凉
一領新秋簟
三間明月廊
未收殘盞杓
初換熟衣裳
好是幽眠處
松陰六尺牀","小院酒醒酒醒閑獨步
小院夜深凉
一領新秋簟
三間明月廊
未收殘盞杓
初換熟衣裳
好是幽眠處
松陰六尺牀",51
1578,poem,1578,卷二十三,,,律詩,贈侯三郎中,,,1578,revised_jsonl_direct,1579,824,revised_jsonl,笺；唐人行第录；白氏集；赠侯三郎中；因话录；旧唐书；文宗纪；左传；题崔少尹上林坊新居,左传,1,True,,0,False,1,8,"老愛東都好寄身
足泉多竹少埃塵
年豐最喜唯貧客
秋冷先知是瘦人
幸有琴書堪作伴
苦無田宅可爲鄰
洛中縱未長居得
且與蘇田遊過春","贈侯三郎中老愛東都好寄身
足泉多竹少埃塵
年豐最喜唯貧客
秋冷先知是瘦人
幸有琴書堪作伴
苦無田宅可爲鄰
洛中縱未長居得
且與蘇田遊過春",68
1579,poem,1579,卷二十三,,,律詩,求分司東都寄牛相公十韻,,,1579,revised_jsonl_direct,1580,824,revised_jsonl,笺；唐书；和答诗十首；洛下卜居；河南王尹初到以诗代书先问之；履道新居二十韵,,0,False,,0,False,1,23,"忽忽心如夢
星星鬢似絲
縱貧長有酒
雖老未抛詩
儉薄身都慣
疏頑性頗宜
飯粗餐亦飽
被暖起常遲
萬里歸何得
三年伴是誰
華亭鶴不去
天竺石相隨
余罷杭州
得華亭鶴﹑天竺石
同載而歸
王尹貰將馬
田家賣與池
開門閑坐日
遶水獨行時
懶慢交遊許
衰羸相府知
宮寮幸無事
可惜不分司","求分司東都寄牛相公十韻忽忽心如夢
星星鬢似絲
縱貧長有酒
雖老未抛詩
儉薄身都慣
疏頑性頗宜
飯粗餐亦飽
被暖起常遲
萬里歸何得
三年伴是誰
華亭鶴不去
天竺石相隨
余罷杭州
得華亭鶴﹑天竺石
同載而歸
王尹貰將馬
田家賣與池
開門閑坐日
遶水獨行時
懶慢交遊許
衰羸相府知
宮寮幸無事
可惜不分司",149
1580,poem,1580,卷二十三,,,律詩,酬楊八,,,1580,revised_jsonl_direct,1581,824,revised_jsonl,笺；欲到东洛得杨使君书因以此报；授杨归厚太子右庶子制；旧唐书；敬宗纪,,0,False,,0,False,1,4,"君以曠懷宜靜境
我因蹇步稱閑官
閉門足病非高士
勞作雲心鶴眼看","酬楊八君以曠懷宜靜境
我因蹇步稱閑官
閉門足病非高士
勞作雲心鶴眼看",34
1581,poem,1581,卷二十三,,,律詩,履道新居二十韻,,,1581,revised_jsonl_direct,1582,824,revised_jsonl,谱；笺；唐两京城坊考；和刘汝州诗；新书；元史；池上篇；白氏文集；洛阳名园记；云笈七签；天地宫府图；江南曲；咏怀；赠吴丹,,0,False,,0,False,1,40,"履道坊西角
官河曲北頭
林園四鄰好
風景一家秋
門閉深沉樹
池通淺沮秋夜反溝
拔青松直上
鋪碧水平流
籬菊黄金合
窗筠綠玉稠
疑連紫陽洞
似到白蘋洲
僧至多同宿
賓來輒少留
豈無詩引興
兼有酒銷憂
移榻臨平岸
攜茶上小舟
果穿聞鳥啄
萍破見魚遊
地與塵相遠
人將境共幽
汎潭菱點鏡
沉浦月生鈎
厨曉烟孤起
庭寒雨半收
老飢初愛粥
瘦冷早披裘
洛下招新隱
秦中忘舊遊
辭章留鳳閣
班籍寄龍樓
病愜官曹靜
閑慚俸祿優
琴書中有得
衣食外何求
濟世才無取
謀身智不周
應須共心語
萬事一時休","履道新居二十韻履道坊西角
官河曲北頭
林園四鄰好
風景一家秋
門閉深沉樹
池通淺沮秋夜反溝
拔青松直上
鋪碧水平流
籬菊黄金合
窗筠綠玉稠
疑連紫陽洞
似到白蘋洲
僧至多同宿
賓來輒少留
豈無詩引興
兼有酒銷憂
移榻臨平岸
攜茶上小舟
果穿聞鳥啄
萍破見魚遊
地與塵相遠
人將境共幽
汎潭菱點鏡
沉浦月生鈎
厨曉烟孤起
庭寒雨半收
老飢初愛粥
瘦冷早披裘
洛下招新隱
秦中忘舊遊
辭章留鳳閣
班籍寄龍樓
病愜官曹靜
閑慚俸祿優
琴書中有得
衣食外何求
濟世才無取
謀身智不周
應須共心語
萬事一時休",249
1582,poem,1582,卷二十三,,,律詩,九日思杭州舊遊寄周判官及諸客,,,1582,revised_jsonl_direct,1583,824,revised_jsonl,笺；重酬周判官；白香山诗评；病中辱张常侍题集贤院诗因以继和,,0,False,,0,False,1,8,"忽憶郡南山頂上
昔時同醉是今辰
笙歌委曲聲延耳
金翠動摇光照身
風景不隨宮相去
歡娛應逐使君新
江山賓客皆如舊
唯是當筵換主人","九日思杭州舊遊寄周判官及諸客忽憶郡南山頂上
昔時同醉是今辰
笙歌委曲聲延耳
金翠動摇光照身
風景不隨宮相去
歡娛應逐使君新
江山賓客皆如舊
唯是當筵換主人",77
1583,poem,1583,卷二十三,,,律詩,秋晚,,,1583,revised_jsonl_direct,1584,824,revised_jsonl,笺,,0,False,,0,False,1,8,"煙景澹濛濛
池邊微有風
覺寒蛬近壁
知暝鶴歸籠
長貌隨年改
衰情與物同
夜來霜厚薄
梨葉半低紅","秋晚煙景澹濛濛
池邊微有風
覺寒蛬近壁
知暝鶴歸籠
長貌隨年改
衰情與物同
夜來霜厚薄
梨葉半低紅",49
1584,poem,1584,卷二十三,,,律詩,分司,,,1584,revised_jsonl_direct,1585,824,revised_jsonl,谱；笺；酬从弟惠连；文选；说文；赠闾丘处士；唐会要；六年春赠分司东都诸公,说文,1,True,,0,False,1,8,"散帙留司殊有味
最宜病拙不才身
行香拜表爲公事
碧洛青嵩當主人
已出閑遊多到夜
却歸慵卧又經旬
錢唐五馬留三匹
還擬騎遊攪擾春","分司散帙留司殊有味
最宜病拙不才身
行香拜表爲公事
碧洛青嵩當主人
已出閑遊多到夜
却歸慵卧又經旬
錢唐五馬留三匹
還擬騎遊攪擾春",65
1585,poem,1585,卷二十三,,,律詩,河南王尹初到以詩代書先問之,,,1585,revised_jsonl_direct,1586,824,revised_jsonl,笺；旧唐书；常乐里闲居偶题十六韵兼寄刘十五公舆王十一起吕二炅吕四颖崔十八玄亮元九稹刘三十二敦质张十五仲方时为校书郎；答卢文纪请对便殿诏,,0,False,,0,False,1,8,"别來王閣老
三歲似須臾
鬢上斑多少
杯前興有無
官從分緊慢
情莫問榮枯
許入朱門否
籃輿一病夫","河南王尹初到以詩代書先問之别來王閣老
三歲似須臾
鬢上斑多少
杯前興有無
官從分緊慢
情莫問榮枯
許入朱門否
籃輿一病夫",60
1586,poem,1586,卷二十三,,,律詩,池西亭,,,1586,revised_jsonl_direct,1587,824,revised_jsonl,笺,,0,False,,0,False,1,4,"朱欄映晚樹
金魄落秋池
還似錢唐夜
西樓月出時","池西亭朱欄映晚樹
金魄落秋池
還似錢唐夜
西樓月出時",26
1587,poem,1587,卷二十三,,,律詩,臨池閑卧,,,1587,revised_jsonl_direct,1588,824,revised_jsonl,笺,,0,False,,0,False,1,8,"小竹圍庭匝
平池與砌連
閑多臨水坐
老愛向陽眠
營役抛身外
幽奇送枕前
誰家卧牀脚
解繫釣魚船","臨池閑卧小竹圍庭匝
平池與砌連
閑多臨水坐
老愛向陽眠
營役抛身外
幽奇送枕前
誰家卧牀脚
解繫釣魚船",51
1588,poem,1588,卷二十三,,,律詩,吾廬,,,1588,revised_jsonl_direct,1589,824,revised_jsonl,笺；和答诗十首；履道新居二十韵,,0,False,,0,False,1,8,"吾廬不獨貯妻兒
自覺年侵身力衰
眼下營求容足地
心中准擬掛冠時
新昌小院松當户
履道幽居竹遶池
莫道兩都空有宅
林泉風月是家資","吾廬吾廬不獨貯妻兒
自覺年侵身力衰
眼下營求容足地
心中准擬掛冠時
新昌小院松當户
履道幽居竹遶池
莫道兩都空有宅
林泉風月是家資",65
1589,poem,1589,卷二十三,,,律詩,題新居寄宣州崔相公,,,1589,revised_jsonl_direct,1590,824,revised_jsonl,笺；旧唐书；寓意诗五首；效陶潜体诗十六首,,0,False,,0,False,1,8,"門庭有水巷無塵
好稱閑官作主人
冷似雀羅雖少客
寬於蝸舍足容身
疏通竹徑將迎月
掃掠莎臺欲待春
濟世料君歸未得
南園北曲謾爲鄰","題新居寄宣州崔相公門庭有水巷無塵
好稱閑官作主人
冷似雀羅雖少客
寬於蝸舍足容身
疏通竹徑將迎月
掃掠莎臺欲待春
濟世料君歸未得
南園北曲謾爲鄰",72
1590,poem,1590,卷二十三,,,律詩,憶杭州梅花因叙舊遊寄蕭協律,,,1590,revised_jsonl_direct,1591,825,revised_jsonl,笺；画竹歌；咸淳临安志；忆杭州梅花；史记；胥山铭；钱塘湖春行；闲夜咏怀因招周协律刘薛二秀才；霓裳羽衣歌,史记,1,True,,0,False,1,15,"三年閑悶在餘杭
曾爲梅花醉幾場
伍相廟邊繁似雪
孤山園裏麗如妝
蹋隨遊騎心長惜
折贈佳人手亦香
賞自初開直至落
歡因小飲便成狂
薛劉相次埋新隴
沈謝雙飛出故鄉
薛﹑劉二客
謝﹑沈二妓
皆當時歌酒之侶
歌伴酒徒零散盡
唯殘頭白老蕭郎","憶杭州梅花因叙舊遊寄蕭協律三年閑悶在餘杭
曾爲梅花醉幾場
伍相廟邊繁似雪
孤山園裏麗如妝
蹋隨遊騎心長惜
折贈佳人手亦香
賞自初開直至落
歡因小飲便成狂
薛劉相次埋新隴
沈謝雙飛出故鄉
薛﹑劉二客
謝﹑沈二妓
皆當時歌酒之侶
歌伴酒徒零散盡
唯殘頭白老蕭郎",128
1591,poem,1591,卷二十三,,,律詩,病中辱張常侍題集賢院詩因以繼和,,,1591,revised_jsonl_direct,1592,825,revised_jsonl,笺；旧唐书；文宗纪；汉书；后汉书；三辅故事；东墟晚歇；西省北院新构小亭种竹开窗东通骑省与李常侍隔窗小饮各题四韵；奉和御制璟与张说源乾曜同日上官命宴都常赐诗应制；赠吴丹；唐会要；奉和李相公早朝于中书候传点偶书所怀奉呈门下相公中书相公,汉书；后汉书,2,True,,0,False,1,8,"天祿閣門開
甘泉侍從迴
圖書皆帝籍
寮友盡仙才
騎省通中掖
龍樓隔上臺
猶憐病宮相
詩寄洛陽來","病中辱張常侍題集賢院詩因以繼和天祿閣門開
甘泉侍從迴
圖書皆帝籍
寮友盡仙才
騎省通中掖
龍樓隔上臺
猶憐病宮相
詩寄洛陽來",62
1592,poem,1592,卷二十三,,,律詩,早春晚歸,,,1592,revised_jsonl_direct,1593,825,revised_jsonl,笺；和友人洛中春感,,0,False,,0,False,1,8,"晚歸騎馬過天津
沙白橋紅反照新
草色連延多隙地
鼓聲閑緩少忙人
還如南國饒溝水
不似西京足路塵
金谷風光依舊在
無人管領石家春","早春晚歸晚歸騎馬過天津
沙白橋紅反照新
草色連延多隙地
鼓聲閑緩少忙人
還如南國饒溝水
不似西京足路塵
金谷風光依舊在
無人管領石家春",67
1593,poem,1593,卷二十三,,,律詩,贈楊使君,,,1593,revised_jsonl_direct,1594,825,revised_jsonl,笺；欲到东洛得杨使君书因以此报；和张十八秘书谢裴相公寄马；凉州词；送春,,0,False,,0,False,1,8,"曾嗟放逐同巴峽
且喜歸還會洛陽
時命到來須作用
功名未立莫思量
銀銜叱撥欺風雪
金屑琵琶費酒漿
更待城東桃李發
共君沉醉兩三場","贈楊使君曾嗟放逐同巴峽
且喜歸還會洛陽
時命到來須作用
功名未立莫思量
銀銜叱撥欺風雪
金屑琵琶費酒漿
更待城東桃李發
共君沉醉兩三場",67
1594,poem,1594,卷二十三,,,律詩,贈皇甫庶子,,,1594,revised_jsonl_direct,1595,825,revised_jsonl,笺；酬皇甫庶子见寄；春赋；襄阳歌；类编；艺林汇考；酒尔雅,春赋,1,True,,0,False,1,8,"何因散地共徘徊
人道君才我不才
騎少馬蹄生易蹶
用稀印鎖澀難開
妻知年老添衣絮
婢報天寒撥酒醅
更愧小胥諮拜表
單衫衝雪夜深來","贈皇甫庶子何因散地共徘徊
人道君才我不才
騎少馬蹄生易蹶
用稀印鎖澀難開
妻知年老添衣絮
婢報天寒撥酒醅
更愧小胥諮拜表
單衫衝雪夜深來",68
1595,poem,1595,卷二十三,,,律詩,池上竹下作,,,1595,revised_jsonl_direct,1596,825,revised_jsonl,笺,,0,False,,0,False,1,8,"穿籬遶舍碧逶迤
十畝閑居半是池
食飽窗間新睡後
脚輕林下獨行時
水能性淡爲吾友
竹解心虛即我師
何必悠悠人世上
勞心費目覓親知","池上竹下作穿籬遶舍碧逶迤
十畝閑居半是池
食飽窗間新睡後
脚輕林下獨行時
水能性淡爲吾友
竹解心虛即我師
何必悠悠人世上
勞心費目覓親知",68
1596,poem,1596,卷二十三,,,律詩,閑出覓春戲贈諸郎官,,,1596,revised_jsonl_direct,1597,825,revised_jsonl,笺,,0,False,,0,False,1,8,"年來數出覓風光
亦不全閑亦不忙
放鞚體安騎穩馬
隔袍身暖照晴陽
迎春日日添詩思
送老時時放酒狂
除却髭鬚白一色
其餘未伏少年郎","閑出覓春戲贈諸郎官年來數出覓風光
亦不全閑亦不忙
放鞚體安騎穩馬
隔袍身暖照晴陽
迎春日日添詩思
送老時時放酒狂
除却髭鬚白一色
其餘未伏少年郎",72
1597,poem,1597,卷二十三,,,律詩,别春爐,,,1597,revised_jsonl_direct,1598,825,revised_jsonl,笺；敦煌变文集,,0,False,,0,False,1,8,"暖閣春初入
温爐興稍闌
晚風猶冷在
夜火且留看
獨宿相依久
多情欲别難
誰能共天語
長遣四時寒","别春爐暖閣春初入
温爐興稍闌
晚風猶冷在
夜火且留看
獨宿相依久
多情欲别難
誰能共天語
長遣四時寒",50
1598,poem,1598,卷二十三,,,律詩,泛小䑳二首其一,,,1598,revised_jsonl_direct,1599,825,revised_jsonl,笺；玉篇；广韵,,0,False,,0,False,1,6,"水一塘
䑳一隻
䑳頭漾漾知風起
䑳背蕭蕭聞雨滴
醉卧船中欲醒時
忽疑身是江南客","泛小䑳二首其一水一塘
䑳一隻
䑳頭漾漾知風起
䑳背蕭蕭聞雨滴
醉卧船中欲醒時
忽疑身是江南客",46
1599,poem,1599,卷二十三,,,律詩,泛小䑳二首其二,,,1599,revised_jsonl_direct,1600,,revised_jsonl,归庐陵日记；三吴水考,,0,False,,0,False,1,6,"船緩進
水平流
一莖竹篙剔船尾
兩幅青幕覆船頭
亞竹亂藤多照岸
如從鳳口向湖州","泛小䑳二首其二船緩進
水平流
一莖竹篙剔船尾
兩幅青幕覆船頭
亞竹亂藤多照岸
如從鳳口向湖州",46
1600,poem,1600,卷二十三,,,律詩,夢行簡,,,1600,revised_jsonl_direct,1601,825,revised_jsonl,笺；唐诗纪事；同宿湖亭；湖亭与行简宿；诗品；谢氏家录,,0,False,,0,False,1,4,"天氣妍和水色鮮
閑吟獨步小橋邊
池塘草綠無佳句
虛卧春窗夢阿連","夢行簡天氣妍和水色鮮
閑吟獨步小橋邊
池塘草綠無佳句
虛卧春窗夢阿連",34
1601,poem,1601,卷二十三,,,律詩,題新居呈王尹兼簡府中三掾,,,1601,revised_jsonl_direct,1602,825,revised_jsonl,笺；河南王尹初到以诗代书先问之；忆洛下故园；杏为梁,,0,False,,0,False,1,8,"弊宅須重葺
貧家乏羨財
橋憑川守造
樹倩府寮栽
朱板新猶濕
紅英暖漸開
仍期更攜酒
倚檻看花來","題新居呈王尹兼簡府中三掾弊宅須重葺
貧家乏羨財
橋憑川守造
樹倩府寮栽
朱板新猶濕
紅英暖漸開
仍期更攜酒
倚檻看花來",59
1602,poem,1602,卷二十三,,,律詩,雲和,,,1602,revised_jsonl_direct,1603,825,revised_jsonl,笺；周礼；旧唐书；寄远；暮寒,周礼,1,True,,0,False,1,4,"非琴非瑟亦非箏
撥柱推絃調未成
欲散白頭千萬恨
只銷紅袖兩三聲","雲和非琴非瑟亦非箏
撥柱推絃調未成
欲散白頭千萬恨
只銷紅袖兩三聲",33
1603,poem,1603,卷二十三,,,律詩,春老,,,1603,revised_jsonl_direct,1604,825,revised_jsonl,笺,,0,False,,0,False,1,4,"欲隨年少强遊春
自覺風光不屬身
歌舞屏風花障上
幾時曾畫白頭人","春老欲隨年少强遊春
自覺風光不屬身
歌舞屏風花障上
幾時曾畫白頭人",33
1604,poem,1604,卷二十三,,,律詩,春雪過皇甫家,,,1604,revised_jsonl_direct,1605,825,revised_jsonl,笺；唐银青光禄大夫太子少保安定皇甫公墓志铭；白氏文集；世说新语；晋百官名,,0,False,,0,False,1,4,"晚來籃輿雪中迴
喜遇君家門正開
唯要主人青眼待
琴詩談笑自將來","春雪過皇甫家晚來籃輿雪中迴
喜遇君家門正開
唯要主人青眼待
琴詩談笑自將來",37
1605,poem,1605,卷二十三,,,律詩,崔侍御以孩子三日示其所生詩見示因以二絶和之其一,,,1605,revised_jsonl_direct,1606,825,revised_jsonl,笺；骆口驿；商山路有感诗序；礼记；爱日斋丛钞；礼；备急千金要方；吕氏春秋；吴都赋,礼记；礼；吕氏春秋,3,True,,0,False,1,4,"洞房門上掛桑弧
香水盆中浴鳳雛
還似初生三日魄
常娥滿月即成珠","崔侍御以孩子三日示其所生詩見示因以二絶和之其一洞房門上掛桑弧
香水盆中浴鳳雛
還似初生三日魄
常娥滿月即成珠",54
1606,poem,1606,卷二十三,,,律詩,崔侍御以孩子三日示其所生詩見示因以二絶和之其二,,,1606,revised_jsonl_direct,1607,991,revised_jsonl,诗；酬赠李炼师见招,诗,1,True,,0,False,1,4,"愛惜肯將同寶玉
喜歡應勝得王侯
弄璋詩句多才思
愁殺無兒老鄧攸","崔侍御以孩子三日示其所生詩見示因以二絶和之其二愛惜肯將同寶玉
喜歡應勝得王侯
弄璋詩句多才思
愁殺無兒老鄧攸",54
1607,poem,1607,卷二十三,,,律詩,與皇甫庶子同遊城東,,,1607,revised_jsonl_direct,1608,825,revised_jsonl,笺；酬皇甫庶子见寄；东南行一百韵寄通州元九侍御澧州李十一舍人果州崔二十二使君开州韦大员外庾三十二补阙杜十四拾遗李二十助教员外窦七校书；唐两京城坊考,,0,False,,0,False,1,8,"閑遊何必多徒侶
相勸時時舉一杯
博望苑中無職役
建春門外足池臺
綠油剪葉蒲新長
紅蠟粘枝杏欲開
白馬朱衣兩宮相
可憐天氣出城來","與皇甫庶子同遊城東閑遊何必多徒侶
相勸時時舉一杯
博望苑中無職役
建春門外足池臺
綠油剪葉蒲新長
紅蠟粘枝杏欲開
白馬朱衣兩宮相
可憐天氣出城來",72
1608,poem,1608,卷二十三,,,律詩,洛城東花下作,,,1608,revised_jsonl_direct,1609,825,revised_jsonl,谱；笺；赠杨使君；东南行一百韵寄通州元九侍御澧州李十一舍人果州崔二十二使君开州韦大员外庾三十二补阙杜十四拾遗李二十助教员外窦七校书,,0,False,,0,False,1,19,"記得舊詩章
花多數洛陽
舊詩云
“洛陽城東面
今來花似雪
”又云
“更待城東桃李發
”又云
“花滿洛陽城
”及逢枝似雪
已是鬢成霜
向後光陰促
從前事意忙
無因重年少
何計駐時芳
欲送愁離面
須傾酒入腸
白頭無藉在
醉倒亦何妨","洛城東花下作記得舊詩章
花多數洛陽
舊詩云
“洛陽城東面
今來花似雪
”又云
“更待城東桃李發
”又云
“花滿洛陽城
”及逢枝似雪
已是鬢成霜
向後光陰促
從前事意忙
無因重年少
何計駐時芳
欲送愁離面
須傾酒入腸
白頭無藉在
醉倒亦何妨",119
1609,poem,1609,卷二十三,,,律詩,晚春寄微之并崔湖州,,,1609,revised_jsonl_direct,1610,825,revised_jsonl,谱；笺；崔湖州赠红石琴荐焕如锦文无以答之以诗酬谢,,0,False,,0,False,1,4,"洛陽陌上少交親
履道城邊欲暮春
崔在吳興元在越
出門騎馬覓何人","晚春寄微之并崔湖州洛陽陌上少交親
履道城邊欲暮春
崔在吳興元在越
出門騎馬覓何人",40
1610,poem,1610,卷二十三,,,律詩,城東閑行因題尉遲司業水閣,,,1610,revised_jsonl_direct,1611,825,revised_jsonl,笺；旧唐书；唐会要；郎官考；答尉迟少尹问所须；全唐文；全唐诗,,0,False,,0,False,1,8,"閑遶洛陽城
無人知姓名
病乘籃輿出
老著茜衫行
處處花相引
時時酒一傾
借君溪閣上
醉詠兩三聲","城東閑行因題尉遲司業水閣閑遶洛陽城
無人知姓名
病乘籃輿出
老著茜衫行
處處花相引
時時酒一傾
借君溪閣上
醉詠兩三聲",59
1611,poem,1611,卷二十三,,,律詩,寄皇甫七,,,1611,revised_jsonl_direct,1612,825,revised_jsonl,笺；新唐书；阙史；读山海经,,0,False,,0,False,1,8,"孟夏愛吾廬
陶潛語不虛
花樽飄落酒
風案展開書
鄰女偷新果
家僮漉小魚
不知皇甫七
池上興何如","寄皇甫七孟夏愛吾廬
陶潛語不虛
花樽飄落酒
風案展開書
鄰女偷新果
家僮漉小魚
不知皇甫七
池上興何如",51
1612,poem,1612,卷二十三,,,律詩,訪皇甫七,,,1612,revised_jsonl_direct,1613,825,revised_jsonl,笺,,0,False,,0,False,1,4,"上馬行數里
逢花傾一杯
更無停泊處
還是覓君來","訪皇甫七上馬行數里
逢花傾一杯
更無停泊處
還是覓君來",27
1613,poem,1613,卷二十四,,,律詩,除蘇州刺史别洛城東花,,,1613,revised_jsonl_direct,1614,825,revised_jsonl,谱；笺；别洛城东花；苏州刺史谢上表；白氏文集,,0,False,,0,False,1,8,"亂雪千花落
新絲兩鬢生
老除吳郡守
春别洛陽城
江上今重去
城東更一行
别花何用伴
勸酒有殘鶯","除蘇州刺史别洛城東花亂雪千花落
新絲兩鬢生
老除吳郡守
春别洛陽城
江上今重去
城東更一行
别花何用伴
勸酒有殘鶯",57
1614,poem,1614,卷二十四,,,律詩,奉和汴州令狐相公二十二韻,,,1614,revised_jsonl_direct,1615,825,revised_jsonl,谱；笺；和汴州令狐相公到镇改月偶书所怀二十二韵；旧唐书；唐书；玉谿生诗笺注；天平公座中呈令狐令公；唐史余沈；文苑英华；史记；元和郡县志；广韵；诗；释文；哭韦大夫之晋；太平御览；列仙传；兵钤；奉酬李相公见示绝句；楚辞；石林燕语；新唐书；红线毯；题周皓大夫新亭子二十二韵；房家夜宴喜雪戏赠主人；柘枝妓；乐府杂录；王中丞宅夜观舞胡腾；魏侯第东北楼堂郢叔言别聊用书所见篇；小儿诗；左传；晋书；南齐书；广弘明集；二教论；代书诗一百韵寄微之,史记；诗；列仙传；楚辞；左传；晋书,6,True,,0,False,1,50,"客有東征者
夷門一落帆
二年方得到
五日未爲淹
相府領鎮
隔年居易方到
既到
陪奉遊宴
凡經五日
在浚旌重葺
遊梁館更添
心因好善樂
貌爲禮賢謙
俗阜知敦勸
民安見察廉
仁風扇平道路
陰雨膏去閭閻
文律操將柄
兵機釣得鈐
碧幢油葉葉
紅旆火襜襜
景象春加麗
威容曉助嚴
槍森赤豹尾
纛吒黑龍髯
門靜塵初斂
城昏日半銜
選幽開後院
占勝坐前簷
平展絲頭毯
高褰錦額簾
雷搥柘枝鼓
雪擺胡騰衫
髮滑歌釵墜
妝光舞汗霑
迴燈花簇簇
過酒玉纖纖
饌盛盤心殢
醅濃盞底粘
陸珍熊掌爛
海味蟹螯鹹
福履千夫祝
形儀四座瞻
羊公長在峴
傅説莫歸巖
蓋祝者詩意也
眷愛人人遍
風情事事兼
猶嫌客不醉
同賦夜厭厭","奉和汴州令狐相公二十二韻客有東征者
夷門一落帆
二年方得到
五日未爲淹
相府領鎮
隔年居易方到
既到
陪奉遊宴
凡經五日
在浚旌重葺
遊梁館更添
心因好善樂
貌爲禮賢謙
俗阜知敦勸
民安見察廉
仁風扇平道路
陰雨膏去閭閻
文律操將柄
兵機釣得鈐
碧幢油葉葉
紅旆火襜襜
景象春加麗
威容曉助嚴
槍森赤豹尾
纛吒黑龍髯
門靜塵初斂
城昏日半銜
選幽開後院
占勝坐前簷
平展絲頭毯
高褰錦額簾
雷搥柘枝鼓
雪擺胡騰衫
髮滑歌釵墜
妝光舞汗霑
迴燈花簇簇
過酒玉纖纖
饌盛盤心殢
醅濃盞底粘
陸珍熊掌爛
海味蟹螯鹹
福履千夫祝
形儀四座瞻
羊公長在峴
傅説莫歸巖
蓋祝者詩意也
眷愛人人遍
風情事事兼
猶嫌客不醉
同賦夜厭厭",309
1615,poem,1615,卷二十四,,,律詩,船夜援琴,,,1615,revised_jsonl_direct,1616,825,revised_jsonl,笺；初学记；琴操；吊嵇中散,琴操,1,True,,0,False,1,8,"鳥棲魚不動
月照夜江深
身外都無事
舟中只有琴
七絃爲益友
兩耳是知音
心靜即聲淡
其間無古今","船夜援琴鳥棲魚不動
月照夜江深
身外都無事
舟中只有琴
七絃爲益友
兩耳是知音
心靜即聲淡
其間無古今",51
1616,poem,1616,卷二十四,,,律詩,答劉和州,,,1616,revised_jsonl_direct,1617,825,revised_jsonl,谱；笺；历阳书事七十韵序；答；旧唐书；淮南子；太平广记；历阳媪；独异记；太平寰宇记；方舆胜览；舆地纪胜；晋书；历阳书事七十韵；和州刺史厅壁记,淮南子；晋书,2,True,,0,False,1,8,"換印雖頻命未通
歷陽湖上又秋風
不教才展休明代
爲罰詩爭造化功
我亦思歸田舍下
君應厭卧郡齋中
好相收拾爲閑伴
年齒官班約略同","答劉和州換印雖頻命未通
歷陽湖上又秋風
不教才展休明代
爲罰詩爭造化功
我亦思歸田舍下
君應厭卧郡齋中
好相收拾爲閑伴
年齒官班約略同",67
1617,poem,1617,卷二十四,,,律詩,渡淮,,,1617,revised_jsonl_direct,1618,825,revised_jsonl,笺；与胡兴安夜别诗,,0,False,,0,False,1,8,"淮水東南闊
無風渡亦難
孤烟生乍直
遠樹望多圓
春浪棹聲急
夕陽帆影殘
清流宜映月
今夜重吟看","渡淮淮水東南闊
無風渡亦難
孤烟生乍直
遠樹望多圓
春浪棹聲急
夕陽帆影殘
清流宜映月
今夜重吟看",49
1618,poem,1618,卷二十四,,,律詩,赴蘇州至常州答賈舍人,,,1618,revised_jsonl_direct,1619,825,revised_jsonl,笺；看常州柘枝赠贾使君；闻早莺；册府元龜,,0,False,,0,False,1,8,"杭城隔歲轉蘇臺
還擁前時五馬迴
厭見簿書先眼合
喜逢杯酒暫眉開
未酬恩寵年空去
欲立功名命不來
一别承明三領郡
甘從人道是粗才","赴蘇州至常州答賈舍人杭城隔歲轉蘇臺
還擁前時五馬迴
厭見簿書先眼合
喜逢杯酒暫眉開
未酬恩寵年空去
欲立功名命不來
一别承明三領郡
甘從人道是粗才",73
1619,poem,1619,卷二十四,,,律詩,去歲罷杭州今春領吳郡慚無善政聊寫鄙懷兼寄三相公,,,1619,revised_jsonl_direct,1620,825,revised_jsonl,笺；旧唐书；新唐书；权摄昭应早秋书事寄元拾遗兼呈李司录,,0,False,,0,False,1,16,"爲問三丞相
如何秉國鈞
那將最劇郡
付與苦慵人
豈有吟詩客
堪爲持節臣
不才空飽暖
無惠及飢貧
昨卧南城月
今行北境春
鉛刀磨欲盡
銀印換何頻
杭老遮車轍
吳童掃路塵
虛迎復虛送
慚見兩州民","去歲罷杭州今春領吳郡慚無善政聊寫鄙懷兼寄三相公爲問三丞相
如何秉國鈞
那將最劇郡
付與苦慵人
豈有吟詩客
堪爲持節臣
不才空飽暖
無惠及飢貧
昨卧南城月
今行北境春
鉛刀磨欲盡
銀印換何頻
杭老遮車轍
吳童掃路塵
虛迎復虛送
慚見兩州民",118
1620,poem,1620,卷二十四,,,律詩,宣武令狐相公以詩寄贈傳播吳中聊用短章用伸酬謝,,,1620,revised_jsonl_direct,1621,825,revised_jsonl,笺；奉和汴州令狐相公二十二韵；通典,,0,False,,0,False,1,8,"新詩傳詠忽紛紛
楚老吳娃耳徧聞
盡解呼爲好才子
不知官是上將軍
辭人命薄多無位
戰將功高少有文
謝朓篇章韓信鉞
一生雙得不如君","宣武令狐相公以詩寄贈傳播吳中聊用短章用伸酬謝新詩傳詠忽紛紛
楚老吳娃耳徧聞
盡解呼爲好才子
不知官是上將軍
辭人命薄多無位
戰將功高少有文
謝朓篇章韓信鉞
一生雙得不如君",85
1621,poem,1621,卷二十四,,,律詩,自詠,,,1621,revised_jsonl_direct,1622,825,revised_jsonl,笺,,0,False,,0,False,1,8,"形容瘦薄詩情苦
豈是人間有相人
只合一生眠白屋
何因三度擁朱輪
金章未佩雖非貴
銀榼常攜亦不貧
唯是無兒頭早白
被天磨折恰平均","自詠形容瘦薄詩情苦
豈是人間有相人
只合一生眠白屋
何因三度擁朱輪
金章未佩雖非貴
銀榼常攜亦不貧
唯是無兒頭早白
被天磨折恰平均",65
1622,poem,1622,卷二十四,,,律詩,吟前篇因寄微之,,,1622,revised_jsonl_direct,1623,825,revised_jsonl,笺,,0,False,,0,False,1,4,"君顔貴茂不清羸
君句雄華不苦悲
何事遣君還似我
髭鬚早白亦無兒","吟前篇因寄微之君顔貴茂不清羸
君句雄華不苦悲
何事遣君還似我
髭鬚早白亦無兒",38
1623,poem,1623,卷二十四,,,律詩,紫薇花,,,1623,revised_jsonl_direct,1624,825,revised_jsonl,笺；紫薇花；代书诗一百韵寄微之,,0,False,,0,False,1,8,"紫薇花對紫微翁
名目雖同貌不同
獨占芳菲當夏景
不將顔色託春風
潯陽官舍雙高樹
興善僧庭一大叢
何似蘇州安置處
花堂欄下月明中","紫薇花紫薇花對紫微翁
名目雖同貌不同
獨占芳菲當夏景
不將顔色託春風
潯陽官舍雙高樹
興善僧庭一大叢
何似蘇州安置處
花堂欄下月明中",66
1624,poem,1624,卷二十四,,,律詩,自到郡齋僅經旬日方專公務未及宴遊偷閑走筆題二十四韻兼寄常州賈舍人湖州崔郎中仍呈吳中諸客,,,1624,revised_jsonl_direct,1625,825,revised_jsonl,谱；笺；看常州柘枝赠贾使君；崔湖州赠红石琴荐焕如锦文无以答之以诗酬谢；吴郡志；长庆集；早夏郡中书事；军中冬至燕；除苏州刺史制；圆觉经；洛阳伽蓝记；隋书；为画人谢赐表；醉后狂言酬赠萧殷二协律；韩非子；后汉书；钱湖州以箬下酒李苏州以五酘酒相次寄到无因同饮聊咏所怀；代谢好答崔员外；白苹洲五亭记；白氏文集；晋书；真娘墓；诗话总龜；湘中别记,后汉书；晋书,2,True,,0,False,1,64,"渭北離鄉客
江南守土臣
涉途初改月
入境已經旬
甲郡摽天下
環封極海濱
版圖十萬户
兵籍五千人
自顧才能少
何堪寵命頻
冒榮慚印綬
虛獎負絲綸
除蘇州制云
“藏於己爲道義
施於物爲政能
在公形骨鯁之志
闔境有袴襦之樂
”候病須通脈
防流要塞津
救煩無若靜
補拙莫如勤
削使科條簡
攤令賦役均
以兹爲報效
安敢不躬親
襦袴提於手
韋弦佩在紳
敢辭稱俗吏
且願活疲民
常常州
未徵黄霸
湖湖州
猶借寇恂
愧無鐺脚政
河北三郡相鄰
皆有善政
時爲鐺脚刺史
見《唐書》
徒忝犬牙鄰
制詔誇黄絹
美賈常州也
詩篇占白蘋
美崔吳興也
銅符抛不得
自謂也
瓊樹見無因
警寐鐘傳夜
催衙鼓報晨
唯知對胥吏
未暇接親賓
色變雲迎夏
聲殘鳥過春
麥風非逐扇
梅雨異隨輪
武寺山如故
武丘寺也
王樓月自新
郡内東南樓名也
池塘閑長草
絲竹廢生塵
暑遣燒神酎
晴教曬舞茵
待還公事了
亦擬樂吾身","自到郡齋僅經旬日方專公務未及宴遊偷閑走筆題二十四韻兼寄常州賈舍人湖州崔郎中仍呈吳中諸客渭北離鄉客
江南守土臣
涉途初改月
入境已經旬
甲郡摽天下
環封極海濱
版圖十萬户
兵籍五千人
自顧才能少
何堪寵命頻
冒榮慚印綬
虛獎負絲綸
除蘇州制云
“藏於己爲道義
施於物爲政能
在公形骨鯁之志
闔境有袴襦之樂
”候病須通脈
防流要塞津
救煩無若靜
補拙莫如勤
削使科條簡
攤令賦役均
以兹爲報效
安敢不躬親
襦袴提於手
韋弦佩在紳
敢辭稱俗吏
且願活疲民
常常州
未徵黄霸
湖湖州
猶借寇恂
愧無鐺脚政
河北三郡相鄰
皆有善政
時爲鐺脚刺史
見《唐書》
徒忝犬牙鄰
制詔誇黄絹
美賈常州也
詩篇占白蘋
美崔吳興也
銅符抛不得
自謂也
瓊樹見無因
警寐鐘傳夜
催衙鼓報晨
唯知對胥吏
未暇接親賓
色變雲迎夏
聲殘鳥過春
麥風非逐扇
梅雨異隨輪
武寺山如故
武丘寺也
王樓月自新
郡内東南樓名也
池塘閑長草
絲竹廢生塵
暑遣燒神酎
晴教曬舞茵
待還公事了
亦擬樂吾身",428
1625,poem,1625,卷二十四,,,律詩,題籠鶴,,,1625,revised_jsonl_direct,1626,825,revised_jsonl,笺；长洲苑,,0,False,,0,False,1,8,"經旬不飲酒
踰月未聞歌
豈是風情少
其如塵事多
虎丘慚客問
娃館妬人過
莫笑籠中鶴
相看去幾何","題籠鶴經旬不飲酒
踰月未聞歌
豈是風情少
其如塵事多
虎丘慚客問
娃館妬人過
莫笑籠中鶴
相看去幾何",50
1626,poem,1626,卷二十四,,,律詩,答客問杭州,,,1626,revised_jsonl_direct,1627,825,revised_jsonl,笺；三年为刺史二首；舟中晚起；题小桥前新竹招客,,0,False,,0,False,1,8,"爲我踟躕停酒盞
與君約略説杭州
山名天竺堆青黛
湖號錢唐寫綠油
大屋簷多裝雁齒
小航船亦畫龍頭
所嗟水路無三百
官繫何因得再遊","答客問杭州爲我踟躕停酒盞
與君約略説杭州
山名天竺堆青黛
湖號錢唐寫綠油
大屋簷多裝雁齒
小航船亦畫龍頭
所嗟水路無三百
官繫何因得再遊",68
1627,poem,1627,卷二十四,,,律詩,登閶門閑望,,,1627,revised_jsonl_direct,1628,825,revised_jsonl,笺；九日宴集醉题郡楼兼呈周殷二判官；吴郡志；真娘墓；长洲苑,,0,False,,0,False,1,12,"閶門四望鬱蒼蒼
始覺州雄土俗强
十萬夫家供課税
五千子弟守封疆
闔閭城碧鋪秋草
烏鵲橋紅帶夕陽
處處樓前飄管吹
家家門外泊舟航
雲埋虎寺山藏色
月耀娃宮水放光
曾賞錢唐嫌茂苑
今來未敢苦誇張","登閶門閑望閶門四望鬱蒼蒼
始覺州雄土俗强
十萬夫家供課税
五千子弟守封疆
闔閭城碧鋪秋草
烏鵲橋紅帶夕陽
處處樓前飄管吹
家家門外泊舟航
雲埋虎寺山藏色
月耀娃宮水放光
曾賞錢唐嫌茂苑
今來未敢苦誇張",100
1628,poem,1628,卷二十四,,,律詩,代諸妓贈送周判官,,,1628,revised_jsonl_direct,1629,825,revised_jsonl,笺；重酬周判官；元微之除浙东观察使喜得杭越邻州先赠长句；和三月三十日四十韵；白槿花；答微之夸越州州宅,,0,False,,0,False,1,8,"妓筵今夜别姑蘇
客棹明朝向鏡湖
莫汎扁舟尋范蠡
且隨五馬覓羅敷
蘭亭月破能迴否
娃館秋凉却到無
好與使君爲老伴
歸來休染白髭鬚","代諸妓贈送周判官妓筵今夜别姑蘇
客棹明朝向鏡湖
莫汎扁舟尋范蠡
且隨五馬覓羅敷
蘭亭月破能迴否
娃館秋凉却到無
好與使君爲老伴
歸來休染白髭鬚",71
1629,poem,1629,卷二十四,,,律詩,秋寄微之十二韻,,,1629,revised_jsonl_direct,1630,825,revised_jsonl,笺；郡斋旬假命宴呈座客示郡寮；醉封诗筒寄微之；郡斋暇日忆庐山草堂兼寄二林僧社三十韵多叙贬官已来出处之意；历阳书事七十韵；同诸客题于家公主旧宅；尔雅翼；诗；送严维尉诸暨,诗,1,True,,0,False,1,26,"娃館松江北
稽城浙水東
屈君爲長吏
伴我作衰翁
旌斾知非遠
烟雲望不通
忙多對酒榼
興少閣詩筒
比在杭州兩浙唱和詩贈答
於詩筒中遞往來
淡白秋來日
疏凉雨後風
餘霞數片綺
新月一張弓
影滿衰桐樹
香凋晚蕙叢
飢啼舂穀鳥
寒怨絡絲蟲
覽鏡頭雖白
聽歌耳未聾
老愁從自遣
醉笑與誰同
清旦方堆案
黄昏始退公
可憐朝暮景
銷在兩衙中","秋寄微之十二韻娃館松江北
稽城浙水東
屈君爲長吏
伴我作衰翁
旌斾知非遠
烟雲望不通
忙多對酒榼
興少閣詩筒
比在杭州兩浙唱和詩贈答
於詩筒中遞往來
淡白秋來日
疏凉雨後風
餘霞數片綺
新月一張弓
影滿衰桐樹
香凋晚蕙叢
飢啼舂穀鳥
寒怨絡絲蟲
覽鏡頭雖白
聽歌耳未聾
老愁從自遣
醉笑與誰同
清旦方堆案
黄昏始退公
可憐朝暮景
銷在兩衙中",170
1630,poem,1630,卷二十四,,,律詩,池上早秋,,,1630,revised_jsonl_direct,1631,825,revised_jsonl,笺；楚辞；瓮牖闲评；秋兴赋序,楚辞,1,True,,0,False,1,8,"荷芰綠參差
新秋水滿池
早凉生北檻
殘照下東籬
露飽蟬聲懶
風乾柳意衰
過潘二十歲
何必更愁悲","池上早秋荷芰綠參差
新秋水滿池
早凉生北檻
殘照下東籬
露飽蟬聲懶
風乾柳意衰
過潘二十歲
何必更愁悲",51
1631,poem,1631,卷二十四,,,律詩,郡西亭偶詠,,,1631,revised_jsonl_direct,1632,825,revised_jsonl,笺；因严亭,,0,False,,0,False,1,8,"常愛西亭面北林
公私塵事不能侵
共閑作伴無如鶴
與老相宜只有琴
莫遣是非分作界
須教吏隱合爲心
可憐此道人皆見
但要修行功用深","郡西亭偶詠常愛西亭面北林
公私塵事不能侵
共閑作伴無如鶴
與老相宜只有琴
莫遣是非分作界
須教吏隱合爲心
可憐此道人皆見
但要修行功用深",68
1632,poem,1632,卷二十四,,,律詩,故衫,,,1632,revised_jsonl_direct,1633,825,revised_jsonl,笺,,0,False,,0,False,1,8,"闇淡緋衫稱老身
半披半曳出朱門
袖中吳郡新詩本
襟上杭州舊酒痕
殘色過梅看向盡
故香因洗嗅猶存
曾經爛熳三年著
欲棄空箱似少恩","故衫闇淡緋衫稱老身
半披半曳出朱門
袖中吳郡新詩本
襟上杭州舊酒痕
殘色過梅看向盡
故香因洗嗅猶存
曾經爛熳三年著
欲棄空箱似少恩",65
1633,poem,1633,卷二十四,,,律詩,郡中夜聽李山人彈三樂,,,1633,revised_jsonl_direct,1634,825,revised_jsonl,笺；好听琴；列子,列子,1,True,,0,False,1,8,"風琴秋拂匣
月户夜開關
榮啓先生樂
姑蘇太守閑
傳聲千古後
得意一時間
却怪鍾期耳
唯聽水與山","郡中夜聽李山人彈三樂風琴秋拂匣
月户夜開關
榮啓先生樂
姑蘇太守閑
傳聲千古後
得意一時間
却怪鍾期耳
唯聽水與山",57
1634,poem,1634,卷二十四,,,律詩,東城桂三首其一,,,1634,revised_jsonl_direct,1635,825,revised_jsonl,笺；吴郡志；留题天竺灵隐两寺；登阊门闲望；步东坡,,0,False,,0,False,1,6,"子墮本從天竺寺
根盤今在闔閭城
當時應逐南風落
落向人間取次生
舊説杭州天竺寺
每歲秋中有桂子墮","東城桂三首其一子墮本從天竺寺
根盤今在闔閭城
當時應逐南風落
落向人間取次生
舊説杭州天竺寺
每歲秋中有桂子墮",55
1635,poem,1635,卷二十四,,,律詩,東城桂三首其二,,,1635,revised_jsonl_direct,1636,,revised_jsonl,,,0,False,,0,False,1,4,"霜雪壓多雖不死
荆榛長疾欲相埋
長憂落在樵人手
賣作蘇州一束柴","東城桂三首其二霜雪壓多雖不死
荆榛長疾欲相埋
長憂落在樵人手
賣作蘇州一束柴",38
1636,poem,1636,卷二十四,,,律詩,東城桂三首其三,,,1636,revised_jsonl_direct,1637,,revised_jsonl,乐府诗集；桂华曲；听都子歌；醉后听唱桂华曲；海录碎事；桂华孤；左盦集；读全唐诗书后；东城桂；西河文集；咏吴城桂三首；听唱桂华曲,,0,False,,0,False,1,4,"遥知天上桂華孤
試問常娥更要無
月宮幸有閑田地
何不中央種兩株","東城桂三首其三遥知天上桂華孤
試問常娥更要無
月宮幸有閑田地
何不中央種兩株",38
1637,poem,1637,卷二十四,,,律詩,聞行簡恩賜章服喜成長句寄之,,,1637,revised_jsonl_direct,1638,825,revised_jsonl,笺；旧唐书；酬元郎中同制加朝散大夫书怀见赠；初除官蒙裴常侍赠鹘衔瑞草绯袍鱼袋因谢惠贶兼抒离情；诗,诗,1,True,,0,False,1,11,"吾年五十加朝散
爾亦今年賜服章
齒髮恰同知命歲
官銜俱是客曹郎
予與行簡俱年五十始著緋
皆是主客郎官
榮傳錦帳花聯萼
彩動綾袍雁趁行
緋多以雁銜瑞莎爲之也
大抵著緋宜老大
莫嫌秋鬢數莖霜","聞行簡恩賜章服喜成長句寄之吾年五十加朝散
爾亦今年賜服章
齒髮恰同知命歲
官銜俱是客曹郎
予與行簡俱年五十始著緋
皆是主客郎官
榮傳錦帳花聯萼
彩動綾袍雁趁行
緋多以雁銜瑞莎爲之也
大抵著緋宜老大
莫嫌秋鬢數莖霜",106
1638,poem,1638,卷二十四,,,律詩,喚笙歌,,,1638,revised_jsonl_direct,1639,825,revised_jsonl,笺,,0,False,,0,False,1,8,"露墜萎花槿
風吹敗葉荷
老心歡樂少
秋眼感傷多
芳歲今如此
衰翁可奈何
猶應不如醉
試遣喚笙歌","喚笙歌露墜萎花槿
風吹敗葉荷
老心歡樂少
秋眼感傷多
芳歲今如此
衰翁可奈何
猶應不如醉
試遣喚笙歌",50
1639,poem,1639,卷二十四,,,律詩,對酒吟,,,1639,revised_jsonl_direct,1640,825,revised_jsonl,谱；笺；通典；野客丛书；旧唐书；史记；楚辞；过汪氏别业二首；江南弄,史记；楚辞,2,True,,0,False,1,16,"一抛學士筆
三佩使君符
未換銀青綬
唯添雪白鬚
公門衙退掩
妓席客來鋪
履舄從相近
謳吟任所須
金銜嘶五馬
鈿帶舞雙姝
不得當年有
猶勝到老無
合聲歌漢月
齊手拍吳歈
今夜還先醉
應煩紅袖扶","對酒吟一抛學士筆
三佩使君符
未換銀青綬
唯添雪白鬚
公門衙退掩
妓席客來鋪
履舄從相近
謳吟任所須
金銜嘶五馬
鈿帶舞雙姝
不得當年有
猶勝到老無
合聲歌漢月
齊手拍吳歈
今夜還先醉
應煩紅袖扶",98
1640,poem,1640,卷二十四,,,律詩,偶飲,,,1640,revised_jsonl_direct,1641,825,revised_jsonl,笺；太平御览；三礼图；乐府杂录；云和；新刻漏铭；文选；漏刻铭,三礼图；漏刻铭,2,True,,0,False,1,8,"三盞醺醺四體融
妓亭簷下夕陽中
千聲方響敲相續
一曲雲和戛未終
今日心情如往日
秋風氣味似春風
唯憎小吏樽前報
道去衙時水五筒","偶飲三盞醺醺四體融
妓亭簷下夕陽中
千聲方響敲相續
一曲雲和戛未終
今日心情如往日
秋風氣味似春風
唯憎小吏樽前報
道去衙時水五筒",65
1641,poem,1641,卷二十四,,,律詩,早發赴洞庭舟中作,,,1641,revised_jsonl_direct,1642,825,revised_jsonl,谱；笺；吴郡志；吴地记,,0,False,,0,False,1,8,"閶門曙色欲蒼蒼
星月高低宿水光
棹舉影摇燈燭動
舟移聲拽管絃長
漸看海樹紅生日
遥見包山白帶霜
出郭已行十五里
唯銷一曲慢霓裳","早發赴洞庭舟中作閶門曙色欲蒼蒼
星月高低宿水光
棹舉影摇燈燭動
舟移聲拽管絃長
漸看海樹紅生日
遥見包山白帶霜
出郭已行十五里
唯銷一曲慢霓裳",71
1642,poem,1642,卷二十四,,,律詩,宿湖中,,,1642,revised_jsonl_direct,1643,825,revised_jsonl,笺；九日宴集醉题郡楼兼呈周殷二判官,,0,False,,0,False,1,8,"水天向晚碧沉沉
樹影霞光重疊深
浸月冷波千頃練
苞霜新橘萬株金
幸無案牘何妨醉
縱有笙歌不廢吟
十隻畫船何處宿
洞庭山脚太湖心","宿湖中水天向晚碧沉沉
樹影霞光重疊深
浸月冷波千頃練
苞霜新橘萬株金
幸無案牘何妨醉
縱有笙歌不廢吟
十隻畫船何處宿
洞庭山脚太湖心",66
1643,poem,1643,卷二十四,,,律詩,揀貢橘書情,,,1643,revised_jsonl_direct,1644,825,revised_jsonl,谱；笺；新唐书；吴郡志,,0,False,,0,False,1,8,"洞庭貢橘揀宜精
太守勤王請自行
珠顆形容隨日長
瓊漿氣味得霜成
登山敢惜駑駘力
望闕難伸螻蟻情
疏賤無由親跪獻
願憑朱實表丹誠","揀貢橘書情洞庭貢橘揀宜精
太守勤王請自行
珠顆形容隨日長
瓊漿氣味得霜成
登山敢惜駑駘力
望闕難伸螻蟻情
疏賤無由親跪獻
願憑朱實表丹誠",68
1644,poem,1644,卷二十四,,,律詩,夜泛陽塢入明月灣即事寄崔湖州,,,1644,revised_jsonl_direct,1645,825,revised_jsonl,笺；吴郡志；崔湖州赠红石琴荐焕如锦文无以答之以诗酬谢；方舆胜览,,0,False,,0,False,1,12,"湖山處處好淹留
最愛東灣北塢頭
掩映橘林千點火
泓澄潭水一盆油
龍頭畫舸銜明月
鵲脚紅旗蘸碧流
爲報茶山崔太守
與君各是一家遊
嘗羨吳興每春茶山之遊
洎入太湖
羨意減矣
故云","夜泛陽塢入明月灣即事寄崔湖州湖山處處好淹留
最愛東灣北塢頭
掩映橘林千點火
泓澄潭水一盆油
龍頭畫舸銜明月
鵲脚紅旗蘸碧流
爲報茶山崔太守
與君各是一家遊
嘗羨吳興每春茶山之遊
洎入太湖
羨意減矣
故云",101
1645,poem,1645,卷二十四,,,律詩,泛太湖書事寄微之,,,1645,revised_jsonl_direct,1646,825,revised_jsonl,笺；和梦游春诗一百韵；西京赋；文选；龙龛手鉴；放鱼,西京赋,1,True,,0,False,1,18,"煙渚雲帆處處通
飄然舟似入虛空
玉杯淺酌巡初匝
金管徐吹曲未終
黄夾纈林寒有葉
碧琉璃水淨無風
避旗飛鷺翩翻白
驚鼓跳魚撥剌紅
澗雪壓多松偃蹇
巖泉滴久石玲瓏
書爲故事留湖上
所見勝景
多記在湖中石上
吟作新詩寄浙東
軍府威容從道盛
江山氣色定知同
報君一事君應羨
五宿澄波皓月中","泛太湖書事寄微之煙渚雲帆處處通
飄然舟似入虛空
玉杯淺酌巡初匝
金管徐吹曲未終
黄夾纈林寒有葉
碧琉璃水淨無風
避旗飛鷺翩翻白
驚鼓跳魚撥剌紅
澗雪壓多松偃蹇
巖泉滴久石玲瓏
書爲故事留湖上
所見勝景
多記在湖中石上
吟作新詩寄浙東
軍府威容從道盛
江山氣色定知同
報君一事君應羨
五宿澄波皓月中",148
1646,poem,1646,卷二十四,,,律詩,題新館,,,1646,revised_jsonl_direct,1647,825,revised_jsonl,笺；伤友；歌舞；韩诗外传；仪礼；敬赠郑谏议十韵,韩诗外传；仪礼,2,True,,0,False,1,8,"曾爲白社羈遊子
今作朱門醉飽身
十萬户州尤覺貴
二千石祿敢言貧
重裘每念單衣士
兼味常思旅食人
新館寒來多少客
欲迴歌酒煖風塵","題新館曾爲白社羈遊子
今作朱門醉飽身
十萬户州尤覺貴
二千石祿敢言貧
重裘每念單衣士
兼味常思旅食人
新館寒來多少客
欲迴歌酒煖風塵",66
1647,poem,1647,卷二十四,,,律詩,西樓喜雪命宴,,,1647,revised_jsonl_direct,1648,825,revised_jsonl,笺；吴郡志；房家夜宴喜雪戏赠主人；庄子；和宋太史北楼新亭；醉后狂言酬赠萧殷二协律,庄子,1,True,,0,False,1,12,"宿雲黄慘澹
曉雪白飄飄
散麵遮槐市
堆花壓柳橋
四郊鋪縞素
萬室甃瓊瑶
銀榼攜桑落
金爐上麗譙
光迎舞妓動
寒近醉人銷
歌樂雖盈耳
慚無五袴謡","西樓喜雪命宴宿雲黄慘澹
曉雪白飄飄
散麵遮槐市
堆花壓柳橋
四郊鋪縞素
萬室甃瓊瑶
銀榼攜桑落
金爐上麗譙
光迎舞妓動
寒近醉人銷
歌樂雖盈耳
慚無五袴謡",77
1648,poem,1648,卷二十四,,,律詩,新栽梅,,,1648,revised_jsonl_direct,1649,825,revised_jsonl,笺；与诸客携酒寻去年梅花有感；长洲苑,,0,False,,0,False,1,4,"池邊新種七株梅
欲到花時點檢來
莫怕長洲桃李妬
今年好爲使君開","新栽梅池邊新種七株梅
欲到花時點檢來
莫怕長洲桃李妬
今年好爲使君開",34
1649,poem,1649,卷二十四,,,律詩,酬劉和州戲贈,,,1649,revised_jsonl_direct,1650,825,revised_jsonl,笺；答刘和州；后汉书；上益州上柱国赵王二首；县南花下醉中留刘五,后汉书,1,True,,0,False,1,8,"錢唐山水接蘇臺
兩地褰帷愧不才
政事素無爭學得
風情舊有且將來
雙蛾解珮啼相送
五馬鳴珂笑却迴
不似劉郎無景行
長抛春恨在天台","酬劉和州戲贈錢唐山水接蘇臺
兩地褰帷愧不才
政事素無爭學得
風情舊有且將來
雙蛾解珮啼相送
五馬鳴珂笑却迴
不似劉郎無景行
長抛春恨在天台",69
1650,poem,1650,卷二十四,,,律詩,戲和賈常州醉中二絶句其一,,,1650,revised_jsonl_direct,1651,825,revised_jsonl,笺；看常州柘枝赠贾使君；旧唐书；文献通考；元史；武经总要；营造法式；杂兴五首；容斋续笔；昔昔盐；乐苑；玄怪录；阿鹊盐；突阙盐；黄帝盐；白鸽盐；神雀盐；疏勒盐；满座盐；归国盐；长沙志；唐声诗,,0,False,,0,False,1,4,"聞道毗陵詩酒興
近來積漸學姑蘇
罨頭新令從偷去
刮骨清吟得似無","戲和賈常州醉中二絶句其一聞道毗陵詩酒興
近來積漸學姑蘇
罨頭新令從偷去
刮骨清吟得似無",43
1651,poem,1651,卷二十四,,,律詩,戲和賈常州醉中二絶句其二,,,1651,revised_jsonl_direct,1652,907,revised_jsonl,江楼宴别；礼记,礼记,1,True,,0,False,1,4,"越調管吹留客曲
吳吟詩送煖寒杯
娃宮無限風流事
好遣孫心暫學來","戲和賈常州醉中二絶句其二越調管吹留客曲
吳吟詩送煖寒杯
娃宮無限風流事
好遣孫心暫學來",43
1652,poem,1652,卷二十四,,,律詩,歲暮寄微之三首其一,,,1652,revised_jsonl_direct,1653,825,revised_jsonl,笺；祭弟文；白氏文集,,0,False,,0,False,1,8,"微之别久能無歎
知退書稀豈免愁
甲子百年過半後
光陰一歲欲終頭
池冰曉合膠船底
樓雪晴銷露瓦溝
自覺歡情隨日減
蘇州心不及杭州","歲暮寄微之三首其一微之别久能無歎
知退書稀豈免愁
甲子百年過半後
光陰一歲欲終頭
池冰曉合膠船底
樓雪晴銷露瓦溝
自覺歡情隨日減
蘇州心不及杭州",72
1653,poem,1653,卷二十四,,,律詩,歲暮寄微之三首其二,,,1653,revised_jsonl_direct,1654,,revised_jsonl,杂宝藏经,,0,False,,0,False,1,10,"白頭歲暮苦相思
除却悲吟無可爲
枕上從妨一夜睡
燈前讀盡十年詩
讀前後唱和詩
龍鍾校正騎驢日
顦顇通江司馬時
通州﹑江州
若並如今是王活
紆朱拖紫且開眉","歲暮寄微之三首其二白頭歲暮苦相思
除却悲吟無可爲
枕上從妨一夜睡
燈前讀盡十年詩
讀前後唱和詩
龍鍾校正騎驢日
顦顇通江司馬時
通州﹑江州
若並如今是王活
紆朱拖紫且開眉",85
1654,poem,1654,卷二十四,,,律詩,歲暮寄微之三首其三,,,1654,revised_jsonl_direct,1655,,revised_jsonl,初除主客郎中知制诰与王十一李七元九三舍人中书同宿话旧感怀,,0,False,,0,False,1,8,"榮進雖頻退亦頻
與君才命不調匀
若不九重中掌事
即須千里外抛身
紫垣南北廳曾對
滄海東西郡又鄰
唯欠結廬嵩洛下
一時歸去作閑人","歲暮寄微之三首其三榮進雖頻退亦頻
與君才命不調匀
若不九重中掌事
即須千里外抛身
紫垣南北廳曾對
滄海東西郡又鄰
唯欠結廬嵩洛下
一時歸去作閑人",72
1655,poem,1655,卷二十四,,,律詩,歲日家宴戲示弟侄等兼呈張侍御二十八丈殷判官二十三兄,,,1655,revised_jsonl_direct,1656,826,revised_jsonl,谱；笺；唐人行第录；全唐诗；奉和白太守拣橘；九日宴集醉题郡楼兼呈周殷二判官；石林燕语；酒律；苕溪渔隐丛话；鸡肋编；容斋四笔；启颜录；观林诗话；佛图澄传；诗律武库后集；太平广记；申屠澄；河东记；荆楚岁时记；风土记；广韵；晏坐闲吟,荆楚岁时记；风土记,2,True,,0,False,1,8,"弟妹妻孥小侄甥
嬌癡弄我助歡情
歲盞後推藍尾酒
春盤先勸膠去牙餳
形骸老倒雖堪歎
骨肉團圓亦可榮
猶有誇張少年處
笑呼張丈喚殷兄","歲日家宴戲示弟侄等兼呈張侍御二十八丈殷判官二十三兄弟妹妻孥小侄甥
嬌癡弄我助歡情
歲盞後推藍尾酒
春盤先勸膠去牙餳
形骸老倒雖堪歎
骨肉團圓亦可榮
猶有誇張少年處
笑呼張丈喚殷兄",89
1656,poem,1656,卷二十四,,,律詩,正月三日閑行,,,1656,revised_jsonl_direct,1657,826,revised_jsonl,谱；笺；吴地记；吴郡图经续记；图经；登阊门闲望；吴郡志,,0,False,,0,False,1,13,"黄鸝巷口鶯欲語
烏鵲河頭冰欲銷
黄鸝
坊名
烏鵲
河名
綠浪東西南北水
紅欄三百九十橋
蘇之官橋大數
鴛鴦蕩漾雙雙翅
楊柳交加萬萬條
借問春風來早晚
只從前日到今朝","正月三日閑行黄鸝巷口鶯欲語
烏鵲河頭冰欲銷
黄鸝
坊名
烏鵲
河名
綠浪東西南北水
紅欄三百九十橋
蘇之官橋大數
鴛鴦蕩漾雙雙翅
楊柳交加萬萬條
借問春風來早晚
只從前日到今朝",88
1657,poem,1657,卷二十四,,,律詩,夜歸,,,1657,revised_jsonl_direct,1658,826,revised_jsonl,笺；余杭形胜；忆旧游,,0,False,,0,False,1,12,"逐勝移朝宴
留歡放晚衙
賓寮多謝客
騎從半吳娃
到處銷春景
歸時及月華
城陰一道直
燭焰兩行斜
東吹先催柳
南霜不殺花
臯橋夜沽酒
燈火是誰家","夜歸逐勝移朝宴
留歡放晚衙
賓寮多謝客
騎從半吳娃
到處銷春景
歸時及月華
城陰一道直
燭焰兩行斜
東吹先催柳
南霜不殺花
臯橋夜沽酒
燈火是誰家",73
1658,poem,1658,卷二十四,,,律詩,自歎,,,1658,revised_jsonl_direct,1659,826,revised_jsonl,笺,,0,False,,0,False,1,8,"豈獨年相迫
兼爲病所侵
春來痰氣動
老去嗽聲深
眼暗猶操筆
頭斑未掛簪
因循過日月
真是俗人心","自歎豈獨年相迫
兼爲病所侵
春來痰氣動
老去嗽聲深
眼暗猶操筆
頭斑未掛簪
因循過日月
真是俗人心",49
1659,poem,1659,卷二十四,,,律詩,郡中閑獨寄微之及崔湖州,,,1659,revised_jsonl_direct,1660,826,revised_jsonl,笺；崔湖州赠红石琴荐焕如锦文无以答之以诗酬谢；自到郡斋仅经旬日方专公务未及宴游偷闲走笔题二十四韵兼寄常州贾舍人湖州崔郎中仍呈吴中诸客；元微之除浙东观察使喜得杭越邻州先赠长句,,0,False,,0,False,1,8,"少年賓旅非吾輩
晚歲簪纓束我身
酒散更無同宿客
詩成長作獨吟人
蘋洲會面知何日
鏡水離心又一春
兩處也應相憶在
官高年長少情親","郡中閑獨寄微之及崔湖州少年賓旅非吾輩
晚歲簪纓束我身
酒散更無同宿客
詩成長作獨吟人
蘋洲會面知何日
鏡水離心又一春
兩處也應相憶在
官高年長少情親",74
1660,poem,1660,卷二十四,,,律詩,小舫,,,1660,revised_jsonl_direct,1661,826,revised_jsonl,笺,,0,False,,0,False,1,8,"小舫一艘新造了
輕裝梁柱庳安篷
深坊靜岸遊應遍
淺水低橋去盡通
黄柳影籠隨棹月
白蘋香起打頭風
慢牽欲傍櫻桃泊
借問誰家花最紅","小舫小舫一艘新造了
輕裝梁柱庳安篷
深坊靜岸遊應遍
淺水低橋去盡通
黄柳影籠隨棹月
白蘋香起打頭風
慢牽欲傍櫻桃泊
借問誰家花最紅",65
1661,poem,1661,卷二十四,,,律詩,馬墜强出贈同座,,,1661,revised_jsonl_direct,1662,826,revised_jsonl,笺；野客丛书；柘枝妓；备急千金方；肘后方,,0,False,,0,False,1,8,"足傷遭馬墜
腰重倩人擡
秖合窗間卧
何因花下來
坐依烏皆反桃葉妓
行呷地黄杯
强出非他意
東風落盡梅","馬墜强出贈同座足傷遭馬墜
腰重倩人擡
秖合窗間卧
何因花下來
坐依烏皆反桃葉妓
行呷地黄杯
强出非他意
東風落盡梅",57
1662,poem,1662,卷二十四,,,律詩,夜聞賈常州崔湖州茶山境會想羨歡宴因寄此詩,,,1662,revised_jsonl_direct,1663,826,revised_jsonl,笺；看常州柘枝赠贾使君；崔湖州赠红石琴荐焕如锦文无以答之以诗酬谢；夜泛阳坞入明月湾即事寄崔湖州；咸淳毗陵志；嘉泰吴兴志；茶经；广韵,,0,False,,0,False,1,10,"遥聞境會茶山夜
珠翠歌鍾俱遶身
盤下中分兩州界
燈前合音閣作一家春
青娥遞舞應爭妙
紫笋齊嘗各鬬新
自歎花時北窗下
蒲黄酒對病眠人
時馬墜損腰
正勸蒲黄酒","夜聞賈常州崔湖州茶山境會想羨歡宴因寄此詩遥聞境會茶山夜
珠翠歌鍾俱遶身
盤下中分兩州界
燈前合音閣作一家春
青娥遞舞應爭妙
紫笋齊嘗各鬬新
自歎花時北窗下
蒲黄酒對病眠人
時馬墜損腰
正勸蒲黄酒",97
1663,poem,1663,卷二十四,,,律詩,酬微之開拆新樓初畢相報末聯見戲之作,,,1663,revised_jsonl_direct,1664,,revised_jsonl,笺；大唐西域记；和晨霞；海漫漫,,0,False,,0,False,1,8,"海山鬱鬱石稜稜
新豁高居正好登
南臨贍部三千界
東對蓬宮十二層
報我樓成秋望月
把君詩讀夜迴燈
無妨却有他心眼
妝點亭臺即不能","酬微之開拆新樓初畢相報末聯見戲之作海山鬱鬱石稜稜
新豁高居正好登
南臨贍部三千界
東對蓬宮十二層
報我樓成秋望月
把君詩讀夜迴燈
無妨却有他心眼
妝點亭臺即不能",80
1664,poem,1664,卷二十四,,,律詩,病中多雨逢寒食,,,1664,revised_jsonl_direct,1665,826,revised_jsonl,笺；小童薛阳陶吹觱篥歌；艺文类聚；古今艺术图；事物纪原,,0,False,,0,False,1,8,"水國多陰常懶出
老夫饒病愛閑眠
三旬卧度鶯花月
一半春銷風雨天
薄暮何人吹觱篥
新晴幾處縛鞦韆
綵繩芳樹長如舊
唯是年年換少年","病中多雨逢寒食水國多陰常懶出
老夫饒病愛閑眠
三旬卧度鶯花月
一半春銷風雨天
薄暮何人吹觱篥
新晴幾處縛鞦韆
綵繩芳樹長如舊
唯是年年換少年",70
1665,poem,1665,卷二十四,,,律詩,清明夜,,,1665,revised_jsonl_direct,1666,826,revised_jsonl,笺,,0,False,,0,False,1,4,"好風朧月清明夜
碧砌紅軒刺史家
獨遶迴廊行復歇
遥聽絃管暗看花","清明夜好風朧月清明夜
碧砌紅軒刺史家
獨遶迴廊行復歇
遥聽絃管暗看花",34
1666,poem,1666,卷二十四,,,律詩,蘇州柳,,,1666,revised_jsonl_direct,1667,826,revised_jsonl,笺；和友人洛中春感；曲江亭晚望,,0,False,,0,False,1,6,"金谷園中黄嫋娜
曲江亭畔碧婆娑
老來處處遊行徧
不似蘇州柳最多
絮撲白頭條拂面
使君無計奈春何","蘇州柳金谷園中黄嫋娜
曲江亭畔碧婆娑
老來處處遊行徧
不似蘇州柳最多
絮撲白頭條拂面
使君無計奈春何",50
1667,poem,1667,卷二十四,,,律詩,三月二十八日贈周判官,,,1667,revised_jsonl_direct,1668,826,revised_jsonl,笺；闲夜咏怀因招周协律刘薛二秀才,,0,False,,0,False,1,4,"一春惆悵殘三日
醉問周郎憶得無
柳絮送人鶯勸酒
去年今日别東都","三月二十八日贈周判官一春惆悵殘三日
醉問周郎憶得無
柳絮送人鶯勸酒
去年今日别東都",41
1668,poem,1668,卷二十四,,,律詩,偶作,,,1668,revised_jsonl_direct,1669,826,revised_jsonl,笺,,0,False,,0,False,1,8,"紅杏初生葉
青梅已綴枝
闌珊花落後
寂寞酒醒時
坐悶低眉久
行慵舉足遲
少年君莫怪
頭白自應知","偶作紅杏初生葉
青梅已綴枝
闌珊花落後
寂寞酒醒時
坐悶低眉久
行慵舉足遲
少年君莫怪
頭白自應知",49
1669,poem,1669,卷二十四,,,律詩,重答和劉和州,,,1669,revised_jsonl_direct,1670,826,revised_jsonl,笺；答刘和州；白舍人曹长寄新诗有游宴之盛因以戏酬；韦苏州集序；答刘禹锡；戏仿元遗山论诗绝句三十五首；石洲诗话；题灵岩寺；和三月三十日四十韵,,0,False,,0,False,1,10,"分無佳麗敵西施
敢有文章替左司
隨分笙歌聊自樂
等閑篇詠被人知
花邊妓引尋香徑
月下僧留宿劍池
採香徑在館娃宮
淬剑池在武丘东寺也
可惜當時好風景
吳王應不解吟詩","重答和劉和州分無佳麗敵西施
敢有文章替左司
隨分笙歌聊自樂
等閑篇詠被人知
花邊妓引尋香徑
月下僧留宿劍池
採香徑在館娃宮
淬剑池在武丘东寺也
可惜當時好風景
吳王應不解吟詩",87
1670,poem,1670,卷二十四,,,律詩,奉送三兄,,,1670,revised_jsonl_direct,1671,826,revised_jsonl,笺；湖亭与行简宿,,0,False,,0,False,1,8,"少年曾管二千兵
晝聽笙歌夜斫營
自反丘園頭盡白
每逢旗鼓眼猶明
杭州暮醉連床卧
吳郡春遊並馬行
自愧阿連官職慢
只教兄作使君兄","奉送三兄少年曾管二千兵
晝聽笙歌夜斫營
自反丘園頭盡白
每逢旗鼓眼猶明
杭州暮醉連床卧
吳郡春遊並馬行
自愧阿連官職慢
只教兄作使君兄",67
1671,poem,1671,卷二十四,,,律詩,城上夜宴,,,1671,revised_jsonl_direct,1672,826,revised_jsonl,笺,,0,False,,0,False,1,8,"留春不住登城望
惜夜相將秉燭遊
風月萬家河兩岸
笙歌一曲郡西樓
詩聽越客吟何苦
酒被吳娃勸不休
從道人生都是夢
夢中歡笑亦勝愁","城上夜宴留春不住登城望
惜夜相將秉燭遊
風月萬家河兩岸
笙歌一曲郡西樓
詩聽越客吟何苦
酒被吳娃勸不休
從道人生都是夢
夢中歡笑亦勝愁",67
1672,poem,1672,卷二十四,,,律詩,重題小舫贈周從事兼戲微之,,,1672,revised_jsonl_direct,1673,826,revised_jsonl,笺；闲夜咏怀因招周协律刘薛二秀才；旧唐书；宋书；广韵,宋书,1,True,,0,False,1,8,"細篷青篾織魚鱗
小眼紅窗襯麴塵
闊狹纔容從事座
高低恰稱使君身
舞筵須揀腰輕女
仙棹難勝骨重人
不似鏡湖廉使出
高檣大艑鬧驚春","重題小舫贈周從事兼戲微之細篷青篾織魚鱗
小眼紅窗襯麴塵
闊狹纔容從事座
高低恰稱使君身
舞筵須揀腰輕女
仙棹難勝骨重人
不似鏡湖廉使出
高檣大艑鬧驚春",75
1673,poem,1673,卷二十四,,,律詩,吳櫻桃,,,1673,revised_jsonl_direct,1674,826,revised_jsonl,笺；礼记；游悟真寺诗一百三十韵,礼记,1,True,,0,False,1,8,"含桃最説出東吳
香色鮮穠氣味殊
洽恰舉頭千萬顆
婆娑拂面兩三株
鳥偷飛處銜將火
人摘爭時蹋破珠
可惜風吹兼雨打
明朝後日即應無","吳櫻桃含桃最説出東吳
香色鮮穠氣味殊
洽恰舉頭千萬顆
婆娑拂面兩三株
鳥偷飛處銜將火
人摘爭時蹋破珠
可惜風吹兼雨打
明朝後日即應無",66
1674,poem,1674,卷二十四,,,律詩,春盡勸客酒,,,1674,revised_jsonl_direct,1675,826,revised_jsonl,笺；东墙夜合树去秋为风雨所摧今年花时怅然有感,,0,False,,0,False,1,8,"林下春將盡
池邊日半斜
櫻桃落砌顆
夜合隔簾花
嘗酒留閑客
行茶使小娃
殘杯勸不飲
留醉向誰家","春盡勸客酒林下春將盡
池邊日半斜
櫻桃落砌顆
夜合隔簾花
嘗酒留閑客
行茶使小娃
殘杯勸不飲
留醉向誰家",52
1675,poem,1675,卷二十四,,,律詩,仲夏齋居偶題八韻寄微之及崔湖州,,,1675,revised_jsonl_direct,1676,826,revised_jsonl,笺；崔湖州赠红石琴荐焕如锦文无以答之以诗酬谢；因严亭,,0,False,,0,False,1,16,"腥血與葷蔬
停來一月餘
肌膚雖瘦損
方寸任清虛
體適通宵坐
頭慵隔日梳
眼前無俗物
身外即僧居
水榭風來遠
松廊雨過初
褰簾放巢燕
投食施池魚
久别閑遊伴
頻勞問疾書
不知湖與越
吏隱興何如","仲夏齋居偶題八韻寄微之及崔湖州腥血與葷蔬
停來一月餘
肌膚雖瘦損
方寸任清虛
體適通宵坐
頭慵隔日梳
眼前無俗物
身外即僧居
水榭風來遠
松廊雨過初
褰簾放巢燕
投食施池魚
久别閑遊伴
頻勞問疾書
不知湖與越
吏隱興何如",110
1676,poem,1676,卷二十四,,,律詩,官宅,,,1676,revised_jsonl_direct,1677,826,revised_jsonl,笺；旧唐书；送阎采赴东川辟；汉铙歌；棹歌行,,0,False,,0,False,1,8,"紅紫共紛紛
祗承老使君
移舟木蘭棹
行酒石榴裙
水色窗窗見
花香院院聞
戀他官舍住
雙鬢白如雲","官宅紅紫共紛紛
祗承老使君
移舟木蘭棹
行酒石榴裙
水色窗窗見
花香院院聞
戀他官舍住
雙鬢白如雲",49
1677,poem,1677,卷二十四,,,律詩,六月三日夜聞蟬,,,1677,revised_jsonl_direct,1678,826,revised_jsonl,笺,,0,False,,0,False,1,10,"荷香清露墜
柳動好風生
微月初三夜
新蟬第一聲
乍聞愁北客
靜聽憶東京
我有竹林宅
别來蟬再鳴
不知池上月
誰撥小船行","六月三日夜聞蟬荷香清露墜
柳動好風生
微月初三夜
新蟬第一聲
乍聞愁北客
靜聽憶東京
我有竹林宅
别來蟬再鳴
不知池上月
誰撥小船行",66
1678,poem,1678,卷二十四,,,律詩,蓮石,,,1678,revised_jsonl_direct,1679,826,revised_jsonl,笺,,0,False,,0,False,1,12,"青石一兩片
白蓮三四枝
寄將東洛去
心與物相隨
石倚風前樹
蓮栽月下池
遥知安置處
預想發榮時
領郡來何遠
還鄉去已遲
莫言千里别
歲晚有心期","蓮石青石一兩片
白蓮三四枝
寄將東洛去
心與物相隨
石倚風前樹
蓮栽月下池
遥知安置處
預想發榮時
領郡來何遠
還鄉去已遲
莫言千里别
歲晚有心期",73
1679,poem,1679,卷二十四,,,律詩,眼病二首其一,,,1679,revised_jsonl_direct,1680,826,revised_jsonl,谱；笺；华严经；黄帝内经素问,,0,False,,0,False,1,10,"散亂空中千片雪
蒙籠物上一重紗
縱逢晴景如看霧
不是春天亦見花
已上四句
皆病眼中所見者
僧説客塵來眼界
醫言風眩在肝家
兩頭治療何曾差
藥力微茫佛力賒","眼病二首其一散亂空中千片雪
蒙籠物上一重紗
縱逢晴景如看霧
不是春天亦見花
已上四句
皆病眼中所見者
僧説客塵來眼界
醫言風眩在肝家
兩頭治療何曾差
藥力微茫佛力賒",82
1680,poem,1680,卷二十四,,,律詩,眼病二首其二,,,1680,revised_jsonl_direct,1681,,revised_jsonl,圣济总录纂要；大智度论；郡斋读书志；眼论；大般涅槃经；谒文公上方,,0,False,,0,False,1,9,"眼藏損傷來已久
病根牢固去應難
醫師盡勸先停酒
道侶多教早罷官
案上謾鋪龍樹論
龍樹菩薩著《眼論》
合中虛撚決明丸
人間方藥應無益
爭得金篦試刮看","眼病二首其二眼藏損傷來已久
病根牢固去應難
醫師盡勸先停酒
道侶多教早罷官
案上謾鋪龍樹論
龍樹菩薩著《眼論》
合中虛撚決明丸
人間方藥應無益
爭得金篦試刮看",79
1681,poem,1681,卷二十四,,,律詩,題東武丘寺六韻,,,1681,revised_jsonl_direct,1682,826,revised_jsonl,笺；真娘墓；桐桥倚櫂录；续图经；来南录；游悟真寺诗一百三十韵；和三月三十日四十韵；晋书,晋书,1,True,,0,False,1,12,"香刹看非遠
祇園入始深
龍蟠松矯矯
玉立竹森森
怪石千僧坐
靈池一劍沉
海當亭兩面
山在寺中心
酒熟憑花勸
詩成倩鳥吟
寄言軒冕客
此地好抽簪","題東武丘寺六韻香刹看非遠
祇園入始深
龍蟠松矯矯
玉立竹森森
怪石千僧坐
靈池一劍沉
海當亭兩面
山在寺中心
酒熟憑花勸
詩成倩鳥吟
寄言軒冕客
此地好抽簪",78
1682,poem,1682,卷二十四,,,律詩,夜遊西武丘寺八韻,,,1682,revised_jsonl_direct,1683,826,revised_jsonl,谱；笺；霓裳羽衣歌；花前叹；中吴记闻,,0,False,,0,False,1,17,"不厭西丘寺
閑來即一過
舟船轉雲島
樓閣出煙蘿
路入青松影
門臨白月波
魚跳驚秉燭
猿覷怪鳴珂
摇曳雙紅斾
娉婷十翠娥
容﹑滿﹑蟬﹑態等十妓從遊也
香花助羅綺
鍾梵避笙歌
領郡時將久
遊山數幾何
一年十二度
非少亦非多","夜遊西武丘寺八韻不厭西丘寺
閑來即一過
舟船轉雲島
樓閣出煙蘿
路入青松影
門臨白月波
魚跳驚秉燭
猿覷怪鳴珂
摇曳雙紅斾
娉婷十翠娥
容﹑滿﹑蟬﹑態等十妓從遊也
香花助羅綺
鍾梵避笙歌
領郡時將久
遊山數幾何
一年十二度
非少亦非多",117
1683,poem,1683,卷二十四,,,律詩,詠懷,,,1683,revised_jsonl_direct,1684,826,revised_jsonl,笺,,0,False,,0,False,1,8,"蘇杭自昔稱名郡
牧守當今是好官
兩地江山蹋得遍
五年風月詠將殘
幾時酒盞曾抛却
何處花枝不把看
白髮滿頭歸得也
詩情酒興漸闌珊","詠懷蘇杭自昔稱名郡
牧守當今是好官
兩地江山蹋得遍
五年風月詠將殘
幾時酒盞曾抛却
何處花枝不把看
白髮滿頭歸得也
詩情酒興漸闌珊",65
1684,poem,1684,卷二十四,,,律詩,重詠,,,1684,revised_jsonl_direct,1685,826,revised_jsonl,笺,,0,False,,0,False,1,8,"日覺雙眸暗
年驚兩鬢蒼
病應無處避
老更不宜忙
徇俗心情少
休官道理長
今秋歸去定
何必重思量","重詠日覺雙眸暗
年驚兩鬢蒼
病應無處避
老更不宜忙
徇俗心情少
休官道理長
今秋歸去定
何必重思量",49
1685,poem,1685,卷二十四,,,律詩,百日假滿,,,1685,revised_jsonl_direct,1686,826,revised_jsonl,谱；笺；史记；唐故虢州刺史赠礼部尚书崔公墓志铭；白氏文集；答,史记,1,True,,0,False,1,8,"心中久有歸田計
身上都無濟世才
長告初從百日滿
故鄉元約一年迴
馬辭轅下頭高舉
鶴出籠中翅大開
但拂衣行莫迴顧
的無官職趁人來","百日假滿心中久有歸田計
身上都無濟世才
長告初從百日滿
故鄉元約一年迴
馬辭轅下頭高舉
鶴出籠中翅大開
但拂衣行莫迴顧
的無官職趁人來",67
1686,poem,1686,卷二十四,,,律詩,九日寄微之,,,1686,revised_jsonl_direct,1687,826,revised_jsonl,笺；敦煌变文集,,0,False,,0,False,1,12,"眼暗頭風事事妨
遶籬新菊爲誰黄
閑遊日久心慵倦
痛飲年深肺損傷
吳郡兩迴逢九月
越州四度見重陽
怕飛杯酒多分數
厭聽笙歌舊曲章
蟋蟀聲寒初過雨
茱萸色淺未經霜
去秋共數登高會
又被今年減一場","九日寄微之眼暗頭風事事妨
遶籬新菊爲誰黄
閑遊日久心慵倦
痛飲年深肺損傷
吳郡兩迴逢九月
越州四度見重陽
怕飛杯酒多分數
厭聽笙歌舊曲章
蟋蟀聲寒初過雨
茱萸色淺未經霜
去秋共數登高會
又被今年減一場",100
1687,poem,1687,卷二十四,,,律詩,題報恩寺,,,1687,revised_jsonl_direct,1688,826,revised_jsonl,笺；吴郡志；图记；记；报恩惠敏律师塔铭,记,1,True,,0,False,1,8,"好是清凉地
都無繫絆身
晚晴宜野寺
秋景屬閑人
淨石堪敷坐
寒泉可濯巾
自慚容鬢上
猶帶郡庭塵","題報恩寺好是清凉地
都無繫絆身
晚晴宜野寺
秋景屬閑人
淨石堪敷坐
寒泉可濯巾
自慚容鬢上
猶帶郡庭塵",51
1688,poem,1688,卷二十四,,,律詩,晚起,,,1688,revised_jsonl_direct,1689,826,revised_jsonl,笺,,0,False,,0,False,1,8,"卧聽鼕鼕衙鼓聲
起遲睡足長心情
華簪脱後頭雖白
堆案抛來眼校明
閑上籃輿乘興出
醉迴花舫信風行
明朝更濯塵纓去
聞道松江水最清","晚起卧聽鼕鼕衙鼓聲
起遲睡足長心情
華簪脱後頭雖白
堆案抛來眼校明
閑上籃輿乘興出
醉迴花舫信風行
明朝更濯塵纓去
聞道松江水最清",65
1689,poem,1689,卷二十四,,,律詩,自思益寺次楞伽寺作,,,1689,revised_jsonl_direct,1690,826,revised_jsonl,笺；吴地记；吴郡图经续记；图经；吴郡志；高仆射,,0,False,,0,False,1,8,"朝從思益峰遊後
晚到楞伽寺歇時
照水姿容雖已老
上山筋力未全衰
行逢禪客多相問
坐倚魚舟一自思
猶去懸車十五載
休官非早亦非遲","自思益寺次楞伽寺作朝從思益峰遊後
晚到楞伽寺歇時
照水姿容雖已老
上山筋力未全衰
行逢禪客多相問
坐倚魚舟一自思
猶去懸車十五載
休官非早亦非遲",72
1690,poem,1690,卷二十四,,,律詩,松江亭攜樂觀漁宴宿,,,1690,revised_jsonl_direct,1691,826,revised_jsonl,谱；笺；江南通志；文类；元和郡县志；禹贡；周礼,禹贡；周礼,2,True,,0,False,1,12,"震澤平蕪岸
松江落葉波
在官常夢想
爲客始經過
水面排罾網
船頭簇綺羅
朝盤鱠紅鯉
夜燭舞青娥
雁斷知風急
潮平見月多
繁絲與促管
不解和漁歌","松江亭攜樂觀漁宴宿震澤平蕪岸
松江落葉波
在官常夢想
爲客始經過
水面排罾網
船頭簇綺羅
朝盤鱠紅鯉
夜燭舞青娥
雁斷知風急
潮平見月多
繁絲與促管
不解和漁歌",80
1691,poem,1691,卷二十四,,,律詩,宿靈巖寺上院,,,1691,revised_jsonl_direct,1692,826,revised_jsonl,笺；题灵岩寺,,0,False,,0,False,1,8,"高高白月上青林
客去僧歸獨夜深
葷血屏除唯對酒
歌鐘放散只留琴
更無俗物當人眼
但有泉聲洗我心
最愛曉亭東望好
太湖烟水綠沉沉","宿靈巖寺上院高高白月上青林
客去僧歸獨夜深
葷血屏除唯對酒
歌鐘放散只留琴
更無俗物當人眼
但有泉聲洗我心
最愛曉亭東望好
太湖烟水綠沉沉",69
1692,poem,1692,卷二十四,,,律詩,酬别周從事二首其一,,,1692,revised_jsonl_direct,1693,826,revised_jsonl,笺；闲夜咏怀因招周协律刘薛二秀才,,0,False,,0,False,1,4,"腰痛拜迎人客倦
眼昏勾押簿書難
辭官歸去緣衰病
莫作陶潛范蠡看","酬别周從事二首其一腰痛拜迎人客倦
眼昏勾押簿書難
辭官歸去緣衰病
莫作陶潛范蠡看",40
1693,poem,1693,卷二十四,,,律詩,酬别周從事二首其二,,,1693,revised_jsonl_direct,1694,,revised_jsonl,和我年三首,,0,False,,0,False,1,4,"洛下田園久抛擲
吳中歌酒莫留連
嵩陽雲樹伊川月
已校歸遲四五年","酬别周從事二首其二洛下田園久抛擲
吳中歌酒莫留連
嵩陽雲樹伊川月
已校歸遲四五年",40
1694,poem,1694,卷二十四,,,律詩,武丘寺路,,,1694,revised_jsonl_direct,1695,826,revised_jsonl,笺；吴中好风景二首,,0,False,,0,False,1,8,"自開山寺路
水陸往來頻
銀勒牽驕馬
花船載麗人
芰荷生欲遍
桃李種仍新
好住湖堤上
長留一道春","武丘寺路自開山寺路
水陸往來頻
銀勒牽驕馬
花船載麗人
芰荷生欲遍
桃李種仍新
好住湖堤上
長留一道春",51
1695,poem,1695,卷二十四,,,律詩,齊雲樓晚望偶題十韻兼呈馮侍御周殷二協律,,,1695,revised_jsonl_direct,1696,826,revised_jsonl,谱；笺；吴中好风景二首；梦苏州水阁寄冯侍御；九日宴集醉题郡楼兼呈周殷二判官,,0,False,,0,False,1,24,"潦倒宦情盡
蕭條芳歲闌
欲辭南國去
重上北城看
複疊江山壯
平鋪井邑寬
人稠過揚府
按食鹽籍
蘇州人口多於揚州
坊鬧半長安
長安坊百廿
蘇州坊六十
插霧峰頭没
穿霞日脚殘
水光紅漾漾
樹色綠漫漫
約略留遺愛
殷勤念舊歡
病抛官職易
老别友朋難
九月全無熱
西風亦未寒
齊雲樓北面
半日凭欄干","齊雲樓晚望偶題十韻兼呈馮侍御周殷二協律潦倒宦情盡
蕭條芳歲闌
欲辭南國去
重上北城看
複疊江山壯
平鋪井邑寬
人稠過揚府
按食鹽籍
蘇州人口多於揚州
坊鬧半長安
長安坊百廿
蘇州坊六十
插霧峰頭没
穿霞日脚殘
水光紅漾漾
樹色綠漫漫
約略留遺愛
殷勤念舊歡
病抛官職易
老别友朋難
九月全無熱
西風亦未寒
齊雲樓北面
半日凭欄干",164
1696,poem,1696,卷二十四,,,律詩,河亭晴望,,,1696,revised_jsonl_direct,1697,826,revised_jsonl,谱；笺,,0,False,,0,False,1,8,"風轉雲頭斂
煙銷水面開
晴虹橋影出
秋雁櫓聲來
郡靜官初罷
鄉遥信未迴
明朝是重九
誰勸菊花杯","河亭晴望風轉雲頭斂
煙銷水面開
晴虹橋影出
秋雁櫓聲來
郡靜官初罷
鄉遥信未迴
明朝是重九
誰勸菊花杯",51
1697,poem,1697,卷二十四,,,律詩,留别微之,,,1697,revised_jsonl_direct,1698,826,revised_jsonl,笺；求自试表；自咏；老子；诗；洛中偶作,老子；诗,2,True,,0,False,1,8,"干時久與本心違
悟道深知前事非
猶厭勞形辭郡印
那將趁伴著朝衣
五千言裏教知足
三百篇中勸式微
少室雲邊伊水畔
比君校老合先歸","留别微之干時久與本心違
悟道深知前事非
猶厭勞形辭郡印
那將趁伴著朝衣
五千言裏教知足
三百篇中勸式微
少室雲邊伊水畔
比君校老合先歸",67
1698,poem,1698,卷二十四,,,律詩,自喜,,,1698,revised_jsonl_direct,1699,826,revised_jsonl,笺；长阿含经；丘中有一士,,0,False,,0,False,1,8,"自喜天教我少緣
家徒行計兩翩翩
身兼妻子都三口
鶴與琴書共一船
僮僕減來無冗食
資糧算外有餘錢
攜將貯作丘中費
猶免飢寒得數年","自喜自喜天教我少緣
家徒行計兩翩翩
身兼妻子都三口
鶴與琴書共一船
僮僕減來無冗食
資糧算外有餘錢
攜將貯作丘中費
猶免飢寒得數年",65
1699,poem,1699,卷二十四,,,律詩,武丘寺路宴留别諸妓,,,1699,revised_jsonl_direct,1700,826,revised_jsonl,笺；看常州柘枝赠贾使君；九日奉寄严大夫；北楼送客归上都；世说新语；玉篇；吴郡志；吴地记,,0,False,,0,False,1,8,"銀泥裙映錦障泥
畫舸停橈馬簇蹄
清管曲終鸚鵡語
紅旗影動䮂䮧嘶
漸銷醉色朱顔淺
欲語離情翠黛低
莫忘使君吟詠處
女墳湖北虎丘西","武丘寺路宴留别諸妓銀泥裙映錦障泥
畫舸停橈馬簇蹄
清管曲終鸚鵡語
紅旗影動䮂䮧嘶
漸銷醉色朱顔淺
欲語離情翠黛低
莫忘使君吟詠處
女墳湖北虎丘西",72
1700,poem,1700,卷二十四,,,律詩,江上對酒二首其一,,,1700,revised_jsonl_direct,1701,826,revised_jsonl,笺；渭上偶钓；荀子；礼记,礼记,1,True,,0,False,1,8,"酒助疏頑性
琴資緩慢情
有慵將送老
無智可勞生
忽忽忘機坐
倀倀任運行
家鄉安處是
那獨在神京","江上對酒二首其一酒助疏頑性
琴資緩慢情
有慵將送老
無智可勞生
忽忽忘機坐
倀倀任運行
家鄉安處是
那獨在神京",55
1701,poem,1701,卷二十四,,,律詩,江上對酒二首其二,,,1701,revised_jsonl_direct,1702,,revised_jsonl,答元八宗简同游曲江后明日见赠；庄子；题玉泉寺,庄子,1,True,,0,False,1,8,"久貯滄浪意
初辭桎梏身
昏昏常帶酒
默默不應人
坐穩便箕踞
眠多愛欠伸
客來存禮數
始著白綸巾","江上對酒二首其二久貯滄浪意
初辭桎梏身
昏昏常帶酒
默默不應人
坐穩便箕踞
眠多愛欠伸
客來存禮數
始著白綸巾",55
1702,poem,1702,卷二十四,,,律詩,望亭驛酬别周判官,,,1702,revised_jsonl_direct,1703,826,revised_jsonl,谱；笺；吴郡图经续记；闲夜咏怀因招周协律刘薛二秀才,,0,False,,0,False,1,8,"何事出長洲
連宵飲不休
醒應難作别
歡漸少於愁
燈火穿村市
笙歌上驛樓
何言五十里
已不屬蘇州","望亭驛酬别周判官何事出長洲
連宵飲不休
醒應難作别
歡漸少於愁
燈火穿村市
笙歌上驛樓
何言五十里
已不屬蘇州",55
1703,poem,1703,卷二十四,,,律詩,見小侄龜兒詠燈詩並臘娘製衣因寄行簡,,,1703,revised_jsonl_direct,1704,826,revised_jsonl,笺；弄龜罗；闻龜儿咏诗；锦树行；牡丹芳,,0,False,,0,False,1,4,"已知臘子能裁服
復報龜兒解詠燈
巧婦才人常薄命
莫教男女苦多能","見小侄龜兒詠燈詩並臘娘製衣因寄行簡已知臘子能裁服
復報龜兒解詠燈
巧婦才人常薄命
莫教男女苦多能",48
1704,poem,1704,卷二十四,,,律詩,酒筵上答張居士,,,1704,revised_jsonl_direct,1705,826,revised_jsonl,笺；楞严经；五灯会元；维摩经；东院,,0,False,,0,False,1,8,"但要前塵滅
無妨外相同
雖過酒肆上
不離道場中
絃管聲非實
花鈿色是空
何人知此義
唯有淨名翁","酒筵上答張居士但要前塵滅
無妨外相同
雖過酒肆上
不離道場中
絃管聲非實
花鈿色是空
何人知此義
唯有淨名翁",54
1705,poem,1705,卷二十四,,,律詩,鸚鵡,,,1705,revised_jsonl_direct,1706,826,revised_jsonl,笺；禽经；太平御览；南方异物志,,0,False,,0,False,1,8,"隴西鸚鵡到江東
養得經年觜漸紅
常恐思歸先剪翅
每因餧食暫開籠
人憐巧語情雖重
鳥憶高飛意不同
應似朱門歌舞妓
深藏牢閉後房中","鸚鵡隴西鸚鵡到江東
養得經年觜漸紅
常恐思歸先剪翅
每因餧食暫開籠
人憐巧語情雖重
鳥憶高飛意不同
應似朱門歌舞妓
深藏牢閉後房中",65
1706,poem,1706,卷二十四,,,律詩,聽琵琶妓彈略略,,,1706,revised_jsonl_direct,1707,826,revised_jsonl,笺,,0,False,,0,False,1,8,"腕軟撥頭輕
新教略略成
四絃千遍語
一曲萬重情
法向師邊得
能從意上生
莫欺江外手
别是一家聲","聽琵琶妓彈略略腕軟撥頭輕
新教略略成
四絃千遍語
一曲萬重情
法向師邊得
能從意上生
莫欺江外手
别是一家聲",54
1707,poem,1707,卷二十四,,,律詩,寫新詩寄微之偶題卷後,,,1707,revised_jsonl_direct,1708,826,revised_jsonl,笺；晋书,晋书,1,True,,0,False,1,4,"寫了吟看滿卷愁
淺紅牋紙小銀鈎
未容寄與微之去
已被人傳到越州","寫新詩寄微之偶題卷後寫了吟看滿卷愁
淺紅牋紙小銀鈎
未容寄與微之去
已被人傳到越州",41
1708,poem,1708,卷二十四,,,律詩,寶曆二年八月三十日夜夢後作,,,1708,revised_jsonl_direct,1709,826,revised_jsonl,笺；吴地记,,0,False,,0,False,1,4,"塵纓忽解誠堪喜
世網重來未可知
莫忘全吳館中夢
嶺南泥雨步行時","寶曆二年八月三十日夜夢後作塵纓忽解誠堪喜
世網重來未可知
莫忘全吳館中夢
嶺南泥雨步行時",44
1709,poem,1709,卷二十四,,,律詩,與夢得同登棲靈塔,,,1709,revised_jsonl_direct,1710,826,revised_jsonl,笺；答；登广陵栖灵寺塔；来南录；江南通志,,0,False,,0,False,1,4,"半月悠悠在廣陵
何樓何塔不同登
共憐筋力猶堪在
上到棲靈第九層","與夢得同登棲靈塔半月悠悠在廣陵
何樓何塔不同登
共憐筋力猶堪在
上到棲靈第九層",39
1710,poem,1710,卷二十四,,,律詩,夢蘇州水閣寄馮侍御,,,1710,revised_jsonl_direct,1711,826,revised_jsonl,笺；齐云楼晚望偶题十韵兼呈冯侍御周殷二协律；吴郡志；姑苏志；寄冯侍御,,0,False,,0,False,1,4,"揚州驛裏夢蘇州
夢到花橋水閣頭
覺後不知馮侍御
此中昨夜共誰遊","夢蘇州水閣寄馮侍御揚州驛裏夢蘇州
夢到花橋水閣頭
覺後不知馮侍御
此中昨夜共誰遊",40
1711,poem,1711,卷二十四,,,律詩,喜罷郡,,,1711,revised_jsonl_direct,1712,826,revised_jsonl,笺,,0,False,,0,False,1,8,"五年兩郡亦堪嗟
偷出遊山走看花
自此光陰爲己有
從前日月屬官家
樽前免被催迎使
枕上休聞報坐衙
睡到午時歡到夜
迴看官職是泥沙","喜罷郡五年兩郡亦堪嗟
偷出遊山走看花
自此光陰爲己有
從前日月屬官家
樽前免被催迎使
枕上休聞報坐衙
睡到午時歡到夜
迴看官職是泥沙",66
1712,poem,1712,卷二十四,,,律詩,答次休上人,,,1712,revised_jsonl_direct,1713,826,revised_jsonl,笺；广宣上人以应制诗见示因以赠之诏许上人居安国寺红楼院以诗供奉,,0,False,,0,False,1,4,"姓白使君無麗句
名休座主有新文
禪心不合生分别
莫愛餘霞嫌碧雲","答次休上人姓白使君無麗句
名休座主有新文
禪心不合生分别
莫愛餘霞嫌碧雲",36
1713,poem,1713,卷二十五,,,律詩,感悟妄緣題如上人壁,,,1713,revised_jsonl_direct,1714,826,revised_jsonl,笺；如信大师功德幢记；白氏文集；莲花经；四分律；东都十律大德长圣善寺钵塔院主智如和尚茶毗幢记；法华经；侍林光殿曲水宴诗；维摩经；坛经；菩提达摩南宗定是非论；禅林僧宝传；长阿含经；荷泽神会禅师语录；传法堂碑,,0,False,,0,False,1,12,"自從爲騃童
直至作衰翁
所好隨年異
爲忙終日同
弄沙成佛塔
鏘玉謁王宮
彼此皆兒戲
須臾即色空
有營非了義
無著是真宗
兼恐勤修道
猶應在妄中","感悟妄緣題如上人壁自從爲騃童
直至作衰翁
所好隨年異
爲忙終日同
弄沙成佛塔
鏘玉謁王宮
彼此皆兒戲
須臾即色空
有營非了義
無著是真宗
兼恐勤修道
猶應在妄中",80
1714,poem,1714,卷二十五,,,律詩,思子臺有感二首其一,,,1714,revised_jsonl_direct,1715,826,revised_jsonl,笺；汉书；元和郡县志；战国策；读史五首,汉书；战国策,2,True,,0,False,1,4,"曾家機上聞投杼
尹氏園中見掇蜂
但以恩情生隙罅
何人不解作江充","思子臺有感二首其一曾家機上聞投杼
尹氏園中見掇蜂
但以恩情生隙罅
何人不解作江充",40
1715,poem,1715,卷二十五,,,律詩,思子臺有感二首其二,,,1715,revised_jsonl_direct,1716,,revised_jsonl,,,0,False,,0,False,1,4,"闇生魑魅蠧生蟲
何異讒生疑阻中
但使武皇心似燭
江充不敢作江充","思子臺有感二首其二闇生魑魅蠧生蟲
何異讒生疑阻中
但使武皇心似燭
江充不敢作江充",40
1716,poem,1716,卷二十五,,,律詩,賦得邊城角,,,1716,revised_jsonl_direct,1717,826,revised_jsonl,笺；晋书；陇上歌；陇头吟,晋书,1,True,,0,False,1,8,"邊角兩三枝
霜天隴上兒
望鄉相並立
向月一時吹
戰馬頭皆舉
征人手盡垂
嗚嗚三奏罷
城上展旌旗","賦得邊城角邊角兩三枝
霜天隴上兒
望鄉相並立
向月一時吹
戰馬頭皆舉
征人手盡垂
嗚嗚三奏罷
城上展旌旗",52
1717,poem,1717,卷二十五,,,律詩,憶洛中所居,,,1717,revised_jsonl_direct,1718,826,revised_jsonl,笺；韩非子,,0,False,,0,False,1,14,"忽憶東都宅
春來事宛然
雪銷行徑裏
水上卧房前
厭綠栽黄竹
嫌紅種白蓮
醉教鶯送酒
閑遣鶴看船
幸是林園主
慚爲食祿牽
宦情薄似紙
鄉思急於弦
豈合姑蘇守
歸休更待年","憶洛中所居忽憶東都宅
春來事宛然
雪銷行徑裏
水上卧房前
厭綠栽黄竹
嫌紅種白蓮
醉教鶯送酒
閑遣鶴看船
幸是林園主
慚爲食祿牽
宦情薄似紙
鄉思急於弦
豈合姑蘇守
歸休更待年",88
1718,poem,1718,卷二十五,,,律詩,想歸田園,,,1718,revised_jsonl_direct,1719,826,revised_jsonl,笺,,0,False,,0,False,1,8,"戀他朝市求何事
想取丘園樂此身
千首惡詩吟過日
一壺好酒醉銷春
歸鄉年亦非全老
罷郡家仍未苦貧
快活不知如我者
人間能有幾多人","想歸田園戀他朝市求何事
想取丘園樂此身
千首惡詩吟過日
一壺好酒醉銷春
歸鄉年亦非全老
罷郡家仍未苦貧
快活不知如我者
人間能有幾多人",67
1719,poem,1719,卷二十五,,,律詩,琴茶,,,1719,revised_jsonl_direct,1720,826,revised_jsonl,笺；乐府诗集；蔡氏五弄；琴集；游春；渌水；幽居；坐愁；秋思；新昌新居书事四十韵因寄元郎中张博士,,0,False,,0,False,1,8,"兀兀寄形羣動内
陶陶任性一生間
自抛官後春多醉
不讀書來老更閑
琴裏知聞唯淥水
茶中故舊是蒙山
窮通行止長相伴
誰道吾今無往還","琴茶兀兀寄形羣動内
陶陶任性一生間
自抛官後春多醉
不讀書來老更閑
琴裏知聞唯淥水
茶中故舊是蒙山
窮通行止長相伴
誰道吾今無往還",65
1720,poem,1720,卷二十五,,,律詩,贈楚州郭使君,,,1720,revised_jsonl_direct,1721,826,revised_jsonl,笺；旧唐书；旧传；后汉书,后汉书,1,True,,0,False,1,8,"淮水東南第一州
山圍雉堞月當樓
黄金印綬懸腰底
白雪歌詩落筆頭
笑看兒童騎竹馬
醉攜賓客上仙舟
當家美事堆身上
何啻林宗與細侯","贈楚州郭使君淮水東南第一州
山圍雉堞月當樓
黄金印綬懸腰底
白雪歌詩落筆頭
笑看兒童騎竹馬
醉攜賓客上仙舟
當家美事堆身上
何啻林宗與細侯",69
1721,poem,1721,卷二十五,,,律詩,和郭使君題枸杞,,,1721,revised_jsonl_direct,1722,823,revised_jsonl,笺；旧唐书；楚州开元寺北院枸杞临井繁茂可观群贤赋诗因以继和；太平广记；朱孺子；续神仙传；酉阳杂俎,,0,False,,0,False,1,4,"山陽太守政嚴明
吏靜人安無犬驚
不知靈藥根成狗
怪得時聞吠夜聲","和郭使君題枸杞山陽太守政嚴明
吏靜人安無犬驚
不知靈藥根成狗
怪得時聞吠夜聲",38
1722,poem,1722,卷二十五,,,律詩,初到洛下閑遊,,,1722,revised_jsonl_direct,1723,827,revised_jsonl,谱；笺；渭村退居寄礼部崔侍郎翰林钱舍人诗一百韵；相和歌辞；战城南,,0,False,,0,False,1,8,"漢庭重少身宜退
洛下閑居迹可逃
趁伴入朝應老醜
尋春放醉尚粗豪
詩攜綵紙新裝卷
酒典緋花舊賜袍
曾在東方千騎上
至今躞蹀馬頭高","初到洛下閑遊漢庭重少身宜退
洛下閑居迹可逃
趁伴入朝應老醜
尋春放醉尚粗豪
詩攜綵紙新裝卷
酒典緋花舊賜袍
曾在東方千騎上
至今躞蹀馬頭高",69
1723,poem,1723,卷二十五,,,律詩,醉贈劉二十八使君,,,1723,revised_jsonl_direct,1724,826,revised_jsonl,笺；答刘和州；太平广记；十光佛；宣室志；日本王子；杜阳编；白居易选集,,0,False,,0,False,1,8,"爲我引杯添酒飲
與君把筯擊盤歌
詩稱國手徒爲爾
命壓人頭不奈何
舉眼風光長寂寞
滿朝官職獨蹉跎
亦知合被才名折
二十三年折太多","醉贈劉二十八使君爲我引杯添酒飲
與君把筯擊盤歌
詩稱國手徒爲爾
命壓人頭不奈何
舉眼風光長寂寞
滿朝官職獨蹉跎
亦知合被才名折
二十三年折太多",71
1724,poem,1724,卷二十五,,,律詩,太湖石,,,1724,revised_jsonl_direct,1725,827,revised_jsonl,笺；寄庾侍郎；杂诗；题忠州龙兴寺所居院壁；巵林；杜诗注；玄武馆赋；请雨文；桂檝泛河中诗；登作乐山诗；江亭晚望诗；太平寰宇记；名山记；孟子,杂诗；名山记；孟子,3,True,,0,False,1,8,"煙翠三秋色
波濤萬古痕
削成青玉片
截斷碧雲根
風氣通巖穴
苔文護洞門
三峰具體小
應是華山孫","太湖石煙翠三秋色
波濤萬古痕
削成青玉片
截斷碧雲根
風氣通巖穴
苔文護洞門
三峰具體小
應是華山孫",50
1725,poem,1725,卷二十五,,,律詩,過敷水,,,1725,revised_jsonl_direct,1726,827,revised_jsonl,笺；水经注；明一统志；陕西通志；敷水歌送窦渐入京；敷水驿；魏书；演繁露；类篇；宣城送刘副使入秦,魏书,1,True,,0,False,1,6,"垂鞭欲渡羅敷水
處分鳴騶且緩驅
秦氏雙蛾久冥寞
蘇臺五馬尚踟躕
村童店女仰頭笑
今日使君真是愚","過敷水垂鞭欲渡羅敷水
處分鳴騶且緩驅
秦氏雙蛾久冥寞
蘇臺五馬尚踟躕
村童店女仰頭笑
今日使君真是愚",50
1726,poem,1726,卷二十五,,,律詩,南院,,,1726,revised_jsonl_direct,1727,827,revised_jsonl,笺,,0,False,,0,False,1,8,"林院無情緒
經春不一開
楊花飛作穗
榆莢落成堆
壯志從中減
流年逐後催
只應如過客
病去老迎來","南院林院無情緒
經春不一開
楊花飛作穗
榆莢落成堆
壯志從中減
流年逐後催
只應如過客
病去老迎來",49
1727,poem,1727,卷二十五,,,律詩,閑詠,,,1727,revised_jsonl_direct,1728,827,revised_jsonl,笺,,0,False,,0,False,1,8,"步月憐清景
眠松愛綠陰
早年詩思苦
晚歲道情深
夜學禪多坐
秋牽興暫吟
悠然兩事外
無處更留心","閑詠步月憐清景
眠松愛綠陰
早年詩思苦
晚歲道情深
夜學禪多坐
秋牽興暫吟
悠然兩事外
無處更留心",49
1728,poem,1728,卷二十五,,,律詩,初授秘監並賜金紫閑吟小酌偶寫所懷,,,1728,revised_jsonl_direct,1729,827,revised_jsonl,谱；笺；旧唐书；闲居；与子俨等疏,,0,False,,0,False,1,12,"紫袍新秘監
白首舊書生
鬢雪人間壽
腰金世上榮
子孫無可念
産業不能營
酒引眼前興
詩留身後名
閑傾三數酌
醉詠十餘聲
便是羲皇代
先從心太平","初授秘監並賜金紫閑吟小酌偶寫所懷紫袍新秘監
白首舊書生
鬢雪人間壽
腰金世上榮
子孫無可念
産業不能營
酒引眼前興
詩留身後名
閑傾三數酌
醉詠十餘聲
便是羲皇代
先從心太平",87
1729,poem,1729,卷二十五,,,律詩,新昌閑居招楊郎中兄弟,,,1729,revised_jsonl_direct,1730,827,revised_jsonl,笺；题新居寄元八；寄杨六；旧唐书；苦热中寄舒员外；与子俨等疏,,0,False,,0,False,1,8,"紗巾角枕病眠翁
忙少閑多誰與同
但有雙松當砌下
更無一事到心中
金章紫綬看如夢
皂蓋朱輪别似空
暑月貧家何所有
客來唯贈北窗風","新昌閑居招楊郎中兄弟紗巾角枕病眠翁
忙少閑多誰與同
但有雙松當砌下
更無一事到心中
金章紫綬看如夢
皂蓋朱輪别似空
暑月貧家何所有
客來唯贈北窗風",73
1730,poem,1730,卷二十五,,,律詩,秘省後廳,,,1730,revised_jsonl_direct,1731,827,revised_jsonl,谱；笺,,0,False,,0,False,1,4,"槐花雨潤新秋地
桐葉風翻欲夜天
盡日後廳無一事
白頭老監枕書眠","秘省後廳槐花雨潤新秋地
桐葉風翻欲夜天
盡日後廳無一事
白頭老監枕書眠",35
1731,poem,1731,卷二十五,,,律詩,松齋偶興,,,1731,revised_jsonl_direct,1732,827,revised_jsonl,笺；韩诗外传,韩诗外传,1,True,,0,False,1,8,"置心思慮外
滅跡是非間
約俸爲生計
隨官換往還
耳煩聞曉角
眼醒見秋山
賴此松簷下
朝迴半日閑","松齋偶興置心思慮外
滅跡是非間
約俸爲生計
隨官換往還
耳煩聞曉角
眼醒見秋山
賴此松簷下
朝迴半日閑",51
1732,poem,1732,卷二十五,,,律詩,和楊郎中賀楊僕射致仕後楊侍郎門生合宴席上作,,,1732,revised_jsonl_direct,1733,827,revised_jsonl,笺；新昌闲居招杨郎中兄弟；旧唐书；初到忠州登东楼寄万州杨八使君；后汉书；论语；和郑方及第后秋归洛下闲居；和三月三十日四十韵；高仆射；世说新语；唐摭言；跋唐摭言,后汉书；论语,2,True,,0,False,1,8,"業重關西繼大名
恩深闕下遂高情
祥鱣降伴趨庭鯉
賀燕飛和出谷鶯
范蠡舟中無子弟
疏家席上欠門生
可憐玉樹連桃李
從古無如此會榮","和楊郎中賀楊僕射致仕後楊侍郎門生合宴席上作業重關西繼大名
恩深闕下遂高情
祥鱣降伴趨庭鯉
賀燕飛和出谷鶯
范蠡舟中無子弟
疏家席上欠門生
可憐玉樹連桃李
從古無如此會榮",84
1733,poem,1733,卷二十五,,,律詩,松下琴贈客,,,1733,revised_jsonl_direct,1734,827,revised_jsonl,笺；琴操；别鹤操；乐府诗集；三峡流泉歌；琴集；三峡流泉,琴操,1,True,,0,False,1,8,"松寂風初定
琴清夜欲闌
偶因群動息
試撥一聲看
寡鶴當徽怨
秋泉應指寒
慚君此傾聽
本不爲君彈","松下琴贈客松寂風初定
琴清夜欲闌
偶因群動息
試撥一聲看
寡鶴當徽怨
秋泉應指寒
慚君此傾聽
本不爲君彈",52
1734,poem,1734,卷二十五,,,律詩,秋齋,,,1734,revised_jsonl_direct,1735,827,revised_jsonl,笺；寄唐生；与山巨源绝交书；孟子,孟子,1,True,,0,False,1,8,"晨起秋齋冷
蕭條稱病容
清風兩窗竹
白露一庭松
阮籍謀身拙
嵇康向事慵
生涯别有處
浩氣在心胸","秋齋晨起秋齋冷
蕭條稱病容
清風兩窗竹
白露一庭松
阮籍謀身拙
嵇康向事慵
生涯别有處
浩氣在心胸",49
1735,poem,1735,卷二十五,,,律詩,塗山寺獨遊,,,1735,revised_jsonl_direct,1736,827,revised_jsonl,笺；游城南记；陕西通志；蜀中名胜记；四川通志,,0,False,,0,False,1,4,"野徑行無伴
僧房宿有期
塗山來去熟
唯是馬蹄知","塗山寺獨遊野徑行無伴
僧房宿有期
塗山來去熟
唯是馬蹄知",28
1736,poem,1736,卷二十五,,,律詩,登觀音臺望城,,,1736,revised_jsonl_direct,1737,827,revised_jsonl,笺；游城南记；登乐游园望；伤友,,0,False,,0,False,1,4,"百千家似圍棋局
十二街如種菜畦
遥認微微入朝火
一條星宿五門西","登觀音臺望城百千家似圍棋局
十二街如種菜畦
遥認微微入朝火
一條星宿五門西",37
1737,poem,1737,卷二十五,,,律詩,登靈應臺北望,,,1737,revised_jsonl_direct,1738,827,revised_jsonl,笺；长安志；辨疑志；中阿含经；和思归乐,,0,False,,0,False,1,4,"臨高始見人寰小
對遠方知色界空
迴首却歸朝市去
一稊米落太倉中","登靈應臺北望臨高始見人寰小
對遠方知色界空
迴首却歸朝市去
一稊米落太倉中",37
1738,poem,1738,卷二十五,,,律詩,酬裴相公題興化小池見招長句,,,1738,revised_jsonl_direct,1739,827,revised_jsonl,谱；笺；和张十八秘书谢裴相公寄马；唐两京城坊考；宿裴相公兴化池亭；晋书；史记；宿蓝桥对月,晋书；史记,2,True,,0,False,1,8,"爲愛小塘招散客
不嫌老監與新詩
山公倒載無妨學
范蠡扁舟未要追
蓬斷偶飄桃李徑
鷗驚誤拂鳳凰池
敢辭課拙酬高韻
一勺爭禁萬頃陂","酬裴相公題興化小池見招長句爲愛小塘招散客
不嫌老監與新詩
山公倒載無妨學
范蠡扁舟未要追
蓬斷偶飄桃李徑
鷗驚誤拂鳳凰池
敢辭課拙酬高韻
一勺爭禁萬頃陂",76
1739,poem,1739,卷二十五,,,律詩,閑行,,,1739,revised_jsonl_direct,1740,827,revised_jsonl,谱；笺；礼记,礼记,1,True,,0,False,1,8,"五十年來思慮熟
忙人應未勝閑人
林園傲逸真成貴
衣食單疏不是貧
專掌圖書無過地
遍尋山水自由身
儻年七十猶强健
尚得閑行十五春","閑行五十年來思慮熟
忙人應未勝閑人
林園傲逸真成貴
衣食單疏不是貧
專掌圖書無過地
遍尋山水自由身
儻年七十猶强健
尚得閑行十五春",65
1740,poem,1740,卷二十五,,,律詩,閑出,,,1740,revised_jsonl_direct,1741,827,revised_jsonl,谱；笺；宿杨家；唐国史补；梦与李七庾三十三同访元九,,0,False,,0,False,1,4,"兀兀出門何處去
新昌街晚樹陰斜
馬蹄知意緣行熟
不向楊家即庾家","閑出兀兀出門何處去
新昌街晚樹陰斜
馬蹄知意緣行熟
不向楊家即庾家",33
1741,poem,1741,卷二十五,,,律詩,與僧智如夜話,,,1741,revised_jsonl_direct,1742,827,revised_jsonl,笺；东都十律大德长圣善寺钵塔院主智如和尚茶毗幢记；白氏文集；四分律；楞伽；思益；庄子,庄子,1,True,,0,False,1,8,"懶鈍尤知命
幽棲漸得朋
門閑無謁客
室靜有禪僧
爐向初冬火
籠停半夜燈
憂勞緣智巧
自喜百無能","與僧智如夜話懶鈍尤知命
幽棲漸得朋
門閑無謁客
室靜有禪僧
爐向初冬火
籠停半夜燈
憂勞緣智巧
自喜百無能",53
1742,poem,1742,卷二十五,,,律詩,憶廬山舊隱及洛下新居,,,1742,revised_jsonl_direct,1743,827,revised_jsonl,谱；笺；春江；弄龜罗；香炉峰下新置草堂即事咏怀题于石上,,0,False,,0,False,1,8,"形骸僶俛班行内
骨肉勾留俸祿中
無奈攀緣隨手長
亦知恩愛到頭空
草堂久閉廬山下
竹院新抛洛水東
自是未能歸去得
世間誰要白鬚翁","憶廬山舊隱及洛下新居形骸僶俛班行内
骨肉勾留俸祿中
無奈攀緣隨手長
亦知恩愛到頭空
草堂久閉廬山下
竹院新抛洛水東
自是未能歸去得
世間誰要白鬚翁",73
1743,poem,1743,卷二十五,,,律詩,晚寒,,,1743,revised_jsonl_direct,1744,827,revised_jsonl,笺；舞鹤赋；北山酒经,舞鹤赋,1,True,,0,False,1,8,"急景流如箭
淒風利似刀
暝催雞翅斂
寒束樹枝高
縮水濃和酒
加緜厚絮袍
可憐冬計畢
煖卧醉陶陶","晚寒急景流如箭
淒風利似刀
暝催雞翅斂
寒束樹枝高
縮水濃和酒
加緜厚絮袍
可憐冬計畢
煖卧醉陶陶",49
1744,poem,1744,卷二十五,,,律詩,偶眠,,,1744,revised_jsonl_direct,1745,827,revised_jsonl,笺；步东坡；九日五首；插田歌；唐朝名画录；历代名画记；诗话总龜；古今诗话；重屏图；醉眠；白乐天重屏图,,0,False,,0,False,1,8,"放杯書案上
枕臂火爐前
老愛尋思事
慵多取次眠
妻教卸烏帽
婢與展青氊
便是屏風樣
何勞畫古賢","偶眠放杯書案上
枕臂火爐前
老愛尋思事
慵多取次眠
妻教卸烏帽
婢與展青氊
便是屏風樣
何勞畫古賢",49
1745,poem,1745,卷二十五,,,律詩,華城西北雉堞最高崔相公首創樓臺錢左丞繼種花果合爲勝境題在雅篇歲暮獨遊悵然成詠,,,1745,revised_jsonl_direct,1746,827,revised_jsonl,笺；题新居寄宣州崔相公；题道宗上人十韵；旧唐书,,0,False,,0,False,1,8,"高居稱君子
瀟灑四無鄰
丞相棟梁久
使君桃李新
凝情看麗句
駐步想清塵
况是寒天客
樓空無主人","華城西北雉堞最高崔相公首創樓臺錢左丞繼種花果合爲勝境題在雅篇歲暮獨遊悵然成詠高居稱君子
瀟灑四無鄰
丞相棟梁久
使君桃李新
凝情看麗句
駐步想清塵
况是寒天客
樓空無主人",85
1746,poem,1746,卷二十五,,,律詩,奉使途中戲贈張常侍,,,1746,revised_jsonl_direct,1747,827,revised_jsonl,笺；病中辱张常侍题集贤院诗因以继和；王少尹宅宴张常侍二十六兄见白舍人大监兼呈卢郎中李员外二副使；后汉书；奉使梁王宴龙泓应教；文苑英华；王少尹宅宴张常侍二十六兄白舍人大监兼郎中李员外二副使；旧唐书,后汉书,1,True,,0,False,1,4,"早風吹土滿長衢
驛騎星軺盡疾驅
共笑籃舁亦稱使
日馳一驛向東都","奉使途中戲贈張常侍早風吹土滿長衢
驛騎星軺盡疾驅
共笑籃舁亦稱使
日馳一驛向東都",40
1747,poem,1747,卷二十五,,,律詩,有小白馬乘馭多時奉使東行至稠桑驛溘然而斃足可驚傷不能忘情題二十韻,,,1747,revised_jsonl_direct,1748,827,revised_jsonl,笺；元和郡县志；太平寰宇记；山海经；庄子；白马篇；汉书；诗；大戴礼；陌上桑；新唐书；同张侍御宴北楼；送韦中丞奉使新罗；乐府诗集；爱妾换马；乐府解题；天中记；独异志；太平广记；韦鲍生妓；纂异记；重到江州感旧游题郡楼十一韵；世说新语；襄阳记；尔雅；赭白马赋；文选；周礼；墨子；渭村退居寄礼部崔侍郎翰林钱舍人诗一百韵；史记；礼记,山海经；庄子；汉书；诗；大戴礼；襄阳记；尔雅；赭白马赋；周礼；墨子；史记；礼记,12,True,,0,False,1,40,"能驟復能馳
翩翩白馬兒
毛寒一團雪
鬃薄萬條絲
皂蓋春行日
驪駒曉從時
雙旌前獨步
五馬内偏騎
芳草承蹄葉
垂楊拂頂枝
跨將迎好客
惜不換妖姬
慢鞚遊蕭寺
閑驅醉習池
睡來乘作夢
興發倚成詩
鞭爲馴難下
鞍緣穩不離
北歸還共到
東使亦相隨
赭白何曾變
玄黄豈得知
嘶風覺聲急
蹋雪怪行遲
昨夜猶蒭秣
今朝尚縶維
卧槽應不起
顧主遂長辭
塵滅駸駸迹
霜留皎皎姿
度關形未改
過隙影難追
念倍燕來駿
情深項别騅
銀收鈎臆帶
金卸絡頭羇
何處埋奇骨
誰家覓弊帷
稠桑驛門外
吟罷涕雙垂","有小白馬乘馭多時奉使東行至稠桑驛溘然而斃足可驚傷不能忘情題二十韻能驟復能馳
翩翩白馬兒
毛寒一團雪
鬃薄萬條絲
皂蓋春行日
驪駒曉從時
雙旌前獨步
五馬内偏騎
芳草承蹄葉
垂楊拂頂枝
跨將迎好客
惜不換妖姬
慢鞚遊蕭寺
閑驅醉習池
睡來乘作夢
興發倚成詩
鞭爲馴難下
鞍緣穩不離
北歸還共到
東使亦相隨
赭白何曾變
玄黄豈得知
嘶風覺聲急
蹋雪怪行遲
昨夜猶蒭秣
今朝尚縶維
卧槽應不起
顧主遂長辭
塵滅駸駸迹
霜留皎皎姿
度關形未改
過隙影難追
念倍燕來駿
情深項别騅
銀收鈎臆帶
金卸絡頭羇
何處埋奇骨
誰家覓弊帷
稠桑驛門外
吟罷涕雙垂",271
1748,poem,1748,卷二十五,,,律詩,題噴玉泉,,,1748,revised_jsonl_direct,1749,827,revised_jsonl,笺；大唐传载；明一统志；元和郡县志；孟子,孟子,1,True,,0,False,1,8,"泉噴聲如玉
潭澄色似空
練垂青障上
珠寫綠盆中
溜滴三秋雨
寒生六月風
何時此巖下
來作濯纓翁","題噴玉泉泉噴聲如玉
潭澄色似空
練垂青障上
珠寫綠盆中
溜滴三秋雨
寒生六月風
何時此巖下
來作濯纓翁",51
1749,poem,1749,卷二十五,,,律詩,酬皇甫賓客,,,1749,revised_jsonl_direct,1750,827,revised_jsonl,笺；寄皇甫宾客；酬黎居士淅川作；远游；卜居；柳溪,,0,False,,0,False,1,8,"閑官兼慢使
著處易停輪
况欲逢新歲
仍初見故人
冒寒尋到洛
待暖始歸秦
亦擬同攜手
城東略看春","酬皇甫賓客閑官兼慢使
著處易停輪
况欲逢新歲
仍初見故人
冒寒尋到洛
待暖始歸秦
亦擬同攜手
城東略看春",52
1750,poem,1750,卷二十五,,,律詩,種白蓮,,,1750,revised_jsonl_direct,1751,827,revised_jsonl,笺,,0,False,,0,False,1,4,"吳中白藕洛中栽
莫戀江南花懶開
萬里攜歸爾知否
紅蕉朱槿不將來","種白蓮吳中白藕洛中栽
莫戀江南花懶開
萬里攜歸爾知否
紅蕉朱槿不將來",34
1751,poem,1751,卷二十五,,,律詩,答蘇庶子,,,1751,revised_jsonl_direct,1752,827,revised_jsonl,笺；会昌二年春题池西小楼；新唐书；赠妇诗；世说新语；晋百官名；三月三日曲水诗序；文选；后汉书；酬张秘监阁老喜太常中书二阁老与德舆同日迁官相代之作；赠吴丹,后汉书,1,True,,0,False,1,8,"偶作關東使
重陪洛下游
病來從斷酒
老去可禁愁
款曲偏青眼
蹉跎各白頭
蓬山閑氣味
依約似龍樓","答蘇庶子偶作關東使
重陪洛下游
病來從斷酒
老去可禁愁
款曲偏青眼
蹉跎各白頭
蓬山閑氣味
依約似龍樓",51
1752,poem,1752,卷二十五,,,律詩,答尉遲少監水閣重宴,,,1752,revised_jsonl_direct,1753,828,revised_jsonl,笺；城东闲行因题尉迟司业水阁；论语；世说新语；蒙求；咏家酝十韵,论语,1,True,,0,False,1,9,"人情依舊歲華新
今日重招往日賓
雞黍重迴千里駕
林園暗換四年春
水軒平寫琉璃鏡
草岸斜鋪翡翠茵
聞道經營費心力
忍教成後屬他人
時主人欲賣林亭","答尉遲少監水閣重宴人情依舊歲華新
今日重招往日賓
雞黍重迴千里駕
林園暗換四年春
水軒平寫琉璃鏡
草岸斜鋪翡翠茵
聞道經營費心力
忍教成後屬他人
時主人欲賣林亭",80
1753,poem,1753,卷二十五,,,律詩,和劉郎中傷鄂姬,,,1753,revised_jsonl_direct,1754,828,revised_jsonl,笺；旧唐书；举姜补阙伦自代状；再游玄都观绝句；有所嗟二首；全唐诗；刘禹锡集笺证；有所嗟；夜闻歌者,,0,False,,0,False,1,6,"不獨君嗟我亦嗟
西風北雪殺南花
不知月夜魂歸處
鸚鵡洲頭第幾家
姬
鄂人也","和劉郎中傷鄂姬不獨君嗟我亦嗟
西風北雪殺南花
不知月夜魂歸處
鸚鵡洲頭第幾家
姬
鄂人也",44
1754,poem,1754,卷二十五,,,律詩,贈東鄰王十三,,,1754,revised_jsonl_direct,1755,828,revised_jsonl,笺；闻乐感邻；水经注；唐两京城坊考,,0,False,,0,False,1,8,"攜手池邊月
開襟竹下風
驅愁知酒力
破睡見茶功
居處東西接
年顔老少同
能來爲伴否
伊上作漁翁","贈東鄰王十三攜手池邊月
開襟竹下風
驅愁知酒力
破睡見茶功
居處東西接
年顔老少同
能來爲伴否
伊上作漁翁",53
1755,poem,1755,卷二十五,,,律詩,早春同劉郎中寄宣武令狐相公,,,1755,revised_jsonl_direct,1756,828,revised_jsonl,笺；和刘郎中伤鄂姬；奉和汴州令狐相公二十二韵；西京杂记；元和郡县志；为临川王九日侍太子宴；送开封卢少府；节度宣武酬乐天梦得,西京杂记,1,True,,0,False,1,8,"梁園不到一年强
遥想清吟對綠觴
更有何人能飲酌
新添幾卷好篇章
馬頭拂柳時迴轡
豹尾穿花暫亞槍
誰引相公開口笑
不逢白監與劉郎","早春同劉郎中寄宣武令狐相公梁園不到一年强
遥想清吟對綠觴
更有何人能飲酌
新添幾卷好篇章
馬頭拂柳時迴轡
豹尾穿花暫亞槍
誰引相公開口笑
不逢白監與劉郎",76
1756,poem,1756,卷二十五,,,律詩,寄太原李相公,,,1756,revised_jsonl_direct,1757,828,revised_jsonl,笺；旧唐书；左传；和伏武昌登孙权故城；古今注；井底引银瓶；后汉书,左传；古今注；后汉书,3,True,,0,False,1,8,"聞道北都今一變
政和軍樂萬人安
綺羅二八圍賓榻
組練三千夾將壇
蟬鬢應誇丞相少
貂裘不覺太原寒
世間大有虛榮貴
百歲無君一日歡","寄太原李相公聞道北都今一變
政和軍樂萬人安
綺羅二八圍賓榻
組練三千夾將壇
蟬鬢應誇丞相少
貂裘不覺太原寒
世間大有虛榮貴
百歲無君一日歡",69
1757,poem,1757,卷二十五,,,律詩,雪中寄令狐相公兼呈夢得,,,1757,revised_jsonl_direct,1758,828,revised_jsonl,笺；早春同刘郎中寄宣武令狐相公；雪赋；和司马博士咏雪,雪赋,1,True,,0,False,1,4,"兔園春雪梁王會
想對金罍詠玉塵
今日相如身在此
不知客右坐何人","雪中寄令狐相公兼呈夢得兔園春雪梁王會
想對金罍詠玉塵
今日相如身在此
不知客右坐何人",42
1758,poem,1758,卷二十五,,,律詩,出使在途所騎馬死改乘肩輿將歸長安偶詠旅懷寄太原李相公,,,1758,revised_jsonl_direct,1759,828,revised_jsonl,笺；寄太原李相公；渭村退居寄礼部崔侍郎翰林钱舍人诗一百韵；春思赋；奉和浙西大夫述梦四十韵；左传,左传,1,True,,0,False,1,8,"驛路崎嶇泥雪寒
欲登籃輿一長歎
風光不見桃花騎
塵土空留杏葉鞍
喪乘獨歸殊不易
脱驂相贈豈爲難
并州好馬應無數
不怕旌旄試覓看","出使在途所騎馬死改乘肩輿將歸長安偶詠旅懷寄太原李相公驛路崎嶇泥雪寒
欲登籃輿一長歎
風光不見桃花騎
塵土空留杏葉鞍
喪乘獨歸殊不易
脱驂相贈豈爲難
并州好馬應無數
不怕旌旄試覓看",89
1759,poem,1759,卷二十五,,,律詩,有雙鶴留在洛中忽見劉郎中依然鳴顧劉因爲鶴歎二篇寄予予以二絶句答之其一,,,1759,revised_jsonl_direct,1760,828,revised_jsonl,笺；鹤叹诗二首；洛下卜居；元和郡县志；列仙传；感鹤,列仙传,1,True,,0,False,1,4,"辭鄉遠隔華亭水
逐我來棲緱嶺雲
慚愧稻粱長不飽
未曾迴眼向雞群","有雙鶴留在洛中忽見劉郎中依然鳴顧劉因爲鶴歎二篇寄予予以二絶句答之其一辭鄉遠隔華亭水
逐我來棲緱嶺雲
慚愧稻粱長不飽
未曾迴眼向雞群",65
1760,poem,1760,卷二十五,,,律詩,有雙鶴留在洛中忽見劉郎中依然鳴顧劉因爲鶴歎二篇寄予予以二絶句答之其二,,,1760,revised_jsonl_direct,1761,,revised_jsonl,,,0,False,,0,False,1,4,"荒草院中池水畔
銜恩不去又經春
見君驚喜雙迴顧
應爲吟聲似主人","有雙鶴留在洛中忽見劉郎中依然鳴顧劉因爲鶴歎二篇寄予予以二絶句答之其二荒草院中池水畔
銜恩不去又經春
見君驚喜雙迴顧
應爲吟聲似主人",65
1761,poem,1761,卷二十五,,,律詩,宿竇使君莊水亭,,,1761,revised_jsonl_direct,1762,828,revised_jsonl,笺；旧唐书；窦庠传,,0,False,,0,False,1,4,"使君何在在江東
池柳初黄杏欲紅
有興即來閑便宿
不知誰是主人翁","宿竇使君莊水亭使君何在在江東
池柳初黄杏欲紅
有興即來閑便宿
不知誰是主人翁",38
1762,poem,1762,卷二十五,,,律詩,龍門下作,,,1762,revised_jsonl_direct,1763,828,revised_jsonl,笺；赠苏少府；冬夜示敏巢,,0,False,,0,False,1,4,"龍門澗下濯塵纓
擬作閑人過此生
筋力不將諸處用
登山臨水詠詩行","龍門下作龍門澗下濯塵纓
擬作閑人過此生
筋力不將諸處用
登山臨水詠詩行",35
1763,poem,1763,卷二十五,,,律詩,姚侍御見過戲贈,,,1763,revised_jsonl_direct,1764,828,revised_jsonl,笺；唐书；姚崇传；李公夫人吴兴姚氏墓志跋；贞松老人遗稿；郡斋读书志,,0,False,,0,False,1,4,"晚起春寒慵裹頭
客來池上偶同遊
東臺御史多提舉
莫按金章繫布裘","姚侍御見過戲贈晚起春寒慵裹頭
客來池上偶同遊
東臺御史多提舉
莫按金章繫布裘",38
1764,poem,1764,卷二十五,,,律詩,履道春居,,,1764,revised_jsonl_direct,1765,828,revised_jsonl,笺；履道新居二十韵；晋书,晋书,1,True,,0,False,1,8,"微雨灑園林
新晴好一尋
低風洗池面
斜日坼花心
暝助嵐陰重
春添水色深
不如陶省事
猶抱有絃琴","履道春居微雨灑園林
新晴好一尋
低風洗池面
斜日坼花心
暝助嵐陰重
春添水色深
不如陶省事
猶抱有絃琴",51
1765,poem,1765,卷二十五,,,律詩,題洛中第宅,,,1765,revised_jsonl_direct,1766,828,revised_jsonl,笺；唐会要；晋书；通典；演繁露；周礼,晋书；周礼,2,True,,0,False,1,12,"水木誰家宅
門高占地寬
懸魚掛青甃
行馬護朱欄
春榭籠烟煖
秋庭鎖月寒
松膠粘琥珀
筠粉撲瑯玕
試問池臺主
多爲將相官
終身不曾到
唯展宅圖看","題洛中第宅水木誰家宅
門高占地寬
懸魚掛青甃
行馬護朱欄
春榭籠烟煖
秋庭鎖月寒
松膠粘琥珀
筠粉撲瑯玕
試問池臺主
多爲將相官
終身不曾到
唯展宅圖看",76
1766,poem,1766,卷二十五,,,律詩,寄殷協律,,,1766,revised_jsonl_direct,1767,828,revised_jsonl,笺；赠别杨颖士卢克柔殷尧藩；醉歌；代卖薪女赠诸妓；升庵诗话；长相思；绝妙词选；吟窗杂录；长相思令,,0,False,,0,False,1,15,"五歲優遊同過日
一朝消散似浮雲
琴詩酒伴皆抛我
雪月花時最憶君
幾度聽雞歌白日
亦曾騎馬詠紅裙
予在杭州日有歌云
“聽唱黄雞與白日
”又有詩云
“著紅騎馬是何人
”吳娘暮雨蕭蕭曲
自别江南更不聞
江南吳二娘曲詞云
“暮雨蕭蕭郎不歸
”","寄殷協律五歲優遊同過日
一朝消散似浮雲
琴詩酒伴皆抛我
雪月花時最憶君
幾度聽雞歌白日
亦曾騎馬詠紅裙
予在杭州日有歌云
“聽唱黄雞與白日
”又有詩云
“著紅騎馬是何人
”吳娘暮雨蕭蕭曲
自别江南更不聞
江南吳二娘曲詞云
“暮雨蕭蕭郎不歸
”",121
1767,poem,1767,卷二十五,,,律詩,洛下諸客就宅相送偶題西亭,,,1767,revised_jsonl_direct,1768,828,revised_jsonl,笺,,0,False,,0,False,1,8,"几榻臨池坐
軒車冒雪過
交親致杯酒
僮僕解笙歌
流歲行將晚
浮榮得幾多
林泉應問我
不住意如何","洛下諸客就宅相送偶題西亭几榻臨池坐
軒車冒雪過
交親致杯酒
僮僕解笙歌
流歲行將晚
浮榮得幾多
林泉應問我
不住意如何",59
1768,poem,1768,卷二十五,,,律詩,答林泉,,,1768,revised_jsonl_direct,1769,828,revised_jsonl,笺；晋书；赠崔秋浦三首,晋书,1,True,,0,False,1,8,"好住舊林泉
迴頭一悵然
漸知吾潦倒
深愧爾留連
欲作棲雲計
須營種黍錢
更容求一郡
不得亦歸田","答林泉好住舊林泉
迴頭一悵然
漸知吾潦倒
深愧爾留連
欲作棲雲計
須營種黍錢
更容求一郡
不得亦歸田",50
1769,poem,1769,卷二十五,,,律詩,將發洛中枉令狐相公手札兼辱二篇寵行以長句答之,,,1769,revised_jsonl_direct,1770,828,revised_jsonl,笺；早春同刘郎中寄宣武令狐相公；晋书；太平御览；西京记；拟四愁诗；答苏庶子；陈书；晚秋郾城夜会李正封联句；江楼宴别；太平广记；冥音录；八关斋制序；写新诗寄微之偶题四韵；玉台新咏；古诗,晋书；西京记；古诗,3,True,,0,False,1,8,"尺素忽驚來梓澤
雙金不惜送蓬山
八行落泊飛雲雨
五字鎗摐動珮環
玉韻乍聽堪醒酒
銀鈎細讀當披顔
收藏便作終身寶
何啻三年懷袖間","將發洛中枉令狐相公手札兼辱二篇寵行以長句答之尺素忽驚來梓澤
雙金不惜送蓬山
八行落泊飛雲雨
五字鎗摐動珮環
玉韻乍聽堪醒酒
銀鈎細讀當披顔
收藏便作終身寶
何啻三年懷袖間",85
1770,poem,1770,卷二十五,,,律詩,臨都驛答夢得六言二首其一,,,1770,revised_jsonl_direct,1771,828,revised_jsonl,笺；太平广记；卢渥；唐阙史；临都驿送崔十八；横江词六首；唐志,,0,False,,0,False,1,4,"楊子津頭月下
臨都驛裏燈前
昨日老於前日
去年春似今年","臨都驛答夢得六言二首其一楊子津頭月下
臨都驛裏燈前
昨日老於前日
去年春似今年",39
1771,poem,1771,卷二十五,,,律詩,臨都驛答夢得六言二首其二,,,1771,revised_jsonl_direct,1772,803,revised_jsonl,宋书；渭村退居寄礼部崔侍郎翰林钱舍人诗一百韵,宋书,1,True,,0,False,1,4,"謝守歸爲秘監
馮公老作郎官
前事不須問著
新詩且更吟看","臨都驛答夢得六言二首其二謝守歸爲秘監
馮公老作郎官
前事不須問著
新詩且更吟看",39
1772,poem,1772,卷二十五,,,律詩,喜錢左丞再除華州以詩伸賀,,,1772,revised_jsonl_direct,1773,828,revised_jsonl,笺；华城西北雉堞最高崔相公首创楼台钱左丞继种花果合为胜境题在雅篇岁暮独游怅然成咏；晋书；唐六典；赠韦左丞丈济；唐会要；周礼；后汉书；夏日梁王席送张岐州；送崔使君赴寿州；忘筌亭；自到郡斋仅经旬日方专公务未及宴游偷闲走笔题二十四韵兼寄常州贾舍人湖州崔郎中仍呈吴中诸客,晋书；周礼；后汉书,3,True,,0,False,1,8,"左轄輟中臺
門東委上才
彤襜經宿到
絳帳及春開
民望懇難奪
天心慈易迴
那知不隔歲
重借寇恂來","喜錢左丞再除華州以詩伸賀左轄輟中臺
門東委上才
彤襜經宿到
絳帳及春開
民望懇難奪
天心慈易迴
那知不隔歲
重借寇恂來",59
1773,poem,1773,卷二十五,,,律詩,和錢華州題少華清光絶句,,,1773,revised_jsonl_direct,1774,828,revised_jsonl,笺；元和郡县志；陕西通志；太平寰宇记；名山记,名山记,1,True,,0,False,1,4,"高情雅韻三峰守
主領清光管白雲
自笑亦曾爲刺史
蘇州肥膩不如君","和錢華州題少華清光絶句高情雅韻三峰守
主領清光管白雲
自笑亦曾爲刺史
蘇州肥膩不如君",42
1774,poem,1774,卷二十五,,,律詩,送陝府王大夫,,,1774,revised_jsonl_direct,1775,828,revised_jsonl,笺；旧唐书；常乐里闲居偶题十六韵兼寄刘十五公舆王十一起吕二炅吕四颖崔十八玄亮元九稹刘三十二敦质张十五仲方时为校书郎；别李十一后重寄；明一统志；铁牛颂；送王司马之陕州,,0,False,,0,False,1,4,"金馬門前迴劍珮
鐵牛城下擁旌旗
他時萬一爲交代
留取甘棠三兩枝","送陝府王大夫金馬門前迴劍珮
鐵牛城下擁旌旗
他時萬一爲交代
留取甘棠三兩枝",37
1775,poem,1775,卷二十五,,,律詩,代迎春花招劉郎中,,,1775,revised_jsonl_direct,1776,828,revised_jsonl,笺；和刘郎中伤鄂姬；杏园中枣树,,0,False,,0,False,1,4,"幸與松筠相近栽
不隨桃李一時開
杏園豈敢妨君去
未有花時且看來","代迎春花招劉郎中幸與松筠相近栽
不隨桃李一時開
杏園豈敢妨君去
未有花時且看來",39
1776,poem,1776,卷二十五,,,律詩,玩迎春花贈楊郎中,,,1776,revised_jsonl_direct,1777,828,revised_jsonl,笺；和杨郎中贺杨仆射致仕后杨侍郎门生合宴席上作,,0,False,,0,False,1,4,"金英翠萼帶春寒
黄色花中有幾般
憑君與向遊人道
莫作蔓菁花眼看","玩迎春花贈楊郎中金英翠萼帶春寒
黄色花中有幾般
憑君與向遊人道
莫作蔓菁花眼看",39
1777,poem,1777,卷二十五,,,律詩,閑出,,,1777,revised_jsonl_direct,1778,828,revised_jsonl,笺,,0,False,,0,False,1,8,"身外無羈束
心中少是非
被花留便住
逢酒醉方歸
人事行時少
官曹入日稀
春寒遊正好
穩馬薄緜衣","閑出身外無羈束
心中少是非
被花留便住
逢酒醉方歸
人事行時少
官曹入日稀
春寒遊正好
穩馬薄緜衣",49
1778,poem,1778,卷二十五,,,律詩,座上贈盧判官,,,1778,revised_jsonl_direct,1779,828,revised_jsonl,笺；予以长庆二年冬十月到杭州明年秋九月始与范阳卢贾汝南周元范兰陵萧悦清河崔求东莱刘方舆同游恩德寺之泉洞竹石籍甚久矣及兹目击果惬心期因自嗟云到郡周岁方来入寺半日复去俯视朱绶仰睇白云有愧于心遂留绝句；虚白堂,,0,False,,0,False,1,4,"把酒承花花落頻
花香酒味相和春
莫言不是江南會
虛白亭中舊主人","座上贈盧判官把酒承花花落頻
花香酒味相和春
莫言不是江南會
虛白亭中舊主人",37
1779,poem,1779,卷二十五,,,律詩,曲江有感,,,1779,revised_jsonl_direct,1780,828,revised_jsonl,笺,,0,False,,0,False,1,4,"曲江西岸又春風
萬樹花前一老翁
遇酒逢花還且醉
若論惆悵事何窮","曲江有感曲江西岸又春風
萬樹花前一老翁
遇酒逢花還且醉
若論惆悵事何窮",35
1780,poem,1780,卷二十五,,,律詩,杏園花下贈劉郎中,,,1780,revised_jsonl_direct,1781,828,revised_jsonl,笺；和刘郎中伤鄂姬；醉赠刘二十八使君,,0,False,,0,False,1,4,"怪君把酒偏惆悵
曾是貞元花下人
自别花來多少事
東風二十四迴春","杏園花下贈劉郎中怪君把酒偏惆悵
曾是貞元花下人
自别花來多少事
東風二十四迴春",39
1781,poem,1781,卷二十五,,,律詩,花前有感兼呈崔相公劉郎中,,,1781,revised_jsonl_direct,1782,828,revised_jsonl,谱；笺；题新居寄宣州崔相公；旧唐书；周礼,周礼,1,True,,0,False,1,10,"落花如雪鬢如霜
醉把花看益自傷
少日爲名多檢束
長年無興可顛狂
四時輪轉春常少
百刻支分夜苦長
何事同生壬子歲
老於崔相及劉郎
余與崔﹑劉年同
獨早衰白","花前有感兼呈崔相公劉郎中落花如雪鬢如霜
醉把花看益自傷
少日爲名多檢束
長年無興可顛狂
四時輪轉春常少
百刻支分夜苦長
何事同生壬子歲
老於崔相及劉郎
余與崔﹑劉年同
獨早衰白",88
1782,poem,1782,卷二十五,,,律詩,微之就拜尚書居易續除刑部因書賀意兼詠離懷,,,1782,revised_jsonl_direct,1783,828,revised_jsonl,谱；笺；旧唐书；唐会要；思竹窗；自咏五首；湖上醉中代诸妓寄严郎中,,0,False,,0,False,1,8,"我爲憲部入南宮
君作尚書鎮浙東
老去一時成白首
别來七度換春風
簪纓假合虛名在
筋力銷磨實事空
遠地官高親故少
些些談笑與誰同","微之就拜尚書居易續除刑部因書賀意兼詠離懷我爲憲部入南宮
君作尚書鎮浙東
老去一時成白首
别來七度換春風
簪纓假合虛名在
筋力銷磨實事空
遠地官高親故少
些些談笑與誰同",83
1783,poem,1783,卷二十五,,,律詩,喜與韋左丞同入南省因叙舊以贈之,,,1783,revised_jsonl_direct,1784,828,revised_jsonl,笺；唐书；旧唐书；重修承旨学士壁记；狱中上书自明；文选；闲意；管子；礼记,管子；礼记,2,True,,0,False,1,9,"早年同遇陶鈞主
利鈍精粗共在鎔
憲宗朝與韋同入翰林
金劍淬來長透匣
鉛刀磨盡不成鋒
差肩北省慚非據
接武南宮幸再容
跛鼈雖遲騏驥疾
何妨中路亦相逢","喜與韋左丞同入南省因叙舊以贈之早年同遇陶鈞主
利鈍精粗共在鎔
憲宗朝與韋同入翰林
金劍淬來長透匣
鉛刀磨盡不成鋒
差肩北省慚非據
接武南宮幸再容
跛鼈雖遲騏驥疾
何妨中路亦相逢",88
1784,poem,1784,卷二十五,,,律詩,伊州,,,1784,revised_jsonl_direct,1785,828,revised_jsonl,笺；大唐传载；凉州；甘州；伊州；梦溪笔谈；西清诗话；西域记；霓裳；碧鸡漫志；宫词；长恨歌,,0,False,,0,False,1,4,"老去將何散老愁
新教小玉唱伊州
亦應不得多年聽
未教成時已白頭","伊州老去將何散老愁
新教小玉唱伊州
亦應不得多年聽
未教成時已白頭",33
1785,poem,1785,卷二十五,,,律詩,早朝,,,1785,revised_jsonl_direct,1786,828,revised_jsonl,笺；题新居寄元八；行简初授拾遗同早朝入阁因示十二韵；渭村退居寄礼部崔侍郎翰林钱舍人诗一百韵,,0,False,,0,False,1,12,"鼓動出新昌
雞鳴赴建章
翩翩穩鞍馬
楚楚健衣裳
宮漏傳殘夜
城陰送早凉
月堤槐露氣
風燭樺烟香
雙闕龍相對
千官雁一行
漢庭方尚少
慚歎鬢如霜","早朝鼓動出新昌
雞鳴赴建章
翩翩穩鞍馬
楚楚健衣裳
宮漏傳殘夜
城陰送早凉
月堤槐露氣
風燭樺烟香
雙闕龍相對
千官雁一行
漢庭方尚少
慚歎鬢如霜",73
1786,poem,1786,卷二十五,,,律詩,答裴相公乞鶴,,,1786,revised_jsonl_direct,1787,828,revised_jsonl,笺；酬裴相公题兴化小池见招长句；初学记；风土记；送王明府上京参选；宿蓝桥对月,风土记,1,True,,0,False,1,8,"警露聲音好
冲天相貌殊
終宜向遼廓
不稱在泥塗
白首勞爲伴
朱門幸見呼
不知疏野性
解愛鳳池無","答裴相公乞鶴警露聲音好
冲天相貌殊
終宜向遼廓
不稱在泥塗
白首勞爲伴
朱門幸見呼
不知疏野性
解愛鳳池無",53
1787,poem,1787,卷二十五,,,律詩,晚從省歸,,,1787,revised_jsonl_direct,1788,828,revised_jsonl,笺,,0,False,,0,False,1,8,"朝迴北闕值清晨
晚出南宮送暮春
入去丞郎非散秩
歸來詩酒是閑人
猶思泉石多成夢
尚歎簪裾未離身
終是不如山下去
心頭眼底兩無塵","晚從省歸朝迴北闕值清晨
晚出南宮送暮春
入去丞郎非散秩
歸來詩酒是閑人
猶思泉石多成夢
尚歎簪裾未離身
終是不如山下去
心頭眼底兩無塵",67
1788,poem,1788,卷二十五,,,律詩,北窗閑坐,,,1788,revised_jsonl_direct,1789,828,revised_jsonl,笺,,0,False,,0,False,1,8,"虛窗兩叢竹
靜室一爐香
門外紅塵合
城中白日忙
無煩尋道士
不要學仙方
自有延年術
心閑歲月長","北窗閑坐虛窗兩叢竹
靜室一爐香
門外紅塵合
城中白日忙
無煩尋道士
不要學仙方
自有延年術
心閑歲月長",51
1789,poem,1789,卷二十五,,,律詩,酬嚴給事,,,1789,revised_jsonl_direct,1790,828,revised_jsonl,笺；冯阁老处见与严郎中酬和诗因戏赠绝句；旧唐书；白牡丹；剧谈录；闻玉蕊院真人降；列仙传；渭村退居寄礼部崔侍郎翰林钱舍人诗一百韵；八月十五夜闻崔大员外翰林独直对酒玩月因怀禁中清景偶题是诗,列仙传,1,True,,0,False,1,4,"瀛女偷乘鳳去時
洞中潛歇弄瓊枝
不緣啼鳥春饒舌
青瑣仙郎可得知","酬嚴給事瀛女偷乘鳳去時
洞中潛歇弄瓊枝
不緣啼鳥春饒舌
青瑣仙郎可得知",35
1790,poem,1790,卷二十五,,,律詩,京路,,,1790,revised_jsonl_direct,1791,829,revised_jsonl,笺,,0,False,,0,False,1,4,"西來爲看秦山雪
東去緣尋洛苑春
來去騰騰兩京路
閑行除我更無人","京路西來爲看秦山雪
東去緣尋洛苑春
來去騰騰兩京路
閑行除我更無人",33
1791,poem,1791,卷二十五,,,律詩,華州西,,,1791,revised_jsonl_direct,1792,829,revised_jsonl,笺；过敷水,,0,False,,0,False,1,4,"每逢人靜慵多歇
不計程行困即眠
上得籃輿未能去
春風敷水店門前","華州西每逢人靜慵多歇
不計程行困即眠
上得籃輿未能去
春風敷水店門前",34
1792,poem,1792,卷二十五,,,律詩,從陝至東京,,,1792,revised_jsonl_direct,1793,829,revised_jsonl,笺；旧唐书；元和郡县志；日知录；续汉舆服志；史记；唐书百官志,史记,1,True,,0,False,1,8,"從陝至東京
山低路漸平
風光四百里
車馬十三程
花共垂鞭看
杯多並轡傾
笙歌與談笑
隨分自將行","從陝至東京從陝至東京
山低路漸平
風光四百里
車馬十三程
花共垂鞭看
杯多並轡傾
笙歌與談笑
隨分自將行",52
1793,poem,1793,卷二十五,,,律詩,送春,,,1793,revised_jsonl_direct,1794,829,revised_jsonl,笺；酬周协律；赠杨使君,,0,False,,0,False,1,4,"銀花鑿落從君勸
金屑琵琶爲我彈
不獨送春兼送老
更嘗一酌更聽看","送春銀花鑿落從君勸
金屑琵琶爲我彈
不獨送春兼送老
更嘗一酌更聽看",33
1794,poem,1794,卷二十五,,,律詩,宿杜曲花下,,,1794,revised_jsonl_direct,1795,829,revised_jsonl,笺；雍录；通雅；说文；新唐书；陈氏香谱；小童薛阳陶吹觱篥歌,说文,1,True,,0,False,1,16,"覓得花千樹
攜來酒一壺
懶歸兼擬宿
未醉豈勞扶
但惜春將晚
寧愁日漸晡
籃輿爲卧舍
漆盝是行厨
斑竹盛茶櫃
紅泥罨飯爐
眼前無所闕
身外更何須
小面琵琶婢
蒼頭觱篥奴
從君飽富貴
曾作此遊無","宿杜曲花下覓得花千樹
攜來酒一壺
懶歸兼擬宿
未醉豈勞扶
但惜春將晚
寧愁日漸晡
籃輿爲卧舍
漆盝是行厨
斑竹盛茶櫃
紅泥罨飯爐
眼前無所闕
身外更何須
小面琵琶婢
蒼頭觱篥奴
從君飽富貴
曾作此遊無",100
1795,poem,1795,卷二十五,,,律詩,逢舊,,,1795,revised_jsonl_direct,1796,829,revised_jsonl,笺,,0,False,,0,False,1,4,"久别偶相逢
俱疑是夢中
即今歡樂事
放盞又成空","逢舊久别偶相逢
俱疑是夢中
即今歡樂事
放盞又成空",25
1796,poem,1796,卷二十五,,,律詩,繡婦歎,,,1796,revised_jsonl_direct,1797,829,revised_jsonl,笺,,0,False,,0,False,1,8,"連枝花樣繡羅襦
本擬新年餉小姑
自覺逢春饒悵望
誰能每日趁功夫
針頭不解愁眉結
線縷難穿淚臉珠
雖凭繡床都不繡
同床繡伴得知無","繡婦歎連枝花樣繡羅襦
本擬新年餉小姑
自覺逢春饒悵望
誰能每日趁功夫
針頭不解愁眉結
線縷難穿淚臉珠
雖凭繡床都不繡
同床繡伴得知無",66
1797,poem,1797,卷二十五,,,律詩,春詞,,,1797,revised_jsonl_direct,1798,829,revised_jsonl,笺；和乐天春词；春词；绣妇叹；恨词,,0,False,,0,False,1,4,"低花樹映小妝樓
春入眉心兩點愁
斜倚欄干臂鸚鵡
思量何事不迴頭","春詞低花樹映小妝樓
春入眉心兩點愁
斜倚欄干臂鸚鵡
思量何事不迴頭",33
1798,poem,1798,卷二十五,,,律詩,恨詞,,,1798,revised_jsonl_direct,1799,829,revised_jsonl,笺；敦煌变文字义通释,,0,False,,0,False,1,4,"翠黛眉低斂
紅珠淚暗銷
曾來恨人意
不省似今朝","恨詞翠黛眉低斂
紅珠淚暗銷
曾來恨人意
不省似今朝",25
1799,poem,1799,卷二十五,,,律詩,山石榴花十二韻,,,1799,revised_jsonl_direct,1800,829,revised_jsonl,笺；山石榴寄元九；公羊传；增壹阿含经；和同泰寺浮图；长恨歌；梦仙；汉武故事,公羊传；汉武故事,2,True,,0,False,1,24,"曄曄復煌煌
花中無比方
豔夭宜小院
條短稱低廊
本是山頭物
今爲砌下芳
千叢相向背
萬朵互低昂
照灼連朱檻
玲瓏映粉牆
風來添意態
日出助晶光
漸綻燕脂萼
猶含琴軫房
離披亂剪綵
斑駁未匀妝
絳焰燈千炷
紅裙妓一行
此時逢國色
何處覓天香
恐合栽金闕
思將獻玉皇
好差青鳥使
封作百花王","山石榴花十二韻曄曄復煌煌
花中無比方
豔夭宜小院
條短稱低廊
本是山頭物
今爲砌下芳
千叢相向背
萬朵互低昂
照灼連朱檻
玲瓏映粉牆
風來添意態
日出助晶光
漸綻燕脂萼
猶含琴軫房
離披亂剪綵
斑駁未匀妝
絳焰燈千炷
紅裙妓一行
此時逢國色
何處覓天香
恐合栽金闕
思將獻玉皇
好差青鳥使
封作百花王",150
1800,poem,1800,卷二十五,,,律詩,送敏中歸豳寧幕,,,1800,revised_jsonl_direct,1801,831,revised_jsonl,谱；笺；喜敏中及第偶示所怀；元和郡县志；旧唐书,,0,False,,0,False,1,8,"六十衰翁兒女悲
傍人應笑爾應知
弟兄垂老相逢日
杯酒臨歡欲散時
前路加餐須努力
今宵盡醉莫推辭
司徒知我難爲别
直過秋歸未訝遲","送敏中歸豳寧幕六十衰翁兒女悲
傍人應笑爾應知
弟兄垂老相逢日
杯酒臨歡欲散時
前路加餐須努力
今宵盡醉莫推辭
司徒知我難爲别
直過秋歸未訝遲",70
1801,poem,1801,卷二十五,,,律詩,宴散,,,1801,revised_jsonl_direct,1802,831,revised_jsonl,笺；归田录；后山诗话,,0,False,,0,False,1,8,"小宴追凉散
平橋步月迴
笙歌歸院落
燈火下樓臺
殘暑蟬催盡
新秋雁帶來
將何迎睡興
臨卧舉殘杯","宴散小宴追凉散
平橋步月迴
笙歌歸院落
燈火下樓臺
殘暑蟬催盡
新秋雁帶來
將何迎睡興
臨卧舉殘杯",49
1802,poem,1802,卷二十五,,,律詩,人定,,,1802,revised_jsonl_direct,1803,831,revised_jsonl,笺；日知录；左氏传；后汉书；耿弇传；来歙传；宋书,左氏传；后汉书；宋书,3,True,,0,False,1,8,"人定月朧明
香銷枕簟清
翠屏遮燭影
紅袖下簾聲
坐久吟方罷
眠初夢未成
誰家教鸚鵡
故故語相驚","人定人定月朧明
香銷枕簟清
翠屏遮燭影
紅袖下簾聲
坐久吟方罷
眠初夢未成
誰家教鸚鵡
故故語相驚",49
1803,poem,1803,卷二十五,,,律詩,池上,,,1803,revised_jsonl_direct,1804,831,revised_jsonl,笺,,0,False,,0,False,1,8,"嫋嫋凉風動
淒淒寒露零
蘭衰花始白
荷破葉猶青
獨立棲沙鶴
雙飛照水螢
若爲寥落境
仍值酒初醒","池上嫋嫋凉風動
淒淒寒露零
蘭衰花始白
荷破葉猶青
獨立棲沙鶴
雙飛照水螢
若爲寥落境
仍值酒初醒",49
1804,poem,1804,卷二十五,,,律詩,池窗,,,1804,revised_jsonl_direct,1805,831,revised_jsonl,笺,,0,False,,0,False,1,4,"池晚蓮芳謝
窗秋竹意深
更無人作伴
唯對一張琴","池窗池晚蓮芳謝
窗秋竹意深
更無人作伴
唯對一張琴",25
1805,poem,1805,卷二十五,,,律詩,花酒,,,1805,revised_jsonl_direct,1806,831,revised_jsonl,笺,,0,False,,0,False,1,4,"香醅淺酌浮如蟻
雲鬢新梳薄似蟬
爲報洛城花酒道
莫辭送老二三年","花酒香醅淺酌浮如蟻
雲鬢新梳薄似蟬
爲報洛城花酒道
莫辭送老二三年",33
1806,poem,1806,卷二十五,,,律詩,題崔常侍濟源莊,,,1806,revised_jsonl_direct,1807,831,revised_jsonl,笺；常乐里闲居偶题十六韵兼寄刘十五公舆王十一起吕二炅吕四颖崔十八玄亮元九稹刘三十二敦质张十五仲方时为校书郎；旧唐书；唐故虢州刺史赠礼部尚书崔公墓志铭；白氏文集；汉书；寓意诗五首；伤友；灵台赋；史馆候别蒋拾遗不遇,汉书,1,True,,0,False,1,8,"谷口誰家住
雲扃鎖竹泉
主人何處去
蘿薜換貂蟬
籍在金閨内
班排玉扆前
誠知憶山水
歸得是何年","題崔常侍濟源莊谷口誰家住
雲扃鎖竹泉
主人何處去
蘿薜換貂蟬
籍在金閨内
班排玉扆前
誠知憶山水
歸得是何年",54
1807,poem,1807,卷二十五,,,律詩,認春戲呈馮少尹李郎中陳主簿,,,1807,revised_jsonl_direct,1808,831,revised_jsonl,笺；六年寒食洛下宴游赠冯李二少尹；溪中早春,,0,False,,0,False,1,8,"認得春風先到處
西園南面水東頭
柳初變後條猶重
花未開前枝已稠
暗助醉歡尋綠酒
潛添睡興著紅樓
知君未别陽和意
直待春深始擬遊","認春戲呈馮少尹李郎中陳主簿認得春風先到處
西園南面水東頭
柳初變後條猶重
花未開前枝已稠
暗助醉歡尋綠酒
潛添睡興著紅樓
知君未别陽和意
直待春深始擬遊",76
1808,poem,1808,卷二十五,,,律詩,魏堤有懷,,,1808,revised_jsonl_direct,1809,831,revised_jsonl,笺；新唐书；剧谈录；永乐大典；河南志；唐两京城坊考；十年三月三日别微之于沣上十四年三月十一日夜遇微之于峡中停舟夷陵三宿而别言不尽者以诗终之因赋七言十七韵以赠且欲记所遇之地与相见之时为他年会话张本也；初入峡有感,,0,False,,0,False,1,8,"魏王堤下水
聲似使君灘
惆悵迴頭聽
踟躕立馬看
蕩風波眼急
翻雪浪心寒
憶得瞿唐事
重吟行路難","魏堤有懷魏王堤下水
聲似使君灘
惆悵迴頭聽
踟躕立馬看
蕩風波眼急
翻雪浪心寒
憶得瞿唐事
重吟行路難",51
1809,poem,1809,卷二十五,,,律詩,柘枝詞,,,1809,revised_jsonl_direct,1810,831,revised_jsonl,笺；房家夜宴喜雪戏赠主人；柘枝妓,,0,False,,0,False,1,8,"柳暗長廊合
花深小院開
蒼頭鋪錦褥
皓腕捧銀杯
繡帽珠稠綴
香衫袖窄裁
將軍拄毬杖
看按柘枝來","柘枝詞柳暗長廊合
花深小院開
蒼頭鋪錦褥
皓腕捧銀杯
繡帽珠稠綴
香衫袖窄裁
將軍拄毬杖
看按柘枝來",50
1810,poem,1810,卷二十五,,,律詩,代夢得吟,,,1810,revised_jsonl_direct,1811,831,revised_jsonl,笺；病中答招饮者；和仆射牛相公寓言二首；景德传灯录,,0,False,,0,False,1,8,"後來變化三分貴
同輩凋零太半無
世上爭先從盡上聲汝
人間鬪在不如吾
竿頭已到應難久
局勢雖遲未必輸
不見山苗與林葉
迎春先綠亦先枯","代夢得吟後來變化三分貴
同輩凋零太半無
世上爭先從盡上聲汝
人間鬪在不如吾
竿頭已到應難久
局勢雖遲未必輸
不見山苗與林葉
迎春先綠亦先枯",69
1811,poem,1811,卷二十五,,,律詩,寄答周協律,,,1811,revised_jsonl_direct,1812,831,revised_jsonl,笺；闲夜咏怀因招周协律刘薛二秀才,,0,False,,0,False,1,8,"故人叙舊寄新篇
惆悵江南到眼前
暗想樓臺萬餘里
不聞歌吹一周年
橋頭誰更看新月
池畔猶應泊舊船
最憶後亭杯酒散
紅屏風掩綠窗眠","寄答周協律故人叙舊寄新篇
惆悵江南到眼前
暗想樓臺萬餘里
不聞歌吹一周年
橋頭誰更看新月
池畔猶應泊舊船
最憶後亭杯酒散
紅屏風掩綠窗眠",68
1812,poem,1812,卷二十六,,,律詩,大和戊申歲大有年詔賜百寮出城觀稼謹書盛事以俟采詩,,,1812,revised_jsonl_direct,1813,828,revised_jsonl,谱；笺；春秋；左传；礼记；运命论,春秋；左传；礼记,3,True,,0,False,1,12,"清晨承詔命
豐歲閲田閭
膏雨抽苗足
凉風吐穗出
早禾黄錯落
晚稻綠扶疏
好入詩家詠
宜令史館書
散爲萬姓食
堆作九年儲
莫道如雲稼
今秋雲不如","大和戊申歲大有年詔賜百寮出城觀稼謹書盛事以俟采詩清晨承詔命
豐歲閲田閭
膏雨抽苗足
凉風吐穗出
早禾黄錯落
晚稻綠扶疏
好入詩家詠
宜令史館書
散爲萬姓食
堆作九年儲
莫道如雲稼
今秋雲不如",95
1813,poem,1813,卷二十六,,,律詩,贈悼懷太子挽歌辭二首其一,,,1813,revised_jsonl_direct,1814,828,revised_jsonl,谱；笺；旧唐书；观儿戏；汉书；懿德太子哀册文；左传；宋书；昭明太子哀策文；檄周文,汉书；左传；宋书,3,True,,0,False,1,8,"竹馬書薨歲
銅龍表葬時
永言窀穸事
全用少陽儀
壽夭由天命
哀榮出聖慈
恭聞褒贈詔
軫念在與夷","贈悼懷太子挽歌辭二首其一竹馬書薨歲
銅龍表葬時
永言窀穸事
全用少陽儀
壽夭由天命
哀榮出聖慈
恭聞褒贈詔
軫念在與夷",59
1814,poem,1814,卷二十六,,,律詩,贈悼懷太子挽歌辭二首其二,,,1814,revised_jsonl_direct,1815,,revised_jsonl,答桐花；皇太子宴玄圃宣猷堂有令赋诗一首；文选；洛阳记；立太子诏；早春同刘郎中寄宣武令狐相公；后汉书；汉官仪,洛阳记；后汉书；汉官仪,3,True,,0,False,1,8,"剪葉藩封早
承華册命尊
笙歌辭洛苑
風雪蔽梁園
鹵簿凌霜宿
銘旌向月翻
宮寮不逮事
哭送出都門","贈悼懷太子挽歌辭二首其二剪葉藩封早
承華册命尊
笙歌辭洛苑
風雪蔽梁園
鹵簿凌霜宿
銘旌向月翻
宮寮不逮事
哭送出都門",59
1815,poem,1815,卷二十六,,,律詩,雨中招張司業宿,,,1815,revised_jsonl_direct,1816,828,revised_jsonl,谱；笺；读张籍古乐府；赠主客刘郎中；和送刘道士游天台,,0,False,,0,False,1,8,"過夏衣香潤
迎秋簟色鮮
斜支花石枕
卧詠蘂珠篇
泥濘非遊日
陰沉好睡天
能來同宿否
聽雨對床眠","雨中招張司業宿過夏衣香潤
迎秋簟色鮮
斜支花石枕
卧詠蘂珠篇
泥濘非遊日
陰沉好睡天
能來同宿否
聽雨對床眠",54
1816,poem,1816,卷二十六,,,律詩,和集賢劉學士早朝作,,,1816,revised_jsonl_direct,1817,828,revised_jsonl,笺；酬集贤刘郎中对月见寄兼怀元浙东；新唐书；古今注；玉海；宣政殿退朝晚出左掖；送安南惟鉴法师；曲江感秋二首,古今注,1,True,,0,False,1,8,"吟君昨日早朝詩
金御爐前喚仗時
煙吐白龍頭宛轉
扇開青雉尾參差
暫留春殿多稱屈
合入綸闈即可知
從此摩霄去非晚
鬢間未有一莖絲","和集賢劉學士早朝作吟君昨日早朝詩
金御爐前喚仗時
煙吐白龍頭宛轉
扇開青雉尾參差
暫留春殿多稱屈
合入綸闈即可知
從此摩霄去非晚
鬢間未有一莖絲",72
1817,poem,1817,卷二十六,,,律詩,送陝州王司馬建赴任,,,1817,revised_jsonl_direct,1818,828,revised_jsonl,笺；新唐书；王建集；唐才子传；唐才子传校笺；赠别王侍御赴任陕州司马；送王司马之陕州；旧唐书；送陕府王大夫,,0,False,,0,False,1,8,"陝州司馬去何如
養靜資貧兩有餘
公事閑忙同少尹
料錢多少敵尚書
秖攜美酒爲行伴
唯作新詩趁下車
自有鐵牛無詠者
料君投刃必應虛","送陝州王司馬建赴任陝州司馬去何如
養靜資貧兩有餘
公事閑忙同少尹
料錢多少敵尚書
秖攜美酒爲行伴
唯作新詩趁下車
自有鐵牛無詠者
料君投刃必應虛",72
1818,poem,1818,卷二十六,,,律詩,對琴待月,,,1818,revised_jsonl_direct,1819,828,revised_jsonl,笺,,0,False,,0,False,1,8,"竹院新晴夜
松窗未卧時
共琴爲老伴
與月有秋期
玉軫臨風久
金波出霧遲
幽音待清景
唯是我心知","對琴待月竹院新晴夜
松窗未卧時
共琴爲老伴
與月有秋期
玉軫臨風久
金波出霧遲
幽音待清景
唯是我心知",51
1819,poem,1819,卷二十六,,,律詩,楊家南亭,,,1819,revised_jsonl_direct,1820,828,revised_jsonl,笺；宿杨家；续谈助；牛羊日历；南部新书；乐府诗集；蔡氏五弄；琴集；游春；渌水；幽居；坐愁；秋思,,0,False,,0,False,1,4,"小亭門向月斜開
滿地凉風滿地苔
此院好彈秋思處
終須一夜抱琴來","楊家南亭小亭門向月斜開
滿地凉風滿地苔
此院好彈秋思處
終須一夜抱琴來",35
1820,poem,1820,卷二十六,,,律詩,早寒,,,1820,revised_jsonl_direct,1821,828,revised_jsonl,笺,,0,False,,0,False,1,8,"黄葉聚牆角
青苔圍柱根
被經霜後薄
鏡遇雨來昏
半卷寒簷幕
斜開煖閣門
迎冬兼送老
只仰酒盈樽","早寒黄葉聚牆角
青苔圍柱根
被經霜後薄
鏡遇雨來昏
半卷寒簷幕
斜開煖閣門
迎冬兼送老
只仰酒盈樽",49
1821,poem,1821,卷二十六,,,律詩,齋月靜居,,,1821,revised_jsonl_direct,1822,828,revised_jsonl,笺；感春；中阿含经；维摩经；不睡,,0,False,,0,False,1,8,"病來心靜一無思
老去身閑百不爲
忽忽眼塵猶愛睡
些些口業尚誇詩
葷腥每斷齋居月
香火常親宴坐時
萬慮消停百神泰
唯應寂寞殺三尸","齋月靜居病來心靜一無思
老去身閑百不爲
忽忽眼塵猶愛睡
些些口業尚誇詩
葷腥每斷齋居月
香火常親宴坐時
萬慮消停百神泰
唯應寂寞殺三尸",67
1822,poem,1822,卷二十六,,,律詩,宿裴相公興化池亭,,,1822,revised_jsonl_direct,1823,828,revised_jsonl,谱；笺；酬裴相公题兴化小池见招长句；明一统志；汉书；书；周礼；奉和许阁老酬淮南崔十七端公见寄,汉书；书；周礼,3,True,,0,False,1,8,"林亭一出宿風塵
忘却平津是要津
松閣晴看山色近
石渠秋放水聲新
孫弘閣鬧無閑客
傅説舟忙不借人
何似掄才濟川外
别開池館待交親","宿裴相公興化池亭林亭一出宿風塵
忘却平津是要津
松閣晴看山色近
石渠秋放水聲新
孫弘閣鬧無閑客
傅説舟忙不借人
何似掄才濟川外
别開池館待交親",71
1823,poem,1823,卷二十六,,,律詩,和劉郎中望終南山秋雪,,,1823,revised_jsonl_direct,1824,828,revised_jsonl,笺；终南积雪；能改斋漫录；左氏传；类要；送鹤诗,左氏传,1,True,,0,False,1,8,"遍覽古今集
都無秋雪詩
陽春先唱後
陰嶺未消時
草訝霜凝重
松疑鶴散遲
清光莫獨占
亦對白雲司","和劉郎中望終南山秋雪遍覽古今集
都無秋雪詩
陽春先唱後
陰嶺未消時
草訝霜凝重
松疑鶴散遲
清光莫獨占
亦對白雲司",57
1824,poem,1824,卷二十六,,,律詩,廣府胡尚書頻寄詩因答絶句,,,1824,revised_jsonl_direct,1825,828,revised_jsonl,笺；旧唐书；送客春游岭南二十韵,,0,False,,0,False,1,4,"尚書清白臨南海
雖飲貪泉心不回
唯向詩中得珠玉
時時寄到帝鄉來","廣府胡尚書頻寄詩因答絶句尚書清白臨南海
雖飲貪泉心不回
唯向詩中得珠玉
時時寄到帝鄉來",43
1825,poem,1825,卷二十六,,,律詩,送鶴與裴相臨别贈詩,,,1825,revised_jsonl_direct,1826,828,revised_jsonl,笺；和张十八秘书谢裴相公寄马,,0,False,,0,False,1,8,"司空愛爾爾須知
不信聽吟送鶴詩
羽翮勢高寧惜别
稻粱恩厚莫愁飢
夜棲少共雞爭樹
曉浴先饒鳳占池
穩上青雲勿迴顧
的應勝在白家時","送鶴與裴相臨别贈詩司空愛爾爾須知
不信聽吟送鶴詩
羽翮勢高寧惜别
稻粱恩厚莫愁飢
夜棲少共雞爭樹
曉浴先饒鳳占池
穩上青雲勿迴顧
的應勝在白家時",72
1826,poem,1826,卷二十六,,,律詩,令狐相公拜尚書後有喜從鎮歸朝之作劉郎中先和因以繼之,,,1826,revised_jsonl_direct,1827,828,revised_jsonl,笺；奉和汴州令狐相公二十二韵；旧唐书；和令狐楚相公初归京国赋诗言怀；喜钱左丞再除华州以诗伸贺；汉书；宿蓝桥对月；周礼；赠司马幼之南聘,汉书；周礼,2,True,,0,False,1,8,"車騎從新梁苑迴
履聲珮響入中臺
鳳池望在終重去
龍節功成且納來
金勒最宜乘雪出
玉觴何必待花開
尚書首唱郎中和
不計官資只計才","令狐相公拜尚書後有喜從鎮歸朝之作劉郎中先和因以繼之車騎從新梁苑迴
履聲珮響入中臺
鳳池望在終重去
龍節功成且納來
金勒最宜乘雪出
玉觴何必待花開
尚書首唱郎中和
不計官資只計才",88
1827,poem,1827,卷二十六,,,律詩,送河南尹馮學士赴任,,,1827,revised_jsonl_direct,1828,828,revised_jsonl,笺；冯阁老处见与严郎中酬和诗因戏赠绝句；旧唐书；宿裴相公兴化池亭；和友人洛中春感；三年为刺史二首；河南通志；别杨山人,,0,False,,0,False,1,9,"石渠金谷中間路
軒騎翩翩十日程
清洛飲冰添苦節
碧嵩看雪助高情
謾誇河北操旄鉞
莫羨江西擁斾旌
時新除二鎮節度
何似府寮京令外
别教三十六峰迎","送河南尹馮學士赴任石渠金谷中間路
軒騎翩翩十日程
清洛飲冰添苦節
碧嵩看雪助高情
謾誇河北操旄鉞
莫羨江西擁斾旌
時新除二鎮節度
何似府寮京令外
别教三十六峰迎",80
1828,poem,1828,卷二十六,,,律詩,讀鄂公傳,,,1828,revised_jsonl_direct,1829,828,revised_jsonl,笺；旧唐书,,0,False,,0,False,1,4,"高卧深居不見人
功名斗藪似灰塵
唯留一部清商樂
月下風前伴老身","讀鄂公傳高卧深居不見人
功名斗藪似灰塵
唯留一部清商樂
月下風前伴老身",35
1829,poem,1829,卷二十六,,,律詩,賦得烏夜啼,,,1829,revised_jsonl_direct,1830,828,revised_jsonl,笺；旧唐书；乌夜啼,,0,False,,0,False,1,8,"城上歸時晚
庭前宿處危
月明無葉樹
霜滑有風枝
啼澀飢喉咽
飛低凍翅垂
畫堂鸚鵡鳥
冷暖不相知","賦得烏夜啼城上歸時晚
庭前宿處危
月明無葉樹
霜滑有風枝
啼澀飢喉咽
飛低凍翅垂
畫堂鸚鵡鳥
冷暖不相知",52
1830,poem,1830,卷二十六,,,律詩,鏡換杯,,,1830,revised_jsonl_direct,1831,828,revised_jsonl,笺；诗；养生论；短歌行；文选；博物志,诗；博物志,2,True,,0,False,1,8,"欲將珠匣青銅鏡
換取金樽白玉巵
鏡裏老來無避處
樽前愁至有消時
茶能散悶爲功淺
萱縱忘憂得力遲
不似杜康神用速
十分一盞便開眉","鏡換杯欲將珠匣青銅鏡
換取金樽白玉巵
鏡裏老來無避處
樽前愁至有消時
茶能散悶爲功淺
萱縱忘憂得力遲
不似杜康神用速
十分一盞便開眉",66
1831,poem,1831,卷二十六,,,律詩,冬夜聞蟲,,,1831,revised_jsonl_direct,1832,828,revised_jsonl,笺,,0,False,,0,False,1,4,"蟲聲冬思苦於秋
不解愁人聞亦愁
我是老翁聽不畏
少年莫聽白君頭","冬夜聞蟲蟲聲冬思苦於秋
不解愁人聞亦愁
我是老翁聽不畏
少年莫聽白君頭",35
1832,poem,1832,卷二十六,,,律詩,雙鸚鵡,,,1832,revised_jsonl_direct,1833,828,revised_jsonl,笺；和祝苍华；秦吉了；世说新语；吴七郎中山人待制班中偶赠绝句,,0,False,,0,False,1,11,"綠衣整頓雙棲起
紅觜分明對語時
始覺琵琶絃莽鹵
方知吉了舌參差
鄭牛識字吾常歎
諺云
鄭玄家牛
觸牆成八字
丁鶴能歌爾亦知
若稱白家鸚鵡鳥
籠中兼合解吟詩","雙鸚鵡綠衣整頓雙棲起
紅觜分明對語時
始覺琵琶絃莽鹵
方知吉了舌參差
鄭牛識字吾常歎
諺云
鄭玄家牛
觸牆成八字
丁鶴能歌爾亦知
若稱白家鸚鵡鳥
籠中兼合解吟詩",80
1833,poem,1833,卷二十六,,,律詩,贈朱道士,,,1833,revised_jsonl_direct,1834,828,revised_jsonl,笺；庄子；云笈七签；道教三洞宗元；大唐升玄刘先生碑铭；不睡；太上飞行九神玉经；步天纲,庄子,1,True,,0,False,1,8,"儀容白晳上仙郎
方寸清虛内道場
兩翼化生因服藥
三尸餓死爲休粮
醮壇北向宵占斗
寢室東開早納陽
盡日窗間更無事
唯燒一炷降真香","贈朱道士儀容白晳上仙郎
方寸清虛内道場
兩翼化生因服藥
三尸餓死爲休粮
醮壇北向宵占斗
寢室東開早納陽
盡日窗間更無事
唯燒一炷降真香",67
1834,poem,1834,卷二十六,,,律詩,昨以拙詩十首寄西川杜相公相公亦以新作十首惠然報示首數雖等工拙不倫重以一章用伸答謝,,,1834,revised_jsonl_direct,1835,828,revised_jsonl,笺；东南行一百韵寄通州元九侍御澧州李十一舍人果州崔二十二使君开州韦大员外庾三十二补阙杜十四拾遗李二十助教员外窦七校书；旧唐书；文宗纪；读张籍古乐府；庄子；初学记；尚书考灵曜,庄子,1,True,,0,False,1,8,"詩家律手在成都
權與尋常將相殊
剪截五言兼用鉞
陶鈞六義别開爐
驚人卷軸須知有
隨事文章不道無
篇數雖同光價異
十魚目換十驪珠","昨以拙詩十首寄西川杜相公相公亦以新作十首惠然報示首數雖等工拙不倫重以一章用伸答謝詩家律手在成都
權與尋常將相殊
剪截五言兼用鉞
陶鈞六義别開爐
驚人卷軸須知有
隨事文章不道無
篇數雖同光價異
十魚目換十驪珠",103
1835,poem,1835,卷二十六,,,律詩,和令狐相公新於郡内栽竹百竿坼壁開軒旦夕對玩偶題七言五韻,,,1835,revised_jsonl_direct,1836,828,revised_jsonl,笺；奉和汴州令狐相公二十二韵；早春同刘郎中寄宣武令狐相公；水经注；太平寰宇记；西京记,西京记,1,True,,0,False,1,11,"梁園修竹舊傳名
久廢年深竹不生
千畝荒凉尋未得
百竿青翠種新成
牆開乍見重添興
窗靜時聞别有情
煙葉蒙籠侵夜色
風枝蕭颯欲秋聲
更登樓望尤堪重
千萬人家無一莖
汴州人家並無竹","和令狐相公新於郡内栽竹百竿坼壁開軒旦夕對玩偶題七言五韻梁園修竹舊傳名
久廢年深竹不生
千畝荒凉尋未得
百竿青翠種新成
牆開乍見重添興
窗靜時聞别有情
煙葉蒙籠侵夜色
風枝蕭颯欲秋聲
更登樓望尤堪重
千萬人家無一莖
汴州人家並無竹",114
1836,poem,1836,卷二十六,,,律詩,重答汝州李六使君見和憶吳中舊遊五首,,,1836,revised_jsonl_direct,1837,828,revised_jsonl,笺；金石录补；唐李谅跋胡证诗；华阳观桃花时招李六拾遗饮；寄李苏州兼示杨琼；长洲苑；真娘墓；新昌新居书事四十韵因寄元郎中张博士,,0,False,,0,False,1,11,"爲憶娃宮與虎丘
玩君新作不能休
蜀牋寫出篇篇好
吳調吟時句句愁
洛下林園終共住
江南風月會重遊
先與李六有此二句之約
由來事過多堪惜
何况蘇州勝汝州
李前刺蘇
故有是句","重答汝州李六使君見和憶吳中舊遊五首爲憶娃宮與虎丘
玩君新作不能休
蜀牋寫出篇篇好
吳調吟時句句愁
洛下林園終共住
江南風月會重遊
先與李六有此二句之約
由來事過多堪惜
何况蘇州勝汝州
李前刺蘇
故有是句",101
1837,poem,1837,卷二十六,,,律詩,見殷堯藩侍御憶江南詩三十首詩中多叙蘇杭勝事余嘗典二郡因繼和之,,,1837,revised_jsonl_direct,1838,828,revised_jsonl,笺；赠别杨颖士卢克柔殷尧藩；史记；答元八宗简同游曲江后明日见赠,史记,1,True,,0,False,1,8,"江南名郡數蘇杭
寫在殷家三十章
君是旅人猶苦憶
我爲刺史更難忘
境牽吟詠真詩國
興入笙歌好醉鄉
爲念舊遊終一去
扁舟直擬到滄浪","見殷堯藩侍御憶江南詩三十首詩中多叙蘇杭勝事余嘗典二郡因繼和之江南名郡數蘇杭
寫在殷家三十章
君是旅人猶苦憶
我爲刺史更難忘
境牽吟詠真詩國
興入笙歌好醉鄉
爲念舊遊終一去
扁舟直擬到滄浪",93
1838,poem,1838,卷二十六,,,律詩,聞新蟬贈劉二十八,,,1838,revised_jsonl_direct,1839,828,revised_jsonl,笺；旧纪；闻新蝉；醉赠刘二十八使君；和刘郎中伤鄂姬；答白刑部新蝉,,0,False,,0,False,1,8,"蟬發一聲時
梅花帶兩枝
只應催我老
兼遣報君知
白髮生頭速
青雲入手遲
無過一杯酒
相勸數開眉","聞新蟬贈劉二十八蟬發一聲時
梅花帶兩枝
只應催我老
兼遣報君知
白髮生頭速
青雲入手遲
無過一杯酒
相勸數開眉",55
1839,poem,1839,卷二十六,,,律詩,贈王山人,,,1839,revised_jsonl_direct,1840,828,revised_jsonl,笺；本草纲目；朴消附方；传信方；太平广记；王旻；纪闻；旧唐书；唐会要；定命录；代寿山答孟少府移文书；江上行；春雨,,0,False,,0,False,1,8,"玉芝觀裏王居士
服氣餐霞善養身
夜後不聞龜喘息
秋來唯長鶴精神
容顔盡怪長如故
名姓多疑不是真
貴重榮華輕壽命
知君悶見世間人","贈王山人玉芝觀裏王居士
服氣餐霞善養身
夜後不聞龜喘息
秋來唯長鶴精神
容顔盡怪長如故
名姓多疑不是真
貴重榮華輕壽命
知君悶見世間人",67
1840,poem,1840,卷二十六,,,律詩,和劉郎中學士題集賢閣,,,1840,revised_jsonl_direct,1841,828,revised_jsonl,笺；和刘郎中伤鄂姬；唐会要；职官分纪；集贤注记；汉书；两都赋；文选；三辅故事；唐两京城坊考,汉书,1,True,,0,False,1,8,"朱閣青山高庳齊
與君才子作詩題
傍聞大内笙歌近
下視諸司屋舍低
萬卷圖書天祿上
一條風景月華西
欲知丞相優賢意
百步新廊不蹋泥","和劉郎中學士題集賢閣朱閣青山高庳齊
與君才子作詩題
傍聞大内笙歌近
下視諸司屋舍低
萬卷圖書天祿上
一條風景月華西
欲知丞相優賢意
百步新廊不蹋泥",73
1841,poem,1841,卷二十六,,,律詩,觀幻,,,1841,revised_jsonl_direct,1842,828,revised_jsonl,笺；圆觉经；易；楞严经；相和歌辞；维摩经,易,1,True,,0,False,1,8,"有起皆因滅
無睽不暫同
從歡終作慼
轉苦又成空
次第花生眼
須臾燭過風
更無尋覓處
鳥迹印空中","觀幻有起皆因滅
無睽不暫同
從歡終作慼
轉苦又成空
次第花生眼
須臾燭過風
更無尋覓處
鳥迹印空中",49
1842,poem,1842,卷二十六,,,律詩,病假中龐少尹攜魚酒相過,,,1842,revised_jsonl_direct,1843,828,revised_jsonl,笺；旧唐书；新唐书；新传；旧传；贺庞少尹除太常少卿；感秋寄远；待漏入阁书事奉赠元九学士阁老,,0,False,,0,False,1,8,"宦情牢落年將暮
病假聯緜日漸深
被老相催雖白首
與春無分未甘心
閑停茶椀從容語
醉把花枝取次吟
勞動故人龐閣老
提魚攜酒遠相尋","病假中龐少尹攜魚酒相過宦情牢落年將暮
病假聯緜日漸深
被老相催雖白首
與春無分未甘心
閑停茶椀從容語
醉把花枝取次吟
勞動故人龐閣老
提魚攜酒遠相尋",74
1843,poem,1843,卷二十六,,,律詩,聽田順兒歌,,,1843,revised_jsonl_direct,1844,828,revised_jsonl,笺；乐府杂录；与歌童田顺郎；天中记；林花丛集；教坊记笺订；唐音癸签；华原磬；列子,列子,1,True,,0,False,1,4,"戛玉敲冰聲未停
嫌雲不遏入青冥
爭得黄金滿衫袖
一時抛與斷年聽","聽田順兒歌戛玉敲冰聲未停
嫌雲不遏入青冥
爭得黄金滿衫袖
一時抛與斷年聽",36
1844,poem,1844,卷二十六,,,律詩,聽曹剛琵琶兼示重蓮,,,1844,revised_jsonl_direct,1845,828,revised_jsonl,笺；乐府杂录；曹刚；听曹刚弹琵琶；唐代长安与西域文明,,0,False,,0,False,1,4,"撥撥絃絃意不同
胡啼番語兩玲瓏
誰能截得曹剛手
插向重蓮衣袖中","聽曹剛琵琶兼示重蓮撥撥絃絃意不同
胡啼番語兩玲瓏
誰能截得曹剛手
插向重蓮衣袖中",40
1845,poem,1845,卷二十六,,,律詩,酬令狐相公春日尋花見寄六韻,,,1845,revised_jsonl_direct,1846,829,revised_jsonl,笺；令狐相公拜尚书后有喜从镇归朝之作刘郎中先和因以继之,,0,False,,0,False,1,12,"病卧帝王州
花時不得遊
老應隨日至
春肯爲人留
粉壞杏將謝
火繁桃尚稠
白飄僧院地
紅落酒家樓
空裏雪相似
晚來風不休
吟君悵望句
如到曲江頭","酬令狐相公春日尋花見寄六韻病卧帝王州
花時不得遊
老應隨日至
春肯爲人留
粉壞杏將謝
火繁桃尚稠
白飄僧院地
紅落酒家樓
空裏雪相似
晚來風不休
吟君悵望句
如到曲江頭",84
1846,poem,1846,卷二十六,,,律詩,和劉郎中曲江春望見示,,,1846,revised_jsonl_direct,1847,829,revised_jsonl,笺；和刘郎中伤鄂姬,,0,False,,0,False,1,8,"芳景多遊客
衰翁獨在家
肺傷妨飲酒
眼痛忌看花
寺路隨江曲
宮牆夾樹斜
羨君猶壯健
不枉度年華","和劉郎中曲江春望見示芳景多遊客
衰翁獨在家
肺傷妨飲酒
眼痛忌看花
寺路隨江曲
宮牆夾樹斜
羨君猶壯健
不枉度年華",57
1847,poem,1847,卷二十六,,,律詩,送東都留守令狐尚書赴任,,,1847,revised_jsonl_direct,1848,829,revised_jsonl,笺；旧唐书；骊宫高；八骏图；赠苏少府；和友人洛中春感；上阳白发人,,0,False,,0,False,1,8,"翠華黄屋未東巡
碧洛青嵩付大臣
地稱高情多水竹
山宜閑望少風塵
龍門即擬爲遊客
金谷先憑作主人
歌酒家家花處處
莫空管領上陽春","送東都留守令狐尚書赴任翠華黄屋未東巡
碧洛青嵩付大臣
地稱高情多水竹
山宜閑望少風塵
龍門即擬爲遊客
金谷先憑作主人
歌酒家家花處處
莫空管領上陽春",74
1848,poem,1848,卷二十六,,,律詩,自題新昌居止因招楊郎中小飲,,,1848,revised_jsonl_direct,1849,829,revised_jsonl,笺；和答诗十首；新昌闲居招杨郎中兄弟,,0,False,,0,False,1,8,"地偏坊遠巷仍斜
最近東頭是白家
宿雨長齊鄰舍柳
晴光照出夾城花
春風小榼三升酒
寒食深爐一椀茶
能到南園同醉否
笙歌隨分有些些","自題新昌居止因招楊郎中小飲地偏坊遠巷仍斜
最近東頭是白家
宿雨長齊鄰舍柳
晴光照出夾城花
春風小榼三升酒
寒食深爐一椀茶
能到南園同醉否
笙歌隨分有些些",76
1849,poem,1849,卷二十六,,,律詩,南園試小樂,,,1849,revised_jsonl_direct,1850,829,revised_jsonl,笺；江楼宴别；盐商妇；乐府诗集；碧玉歌；乐苑；新唐书；太平御览；乐府杂录；寄珉笛与宇文舍人；渭城；阳关；送人使安西,,0,False,,0,False,1,8,"小園斑駁花初發
新樂錚摐教欲成
紅萼紫房皆手植
蒼頭碧玉盡家生
高調管色吹銀字
慢拽歌詞唱渭城
不飲一杯聽一曲
將何安慰老心情","南園試小樂小園斑駁花初發
新樂錚摐教欲成
紅萼紫房皆手植
蒼頭碧玉盡家生
高調管色吹銀字
慢拽歌詞唱渭城
不飲一杯聽一曲
將何安慰老心情",68
1850,poem,1850,卷二十六,,,律詩,和微之春日投簡陽明洞天五十韻,,,1850,revised_jsonl_direct,1851,829,revised_jsonl,笺；唐会要；太平广记；叶法善；集异记；仙传拾遗；旧唐书；嘉泰会稽志；旧经；十道志；宝刻丛编；复斋碑录；尔雅；史记正义论例；太平寰宇记；临海记；会稽地记；思玄赋；文选；东南行一百韵寄通州元九侍御澧州李十一舍人果州崔二十二使君开州韦大员外庾三十二补阙杜十四拾遗李二十助教员外窦七校书；类篇；太平御览；岭表录异；西征赋；说文；春分投简阳明洞天作；吴七郎中山人待制班中偶赠绝句；渭村退居寄礼部崔侍郎翰林钱舍人诗一百韵；即事寄微之；相和歌辞；送人贬信州判官；山海经；山都；南广记；述异记；和新楼北园偶集从孙公度周巡官韩秀才卢秀才范处士小饮郑侍御判官周刘二从事皆先归；酬微之夸镜湖；博物志；吴越春秋；黄帝中经；酬吴七见寄；感遇诗；对雪醉后赠王历阳；拟古十二首；与峨眉山道士期尽日不至；周处碑；题旧写真图；周礼；以诗代书别后寄赠；令狐相公拜尚书后有喜从镇归朝之作刘郎中先和因以继之；后汉书；楞严经；俱舍论；法苑珠林；佛本行集经；庞居士语录；天中记；金华志；八咏诗；世说新语；二京；文心雕龙；闻李尚书拜相因以长句寄贺微之；韩非子；史记；汉书；通雅；焦氏易林；名都篇；江南谪居十韵；登乐游园望；昔与微之在朝日同蓄休退之心迨今十年沦落老大追寻前约且结后期,尔雅；说文；山海经；博物志；吴越春秋；周礼；后汉书；史记；汉书,9,True,,0,False,1,101,"青陽行已半
白日坐將徂
越國强仍大
稽城高且孤
利饒鹽煑海
名勝水澄湖
牛斗天垂象
台明地展圖
天台﹑四明二山
瓌奇填市井
佳麗溢闉闍
勾踐遺風霸
西施舊俗殊
船頭龍夭矯
橋脚獸睢盱
鄉味珍彭越
時鮮貴鷓鴣
語言諸夏異
衣服一方殊
搗練蛾眉婢
鳴桹娃角奴
江清敵伊洛
山翠勝荆巫
華表雙棲鶴
聯檣幾點烏
煙波分渡口
雲樹接城隅
澗遠松如畫
洲平水似鋪
綠科秧早稻
紫笋拆新蘆
暖蹋泥中藕
香尋石上蒲
雨來萌盡達
雷後蟄全蘇
柳眼黄絲纇
花房絳蠟珠
林風新竹折
野燒老桑枯
帶嚲長枝蕙
錢穿短貫榆
暄和生野菜
卑濕長街蕪
女浣紗相伴
兒烹鯉一呼
山魈啼稚子
林狖掛山都
産業論蠶蟻
孳生計鴨鶵
泉巖雪飄灑
苔壁錦漫糊
堰限舟航路
堤通車馬途
耶溪岸迴合
禹廟徑盤紆
洞穴何因鑿
星槎誰與刳
石凹仙藥臼
峰峭佛香爐
去爲投金簡
來因挈玉壺
貴仍招客宿
健未要人扶
問望賢丞相
儀形美大夫
前驅駐旌斾
偏坐列笙竽
刺史旟翻隼
尚書履曳鳧
學禪超後有
觀妙造虛無
髻裏傳僧寶
環中得道樞
登樓詩八詠
置硯賦三都
捧擁羅將綺
趨蹌紫與朱
廟謀藏稷卨
兵略貯孫吳
令下三軍整
風高四海趨
千家得慈母
六郡事嚴姑
重士過三哺
輕才抵一銖
送觥歌宛轉
嘲妓笑盧胡
佐飲時炮鼈
蠲酲數鱠鱸
醉鄉雖咫尺
樂事亦須臾
若不中賢聖
何由外智愚
伊予一生志
我爾百年軀
江上三千里
城中十二衢
出多無伴侶
歸只對妻孥
白首青山約
抽身去得無","和微之春日投簡陽明洞天五十韻青陽行已半
白日坐將徂
越國强仍大
稽城高且孤
利饒鹽煑海
名勝水澄湖
牛斗天垂象
台明地展圖
天台﹑四明二山
瓌奇填市井
佳麗溢闉闍
勾踐遺風霸
西施舊俗殊
船頭龍夭矯
橋脚獸睢盱
鄉味珍彭越
時鮮貴鷓鴣
語言諸夏異
衣服一方殊
搗練蛾眉婢
鳴桹娃角奴
江清敵伊洛
山翠勝荆巫
華表雙棲鶴
聯檣幾點烏
煙波分渡口
雲樹接城隅
澗遠松如畫
洲平水似鋪
綠科秧早稻
紫笋拆新蘆
暖蹋泥中藕
香尋石上蒲
雨來萌盡達
雷後蟄全蘇
柳眼黄絲纇
花房絳蠟珠
林風新竹折
野燒老桑枯
帶嚲長枝蕙
錢穿短貫榆
暄和生野菜
卑濕長街蕪
女浣紗相伴
兒烹鯉一呼
山魈啼稚子
林狖掛山都
産業論蠶蟻
孳生計鴨鶵
泉巖雪飄灑
苔壁錦漫糊
堰限舟航路
堤通車馬途
耶溪岸迴合
禹廟徑盤紆
洞穴何因鑿
星槎誰與刳
石凹仙藥臼
峰峭佛香爐
去爲投金簡
來因挈玉壺
貴仍招客宿
健未要人扶
問望賢丞相
儀形美大夫
前驅駐旌斾
偏坐列笙竽
刺史旟翻隼
尚書履曳鳧
學禪超後有
觀妙造虛無
髻裏傳僧寶
環中得道樞
登樓詩八詠
置硯賦三都
捧擁羅將綺
趨蹌紫與朱
廟謀藏稷卨
兵略貯孫吳
令下三軍整
風高四海趨
千家得慈母
六郡事嚴姑
重士過三哺
輕才抵一銖
送觥歌宛轉
嘲妓笑盧胡
佐飲時炮鼈
蠲酲數鱠鱸
醉鄉雖咫尺
樂事亦須臾
若不中賢聖
何由外智愚
伊予一生志
我爾百年軀
江上三千里
城中十二衢
出多無伴侶
歸只對妻孥
白首青山約
抽身去得無",621
1851,poem,1851,卷二十六,,,律詩,酬鄭侍御多雨春空過詩三十韻,,,1851,revised_jsonl_direct,1852,829,revised_jsonl,笺；和酬郑侍御东阳春闷放怀追越游见寄；夏旱；九日寄岑参；太平寰宇记；诗；贺雨；和春深二十首；后汉书；读史五首；自蜀江至洞庭湖口有感而作；尔雅；论衡；说苑；效陶潜体诗十六首；封禅文；书,诗；后汉书；尔雅；论衡；说苑；书,6,True,,0,False,1,61,"南雨來多滯
東風動即狂
月行離畢急
龍走召雲忙
鬼轉雷車響
蛇騰電策光
侵淫天似漏
沮洳地成瘡
慘澹陰煙白
空濛宿霧黄
闇遮千里目
悶結九迴腸
寂寞羇臣館
深沈思婦房
鏡昏鸞滅影
衣潤麝消香
蘭濕難紉珮
花凋易落妝
沾黄鶯翅重
滋綠草心長
紫陌皆泥濘
黄污共淼茫
恐霖成怪沴
望霽劇禎祥
楚柳腰肢嚲
湘筠涕淚滂
晝昏疑是夜
陰盛勝於陽
居士巾皆墊
行人蓋盡張
跳蛙還屢出
移蟻欲深藏
端坐交遊廢
閑行去步妨
愁生垂白叟
惱殺蹋青娘
變海常須慮
爲魚慎勿忘
此時方共懼
何處可相將
此已下述浙東政事
已望東溟禱
仍封北户穰
却思逢旱魃
誰喜見商羊
預怕爲蠶病
先憂作麥霜
惠應施浹洽
政豈假歈揚
祀典修咸秩
農書振滿床
丹誠期懇苦
白日會昭彰
賑廩賙飢户
苫城備壞牆
且當營歲事
寧暇惜年芳
德勝令災弭
人安在吏良
尚書心若此
不枉繫金章","酬鄭侍御多雨春空過詩三十韻南雨來多滯
東風動即狂
月行離畢急
龍走召雲忙
鬼轉雷車響
蛇騰電策光
侵淫天似漏
沮洳地成瘡
慘澹陰煙白
空濛宿霧黄
闇遮千里目
悶結九迴腸
寂寞羇臣館
深沈思婦房
鏡昏鸞滅影
衣潤麝消香
蘭濕難紉珮
花凋易落妝
沾黄鶯翅重
滋綠草心長
紫陌皆泥濘
黄污共淼茫
恐霖成怪沴
望霽劇禎祥
楚柳腰肢嚲
湘筠涕淚滂
晝昏疑是夜
陰盛勝於陽
居士巾皆墊
行人蓋盡張
跳蛙還屢出
移蟻欲深藏
端坐交遊廢
閑行去步妨
愁生垂白叟
惱殺蹋青娘
變海常須慮
爲魚慎勿忘
此時方共懼
何處可相將
此已下述浙東政事
已望東溟禱
仍封北户穰
却思逢旱魃
誰喜見商羊
預怕爲蠶病
先憂作麥霜
惠應施浹洽
政豈假歈揚
祀典修咸秩
農書振滿床
丹誠期懇苦
白日會昭彰
賑廩賙飢户
苫城備壞牆
且當營歲事
寧暇惜年芳
德勝令災弭
人安在吏良
尚書心若此
不枉繫金章",381
1852,poem,1852,卷二十六,,,律詩,和春深二十首其一,,,1852,revised_jsonl_direct,1853,829,revised_jsonl,笺；和微之诗二十三首；同乐天和微之春深二十首；东南行一百韵寄通州元九侍御澧州李十一舍人果州崔二十二使君开州韦大员外庾三十二补阙杜十四拾遗李二十助教员外窦七校书,,0,False,,0,False,1,8,"何處春深好
春深富貴家
馬爲中路鳥
妓作後庭花
羅綺驅論隊
金銀用斷車
眼前何所苦
唯苦日西斜","和春深二十首其一何處春深好
春深富貴家
馬爲中路鳥
妓作後庭花
羅綺驅論隊
金銀用斷車
眼前何所苦
唯苦日西斜",55
1853,poem,1853,卷二十六,,,律詩,和春深二十首其二,,,1853,revised_jsonl_direct,1854,,revised_jsonl,西都赋；文选；梁州记,西都赋；梁州记,2,True,西都赋,1,True,1,8,"何處春深好
春深貧賤家
荒凉三逕草
冷落四鄰花
奴困歸傭力
妻愁出賃車
途窮平路險
舉足劇褒斜","和春深二十首其二何處春深好
春深貧賤家
荒凉三逕草
冷落四鄰花
奴困歸傭力
妻愁出賃車
途窮平路險
舉足劇褒斜",55
1854,poem,1854,卷二十六,,,律詩,和春深二十首其三,,,1854,revised_jsonl_direct,1855,,revised_jsonl,宿蓝桥对月；初学记；魏晋世语；直中书省；寄隐者,,0,False,,0,False,1,8,"何處春深好
春深執政家
鳳池添硯水
雞樹落衣花
詔借當衢宅
恩容上殿車
延英開對久
門與日西斜","和春深二十首其三何處春深好
春深執政家
鳳池添硯水
雞樹落衣花
詔借當衢宅
恩容上殿車
延英開對久
門與日西斜",55
1855,poem,1855,卷二十六,,,律詩,和春深二十首其四,,,1855,revised_jsonl_direct,1856,,revised_jsonl,杂兴三首；初除官蒙裴常侍赠鹘衔瑞草绯袍鱼袋因谢惠贶兼抒离情；太平广记；罗公远；神仙感遇传；仙传拾遗；赵琮；玉泉子；宫词,,0,False,,0,False,1,8,"何處春深好
春深方鎮家
通犀排帶胯
瑞鶻勘袍花
飛絮衝毬馬
垂楊拂妓車
戎裝拜春設
左握寶刀斜","和春深二十首其四何處春深好
春深方鎮家
通犀排帶胯
瑞鶻勘袍花
飛絮衝毬馬
垂楊拂妓車
戎裝拜春設
左握寶刀斜",55
1856,poem,1856,卷二十六,,,律詩,和春深二十首其五,,,1856,revised_jsonl_direct,1857,,revised_jsonl,罢丹阳郡与吏民别诗；水经注；马上作；续古诗十首；和微之春日投简阳明洞天五十韵,,0,False,,0,False,1,8,"何處春深好
春深刺史家
陰繁棠布葉
歧秀麥分花
五疋鳴珂馬
雙輪畫軾車
和風引行樂
葉葉隼旟斜","和春深二十首其五何處春深好
春深刺史家
陰繁棠布葉
歧秀麥分花
五疋鳴珂馬
雙輪畫軾車
和風引行樂
葉葉隼旟斜",55
1857,poem,1857,卷二十六,,,律詩,和春深二十首其六,,,1857,revised_jsonl_direct,1858,,revised_jsonl,艺文类聚；春秋元命苞；羽林恩召观御书王太尉碑；图画见闻志；三花马；贵戚阅马图；三花御马；虢国出行图；相逢行,春秋元命苞,1,True,,0,False,1,8,"何處春深好
春深學士家
鳳書裁五色
馬鬣剪三花
蠟炬開明火
銀臺賜物車
相逢不敢揖
彼此帽低斜","和春深二十首其六何處春深好
春深學士家
鳳書裁五色
馬鬣剪三花
蠟炬開明火
銀臺賜物車
相逢不敢揖
彼此帽低斜",55
1858,poem,1858,卷二十六,,,律詩,和春深二十首其七,,,1858,revised_jsonl_direct,1859,,revised_jsonl,旧唐书；庐山桂；陵园妾,,0,False,,0,False,1,8,"何處春深好
春深女學家
慣看温室樹
飽識浴堂花
御印提隨仗
香牋把下車
宋家宮樣髻
一片綠雲斜","和春深二十首其七何處春深好
春深女學家
慣看温室樹
飽識浴堂花
御印提隨仗
香牋把下車
宋家宮樣髻
一片綠雲斜",55
1859,poem,1859,卷二十六,,,律詩,和春深二十首其八,,,1859,revised_jsonl_direct,1860,,revised_jsonl,见萧侍御忆旧山草堂诗因以继和；后汉书；汉书,后汉书；汉书,2,True,,0,False,1,8,"何處春深好
春深御史家
絮縈驄馬尾
蝶繞繡衣花
破柱行持斧
埋輪立駐車
入班遥認得
魚貫一行斜","和春深二十首其八何處春深好
春深御史家
絮縈驄馬尾
蝶繞繡衣花
破柱行持斧
埋輪立駐車
入班遥認得
魚貫一行斜",55
1860,poem,1860,卷二十六,,,律詩,和春深二十首其九,,,1860,revised_jsonl_direct,1861,,revised_jsonl,史记,史记,1,True,,0,False,1,8,"何處春深好
春深遷客家
一杯寒食酒
萬里故園花
炎瘴蒸如火
光陰走似車
爲憂鵩鳥至
只恐日光斜","和春深二十首其九何處春深好
春深遷客家
一杯寒食酒
萬里故園花
炎瘴蒸如火
光陰走似車
爲憂鵩鳥至
只恐日光斜",55
1861,poem,1861,卷二十六,,,律詩,和春深二十首其十,,,1861,revised_jsonl_direct,1862,,revised_jsonl,后汉书；史记；醉后走笔酬刘五主簿长句之赠兼简张大贾二十四先辈昆季；为萧扬州荐士表；文选；晋阳秋,后汉书；史记；晋阳秋,3,True,,0,False,1,8,"何處春深好
春深經業家
唯求太常第
不管曲江花
折桂名慚郄
收螢志慕車
官場泥鋪處
最怕寸陰斜","和春深二十首其十何處春深好
春深經業家
唯求太常第
不管曲江花
折桂名慚郄
收螢志慕車
官場泥鋪處
最怕寸陰斜",55
1862,poem,1862,卷二十六,,,律詩,和春深二十首其十一,,,1862,revised_jsonl_direct,1863,,revised_jsonl,奉使新安自桐庐县经严陵钓台宿七里滩下；酬李十六岐；题赠郑秘书征君石沟溪隐居,,0,False,,0,False,1,8,"何處春深好
春深隱士家
野衣裁薜葉
山飯曬松花
蘭索紉幽珮
蒲輪駐軟車
林間箕踞坐
白眼向人斜","和春深二十首其十一何處春深好
春深隱士家
野衣裁薜葉
山飯曬松花
蘭索紉幽珮
蒲輪駐軟車
林間箕踞坐
白眼向人斜",56
1863,poem,1863,卷二十六,,,律詩,和春深二十首其十二,,,1863,revised_jsonl_direct,1864,,revised_jsonl,宿丹崖翁宅；渔父歌,,0,False,,0,False,1,8,"何處春深好
春深漁父家
松灣隨棹月
桃浦落船花
投餌移輕檝
牽輪轉小車
蕭蕭蘆葉裏
風起釣絲斜","和春深二十首其十二何處春深好
春深漁父家
松灣隨棹月
桃浦落船花
投餌移輕檝
牽輪轉小車
蕭蕭蘆葉裏
風起釣絲斜",56
1864,poem,1864,卷二十六,,,律詩,和春深二十首其十三,,,1864,revised_jsonl_direct,1865,,revised_jsonl,舞马赋应诏；旧唐书,,0,False,,0,False,1,8,"何處春深好
春深潮户家
濤翻三月雪
浪噴四時花
曳練馳千馬
驚雷走萬車
餘波落何處
江轉富陽斜","和春深二十首其十三何處春深好
春深潮户家
濤翻三月雪
浪噴四時花
曳練馳千馬
驚雷走萬車
餘波落何處
江轉富陽斜",56
1865,poem,1865,卷二十六,,,律詩,和春深二十首其十四,,,1865,revised_jsonl_direct,1866,,revised_jsonl,楚辞；酒德颂；饮中八仙歌；博物志,楚辞；酒德颂；博物志,3,True,,0,False,1,10,"何處春深好
春深痛飲家
十分杯裏物
五色眼前花
鋪歠眠槽甕
流涎見麴車
杜甫詩云
“路見麴車口流涎
”中山一沉醉
千度日西斜","和春深二十首其十四何處春深好
春深痛飲家
十分杯裏物
五色眼前花
鋪歠眠槽甕
流涎見麴車
杜甫詩云
“路見麴車口流涎
”中山一沉醉
千度日西斜",71
1866,poem,1866,卷二十六,,,律詩,和春深二十首其十五,,,1866,revised_jsonl_direct,1867,743,revised_jsonl,上巳日恩赐曲江宴会即事；和人渡水；荆楚岁时记；玉烛宝典,荆楚岁时记；玉烛宝典,2,True,,0,False,1,8,"何處春深好
春深上巳家
蘭亭席上酒
曲洛岸邊花
弄水游童棹
湔裾小婦車
齊橈爭渡處
一匹錦標斜","和春深二十首其十五何處春深好
春深上巳家
蘭亭席上酒
曲洛岸邊花
弄水游童棹
湔裾小婦車
齊橈爭渡處
一匹錦標斜",56
1867,poem,1867,卷二十六,,,律詩,和春深二十首其十六,,,1867,revised_jsonl_direct,1868,,revised_jsonl,荆楚岁时记；玉烛宝典；左传；别录,荆楚岁时记；玉烛宝典；左传,3,True,,0,False,1,8,"何處春深好
春深寒食家
玲瓏鏤雞子
宛轉綵毬花
碧草追游騎
紅塵拜掃車
鞦韆細腰女
摇曳逐風斜","和春深二十首其十六何處春深好
春深寒食家
玲瓏鏤雞子
宛轉綵毬花
碧草追游騎
紅塵拜掃車
鞦韆細腰女
摇曳逐風斜",56
1868,poem,1868,卷二十六,,,律詩,和春深二十首其十七,,,1868,revised_jsonl_direct,1869,,revised_jsonl,酉阳杂俎；说郛；棋经；围棋赋；礼记；古局象棋图序；少室山房笔丛；象经；御览；玄怪录；七国棋图；岑顺；太平广记；世说新语；弹棋赋序；座右方；梦溪笔谈,礼记,1,True,,0,False,1,8,"何處春深好
春深博弈家
一先爭破眼
六聚鬭成花
鼓應投壺馬
兵衝象戲車
彈棋局上事
最妙是長斜","和春深二十首其十七何處春深好
春深博弈家
一先爭破眼
六聚鬭成花
鼓應投壺馬
兵衝象戲車
彈棋局上事
最妙是長斜",56
1869,poem,1869,卷二十六,,,律詩,和春深二十首其十八,,,1869,revised_jsonl_direct,1870,,revised_jsonl,木兰诗；柳枝词；芥隐笔记；春深娶妇家；南村辍耕录,,0,False,,0,False,1,8,"何處春深好
春深嫁女家
紫排襦上雉
黄帖鬢邊花
轉燭初移障
鳴環欲上車
青衣傳去氈褥
錦繡一條斜","和春深二十首其十八何處春深好
春深嫁女家
紫排襦上雉
黄帖鬢邊花
轉燭初移障
鳴環欲上車
青衣傳去氈褥
錦繡一條斜",57
1870,poem,1870,卷二十六,,,律詩,和春深二十首其十九,,,1870,revised_jsonl_direct,1871,,revised_jsonl,旧唐书；酉阳杂俎；聘北道记；云溪友议,,0,False,,0,False,1,8,"何處春深好
春深娶婦家
兩行籠裏燭
一樹扇間花
賓拜登華席
親迎障幰車
催妝詩未了
星斗漸傾斜","和春深二十首其十九何處春深好
春深娶婦家
兩行籠裏燭
一樹扇間花
賓拜登華席
親迎障幰車
催妝詩未了
星斗漸傾斜",56
1871,poem,1871,卷二十六,,,律詩,和春深二十首其二十,,,1871,revised_jsonl_direct,1872,,revised_jsonl,杭州春望；巵林；杨柳枝词；牕间纪闻；地记；寒食；送裴处士；纪闻；匏庐诗话；野客丛书；梅诗；丹铅余录总录；别雅；周礼；说文,周礼；说文,2,True,,0,False,1,8,"何處春深好
春深妓女家
眉欺楊柳葉
裙妬石榴花
蘭麝熏行被
金銅釘坐車
揚州蘇小小
人道最夭伊耶反斜","和春深二十首其二十何處春深好
春深妓女家
眉欺楊柳葉
裙妬石榴花
蘭麝熏行被
金銅釘坐車
揚州蘇小小
人道最夭伊耶反斜",59
1872,poem,1872,卷二十六,,,律詩,詠家醖十韻,,,1872,revised_jsonl_direct,1873,829,revised_jsonl,笺；读史五首；效陶潜体诗十六首；镜换杯；偶吟；池上篇序；白氏文集；登科记考；刘集；赠同年陈长史员外；左传；周易；阴阳书；齐民要术；后汉书；蒙求；浔阳秋怀赠许明府；渭村退居寄礼部崔侍郎翰林钱舍人诗一百韵；次韵和表臣惠符离去岁重酝酒；周礼；江南谪居十韵,左传；周易；后汉书；周礼,4,True,,0,False,1,24,"獨醒從古笑靈均
長醉如今效伯倫
舊法依稀傳自杜
杜康
新方要妙得於陳
陳郎中岵傳受此法
井泉王相資重九
麴蘖精靈用上寅
水用九月九日
麴用七月上寅
釀糯豈勞吹范黍
撇蒭何假漉陶巾
常嫌竹葉猶凡濁
始覺榴花不正真
甕揭聞時香酷烈
瓶封貯後味甘辛
捧疑明水從空化
飲似陽和滿腹春
色洞玉壺無表裏
光摇金盞有精神
能銷忙事成閑事
轉得憂人作樂人
應是世間賢聖物
與君還往擬終身","詠家醖十韻獨醒從古笑靈均
長醉如今效伯倫
舊法依稀傳自杜
杜康
新方要妙得於陳
陳郎中岵傳受此法
井泉王相資重九
麴蘖精靈用上寅
水用九月九日
麴用七月上寅
釀糯豈勞吹范黍
撇蒭何假漉陶巾
常嫌竹葉猶凡濁
始覺榴花不正真
甕揭聞時香酷烈
瓶封貯後味甘辛
捧疑明水從空化
飲似陽和滿腹春
色洞玉壺無表裏
光摇金盞有精神
能銷忙事成閑事
轉得憂人作樂人
應是世間賢聖物
與君還往擬終身",190
1873,poem,1873,卷二十六,,,律詩,池鶴二首其一,,,1873,revised_jsonl_direct,1874,829,revised_jsonl,笺；和微之听妻弹别鹤操因为解释其义依韵加四句,,0,False,,0,False,1,8,"高竹籠前無伴侶
亂雞羣裏有風標
低頭乍恐丹砂落
曬翅常疑白雪銷
轉覺鸕鷀毛色下
苦嫌鸚鵡語聲嬌
臨風一唳思何事
悵望青田雲水遥","池鶴二首其一高竹籠前無伴侶
亂雞羣裏有風標
低頭乍恐丹砂落
曬翅常疑白雪銷
轉覺鸕鷀毛色下
苦嫌鸚鵡語聲嬌
臨風一唳思何事
悵望青田雲水遥",69
1874,poem,1874,卷二十六,,,律詩,池鶴二首其二,,,1874,revised_jsonl_direct,1875,,revised_jsonl,吴七郎中山人待制班中偶赠绝句,,0,False,,0,False,1,8,"池中此鶴鶴中稀
恐是遼東老令威
帶雪松枝翹膝脛
放花菱片綴毛衣
低徊且向籠間宿
奮迅終須天外飛
若問故巢知處在
主人相戀未能歸","池鶴二首其二池中此鶴鶴中稀
恐是遼東老令威
帶雪松枝翹膝脛
放花菱片綴毛衣
低徊且向籠間宿
奮迅終須天外飛
若問故巢知處在
主人相戀未能歸",69
1875,poem,1875,卷二十六,,,律詩,對酒五首其一,,,1875,revised_jsonl_direct,1876,829,revised_jsonl,笺,,0,False,,0,False,1,4,"巧拙賢愚相是非
何如一醉盡忘機
君知天地中寬窄
鵰鶚鸞凰各自飛","對酒五首其一巧拙賢愚相是非
何如一醉盡忘機
君知天地中寬窄
鵰鶚鸞凰各自飛",37
1876,poem,1876,卷二十六,,,律詩,對酒五首其二,,,1876,revised_jsonl_direct,1877,,revised_jsonl,庄子；寓意诗五首,庄子,1,True,,0,False,1,4,"蝸牛角上爭何事
石火光中寄此身
隨富隨貧且歡樂
不開口笑是癡人","對酒五首其二蝸牛角上爭何事
石火光中寄此身
隨富隨貧且歡樂
不開口笑是癡人",37
1877,poem,1877,卷二十六,,,律詩,對酒五首其三,,,1877,revised_jsonl_direct,1878,,revised_jsonl,冬至夜；题赠郑秘书征君石沟溪隐居,,0,False,,0,False,1,4,"丹砂見火去無迹
白髮䛏人來不休
賴有酒仙相煖熱
松喬醉即到前頭","對酒五首其三丹砂見火去無迹
白髮䛏人來不休
賴有酒仙相煖熱
松喬醉即到前頭",37
1878,poem,1878,卷二十六,,,律詩,對酒五首其四,,,1878,revised_jsonl_direct,1879,,revised_jsonl,醉题沈子明壁；施注苏诗；诗话；阳关三叠；阳关；对酒；仇池笔记,,0,False,,0,False,1,8,"百歲無多時壯健
一春能幾日晴明
相逢且莫推辭醉
聽唱陽關第四聲
第四聲
“勸君更盡一杯酒
西出陽關無故人
”","對酒五首其四百歲無多時壯健
一春能幾日晴明
相逢且莫推辭醉
聽唱陽關第四聲
第四聲
“勸君更盡一杯酒
西出陽關無故人
”",60
1879,poem,1879,卷二十六,,,律詩,對酒五首其五,,,1879,revised_jsonl_direct,1880,,revised_jsonl,法苑珠林,,0,False,,0,False,1,4,"昨日低眉問疾來
今朝收淚弔人迴
眼前流例君看取
且遣琵琶送一杯","對酒五首其五昨日低眉問疾來
今朝收淚弔人迴
眼前流例君看取
且遣琵琶送一杯",37
1880,poem,1880,卷二十六,,,律詩,僧院花,,,1880,revised_jsonl_direct,1881,829,revised_jsonl,笺；华严经,,0,False,,0,False,1,4,"欲悟色空爲佛事
故栽芳樹在僧家
細看便是華嚴偈
方便風開智慧花","僧院花欲悟色空爲佛事
故栽芳樹在僧家
細看便是華嚴偈
方便風開智慧花",34
1881,poem,1881,卷二十六,,,律詩,老戒,,,1881,revised_jsonl_direct,1882,829,revised_jsonl,笺；同韩侍郎游郑家池吟诗小饮；感石榴二十韵；胡旋女,,0,False,,0,False,1,8,"我有白頭戒
聞於韓侍郎
老多憂活計
病更戀班行
矍鑠誇身健
周遮説話長
不知吾免否
兩鬢已成霜","老戒我有白頭戒
聞於韓侍郎
老多憂活計
病更戀班行
矍鑠誇身健
周遮説話長
不知吾免否
兩鬢已成霜",49
1882,poem,1882,卷二十六,,,律詩,洛橋寒食日作十韻,,,1882,revised_jsonl_direct,1883,832,revised_jsonl,笺；长相思；玉芝堂谈荟；上巳；洛桥寒食；满江红；遯斋闲览；历代诗话；退斋雅闻；世说新语；长安古意；走马川行奉送西师出征；酬周协律；别韦处士,,0,False,,0,False,1,20,"上苑風煙好
中橋道路平
蹴毬塵不起
潑火雨新晴
宿醉頭仍重
晨遊眼乍明
老慵雖省事
春誘尚多情
遇客踟躕立
尋花取次行
連錢嚼金勒
鑿落寫銀罌
府醖傷教送
官娃豈要迎
舞腰那及柳
歌舌不如鶯
鄉國真堪戀
光陰可合輕
三年遇寒食
盡在洛陽城","洛橋寒食日作十韻上苑風煙好
中橋道路平
蹴毬塵不起
潑火雨新晴
宿醉頭仍重
晨遊眼乍明
老慵雖省事
春誘尚多情
遇客踟躕立
尋花取次行
連錢嚼金勒
鑿落寫銀罌
府醖傷教送
官娃豈要迎
舞腰那及柳
歌舌不如鶯
鄉國真堪戀
光陰可合輕
三年遇寒食
盡在洛陽城",127
1883,poem,1883,卷二十六,,,律詩,快活,,,1883,revised_jsonl_direct,1884,832,revised_jsonl,笺；旧唐书；乐府诗集；明君；圣主；公莫；白鸠；读鄂公传,,0,False,,0,False,1,8,"可惜鶯啼花落處
一壺濁酒送殘春
可憐月好風凉夜
一部清商伴老身
飽食安眠銷日月
閑談冷笑接交親
誰知將相王侯外
别有優游快活人","快活可惜鶯啼花落處
一壺濁酒送殘春
可憐月好風凉夜
一部清商伴老身
飽食安眠銷日月
閑談冷笑接交親
誰知將相王侯外
别有優游快活人",65
1884,poem,1884,卷二十六,,,律詩,送令狐相公赴太原,,,1884,revised_jsonl_direct,1885,832,revised_jsonl,笺；奉和汴州令狐相公二十二韵；旧唐书；新唐书；文献通考；行次夏口先寄李大夫；世说新语,,0,False,,0,False,1,9,"六纛雙旌萬鐵衣
并汾舊路滿光輝
青衫書記何年去
紅斾將軍昨日歸
藩鎮例驅紅斾
詩作馬蹄隨筆走
獵酣鷹翅伴觥飛
北都莫作多時計
再爲蒼生入紫微","送令狐相公赴太原六纛雙旌萬鐵衣
并汾舊路滿光輝
青衫書記何年去
紅斾將軍昨日歸
藩鎮例驅紅斾
詩作馬蹄隨筆走
獵酣鷹翅伴觥飛
北都莫作多時計
再爲蒼生入紫微",78
1885,poem,1885,卷二十六,,,律詩,不出,,,1885,revised_jsonl_direct,1886,832,revised_jsonl,笺,,0,False,,0,False,1,4,"簷前新葉覆殘花
席上餘杯對早茶
好是老身銷日處
誰能騎馬傍人家","不出簷前新葉覆殘花
席上餘杯對早茶
好是老身銷日處
誰能騎馬傍人家",33
1886,poem,1886,卷二十六,,,律詩,惜落花,,,1886,revised_jsonl_direct,1887,832,revised_jsonl,笺,,0,False,,0,False,1,8,"夜來風雨急
無復舊花林
枝上三分落
園中一寸深
日斜啼鳥思
春盡老人心
莫怪添杯飲
情多酒不禁","惜落花夜來風雨急
無復舊花林
枝上三分落
園中一寸深
日斜啼鳥思
春盡老人心
莫怪添杯飲
情多酒不禁",50
1887,poem,1887,卷二十六,,,律詩,老病,,,1887,revised_jsonl_direct,1888,832,revised_jsonl,笺,,0,False,,0,False,1,4,"晝聽笙歌夜醉眠
若非月下即花前
如今老病須知分
不負春來二十年","老病晝聽笙歌夜醉眠
若非月下即花前
如今老病須知分
不負春來二十年",33
1888,poem,1888,卷二十六,,,律詩,憶晦叔,,,1888,revised_jsonl_direct,1889,832,revised_jsonl,笺；答崔宾客晦叔十二月四日见寄,,0,False,,0,False,1,4,"游山弄水攜詩卷
看月尋花把酒杯
六事盡思君作伴
幾時歸到洛陽來","憶晦叔游山弄水攜詩卷
看月尋花把酒杯
六事盡思君作伴
幾時歸到洛陽來",34
1889,poem,1889,卷二十六,,,律詩,送徐州高僕射赴鎮,,,1889,revised_jsonl_direct,1890,832,revised_jsonl,笺；旧唐书；送令狐相公赴太原；行次夏口先寄李大夫；奉酬李相公见示绝句,,0,False,,0,False,1,8,"大紅斾引碧幢旌
新拜將軍指點行
戰將易求何足貴
書生難得始堪榮
離筵歌舞花叢散
候騎刀槍雪隊迎
應笑蹉跎白頭尹
風塵唯管洛陽城","送徐州高僕射赴鎮大紅斾引碧幢旌
新拜將軍指點行
戰將易求何足貴
書生難得始堪榮
離筵歌舞花叢散
候騎刀槍雪隊迎
應笑蹉跎白頭尹
風塵唯管洛陽城",71
1890,poem,1890,卷二十六,,,律詩,琴酒,,,1890,revised_jsonl_direct,1891,832,revised_jsonl,笺；丘中有一士,,0,False,,0,False,1,4,"耳根得所琴初暢
心地忘機酒半酣
若使啓期兼解醉
應言四樂不言三","琴酒耳根得所琴初暢
心地忘機酒半酣
若使啓期兼解醉
應言四樂不言三",33
1891,poem,1891,卷二十六,,,律詩,聽幽蘭,,,1891,revised_jsonl_direct,1892,832,revised_jsonl,笺；乐府诗集；猗兰操；幽兰操；古今乐录；琴操,琴操,1,True,,0,False,1,4,"琴中古曲是幽蘭
爲我殷勤更弄看
欲得身心俱靜好
自彈不及聽人彈","聽幽蘭琴中古曲是幽蘭
爲我殷勤更弄看
欲得身心俱靜好
自彈不及聽人彈",34
1892,poem,1892,卷二十六,,,律詩,六年秋重題白蓮,,,1892,revised_jsonl_direct,1893,832,revised_jsonl,谱；笺,,0,False,,0,False,1,8,"素房含露玉冠鮮
紺葉摇風鈿扇圓
本是吳州供進藕
今爲伊水寄生蓮
移根到此三千里
結子經今六七年
不獨池中花故舊
兼乘舊日採花船","六年秋重題白蓮素房含露玉冠鮮
紺葉摇風鈿扇圓
本是吳州供進藕
今爲伊水寄生蓮
移根到此三千里
結子經今六七年
不獨池中花故舊
兼乘舊日採花船",70
1893,poem,1893,卷二十六,,,律詩,元相公挽歌詞三首其一,,,1893,revised_jsonl_direct,1894,832,revised_jsonl,谱；笺；唐书；河南元公墓志铭；白氏文集,,0,False,,0,False,1,4,"銘旌官重威儀盛
騎吹聲繁鹵簿長
後魏帝孫唐宰相
六年七月葬咸陽","元相公挽歌詞三首其一銘旌官重威儀盛
騎吹聲繁鹵簿長
後魏帝孫唐宰相
六年七月葬咸陽",41
1894,poem,1894,卷二十六,,,律詩,元相公挽歌詞三首其二,,,1894,revised_jsonl_direct,1895,,revised_jsonl,,,0,False,,0,False,1,4,"墓門已閉笳簫去
唯有夫人哭不休
蒼蒼露草咸陽壠
此是千秋第一秋","元相公挽歌詞三首其二墓門已閉笳簫去
唯有夫人哭不休
蒼蒼露草咸陽壠
此是千秋第一秋",41
1895,poem,1895,卷二十六,,,律詩,元相公挽歌詞三首其三,,,1895,revised_jsonl_direct,1896,,revised_jsonl,礼记；河南元公墓志铭；围炉诗话；墓志；笺；感旧；哭刘尚书梦得二首,礼记,1,True,,0,False,1,4,"送葬萬人皆慘澹
反虞駟馬亦悲鳴
琴書劍珮誰收拾
三歲遺孤新學行","元相公挽歌詞三首其三送葬萬人皆慘澹
反虞駟馬亦悲鳴
琴書劍珮誰收拾
三歲遺孤新學行",41
1896,poem,1896,卷二十六,,,律詩,卧聽法曲霓裳,,,1896,revised_jsonl_direct,1897,832,revised_jsonl,笺；法曲歌；霓裳羽衣歌；大唐传载；凉州；甘州；伊州；乐书；元亨；来乐；火凤；移都师,,0,False,,0,False,1,8,"金磬玉笙和已久
牙床角枕睡常遲
朦朧閑夢初成後
宛轉柔聲入破時
樂可理心應不謬
酒能陶性信無疑
起嘗殘酌聽餘曲
斜背銀釭半下帷","卧聽法曲霓裳金磬玉笙和已久
牙床角枕睡常遲
朦朧閑夢初成後
宛轉柔聲入破時
樂可理心應不謬
酒能陶性信無疑
起嘗殘酌聽餘曲
斜背銀釭半下帷",69
1897,poem,1897,卷二十六,,,律詩,結之,,,1897,revised_jsonl_direct,1898,832,revised_jsonl,笺；感旧石上字,,0,False,,0,False,1,4,"歡愛今何在
悲啼亦是空
同爲一夜夢
共過十年中","結之歡愛今何在
悲啼亦是空
同爲一夜夢
共過十年中",25
1898,poem,1898,卷二十六,,,律詩,五鳳樓晚望,,,1898,revised_jsonl_direct,1899,832,revised_jsonl,谱；笺；资治通鉴；新唐书；古风；赠苏少府,,0,False,,0,False,1,8,"晴陽晚照濕煙銷
五鳳樓高天泬寥
野綠全經朝雨洗
林紅半被暮雲燒
龍門翠黛眉相對
伊水黄金線一條
自入秋來風景好
就中最好是今朝","五鳳樓晚望晴陽晚照濕煙銷
五鳳樓高天泬寥
野綠全經朝雨洗
林紅半被暮雲燒
龍門翠黛眉相對
伊水黄金線一條
自入秋來風景好
就中最好是今朝",68
1899,poem,1899,卷二十六,,,律詩,寄劉蘇州,,,1899,revised_jsonl_direct,1900,832,revised_jsonl,谱；笺；与刘苏州书；白氏文集；姑苏志；河南元公墓志铭；旧唐书,,0,False,,0,False,1,8,"去年八月哭微之
今年八月哭敦詩
何堪老淚交流日
多是秋風摇落時
泣罷幾迴深自念
情來一倍苦相思
同年同病同心事
除却蘇州更是誰","寄劉蘇州去年八月哭微之
今年八月哭敦詩
何堪老淚交流日
多是秋風摇落時
泣罷幾迴深自念
情來一倍苦相思
同年同病同心事
除却蘇州更是誰",67
1900,poem,1900,卷二十六,,,律詩,送客,,,1900,revised_jsonl_direct,1901,832,revised_jsonl,笺,,0,False,,0,False,1,4,"病上籃輿相送來
衰容秋思兩悠哉
凉風嫋嫋吹槐子
却請行人勸一杯","送客病上籃輿相送來
衰容秋思兩悠哉
凉風嫋嫋吹槐子
却請行人勸一杯",33
1901,poem,1901,卷二十六,,,律詩,秋思,,,1901,revised_jsonl_direct,1902,832,revised_jsonl,笺,,0,False,,0,False,1,8,"夕照紅於燒
晴空碧勝藍
獸形雲不一
弓勢月初三
雁思來天北
砧愁滿水南
蕭條秋氣味
未老已深諳","秋思夕照紅於燒
晴空碧勝藍
獸形雲不一
弓勢月初三
雁思來天北
砧愁滿水南
蕭條秋氣味
未老已深諳",49
1902,poem,1902,卷二十六,,,律詩,酬夢得秋夕不寐見寄,,,1902,revised_jsonl_direct,1903,832,revised_jsonl,笺,,0,False,,0,False,1,8,"碧簟絳紗帳
夜凉風景清
病聞和藥氣
渴聽碾茶聲
露竹偷燈影
煙松護月明
何言千里隔
秋思一時生","酬夢得秋夕不寐見寄碧簟絳紗帳
夜凉風景清
病聞和藥氣
渴聽碾茶聲
露竹偷燈影
煙松護月明
何言千里隔
秋思一時生",56
1903,poem,1903,卷二十六,,,律詩,題周家歌者,,,1903,revised_jsonl_direct,1904,832,revised_jsonl,笺,,0,False,,0,False,1,4,"清緊如敲玉
深圓似轉簧
一聲腸一斷
能有幾多腸","題周家歌者清緊如敲玉
深圓似轉簧
一聲腸一斷
能有幾多腸",28
1904,poem,1904,卷二十六,,,律詩,憶夢得,,,1904,revised_jsonl_direct,1905,832,revised_jsonl,笺；题小桥前新竹招客,,0,False,,0,False,1,8,"齒髮各蹉跎
疏慵與病和
愛花心在否
見酒興如何
年長風情少
官高俗慮多
幾時紅燭下
聞唱竹枝歌","憶夢得齒髮各蹉跎
疏慵與病和
愛花心在否
見酒興如何
年長風情少
官高俗慮多
幾時紅燭下
聞唱竹枝歌",50
1905,poem,1905,卷二十六,,,律詩,贈同座,,,1905,revised_jsonl_direct,1906,,revised_jsonl,笺,,0,False,,0,False,1,8,"春黛雙蛾嫩
秋蓬兩鬢侵
謀歡身太晚
恨老意彌深
薄解燈前舞
尤能酒後吟
花叢便不入
猶自未甘心","贈同座春黛雙蛾嫩
秋蓬兩鬢侵
謀歡身太晚
恨老意彌深
薄解燈前舞
尤能酒後吟
花叢便不入
猶自未甘心",50
1906,poem,1906,卷二十六,,,律詩,失婢,,,1906,revised_jsonl_direct,1907,832,revised_jsonl,笺；和乐天诮失婢牓者,,0,False,,0,False,1,8,"宅院小牆庳
坊門帖牓遲
舊恩慚自薄
前事悔難追
籠鳥無常主
風花不戀枝
今宵在何處
唯有月明知","失婢宅院小牆庳
坊門帖牓遲
舊恩慚自薄
前事悔難追
籠鳥無常主
風花不戀枝
今宵在何處
唯有月明知",49
1907,poem,1907,卷二十六,,,律詩,夜招晦叔,,,1907,revised_jsonl_direct,1908,832,revised_jsonl,笺；忆晦叔；潇湘神二首；浪淘沙；尊前集；乐府诗集；近代曲辞；潇湘神二曲,,0,False,,0,False,1,8,"庭草留霜池結冰
黄昏鐘絶凍雲凝
碧氈帳上正飄雪
紅火爐前初炷燈
高調秦箏一兩弄
小花蠻榼二三升
爲君更奏湘神曲
夜就儂來能不能","夜招晦叔庭草留霜池結冰
黄昏鐘絶凍雲凝
碧氈帳上正飄雪
紅火爐前初炷燈
高調秦箏一兩弄
小花蠻榼二三升
爲君更奏湘神曲
夜就儂來能不能",67
1908,poem,1908,卷二十六,,,律詩,戲答皇甫監,,,1908,revised_jsonl_direct,1909,832,revised_jsonl,笺；安定皇甫公墓志铭；白氏文集；旧唐书,,0,False,,0,False,1,4,"寒宵勸酒君須飲
君是孤眠七十身
莫道非人身不煖
十分一盞煖於人","戲答皇甫監寒宵勸酒君須飲
君是孤眠七十身
莫道非人身不煖
十分一盞煖於人",36
1909,poem,1909,卷二十六,,,律詩,和楊師臯傷小姬英英,,,1909,revised_jsonl_direct,1910,832,revised_jsonl,笺；棣华驿见杨八题梦兄弟诗；过小妓英英墓；和杨师臯伤小姬英英；唐诗纪事,,0,False,,0,False,1,8,"自從嬌騃一相依
共見楊花七度飛
玳瑁床空收枕席
琵琶絃斷倚屏幃
人間有夢何曾入
泉下無家豈是歸
墳上少啼留取淚
明年寒食更沾衣","和楊師臯傷小姬英英自從嬌騃一相依
共見楊花七度飛
玳瑁床空收枕席
琵琶絃斷倚屏幃
人間有夢何曾入
泉下無家豈是歸
墳上少啼留取淚
明年寒食更沾衣",72
1910,poem,1910,卷二十六,,,律詩,池邊即事,,,1910,revised_jsonl_direct,1911,832,revised_jsonl,笺；青毡帐二十韵,,0,False,,0,False,1,4,"氈帳胡琴出塞曲
蘭塘越棹弄潮聲
何言此處同風月
薊北江南萬里情","池邊即事氈帳胡琴出塞曲
蘭塘越棹弄潮聲
何言此處同風月
薊北江南萬里情",35
1911,poem,1911,卷二十六,,,律詩,聞樂感鄰,,,1911,revised_jsonl_direct,1912,832,revised_jsonl,笺；赠东邻王十三；寄刘苏州；思旧赋；放言五首,,0,False,,0,False,1,10,"老去親朋零落盡
秋來絃管感傷多
尚書宅畔悲鄰笛
廷尉門前歎雀羅
東鄰王大理去冬云亡
南鄰崔尚書今秋薨逝
綠綺窗空分妓女
絳紗帳掩罷笙歌
歡娛未足身先去
爭奈書生薄命何","聞樂感鄰老去親朋零落盡
秋來絃管感傷多
尚書宅畔悲鄰笛
廷尉門前歎雀羅
東鄰王大理去冬云亡
南鄰崔尚書今秋薨逝
綠綺窗空分妓女
絳紗帳掩罷笙歌
歡娛未足身先去
爭奈書生薄命何",87
1912,poem,1912,卷二十七,,,律詩,戊申歲暮詠懷三首其一,,,1912,revised_jsonl_direct,1913,828,revised_jsonl,谱；笺；早祭风伯因怀李十一舍人；润州鹤林寺故径山大师碑铭；祖堂集；景德传灯录；紫阳花；咸淳临安志,,0,False,,0,False,1,8,"窮冬月末兩三日
半百年過六七時
龍尾趁朝無氣力
牛頭參道有心期
榮華外物終須悟
老病傍人豈得知
猶被妻兒教漸退
莫求致仕且分司","戊申歲暮詠懷三首其一窮冬月末兩三日
半百年過六七時
龍尾趁朝無氣力
牛頭參道有心期
榮華外物終須悟
老病傍人豈得知
猶被妻兒教漸退
莫求致仕且分司",73
1913,poem,1913,卷二十七,,,律詩,戊申歲暮詠懷三首其二,,,1913,revised_jsonl_direct,1914,,revised_jsonl,韵语阳秋；戊申咏怀；笺；初授秘监并赐金紫闲吟小酌偶写所怀；戊申岁暮咏怀三首,,0,False,,0,False,1,8,"唯生一女才十二
秖欠三年未六旬
婚嫁累輕何怕老
飢寒心慣不憂貧
紫泥丹筆皆經手
赤紱金章盡到身
更擬踟躕覓何事
不歸嵩洛作閑人","戊申歲暮詠懷三首其二唯生一女才十二
秖欠三年未六旬
婚嫁累輕何怕老
飢寒心慣不憂貧
紫泥丹筆皆經手
赤紱金章盡到身
更擬踟躕覓何事
不歸嵩洛作閑人",73
1914,poem,1914,卷二十七,,,律詩,戊申歲暮詠懷三首其三,,,1914,revised_jsonl_direct,1915,,revised_jsonl,题东武丘寺六韵,,0,False,,0,False,1,8,"七年囚閉作籠禽
但願開籠便入林
幸得展張今日翅
不能辜負昔時心
人間禍福愚難料
世上風波老不禁
萬一差池似前事
又應追悔不抽簪","戊申歲暮詠懷三首其三七年囚閉作籠禽
但願開籠便入林
幸得展張今日翅
不能辜負昔時心
人間禍福愚難料
世上風波老不禁
萬一差池似前事
又應追悔不抽簪",73
1915,poem,1915,卷二十七,,,律詩,贈夢得,,,1915,revised_jsonl_direct,1916,829,revised_jsonl,笺；答乐天戏赠；刘白唱和集解；白氏文集,,0,False,,0,False,1,8,"心中萬事不思量
坐倚屏風卧向陽
漸覺詠詩猶老醜
豈宜憑酒更粗狂
頭垂白髮我思退
脚蹋青雲君欲忙
只有今春相伴在
花前賸醉兩三場","贈夢得心中萬事不思量
坐倚屏風卧向陽
漸覺詠詩猶老醜
豈宜憑酒更粗狂
頭垂白髮我思退
脚蹋青雲君欲忙
只有今春相伴在
花前賸醉兩三場",66
1916,poem,1916,卷二十七,,,律詩,想東遊五十韻,,,1916,revised_jsonl_direct,1917,829,revised_jsonl,谱；笺；游天台山赋；老子；和微之春日投简阳明洞天五十韵；画竹歌；题东武丘寺六韵；古诗十九首；江南曲；登池上楼；书；尔雅；三月三日洛水作；潮；蜀都赋；孔公墓志铭；册府元龜；隆平集；过敷水；法华经；吴地记；唐国史补；忆旧游；代书诗一百韵寄微之；房家夜宴喜雪戏赠主人；卢侍御小妓乞诗座上留赠；类编；广韵；赠杓直；老热；归去来兮辞；丘中有一士；佛本行集经；诗；晋书；酬赠李炼师见招；重赠（乐天；战国策；元微之除浙东观察使喜得杭越邻州先赠长句；酬微之夸镜湖；杭州春望；史记；论语；家语,老子；书；尔雅；蜀都赋；诗；晋书；战国策；史记；论语；家语,10,True,,0,False,1,131,"大和三年春
予病免官後
憶遊浙右數郡
兼思到越
一訪微之
故兩浙之間
一物已上
想皆在目
吟且成篇
不能自休
盈五百字
亦猶孫興公想天台山而賦之也
海内時無事
江南歲有秋
生民皆樂業
地主盡賢侯
郊靜銷戎馬
城高逼斗牛
平河七百里
沃壤二三州
自常及杭
凡三百里
坐有湖山趣
行無風浪憂
食寧妨解纜
寢不廢乘流
泉石諳天竺
煙霞識虎丘
天竺﹑虎丘寺
皆領郡時舊遊最熟處
餘芳認蘭澤
遺詠思蘋洲
古詩云
“蘭澤多芳草
”又柳惲詩云
“汀洲採白蘋
”菡萏紅塗粉
菰蒲綠潑油
鱗差漁户舍
綺錯稻田溝
紫洞藏仙窟
玄泉貯怪湫
精神昂老鶴
姿彩媚潛虯
大謝詩云
“潛虯媚幽姿
”靜閲天工妙
閑窺物狀幽
投竿出比目
擲果下獼猴
味苦蓮心小
漿甜蔗節稠
橘苞從自結
藕孔是誰鎪
逐日移潮信
隨風變棹謳
遞夫交烈火
候吏次鳴騶
梵塔形疑踊
重玄閣
閶門勢欲浮
吳閶門
客迎攜酒榼
僧待置茶甌
小宴閑談笑
初筵雅獻酬
稍催朱蠟炬
徐動碧牙籌
圓盞飛蓮子
長裾曳石榴
柘枝隨畫鼓
調笑從香毬
幕颺雲飄檻
簾褰月露鈎
舞繁紅袖凝去
歌切翠眉愁
絃管寧容歇
杯盤未許收
良辰宜酩酊
卒歲好優遊
鱠縷鮮仍細
蓴絲滑且柔
飽餐爲日計
穩睡是身謀
名愧空虛得
官知止足休
自嫌猶屑屑
衆笑大悠悠
物表疏形役
人寰足悔尤
蛾須遠燈燭
兔勿近罝罘
幻世春來夢
浮生水上漚
百憂中莫入
一醉外何求
未死癡王湛
無兒老鄧攸
蜀琴安膝上
周易在床頭
去去無程客
行行不繫舟
勞君頻問訊
勸我少淹留
自此後並屬微之
雲雨多分散
關山苦阻修
一吟江月别
七見日星周
昔在杭州别微之
微之留詩云
“明朝又向江頭别
月落潮平是去時
”珠玉傳新什
鵷鸞念故儔
懸旌心宛轉
束楚意綢繆
驛舫妝青雀
官槽䬴紫騮
鏡湖期遠汎
禹穴約冥搜
預掃題詩壁
先開望海樓
飲思親履舃
宿憶並衾稠
志氣吾衰也
風情子在不
應須相見後
别作一家遊
吾衰﹑子在
並出《家語》","想東遊五十韻大和三年春
予病免官後
憶遊浙右數郡
兼思到越
一訪微之
故兩浙之間
一物已上
想皆在目
吟且成篇
不能自休
盈五百字
亦猶孫興公想天台山而賦之也
海内時無事
江南歲有秋
生民皆樂業
地主盡賢侯
郊靜銷戎馬
城高逼斗牛
平河七百里
沃壤二三州
自常及杭
凡三百里
坐有湖山趣
行無風浪憂
食寧妨解纜
寢不廢乘流
泉石諳天竺
煙霞識虎丘
天竺﹑虎丘寺
皆領郡時舊遊最熟處
餘芳認蘭澤
遺詠思蘋洲
古詩云
“蘭澤多芳草
”又柳惲詩云
“汀洲採白蘋
”菡萏紅塗粉
菰蒲綠潑油
鱗差漁户舍
綺錯稻田溝
紫洞藏仙窟
玄泉貯怪湫
精神昂老鶴
姿彩媚潛虯
大謝詩云
“潛虯媚幽姿
”靜閲天工妙
閑窺物狀幽
投竿出比目
擲果下獼猴
味苦蓮心小
漿甜蔗節稠
橘苞從自結
藕孔是誰鎪
逐日移潮信
隨風變棹謳
遞夫交烈火
候吏次鳴騶
梵塔形疑踊
重玄閣
閶門勢欲浮
吳閶門
客迎攜酒榼
僧待置茶甌
小宴閑談笑
初筵雅獻酬
稍催朱蠟炬
徐動碧牙籌
圓盞飛蓮子
長裾曳石榴
柘枝隨畫鼓
調笑從香毬
幕颺雲飄檻
簾褰月露鈎
舞繁紅袖凝去
歌切翠眉愁
絃管寧容歇
杯盤未許收
良辰宜酩酊
卒歲好優遊
鱠縷鮮仍細
蓴絲滑且柔
飽餐爲日計
穩睡是身謀
名愧空虛得
官知止足休
自嫌猶屑屑
衆笑大悠悠
物表疏形役
人寰足悔尤
蛾須遠燈燭
兔勿近罝罘
幻世春來夢
浮生水上漚
百憂中莫入
一醉外何求
未死癡王湛
無兒老鄧攸
蜀琴安膝上
周易在床頭
去去無程客
行行不繫舟
勞君頻問訊
勸我少淹留
自此後並屬微之
雲雨多分散
關山苦阻修
一吟江月别
七見日星周
昔在杭州别微之
微之留詩云
“明朝又向江頭别
月落潮平是去時
”珠玉傳新什
鵷鸞念故儔
懸旌心宛轉
束楚意綢繆
驛舫妝青雀
官槽䬴紫騮
鏡湖期遠汎
禹穴約冥搜
預掃題詩壁
先開望海樓
飲思親履舃
宿憶並衾稠
志氣吾衰也
風情子在不
應須相見後
别作一家遊
吾衰﹑子在
並出《家語》",807
1917,poem,1917,卷二十七,,,律詩,病免後喜除賓客,,,1917,revised_jsonl_direct,1918,829,revised_jsonl,谱；笺；赠五官中郎将诗四首；读史五首；答四皓庙,,0,False,,0,False,1,4,"卧在漳濱滿十旬
起爲商皓伴三人
從今且莫嫌身病
不病何由索得身","病免後喜除賓客卧在漳濱滿十旬
起爲商皓伴三人
從今且莫嫌身病
不病何由索得身",38
1918,poem,1918,卷二十七,,,律詩,長樂亭留别,,,1918,revised_jsonl_direct,1919,829,revised_jsonl,笺；长安志；十道志；史记；括地志；出关路；读史五首；高仆射,史记,1,True,,0,False,1,8,"灞滻風煙函谷路
曾經幾度别長安
昔時蹙促爲遷客
今日從容自去官
優詔幸分四皓秩
祖筵慚繼二疏歡
塵纓世網重重縛
迴顧方知出得難","長樂亭留别灞滻風煙函谷路
曾經幾度别長安
昔時蹙促爲遷客
今日從容自去官
優詔幸分四皓秩
祖筵慚繼二疏歡
塵纓世網重重縛
迴顧方知出得難",68
1919,poem,1919,卷二十七,,,律詩,陝府王大夫相迎偶贈,,,1919,revised_jsonl_direct,1920,829,revised_jsonl,笺；送陕府王大夫；紫薇花；待漏入阁书事奉赠元九学士阁老；答四皓庙；行次夏口先寄李大夫；送令狐相公赴太原；永州万石亭记；酒樽,,0,False,,0,False,1,8,"紫微閣老自多情
白首園公豈要迎
伴我綠槐陰下歇
向君紅斾影前行
綸巾髮少渾欹仄
籃輿肩齊甚穩平
但問主人留幾日
分司賓客去無程","陝府王大夫相迎偶贈紫微閣老自多情
白首園公豈要迎
伴我綠槐陰下歇
向君紅斾影前行
綸巾髮少渾欹仄
籃輿肩齊甚穩平
但問主人留幾日
分司賓客去無程",72
1920,poem,1920,卷二十七,,,律詩,别陝州王司馬,,,1920,revised_jsonl_direct,1921,829,revised_jsonl,笺；送陕州王司马建赴任,,0,False,,0,False,1,4,"笙歌惆悵欲爲别
風景闌珊初過春
爭得遣君詩不苦
黄河岸上白頭人","别陝州王司馬笙歌惆悵欲爲别
風景闌珊初過春
爭得遣君詩不苦
黄河岸上白頭人",37
1921,poem,1921,卷二十七,,,律詩,將至東都先寄令狐留守,,,1921,revised_jsonl_direct,1922,829,revised_jsonl,谱；笺；送东都留守令狐尚书赴任；和友人洛中春感；汉书；懿德太子哀册文,汉书,1,True,,0,False,1,8,"黄鳥無聲葉滿枝
閑吟想到洛城時
惜逢金谷三春盡
恨拜銅樓一月遲
詩境忽來還自得
醉鄉潛去與誰期
東都添箇狂賓客
先報壺觴風月知","將至東都先寄令狐留守黄鳥無聲葉滿枝
閑吟想到洛城時
惜逢金谷三春盡
恨拜銅樓一月遲
詩境忽來還自得
醉鄉潛去與誰期
東都添箇狂賓客
先報壺觴風月知",73
1922,poem,1922,卷二十七,,,律詩,答崔十八見寄,,,1922,revised_jsonl_direct,1923,829,revised_jsonl,笺；唐故虢州刺史赠礼部尚书崔公墓志铭；白氏文集；新唐书；寄崔少监；知足吟,,0,False,,0,False,1,8,"明朝欲見琴樽伴
洗拭金杯拂玉徽
君乞曹州刺史替
我抛刑部侍郎歸
倚瘡老馬收蹄立
避箭高鴻盡翅飛
豈料洛陽風月夜
故人垂老得相依","答崔十八見寄明朝欲見琴樽伴
洗拭金杯拂玉徽
君乞曹州刺史替
我抛刑部侍郎歸
倚瘡老馬收蹄立
避箭高鴻盡翅飛
豈料洛陽風月夜
故人垂老得相依",69
1923,poem,1923,卷二十七,,,律詩,贈皇甫賓客,,,1923,revised_jsonl_direct,1924,829,revised_jsonl,笺；寄皇甫宾客；赠悼怀太子挽歌辞二首；东南行一百韵寄通州元九侍御澧州李十一舍人果州崔二十二使君开州韦大员外庾三十二补阙杜十四拾遗李二十助教员外窦七校书,,0,False,,0,False,1,8,"輕衣穩馬槐陰路
漸近東來漸少塵
耳鬧久憎聞俗事
眼明初喜見閑人
昔曾對作承華相
今復連爲博望賓
始信淡交宜久遠
與君轉老轉相親","贈皇甫賓客輕衣穩馬槐陰路
漸近東來漸少塵
耳鬧久憎聞俗事
眼明初喜見閑人
昔曾對作承華相
今復連爲博望賓
始信淡交宜久遠
與君轉老轉相親",68
1924,poem,1924,卷二十七,,,律詩,歸履道宅,,,1924,revised_jsonl_direct,1925,829,revised_jsonl,谱；笺；履道新居二十韵；对酒示行简,,0,False,,0,False,1,8,"驛吏引藤輿
家僮開竹扉
往時多暫住
今日是長歸
眼下有衣食
耳邊無是非
不論貧與富
飲水亦應肥","歸履道宅驛吏引藤輿
家僮開竹扉
往時多暫住
今日是長歸
眼下有衣食
耳邊無是非
不論貧與富
飲水亦應肥",51
1925,poem,1925,卷二十七,,,律詩,問江南物,,,1925,revised_jsonl_direct,1926,829,revised_jsonl,笺；洛下卜居；池上篇序；白氏文集；题新居呈王尹兼简府中三椽；题小桥前新竹招客；送鹤与裴相临别赠诗,,0,False,,0,False,1,8,"歸來未及問生涯
先問江南物在耶
引手摩挲青石笋
迴頭點撿白蓮花
蘇州舫故龍頭暗
王尹橋傾雁齒斜
别有夜深惆悵事
月明雙鶴在裴家","問江南物歸來未及問生涯
先問江南物在耶
引手摩挲青石笋
迴頭點撿白蓮花
蘇州舫故龍頭暗
王尹橋傾雁齒斜
别有夜深惆悵事
月明雙鶴在裴家",67
1926,poem,1926,卷二十七,,,律詩,蕭庶子相過,,,1926,revised_jsonl_direct,1927,829,revised_jsonl,笺；开成二年三月三日祓禊洛滨,,0,False,,0,False,1,4,"半日停車馬
何人在白家
慇懃蕭庶子
愛酒不嫌茶","蕭庶子相過半日停車馬
何人在白家
慇懃蕭庶子
愛酒不嫌茶",28
1927,poem,1927,卷二十七,,,律詩,答尉遲少尹問所須,,,1927,revised_jsonl_direct,1928,829,revised_jsonl,笺；城东闲行因题尉迟司业水阁,,0,False,,0,False,1,4,"乍到頻勞問所須
所須非玉亦非珠
愛君水閣宜閑詠
每有詩成許去無","答尉遲少尹問所須乍到頻勞問所須
所須非玉亦非珠
愛君水閣宜閑詠
每有詩成許去無",39
1928,poem,1928,卷二十七,,,律詩,詠閑,,,1928,revised_jsonl_direct,1929,829,revised_jsonl,笺,,0,False,,0,False,1,8,"但有閑銷日
都無事繫懷
朝眠因客起
午飯伴僧齋
樹合陰交户
池分水夾階
就中今夜好
風月似江淮","詠閑但有閑銷日
都無事繫懷
朝眠因客起
午飯伴僧齋
樹合陰交户
池分水夾階
就中今夜好
風月似江淮",49
1929,poem,1929,卷二十七,,,律詩,同崔十八寄元浙東王陝州,,,1929,revised_jsonl_direct,1930,829,revised_jsonl,笺；答崔十八见寄；酬集贤刘郎中对月见寄兼怀元浙东；陕府王大夫相迎偶赠；元微之除浙东观察使喜得杭越邻州先赠长句；常乐里闲居偶题十六韵兼寄刘十五公舆王十一起吕二炅吕四颖崔十八玄亮元九稹刘三十二敦质张十五仲方时为校书郎；酬哥舒大见赠,,0,False,,0,False,1,8,"未能同隱雲林下
且復相招祿仕間
隨月有錢勝賣藥
終年無事抵歸山
鏡湖水遠何由汎
棠樹枝高不易攀
惆悵八科殘四在
兩人榮鬧兩人閑","同崔十八寄元浙東王陝州未能同隱雲林下
且復相招祿仕間
隨月有錢勝賣藥
終年無事抵歸山
鏡湖水遠何由汎
棠樹枝高不易攀
惆悵八科殘四在
兩人榮鬧兩人閑",74
1930,poem,1930,卷二十七,,,律詩,答蘇庶子月夜聞家僮奏樂見贈,,,1930,revised_jsonl_direct,1931,829,revised_jsonl,笺；答苏庶子,,0,False,,0,False,1,4,"牆西明月水東亭
一曲霓裳按小伶
不敢邀君無别境
絃生管澀未堪聽","答蘇庶子月夜聞家僮奏樂見贈牆西明月水東亭
一曲霓裳按小伶
不敢邀君無别境
絃生管澀未堪聽",44
1931,poem,1931,卷二十七,,,律詩,偶吟,,,1931,revised_jsonl_direct,1932,829,revised_jsonl,笺；咏家酝十韵,,0,False,,0,False,1,8,"里巷多通水
林園盡不扃
松身爲外户
池面是中庭
元氏詩三帙
陳家酒一瓶
醉來狂發詠
鄰女映籬聽","偶吟里巷多通水
林園盡不扃
松身爲外户
池面是中庭
元氏詩三帙
陳家酒一瓶
醉來狂發詠
鄰女映籬聽",49
1932,poem,1932,卷二十七,,,律詩,白蓮池汎舟,,,1932,revised_jsonl_direct,1933,829,revised_jsonl,笺；池上篇序；白氏文集；演繁露；白莲池泛舟；种白莲诗；东林寺白莲,,0,False,,0,False,1,4,"白藕新花照水開
紅窗小舫信風迴
誰教一片江南興
逐我慇懃萬里來","白蓮池汎舟白藕新花照水開
紅窗小舫信風迴
誰教一片江南興
逐我慇懃萬里來",36
1933,poem,1933,卷二十七,,,律詩,池上即事,,,1933,revised_jsonl_direct,1934,829,revised_jsonl,谱；笺；孟子,孟子,1,True,,0,False,1,8,"行尋甃石引新泉
坐看修橋補釣船
綠竹掛衣凉處歇
清風展簟困時眠
身閑當貴真天爵
官散無憂即地仙
林下水邊無厭日
便堪終老豈論年","池上即事行尋甃石引新泉
坐看修橋補釣船
綠竹掛衣凉處歇
清風展簟困時眠
身閑當貴真天爵
官散無憂即地仙
林下水邊無厭日
便堪終老豈論年",67
1934,poem,1934,卷二十七,,,律詩,酬裴相公見寄二絶其一,,,1934,revised_jsonl_direct,1935,829,revised_jsonl,笺；和张十八秘书谢裴相公寄马,,0,False,,0,False,1,4,"習靜心方泰
勞生事漸稀
可憐安穩地
捨此欲何歸","酬裴相公見寄二絶其一習靜心方泰
勞生事漸稀
可憐安穩地
捨此欲何歸",33
1935,poem,1935,卷二十七,,,律詩,酬裴相公見寄二絶其二,,,1935,revised_jsonl_direct,1936,,revised_jsonl,,,0,False,,0,False,1,4,"一雙垂翅鶴
數首解嘲文
總是迂閑物
爭堪伴相君","酬裴相公見寄二絶其二一雙垂翅鶴
數首解嘲文
總是迂閑物
爭堪伴相君",33
1936,poem,1936,卷二十七,,,律詩,答夢得聞蟬見寄,,,1936,revised_jsonl_direct,1937,829,revised_jsonl,笺,,0,False,,0,False,1,8,"開緘思浩然
獨詠晚風前
人貌非前日
蟬聲似去年
槐花新雨後
柳影欲秋天
聽罷無他計
相思又一篇","答夢得聞蟬見寄開緘思浩然
獨詠晚風前
人貌非前日
蟬聲似去年
槐花新雨後
柳影欲秋天
聽罷無他計
相思又一篇",54
1937,poem,1937,卷二十七,,,律詩,令狐尚書許過弊居先贈長句,,,1937,revised_jsonl_direct,1938,829,revised_jsonl,笺；送东都留守令狐尚书赴任；郡斋暇日忆庐山草堂兼寄二林僧社三十韵多叙贬官已来出处之意；魏书；问江南物,魏书,1,True,,0,False,1,8,"不矜軒冕愛林泉
許到池頭一醉眠
已遣平治行藥逕
兼教掃拂釣魚船
應將筆硯隨詩主
定有笙歌伴酒仙
祗候高情無别物
蒼苔石笋白花蓮","令狐尚書許過弊居先贈長句不矜軒冕愛林泉
許到池頭一醉眠
已遣平治行藥逕
兼教掃拂釣魚船
應將筆硯隨詩主
定有笙歌伴酒仙
祗候高情無别物
蒼苔石笋白花蓮",75
1938,poem,1938,卷二十七,,,律詩,自題,,,1938,revised_jsonl_direct,1939,829,revised_jsonl,笺,,0,False,,0,False,1,8,"老宜官冷靜
貧賴俸優饒
熱月無堆案
寒天不趁朝
傍看應寂寞
自覺甚逍遥
徒對盈樽酒
兼無愁可銷","自題老宜官冷靜
貧賴俸優饒
熱月無堆案
寒天不趁朝
傍看應寂寞
自覺甚逍遥
徒對盈樽酒
兼無愁可銷",49
1939,poem,1939,卷二十七,,,律詩,答崔十八,,,1939,revised_jsonl_direct,1940,829,revised_jsonl,笺；答崔十八见寄,,0,False,,0,False,1,4,"勞將白叟比黄公
今古由來事不同
我有商山君未見
清泉白石在胸中","答崔十八勞將白叟比黄公
今古由來事不同
我有商山君未見
清泉白石在胸中",35
1940,poem,1940,卷二十七,,,律詩,偶詠,,,1940,revised_jsonl_direct,1941,829,revised_jsonl,笺；秋游原上；衰病；赠王山人,,0,False,,0,False,1,8,"禦熱蕉衣健
扶羸竹杖輕
誦經凭檻立
散藥遶廊行
暝槿無風落
秋蟲欲雨鳴
身閑當將息
病亦有心情","偶詠禦熱蕉衣健
扶羸竹杖輕
誦經凭檻立
散藥遶廊行
暝槿無風落
秋蟲欲雨鳴
身閑當將息
病亦有心情",49
1941,poem,1941,卷二十七,,,律詩,答蘇六,,,1941,revised_jsonl_direct,1942,829,revised_jsonl,笺；答苏庶子；竹窗；醉题沈子明壁,,0,False,,0,False,1,4,"但喜暑隨三伏去
不知秋送二毛來
更無别計相寬慰
故遣楊關勸一杯","答蘇六但喜暑隨三伏去
不知秋送二毛來
更無别計相寬慰
故遣楊關勸一杯",34
1942,poem,1942,卷二十七,,,律詩,秋遊,,,1942,revised_jsonl_direct,1943,829,revised_jsonl,笺,,0,False,,0,False,1,4,"下馬閑行伊水頭
凉風清景勝春遊
何事古今詩句裏
不多説著洛陽秋","秋遊下馬閑行伊水頭
凉風清景勝春遊
何事古今詩句裏
不多説著洛陽秋",33
1943,poem,1943,卷二十七,,,律詩,偶作,,,1943,revised_jsonl_direct,1944,829,revised_jsonl,笺；世说新语；丘中有一士；好听琴；夜雨,,0,False,,0,False,1,8,"張翰一杯酒
榮期三樂歌
聰明傷混沌
煩惱污頭陀
簟冷秋生早
階閑日上多
近來門更靜
無雀可張羅","偶作張翰一杯酒
榮期三樂歌
聰明傷混沌
煩惱污頭陀
簟冷秋生早
階閑日上多
近來門更靜
無雀可張羅",49
1944,poem,1944,卷二十七,,,律詩,遊平泉贈晦叔,,,1944,revised_jsonl_direct,1945,829,revised_jsonl,笺；秋游平泉赠韦处士闲禅师；答崔十八见寄,,0,False,,0,False,1,8,"照水容雖老
登山力未衰
欲眠先命酒
暫歇亦吟詩
且喜身無縛
終慚鬢有絲
迴頭語閑伴
閑校十年遲","遊平泉贈晦叔照水容雖老
登山力未衰
欲眠先命酒
暫歇亦吟詩
且喜身無縛
終慚鬢有絲
迴頭語閑伴
閑校十年遲",53
1945,poem,1945,卷二十七,,,律詩,不出門,,,1945,revised_jsonl_direct,1946,829,revised_jsonl,笺；祖堂集；景德传灯录；酉阳杂俎；高僧传；耆域传；增壹阿含经；华严经,,0,False,,0,False,1,8,"不出門來又數旬
將何銷日與誰親
鶴籠開處見君子
書卷展時逢古人
自靜其心延壽命
無求於物長精神
能行便是真修道
何必降魔調伏身","不出門不出門來又數旬
將何銷日與誰親
鶴籠開處見君子
書卷展時逢古人
自靜其心延壽命
無求於物長精神
能行便是真修道
何必降魔調伏身",66
1946,poem,1946,卷二十七,,,律詩,勸病鶴,,,1946,revised_jsonl_direct,1947,829,revised_jsonl,笺；病中对病鹤,,0,False,,0,False,1,4,"右翅低垂左脛傷
可憐風貌甚昂藏
亦知白日青天好
未要高飛且養瘡","勸病鶴右翅低垂左脛傷
可憐風貌甚昂藏
亦知白日青天好
未要高飛且養瘡",34
1947,poem,1947,卷二十七,,,律詩,臨都驛送崔十八,,,1947,revised_jsonl_direct,1948,829,revised_jsonl,笺；临都驿答梦得六言二首；答崔十八见寄,,0,False,,0,False,1,6,"勿言臨都五六里
扶病出城相送來
莫道長安一步地
馬頭西去幾時迴
與君後會知何處
爲我今朝盡一杯","臨都驛送崔十八勿言臨都五六里
扶病出城相送來
莫道長安一步地
馬頭西去幾時迴
與君後會知何處
爲我今朝盡一杯",54
1948,poem,1948,卷二十七,,,律詩,對鏡,,,1948,revised_jsonl_direct,1949,829,revised_jsonl,笺；答四皓庙,,0,False,,0,False,1,8,"三分鬢髮二分絲
曉鏡秋容相對時
去作忙官應太老
退爲閑叟未全遲
靜中得味何須道
穩處安身更莫疑
若使至今黄綺在
聞吾此語亦分司","對鏡三分鬢髮二分絲
曉鏡秋容相對時
去作忙官應太老
退爲閑叟未全遲
靜中得味何須道
穩處安身更莫疑
若使至今黄綺在
聞吾此語亦分司",65
1949,poem,1949,卷二十七,,,律詩,勸酒十四首何處難忘酒七首其一,,,1949,revised_jsonl_direct,1950,830,revised_jsonl,谱；笺；旧唐书；唐阙史；册府元龜；唐摭言,,0,False,,0,False,1,8,"何處難忘酒
長安喜氣新
初登高第後
乍作好官人
省壁明張牓
朝衣穩稱身
此時無一盞
爭奈帝城春","勸酒十四首何處難忘酒七首其一何處難忘酒
長安喜氣新
初登高第後
乍作好官人
省壁明張牓
朝衣穩稱身
此時無一盞
爭奈帝城春",61
1950,poem,1950,卷二十七,,,律詩,勸酒十四首何處難忘酒七首其二,,,1950,revised_jsonl_direct,1951,,revised_jsonl,,,0,False,,0,False,1,8,"何處難忘酒
天涯話舊情
青雲俱不達
白髮遞相驚
二十年前别
三千里外行
此時無一盞
何以叙平生","勸酒十四首何處難忘酒七首其二何處難忘酒
天涯話舊情
青雲俱不達
白髮遞相驚
二十年前别
三千里外行
此時無一盞
何以叙平生",61
1951,poem,1951,卷二十七,,,律詩,勸酒十四首何處難忘酒七首其三,,,1951,revised_jsonl_direct,1952,,revised_jsonl,学刘公干诗五首,,0,False,,0,False,1,8,"何處難忘酒
朱門美少年
春分花發後
寒食月明前
小院迴羅綺
深房理管絃
此時無一盞
爭過豔陽天","勸酒十四首何處難忘酒七首其三何處難忘酒
朱門美少年
春分花發後
寒食月明前
小院迴羅綺
深房理管絃
此時無一盞
爭過豔陽天",61
1952,poem,1952,卷二十七,,,律詩,勸酒十四首何處難忘酒七首其四,,,1952,revised_jsonl_direct,1953,,revised_jsonl,,,0,False,,0,False,1,8,"何處難忘酒
霜庭老病翁
暗聲啼蟋蟀
乾葉落梧桐
鬢爲愁先白
顔因醉暫紅
此時無一盞
何計奈秋風","勸酒十四首何處難忘酒七首其四何處難忘酒
霜庭老病翁
暗聲啼蟋蟀
乾葉落梧桐
鬢爲愁先白
顔因醉暫紅
此時無一盞
何計奈秋風",61
1953,poem,1953,卷二十七,,,律詩,勸酒十四首何處難忘酒七首其五,,,1953,revised_jsonl_direct,1954,,revised_jsonl,魏书；李供奉弹箜篌歌；赠美人四首；杜阳杂编；太平广记；芸辉堂,魏书,1,True,,0,False,1,8,"何處難忘酒
軍功第一高
還鄉隨露布
半路授旌旄
玉柱剥葱手
金章爛椹袍
此時無一盞
何以騁雄豪","勸酒十四首何處難忘酒七首其五何處難忘酒
軍功第一高
還鄉隨露布
半路授旌旄
玉柱剥葱手
金章爛椹袍
此時無一盞
何以騁雄豪",61
1954,poem,1954,卷二十七,,,律詩,勸酒十四首何處難忘酒七首其六,,,1954,revised_jsonl_direct,1955,,revised_jsonl,寄隐者；武丘寺路宴留别诸妓；草茫茫；长乐坡送人赋得愁字,,0,False,,0,False,1,8,"何處難忘酒
青門送别多
斂襟收涕淚
簇馬聽笙歌
煙樹灞陵岸
風塵長樂坡
此時無一盞
爭奈去留何","勸酒十四首何處難忘酒七首其六何處難忘酒
青門送别多
斂襟收涕淚
簇馬聽笙歌
煙樹灞陵岸
風塵長樂坡
此時無一盞
爭奈去留何",61
1955,poem,1955,卷二十七,,,律詩,勸酒十四首何處難忘酒七首其七,,,1955,revised_jsonl_direct,1956,,revised_jsonl,,,0,False,,0,False,1,8,"何處難忘酒
逐臣歸故園
赦書逢驛騎
賀客出都門
半面瘴煙色
滿衫鄉淚痕
此時無一盞
何物可招魂","勸酒十四首何處難忘酒七首其七何處難忘酒
逐臣歸故園
赦書逢驛騎
賀客出都門
半面瘴煙色
滿衫鄉淚痕
此時無一盞
何物可招魂",61
1956,poem,1956,卷二十七,,,律詩,勸酒十四首不如來飲酒七首其一,,,1956,revised_jsonl_direct,1957,,revised_jsonl,,,0,False,,0,False,1,8,"莫隱深山去
君應到自嫌
齒傷朝水冷
貌苦夜霜嚴
漁去風生浦
樵歸雪滿巖
不如來飲酒
相對醉厭厭","勸酒十四首不如來飲酒七首其一莫隱深山去
君應到自嫌
齒傷朝水冷
貌苦夜霜嚴
漁去風生浦
樵歸雪滿巖
不如來飲酒
相對醉厭厭",61
1957,poem,1957,卷二十七,,,律詩,勸酒十四首不如來飲酒七首其二,,,1957,revised_jsonl_direct,1958,,revised_jsonl,,,0,False,,0,False,1,8,"莫作農夫去
君應見自愁
迎春犂瘦地
趁晚餧羸牛
數被官加税
稀逢歲有秋
不如來飲酒
相伴醉悠悠","勸酒十四首不如來飲酒七首其二莫作農夫去
君應見自愁
迎春犂瘦地
趁晚餧羸牛
數被官加税
稀逢歲有秋
不如來飲酒
相伴醉悠悠",61
1958,poem,1958,卷二十七,,,律詩,勸酒十四首不如來飲酒七首其三,,,1958,revised_jsonl_direct,1959,,revised_jsonl,蜀都赋,蜀都赋,1,True,,0,False,1,8,"莫作商人去
恓惶君未諳
雪霜行塞北
風水宿江南
藏鏹百千萬
沉舟十二三
不如來飲酒
仰面醉酣酣","勸酒十四首不如來飲酒七首其三莫作商人去
恓惶君未諳
雪霜行塞北
風水宿江南
藏鏹百千萬
沉舟十二三
不如來飲酒
仰面醉酣酣",61
1959,poem,1959,卷二十七,,,律詩,勸酒十四首不如來飲酒七首其四,,,1959,revised_jsonl_direct,1960,,revised_jsonl,赠写真者,,0,False,,0,False,1,8,"莫事長征去
辛勤難具論
何曾畫麟閣
秖是老轅門
蟣虱衣中物
刀槍面上痕
不如來飲酒
合眼醉昏昏","勸酒十四首不如來飲酒七首其四莫事長征去
辛勤難具論
何曾畫麟閣
秖是老轅門
蟣虱衣中物
刀槍面上痕
不如來飲酒
合眼醉昏昏",61
1960,poem,1960,卷二十七,,,律詩,勸酒十四首不如來飲酒七首其五,,,1960,revised_jsonl_direct,1961,,revised_jsonl,相和歌辞,,0,False,,0,False,1,8,"莫學長生去
仙方誤殺君
那將薤上露
擬待鶴邊雲
矻矻皆燒藥
纍纍盡作墳
不如來飲酒
閑坐醉醺醺","勸酒十四首不如來飲酒七首其五莫學長生去
仙方誤殺君
那將薤上露
擬待鶴邊雲
矻矻皆燒藥
纍纍盡作墳
不如來飲酒
閑坐醉醺醺",61
1961,poem,1961,卷二十七,,,律詩,勸酒十四首不如來飲酒七首其六,,,1961,revised_jsonl_direct,1962,,revised_jsonl,管子；说苑；佛本行集经,管子；说苑,2,True,,0,False,1,8,"莫上青雲去
青雲足愛憎
自賢誇智慧
相糾鬭功能
魚爛緣吞餌
蛾燋爲撲燈
不如來飲酒
任性醉騰騰","勸酒十四首不如來飲酒七首其六莫上青雲去
青雲足愛憎
自賢誇智慧
相糾鬭功能
魚爛緣吞餌
蛾燋爲撲燈
不如來飲酒
任性醉騰騰",61
1962,poem,1962,卷二十七,,,律詩,勸酒十四首不如來飲酒七首其七,,,1962,revised_jsonl_direct,1963,,revised_jsonl,对酒五首；汉书；天可度,汉书,1,True,,0,False,1,8,"莫入紅塵去
令人心力勞
相爭兩蝸角
所得一牛毛
且滅嗔中火
休磨笑裏刀
不如來飲酒
穩卧醉陶陶","勸酒十四首不如來飲酒七首其七莫入紅塵去
令人心力勞
相爭兩蝸角
所得一牛毛
且滅嗔中火
休磨笑裏刀
不如來飲酒
穩卧醉陶陶",61
1963,poem,1963,卷二十七,,,律詩,和令狐相公寄劉郎中兼見示長句,,,1963,revised_jsonl_direct,1964,831,revised_jsonl,笺；送东都留守令狐尚书赴任；寄礼部刘郎中诗；酬令狐相公见寄；宿蓝桥对月；唐会要；奉酬李相公见示绝句；旧唐书；艺文类聚；汉官仪；送颜平原,汉官仪,1,True,,0,False,1,8,"日月天衢仰面看
尚淹池鳳滯臺鸞
碧幢千里空移鎮
赤筆三年未轉官
别後縱吟終少興
病來雖飲不多歡
酒軍詩敵如相遇
臨老猶能一據鞍","和令狐相公寄劉郎中兼見示長句日月天衢仰面看
尚淹池鳳滯臺鸞
碧幢千里空移鎮
赤筆三年未轉官
别後縱吟終少興
病來雖飲不多歡
酒軍詩敵如相遇
臨老猶能一據鞍",77
1964,poem,1964,卷二十七,,,律詩,即事,,,1964,revised_jsonl_direct,1965,830,revised_jsonl,笺,,0,False,,0,False,1,8,"見月連宵坐
聞風盡日眠
室香羅藥氣
籠煖焙茶煙
鶴啄新晴地
雞棲薄暮天
自看淘酒米
倚杖小池前","即事見月連宵坐
聞風盡日眠
室香羅藥氣
籠煖焙茶煙
鶴啄新晴地
雞棲薄暮天
自看淘酒米
倚杖小池前",49
1965,poem,1965,卷二十七,,,律詩,期宿客不至,,,1965,revised_jsonl_direct,1966,830,revised_jsonl,笺；和侍郎邀宿不至；和夜题玉泉寺；和秋游洛阳；侍郎宅泛池；自鄂渚至河南将归江外留辞侍郎,,0,False,,0,False,1,4,"風飄雨灑簾帷故
竹映松遮燈火深
宿客不來嫌冷落
一樽酒對一張琴","期宿客不至風飄雨灑簾帷故
竹映松遮燈火深
宿客不來嫌冷落
一樽酒對一張琴",36
1966,poem,1966,卷二十七,,,律詩,問移竹,,,1966,revised_jsonl_direct,1967,830,revised_jsonl,笺；齐民要术,,0,False,,0,False,1,4,"問君移竹意如何
慎勿排行但間窠
多種少栽皆有意
大都少校不如多","問移竹問君移竹意如何
慎勿排行但間窠
多種少栽皆有意
大都少校不如多",34
1967,poem,1967,卷二十七,,,律詩,重陽席上賦白菊,,,1967,revised_jsonl_direct,1968,830,revised_jsonl,笺；梁鼓角横吹曲；双石,,0,False,,0,False,1,4,"滿園花菊鬱金黄
中有孤叢色似霜
還似今朝歌酒席
白頭翁入少年場","重陽席上賦白菊滿園花菊鬱金黄
中有孤叢色似霜
還似今朝歌酒席
白頭翁入少年場",38
1968,poem,1968,卷二十七,,,律詩,偶吟二首其一,,,1968,revised_jsonl_direct,1969,830,revised_jsonl,笺；九江春望；赠苏少府,,0,False,,0,False,1,8,"眼下有衣兼有食
心中無喜亦無憂
匹如身後有何事
應向人間無所求
靜念道經深閉目
閑迎禪客小低頭
猶殘少許雲泉興
一歲龍門數度遊","偶吟二首其一眼下有衣兼有食
心中無喜亦無憂
匹如身後有何事
應向人間無所求
靜念道經深閉目
閑迎禪客小低頭
猶殘少許雲泉興
一歲龍門數度遊",69
1969,poem,1969,卷二十七,,,律詩,偶吟二首其二,,,1969,revised_jsonl_direct,1970,,revised_jsonl,川守大夫刘公早岁寓居敦行里肆有题壁十韵；春葺新居,,0,False,,0,False,1,8,"晴教曬藥泥茶竈
閑看科松洗竹林
活計縱貧長淨潔
池亭雖小頗幽深
厨香炊黍調和酒
窗暖安絃拂拭琴
老去生涯秖如此
更無餘事可勞心","偶吟二首其二晴教曬藥泥茶竈
閑看科松洗竹林
活計縱貧長淨潔
池亭雖小頗幽深
厨香炊黍調和酒
窗暖安絃拂拭琴
老去生涯秖如此
更無餘事可勞心",69
1970,poem,1970,卷二十七,,,律詩,何處春先到,,,1970,revised_jsonl_direct,1971,830,revised_jsonl,笺,,0,False,,0,False,1,8,"何處春先到
橋東水北亭
凍花開未得
冷酒著難醒
就日移輕榻
遮風展小屏
不勞人勸醉
鶯語漸丁寧","何處春先到何處春先到
橋東水北亭
凍花開未得
冷酒著難醒
就日移輕榻
遮風展小屏
不勞人勸醉
鶯語漸丁寧",52
1971,poem,1971,卷二十七,,,律詩,勉閑遊,,,1971,revised_jsonl_direct,1972,830,revised_jsonl,笺；敦煌变文集；角座文汇抄；祖堂集,,0,False,,0,False,1,8,"天時人事常多故
一歲春能幾處遊
不是塵埃便風雨
若非疾病即悲憂
貧窮心苦多無興
富貴身忙不自由
唯有分司官恰好
閑遊雖老未能休","勉閑遊天時人事常多故
一歲春能幾處遊
不是塵埃便風雨
若非疾病即悲憂
貧窮心苦多無興
富貴身忙不自由
唯有分司官恰好
閑遊雖老未能休",66
1972,poem,1972,卷二十七,,,律詩,寄兩銀榼與裴侍郎因題兩絶其一,,,1972,revised_jsonl_direct,1973,831,revised_jsonl,笺；旧唐书,,0,False,,0,False,1,4,"貧無好物堪爲信
雙榼雖輕意不輕
願奉謝公池上酌
丹心綠酒一時傾","寄兩銀榼與裴侍郎因題兩絶其一貧無好物堪爲信
雙榼雖輕意不輕
願奉謝公池上酌
丹心綠酒一時傾",45
1973,poem,1973,卷二十七,,,律詩,寄兩銀榼與裴侍郎因題兩絶其二,,,1973,revised_jsonl_direct,1974,,revised_jsonl,书,书,1,True,,0,False,1,6,"慣和麴蘖堪盛否
重用鹽梅試洗看
小器不知容幾許
襄陽米賤酒升寬
銀匠洗銀
多以鹽花梅漿也","寄兩銀榼與裴侍郎因題兩絶其二慣和麴蘖堪盛否
重用鹽梅試洗看
小器不知容幾許
襄陽米賤酒升寬
銀匠洗銀
多以鹽花梅漿也",58
1974,poem,1974,卷二十七,,,律詩,小橋柳,,,1974,revised_jsonl_direct,1975,831,revised_jsonl,笺,,0,False,,0,False,1,4,"細水涓涓似淚流
日西惆悵小橋頭
衰楊葉盡空枝在
猶被霜風吹不休","小橋柳細水涓涓似淚流
日西惆悵小橋頭
衰楊葉盡空枝在
猶被霜風吹不休",34
1975,poem,1975,卷二十七,,,律詩,哭微之二首其一,,,1975,revised_jsonl_direct,1976,831,revised_jsonl,笺；祭微之文；白氏文集；哭微之；哭微之二首；礼记,礼记,1,True,,0,False,1,4,"八月凉風吹白幕
寢門廊下哭微之
妻孥朋友來相弔
唯道皇天無所知","哭微之二首其一八月凉風吹白幕
寢門廊下哭微之
妻孥朋友來相弔
唯道皇天無所知",38
1976,poem,1976,卷二十七,,,律詩,哭微之二首其二,,,1976,revised_jsonl_direct,1977,,revised_jsonl,元相公挽歌词三首,,0,False,,0,False,1,4,"文章卓犖生無敵
風骨英靈殁有神
哭送咸陽北原上
可能隨例作灰塵","哭微之二首其二文章卓犖生無敵
風骨英靈殁有神
哭送咸陽北原上
可能隨例作灰塵",38
1977,poem,1977,卷二十七,,,律詩,馬上晚吟,,,1977,revised_jsonl_direct,1978,831,revised_jsonl,笺；上阳白发人；初学记；风俗通,风俗通,1,True,,0,False,1,8,"人少街荒已寂寥
風多塵起重蕭條
上陽落葉飄宮樹
中渡流澌擁渭橋
出早冒寒衣校薄
歸遲侵黑酒全消
如今不是閑行日
日短天陰坊曲遥","馬上晚吟人少街荒已寂寥
風多塵起重蕭條
上陽落葉飄宮樹
中渡流澌擁渭橋
出早冒寒衣校薄
歸遲侵黑酒全消
如今不是閑行日
日短天陰坊曲遥",67
1978,poem,1978,卷二十七,,,律詩,醉中重留夢得,,,1978,revised_jsonl_direct,1979,831,revised_jsonl,笺；寄刘苏州；醉答乐天；九日寄微之,,0,False,,0,False,1,4,"劉郎劉郎莫先起
蘇臺蘇臺隔雲水
酒盞來從一百分
馬頭去便三千里","醉中重留夢得劉郎劉郎莫先起
蘇臺蘇臺隔雲水
酒盞來從一百分
馬頭去便三千里",37
1979,poem,1979,卷二十七,,,律詩,雪夜喜李郎中見訪兼酬所贈,,,1979,revised_jsonl_direct,1980,831,revised_jsonl,笺；世说新语；青毡帐二十韵,,0,False,,0,False,1,8,"可憐今夜鵝毛雪
引得高情鶴氅人
紅蠟燭前明似畫
青氈帳裏暖如春
十分滿盞黄金液
一尺中庭白玉塵
對此欲留君便宿
詩情酒分合相親","雪夜喜李郎中見訪兼酬所贈可憐今夜鵝毛雪
引得高情鶴氅人
紅蠟燭前明似畫
青氈帳裏暖如春
十分滿盞黄金液
一尺中庭白玉塵
對此欲留君便宿
詩情酒分合相親",75
1980,poem,1980,卷二十七,,,律詩,任老,,,1980,revised_jsonl_direct,1981,832,revised_jsonl,笺,,0,False,,0,False,1,4,"不愁陌上春光盡
亦任庭前日影斜
面黑眼昏頭雪白
老應無可更增加","任老不愁陌上春光盡
亦任庭前日影斜
面黑眼昏頭雪白
老應無可更增加",33
1981,poem,1981,卷二十七,,,律詩,勸歡,,,1981,revised_jsonl_direct,1982,832,revised_jsonl,笺,,0,False,,0,False,1,4,"火急歡娛慎勿遲
眼看老病悔難追
樽前花下歌筵裏
會有求來不得時","勸歡火急歡娛慎勿遲
眼看老病悔難追
樽前花下歌筵裏
會有求來不得時",33
1982,poem,1982,卷二十七,,,律詩,答王尚書問履道池舊橋,,,1982,revised_jsonl_direct,1983,832,revised_jsonl,笺；旧唐书；问江南物；题小桥前新竹招客；忆洛下故园；后汉书；书,后汉书；书,2,True,,0,False,1,8,"虹梁雁齒隨年換
素板朱欄逐日修
但恨尚書能久别
莫愁川守不頻遊
重移舊柱開中眼
亂種新花擁兩頭
李郭小船何足問
待君乘過濟川舟","答王尚書問履道池舊橋虹梁雁齒隨年換
素板朱欄逐日修
但恨尚書能久别
莫愁川守不頻遊
重移舊柱開中眼
亂種新花擁兩頭
李郭小船何足問
待君乘過濟川舟",73
1983,poem,1983,卷二十七,,,律詩,晚歸府,,,1983,revised_jsonl_direct,1984,832,revised_jsonl,笺；秋游原上,,0,False,,0,False,1,4,"晚從履道來歸府
街路雖長尹不嫌
馬上凉於床上坐
綠槐風透紫蕉衫","晚歸府晚從履道來歸府
街路雖長尹不嫌
馬上凉於床上坐
綠槐風透紫蕉衫",34
1984,poem,1984,卷二十七,,,律詩,從龍潭寺至少林寺題贈同遊者,,,1984,revised_jsonl_direct,1985,832,revised_jsonl,笺；清一统志；魏书；明一统志；水经注；史记；艺文类聚；泰山记,魏书；史记；泰山记,3,True,史记,1,True,1,8,"山屐田衣六七賢
搴芳蹋翠弄潺湲
九龍潭月落杯酒
三品松風飄管絃
强健且宜遊勝地
清凉不覺過炎天
始知駕鶴乘雲外
别有消遥地上仙","從龍潭寺至少林寺題贈同遊者山屐田衣六七賢
搴芳蹋翠弄潺湲
九龍潭月落杯酒
三品松風飄管絃
强健且宜遊勝地
清凉不覺過炎天
始知駕鶴乘雲外
别有消遥地上仙",76
1985,poem,1985,卷二十七,,,律詩,夜從法王寺下歸嶽寺,,,1985,revised_jsonl_direct,1986,832,revised_jsonl,笺；清一统志；维摩经；别行简；东院,,0,False,,0,False,1,8,"雙刹夾虛空
緣雲一徑通
似從忉利下
如過劍門中
燈火光初合
笙歌曲未終
可憐師子座
舁出淨名翁","夜從法王寺下歸嶽寺雙刹夾虛空
緣雲一徑通
似從忉利下
如過劍門中
燈火光初合
笙歌曲未終
可憐師子座
舁出淨名翁",56
1986,poem,1986,卷二十七,,,律詩,宿龍潭寺,,,1986,revised_jsonl_direct,1987,832,revised_jsonl,笺；从龙潭寺至少林寺题赠同游者,,0,False,,0,False,1,4,"夜上九潭誰是伴
雲隨飛蓋月隨杯
明年尚作三川守
此地兼將歌舞來","宿龍潭寺夜上九潭誰是伴
雲隨飛蓋月隨杯
明年尚作三川守
此地兼將歌舞來",35
1987,poem,1987,卷二十七,,,律詩,嵩陽觀夜奏霓裳,,,1987,revised_jsonl_direct,1988,832,revised_jsonl,笺；唐会要；霓裳羽衣歌；和送刘道士游天台；少室山少姨庙碑；汉书；太平寰宇记；明一统志,汉书,1,True,,0,False,1,8,"開元遺曲自淒凉
况近秋天調是商
愛者誰人唯白尹
奏時何處在嵩陽
迥臨山月聲彌怨
散入松風韻更長
子晉少姨聞定怪
人間亦便有霓裳","嵩陽觀夜奏霓裳開元遺曲自淒凉
况近秋天調是商
愛者誰人唯白尹
奏時何處在嵩陽
迥臨山月聲彌怨
散入松風韻更長
子晉少姨聞定怪
人間亦便有霓裳",70
1988,poem,1988,卷二十七,,,律詩,過元家履信宅,,,1988,revised_jsonl_direct,1989,832,revised_jsonl,笺；和梦游春诗一百韵,,0,False,,0,False,1,8,"雞犬喪家分散後
林園失主寂寥時
落花不語空辭樹
流水無情自入池
風蕩醼船初破漏
雨淋歌閣欲傾欹
前庭後院傷心事
唯是春風秋月知","過元家履信宅雞犬喪家分散後
林園失主寂寥時
落花不語空辭樹
流水無情自入池
風蕩醼船初破漏
雨淋歌閣欲傾欹
前庭後院傷心事
唯是春風秋月知",69
1989,poem,1989,卷二十七,,,律詩,和杜錄事題紅葉,,,1989,revised_jsonl_direct,1990,832,revised_jsonl,笺；洛中春来送杜录事赴蕲州,,0,False,,0,False,1,8,"寒山十月旦
霜葉一時新
似燒非因火
如花不待春
連行排絳帳
亂落剪紅巾
解駐籃輿看
風前唯兩人","和杜錄事題紅葉寒山十月旦
霜葉一時新
似燒非因火
如花不待春
連行排絳帳
亂落剪紅巾
解駐籃輿看
風前唯兩人",54
1990,poem,1990,卷二十七,,,律詩,題崔常侍濟上别墅,,,1990,revised_jsonl_direct,1991,832,revised_jsonl,笺；题崔常侍济源庄；唐故虢州刺史赠礼部尚书崔公墓志铭；白氏文集；墓志；新传；高仆射,,0,False,,0,False,1,8,"求榮爭寵任紛紛
脱棄金貂秖有君
散員疏去未爲貴
小邑陶休何足云
山色好當晴後見
泉聲宜向醉中聞
主人憶爾爾知否
抛却青雲歸白雲","題崔常侍濟上别墅求榮爭寵任紛紛
脱棄金貂秖有君
散員疏去未爲貴
小邑陶休何足云
山色好當晴後見
泉聲宜向醉中聞
主人憶爾爾知否
抛却青雲歸白雲",71
1991,poem,1991,卷二十七,,,律詩,過温尚書舊莊,,,1991,revised_jsonl_direct,1992,832,revised_jsonl,笺；旧唐书；奉酬李相公见示绝句；行次夏口先寄李大夫；送令狐相公赴太原；新唐书,,0,False,,0,False,1,4,"白石清泉抛濟口
碧幢紅旆照河陽
村人都不知時事
猶自呼爲處士莊","過温尚書舊莊白石清泉抛濟口
碧幢紅旆照河陽
村人都不知時事
猶自呼爲處士莊",37
1992,poem,1992,卷二十七,,,律詩,天壇峰下贈杜錄事,,,1992,revised_jsonl_direct,1993,832,revised_jsonl,笺；早冬游王屋自灵都抵阳台上方望天坛偶吟成章寄温谷周尊师中书李相公；和杜录事题红叶；忆昔行；九家集注；茅君内传；禹贡锥指；游王屋山记；寻王道士药堂因有题赠；寻郭道士不遇；对酒,,0,False,,0,False,1,11,"年顔氣力漸衰殘
王屋中峰欲上難
頂上將探小有洞
小有洞
在天壇頂上
喉中須嚥大還丹
時杜方煉伏火砂次
河車九轉宜精煉
火候三年在好看
他日藥成分一粒
與君先去掃天壇","天壇峰下贈杜錄事年顔氣力漸衰殘
王屋中峰欲上難
頂上將探小有洞
小有洞
在天壇頂上
喉中須嚥大還丹
時杜方煉伏火砂次
河車九轉宜精煉
火候三年在好看
他日藥成分一粒
與君先去掃天壇",90
1993,poem,1993,卷二十七,,,律詩,贈僧五首鉢塔院如大師,,,1993,revised_jsonl_direct,1994,831,revised_jsonl,笺；与僧智如夜话；文集；华严经；佛本行集经；撰集百缘经；增壹阿含经,,0,False,,0,False,1,8,"百千萬劫菩提種
八十三年功德林
若不秉持僧行苦
將何報答佛恩深
慈悲不瞬諸天眼
清淨無塵幾地心
每歲八關蒙九授
慇懃一戒重千金","贈僧五首鉢塔院如大師百千萬劫菩提種
八十三年功德林
若不秉持僧行苦
將何報答佛恩深
慈悲不瞬諸天眼
清淨無塵幾地心
每歲八關蒙九授
慇懃一戒重千金",73
1994,poem,1994,卷二十七,,,律詩,贈僧五首神照上人,,,1994,revised_jsonl_direct,1995,,revised_jsonl,唐东都奉国寺禅德大师照公塔铭；白氏文集；景德传灯录；历代法宝记；坛语；维摩经；世说新语,,0,False,,0,False,1,4,"心如定水隨形應
口似懸河逐病治
曾向衆中先禮拜
西方去日莫相遺","贈僧五首神照上人心如定水隨形應
口似懸河逐病治
曾向衆中先禮拜
西方去日莫相遺",39
1995,poem,1995,卷二十七,,,律詩,贈僧五首自遠禪師,,,1995,revised_jsonl_direct,1996,,revised_jsonl,祖堂集；乐道歌；景德传灯录,,0,False,,0,False,1,4,"自出家來長自在
緣身一衲一繩床
令人見即心無事
每一相逢是道場","贈僧五首自遠禪師自出家來長自在
緣身一衲一繩床
令人見即心無事
每一相逢是道場",39
1996,poem,1996,卷二十七,,,律詩,贈僧五首宗實上人,,,1996,revised_jsonl_direct,1997,,revised_jsonl,唐东都奉国寺禅德大师照公塔铭；白氏文集；笺；佛说未曾有正法经；长阿含经,,0,False,,0,False,1,4,"榮華恩愛棄成唾
戒定真如和作香
今古雖殊同一法
瞿曇抛却轉輪王","贈僧五首宗實上人榮華恩愛棄成唾
戒定真如和作香
今古雖殊同一法
瞿曇抛却轉輪王",39
1997,poem,1997,卷二十七,,,律詩,贈僧五首清閑上人,,,1997,revised_jsonl_direct,1998,,revised_jsonl,唐东都奉国寺禅德大师照公塔铭；白氏文集；修香山寺记；唐会要；画弥勒上生帧赞；旧唐书,,0,False,,0,False,1,4,"梓潼眷屬何年别
長壽壇場近日開
應是蜀人皆度了
法輪移向洛中來","贈僧五首清閑上人梓潼眷屬何年别
長壽壇場近日開
應是蜀人皆度了
法輪移向洛中來",39
1998,poem,1998,卷二十七,,,律詩,彈秋思,,,1998,revised_jsonl_direct,1999,832,revised_jsonl,笺；乐府诗集；蔡氏五弄；琴集；游春；渌水；幽居；坐愁；秋思；和尝新酒,,0,False,,0,False,1,4,"信意閑彈秋思時
調清聲直韻疏遲
近來漸喜無人聽
琴格高低心自知","彈秋思信意閑彈秋思時
調清聲直韻疏遲
近來漸喜無人聽
琴格高低心自知",34
1999,poem,1999,卷二十七,,,律詩,自詠,,,1999,revised_jsonl_direct,2000,832,revised_jsonl,笺；庄子,庄子,1,True,,0,False,1,8,"隨宜飲食聊充腹
取次衣裘亦煖身
未必得年非瘦薄
無妨長福是單貧
老龜豈羨犧牲飽
蟠木寧爭桃李春
隨分自安心自斷
是非何用問閑人","自詠隨宜飲食聊充腹
取次衣裘亦煖身
未必得年非瘦薄
無妨長福是單貧
老龜豈羨犧牲飽
蟠木寧爭桃李春
隨分自安心自斷
是非何用問閑人",65
2000,poem,2000,卷二十七,,,律詩,分司初到洛中偶題六韻兼戲呈馮尹,,,2000,revised_jsonl_direct,2001,829,revised_jsonl,笺；旧唐书；洛中偶作,,0,False,,0,False,1,12,"相府念多病
春宮容不才
官銜依口得
俸祿逐身來
白首林園在
紅塵車馬迴
招呼新客旅
掃掠舊池臺
小舫宜攜樂
新荷好蓋杯
不知金谷主
早晚賀筵開","分司初到洛中偶題六韻兼戲呈馮尹相府念多病
春宮容不才
官銜依口得
俸祿逐身來
白首林園在
紅塵車馬迴
招呼新客旅
掃掠舊池臺
小舫宜攜樂
新荷好蓋杯
不知金谷主
早晚賀筵開",86
2001,poem,2001,卷二十七,,,律詩,春風,,,2001,revised_jsonl_direct,2002,831,revised_jsonl,笺,,0,False,,0,False,1,4,"春風先發苑中梅
櫻杏桃梨次第開
薺花榆莢深村裏
亦道春風爲我來","春風春風先發苑中梅
櫻杏桃梨次第開
薺花榆莢深村裏
亦道春風爲我來",33
2002,poem,2002,卷二十八,,,律詩,洛陽春,,,2002,revised_jsonl_direct,2003,830,revised_jsonl,笺,,0,False,,0,False,1,4,"洛陽陌上春長在
昔别今來二十年
唯覓少年心不得
其餘萬事盡依然","洛陽春洛陽陌上春長在
昔别今來二十年
唯覓少年心不得
其餘萬事盡依然",34
2003,poem,2003,卷二十八,,,律詩,恨去年,,,2003,revised_jsonl_direct,2004,830,revised_jsonl,笺；将至东都先寄令狐留守,,0,False,,0,False,1,4,"老去猶耽酒
春來不著家
去年來校晚
不見洛陽花","恨去年老去猶耽酒
春來不著家
去年來校晚
不見洛陽花",26
2004,poem,2004,卷二十八,,,律詩,早出晚歸,,,2004,revised_jsonl_direct,2005,830,revised_jsonl,笺；哭祖六自虚；解闷,,0,False,,0,False,1,4,"早起或因攜酒出
晚歸多是看花迴
若抛風景長閑坐
自問東京作底來","早出晚歸早起或因攜酒出
晚歸多是看花迴
若抛風景長閑坐
自問東京作底來",35
2005,poem,2005,卷二十八,,,律詩,魏王堤,,,2005,revised_jsonl_direct,2006,830,revised_jsonl,笺；魏堤有怀,,0,False,,0,False,1,4,"花寒懶發鳥慵啼
信馬閑行到日西
何處未春先有思
柳條無力魏王堤","魏王堤花寒懶發鳥慵啼
信馬閑行到日西
何處未春先有思
柳條無力魏王堤",34
2006,poem,2006,卷二十八,,,律詩,嘗黄醅新酎憶微之,,,2006,revised_jsonl_direct,2007,829,revised_jsonl,笺；苕溪渔隐丛话；广汴赋；蔷薇正开春酒初熟因招刘十九张大崔二十四同饮；诗,诗,1,True,,0,False,1,10,"世間好物黄醅酒
天下閑人白侍郎
愛向卯時謀洽樂
亦曾酉日放粗狂
醉來枕麴貧如富
詩云
“一醉日富
”身後堆金有若亡
元九計程殊未到
甕頭一盞共誰嘗","嘗黄醅新酎憶微之世間好物黄醅酒
天下閑人白侍郎
愛向卯時謀洽樂
亦曾酉日放粗狂
醉來枕麴貧如富
詩云
“一醉日富
”身後堆金有若亡
元九計程殊未到
甕頭一盞共誰嘗",81
2007,poem,2007,卷二十八,,,律詩,勸行樂,,,2007,revised_jsonl_direct,2008,829,revised_jsonl,笺；送东川马逢侍御使回十韵；放言五首；喜梦得自冯翊归洛兼呈令公,,0,False,,0,False,1,4,"少年信美何曾久
春日雖遲不再中
歡笑勝愁歌勝哭
請君莫道等頭空","勸行樂少年信美何曾久
春日雖遲不再中
歡笑勝愁歌勝哭
請君莫道等頭空",34
2008,poem,2008,卷二十八,,,律詩,老慵,,,2008,revised_jsonl_direct,2009,829,revised_jsonl,笺；容斋五笔；老慵；与山涛绝交书,,0,False,,0,False,1,4,"豈是交親向我疏
老慵自愛閉門居
近來漸喜知聞斷
免惱嵇康索報書","老慵豈是交親向我疏
老慵自愛閉門居
近來漸喜知聞斷
免惱嵇康索報書",33
2009,poem,2009,卷二十八,,,律詩,酬别微之,,,2009,revised_jsonl_direct,2010,829,revised_jsonl,谱；笺；临都驿答梦得六言二首；醉后却寄元九；十年三月三日别微之于沣上十四年三月十一日夜遇微之于峡中停舟夷陵三宿而别言不尽者以诗终之因赋七言十七韵以赠且欲寄所遇之地与相见之时为他年会话张本也；重寄别微之；东南行一百韵寄通州元九侍御澧州李十一舍人果州崔二十二使君开州韦大员外庾三十二补阙杜十四拾遗李二十助教员外窦七校书；闻早莺；衰病,,0,False,,0,False,1,12,"灃頭峽口錢唐岸
三别都經二十年
且喜筋骸俱健在
勿嫌鬚鬢各皤然
君歸北闕朝天帝
我住東京作地仙
博望自來非棄置
承明重入莫拘牽
醉收杯杓停燈語
寒展衾裯對枕眠
猶被分司官繫絆
送君不得過甘泉","酬别微之灃頭峽口錢唐岸
三别都經二十年
且喜筋骸俱健在
勿嫌鬚鬢各皤然
君歸北闕朝天帝
我住東京作地仙
博望自來非棄置
承明重入莫拘牽
醉收杯杓停燈語
寒展衾裯對枕眠
猶被分司官繫絆
送君不得過甘泉",99
2010,poem,2010,卷二十八,,,律詩,予與微之老而無子發於言歎著在詩篇今年冬各有一子戲作二什一以相賀一以自嘲,,,2010,revised_jsonl_direct,2011,829,revised_jsonl,谱；笺；叙德书情四十韵上宣歙崔中丞；酬赠李炼师见招；庄子；崔侍御以孩子三日示其所生诗见示因以二绝和之,庄子,1,True,,0,False,1,14,"常憂到老都無子
何况新生又是兒
陰德自然宜有慶
于公陰德
其後蕃昌
皇天可得道無知
皇天無知
伯道無兒
一園水竹今爲主
微之履信新居多水竹也
百卷文章更付誰
微之文集凡一百卷
莫慮鵷鶵無浴處
即應重入鳳凰池","予與微之老而無子發於言歎著在詩篇今年冬各有一子戲作二什一以相賀一以自嘲常憂到老都無子
何况新生又是兒
陰德自然宜有慶
于公陰德
其後蕃昌
皇天可得道無知
皇天無知
伯道無兒
一園水竹今爲主
微之履信新居多水竹也
百卷文章更付誰
微之文集凡一百卷
莫慮鵷鶵無浴處
即應重入鳳凰池",138
2011,poem,2011,卷二十八,,,律詩,自嘲,,,2011,revised_jsonl_direct,2012,,revised_jsonl,见李苏州示男阿武诗自感成咏；相和歌辞；封氏闻见记；唐故殿中少监马君墓志,,0,False,,0,False,1,8,"五十八翁方有後
靜思堪喜亦堪嗟
一珠甚小還慚蚌
八子雖多不羨鴉
秋月晚生丹桂實
春風新長紫蘭芽
持杯祝願無他語
慎勿頑愚似汝耶","自嘲五十八翁方有後
靜思堪喜亦堪嗟
一珠甚小還慚蚌
八子雖多不羨鴉
秋月晚生丹桂實
春風新長紫蘭芽
持杯祝願無他語
慎勿頑愚似汝耶",65
2012,poem,2012,卷二十八,,,律詩,自問,,,2012,revised_jsonl_direct,2013,829,revised_jsonl,笺,,0,False,,0,False,1,8,"年來私自問
何故不歸京
佩玉腰無力
看花眼不明
老慵難發遣
春病易滋生
賴有彈琴女
時時聽一聲","自問年來私自問
何故不歸京
佩玉腰無力
看花眼不明
老慵難發遣
春病易滋生
賴有彈琴女
時時聽一聲",49
2013,poem,2013,卷二十八,,,律詩,晚桃花,,,2013,revised_jsonl_direct,2014,829,revised_jsonl,笺；和松树；白香山诗评；唐宋诗醇；香石诗话；晚桃花；酌酒与裴迪,,0,False,,0,False,1,8,"一樹紅桃亞拂池
竹遮松蔭晚開時
非因斜日無由見
不是閑人豈得知
寒地生材遺校易
貧家養女嫁常遲
春深欲落誰憐惜
白侍郎來折一枝","晚桃花一樹紅桃亞拂池
竹遮松蔭晚開時
非因斜日無由見
不是閑人豈得知
寒地生材遺校易
貧家養女嫁常遲
春深欲落誰憐惜
白侍郎來折一枝",66
2014,poem,2014,卷二十八,,,律詩,夜調琴憶崔少卿,,,2014,revised_jsonl_direct,2015,829,revised_jsonl,笺；新唐书；池上篇序；白氏文集；秋思；崔湖州赠红石琴荐焕如锦文无以答之以诗酬谢；崔公墓志铭；和尝新酒；弹秋思,,0,False,,0,False,1,4,"今夜調琴忽有情
欲彈惆悵憶崔卿
何人解愛中徽上
秋思頭邊八九聲","夜調琴憶崔少卿今夜調琴忽有情
欲彈惆悵憶崔卿
何人解愛中徽上
秋思頭邊八九聲",38
2015,poem,2015,卷二十八,,,律詩,阿崔,,,2015,revised_jsonl_direct,2016,829,revised_jsonl,谱；笺；酬赠李炼师见招；孔子家语；左传；崔侍御以孩子三日示其所生诗见示因以二绝和之；长恨歌传；女冠子；广韵；通雅；说文；墨子；史；三日岐王宅；咏孩子；晚起；礼记；旧唐书；慈乌夜啼,左传；说文；墨子；礼记,4,True,,0,False,1,24,"謝病卧東都
羸然一老夫
孤單同伯道
遲暮過商瞿
豈料鬢成雪
方看掌弄珠
已衰寧望有
雖晚亦勝無
蘭入前春夢
桑懸昨日弧
里閭多慶賀
親戚共歡娛
膩剃新胎髮
香繃小繡襦
玉芽開手爪
蘇顆點肌膚
弓冶將傳汝
琴書勿墜吾
未能知壽夭
何暇慮賢愚
乳氣初離殻
啼聲漸變雛
何時能反哺
供養白頭烏","阿崔謝病卧東都
羸然一老夫
孤單同伯道
遲暮過商瞿
豈料鬢成雪
方看掌弄珠
已衰寧望有
雖晚亦勝無
蘭入前春夢
桑懸昨日弧
里閭多慶賀
親戚共歡娛
膩剃新胎髮
香繃小繡襦
玉芽開手爪
蘇顆點肌膚
弓冶將傳汝
琴書勿墜吾
未能知壽夭
何暇慮賢愚
乳氣初離殻
啼聲漸變雛
何時能反哺
供養白頭烏",145
2016,poem,2016,卷二十八,,,律詩,贈鄰里往還,,,2016,revised_jsonl_direct,2017,829,revised_jsonl,笺；广韵；集韵；游北山赋；守岁二首,,0,False,,0,False,1,8,"問予何故獨安然
免被飢寒婚嫁牽
骨肉都盧無十口
糧儲依約有三年
但能斗藪人間事
便是逍遥地上仙
唯恐往還相厭賤
南家飲酒北家眠","贈鄰里往還問予何故獨安然
免被飢寒婚嫁牽
骨肉都盧無十口
糧儲依約有三年
但能斗藪人間事
便是逍遥地上仙
唯恐往還相厭賤
南家飲酒北家眠",68
2017,poem,2017,卷二十八,,,律詩,王子晉廟,,,2017,revised_jsonl_direct,2018,829,revised_jsonl,笺；明一统志；河朔访古记；霓裳羽衣歌,,0,False,,0,False,1,4,"子晉廟前山月明
人聞往往夜吹笙
鸞吟鳳唱聽無拍
多似霓裳散序聲","王子晉廟子晉廟前山月明
人聞往往夜吹笙
鸞吟鳳唱聽無拍
多似霓裳散序聲",35
2018,poem,2018,卷二十八,,,律詩,晚起,,,2018,revised_jsonl_direct,2019,830,revised_jsonl,笺；岁假内命酒赠周判官萧协律；临水坐；坛经；顿悟无生般若颂,,0,False,,0,False,1,8,"起晚憐春暖
歸遲愛月明
放慵長飽睡
聞健且閑行
北闕停朝簿
西方入社名
唯吟一句偈
無念是無生","晚起起晚憐春暖
歸遲愛月明
放慵長飽睡
聞健且閑行
北闕停朝簿
西方入社名
唯吟一句偈
無念是無生",49
2019,poem,2019,卷二十八,,,律詩,酬皇甫賓客,,,2019,revised_jsonl_direct,2020,830,revised_jsonl,笺；寄皇甫宾客；答四皓庙,,0,False,,0,False,1,8,"玄晏家風黄綺身
深居高卧養精神
性慵無病常稱病
心足雖貧不道貧
竹院君閑銷永日
花亭我醉送殘春
自嫌詩酒猶多興
若比先生是俗人","酬皇甫賓客玄晏家風黄綺身
深居高卧養精神
性慵無病常稱病
心足雖貧不道貧
竹院君閑銷永日
花亭我醉送殘春
自嫌詩酒猶多興
若比先生是俗人",68
2020,poem,2020,卷二十八,,,律詩,池上贈韋山人,,,2020,revised_jsonl_direct,2021,830,revised_jsonl,笺；赠韦处士六年夏大热旱,,0,False,,0,False,1,8,"新竹夾平流
新荷拂小舟
衆皆嫌好拙
誰肯伴閑遊
客爲忙多去
僧因飯暫留
獨憐韋處士
盡日共悠悠","池上贈韋山人新竹夾平流
新荷拂小舟
衆皆嫌好拙
誰肯伴閑遊
客爲忙多去
僧因飯暫留
獨憐韋處士
盡日共悠悠",53
2021,poem,2021,卷二十八,,,律詩,無夢,,,2021,revised_jsonl_direct,2022,830,revised_jsonl,笺,,0,False,,0,False,1,8,"老眼花前暗
春衣雨後寒
舊詩多忘却
新酒且嘗看
拙定於身穩
慵應趁伴難
漸蠲名利想
無夢到長安","無夢老眼花前暗
春衣雨後寒
舊詩多忘却
新酒且嘗看
拙定於身穩
慵應趁伴難
漸蠲名利想
無夢到長安",49
2022,poem,2022,卷二十八,,,律詩,對小潭寄遠上人,,,2022,revised_jsonl_direct,2023,830,revised_jsonl,笺；远师；晚起；广宣上人以应制诗见示因以赠之诏许上人居安国寺红楼院以诗供奉,,0,False,,0,False,1,8,"小潭澄見底
閑客坐開襟
借問不流水
何如無念心
彼惟清且淺
此乃寂而深
是義誰能答
明朝問道林","對小潭寄遠上人小潭澄見底
閑客坐開襟
借問不流水
何如無念心
彼惟清且淺
此乃寂而深
是義誰能答
明朝問道林",54
2023,poem,2023,卷二十八,,,律詩,閑吟二首其一,,,2023,revised_jsonl_direct,2024,830,revised_jsonl,笺；与子俨等疏,,0,False,,0,False,1,8,"留司老賓客
春盡興如何
官寺行香少
僧房寄宿多
閑傾一盞酒
醉聽兩聲歌
憶得陶潛語
羲皇無以過","閑吟二首其一留司老賓客
春盡興如何
官寺行香少
僧房寄宿多
閑傾一盞酒
醉聽兩聲歌
憶得陶潛語
羲皇無以過",53
2024,poem,2024,卷二十八,,,律詩,閑吟二首其二,,,2024,revised_jsonl_direct,2025,,revised_jsonl,汉书；群经音辨,汉书,1,True,,0,False,1,8,"閑遊來早晚
已得一周年
嵩洛供雲水
朝庭乞去俸錢
長歌時獨酌
飽食後安眠
聞道山榴發
明朝向玉泉","閑吟二首其二閑遊來早晚
已得一周年
嵩洛供雲水
朝庭乞去俸錢
長歌時獨酌
飽食後安眠
聞道山榴發
明朝向玉泉",54
2025,poem,2025,卷二十八,,,律詩,獨遊玉泉寺,,,2025,revised_jsonl_direct,2026,830,revised_jsonl,笺；太平寰宇记；太平广记；申文纬；玉堂闲话,,0,False,,0,False,1,8,"雲樹玉泉寺
肩舁半日程
更無人作伴
秖共酒同行
新葉千萬影
殘鶯三兩聲
閑遊竟未足
春盡有餘情","獨遊玉泉寺雲樹玉泉寺
肩舁半日程
更無人作伴
秖共酒同行
新葉千萬影
殘鶯三兩聲
閑遊竟未足
春盡有餘情",52
2026,poem,2026,卷二十八,,,律詩,晚出尋人不遇,,,2026,revised_jsonl_direct,2027,830,revised_jsonl,笺,,0,False,,0,False,1,4,"籃輿不乘乘晚凉
相尋不遇亦無妨
輕衣穩馬槐陰下
自要閑行一兩坊","晚出尋人不遇籃輿不乘乘晚凉
相尋不遇亦無妨
輕衣穩馬槐陰下
自要閑行一兩坊",37
2027,poem,2027,卷二十八,,,律詩,苦熱,,,2027,revised_jsonl_direct,2028,830,revised_jsonl,笺,,0,False,,0,False,1,8,"頭痛汗盈巾
連宵復達晨
不堪逢苦熱
猶賴是閑人
朝客應煩倦
農夫更苦辛
始慚當此日
得作自由身","苦熱頭痛汗盈巾
連宵復達晨
不堪逢苦熱
猶賴是閑人
朝客應煩倦
農夫更苦辛
始慚當此日
得作自由身",49
2028,poem,2028,卷二十八,,,律詩,銷暑,,,2028,revised_jsonl_direct,2029,830,revised_jsonl,笺；寄张十八,,0,False,,0,False,1,8,"何以銷煩暑
端居一院中
眼前無長去物
窗下有清風
熱散由心靜
凉生爲室空
此時身自得
難更與人同","銷暑何以銷煩暑
端居一院中
眼前無長去物
窗下有清風
熱散由心靜
凉生爲室空
此時身自得
難更與人同",50
2029,poem,2029,卷二十八,,,律詩,行香歸,,,2029,revised_jsonl_direct,2030,830,revised_jsonl,笺；分司；佛本行集经；唐会要；早祭风伯因怀李十一舍人；病中答招饮者,,0,False,,0,False,1,8,"出作行香客
歸如坐夏僧
牀前雙草屨
簷下一紗燈
珮委腰無力
冠欹髮不勝
鸞臺龍尾道
合盡上少年登","行香歸出作行香客
歸如坐夏僧
牀前雙草屨
簷下一紗燈
珮委腰無力
冠欹髮不勝
鸞臺龍尾道
合盡上少年登",51
2030,poem,2030,卷二十八,,,律詩,同王十七庶子李六員外鄭二侍御同年四人遊龍門有感而作,,,2030,revised_jsonl_direct,2031,830,revised_jsonl,笺；登科记考；早春雪后赠洛阳李长官长水郑明府二同年；酬郑二司录与李六郎中寒食相遇同宴见赠；吟四虽；赠苏少府；叹逝赋,,0,False,,0,False,1,8,"一曲悲歌酒一樽
同年零落幾人存
世如閲水應堪歎
名似浮雲豈足論
各從祿仕休明代
共感平生知己恩
今日與君重上處
龍門不是舊龍門","同王十七庶子李六員外鄭二侍御同年四人遊龍門有感而作一曲悲歌酒一樽
同年零落幾人存
世如閲水應堪歎
名似浮雲豈足論
各從祿仕休明代
共感平生知己恩
今日與君重上處
龍門不是舊龍門",88
2031,poem,2031,卷二十八,,,律詩,池上小宴問程秀才,,,2031,revised_jsonl_direct,2032,830,revised_jsonl,笺；清异录；想东游五十韵；池上篇序；白氏文集；方言；白莲池泛舟；郡斋旬假命宴呈座客示郡寮,方言,1,True,,0,False,1,8,"洛下林園好自知
江南境物暗相隨
淨淘紅粒窨香飯
薄切紫鱗烹水葵
雨滴蓬聲青雀舫
浪摇花影白蓮池
停杯一問蘇州客
何似吳松江上時","池上小宴問程秀才洛下林園好自知
江南境物暗相隨
淨淘紅粒窨香飯
薄切紫鱗烹水葵
雨滴蓬聲青雀舫
浪摇花影白蓮池
停杯一問蘇州客
何似吳松江上時",71
2032,poem,2032,卷二十八,,,律詩,橋亭卯飲,,,2032,revised_jsonl_direct,2033,830,revised_jsonl,笺；新唐书；太平寰宇记；姑苏志；苕溪渔隐诗话；蔡宽夫诗话；云仙杂记；穷幽记；世说新语；任诞,,0,False,,0,False,1,8,"卯時偶飲齋時卧
林下高橋橋上亭
松影過窗眠始覺
竹風吹面醉初醒
就荷葉上苞魚鲊
當石渠中浸酒瓶
生計悠悠身兀兀
甘從妻喚作劉伶","橋亭卯飲卯時偶飲齋時卧
林下高橋橋上亭
松影過窗眠始覺
竹風吹面醉初醒
就荷葉上苞魚鲊
當石渠中浸酒瓶
生計悠悠身兀兀
甘從妻喚作劉伶",67
2033,poem,2033,卷二十八,,,律詩,舟中夜坐,,,2033,revised_jsonl_direct,2034,830,revised_jsonl,笺,,0,False,,0,False,1,4,"潭邊霽後多清景
橋下凉來足好風
秋鶴一雙船一隻
夜深相伴月明中","舟中夜坐潭邊霽後多清景
橋下凉來足好風
秋鶴一雙船一隻
夜深相伴月明中",35
2034,poem,2034,卷二十八,,,律詩,戲和微之答竇七行軍之作,,,2034,revised_jsonl_direct,2035,830,revised_jsonl,笺；东南行一百韵寄通州元九侍御澧州李十一舍人果州崔二十二使君开州韦大员外庾三十二补阙杜十四拾遗李二十助教员外窦七校书；左传；旧唐书；晚秋郾城夜会李正封联句上王中丞卢院长；题赠郑秘书征君石沟溪隐居；有小白马乘驭多时奉使东行至稠桑驿溘然而毙足可惊伤不能忘情题二十韵,左传,1,True,,0,False,1,12,"旌鉞從櫜鞬
賓僚禮數全
夔龍來要地
鵷鷺下遼天
赭汗騎驕馬
青蛾舞醉仙
合成江上作
散到洛中傳
陋巷能無酒
貧池亦有船
春裝秋未寄
漫道有閑錢","戲和微之答竇七行軍之作旌鉞從櫜鞬
賓僚禮數全
夔龍來要地
鵷鷺下遼天
赭汗騎驕馬
青蛾舞醉仙
合成江上作
散到洛中傳
陋巷能無酒
貧池亦有船
春裝秋未寄
漫道有閑錢",82
2035,poem,2035,卷二十八,,,律詩,閑忙,,,2035,revised_jsonl_direct,2036,830,revised_jsonl,笺,,0,False,,0,False,1,8,"奔走朝行内
棲遲林墅間
多因病後退
少及健時還
斑白霜侵鬢
蒼黄日下山
閑忙俱過日
忙校不如閑","閑忙奔走朝行内
棲遲林墅間
多因病後退
少及健時還
斑白霜侵鬢
蒼黄日下山
閑忙俱過日
忙校不如閑",49
2036,poem,2036,卷二十八,,,律詩,西風,,,2036,revised_jsonl_direct,2037,830,revised_jsonl,笺；小院酒醒,,0,False,,0,False,1,8,"西風來幾日
一葉已先飛
新霽乘輕屐
初凉換熟衣
淺渠銷慢水
疏竹漏斜暉
薄暮青苔巷
家僮引鶴歸","西風西風來幾日
一葉已先飛
新霽乘輕屐
初凉換熟衣
淺渠銷慢水
疏竹漏斜暉
薄暮青苔巷
家僮引鶴歸",49
2037,poem,2037,卷二十八,,,律詩,題西亭,,,2037,revised_jsonl_direct,2038,831,revised_jsonl,笺,,0,False,,0,False,1,4,"多見朱門富貴人
林園未畢即無身
我今幸作西亭主
已見池塘五度春","題西亭多見朱門富貴人
林園未畢即無身
我今幸作西亭主
已見池塘五度春",34
2038,poem,2038,卷二十八,,,律詩,觀游魚,,,2038,revised_jsonl_direct,2039,830,revised_jsonl,笺,,0,False,,0,False,1,4,"遶池閑步看魚遊
正值兒童弄釣舟
一種愛魚心各異
我來施食爾垂鈎","觀游魚遶池閑步看魚遊
正值兒童弄釣舟
一種愛魚心各異
我來施食爾垂鈎",34
2039,poem,2039,卷二十八,,,律詩,看採蓮,,,2039,revised_jsonl_direct,2040,830,revised_jsonl,笺,,0,False,,0,False,1,4,"小桃閑上小蓮船
半採紅蓮半白蓮
不似江南惡風浪
芙蓉池在卧牀前","看採蓮小桃閑上小蓮船
半採紅蓮半白蓮
不似江南惡風浪
芙蓉池在卧牀前",34
2040,poem,2040,卷二十八,,,律詩,看採菱,,,2040,revised_jsonl_direct,2041,830,revised_jsonl,笺；乐府诗集；水调歌；乐苑；水调；河传；新水调,,0,False,,0,False,1,4,"菱池如鏡淨無波
白點花稀青角多
時唱一聲新水調
謾人道是採菱歌","看採菱菱池如鏡淨無波
白點花稀青角多
時唱一聲新水調
謾人道是採菱歌",34
2041,poem,2041,卷二十八,,,律詩,夭老,,,2041,revised_jsonl_direct,2042,830,revised_jsonl,笺,,0,False,,0,False,1,4,"早世身如風裏燭
暮年髮似鏡中絲
誰人斷得人間事
少夭堪傷老又悲","夭老早世身如風裏燭
暮年髮似鏡中絲
誰人斷得人間事
少夭堪傷老又悲",33
2042,poem,2042,卷二十八,,,律詩,秋池,,,2042,revised_jsonl_direct,2043,830,revised_jsonl,笺；感春；圆觉经；楞严经,,0,False,,0,False,1,4,"洗浪清風透水霜
水邊閑坐一繩牀
眼塵心垢見皆盡
不是秋池是道場","秋池洗浪清風透水霜
水邊閑坐一繩牀
眼塵心垢見皆盡
不是秋池是道場",33
2043,poem,2043,卷二十八,,,律詩,登天宮閣,,,2043,revised_jsonl_direct,2044,830,revised_jsonl,笺；唐会要；太平广记；华严和尚；原化记,,0,False,,0,False,1,8,"午時乘興出
薄暮未能還
高上烟中閣
平看雪後山
委形羣動裏
任性一生間
洛下多閑客
其中我最閑","登天宮閣午時乘興出
薄暮未能還
高上烟中閣
平看雪後山
委形羣動裏
任性一生間
洛下多閑客
其中我最閑",51
2044,poem,2044,卷二十八,,,律詩,新雪二首其一,,,2044,revised_jsonl_direct,2045,830,revised_jsonl,笺；闲意；思竹窗；杨家南亭,,0,False,,0,False,1,5,"不思北省烟霄地
不憶南宮風月天
唯憶靜恭楊閣老
小園新雪煖爐前
寄楊舍人","新雪二首其一不思北省烟霄地
不憶南宮風月天
唯憶靜恭楊閣老
小園新雪煖爐前
寄楊舍人",42
2045,poem,2045,卷二十八,,,律詩,新雪二首其二,,,2045,revised_jsonl_direct,2046,,revised_jsonl,青龙寺早夏；题新居寄元八,,0,False,,0,False,1,4,"不思朱雀街東鼓
不憶青龍寺後鐘
唯憶夜深新雪後
新昌臺上七株松","新雪二首其二不思朱雀街東鼓
不憶青龍寺後鐘
唯憶夜深新雪後
新昌臺上七株松",37
2046,poem,2046,卷二十八,,,律詩,日高卧,,,2046,revised_jsonl_direct,2047,830,revised_jsonl,笺；游悟真寺诗一百三十韵；吴声曲辞；行路难,,0,False,,0,False,1,8,"怕寒放懶日高卧
臨老誰言牽率身
夾幕繞房深似洞
重裀襯枕暖於春
小青水動桃根起
嫩綠醅浮竹葉新
未裹頭前傾一盞
何如衝雪趁朝人","日高卧怕寒放懶日高卧
臨老誰言牽率身
夾幕繞房深似洞
重裀襯枕暖於春
小青水動桃根起
嫩綠醅浮竹葉新
未裹頭前傾一盞
何如衝雪趁朝人",66
2047,poem,2047,卷二十八,,,律詩,和微之任校書郎日過三鄉,,,2047,revised_jsonl_direct,2048,830,revised_jsonl,笺；太平广记；薛肇；仙传拾遗；三乡驿楼伏睹玄宗望女几山诗小臣斐然有感；元和郡县志,,0,False,,0,False,1,4,"三鄉過日君年幾
今日君年五十餘
不獨年催身亦變
校書郎變作尚書","和微之任校書郎日過三鄉三鄉過日君年幾
今日君年五十餘
不獨年催身亦變
校書郎變作尚書",42
2048,poem,2048,卷二十八,,,律詩,和微之十七與君别及朧月花枝之詠,,,2048,revised_jsonl_direct,2049,830,revised_jsonl,笺；能改斋漫录；李著作园醉后寄李十,,0,False,,0,False,1,4,"别時十七今頭白
惱亂君心三十年
垂老休吟花月句
恐君更結後身緣","和微之十七與君别及朧月花枝之詠别時十七今頭白
惱亂君心三十年
垂老休吟花月句
恐君更結後身緣",46
2049,poem,2049,卷二十八,,,律詩,和微之歎槿花,,,2049,revised_jsonl_direct,2050,830,revised_jsonl,笺；赠王山人,,0,False,,0,False,1,4,"朝榮殊可惜
暮落實堪嗟
若向花中比
猶應勝眼花","和微之歎槿花朝榮殊可惜
暮落實堪嗟
若向花中比
猶應勝眼花",29
2050,poem,2050,卷二十八,,,律詩,思往喜今,,,2050,revised_jsonl_direct,2051,830,revised_jsonl,笺,,0,False,,0,False,1,8,"憶除司馬向江州
及此凡經十五秋
雖在簪裾從俗累
半尋山水是閑遊
謫居終帶鄉關思
領郡猶分邦國憂
爭似如今作賓客
都無一念到心頭","思往喜今憶除司馬向江州
及此凡經十五秋
雖在簪裾從俗累
半尋山水是閑遊
謫居終帶鄉關思
領郡猶分邦國憂
爭似如今作賓客
都無一念到心頭",67
2051,poem,2051,卷二十八,,,律詩,題平泉薛家雪堆莊,,,2051,revised_jsonl_direct,2052,830,revised_jsonl,笺；赠韦处士六年夏大热旱；斋居,,0,False,,0,False,1,8,"怪石千年應自結
靈泉一帶是誰開
蹙爲宛轉青蛇項
噴作玲瓏白雪堆
赤日旱天長看雨
玄陰臘月亦聞雷
所嗟地去都門遠
不得肩舁每日來","題平泉薛家雪堆莊怪石千年應自結
靈泉一帶是誰開
蹙爲宛轉青蛇項
噴作玲瓏白雪堆
赤日旱天長看雨
玄陰臘月亦聞雷
所嗟地去都門遠
不得肩舁每日來",71
2052,poem,2052,卷二十八,,,律詩,和微之道保生三日,,,2052,revised_jsonl_direct,2053,830,revised_jsonl,笺；河南元公墓志铭；白氏文集；韵语阳秋；墓志；崔侍御以孩子三日示其所生诗见示因以二绝和之；阿崔；苕溪渔隐丛话；蔡宽夫诗话；初丧崔儿报微之晦叔,,0,False,,0,False,1,13,"相看鬢似絲
始作弄璋詩
且有承家望
誰論得力時
莫興三日歎
猶勝七年遲
予老微之七歲
我未能忘喜
君應不合悲
嘉名稱道保
乞姓號崔兒
但恐持相並
蒹葭瓊樹枝","和微之道保生三日相看鬢似絲
始作弄璋詩
且有承家望
誰論得力時
莫興三日歎
猶勝七年遲
予老微之七歲
我未能忘喜
君應不合悲
嘉名稱道保
乞姓號崔兒
但恐持相並
蒹葭瓊樹枝",86
2053,poem,2053,卷二十八,,,律詩,哭皇甫七郎中,,,2053,revised_jsonl_direct,2054,830,revised_jsonl,笺；寄皇甫七；寄皇甫宾客；后汉书；涉江,后汉书,1,True,,0,False,1,10,"志業過玄晏
詞華似禰衡
多才非福祿
薄命是聰明
不得人間壽
還留身後名
涉江文一首
便可敵公卿
持正奇文甚多
《涉江》一章尤出","哭皇甫七郎中志業過玄晏
詞華似禰衡
多才非福祿
薄命是聰明
不得人間壽
還留身後名
涉江文一首
便可敵公卿
持正奇文甚多
《涉江》一章尤出",69
2054,poem,2054,卷二十八,,,律詩,晚起,,,2054,revised_jsonl_direct,2055,830,revised_jsonl,笺；佛所行赞；大日经疏；好听琴,,0,False,,0,False,1,12,"爛熳朝眠後
頻伸晚起時
煖爐生火早
寒鏡裹頭遲
融雪煎香茗
調蘇煮乳糜
慵饞還自哂
快活亦誰知
酒性温無毒
琴聲淡不悲
榮公三樂外
仍弄小男兒","晚起爛熳朝眠後
頻伸晚起時
煖爐生火早
寒鏡裹頭遲
融雪煎香茗
調蘇煮乳糜
慵饞還自哂
快活亦誰知
酒性温無毒
琴聲淡不悲
榮公三樂外
仍弄小男兒",73
2055,poem,2055,卷二十八,,,律詩,疑夢二首其一,,,2055,revised_jsonl_direct,2056,830,revised_jsonl,笺,,0,False,,0,False,1,4,"莫驚寵辱虛憂喜
莫計恩讎浪苦辛
黄帝孔丘無處問
安知不是夢中身","疑夢二首其一莫驚寵辱虛憂喜
莫計恩讎浪苦辛
黄帝孔丘無處問
安知不是夢中身",37
2056,poem,2056,卷二十八,,,律詩,疑夢二首其二,,,2056,revised_jsonl_direct,2057,,revised_jsonl,列子；庄子,列子；庄子,2,True,,0,False,1,4,"鹿疑鄭相終難辨
蝶化莊生詎可知
假使如今不是夢
能長於夢幾多時","疑夢二首其二鹿疑鄭相終難辨
蝶化莊生詎可知
假使如今不是夢
能長於夢幾多時",37
2057,poem,2057,卷二十八,,,律詩,夜宴惜别,,,2057,revised_jsonl_direct,2058,830,revised_jsonl,笺,,0,False,,0,False,1,8,"笙歌旖旎曲終頭
轉作離聲滿坐愁
箏怨朱絃從此斷
燭啼紅淚爲誰流
夜長似歲歡宜盡
醉未如泥飲莫休
何况雞鳴即須别
門前風雨冷修修","夜宴惜别笙歌旖旎曲終頭
轉作離聲滿坐愁
箏怨朱絃從此斷
燭啼紅淚爲誰流
夜長似歲歡宜盡
醉未如泥飲莫休
何况雞鳴即須别
門前風雨冷修修",67
2058,poem,2058,卷二十八,,,律詩,歸來二周歲,,,2058,revised_jsonl_direct,2059,831,revised_jsonl,笺,,0,False,,0,False,1,8,"歸來二周歲
二歲似須臾
池藕重生葉
林鴉再引雛
時豐實倉廩
春暖葺庖廚
更作三年計
三年身健無","歸來二周歲歸來二周歲
二歲似須臾
池藕重生葉
林鴉再引雛
時豐實倉廩
春暖葺庖廚
更作三年計
三年身健無",52
2059,poem,2059,卷二十八,,,律詩,吾土,,,2059,revised_jsonl_direct,2060,831,revised_jsonl,笺；丘中有一士；论语,论语,1,True,,0,False,1,8,"身心安處爲吾土
豈限長安與洛陽
水竹花前謀活計
琴詩酒裏到家鄉
榮先生老何妨樂
楚接輿歌未必狂
不用將金買莊宅
城東無主是春光","吾土身心安處爲吾土
豈限長安與洛陽
水竹花前謀活計
琴詩酒裏到家鄉
榮先生老何妨樂
楚接輿歌未必狂
不用將金買莊宅
城東無主是春光",65
2060,poem,2060,卷二十八,,,律詩,題岐王舊山池石壁,,,2060,revised_jsonl_direct,2061,831,revised_jsonl,笺；唐两京城坊考；答四皓庙,,0,False,,0,False,1,8,"樹深藤老竹迴環
石壁重重錦翠斑
俗客看來猶解愛
忙人到此亦須閑
况當霽景凉風後
如在千巖萬壑間
黄綺更歸何處去
洛陽城内有商山","題岐王舊山池石壁樹深藤老竹迴環
石壁重重錦翠斑
俗客看來猶解愛
忙人到此亦須閑
况當霽景凉風後
如在千巖萬壑間
黄綺更歸何處去
洛陽城内有商山",71
2061,poem,2061,卷二十八,,,律詩,病眼花,,,2061,revised_jsonl_direct,2062,831,revised_jsonl,笺；左传；庄子；玉门关盖将军歌；教坊记；说郛；蜀锦谱,左传；庄子,2,True,,0,False,1,10,"頭風目眩乘衰老
秖有增加豈有瘳
傳云
“有加而無瘳
”花發眼中猶足怪
柳生肘上亦須休
大窠羅綺看纔辨
小字文書見便愁
必若不能分黑白
却應無悔復無尤","病眼花頭風目眩乘衰老
秖有增加豈有瘳
傳云
“有加而無瘳
”花發眼中猶足怪
柳生肘上亦須休
大窠羅綺看纔辨
小字文書見便愁
必若不能分黑白
却應無悔復無尤",77
2062,poem,2062,卷二十八,,,律詩,早飲醉中除河南尹敕到,,,2062,revised_jsonl_direct,2063,830,revised_jsonl,笺；旧唐书；渭村退居寄礼部崔侍郎翰林钱舍人诗一百韵,,0,False,,0,False,1,8,"雪擁衡門水滿池
温爐卯後煖寒時
綠醅新酎嘗初醉
黄紙除書到不知
厚俸自來誠忝濫
老身欲起尚遲疑
應須了却丘中計
女嫁男婚三逕資","早飲醉中除河南尹敕到雪擁衡門水滿池
温爐卯後煖寒時
綠醅新酎嘗初醉
黄紙除書到不知
厚俸自來誠忝濫
老身欲起尚遲疑
應須了却丘中計
女嫁男婚三逕資",73
2063,poem,2063,卷二十八,,,律詩,除夜,,,2063,revised_jsonl_direct,2064,830,revised_jsonl,谱；笺；登龙尾道南望忆庐山旧隐,,0,False,,0,False,1,4,"病眼少眠非守歲
老心多感又臨春
火銷燈盡天明後
便是平頭六十人","除夜病眼少眠非守歲
老心多感又臨春
火銷燈盡天明後
便是平頭六十人",33
2064,poem,2064,卷二十八,,,律詩,府西池,,,2064,revised_jsonl_direct,2065,831,revised_jsonl,谱；笺,,0,False,,0,False,1,4,"柳無氣力枝先動
池有波文冰盡開
今日不知誰計會
春風春水一時來","府西池柳無氣力枝先動
池有波文冰盡開
今日不知誰計會
春風春水一時來",34
2065,poem,2065,卷二十八,,,律詩,天津橋,,,2065,revised_jsonl_direct,2066,831,revised_jsonl,笺；和友人洛中春感；唐两京城坊考；新修漕河石斗门记；新修漕河石斗门亭记；思玄赋；洛神赋；太平广记；素娥；甘泽谣；武延嗣；本事诗；送友封；比红儿诗,洛神赋,1,True,,0,False,1,8,"津橋東北斗亭西
到此令人詩思迷
眉月晚生神女浦
臉波春傍窈娘堤
柳絲嫋嫋風繰出
草縷茸茸雨剪齊
報道前驅少呼喝
恐驚黄鳥不成啼","天津橋津橋東北斗亭西
到此令人詩思迷
眉月晚生神女浦
臉波春傍窈娘堤
柳絲嫋嫋風繰出
草縷茸茸雨剪齊
報道前驅少呼喝
恐驚黄鳥不成啼",66
2066,poem,2066,卷二十八,,,律詩,不准擬二首其一,,,2066,revised_jsonl_direct,2067,831,revised_jsonl,笺；敦煌变文字义通释；敦煌变文集；十二月一日三首；村居苦寒；偶眠,,0,False,,0,False,1,6,"籃輿騰騰一老夫
褐裘烏帽白髭鬚
早衰饒病多蔬食
筋力消磨合有無
不准擬身年六十
上山仍未要人扶","不准擬二首其一籃輿騰騰一老夫
褐裘烏帽白髭鬚
早衰饒病多蔬食
筋力消磨合有無
不准擬身年六十
上山仍未要人扶",54
2067,poem,2067,卷二十八,,,律詩,不准擬二首其二,,,2067,revised_jsonl_direct,2068,,revised_jsonl,读史五首；寄同病者,,0,False,,0,False,1,8,"憶昔謫居炎瘴地
巴猿引哭虎隨行
多於賈誼長沙苦
予自左遷江峽
凡經七年
小校潘安白髮生
不准擬身年六十
遊春猶自有心情","不准擬二首其二憶昔謫居炎瘴地
巴猿引哭虎隨行
多於賈誼長沙苦
予自左遷江峽
凡經七年
小校潘安白髮生
不准擬身年六十
遊春猶自有心情",66
2068,poem,2068,卷二十八,,,律詩,府中夜賞,,,2068,revised_jsonl_direct,2069,831,revised_jsonl,笺,,0,False,,0,False,1,8,"櫻桃廳院春偏好
石井欄堂夜更幽
白粉牆頭花半出
緋紗燭下水平流
閑留賓客嘗新酒
醉領笙歌上小舟
舞袖飄颻棹容與
忽疑身是夢中遊","府中夜賞櫻桃廳院春偏好
石井欄堂夜更幽
白粉牆頭花半出
緋紗燭下水平流
閑留賓客嘗新酒
醉領笙歌上小舟
舞袖飄颻棹容與
忽疑身是夢中遊",67
2069,poem,2069,卷二十八,,,律詩,府西池北新葺水齋即事招賓偶題十六韻,,,2069,revised_jsonl_direct,2070,831,revised_jsonl,笺；酬严中丞晚眺黔江见寄；履道新居二十韵；吴都赋；文选；宿云门寺,,0,False,,0,False,1,32,"繚繞府西面
潺湲池北頭
鑿開明月峽
決破白蘋洲
清淺漪瀾急
寅緣浦嶼幽
直衝行徑斷
平入卧齋流
石疊青稜玉
波翻白片鷗
噴時千點雨
澄處一泓油
絶境應難别悲列反
同心豈易求
少逢人愛玩
多是我淹留
夾岸鋪長覽
當軒泊小舟
枕前看鶴浴
床下見魚游
洞户斜開扇
疏簾半上鈎
紫浮萍泛泛
碧亞竹修修
讀罷書仍展
棋終局未收
午茶能散睡
卯酒善銷愁
簷雨晚初霽
窗風凉欲休
誰能伴老尹
時復一閑遊","府西池北新葺水齋即事招賓偶題十六韻繚繞府西面
潺湲池北頭
鑿開明月峽
決破白蘋洲
清淺漪瀾急
寅緣浦嶼幽
直衝行徑斷
平入卧齋流
石疊青稜玉
波翻白片鷗
噴時千點雨
澄處一泓油
絶境應難别悲列反
同心豈易求
少逢人愛玩
多是我淹留
夾岸鋪長覽
當軒泊小舟
枕前看鶴浴
床下見魚游
洞户斜開扇
疏簾半上鈎
紫浮萍泛泛
碧亞竹修修
讀罷書仍展
棋終局未收
午茶能散睡
卯酒善銷愁
簷雨晚初霽
窗風凉欲休
誰能伴老尹
時復一閑遊",211
2070,poem,2070,卷二十八,,,律詩,哭崔兒,,,2070,revised_jsonl_direct,2071,831,revised_jsonl,谱；笺；阿崔；蛾术编；说文；偶吟自慰兼呈梦得；酬赠李炼师见招；白香山诗评；奉济驿送严公；湖楼笔谈；墨客挥犀；香山诗集；偶吟；哭崔儿,说文,1,True,,0,False,1,8,"掌珠一顆兒三歲
髮雪千莖父六旬
豈料汝先爲異物
常憂吾不見成人
悲腸自斷非因劍
啼眼加昏不是塵
懷抱又空天默默
依前重作鄧攸身","哭崔兒掌珠一顆兒三歲
髮雪千莖父六旬
豈料汝先爲異物
常憂吾不見成人
悲腸自斷非因劍
啼眼加昏不是塵
懷抱又空天默默
依前重作鄧攸身",66
2071,poem,2071,卷二十八,,,律詩,初喪崔兒報微之晦叔,,,2071,revised_jsonl_direct,2072,831,revised_jsonl,笺；夜调琴忆崔少卿；诗,诗,1,True,,0,False,1,10,"書報微之晦叔知
欲題崔字淚先垂
世間此恨偏敦我
敦音堆
見《詩》注
天下何人不哭兒
蟬老悲鳴抛蛻後
龍眠驚覺失珠時
文章十帙官三品
身後傳誰庇廕誰","初喪崔兒報微之晦叔書報微之晦叔知
欲題崔字淚先垂
世間此恨偏敦我
敦音堆
見《詩》注
天下何人不哭兒
蟬老悲鳴抛蛻後
龍眠驚覺失珠時
文章十帙官三品
身後傳誰庇廕誰",82
2072,poem,2072,卷二十八,,,律詩,府齋感懷酬夢得ZSK00109-005-L02228,,,2072,revised_jsonl_direct,2073,831,revised_jsonl,笺,,0,False,,0,False,1,8,"府伶呼喚爭先到
家醖提攜動輒隨
合是人生開眼日
自當年老斂眉時
丹砂煉作三銖土
玄髮看成一把絲
勞寄新詩遠安慰
不聞枯樹更生枝","府齋感懷酬夢得ZSK00109-005-L02228府伶呼喚爭先到
家醖提攜動輒隨
合是人生開眼日
自當年老斂眉時
丹砂煉作三銖土
玄髮看成一把絲
勞寄新詩遠安慰
不聞枯樹更生枝",89
2073,poem,2073,卷二十八,,,律詩,齋居,,,2073,revised_jsonl_direct,2074,831,revised_jsonl,笺；城盐州；重修政和证类本草；题平泉薛家雪堆庄,,0,False,,0,False,1,8,"香火多相對
葷腥久不嘗
黄耆數匙粥
赤箭一甌湯
厚俸將何用
閑居不可忘
明年官滿後
擬買雪堆莊","齋居香火多相對
葷腥久不嘗
黄耆數匙粥
赤箭一甌湯
厚俸將何用
閑居不可忘
明年官滿後
擬買雪堆莊",49
2074,poem,2074,卷二十八,,,律詩,與諸道者同遊二室至九龍潭作,,,2074,revised_jsonl_direct,2075,831,revised_jsonl,笺；初学记；西征纪；从龙潭寺至少林寺题赠同游者；送河南尹冯学士赴任,,0,False,,0,False,1,8,"喜逢二室遊仙子
厭作三川守土臣
舉手摩挲潭上石
開襟抖擻府中塵
他日終爲獨往客
今朝未是自由身
若言尹是嵩山主
三十六峰應笑人","與諸道者同遊二室至九龍潭作喜逢二室遊仙子
厭作三川守土臣
舉手摩挲潭上石
開襟抖擻府中塵
他日終爲獨往客
今朝未是自由身
若言尹是嵩山主
三十六峰應笑人",76
2075,poem,2075,卷二十八,,,律詩,履道池上作,,,2075,revised_jsonl_direct,2076,831,revised_jsonl,笺；尔雅；禽经；本草纲目,尔雅,1,True,,0,False,1,8,"家池動作經旬别
松竹禽魚好在無
樹暗小巢藏巧婦
渠荒新葉長慈姑
不因車馬時時到
豈覺林園日日蕪
猶喜春深公事少
每來花下得踟躕","履道池上作家池動作經旬别
松竹禽魚好在無
樹暗小巢藏巧婦
渠荒新葉長慈姑
不因車馬時時到
豈覺林園日日蕪
猶喜春深公事少
每來花下得踟躕",68
2076,poem,2076,卷二十八,,,律詩,六十拜河南尹,,,2076,revised_jsonl_direct,2077,831,revised_jsonl,谱；笺,,0,False,,0,False,1,12,"六十河南尹
前途足可知
老應無處避
病不與人期
幸遇芳菲日
猶當强健時
萬金何假藉
一盞莫推辭
流水光陰急
浮雲富貴遲
人間若無酒
盡合鬢成絲","六十拜河南尹六十河南尹
前途足可知
老應無處避
病不與人期
幸遇芳菲日
猶當强健時
萬金何假藉
一盞莫推辭
流水光陰急
浮雲富貴遲
人間若無酒
盡合鬢成絲",77
2077,poem,2077,卷二十八,,,律詩,重修府西水亭院,,,2077,revised_jsonl_direct,2078,831,revised_jsonl,笺；赠苏少府；和友人洛中春感,,0,False,,0,False,1,8,"因下疏爲沼
隨高築作臺
龍門分水入
金谷取花栽
遶岸行初匝
憑軒立未迴
園西有池位
留與後人開","重修府西水亭院因下疏爲沼
隨高築作臺
龍門分水入
金谷取花栽
遶岸行初匝
憑軒立未迴
園西有池位
留與後人開",54
2078,poem,2078,卷二十八,,,律詩,與諸公同出城觀稼,,,2078,revised_jsonl_direct,2079,831,revised_jsonl,笺；诗；秋暮言志；太平御览；帝王世纪,诗；帝王世纪,2,True,,0,False,1,8,"老尹醉醺醺
來隨年少羣
不憂頭似雪
但喜稼如雲
歲望千箱積
秋憐五穀分
何人知帝力
堯舜正爲君","與諸公同出城觀稼老尹醉醺醺
來隨年少羣
不憂頭似雪
但喜稼如雲
歲望千箱積
秋憐五穀分
何人知帝力
堯舜正爲君",55
2079,poem,2079,卷二十八,,,律詩,水堂醉卧問杜三十一,,,2079,revised_jsonl_direct,2080,831,revised_jsonl,笺；宴后题府中水堂赠卢尹中丞；和杜录事题红叶；天坛峰下赠杜录事；魏堤有怀；唐会要；宋高僧传；唐洛阳同德寺无名传；同德精舍养疾寄河南兵曹东厅掾,,0,False,,0,False,1,8,"聞君洛下住多年
何處春流最可憐
爲問魏王堤岸下
何如同德寺門前
無妨水色堪閑玩
不得泉聲伴醉眠
那似此堂簾幕底
連明連夜碧潺湲","水堂醉卧問杜三十一聞君洛下住多年
何處春流最可憐
爲問魏王堤岸下
何如同德寺門前
無妨水色堪閑玩
不得泉聲伴醉眠
那似此堂簾幕底
連明連夜碧潺湲",72
2080,poem,2080,卷二十八,,,律詩,歲暮言懷,,,2080,revised_jsonl_direct,2081,831,revised_jsonl,笺；权摄昭应早秋书事寄元拾遗兼呈李司录；感鹤,,0,False,,0,False,1,8,"職與才相背
心將口自言
磨鉛教切玉
驅雁遣乘軒
只合居巖窟
何因入府門
年終若無替
轉恐負君恩","歲暮言懷職與才相背
心將口自言
磨鉛教切玉
驅雁遣乘軒
只合居巖窟
何因入府門
年終若無替
轉恐負君恩",51
2081,poem,2081,卷二十八,,,律詩,座中戲呈諸少年,,,2081,revised_jsonl_direct,2082,831,revised_jsonl,笺；双石,,0,False,,0,False,1,8,"衰容禁得無多酒
秋鬢新添幾許霜
縱有風情應淡薄
假如老健莫誇張
興來吟詠從成癖
飲後酣歌少放狂
不爲倚官兼挾勢
因何入得少年場","座中戲呈諸少年衰容禁得無多酒
秋鬢新添幾許霜
縱有風情應淡薄
假如老健莫誇張
興來吟詠從成癖
飲後酣歌少放狂
不爲倚官兼挾勢
因何入得少年場",70
2082,poem,2082,卷二十八,,,律詩,雪後早過天津橋偶呈諸客,,,2082,revised_jsonl_direct,2083,831,revised_jsonl,笺；和友人洛中春感；冬至夜,,0,False,,0,False,1,8,"官橋晴雪曉峨峨
老尹行吟獨一過
紫綬相輝應不惡
白鬚同色復如何
悠揚短景凋年急
牢落衰情感事多
猶賴洛中饒醉客
時時䛏我喚笙歌","雪後早過天津橋偶呈諸客官橋晴雪曉峨峨
老尹行吟獨一過
紫綬相輝應不惡
白鬚同色復如何
悠揚短景凋年急
牢落衰情感事多
猶賴洛中饒醉客
時時䛏我喚笙歌",74
2083,poem,2083,卷二十八,,,律詩,新製綾襖成感而有詠,,,2083,revised_jsonl_direct,2084,831,revised_jsonl,笺；捣衣曲；雪夜喜李郎中见访兼酬所赠；新制布裘,,0,False,,0,False,1,14,"水波文襖造新成
綾軟緜匀温復輕
晨興好擁向陽坐
晚出宜披蹋雪行
鶴氅毳疏無實事
木綿花冷得虛名
宴安往往歡侵夜
卧穩昏昏睡到明
百姓多寒無可救
一身獨煖亦何情
心中爲念農桑苦
耳裏如聞飢凍聲
爭得大裘長萬丈
與君都蓋洛陽城","新製綾襖成感而有詠水波文襖造新成
綾軟緜匀温復輕
晨興好擁向陽坐
晚出宜披蹋雪行
鶴氅毳疏無實事
木綿花冷得虛名
宴安往往歡侵夜
卧穩昏昏睡到明
百姓多寒無可救
一身獨煖亦何情
心中爲念農桑苦
耳裏如聞飢凍聲
爭得大裘長萬丈
與君都蓋洛陽城",120
2084,poem,2084,卷二十八,,,律詩,早春雪後贈洛陽李長官長水鄭明府二同年,,,2084,revised_jsonl_direct,2085,832,revised_jsonl,笺；同王十七庶子李六员外郑二侍御同年四人游龙门有感而作；旧唐书；楚辞；水经注；太平寰宇记；洛阳记；唐两京城坊考,楚辞；洛阳记,2,True,,0,False,1,8,"獻歲晴和風景新
銅駝街郭暖無塵
府庭共賀三川雪
縣道分行百里春
朱紱洛陽官位屈
青袍長水俸錢貧
有何功德紆金紫
若比同年是幸人","早春雪後贈洛陽李長官長水鄭明府二同年獻歲晴和風景新
銅駝街郭暖無塵
府庭共賀三川雪
縣道分行百里春
朱紱洛陽官位屈
青袍長水俸錢貧
有何功德紆金紫
若比同年是幸人",81
2085,poem,2085,卷二十八,,,律詩,醉吟,,,2085,revised_jsonl_direct,2086,832,revised_jsonl,笺,,0,False,,0,False,1,8,"醉來忘渴復忘飢
冠帶形骸杳若遺
耳底齋鍾初過後
心頭卯酒未消時
臨風朗詠從人聽
看雪閑行任馬遲
應被衆疑公事慢
承前府尹不吟詩","醉吟醉來忘渴復忘飢
冠帶形骸杳若遺
耳底齋鍾初過後
心頭卯酒未消時
臨風朗詠從人聽
看雪閑行任馬遲
應被衆疑公事慢
承前府尹不吟詩",65
2086,poem,2086,卷二十八,,,律詩,府酒五絶變法,,,2086,revised_jsonl_direct,2087,832,revised_jsonl,谱；笺；汉书,汉书,1,True,,0,False,1,4,"自慚到府來周歲
惠愛威稜一事無
唯是改張官酒法
漸從濁水作醍醐","府酒五絶變法自慚到府來周歲
惠愛威稜一事無
唯是改張官酒法
漸從濁水作醍醐",37
2087,poem,2087,卷二十八,,,律詩,府酒五絶招客,,,2087,revised_jsonl_direct,2088,,revised_jsonl,,,0,False,,0,False,1,4,"日午微風旦暮寒
春風冷峭雪乾殘
碧氊帳下紅爐畔
試爲來嘗一盞看","府酒五絶招客日午微風旦暮寒
春風冷峭雪乾殘
碧氊帳下紅爐畔
試爲來嘗一盞看",37
2088,poem,2088,卷二十八,,,律詩,府酒五絶辨味,,,2088,revised_jsonl_direct,2089,,revised_jsonl,,,0,False,,0,False,1,4,"甘露太甜非正味
醴泉雖潔不芳馨
杯中此物何人别
柔旨之中有典刑","府酒五絶辨味甘露太甜非正味
醴泉雖潔不芳馨
杯中此物何人别
柔旨之中有典刑",37
2089,poem,2089,卷二十八,,,律詩,府酒五絶自勸,,,2089,revised_jsonl_direct,2090,,revised_jsonl,芥隐笔记；野客丛书；宾退录,,0,False,,0,False,1,4,"憶昔羈貧應舉年
脱衣典酒曲江邊
十千一斗猶賒飲
何况官供不著錢","府酒五絶自勸憶昔羈貧應舉年
脱衣典酒曲江邊
十千一斗猶賒飲
何况官供不著錢",37
2090,poem,2090,卷二十八,,,律詩,府酒五絶諭妓,,,2090,revised_jsonl_direct,2091,,revised_jsonl,柘枝妓；笺；谕妓,,0,False,,0,False,1,4,"燭淚夜粘桃葉袖
酒痕春污石榴裙
莫辭辛苦供歡宴
老後思量悔煞君","府酒五絶諭妓燭淚夜粘桃葉袖
酒痕春污石榴裙
莫辭辛苦供歡宴
老後思量悔煞君",37
2091,poem,2091,卷二十八,,,律詩,晚歸早出,,,2091,revised_jsonl_direct,2092,832,revised_jsonl,笺,,0,False,,0,False,1,12,"筋力年年減
風光日日新
退衙歸逼夜
拜表出侵晨
何處臺無月
誰家池不春
莫言無勝地
自是少閑人
坐厭推囚案
行嫌引馬塵
幾時辭府印
却作自由身","晚歸早出筋力年年減
風光日日新
退衙歸逼夜
拜表出侵晨
何處臺無月
誰家池不春
莫言無勝地
自是少閑人
坐厭推囚案
行嫌引馬塵
幾時辭府印
却作自由身",75
2092,poem,2092,卷二十八,,,律詩,南龍興寺殘雪,,,2092,revised_jsonl_direct,2093,832,revised_jsonl,笺；唐会要,,0,False,,0,False,1,8,"南龍興寺春晴後
緩步徐吟遶四廊
老趁風花應不稱
閑尋松雪正相當
吏人引從多乘輿
賓客逢迎少下堂
不擬人間更求事
些些疏懶亦何妨","南龍興寺殘雪南龍興寺春晴後
緩步徐吟遶四廊
老趁風花應不稱
閑尋松雪正相當
吏人引從多乘輿
賓客逢迎少下堂
不擬人間更求事
些些疏懶亦何妨",69
2093,poem,2093,卷二十八,,,律詩,天宮閣早春,,,2093,revised_jsonl_direct,2094,832,revised_jsonl,笺；登天宫阁,,0,False,,0,False,1,8,"天宮高閣上何頻
每上令人耳目新
前日晚登緣看雪
今朝晴望爲迎春
林鶯何處吟箏柱
牆柳誰家曬麴塵
可惜三川虛作主
風光不屬白頭人","天宮閣早春天宮高閣上何頻
每上令人耳目新
前日晚登緣看雪
今朝晴望爲迎春
林鶯何處吟箏柱
牆柳誰家曬麴塵
可惜三川虛作主
風光不屬白頭人",68
2094,poem,2094,卷二十八,,,律詩,履道居三首其一,,,2094,revised_jsonl_direct,2095,832,revised_jsonl,笺,,0,False,,0,False,1,4,"莫嫌地窄林亭小
莫厭貧家活計微
大有高門鎖寬宅
主人到老不曾歸","履道居三首其一莫嫌地窄林亭小
莫厭貧家活計微
大有高門鎖寬宅
主人到老不曾歸",38
2095,poem,2095,卷二十八,,,律詩,履道居三首其二,,,2095,revised_jsonl_direct,2096,,revised_jsonl,挽歌词；笺；闻乐感邻,,0,False,,0,False,1,4,"東里素帷猶未徹
南鄰丹旐又新懸
衡門蝸舍自慚愧
收得身來已五年","履道居三首其二東里素帷猶未徹
南鄰丹旐又新懸
衡門蝸舍自慚愧
收得身來已五年",38
2096,poem,2096,卷二十八,,,律詩,履道居三首其三,,,2096,revised_jsonl_direct,2097,,revised_jsonl,,,0,False,,0,False,1,4,"世事平分衆所知
何嘗苦樂不相隨
唯餘耽酒狂歌客
只有樂時無苦時","履道居三首其三世事平分衆所知
何嘗苦樂不相隨
唯餘耽酒狂歌客
只有樂時無苦時",38
2097,poem,2097,卷二十八,,,律詩,和夢得冬日晨興,,,2097,revised_jsonl_direct,2098,832,revised_jsonl,笺；玉篇；广韵；幽通赋；文选；南园试小乐,,0,False,,0,False,1,8,"漏傳初五點
雞報第三聲
帳下從容起
窗間曨𣇤明
照書燈未滅
煖酒火重生
理曲絃歌動
先聞唱渭城","和夢得冬日晨興漏傳初五點
雞報第三聲
帳下從容起
窗間曨𣇤明
照書燈未滅
煖酒火重生
理曲絃歌動
先聞唱渭城",54
2098,poem,2098,卷二十八,,,律詩,雪夜對酒招客,,,2098,revised_jsonl_direct,2099,832,revised_jsonl,笺；类篇,,0,False,,0,False,1,8,"帳小青氊暖
杯香醁𨣞新
醉憐今夜月
歡憶去年人
暗落燈花燼
閑生草座塵
慇懃報絃管
明日有嘉賓","雪夜對酒招客帳小青氊暖
杯香醁𨣞新
醉憐今夜月
歡憶去年人
暗落燈花燼
閑生草座塵
慇懃報絃管
明日有嘉賓",53
2099,poem,2099,卷二十八,,,律詩,贈晦叔憶夢得,,,2099,revised_jsonl_direct,2100,832,revised_jsonl,笺；夜调琴忆崔少卿,,0,False,,0,False,1,8,"自别崔公四五秋
因何臨老轉風流
歸來不説秦中事
歇定唯謀洛下遊
酒面浮花應是喜
歌眉斂黛不關愁
得君更有無厭意
猶恨樽前欠老劉","贈晦叔憶夢得自别崔公四五秋
因何臨老轉風流
歸來不説秦中事
歇定唯謀洛下遊
酒面浮花應是喜
歌眉斂黛不關愁
得君更有無厭意
猶恨樽前欠老劉",69
2100,poem,2100,卷二十八,,,律詩,醉後重贈晦叔,,,2100,revised_jsonl_direct,2101,832,revised_jsonl,笺,,0,False,,0,False,1,12,"老伴知君少
歡情向我偏
無論疏與數
相見輒欣然
各以詩成癖
俱因酒得仙
笑迴青眼語
醉並白頭眠
豈是今投分
多疑宿結緣
人間更何事
攜手送衰年","醉後重贈晦叔老伴知君少
歡情向我偏
無論疏與數
相見輒欣然
各以詩成癖
俱因酒得仙
笑迴青眼語
醉並白頭眠
豈是今投分
多疑宿結緣
人間更何事
攜手送衰年",77
2101,poem,2101,卷二十八,,,律詩,睡覺,,,2101,revised_jsonl_direct,2102,832,revised_jsonl,笺；大集法门经；童蒙止观,,0,False,,0,False,1,8,"星河耿耿漏緜緜
月暗燈微欲曙天
轉枕頻伸書帳下
披裘箕踞火爐前
老眠早覺常殘夜
病力先衰不待年
五欲已銷諸念息
世間無境可勾牽","睡覺星河耿耿漏緜緜
月暗燈微欲曙天
轉枕頻伸書帳下
披裘箕踞火爐前
老眠早覺常殘夜
病力先衰不待年
五欲已銷諸念息
世間無境可勾牽",65
2102,poem,2102,卷二十九,,,格體,詠興五首解印出公府,,,2102,revised_jsonl_direct,2103,833,revised_jsonl,谱；笺；旧唐书；履道新居二十韵；得微之到官后书备知通州之事怅然有感因成四章；丘中有一士,,0,False,,0,False,1,18,"解印出公府
斗擻塵土衣
百吏放爾散
雙鶴隨我歸
歸來履道宅
下馬入柴扉
馬嘶返舊櫪
鶴舞還故池
雞犬何忻忻
鄰里亦依依
年顔老去日
生計勝前時
有帛禦冬寒
有穀防歲饑
飽於東方朔
樂於榮啓期
人生且如此
此外吾不知","詠興五首解印出公府解印出公府
斗擻塵土衣
百吏放爾散
雙鶴隨我歸
歸來履道宅
下馬入柴扉
馬嘶返舊櫪
鶴舞還故池
雞犬何忻忻
鄰里亦依依
年顔老去日
生計勝前時
有帛禦冬寒
有穀防歲饑
飽於東方朔
樂於榮啓期
人生且如此
此外吾不知",116
2103,poem,2103,卷二十九,,,格體,詠興五首出府歸吾廬,,,2103,revised_jsonl_direct,2104,,revised_jsonl,魏书；旧唐书；自京赴奉先县咏怀五百字；暮江吟；长安道；解嘲；诗；书,魏书；诗；书,3,True,,0,False,1,24,"出府歸吾廬
靜然安且逸
更無客干謁
時有僧問疾
家僮十餘人
櫪馬三四匹
慵發經旬卧
興來連日出
出遊愛何處
嵩碧伊瑟瑟
况有清和天
正當疏散日
身閑自爲貴
何必居榮秩
心足即非貧
豈唯金滿室
吾觀權勢者
苦以身徇物
炙手外炎炎
履冰中慄慄
朝飢口忘味
夕惕心憂失
但有富貴名
而無富貴實","詠興五首出府歸吾廬出府歸吾廬
靜然安且逸
更無客干謁
時有僧問疾
家僮十餘人
櫪馬三四匹
慵發經旬卧
興來連日出
出遊愛何處
嵩碧伊瑟瑟
况有清和天
正當疏散日
身閑自爲貴
何必居榮秩
心足即非貧
豈唯金滿室
吾觀權勢者
苦以身徇物
炙手外炎炎
履冰中慄慄
朝飢口忘味
夕惕心憂失
但有富貴名
而無富貴實",152
2104,poem,2104,卷二十九,,,格體,詠興五首池上有小舟,,,2104,revised_jsonl_direct,2105,,revised_jsonl,晋书；演繁露；瓯北诗话；香山集；家酿新熟每尝辄醉答妻侄等；对新家酝；和微之尝新酒；雪中酒熟携访吴秘监；池上小舟；府西池北新葺水斋即事招宾偶题十六韵；适意二首,晋书,1,True,,0,False,1,22,"池上有小舟
舟中有胡床
床前有新酒
獨酌還獨嘗
薰若春日氣
皎如秋水光
可洗機巧心
可蕩塵垢腸
岸曲舟行遲
一曲進一觴
未知幾曲醉
醉入無何鄉
寅緣潭島間
水竹深青蒼
身閑心無事
白日爲我長
我若未忘世
雖閑心亦忙
世若未忘我
雖退身難藏
我今異於是
身世交相忘","詠興五首池上有小舟池上有小舟
舟中有胡床
床前有新酒
獨酌還獨嘗
薰若春日氣
皎如秋水光
可洗機巧心
可蕩塵垢腸
岸曲舟行遲
一曲進一觴
未知幾曲醉
醉入無何鄉
寅緣潭島間
水竹深青蒼
身閑心無事
白日爲我長
我若未忘世
雖閑心亦忙
世若未忘我
雖退身難藏
我今異於是
身世交相忘",140
2105,poem,2105,卷二十九,,,格體,詠興五首四月池水滿,,,2105,revised_jsonl_direct,2106,,revised_jsonl,庄子,庄子,1,True,,0,False,1,16,"四月池水滿
龜游魚躍出
吾亦愛吾池
池邊開一室
人魚雖異族
其樂歸於一
且與爾爲徒
逍遥同過日
爾無羨滄海
蒲藻可委質
吾亦忘青雲
衡茅足容膝
况吾與爾輩
本非蛟龍疋
假如雲雨來
秖是池中物","詠興五首四月池水滿四月池水滿
龜游魚躍出
吾亦愛吾池
池邊開一室
人魚雖異族
其樂歸於一
且與爾爲徒
逍遥同過日
爾無羨滄海
蒲藻可委質
吾亦忘青雲
衡茅足容膝
况吾與爾輩
本非蛟龍疋
假如雲雨來
秖是池中物",104
2106,poem,2106,卷二十九,,,格體,詠興五首小庭亦有月,,,2106,revised_jsonl_direct,2107,,revised_jsonl,容斋随笔；小庭亦有月；史记；方言；九日寄微之；自咏,史记；方言,2,True,,0,False,1,30,"小庭亦有月
小院亦有花
可憐好風景
不解嫌貧家
菱角執笙簧
谷兒抹琵琶
紅綃信手舞
紫綃隨意歌
菱﹑谷﹑紫﹑紅
皆小臧獲名也
村歌與社舞
客哂主人誇
但問樂不樂
豈在鐘鼓多
客告暮將歸
主稱日未斜
請客稍深酌
願見朱顔酡
客知主意厚
分數隨口加
堂上燭未秉
座中冠已峨
左顧短紅袖
右命小青娥
長跪謝貴客
蓬門勞見過
客散有餘興
醉卧獨吟哦
幕天而席地
誰奈劉伶何","詠興五首小庭亦有月小庭亦有月
小院亦有花
可憐好風景
不解嫌貧家
菱角執笙簧
谷兒抹琵琶
紅綃信手舞
紫綃隨意歌
菱﹑谷﹑紫﹑紅
皆小臧獲名也
村歌與社舞
客哂主人誇
但問樂不樂
豈在鐘鼓多
客告暮將歸
主稱日未斜
請客稍深酌
願見朱顔酡
客知主意厚
分數隨口加
堂上燭未秉
座中冠已峨
左顧短紅袖
右命小青娥
長跪謝貴客
蓬門勞見過
客散有餘興
醉卧獨吟哦
幕天而席地
誰奈劉伶何",191
2107,poem,2107,卷二十九,,,格體,秋凉閑卧,,,2107,revised_jsonl_direct,2108,837,revised_jsonl,笺；唐宋诗醇,,0,False,,0,False,1,8,"殘暑晝猶長
早凉秋尚嫩
露荷散清香
風竹含疏韻
幽閑竟日卧
衰病無人問
薄暮宅門前
槐花深一寸","秋凉閑卧殘暑晝猶長
早凉秋尚嫩
露荷散清香
風竹含疏韻
幽閑竟日卧
衰病無人問
薄暮宅門前
槐花深一寸",51
2108,poem,2108,卷二十九,,,格體,酬思黯相公見過弊居戲贈,,,2108,revised_jsonl_direct,2109,837,revised_jsonl,笺；求分司东都寄牛相公十韵；旧唐书；四愁诗；世说新语；庄子；吴都赋,庄子,1,True,,0,False,1,20,"軒蓋光照地
行人爲徘徊
呼傳君子出
乃是故人來
訪我入窮巷
引君登小臺
臺前多竹樹
池上無塵埃
貧家何所有
新酒三兩杯
欵曲語上馬
從容復遲迴
留守不外宿
日斜宮漏催
但留金刀贈
未接玉山頽
家醞不敢惜
待君來即開
村妓不辭出
恐君囅然咍","酬思黯相公見過弊居戲贈軒蓋光照地
行人爲徘徊
呼傳君子出
乃是故人來
訪我入窮巷
引君登小臺
臺前多竹樹
池上無塵埃
貧家何所有
新酒三兩杯
欵曲語上馬
從容復遲迴
留守不外宿
日斜宮漏催
但留金刀贈
未接玉山頽
家醞不敢惜
待君來即開
村妓不辭出
恐君囅然咍",130
2109,poem,2109,卷二十九,,,格體,再授賓客分司,,,2109,revised_jsonl_direct,2110,833,revised_jsonl,谱；笺；答四皓庙；旧唐书；和友人洛中春感；赠苏少府,,0,False,,0,False,1,24,"優穩四皓官
清崇三品列
伊予再塵忝
内愧非才哲
俸錢七八萬
給受無虛月
分命在東司
又不勞朝謁
既資閑養疾
亦賴慵藏拙
賓友得從容
琴觴恣怡悦
乘籃城外去
繫馬花前歇
六遊金谷春
五看龍門雪
吾若默無語
安知吾快活
吾欲更盡言
復恐人豪奪
應爲時所笑
占惜分司闕
但問適意無
豈論官冷熱","再授賓客分司優穩四皓官
清崇三品列
伊予再塵忝
内愧非才哲
俸錢七八萬
給受無虛月
分命在東司
又不勞朝謁
既資閑養疾
亦賴慵藏拙
賓友得從容
琴觴恣怡悦
乘籃城外去
繫馬花前歇
六遊金谷春
五看龍門雪
吾若默無語
安知吾快活
吾欲更盡言
復恐人豪奪
應爲時所笑
占惜分司闕
但問適意無
豈論官冷熱",149
2110,poem,2110,卷二十九,,,格體,把酒,,,2110,revised_jsonl_direct,2111,833,revised_jsonl,笺；庄子；辨命论；汉书；寄张十八,庄子；汉书,2,True,,0,False,1,24,"把酒仰問天
古今誰不死
所貴未死間
少憂多歡喜
窮通諒在天
憂喜即由己
是故達道人
去彼而取此
勿言未富貴
久忝居祿仕
借問宗族間
幾人拖金紫
勿憂漸衰老
且喜加年紀
試數班行中
幾人及暮齒
朝餐不過飽
五鼎徒爲爾
夕寢止求安
一衾而已矣
此外皆長去聲物
於我雲相似
有子不留金
何况兼無子","把酒把酒仰問天
古今誰不死
所貴未死間
少憂多歡喜
窮通諒在天
憂喜即由己
是故達道人
去彼而取此
勿言未富貴
久忝居祿仕
借問宗族間
幾人拖金紫
勿憂漸衰老
且喜加年紀
試數班行中
幾人及暮齒
朝餐不過飽
五鼎徒爲爾
夕寢止求安
一衾而已矣
此外皆長去聲物
於我雲相似
有子不留金
何况兼無子",147
2111,poem,2111,卷二十九,,,格體,首夏,,,2111,revised_jsonl_direct,2112,833,revised_jsonl,笺；送王处士；拟挽歌辞；效陶潜体诗十六首；赠内,,0,False,,0,False,1,22,"林靜蚊未生
池靜蛙未鳴
景長天氣好
竟日和且清
春禽餘哢在
夏木新陰成
兀爾水邊坐
翛然橋上行
自問一何適
身閑官不輕
料錢隨月用
生計逐日營
食飽慚伯夷
酒足愧淵明
陶潛詩云
“飲酒常不足
”壽倍顔氏子
富百黔婁生
有一即爲樂
况吾四者并
所以私自慰
雖老有心情","首夏林靜蚊未生
池靜蛙未鳴
景長天氣好
竟日和且清
春禽餘哢在
夏木新陰成
兀爾水邊坐
翛然橋上行
自問一何適
身閑官不輕
料錢隨月用
生計逐日營
食飽慚伯夷
酒足愧淵明
陶潛詩云
“飲酒常不足
”壽倍顔氏子
富百黔婁生
有一即爲樂
况吾四者并
所以私自慰
雖老有心情",134
2112,poem,2112,卷二十九,,,格體,代鶴,,,2112,revised_jsonl_direct,2113,833,revised_jsonl,笺；寄陆补阙,,0,False,,0,False,1,16,"我本海上鶴
偶逢江南客
感君一顧恩
同來洛陽陌
洛陽寡族類
皎皎唯兩翼
貌是天與高
色非日浴白
主人誠可戀
其奈軒庭窄
飲啄雜雞羣
年深損標格
故鄉渺何處
雲水重重隔
誰念深籠中
七換摩天翮","代鶴我本海上鶴
偶逢江南客
感君一顧恩
同來洛陽陌
洛陽寡族類
皎皎唯兩翼
貌是天與高
色非日浴白
主人誠可戀
其奈軒庭窄
飲啄雜雞羣
年深損標格
故鄉渺何處
雲水重重隔
誰念深籠中
七換摩天翮",97
2113,poem,2113,卷二十九,,,格體,立秋夕有懷夢得,,,2113,revised_jsonl_direct,2114,833,revised_jsonl,笺；酬乐天七月一日即事见寄；艺文类聚；汉书；山居赋；郑群赠簟；吴声歌曲；别苏州,汉书,1,True,,0,False,1,12,"露簟荻竹清
風扇蒲葵輕
一與故人别
再見新蟬鳴
是夕凉飇起
閑境入幽情
迴燈見棲鶴
隔竹聞吹笙
夜茶一兩杓
秋吟三數聲
所思渺千里
雲外長洲城","立秋夕有懷夢得露簟荻竹清
風扇蒲葵輕
一與故人别
再見新蟬鳴
是夕凉飇起
閑境入幽情
迴燈見棲鶴
隔竹聞吹笙
夜茶一兩杓
秋吟三數聲
所思渺千里
雲外長洲城",78
2114,poem,2114,卷二十九,,,格體,哭崔常侍晦叔,,,2114,revised_jsonl_direct,2115,833,revised_jsonl,谱；笺；夜调琴忆崔少卿；旧唐书；唐故虢州刺史赠礼部尚书崔公墓志铭；白氏文集；庄子；吕氏春秋,庄子；吕氏春秋,2,True,,0,False,1,28,"頑賤一拳石
精珍百煉金
名價既相遠
交分何其深
中誠一以合
外物不能侵
逶迤二十年
與世同浮沉
晚有退閑約
白首歸雲林
垂老忽相失
悲哉口語心
春日嵩高陽
秋夜清洛陰
丘園共誰卜
山水共誰尋
風月共誰賞
詩篇共誰吟
花開共誰看
酒熟共誰斟
惠死莊杜口
鍾殁師廢琴
道理使之然
從古非獨今
吾道自此孤
我情安可任
唯將病眼淚
一灑秋風襟","哭崔常侍晦叔頑賤一拳石
精珍百煉金
名價既相遠
交分何其深
中誠一以合
外物不能侵
逶迤二十年
與世同浮沉
晚有退閑約
白首歸雲林
垂老忽相失
悲哉口語心
春日嵩高陽
秋夜清洛陰
丘園共誰卜
山水共誰尋
風月共誰賞
詩篇共誰吟
花開共誰看
酒熟共誰斟
惠死莊杜口
鍾殁師廢琴
道理使之然
從古非獨今
吾道自此孤
我情安可任
唯將病眼淚
一灑秋風襟",173
2115,poem,2115,卷二十九,,,格體,新秋曉興,,,2115,revised_jsonl_direct,2116,833,revised_jsonl,笺；平蔡州三首；羁旅行；通雅；伽蓝记；寄生衣与微之因题封上,,0,False,,0,False,1,16,"濁暑忽已退
清宵未全長
晨釭耿殘焰
宿閣凝微香
喔喔雞下樹
輝輝日上梁
枕低茵席軟
卧穩身入牀
睡足景猶早
起初風乍凉
展張小屏障
收拾生衣裳
還有惆悵事
遲遲未能忘
拂鏡梳白髪
可憐冰照霜","新秋曉興濁暑忽已退
清宵未全長
晨釭耿殘焰
宿閣凝微香
喔喔雞下樹
輝輝日上梁
枕低茵席軟
卧穩身入牀
睡足景猶早
起初風乍凉
展張小屏障
收拾生衣裳
還有惆悵事
遲遲未能忘
拂鏡梳白髪
可憐冰照霜",99
2116,poem,2116,卷二十九,,,格體,秋日與張賓客舒著作同遊龍門醉中狂歌凡二百三十八字,,,2116,revised_jsonl_direct,2117,833,revised_jsonl,笺；常乐里闲居偶题十六韵兼寄刘十五公舆王十一起吕二炅吕四颖崔十八玄亮元九稹刘三十二敦质张十五仲方时为校书郎；旧唐书；九日代罗樊二妓招舒著作；太平寰宇记；十洲记；越中秋怀；太平御览；西京新记；演繁露；新制布裘；香山寺石楼潭夜浴,十洲记,1,True,,0,False,1,34,"秋天高高秋光清
秋風嫋嫋秋蟲鳴
嵩峰餘霞錦綺卷
伊水細浪鱗甲生
洛陽閑客知無數
少出遊山多在城
商嶺老人自追逐
蓬丘逸士相逢迎
南出鼎門十八里
莊店邐迤橋道平
不寒不熱好時節
鞍馬穩快衣衫輕
並轡踟躕下西岸
扣舷容與遶中汀
開懷曠達無所繫
觸目勝絶不可名
荷衰欲黄荇猶綠
魚樂自躍鷗不驚
翠藻蔓長孔雀尾
彩船櫓急寒雁聲
家醞一壺白玉液
野花數把黄金英
晝遊四看西日暮
夜話三及東方明
暫停杯觴輟吟詠
我有狂言君試聽
丈夫一生有二志
兼濟獨善難得并
不能救療生民病
即須先濯塵土纓
况吾頭白眼已暗
終日戚促何所成
不如展眉開口笑
龍門醉卧香山行","秋日與張賓客舒著作同遊龍門醉中狂歌凡二百三十八字秋天高高秋光清
秋風嫋嫋秋蟲鳴
嵩峰餘霞錦綺卷
伊水細浪鱗甲生
洛陽閑客知無數
少出遊山多在城
商嶺老人自追逐
蓬丘逸士相逢迎
南出鼎門十八里
莊店邐迤橋道平
不寒不熱好時節
鞍馬穩快衣衫輕
並轡踟躕下西岸
扣舷容與遶中汀
開懷曠達無所繫
觸目勝絶不可名
荷衰欲黄荇猶綠
魚樂自躍鷗不驚
翠藻蔓長孔雀尾
彩船櫓急寒雁聲
家醞一壺白玉液
野花數把黄金英
晝遊四看西日暮
夜話三及東方明
暫停杯觴輟吟詠
我有狂言君試聽
丈夫一生有二志
兼濟獨善難得并
不能救療生民病
即須先濯塵土纓
况吾頭白眼已暗
終日戚促何所成
不如展眉開口笑
龍門醉卧香山行",295
2117,poem,2117,卷二十九,,,格體,履信池櫻桃島上醉後走筆送别舒員外兼寄宗正李卿考功崔郎中,,,2117,revised_jsonl_direct,2118,833,revised_jsonl,笺；元河南志；苦热中寄舒员外；新唐书；旧唐书；唐人行第录；旧传；吹剑三录；牡丹赋,,0,False,,0,False,1,15,"櫻桃島前春
去春花萬枝
忽憶與宗卿閑飲日
又憶與考功狂醉時
歲晚無花空有葉
風吹滿地乾重疊
踏葉悲秋復憶春
池邊樹下重殷勤
今朝一酌臨寒水
此地三迴别故人
櫻桃花
來春千萬朵
來春共誰花下坐
不論崔李上青雲
明日舒三亦抛我","履信池櫻桃島上醉後走筆送别舒員外兼寄宗正李卿考功崔郎中櫻桃島前春
去春花萬枝
忽憶與宗卿閑飲日
又憶與考功狂醉時
歲晚無花空有葉
風吹滿地乾重疊
踏葉悲秋復憶春
池邊樹下重殷勤
今朝一酌臨寒水
此地三迴别故人
櫻桃花
來春千萬朵
來春共誰花下坐
不論崔李上青雲
明日舒三亦抛我",138
2118,poem,2118,卷二十九,,,格體,秋池獨汎,,,2118,revised_jsonl_direct,2119,833,revised_jsonl,笺；玉篇；重题；后汉书；三国志；魏氏春秋,后汉书,1,True,,0,False,1,12,"蕭疏秋竹籬
清淺秋風池
一隻短󲧿艇
一張斑鹿皮
皮上有野叟
手中持酒巵
半酣箕踞坐
自問身爲誰
嚴子垂釣日
蘇門長嘯時
悠然意自得
意外何人知","秋池獨汎蕭疏秋竹籬
清淺秋風池
一隻短󲧿艇
一張斑鹿皮
皮上有野叟
手中持酒巵
半酣箕踞坐
自問身爲誰
嚴子垂釣日
蘇門長嘯時
悠然意自得
意外何人知",75
2119,poem,2119,卷二十九,,,格體,冬日早起閑詠,,,2119,revised_jsonl_direct,2120,833,revised_jsonl,笺；和尝新酒,,0,False,,0,False,1,12,"冰塘耀初旭
風竹飄餘霰
幽境雖目前
不因閑不見
晨起對爐香
道經尋兩卷
晚坐拂琴塵
秋思彈一遍
此外更無事
開樽時自勸
何必東風來
一杯春上面","冬日早起閑詠冰塘耀初旭
風竹飄餘霰
幽境雖目前
不因閑不見
晨起對爐香
道經尋兩卷
晚坐拂琴塵
秋思彈一遍
此外更無事
開樽時自勸
何必東風來
一杯春上面",77
2120,poem,2120,卷二十九,,,格體,歲暮,,,2120,revised_jsonl_direct,2121,833,revised_jsonl,笺；礼记；后汉书,礼记；后汉书,2,True,,0,False,1,20,"慘澹歲云暮
窮陰動經旬
霜風裂人面
冰雪摧車輪
而我當是時
獨不知苦辛
晨炊廩有米
夕爨厨有薪
夾帽長覆耳
重裘寬裹身
加之一杯酒
煦嫗如陽春
洛城士與庶
比屋多飢貧
何處爐有火
誰家甑無塵
如我飽煖者
百人無一人
安得不慚愧
放歌聊自陳","歲暮慘澹歲云暮
窮陰動經旬
霜風裂人面
冰雪摧車輪
而我當是時
獨不知苦辛
晨炊廩有米
夕爨厨有薪
夾帽長覆耳
重裘寬裹身
加之一杯酒
煦嫗如陽春
洛城士與庶
比屋多飢貧
何處爐有火
誰家甑無塵
如我飽煖者
百人無一人
安得不慚愧
放歌聊自陳",121
2121,poem,2121,卷二十九,,,格體,南池早春有懷,,,2121,revised_jsonl_direct,2122,834,revised_jsonl,笺；皑如山上雪；伤寒论；入少密溪；李供奉弹箜篌歌,,0,False,,0,False,1,16,"朝遊北橋上
晚憩南塘畔
西日雪全銷
東風冰盡泮
簁簁魚尾掉
瞥瞥鵝毛換
泥暖草芽生
沙虛泉脈散
晴芳冒苔島
宿潤侵蒲岸
洛下日初長
江南春欲半
時光共抛擲
人事堪嗟歎
倚棹忽尋思
去年池上伴","南池早春有懷朝遊北橋上
晚憩南塘畔
西日雪全銷
東風冰盡泮
簁簁魚尾掉
瞥瞥鵝毛換
泥暖草芽生
沙虛泉脈散
晴芳冒苔島
宿潤侵蒲岸
洛下日初長
江南春欲半
時光共抛擲
人事堪嗟歎
倚棹忽尋思
去年池上伴",101
2122,poem,2122,卷二十九,,,格體,古意,,,2122,revised_jsonl_direct,2123,834,revised_jsonl,笺；古诗十九首；为人伤近而不见诗；题卢秘书夏日新栽竹二十韵；长相思；相和歌辞；古乐府歌,,0,False,,0,False,1,12,"脈脈復脈脈
美人千里隔
不見來幾時
瑶草三四碧
玉琴聲悄悄
鸞鏡塵羃羃
昔爲連理枝
今作分飛翮
寄書多不達
加飯終無益
心腸不自寬
衣帶何由窄","古意脈脈復脈脈
美人千里隔
不見來幾時
瑶草三四碧
玉琴聲悄悄
鸞鏡塵羃羃
昔爲連理枝
今作分飛翮
寄書多不達
加飯終無益
心腸不自寬
衣帶何由窄",73
2123,poem,2123,卷二十九,,,格體,山遊示小妓,,,2123,revised_jsonl_direct,2124,834,revised_jsonl,笺；杨柳枝词八首,,0,False,,0,False,1,12,"雙鬟垂未合
三十纔過半
本是綺羅人
今爲山水伴
春泉共揮弄
好樹同攀玩
笑容花底迷
酒思風前亂
紅凝舞袖急
黛慘歌聲緩
莫唱楊柳枝
無腸與君斷","山遊示小妓雙鬟垂未合
三十纔過半
本是綺羅人
今爲山水伴
春泉共揮弄
好樹同攀玩
笑容花底迷
酒思風前亂
紅凝舞袖急
黛慘歌聲緩
莫唱楊柳枝
無腸與君斷",76
2124,poem,2124,卷二十九,,,格體,神照禪師同宿,,,2124,revised_jsonl_direct,2125,834,revised_jsonl,笺；神照上人；维摩经；释氏稽古略,,0,False,,0,False,1,8,"八年二月晦
山梨花滿枝
龍門水西寺
夜與遠公期
晏坐自相對
密語誰得知
前後際斷處
一念不生時","神照禪師同宿八年二月晦
山梨花滿枝
龍門水西寺
夜與遠公期
晏坐自相對
密語誰得知
前後際斷處
一念不生時",53
2125,poem,2125,卷二十九,,,格體,張常侍相訪,,,2125,revised_jsonl_direct,2126,834,revised_jsonl,笺；秋日与张宾客舒著作同游龙门醉中狂歌凡二百三十八字,,0,False,,0,False,1,8,"西亭晚寂寞
鶯散柳陰繁
水户簾不卷
風牀席自翻
忽聞車馬客
來訪蓬蒿門
况是張常侍
安得不開樽","張常侍相訪西亭晚寂寞
鶯散柳陰繁
水户簾不卷
風牀席自翻
忽聞車馬客
來訪蓬蒿門
况是張常侍
安得不開樽",52
2126,poem,2126,卷二十九,,,格體,早夏遊宴,,,2126,revised_jsonl_direct,2127,834,revised_jsonl,笺；新制绫袄成感而有咏,,0,False,,0,False,1,12,"雖慵興猶在
雖老心猶健
昨日山水遊
今朝花酒宴
山榴豔似火
玉蘂飄如霰
榮落逐瞬遷
炎凉隨刻變
未收木綿褥
已動蒲葵扇
且喜物與人
年年得相見","早夏遊宴雖慵興猶在
雖老心猶健
昨日山水遊
今朝花酒宴
山榴豔似火
玉蘂飄如霰
榮落逐瞬遷
炎凉隨刻變
未收木綿褥
已動蒲葵扇
且喜物與人
年年得相見",75
2127,poem,2127,卷二十九,,,格體,感白蓮花,,,2127,revised_jsonl_direct,2128,834,revised_jsonl,笺；东林寺白莲；问江南物；缚戎人；西凉伎,,0,False,,0,False,1,24,"白白芙蓉花
本生吳江濆
不與紅者雜
色類自區分
誰移爾至此
姑蘇白使君
初來苦顦顇
久乃芳氛氳
月月葉換葉
年年根生根
陳根與故葉
銷化成泥塵
化者日已遠
來者日復新
一爲池中物
永别江南春
忽想西凉州
中有天寶民
埋殁漢父祖
孳生胡子孫
已忘鄉土戀
豈念君親恩
生人尚復爾
草木何足云","感白蓮花白白芙蓉花
本生吳江濆
不與紅者雜
色類自區分
誰移爾至此
姑蘇白使君
初來苦顦顇
久乃芳氛氳
月月葉換葉
年年根生根
陳根與故葉
銷化成泥塵
化者日已遠
來者日復新
一爲池中物
永别江南春
忽想西凉州
中有天寶民
埋殁漢父祖
孳生胡子孫
已忘鄉土戀
豈念君親恩
生人尚復爾
草木何足云",147
2128,poem,2128,卷二十九,,,格體,詠所樂,,,2128,revised_jsonl_direct,2129,834,revised_jsonl,笺；六年春赠分司东都诸公；分司,,0,False,,0,False,1,30,"獸樂在山谷
魚樂在陂池
蟲樂在深草
鳥樂在高枝
所樂雖不同
同歸適其宜
不以彼易此
况論是與非
而我何所樂
所樂在分司
分司有何樂
樂哉人不知
官優有祿料
職散無羈縻
懶與道相近
鈍將閑自隨
昨朝拜表迴
今晚行香歸
歸來北窗下
解巾脱塵衣
冷泉灌我頂
暖水濯四支
體中幸無疾
卧任清風吹
心中又無事
坐任白日移
或開書一篇
或引酒一巵
但得如今日
終身無厭時","詠所樂獸樂在山谷
魚樂在陂池
蟲樂在深草
鳥樂在高枝
所樂雖不同
同歸適其宜
不以彼易此
况論是與非
而我何所樂
所樂在分司
分司有何樂
樂哉人不知
官優有祿料
職散無羈縻
懶與道相近
鈍將閑自隨
昨朝拜表迴
今晚行香歸
歸來北窗下
解巾脱塵衣
冷泉灌我頂
暖水濯四支
體中幸無疾
卧任清風吹
心中又無事
坐任白日移
或開書一篇
或引酒一巵
但得如今日
終身無厭時",182
2129,poem,2129,卷二十九,,,格體,思舊,,,2129,revised_jsonl_direct,2130,834,revised_jsonl,笺；清异录；韩门缀学；杂说；李博士墓志；诗话；语林；邵氏闻见录；思旧；唐语林；唐书；十驾斋养新录；韩子年谱；辩证；卫府君墓志；李干墓志；元白诗笺证稿；白乐天之思想行为与佛道关系；云笈七签；丹论诀旨心照五篇；金碧经；昨以拙诗十首寄西川杜相公相公亦以新作十首惠然报示首数虽等工拙不伦重以一章用伸答谢；旧唐书；唐故虢州刺史赠礼部尚书崔公墓志铭；白氏文集；感事；仲夏斋戒月；中山玉柜服气经；芥隐笔记；礼；礼记,语林；礼；礼记,3,True,,0,False,1,32,"閑日一思舊
舊遊如目前
再思今何在
零落歸下泉
退之服流黄
一病訖不痊
微之煉秋石
未老身溘然
杜子得丹訣
終日斷腥羶
崔君誇藥力
經冬不衣綿
或疾或暴夭
悉不過中年
唯予不服食
老命反遲延
况在少壯時
亦爲嗜欲牽
但耽葷與血
不識汞與鉛
飢來吞熱物
渴來飲寒泉
詩役五藏神
酒汨三丹田
隨日合破壞
至今粗完全
齒牙未缺落
支體尚輕便
已開第七秩
飽食仍安眠
且進杯中物
其餘皆付天","思舊閑日一思舊
舊遊如目前
再思今何在
零落歸下泉
退之服流黄
一病訖不痊
微之煉秋石
未老身溘然
杜子得丹訣
終日斷腥羶
崔君誇藥力
經冬不衣綿
或疾或暴夭
悉不過中年
唯予不服食
老命反遲延
况在少壯時
亦爲嗜欲牽
但耽葷與血
不識汞與鉛
飢來吞熱物
渴來飲寒泉
詩役五藏神
酒汨三丹田
隨日合破壞
至今粗完全
齒牙未缺落
支體尚輕便
已開第七秩
飽食仍安眠
且進杯中物
其餘皆付天",193
2130,poem,2130,卷二十九,,,格體,寄盧少卿,,,2130,revised_jsonl_direct,2131,834,revised_jsonl,笺；旧唐书；老子；庄子；七发；云笈七签；王屋真人口授阴丹秘诀灵篇；史记；太平经；效陶潜体诗十六首；孟子,老子；庄子；史记；孟子,4,True,,0,False,1,30,"老誨心不亂
莊誡形太勞
生命既能保
死籍亦可逃
嘉肴與旨酒
信是腐腸膏
豔聲與麗色
真爲伐性刀
補養在積功
如裘集衆毛
將欲致千里
可得差一毫
心不亂﹑形太勞至差一毫
皆出老莊及諸道書仙方禁誡
顔回何爲者
簞瓢纔自給
肥醲不到口
年不登三十
張蒼何爲者
染愛浩無際
妾媵填後房
竟壽百餘歲
蒼壽有何德
回夭有何辜
誰謂具聖體
不如肥瓠軀
遂使世俗心
多疑仙道書
寄問盧先生
此理當何如","寄盧少卿老誨心不亂
莊誡形太勞
生命既能保
死籍亦可逃
嘉肴與旨酒
信是腐腸膏
豔聲與麗色
真爲伐性刀
補養在積功
如裘集衆毛
將欲致千里
可得差一毫
心不亂﹑形太勞至差一毫
皆出老莊及諸道書仙方禁誡
顔回何爲者
簞瓢纔自給
肥醲不到口
年不登三十
張蒼何爲者
染愛浩無際
妾媵填後房
竟壽百餘歲
蒼壽有何德
回夭有何辜
誰謂具聖體
不如肥瓠軀
遂使世俗心
多疑仙道書
寄問盧先生
此理當何如",196
2131,poem,2131,卷二十九,,,格體,池上清晨候皇甫郎中,,,2131,revised_jsonl_direct,2132,834,revised_jsonl,笺；闲吟赠皇甫郎中亲家翁；列仙传,列仙传,1,True,,0,False,1,12,"曉景麗未熱
晨飇鮮且凉
池幽綠蘋合
霜潔白蓮香
深掃竹間逕
靜拂松下牀
玉柄鶴翎扇
銀甖雲母漿
屏除無俗物
瞻望唯清光
何人擬相訪
嬴女從蕭郎","池上清晨候皇甫郎中曉景麗未熱
晨飇鮮且凉
池幽綠蘋合
霜潔白蓮香
深掃竹間逕
靜拂松下牀
玉柄鶴翎扇
銀甖雲母漿
屏除無俗物
瞻望唯清光
何人擬相訪
嬴女從蕭郎",80
2132,poem,2132,卷二十九,,,格體,詠懷,,,2132,revised_jsonl_direct,2133,834,revised_jsonl,笺；与山巨源绝交书；和新楼北园偶集从孙公度周巡官韩秀才卢秀才范处士小饮郑侍御判官周刘二从事皆先归,,0,False,,0,False,1,24,"我知世如幻
了無干世意
世知我無堪
亦無責我事
由兹兩相忘
因得長自遂
自遂意何如
閑官在閑地
閑地唯東都
東都少名利
閑官是賓客
賓客無牽累
嵇康日日懶
畢卓時時醉
酒肆夜深歸
僧房日高睡
形安不勞苦
神泰無憂畏
從官三十年
無如今氣味
鴻雖脱羅弋
鶴尚居祿位
唯此未忘懷
有時猶内愧","詠懷我知世如幻
了無干世意
世知我無堪
亦無責我事
由兹兩相忘
因得長自遂
自遂意何如
閑官在閑地
閑地唯東都
東都少名利
閑官是賓客
賓客無牽累
嵇康日日懶
畢卓時時醉
酒肆夜深歸
僧房日高睡
形安不勞苦
神泰無憂畏
從官三十年
無如今氣味
鴻雖脱羅弋
鶴尚居祿位
唯此未忘懷
有時猶内愧",145
2133,poem,2133,卷二十九,,,格體,北窗三友,,,2133,revised_jsonl_direct,2134,834,revised_jsonl,笺；丘中有一士；效陶潜体诗十六首；寄崔柳州；李贺小传,,0,False,,0,False,1,34,"今日北窗下
自問何所爲
欣然得三友
三友者爲誰
琴罷輒舉酒
酒罷輒吟詩
三友遞相引
循環無已時
一彈愜中心
一詠暢四支
猶恐中有間
以醉彌縫之
豈獨吾拙好
古人多若斯
嗜詩有淵明
嗜琴有啓期
嗜酒有伯倫
三人皆我師
或乏儋石儲
或穿帶索衣
絃歌復觴詠
樂道知所歸
三師去已遠
高風不可追
三友游甚熟
無日不相隨
左擲白玉巵
右拂黄金徽
興酣不疊紙
走筆操狂詞
誰能持此詞
爲我謝親知
縱未以爲是
豈以我爲非","北窗三友今日北窗下
自問何所爲
欣然得三友
三友者爲誰
琴罷輒舉酒
酒罷輒吟詩
三友遞相引
循環無已時
一彈愜中心
一詠暢四支
猶恐中有間
以醉彌縫之
豈獨吾拙好
古人多若斯
嗜詩有淵明
嗜琴有啓期
嗜酒有伯倫
三人皆我師
或乏儋石儲
或穿帶索衣
絃歌復觴詠
樂道知所歸
三師去已遠
高風不可追
三友游甚熟
無日不相隨
左擲白玉巵
右拂黄金徽
興酣不疊紙
走筆操狂詞
誰能持此詞
爲我謝親知
縱未以爲是
豈以我爲非",207
2134,poem,2134,卷二十九,,,格體,吟四雖,,,2134,revised_jsonl_direct,2135,834,revised_jsonl,笺；新唐书；同王十七庶子李六员外郑二侍御同年四人游龙门有感而作；旧唐书；元和姓纂；唐摭言；重修承旨学士壁记；翰林学士壁记注补；壁记；杏园中枣树,,0,False,,0,False,1,27,"酒酣後
歌歇時
請君添一酌
聽我吟四雖
年雖老
猶少於韋長史
命雖薄
猶勝於鄭長水
眼雖病
猶明於徐侍郎
家雖貧
猶富於郭庶子
省躬審分何僥倖
值酒逢歌且歡喜
忘榮知足委天和
亦應得盡生生理
分司同官中
韋長史績
年七十餘
郭庶子求
貧苦最甚
徐侍郎晦
因疾喪明
予爲河南尹時
見同年鄭俞
始受長水縣令
因歎四子而成此篇也","吟四雖酒酣後
歌歇時
請君添一酌
聽我吟四雖
年雖老
猶少於韋長史
命雖薄
猶勝於鄭長水
眼雖病
猶明於徐侍郎
家雖貧
猶富於郭庶子
省躬審分何僥倖
值酒逢歌且歡喜
忘榮知足委天和
亦應得盡生生理
分司同官中
韋長史績
年七十餘
郭庶子求
貧苦最甚
徐侍郎晦
因疾喪明
予爲河南尹時
見同年鄭俞
始受長水縣令
因歎四子而成此篇也",164
2135,poem,2135,卷二十九,,,格體,裴侍中晉公以集賢林亭即事詩二十六韻見贈猥蒙徵和才拙詞繁輒廣爲五百言以伸酬獻,,,2135,revised_jsonl_direct,2136,835,revised_jsonl,笺；和张十八秘书谢裴相公寄马；旧唐书；史记；太平寰宇记；诗；拟东城一何高；文选；七略；辨命论；高仆射；书；寓意诗五首；晋书；叙德书情四十韵上宣歙崔中丞；马上作；候仙亭同诸客醉坐；世说新语；石壁精舍还湖中作,史记；诗；书；晋书,4,True,,0,False,1,107,"三江路萬里
五湖天一涯
何如集賢第
中有平津池
池勝主先覺
景新人未知
竹森翠琅玕
水深洞琉璃
水竹以爲質
質立而文隨
文之者何人
公來親指麾
疏鑿出人意
結構得地宜
靈襟一搜索
勝概無遁遺
因下張沼沚
依高築階基
嵩峰見數片
伊水分一枝
南溪修且直
長波碧逶迤
北館壯復麗
倒影紅參差
東島號晨光
杲曜迎朝曦
西嶺名夕陽
杳曖留落暉
前有水心亭
動蕩架漣漪
後有開闔堂
寒温變天時
幽泉鏡泓澄
怪石山敧危
已上八所
各具本名
春葩雪漠漠
謂杏花島
夏果珠離離
謂櫻桃島
主人命方舟
宛在水中坻
親賓次第至
酒樂前後施
解纜始登汎
山遊仍水嬉
沿洄無滯礙
向背窮幽奇
瞥過遠橋下
飄旋深澗陲
管絃去縹緲
羅綺來霏微
棹風逐舞迴
梁塵隨歌飛
宴餘日云暮
醉客未放歸
高聲索彩牋
大笑催金巵
唱和筆走疾
問答杯行遲
一詠清兩耳
一酣暢四支
主客忘貴賤
不知俱是誰
客有詩魔者
吟哦不知疲
乞公殘紙墨
一掃狂歌詞
維公社稷臣
赫赫文武姿
十授丞相印
五建大將旗
四朝致勛華
一身冠臯夔
去年才七十
決赴懸車期
公志不可奪
君恩亦難違
從容就中道
俛僶來保釐
貂蟬雖未脱
鸞凰已不羈
歷徵今與古
獨步無等夷
陸賈功業少
二疏官秩卑
乘舟范蠡懼
辟穀留侯飢
豈若公今日
身安家國肥
羊祜在漢南
空留峴首碑
柳惲在江南
祗賦汀洲詩
謝安入東山
但説攜蛾眉
山簡醉高陽
唯聞倒接䍦
豈如公今日
餘力兼有之
願公壽如山
安樂長在兹
願我比蒲稗
永得相因依
謝靈運詩云
“蒲稗相因依
”","裴侍中晉公以集賢林亭即事詩二十六韻見贈猥蒙徵和才拙詞繁輒廣爲五百言以伸酬獻三江路萬里
五湖天一涯
何如集賢第
中有平津池
池勝主先覺
景新人未知
竹森翠琅玕
水深洞琉璃
水竹以爲質
質立而文隨
文之者何人
公來親指麾
疏鑿出人意
結構得地宜
靈襟一搜索
勝概無遁遺
因下張沼沚
依高築階基
嵩峰見數片
伊水分一枝
南溪修且直
長波碧逶迤
北館壯復麗
倒影紅參差
東島號晨光
杲曜迎朝曦
西嶺名夕陽
杳曖留落暉
前有水心亭
動蕩架漣漪
後有開闔堂
寒温變天時
幽泉鏡泓澄
怪石山敧危
已上八所
各具本名
春葩雪漠漠
謂杏花島
夏果珠離離
謂櫻桃島
主人命方舟
宛在水中坻
親賓次第至
酒樂前後施
解纜始登汎
山遊仍水嬉
沿洄無滯礙
向背窮幽奇
瞥過遠橋下
飄旋深澗陲
管絃去縹緲
羅綺來霏微
棹風逐舞迴
梁塵隨歌飛
宴餘日云暮
醉客未放歸
高聲索彩牋
大笑催金巵
唱和筆走疾
問答杯行遲
一詠清兩耳
一酣暢四支
主客忘貴賤
不知俱是誰
客有詩魔者
吟哦不知疲
乞公殘紙墨
一掃狂歌詞
維公社稷臣
赫赫文武姿
十授丞相印
五建大將旗
四朝致勛華
一身冠臯夔
去年才七十
決赴懸車期
公志不可奪
君恩亦難違
從容就中道
俛僶來保釐
貂蟬雖未脱
鸞凰已不羈
歷徵今與古
獨步無等夷
陸賈功業少
二疏官秩卑
乘舟范蠡懼
辟穀留侯飢
豈若公今日
身安家國肥
羊祜在漢南
空留峴首碑
柳惲在江南
祗賦汀洲詩
謝安入東山
但説攜蛾眉
山簡醉高陽
唯聞倒接䍦
豈如公今日
餘力兼有之
願公壽如山
安樂長在兹
願我比蒲稗
永得相因依
謝靈運詩云
“蒲稗相因依
”",671
2136,poem,2136,卷二十九,,,格體,晚歸香山寺因詠所懷,,,2136,revised_jsonl_direct,2137,831,revised_jsonl,笺；香山寺石楼潭夜浴；史记；括地志；注水经；读史五首；答四皓庙；汉书；易；象,史记；汉书；易；象,4,True,,0,False,1,22,"我年日已老
我身日已閑
閑出都門望
但見水與山
闕塞碧巖巖
伊流清潺潺
中有古精舍
軒户無扃關
岸草歇可籍
逕蘿行可攀
朝隨浮雲出
夕與飛鳥還
吾道本迂拙
世途多險艱
嘗聞嵇呂輩
尤悔生疏頑
巢悟入箕潁
皓知返商顔
豈唯樂肥遁
聊復祛憂患
吾亦從此去
終老伊嵩間","晚歸香山寺因詠所懷我年日已老
我身日已閑
閑出都門望
但見水與山
闕塞碧巖巖
伊流清潺潺
中有古精舍
軒户無扃關
岸草歇可籍
逕蘿行可攀
朝隨浮雲出
夕與飛鳥還
吾道本迂拙
世途多險艱
嘗聞嵇呂輩
尤悔生疏頑
巢悟入箕潁
皓知返商顔
豈唯樂肥遁
聊復祛憂患
吾亦從此去
終老伊嵩間",140
2137,poem,2137,卷二十九,,,格體,張常侍池凉夜閑讌贈諸公,,,2137,revised_jsonl_direct,2138,835,revised_jsonl,笺；张常侍相访,,0,False,,0,False,1,14,"竹橋新月上
水岸凉風至
對月五六人
管絃三兩事
留連池上酌
欵曲城外意
或嘯或謳吟
誰知此閑味
迴看市朝客
矻矻趨名利
朝忙少遊宴
夕困多眠睡
清凉屬吾徒
相逢勿辭醉","張常侍池凉夜閑讌贈諸公竹橋新月上
水岸凉風至
對月五六人
管絃三兩事
留連池上酌
欵曲城外意
或嘯或謳吟
誰知此閑味
迴看市朝客
矻矻趨名利
朝忙少遊宴
夕困多眠睡
清凉屬吾徒
相逢勿辭醉",94
2138,poem,2138,卷二十九,,,格體,和皇甫郎中秋曉同登天宮閣言懷六韻,,,2138,revised_jsonl_direct,2139,835,revised_jsonl,笺；池上清晨候皇甫郎中；登天宫阁；偶作；咏怀；庄子；见萧侍御忆旧山草堂诗因以继和,庄子,1,True,,0,False,1,12,"碧天忽已高
白日猶未短
玲瓏曉樓閣
清脆秋絲管
張翰一杯酣
嵇康終日懶
塵中足憂累
雲外多疏散
病木斧斤遺
冥鴻羈緤斷
逍遥二三子
永願爲閑伴","和皇甫郎中秋曉同登天宮閣言懷六韻碧天忽已高
白日猶未短
玲瓏曉樓閣
清脆秋絲管
張翰一杯酣
嵇康終日懶
塵中足憂累
雲外多疏散
病木斧斤遺
冥鴻羈緤斷
逍遥二三子
永願爲閑伴",87
2139,poem,2139,卷二十九,,,格體,送呂漳州,,,2139,revised_jsonl_direct,2140,835,revised_jsonl,笺；旧唐书,,0,False,,0,False,1,12,"今朝一壺酒
言送漳州牧
半自要閑遊
愛花憐草綠
花前下鞍馬
草上攜絲竹
行客飲數杯
主人歌一曲
端居惜風景
屢出勞僮僕
獨醉似無名
借君作題目","送呂漳州今朝一壺酒
言送漳州牧
半自要閑遊
愛花憐草綠
花前下鞍馬
草上攜絲竹
行客飲數杯
主人歌一曲
端居惜風景
屢出勞僮僕
獨醉似無名
借君作題目",75
2140,poem,2140,卷二十九,,,格體,短歌行,,,2140,revised_jsonl_direct,2141,835,revised_jsonl,笺；为萧扬州荐士表；文选；左传,左传,1,True,,0,False,1,28,"世人求富貴
多爲身嗜欲
盛衰不自由
得失常相逐
聞君少年日
苦學將干祿
負笈塵中遊
抱書雪前宿
布衾不周體
藜茹纔充腹
三十登宦途
五十被朝服
奴温已挾纊
馬肥初食粟
未敢議歡遊
尚爲名撿束
耳目聾暗後
堂上調絲竹
牙齒缺落時
盤中堆酒肉
彼來此已去
外餘中不足
少壯與榮華
相避如寒燠
青雲去地遠
白日終天速
從古無奈何
短歌聽一曲","短歌行世人求富貴
多爲身嗜欲
盛衰不自由
得失常相逐
聞君少年日
苦學將干祿
負笈塵中遊
抱書雪前宿
布衾不周體
藜茹纔充腹
三十登宦途
五十被朝服
奴温已挾纊
馬肥初食粟
未敢議歡遊
尚爲名撿束
耳目聾暗後
堂上調絲竹
牙齒缺落時
盤中堆酒肉
彼來此已去
外餘中不足
少壯與榮華
相避如寒燠
青雲去地遠
白日終天速
從古無奈何
短歌聽一曲",170
2141,poem,2141,卷二十九,,,格體,詠懷,,,2141,revised_jsonl_direct,2142,835,revised_jsonl,笺,,0,False,,0,False,1,16,"高人樂丘園
中人慕官職
一事尚難成
兩途安可得
遑遑干世者
多苦時命塞
亦有愛閑人
又爲窮餓逼
我今幸雙遂
祿仕兼游息
未嘗羨榮華
不省勞心力
妻孥與婢僕
亦免愁衣食
所以吾一家
面無憂喜色","詠懷高人樂丘園
中人慕官職
一事尚難成
兩途安可得
遑遑干世者
多苦時命塞
亦有愛閑人
又爲窮餓逼
我今幸雙遂
祿仕兼游息
未嘗羨榮華
不省勞心力
妻孥與婢僕
亦免愁衣食
所以吾一家
面無憂喜色",97
2142,poem,2142,卷二十九,,,格體,府西亭納凉歸,,,2142,revised_jsonl_direct,2143,836,revised_jsonl,笺,,0,False,,0,False,1,16,"避暑府西亭
晚歸有閑思
夏淺蟬未多
綠槐陰滿地
帶寬衫解領
馬穩人攏轡
面上有凉風
眼前無俗事
路經府門過
落日照官次
牽聯縲紲囚
奔走塵埃吏
低眉悄不語
誰復知兹意
憶得五年前
晚衙時氣味","府西亭納凉歸避暑府西亭
晚歸有閑思
夏淺蟬未多
綠槐陰滿地
帶寬衫解領
馬穩人攏轡
面上有凉風
眼前無俗事
路經府門過
落日照官次
牽聯縲紲囚
奔走塵埃吏
低眉悄不語
誰復知兹意
憶得五年前
晚衙時氣味",101
2143,poem,2143,卷二十九,,,格體,老熱,,,2143,revised_jsonl_direct,2144,836,revised_jsonl,笺；礼记；释文；集韵；敦煌掇琐；敦煌诗集残卷辑考；西厢记；西游记,礼记,1,True,,0,False,1,24,"一飽百情足
一酣萬事休
何人不衰老
我老心無憂
仕者拘職役
農者勞田疇
何人不苦熱
我熱身自由
卧風北窗下
坐月南池頭
腦凉脱烏帽
足熱濯清流
慵發晝高枕
興來夜汎舟
何乃有餘適
秖緣無過求
或問諸親友
樂天是與不
亦無别言語
多道大悠悠
悠悠君不知
此味深且幽
但恐君知後
亦來從我遊","老熱一飽百情足
一酣萬事休
何人不衰老
我老心無憂
仕者拘職役
農者勞田疇
何人不苦熱
我熱身自由
卧風北窗下
坐月南池頭
腦凉脱烏帽
足熱濯清流
慵發晝高枕
興來夜汎舟
何乃有餘適
秖緣無過求
或問諸親友
樂天是與不
亦無别言語
多道大悠悠
悠悠君不知
此味深且幽
但恐君知後
亦來從我遊",145
2144,poem,2144,卷二十九,,,格體,新秋喜凉因寄兵部楊侍郎,,,2144,revised_jsonl_direct,2145,836,revised_jsonl,笺；新昌闲居招杨郎中兄弟；旧唐书；秋霁；寄隐者,,0,False,,0,False,1,20,"外强火未退
中鋭金方戰
一夕風雨來
炎凉隨數變
徐徐炎景度
稍稍凉飇扇
枕簟忽淒清
巾裳亦輕健
老夫納秋候
心體殊安便
睡足一屈伸
搔首摩挲面
褰簾對池竹
幽寂如僧院
俯觀游魚羣
仰數浮雲片
閑忙各有趣
彼此寧相見
昨日聞慕巢
召對延英殿","新秋喜凉因寄兵部楊侍郎外强火未退
中鋭金方戰
一夕風雨來
炎凉隨數變
徐徐炎景度
稍稍凉飇扇
枕簟忽淒清
巾裳亦輕健
老夫納秋候
心體殊安便
睡足一屈伸
搔首摩挲面
褰簾對池竹
幽寂如僧院
俯觀游魚羣
仰數浮雲片
閑忙各有趣
彼此寧相見
昨日聞慕巢
召對延英殿",130
2145,poem,2145,卷二十九,,,格體,懶放二首呈劉夢得吳方之其一,,,2145,revised_jsonl_direct,2146,836,revised_jsonl,笺；吴秘监每有美酒独酌独醉但蒙诗报不以饮招辄此戏酬兼呈梦得；雪中酒熟欲携访吴监先寄此诗；吴方之见示独酌小醉首篇乐天续有酬答皆含戏谑极至风流两篇之中并蒙见属辄呈滥吹益美来章；秋斋独坐寄乐天兼呈吴方之大夫；旧唐书；册府元龜；新唐书；京使回累得南省诸公书因以长句诗寄谢萧五刘二元八吴十一韦大陆郎中崔二十二牛二李七庾三十三李六李十杨三樊大杨十二员外,,0,False,,0,False,1,8,"青衣報平旦
呼我起盥櫛
今早天氣寒
郎君應不出
又無賓客至
何以銷閑日
已向微陽前
暖酒開詩袟","懶放二首呈劉夢得吳方之其一青衣報平旦
呼我起盥櫛
今早天氣寒
郎君應不出
又無賓客至
何以銷閑日
已向微陽前
暖酒開詩袟",60
2146,poem,2146,卷二十九,,,格體,懶放二首呈劉夢得吳方之其二,,,2146,revised_jsonl_direct,2147,,revised_jsonl,,,0,False,,0,False,1,8,"朝憐一牀日
暮愛一爐火
床暖日高眠
爐温夜深坐
雀羅門懶出
鶴髪頭慵裹
除却劉與吳
何人來問我","懶放二首呈劉夢得吳方之其二朝憐一牀日
暮愛一爐火
床暖日高眠
爐温夜深坐
雀羅門懶出
鶴髪頭慵裹
除却劉與吳
何人來問我",60
2147,poem,2147,卷二十九,,,格體,六十六,,,2147,revised_jsonl_direct,2148,837,revised_jsonl,谱；笺,,0,False,,0,False,1,12,"病知心力減
老覺光陰速
五十八歸來
今年六十六
鬢絲千萬白
池草八九綠
童稚盡成人
園林半喬木
看山倚高石
引水穿深竹
唯有潺湲聲
至今聽未足","六十六病知心力減
老覺光陰速
五十八歸來
今年六十六
鬢絲千萬白
池草八九綠
童稚盡成人
園林半喬木
看山倚高石
引水穿深竹
唯有潺湲聲
至今聽未足",74
2148,poem,2148,卷二十九,,,格體,三適贈道友,,,2148,revised_jsonl_direct,2149,837,revised_jsonl,笺；圆觉经；庄子,庄子,1,True,,0,False,1,14,"褐綾袍厚暖
卧蓋行坐披
紫氊履寬穩
蹇步頗相宜
足適已忘屨
身適已忘衣
况我心又適
兼忘是與非
三適合爲一
怡怡復煕煕
禪那不動處
混沌未鑿時
此固不可説
爲君强言之","三適贈道友褐綾袍厚暖
卧蓋行坐披
紫氊履寬穩
蹇步頗相宜
足適已忘屨
身適已忘衣
况我心又適
兼忘是與非
三適合爲一
怡怡復煕煕
禪那不動處
混沌未鑿時
此固不可説
爲君强言之",88
2149,poem,2149,卷二十九,,,格體,洛陽春贈劉李二賓客,,,2149,revised_jsonl_direct,2150,837,revised_jsonl,笺；旧唐书；彭阳唱和集后引；汝洛集引；旧传；开成二年三月三日河南尹李待价以人和岁稔将禊于洛滨；旧纪；履信池樱桃岛上醉后走笔送别舒员外兼寄宗正李卿考功崔郎中；九日代罗樊二妓招舒著作；隋书；唐两京城坊考,,0,False,,0,False,1,18,"水南冠蓋地
城東桃李園
雪銷洛陽堰
春入永通門
淑景方靄靄
遊人稍喧喧
年豐酒漿賤
日晏歌吹繁
中有老朝客
華髪映朱軒
從容三兩人
籍草開一樽
樽前春可惜
身外事勿論
明日期何處
杏花遊趙村
洛陽城東有趙村
杏花千餘樹","洛陽春贈劉李二賓客水南冠蓋地
城東桃李園
雪銷洛陽堰
春入永通門
淑景方靄靄
遊人稍喧喧
年豐酒漿賤
日晏歌吹繁
中有老朝客
華髪映朱軒
從容三兩人
籍草開一樽
樽前春可惜
身外事勿論
明日期何處
杏花遊趙村
洛陽城東有趙村
杏花千餘樹",118
2150,poem,2150,卷二十九,,,格體,寒食,,,2150,revised_jsonl_direct,2151,837,revised_jsonl,笺,,0,False,,0,False,1,16,"人老何所樂
樂在歸鄉國
我歸故園來
九度逢寒食
故園在何處
池館東城側
四鄰梨花時
二月伊水色
豈獨好風土
仍多舊親戚
出去恣歡遊
歸來聊燕息
有官供祿俸
無事勞心力
但恐優穩多
微躬銷不得","寒食人老何所樂
樂在歸鄉國
我歸故園來
九度逢寒食
故園在何處
池館東城側
四鄰梨花時
二月伊水色
豈獨好風土
仍多舊親戚
出去恣歡遊
歸來聊燕息
有官供祿俸
無事勞心力
但恐優穩多
微躬銷不得",97
2151,poem,2151,卷二十九,,,格體,和裴令公一日日一年年雜言見贈,,,2151,revised_jsonl_direct,2152,837,revised_jsonl,笺；裴侍中晋公以集贤林亭即事诗二十六韵见赠猥蒙征和才拙词繁辄广为五百言以伸酬献；旧唐书；魏堤有怀；清一统志,,0,False,,0,False,1,14,"一日日作老翁
一年年過春風
公心不以貴隔我
我散唯將閑伴公
我無才能忝高秩
合是人間閑散物
公有功德在生民
何因得作自由身
前日魏王潭上宴連夜
今日午橋池頭遊拂晨
山客硯前吟待月
野人樽前醉送春
不敢與公閑中爭第一
亦應占得第二第三人","和裴令公一日日一年年雜言見贈一日日作老翁
一年年過春風
公心不以貴隔我
我散唯將閑伴公
我無才能忝高秩
合是人間閑散物
公有功德在生民
何因得作自由身
前日魏王潭上宴連夜
今日午橋池頭遊拂晨
山客硯前吟待月
野人樽前醉送春
不敢與公閑中爭第一
亦應占得第二第三人",131
2152,poem,2152,卷三十,,,格詩,裴侍中晉公出討淮西時過女几山下刻石題詩末句云待平賊壘報天子莫指仙山示武夫果如所言剋期平賊由是淮蔡迄今底寧殆二十年人安生業夫嗟歎不足則詠歌之故居易作詩二百言繼題公之篇末欲使採詩者修史者後之往來觀者知公之功德本末前後也,,,2152,revised_jsonl_direct,2153,835,revised_jsonl,笺；裴侍中晋公以集贤林亭即事诗二十六韵见赠猥蒙征和才拙词繁辄广为五百言以伸酬献；元和郡县志；太平寰宇记；九州要记；明一统志；李贺集；旧唐书；刘沔传；会昌二年四月二十三日上尊号赦文；唐两京城坊考；唐实录；三国志；九州春秋；列仙传；游仙诗；文选；神仙传,列仙传；游仙诗；神仙传,3,True,,0,False,1,38,"何處畫功業
何處題詩篇
麒麟高閣上
女几小山前
爾後多少時
四朝二十年
賊骨化爲土
賊壘犁爲田
一從賊壘平
陳蔡民晏然
騾軍成牛户
蔡寇驍鋭者號騾子軍
陳蔡間農人畜牛者呼爲牛户
鬼火變人煙
生子已嫁娶
種桑亦絲緜
皆云公之德
欲報無由緣
公今在何處
守都鎮三川
舊宅留永樂
新居開集賢
公今作何官
被衮珥貂蟬
戰袍破猶在
䏶肉生欲圓
襟懷轉蕭灑
氣力彌精堅
登山不拄杖
上馬能掉鞭
利澤浸入地
福祿降自天
昔號天下將
今稱地上仙
勿追赤松遊
勿拍洪崖肩
商山有遺老
可以奉周旋","裴侍中晉公出討淮西時過女几山下刻石題詩末句云待平賊壘報天子莫指仙山示武夫果如所言剋期平賊由是淮蔡迄今底寧殆二十年人安生業夫嗟歎不足則詠歌之故居易作詩二百言繼題公之篇末欲使採詩者修史者後之往來觀者知公之功德本末前後也何處畫功業
何處題詩篇
麒麟高閣上
女几小山前
爾後多少時
四朝二十年
賊骨化爲土
賊壘犁爲田
一從賊壘平
陳蔡民晏然
騾軍成牛户
蔡寇驍鋭者號騾子軍
陳蔡間農人畜牛者呼爲牛户
鬼火變人煙
生子已嫁娶
種桑亦絲緜
皆云公之德
欲報無由緣
公今在何處
守都鎮三川
舊宅留永樂
新居開集賢
公今作何官
被衮珥貂蟬
戰袍破猶在
䏶肉生欲圓
襟懷轉蕭灑
氣力彌精堅
登山不拄杖
上馬能掉鞭
利澤浸入地
福祿降自天
昔號天下將
今稱地上仙
勿追赤松遊
勿拍洪崖肩
商山有遺老
可以奉周旋",345
2153,poem,2153,卷三十,,,格詩,洛陽有愚叟,,,2153,revised_jsonl_direct,2154,834,revised_jsonl,笺；丘中有一士；效陶潜体诗十六首,,0,False,,0,False,1,24,"洛陽有愚叟
白黑無分别
浪跡雖似狂
謀身亦不拙
點撿盤中飯
非精亦非糲
點撿身上衣
無餘亦無闕
天時方得所
不寒復不熱
體氣正調和
不飢仍不渴
閑將酒壺出
醉向人家歇
野食或烹鮮
寓眠多擁褐
抱琴榮啓樂
荷鍤劉伶達
放眼看青山
任頭生白髮
不知天地内
更得幾年活
從此到終身
盡爲閑日月","洛陽有愚叟洛陽有愚叟
白黑無分别
浪跡雖似狂
謀身亦不拙
點撿盤中飯
非精亦非糲
點撿身上衣
無餘亦無闕
天時方得所
不寒復不熱
體氣正調和
不飢仍不渴
閑將酒壺出
醉向人家歇
野食或烹鮮
寓眠多擁褐
抱琴榮啓樂
荷鍤劉伶達
放眼看青山
任頭生白髮
不知天地内
更得幾年活
從此到終身
盡爲閑日月",148
2154,poem,2154,卷三十,,,格詩,飽食閑坐,,,2154,revised_jsonl_direct,2155,834,revised_jsonl,笺；元和郡县志；轻肥；把酒；题赠郑秘书征君石沟溪隐居；书,书,1,True,,0,False,1,34,"紅粒陸渾稻
白鱗伊水魴
庖童呼我食
飯熱魚鮮香
筯筯適我口
匙匙充我腸
八珍與五鼎
無復心思量
捫腹起盥漱
下階振衣裳
遶庭行數匝
却上簷下牀
箕踞擁裘坐
半身在日暘
可憐飽煖味
誰肯來同嘗
是歲大和八
兵銷時漸康
朝庭重經術
草澤搜賢良
堯舜求理切
夔龍啓沃忙
懷才抱智者
無不走遑遑
唯此不才叟
頑慵戀洛陽
飽食不出門
閑坐不下堂
子弟多寂寞
僮僕少精光
衣食雖充給
神意不揚揚
爲爾謀則短
爲吾謀甚長","飽食閑坐紅粒陸渾稻
白鱗伊水魴
庖童呼我食
飯熱魚鮮香
筯筯適我口
匙匙充我腸
八珍與五鼎
無復心思量
捫腹起盥漱
下階振衣裳
遶庭行數匝
却上簷下牀
箕踞擁裘坐
半身在日暘
可憐飽煖味
誰肯來同嘗
是歲大和八
兵銷時漸康
朝庭重經術
草澤搜賢良
堯舜求理切
夔龍啓沃忙
懷才抱智者
無不走遑遑
唯此不才叟
頑慵戀洛陽
飽食不出門
閑坐不下堂
子弟多寂寞
僮僕少精光
衣食雖充給
神意不揚揚
爲爾謀則短
爲吾謀甚長",207
2155,poem,2155,卷三十,,,格詩,閑居自題,,,2155,revised_jsonl_direct,2156,834,revised_jsonl,笺,,0,False,,0,False,1,16,"門前有流水
牆上多高樹
竹逕遶荷池
縈迴百餘步
波閑戲魚鼈
風靜下鷗鷺
寂無城市喧
渺有江湖趣
吾廬在其上
偃卧朝復暮
洛下安一居
山中亦慵去
時逢過客愛
問是誰家住
此是白家翁
閉門終老處","閑居自題門前有流水
牆上多高樹
竹逕遶荷池
縈迴百餘步
波閑戲魚鼈
風靜下鷗鷺
寂無城市喧
渺有江湖趣
吾廬在其上
偃卧朝復暮
洛下安一居
山中亦慵去
時逢過客愛
問是誰家住
此是白家翁
閉門終老處",99
2156,poem,2156,卷三十,,,格詩,覽鏡喜老,,,2156,revised_jsonl_direct,2157,835,revised_jsonl,笺；大暮赋；感时,,0,False,,0,False,1,28,"今朝覽明鏡
鬚鬢盡成絲
行年六十四
安得不衰羸
親屬惜我老
相顧興歎咨
而我獨微笑
此意何人知
笑罷仍命酒
掩鏡捋白髭
爾輩且安坐
從容聽我詞
生若不足戀
老亦何足悲
生若苟可戀
老即生多時
不老即須夭
不夭即須衰
晚衰勝早夭
此理決不疑
古人亦有言
浮生七十稀
我今欠六歲
多幸或庶幾
儻得及此限
何羨榮啓期
當喜不當歎
更傾酒一巵","覽鏡喜老今朝覽明鏡
鬚鬢盡成絲
行年六十四
安得不衰羸
親屬惜我老
相顧興歎咨
而我獨微笑
此意何人知
笑罷仍命酒
掩鏡捋白髭
爾輩且安坐
從容聽我詞
生若不足戀
老亦何足悲
生若苟可戀
老即生多時
不老即須夭
不夭即須衰
晚衰勝早夭
此理決不疑
古人亦有言
浮生七十稀
我今欠六歲
多幸或庶幾
儻得及此限
何羨榮啓期
當喜不當歎
更傾酒一巵",171
2157,poem,2157,卷三十,,,格詩,風雪中作,,,2157,revised_jsonl_direct,2158,834,revised_jsonl,笺；庄子；口义；赠元稹,庄子,1,True,,0,False,1,24,"歲暮風動地
夜寒雪連天
老夫何處宿
暖帳温爐前
兩重褐綺衾
一領花茸氊
粥熟呼不起
日高安穩眠
是時心與身
了無閑事牽
以此度風雪
閑居來六年
忽思遠遊客
復想早朝士
踏凍侵夜行
凌寒未明起
心爲身君父
身爲心臣子
不得身自由
皆爲心所使
我心既知足
我身自安止
方寸語形骸
吾應不負爾","風雪中作歲暮風動地
夜寒雪連天
老夫何處宿
暖帳温爐前
兩重褐綺衾
一領花茸氊
粥熟呼不起
日高安穩眠
是時心與身
了無閑事牽
以此度風雪
閑居來六年
忽思遠遊客
復想早朝士
踏凍侵夜行
凌寒未明起
心爲身君父
身爲心臣子
不得身自由
皆爲心所使
我心既知足
我身自安止
方寸語形骸
吾應不負爾",147
2158,poem,2158,卷三十,,,格詩,對琴酒,,,2158,revised_jsonl_direct,2159,835,revised_jsonl,笺；封禅文；文选；汉书音义；孟子,孟子,1,True,,0,False,1,16,"西窗明且暖
晚坐卷書帷
琴匣拂開後
酒瓶添滿時
角樽白螺盞
玉軫黄金徽
未及彈與酌
相對已依依
泠泠秋泉韻
貯在龍鳳池
油油春雲心
一杯可致之
自古有琴酒
得此味者稀
秖應康與籍
及我三心知","對琴酒西窗明且暖
晚坐卷書帷
琴匣拂開後
酒瓶添滿時
角樽白螺盞
玉軫黄金徽
未及彈與酌
相對已依依
泠泠秋泉韻
貯在龍鳳池
油油春雲心
一杯可致之
自古有琴酒
得此味者稀
秖應康與籍
及我三心知",98
2159,poem,2159,卷三十,,,格詩,雪中晏起偶詠所懷兼呈張常侍韋庶子皇甫郎中雜言,,,2159,revised_jsonl_direct,2160,835,revised_jsonl,笺；张常侍相访；二月一日作赠韦七庶子；韦七自太子宾客再除秘书监以长句贺而饯之；旧唐书；池上清晨候皇甫郎中；书；释文；读史五首,书,1,True,,0,False,1,28,"窮陰蒼蒼雪雰雰
雪深没脛泥埋輪
東家典錢歸礙夜
南家貰米出凌晨
我獨何者無此弊
複帳重衾暖若春
怕寒放懶不肯動
日高睡足方頻伸
瓶中有酒爐有炭
甕中有飯庖有薪
奴温婢飽身晏起
致兹快活良有因
上無臯陶伯益廊廟材
的不能匡君輔國活生民
下無巢父許由箕潁操
又不能食薇飲水自苦辛
君不見南山悠悠多白雲
又不見西京浩浩唯紅塵
紅塵鬧熱白雲冷
好於冷熱中間安置身
三年徼幸忝洛尹
兩任優穩爲商賓
非賢非愚非智慧
不貴不富不賤貧
冉冉老去過六十
騰騰閑來經七春
不知張韋與皇甫
私喚我作何如人","雪中晏起偶詠所懷兼呈張常侍韋庶子皇甫郎中雜言窮陰蒼蒼雪雰雰
雪深没脛泥埋輪
東家典錢歸礙夜
南家貰米出凌晨
我獨何者無此弊
複帳重衾暖若春
怕寒放懶不肯動
日高睡足方頻伸
瓶中有酒爐有炭
甕中有飯庖有薪
奴温婢飽身晏起
致兹快活良有因
上無臯陶伯益廊廟材
的不能匡君輔國活生民
下無巢父許由箕潁操
又不能食薇飲水自苦辛
君不見南山悠悠多白雲
又不見西京浩浩唯紅塵
紅塵鬧熱白雲冷
好於冷熱中間安置身
三年徼幸忝洛尹
兩任優穩爲商賓
非賢非愚非智慧
不貴不富不賤貧
冉冉老去過六十
騰騰閑來經七春
不知張韋與皇甫
私喚我作何如人",263
2160,poem,2160,卷三十,,,格詩,和裴侍中南園靜興見示,,,2160,revised_jsonl_direct,2161,834,revised_jsonl,笺；裴侍中晋公以集贤林亭即事诗二十六韵见赠猥蒙征和才拙词繁辄广为五百言以伸酬献；唐两京城坊考；白氏长庆集；宿裴相兴化池亭兼借船舫游泛；独异志；宿裴相公兴化池亭；史记,史记,1,True,,0,False,1,8,"池館清且幽
高懷亦如此
有時簾動風
盡日橋照水
靜將鶴爲伴
閑與雲相似
何必學留侯
崎嶇覓松子","和裴侍中南園靜興見示池館清且幽
高懷亦如此
有時簾動風
盡日橋照水
靜將鶴爲伴
閑與雲相似
何必學留侯
崎嶇覓松子",57
2161,poem,2161,卷三十,,,格詩,春寒,,,2161,revised_jsonl_direct,2162,835,revised_jsonl,笺；王氏农书；尔雅；本草；采地黄者；诗；刘子；陶征士诔；新唐书；醉时歌赠广文馆博士郑虔,尔雅；本草；诗,3,True,,0,False,1,12,"今朝春氣寒
自問何所欲
蘇煖薤白酒
乳和地黄粥
豈唯厭饞口
亦可調病腹
助酌有枯魚
佐餐兼旨蓄
省躬念前哲
醉飽多慚忸
君不聞靖節先生樽長空
廣文先生飯不足","春寒今朝春氣寒
自問何所欲
蘇煖薤白酒
乳和地黄粥
豈唯厭饞口
亦可調病腹
助酌有枯魚
佐餐兼旨蓄
省躬念前哲
醉飽多慚忸
君不聞靖節先生樽長空
廣文先生飯不足",80
2162,poem,2162,卷三十,,,格詩,菩提寺上方晚望香山寺寄舒員外,,,2162,revised_jsonl_direct,2163,834,revised_jsonl,笺；洛阳伽蓝记；香山寺石楼潭夜浴；苦热中寄舒员外；初学记；纂要；暮登西安寺钟楼寄裴十迪,纂要,1,True,,0,False,1,12,"晚登西寶刹
晴望東精舍
反照轉樓臺
輝輝似圖畫
冰浮水明滅
雪壓松偃亞
石閣僧上來
雲汀雁飛下
西京鬧於市
東洛閑如社
曾憶舊遊無
香山明月夜","菩提寺上方晚望香山寺寄舒員外晚登西寶刹
晴望東精舍
反照轉樓臺
輝輝似圖畫
冰浮水明滅
雪壓松偃亞
石閣僧上來
雲汀雁飛下
西京鬧於市
東洛閑如社
曾憶舊遊無
香山明月夜",85
2163,poem,2163,卷三十,,,格詩,二月一日作贈韋七庶子,,,2163,revised_jsonl_direct,2164,835,revised_jsonl,笺；雪中晏起偶咏所怀兼呈张常侍韦庶子皇甫郎中杂言；论语,论语,1,True,,0,False,1,16,"園杏紅萼坼
庭蘭紫芽出
不覺春已深
今朝二月一
去冬病瘡痏
將養遵醫術
今春入道場
清淨依僧律
嘗聞聖賢語
所慎齋與疾
遂使愛酒人
停杯一百日
明朝二月二
疾平齋復畢
應須挈一壺
尋花覓韋七","二月一日作贈韋七庶子園杏紅萼坼
庭蘭紫芽出
不覺春已深
今朝二月一
去冬病瘡痏
將養遵醫術
今春入道場
清淨依僧律
嘗聞聖賢語
所慎齋與疾
遂使愛酒人
停杯一百日
明朝二月二
疾平齋復畢
應須挈一壺
尋花覓韋七",105
2164,poem,2164,卷三十,,,格詩,犬鳶,,,2164,revised_jsonl_direct,2165,835,revised_jsonl,笺；想东游五十韵；庄子,庄子,1,True,,0,False,1,16,"晚來天氣好
散步中門前
門前何所有
偶覩犬與鳶
鳶飽凌風飛
犬暖向日眠
腹舒穩帖地
翅凝去聲高摩天
上無羅弋憂
下無羈鎖牽
見彼物遂性
我亦心適然
心適復何爲
一詠逍遥篇
此仍著於適
尚未能忘言","犬鳶晚來天氣好
散步中門前
門前何所有
偶覩犬與鳶
鳶飽凌風飛
犬暖向日眠
腹舒穩帖地
翅凝去聲高摩天
上無羅弋憂
下無羈鎖牽
見彼物遂性
我亦心適然
心適復何爲
一詠逍遥篇
此仍著於適
尚未能忘言",99
2165,poem,2165,卷三十,,,格詩,夢劉二十八因詩問之,,,2165,revised_jsonl_direct,2166,835,revised_jsonl,笺；闻新蝉赠刘二十八；旧唐书；汝洛集引,,0,False,,0,False,1,18,"昨夜夢夢得
初覺思踟躕
忽忘來汝郡
猶疑在吳都
吳都三千里
汝郡二百餘
非夢亦不見
近與遠何殊
尚能齊近遠
焉用論榮枯
但問寢與食
近日兩何如
病後能吟否
春來曾醉無
樓臺與風景
汝又何如蘇
相思一相報
勿復慵爲書","夢劉二十八因詩問之昨夜夢夢得
初覺思踟躕
忽忘來汝郡
猶疑在吳都
吳都三千里
汝郡二百餘
非夢亦不見
近與遠何殊
尚能齊近遠
焉用論榮枯
但問寢與食
近日兩何如
病後能吟否
春來曾醉無
樓臺與風景
汝又何如蘇
相思一相報
勿復慵爲書",116
2166,poem,2166,卷三十,,,格詩,閑吟,,,2166,revised_jsonl_direct,2167,835,revised_jsonl,笺,,0,False,,0,False,1,8,"貧窮汲汲求衣食
富貴營營役心力
人生不富即貧窮
光陰易過閑難得
我今幸在窮富間
雖出朝庭不入山
看雪尋花玩風月
洛陽城裏七年閑","閑吟貧窮汲汲求衣食
富貴營營役心力
人生不富即貧窮
光陰易過閑難得
我今幸在窮富間
雖出朝庭不入山
看雪尋花玩風月
洛陽城裏七年閑",65
2167,poem,2167,卷三十,,,格詩,西行,,,2167,revised_jsonl_direct,2168,835,revised_jsonl,笺；将归渭村先寄舍弟；旧唐书；元和郡县志；法苑珠林；赠别王侍御赴任陕州司马,,0,False,,0,False,1,16,"衣裘不單薄
車馬不羸弱
藹藹三月天
閑行亦不惡
壽安流水館
硤石青山郭
官道柳陰陰
行宮花漠漠
常聞俗間語
有錢在處樂
我雖非富人
亦不苦寂寞
家僮解絃管
騎從攜杯杓
時向春風前
歇鞍開一酌","西行衣裘不單薄
車馬不羸弱
藹藹三月天
閑行亦不惡
壽安流水館
硤石青山郭
官道柳陰陰
行宮花漠漠
常聞俗間語
有錢在處樂
我雖非富人
亦不苦寂寞
家僮解絃管
騎從攜杯杓
時向春風前
歇鞍開一酌",97
2168,poem,2168,卷三十,,,格詩,東歸,,,2168,revised_jsonl_direct,2169,835,revised_jsonl,笺；广韵；集韵；夏日；虢州三堂记；奉和虢州刘给事使君伯刍三堂新题二十一咏；明一统志；申湖；寄题陕府南溪兼简孙何兄弟,,0,False,,0,False,1,22,"翩翩平肩舁
中有醉老夫
膝上展詩卷
竿頭懸酒壺
食宿無定程
僕馬多緩驅
臨水歇半日
望山傾一盂
籍草坐嵬峨並上聲
攀花行踟躕
風將景共暖
體與心同舒
始悟有營者
居家如在途
方知無繫者
在道如安居
前夕宿三堂
三堂在虢
今且遊申湖
申湖在陝
殘春三百里
送我歸東都","東歸翩翩平肩舁
中有醉老夫
膝上展詩卷
竿頭懸酒壺
食宿無定程
僕馬多緩驅
臨水歇半日
望山傾一盂
籍草坐嵬峨並上聲
攀花行踟躕
風將景共暖
體與心同舒
始悟有營者
居家如在途
方知無繫者
在道如安居
前夕宿三堂
三堂在虢
今且遊申湖
申湖在陝
殘春三百里
送我歸東都",134
2169,poem,2169,卷三十,,,格詩,途中作,,,2169,revised_jsonl_direct,2170,835,revised_jsonl,笺,,0,False,,0,False,1,8,"早起上肩舁
一杯平旦醉
晚憩下肩舁
一覺殘春睡
身不經營物
心不思量事
但恐綺與園
只如吾氣味","途中作早起上肩舁
一杯平旦醉
晚憩下肩舁
一覺殘春睡
身不經營物
心不思量事
但恐綺與園
只如吾氣味",50
2170,poem,2170,卷三十,,,格詩,小臺,,,2170,revised_jsonl_direct,2171,835,revised_jsonl,笺,,0,False,,0,False,1,8,"新樹低如帳
小臺平似掌
六尺白藤床
一莖青竹杖
風飄竹皮落
苔印鶴跡上
幽境與誰同
閑人自來往","小臺新樹低如帳
小臺平似掌
六尺白藤床
一莖青竹杖
風飄竹皮落
苔印鶴跡上
幽境與誰同
閑人自來往",49
2171,poem,2171,卷三十,,,格詩,睡後茶興憶楊同州,,,2171,revised_jsonl_direct,2172,835,revised_jsonl,笺；新昌闲居招杨郎中兄弟；新秋喜凉因寄兵部杨侍郎；旧唐书；谢李六郎中寄新蜀茶,,0,False,,0,False,1,20,"昨晚飲太多
嵬峨並上聲連宵醉
今朝餐又飽
爛熳移時睡
睡足摩挲眼
眼前無一事
信脚遶池行
偶然得幽致
婆娑綠陰樹
斑駁青苔地
此處置繩牀
傍邊洗茶器
白瓷甌甚潔
紅爐炭方熾
沫下麴塵香
花浮魚眼沸
盛來有佳色
嚥罷餘芳氣
不見楊慕巢
誰人知此味","睡後茶興憶楊同州昨晚飲太多
嵬峨並上聲連宵醉
今朝餐又飽
爛熳移時睡
睡足摩挲眼
眼前無一事
信脚遶池行
偶然得幽致
婆娑綠陰樹
斑駁青苔地
此處置繩牀
傍邊洗茶器
白瓷甌甚潔
紅爐炭方熾
沫下麴塵香
花浮魚眼沸
盛來有佳色
嚥罷餘芳氣
不見楊慕巢
誰人知此味",130
2172,poem,2172,卷三十,,,格詩,題文集櫃,,,2172,revised_jsonl_direct,2173,835,revised_jsonl,笺；酬赠李炼师见招；余思未尽加为六韵重寄微之,,0,False,,0,False,1,16,"破柏作書櫃
櫃牢柏復堅
收貯誰家集
題云白樂天
我生業文字
自幼及老年
前後七十卷
小大三千篇
誠知終散失
未忍遽棄捐
自開自鎖閉
置在書帷前
身是鄧伯道
世無王仲宣
只應分付女
留與外孫傳","題文集櫃破柏作書櫃
櫃牢柏復堅
收貯誰家集
題云白樂天
我生業文字
自幼及老年
前後七十卷
小大三千篇
誠知終散失
未忍遽棄捐
自開自鎖閉
置在書帷前
身是鄧伯道
世無王仲宣
只應分付女
留與外孫傳",99
2173,poem,2173,卷三十,,,格詩,旱熱二首其一,,,2173,revised_jsonl_direct,2174,835,revised_jsonl,笺,,0,False,,0,False,1,20,"彤雲散不雨
赫日吁可畏
端坐猶揮汗
出門豈容易
忽思公府内
青衫折腰吏
復想驛路中
紅塵走馬使
征夫更辛苦
逐客彌顦顇
日入尚趨程
宵分不遑寐
安知北窗叟
偃卧風颯至
簟拂碧龍鱗
扇摇白鶴翅
豈唯身所得
兼亦心無事
誰言苦熱天
元有清凉地","旱熱二首其一彤雲散不雨
赫日吁可畏
端坐猶揮汗
出門豈容易
忽思公府内
青衫折腰吏
復想驛路中
紅塵走馬使
征夫更辛苦
逐客彌顦顇
日入尚趨程
宵分不遑寐
安知北窗叟
偃卧風颯至
簟拂碧龍鱗
扇摇白鶴翅
豈唯身所得
兼亦心無事
誰言苦熱天
元有清凉地",125
2174,poem,2174,卷三十,,,格詩,旱熱二首其二,,,2174,revised_jsonl_direct,2175,,revised_jsonl,,,0,False,,0,False,1,18,"勃勃旱塵氣
炎炎赤日光
飛禽颭將墮
行人渴欲狂
壯者不耐飢
飢火燒其腸
肥者不禁熱
喘急汗如漿
此時方自悟
老瘦亦何妨
肉輕足健逸
髮少頭清凉
薄食不飢渴
端居省衣裳
數匙粱飯冷
一領綃衫香
持此聊過日
焉知畏景長","旱熱二首其二勃勃旱塵氣
炎炎赤日光
飛禽颭將墮
行人渴欲狂
壯者不耐飢
飢火燒其腸
肥者不禁熱
喘急汗如漿
此時方自悟
老瘦亦何妨
肉輕足健逸
髮少頭清凉
薄食不飢渴
端居省衣裳
數匙粱飯冷
一領綃衫香
持此聊過日
焉知畏景長",113
2175,poem,2175,卷三十,,,格詩,偶作二首其一,,,2175,revised_jsonl_direct,2176,835,revised_jsonl,笺,,0,False,,0,False,1,10,"戰馬春放歸
農牛冬歇息
何獨徇名人
終身役心力
來者殊未已
去者不知還
我今悟已晚
六十方退閑
猶勝不悟者
老死紅塵間","偶作二首其一戰馬春放歸
農牛冬歇息
何獨徇名人
終身役心力
來者殊未已
去者不知還
我今悟已晚
六十方退閑
猶勝不悟者
老死紅塵間",65
2176,poem,2176,卷三十,,,格詩,偶作二首其二,,,2176,revised_jsonl_direct,2177,,revised_jsonl,论六家要旨；史记；早春病中；遣病十首,史记,1,True,,0,False,1,10,"名無高與卑
未得多健羨
事無小與大
已得多厭賤
如此常自苦
反此或自安
此理知甚易
此道行甚難
勿信人虛語
君當事上看","偶作二首其二名無高與卑
未得多健羨
事無小與大
已得多厭賤
如此常自苦
反此或自安
此理知甚易
此道行甚難
勿信人虛語
君當事上看",65
2177,poem,2177,卷三十,,,格詩,池上作,,,2177,revised_jsonl_direct,2178,835,revised_jsonl,笺；履道新居二十韵；左传；寄庾侍郎；题东武丘寺六韵,左传,1,True,,0,False,1,20,"西溪風生竹森森
南潭萍開水沉沉
叢翠萬竿湘岸色
空碧一泊松江心
浦派縈迴誤遠近
橋島向背迷窺臨
澄瀾方丈若萬頃
倒影咫尺如千尋
泛然獨遊邈然坐
坐念行止思古今
菟裘不聞有泉沼
西河亦恐無雲林
豈如白翁退老地
樹高竹密池塘深
華亭雙鶴白矯矯
太湖四石青岑岑
眼前盡日更無客
膝上此時唯有琴
洛陽冠蓋自相索
誰肯來此同抽簪","池上作西溪風生竹森森
南潭萍開水沉沉
叢翠萬竿湘岸色
空碧一泊松江心
浦派縈迴誤遠近
橋島向背迷窺臨
澄瀾方丈若萬頃
倒影咫尺如千尋
泛然獨遊邈然坐
坐念行止思古今
菟裘不聞有泉沼
西河亦恐無雲林
豈如白翁退老地
樹高竹密池塘深
華亭雙鶴白矯矯
太湖四石青岑岑
眼前盡日更無客
膝上此時唯有琴
洛陽冠蓋自相索
誰肯來此同抽簪",162
2178,poem,2178,卷三十,,,格詩,何處堪避暑,,,2178,revised_jsonl_direct,2179,835,revised_jsonl,笺；宿杨家；棣华驿见杨八题梦兄弟诗；旧唐书,,0,False,,0,False,1,24,"何處堪避暑
林間背日樓
何處好追凉
池上隨風舟
日高飢始食
食竟飽還遊
遊罷睡一覺
覺來茶一甌
眼明見青山
耳醒聞碧流
脱襪閑濯足
解巾快搔頭
如此來幾時
已過六七秋
從心至百骸
無一不自由
拙退是其分
榮耀非所求
雖被世間笑
終無身外憂
此語君莫怪
靜思吾亦愁
如何三伏月
楊尹謫虔州","何處堪避暑何處堪避暑
林間背日樓
何處好追凉
池上隨風舟
日高飢始食
食竟飽還遊
遊罷睡一覺
覺來茶一甌
眼明見青山
耳醒聞碧流
脱襪閑濯足
解巾快搔頭
如此來幾時
已過六七秋
從心至百骸
無一不自由
拙退是其分
榮耀非所求
雖被世間笑
終無身外憂
此語君莫怪
靜思吾亦愁
如何三伏月
楊尹謫虔州",148
2179,poem,2179,卷三十,,,格詩,詔下,,,2179,revised_jsonl_direct,2180,835,revised_jsonl,笺,,0,False,,0,False,1,10,"昨日詔下去罪人
今日詔下得賢臣
進退者誰非我事
世間寵辱常紛紛
我心與世兩相忘
時事雖聞如不聞
但喜今年飽飯喫
洛陽禾稼如秋雲
更傾一樽歌一曲
不獨忘世兼忘身","詔下昨日詔下去罪人
今日詔下得賢臣
進退者誰非我事
世間寵辱常紛紛
我心與世兩相忘
時事雖聞如不聞
但喜今年飽飯喫
洛陽禾稼如秋雲
更傾一樽歌一曲
不獨忘世兼忘身",81
2180,poem,2180,卷三十,,,格詩,七月一日作,,,2180,revised_jsonl_direct,2181,835,revised_jsonl,笺；本草纲目；宿简寂观,,0,False,,0,False,1,22,"七月一日天
秋生履道里
閑居見清景
高興從此始
林間暑雨歇
池上凉風起
橋竹碧鮮鮮
岸莎青靡靡
蒼然古磐石
清淺平流水
何言中門前
便是深山裏
雙僮侍坐卧
一杖扶行止
飢聞麻粥香
渴覺雲湯美
胡麻粥
雲母湯
平生所好物
今日多在此
此外更何思
市朝心已矣","七月一日作七月一日天
秋生履道里
閑居見清景
高興從此始
林間暑雨歇
池上凉風起
橋竹碧鮮鮮
岸莎青靡靡
蒼然古磐石
清淺平流水
何言中門前
便是深山裏
雙僮侍坐卧
一杖扶行止
飢聞麻粥香
渴覺雲湯美
胡麻粥
雲母湯
平生所好物
今日多在此
此外更何思
市朝心已矣",132
2181,poem,2181,卷三十,,,格詩,開襟,,,2181,revised_jsonl_direct,2182,835,revised_jsonl,笺,,0,False,,0,False,1,8,"開襟何處好
竹下池邊地
餘熱體猶煩
早凉風有味
黄萎槐蘂結
紅破蓮芳墜
無奈每年秋
先來入衰思","開襟開襟何處好
竹下池邊地
餘熱體猶煩
早凉風有味
黄萎槐蘂結
紅破蓮芳墜
無奈每年秋
先來入衰思",49
2182,poem,2182,卷三十,,,格詩,自賓客遷太子少傅分司,,,2182,revised_jsonl_direct,2183,835,revised_jsonl,笺；旧唐书,,0,False,,0,False,1,16,"頭上漸無髮
耳間新有毫
形容逐日老
官秩隨年高
優饒又加俸
閑穩仍分曹
飲食免藜藿
居處非蓬蒿
何言家尚貧
銀榼提綠醪
勿謂身未貴
金章照紫袍
誠合知止足
豈宜更貪饕
默然心自問
於國有何勞","自賓客遷太子少傅分司頭上漸無髮
耳間新有毫
形容逐日老
官秩隨年高
優饒又加俸
閑穩仍分曹
飲食免藜藿
居處非蓬蒿
何言家尚貧
銀榼提綠醪
勿謂身未貴
金章照紫袍
誠合知止足
豈宜更貪饕
默然心自問
於國有何勞",105
2183,poem,2183,卷三十,,,格詩,自在,,,2183,revised_jsonl_direct,2184,835,revised_jsonl,笺,,0,False,,0,False,1,20,"杲杲冬日光
明暖真可愛
移榻向陽坐
擁裘仍解帶
小奴搥我足
小婢搥我背
自問我爲誰
胡然獨安泰
安泰良有以
與君論梗概
心了事未了
飢寒迫於外
事了心未了
念慮煎於内
我今實多幸
事與心和會
内外及中間
了然無一礙
所以日陽中
向君言自在","自在杲杲冬日光
明暖真可愛
移榻向陽坐
擁裘仍解帶
小奴搥我足
小婢搥我背
自問我爲誰
胡然獨安泰
安泰良有以
與君論梗概
心了事未了
飢寒迫於外
事了心未了
念慮煎於内
我今實多幸
事與心和會
内外及中間
了然無一礙
所以日陽中
向君言自在",121
2184,poem,2184,卷三十,,,格詩,詠史,,,2184,revised_jsonl_direct,2185,835,revised_jsonl,谱；笺；旧唐书；读史五首；答四皓庙；史记；新论；太平御览；魏志,史记；新论；魏志,3,True,,0,False,1,8,"秦磨利刀斬李斯
齊燒沸鼎烹酈其
可憐黄綺入商洛
閑卧白雲歌紫芝
彼爲葅醢机上盡
此作鸞凰天外飛
去者逍遥來者死
乃知禍福非天爲","詠史秦磨利刀斬李斯
齊燒沸鼎烹酈其
可憐黄綺入商洛
閑卧白雲歌紫芝
彼爲葅醢机上盡
此作鸞凰天外飛
去者逍遥來者死
乃知禍福非天爲",65
2185,poem,2185,卷三十,,,格詩,因夢有悟,,,2185,revised_jsonl_direct,2186,835,revised_jsonl,笺；喜与韦左丞同入南省因叙旧以赠之；旧唐书；慈恩寺有感；哭崔常侍晦叔；新昌新居书事四十韵因寄元郎中张博士；成唯识论；坛经,,0,False,,0,False,1,29,"交友淪殁盡
悠悠勞夢思
平生所厚者
昨夜夢見之
夢中幾許事
枕上無多時
欵曲數杯酒
從容一局棋
棋﹑酒
皆夢中所見事
初見韋尚書
弘景
金紫何輝輝
中作李侍郎
建
笑言甚怡怡
終爲崔常侍
玄亮
意色苦依依
一夕三改變
夢心不驚疑
此事人盡怪
此理誰得知
我粗知此理
聞於竺乾師
識行妄分别
智隱迷是非
若轉識爲智
菩提其庶幾","因夢有悟交友淪殁盡
悠悠勞夢思
平生所厚者
昨夜夢見之
夢中幾許事
枕上無多時
欵曲數杯酒
從容一局棋
棋﹑酒
皆夢中所見事
初見韋尚書
弘景
金紫何輝輝
中作李侍郎
建
笑言甚怡怡
終爲崔常侍
玄亮
意色苦依依
一夕三改變
夢心不驚疑
此事人盡怪
此理誰得知
我粗知此理
聞於竺乾師
識行妄分别
智隱迷是非
若轉識爲智
菩提其庶幾",166
2186,poem,2186,卷三十,,,格詩,春遊,,,2186,revised_jsonl_direct,2187,836,revised_jsonl,谱；笺；续高僧传；海顺传；敦煌变文集,,0,False,,0,False,1,18,"上馬臨出門
出門復逡巡
迴頭問妻子
應怪春遊頻
誠知春遊頻
其奈老大身
朱顔去復去
白髮新更新
請君屈十指
爲我數交親
大限言百歲
幾人及七旬
我今六十五
走若下坡輪
假使得七十
祇有五度春
逢春不遊樂
但恐是癡人","春遊上馬臨出門
出門復逡巡
迴頭問妻子
應怪春遊頻
誠知春遊頻
其奈老大身
朱顔去復去
白髮新更新
請君屈十指
爲我數交親
大限言百歲
幾人及七旬
我今六十五
走若下坡輪
假使得七十
祇有五度春
逢春不遊樂
但恐是癡人",109
2187,poem,2187,卷三十,,,格詩,題天竺南院贈閑振元旻四上人,,,2187,revised_jsonl_direct,2188,836,revised_jsonl,笺；唐河南龙门天竺寺碑；秋游平泉赠韦处士闲禅师；清闲上人,,0,False,,0,False,1,12,"雜芳澗草合
繁綠巖樹新
山深景候晚
四月有餘春
竹寺過微雨
石逕無纖塵
白衣一居士
方袍四道人
地是佛國土
人非俗交親
城中山下别
相送亦殷勤","題天竺南院贈閑振元旻四上人雜芳澗草合
繁綠巖樹新
山深景候晚
四月有餘春
竹寺過微雨
石逕無纖塵
白衣一居士
方袍四道人
地是佛國土
人非俗交親
城中山下别
相送亦殷勤",84
2188,poem,2188,卷三十,,,格詩,哭師臯,,,2188,revised_jsonl_direct,2189,836,revised_jsonl,谱；笺；何处堪避暑；玉谿生年谱会笺；旧书；哭虔州杨侍郎；旧纪；旧唐书；太平广记；吴保安；纪闻；教坊记；唐诗纪事；梦溪笔谈；扫市舞词；唐音癸签,,0,False,,0,False,1,21,"南康丹旐引魂迴
洛陽籃舁送葬來
北邙原邊尹村畔
月苦煙愁夜過半
妻孥兄弟號一聲
十二人腸一時斷
往者何人送者誰
樂天哭别師臯時
平生分義向人盡
今日哀冤唯我知
我知何益徒垂淚
籃輿迴竿馬迴轡
何日重聞掃市歌
誰家收得琵琶妓
師臯醉後善歌《掃市歌》
又有小妓攻琵琶
不知今落何處
蕭蕭風樹白楊影
蒼蒼露草青蒿氣
更就墳邊哭一聲
與君此别終天地","哭師臯南康丹旐引魂迴
洛陽籃舁送葬來
北邙原邊尹村畔
月苦煙愁夜過半
妻孥兄弟號一聲
十二人腸一時斷
往者何人送者誰
樂天哭别師臯時
平生分義向人盡
今日哀冤唯我知
我知何益徒垂淚
籃輿迴竿馬迴轡
何日重聞掃市歌
誰家收得琵琶妓
師臯醉後善歌《掃市歌》
又有小妓攻琵琶
不知今落何處
蕭蕭風樹白楊影
蒼蒼露草青蒿氣
更就墳邊哭一聲
與君此别終天地",173
2189,poem,2189,卷三十,,,格詩,隱几贈客,,,2189,revised_jsonl_direct,2190,836,revised_jsonl,笺；庄子；集韵,庄子,1,True,,0,False,1,16,"宦情本淡薄
年貌又老醜
紫綬與金章
於予亦何有
有時猶隱几
荅音塔然無所偶
卧枕一卷書
起嘗一杯酒
書將引昏睡
酒用扶衰朽
客到忽已酣
脱巾坐搔首
疏頑倚老病
容恕慚交友
忽思莊生言
亦擬鞭其後","隱几贈客宦情本淡薄
年貌又老醜
紫綬與金章
於予亦何有
有時猶隱几
荅音塔然無所偶
卧枕一卷書
起嘗一杯酒
書將引昏睡
酒用扶衰朽
客到忽已酣
脱巾坐搔首
疏頑倚老病
容恕慚交友
忽思莊生言
亦擬鞭其後",101
2190,poem,2190,卷三十,,,格詩,夏日作,,,2190,revised_jsonl_direct,2191,836,revised_jsonl,笺；庄子；广韵；释文,庄子,1,True,,0,False,1,22,"葛衣疏且單
紗帽輕復寬
一衣與一帽
可以過炎天
止於便吾體
何必被羅紈
宿雨林笋嫩
晨露園葵鮮
烹葵炮嫩笋
可以備朝餐
止於適吾口
何必飫腥羶
飯訖盥漱已
捫腹方果音顆然
婆娑庭前步
安穩窗下眠
外養物不費
内歸心不煩
不費用難盡
不煩神易安
庶幾無夭閼
得以終天年","夏日作葛衣疏且單
紗帽輕復寬
一衣與一帽
可以過炎天
止於便吾體
何必被羅紈
宿雨林笋嫩
晨露園葵鮮
烹葵炮嫩笋
可以備朝餐
止於適吾口
何必飫腥羶
飯訖盥漱已
捫腹方果音顆然
婆娑庭前步
安穩窗下眠
外養物不費
内歸心不煩
不費用難盡
不煩神易安
庶幾無夭閼
得以終天年",136
2191,poem,2191,卷三十,,,格詩,晚凉偶詠,,,2191,revised_jsonl_direct,2192,836,revised_jsonl,笺；小童薛阳陶吹觱篥歌,,0,False,,0,False,1,12,"日下西牆西
風來北窗北
中有逐凉人
單牀獨棲息
飄蕭過雲雨
摇曳歸飛翼
新葉多好陰
初筠有佳色
幽深小池館
優穩閑官職
不愛勿復論
愛亦不易得","晚凉偶詠日下西牆西
風來北窗北
中有逐凉人
單牀獨棲息
飄蕭過雲雨
摇曳歸飛翼
新葉多好陰
初筠有佳色
幽深小池館
優穩閑官職
不愛勿復論
愛亦不易得",75
2192,poem,2192,卷三十,,,格詩,酬牛相公宮城早秋寓言見示兼呈夢得,,,2192,revised_jsonl_direct,2193,837,revised_jsonl,笺；酬思黯相公见过弊居戏赠；晋书；高仆射；江州赴忠州至江陵已来舟中示舍弟五十韵,晋书,1,True,,0,False,1,12,"七月中氣後
金與火交爭
一聞白雪唱
暑退清風生
碧樹未摇落
寒蟬始悲鳴
夜凉枕簟滑
秋燥衣巾輕
疏受老慵出
劉楨疾未平
何人伴公醉
新月上宮城","酬牛相公宮城早秋寓言見示兼呈夢得七月中氣後
金與火交爭
一聞白雪唱
暑退清風生
碧樹未摇落
寒蟬始悲鳴
夜凉枕簟滑
秋燥衣巾輕
疏受老慵出
劉楨疾未平
何人伴公醉
新月上宮城",87
2193,poem,2193,卷三十,,,格詩,小臺晚坐憶夢得,,,2193,revised_jsonl_direct,2194,837,revised_jsonl,笺,,0,False,,0,False,1,8,"汲泉灑小臺
臺上無纖埃
解帶面西坐
輕襟隨風開
晚凉閑興動
憶同傾一杯
月明候柴户
藜杖何時來","小臺晚坐憶夢得汲泉灑小臺
臺上無纖埃
解帶面西坐
輕襟隨風開
晚凉閑興動
憶同傾一杯
月明候柴户
藜杖何時來",54
2194,poem,2194,卷三十,,,格詩,種桃歌,,,2194,revised_jsonl_direct,2195,837,revised_jsonl,笺,,0,False,,0,False,1,16,"食桃種其核
一年核生芽
二年長枝葉
三年桃有花
憶昨五六歲
灼灼盛芬華
迨兹八九載
有減而無加
去春已稀少
今春漸無多
明年後年後
芳意當如何
命酒樹下飲
停杯拾餘葩
因桃忽自感
悲吒成狂歌","種桃歌食桃種其核
一年核生芽
二年長枝葉
三年桃有花
憶昨五六歲
灼灼盛芬華
迨兹八九載
有減而無加
去春已稀少
今春漸無多
明年後年後
芳意當如何
命酒樹下飲
停杯拾餘葩
因桃忽自感
悲吒成狂歌",98
2195,poem,2195,卷三十,,,格詩,狂言示諸侄,,,2195,revised_jsonl_direct,2196,837,revised_jsonl,笺；弄龜罗；闻龜儿咏诗；文苑英华；自撰墓志；白氏长庆集；醉吟先生墓志铭；游悟真寺诗一百三十韵；盐鉄论,,0,False,,0,False,1,28,"世欺不識字
我忝攻文筆
世欺不得官
我忝居班秩
人老多病苦
我今幸無疾
人老多憂累
我今婚嫁畢
心安不移轉
身泰無牽率
所以十年來
形神閑且逸
况當垂老歲
所要無多物
一裘煖過冬
一飯飽終日
勿言舍宅小
不過寢一室
何用鞍馬多
不能騎兩匹
如我優幸身
人中十有七
如我知足心
人中百無一
傍觀愚亦見
當己賢多失
不敢論他人
狂言示諸侄","狂言示諸侄世欺不識字
我忝攻文筆
世欺不得官
我忝居班秩
人老多病苦
我今幸無疾
人老多憂累
我今婚嫁畢
心安不移轉
身泰無牽率
所以十年來
形神閑且逸
况當垂老歲
所要無多物
一裘煖過冬
一飯飽終日
勿言舍宅小
不過寢一室
何用鞍馬多
不能騎兩匹
如我優幸身
人中十有七
如我知足心
人中百無一
傍觀愚亦見
當己賢多失
不敢論他人
狂言示諸侄",172
2196,poem,2196,卷三十,,,格詩,偶以拙詩數首寄呈裴侍郎蒙以盛製四篇一時酬和重投長句美而謝之,,,2196,revised_jsonl_direct,2197,837,revised_jsonl,笺；唐书；旧唐书；李文饶别集；题平泉山居诗后；左传；周礼；急就篇；汉书；易；写新诗寄微之偶题四韵；四愁诗,左传；周礼；汉书；易,4,True,,0,False,1,12,"投君之文甚荒蕪
數篇價直一束芻
報我之章何璀璨
纍櫐四貫驪龍珠
毛詩三百篇後得
文選六十卷中無
一麋麗龜絶報賽
五鹿連拄難支梧
高興獨因秋日盡
清吟多與好風俱
銀鈎金錯兩殊重
宜上屏風張座隅","偶以拙詩數首寄呈裴侍郎蒙以盛製四篇一時酬和重投長句美而謝之投君之文甚荒蕪
數篇價直一束芻
報我之章何璀璨
纍櫐四貫驪龍珠
毛詩三百篇後得
文選六十卷中無
一麋麗龜絶報賽
五鹿連拄難支梧
高興獨因秋日盡
清吟多與好風俱
銀鈎金錯兩殊重
宜上屏風張座隅",124
2197,poem,2197,卷三十一,,,律詩,六年冬暮贈崔常侍晦叔,,,2197,revised_jsonl_direct,2198,832,revised_jsonl,谱；笺；题崔常侍济源庄；题崔常侍济上别墅；村居苦寒,,0,False,,0,False,1,8,"鬢毛霜一色
光景水爭流
易過唯冬日
難銷是老愁
香開綠蟻酒
煖擁褐綾裘
已共崔君約
樽前倒即休","六年冬暮贈崔常侍晦叔鬢毛霜一色
光景水爭流
易過唯冬日
難銷是老愁
香開綠蟻酒
煖擁褐綾裘
已共崔君約
樽前倒即休",57
2198,poem,2198,卷三十一,,,律詩,戲招諸客,,,2198,revised_jsonl_direct,2199,832,revised_jsonl,笺；竹槟榔盘；玉篇,,0,False,,0,False,1,4,"黄醅綠醑迎冬熟
絳帳紅爐逐夜開
誰道洛中多逸客
不將書喚不曾來","戲招諸客黄醅綠醑迎冬熟
絳帳紅爐逐夜開
誰道洛中多逸客
不將書喚不曾來",35
2199,poem,2199,卷三十一,,,律詩,十二月二十三日作兼呈晦叔,,,2199,revised_jsonl_direct,2200,834,revised_jsonl,谱；笺；六年冬暮赠崔常侍晦叔；岁假内命酒赠周判官萧协律,,0,False,,0,False,1,8,"案頭曆日雖未盡
向後唯殘六七行
牀下酒瓶雖不滿
猶應醉得兩三場
病身不許依年老
拙宦虛教逐日忙
聞健偷閑且歡飲
一杯之外莫思量","十二月二十三日作兼呈晦叔案頭曆日雖未盡
向後唯殘六七行
牀下酒瓶雖不滿
猶應醉得兩三場
病身不許依年老
拙宦虛教逐日忙
聞健偷閑且歡飲
一杯之外莫思量",75
2200,poem,2200,卷三十一,,,律詩,七年元日對酒五首其一,,,2200,revised_jsonl_direct,2201,833,revised_jsonl,谱；笺,,0,False,,0,False,1,4,"慶弔經過懶
逢迎拜跪遲
不因時節日
豈覺此身衰","七年元日對酒五首其一慶弔經過懶
逢迎拜跪遲
不因時節日
豈覺此身衰",33
2201,poem,2201,卷三十一,,,律詩,七年元日對酒五首其二,,,2201,revised_jsonl_direct,2202,,revised_jsonl,思旧,,0,False,,0,False,1,4,"衆老憂添歲
余衰喜入春
年開第七秩
屈指幾多人","七年元日對酒五首其二衆老憂添歲
余衰喜入春
年開第七秩
屈指幾多人",33
2202,poem,2202,卷三十一,,,律詩,七年元日對酒五首其三,,,2202,revised_jsonl_direct,2203,,revised_jsonl,岁日家宴戏示弟侄等兼呈张侍御二十八丈殷判官二十三兄,,0,False,,0,False,1,4,"三杯藍尾酒
一碟膠牙餳
除却崔常侍
無人共我爭","七年元日對酒五首其三三杯藍尾酒
一碟膠牙餳
除却崔常侍
無人共我爭",33
2203,poem,2203,卷三十一,,,律詩,七年元日對酒五首其四,,,2203,revised_jsonl_direct,2204,,revised_jsonl,耳顺吟寄敦诗梦得；三国志；旧唐书；酉阳杂俎,,0,False,,0,False,1,6,"今朝吳與洛
相憶一忻然
夢得君知否
俱過本命年
余與蘇州劉郎中同壬子歲
今年六十二","七年元日對酒五首其四今朝吳與洛
相憶一忻然
夢得君知否
俱過本命年
余與蘇州劉郎中同壬子歲
今年六十二",51
2204,poem,2204,卷三十一,,,律詩,七年元日對酒五首其五,,,2204,revised_jsonl_direct,2205,,revised_jsonl,笺；寄刘苏州；旧唐书；旧纪；唐实录,,0,False,,0,False,1,7,"同歲崔何在
同年杜又無
余與吏部崔相公甲子同歲
與循州杜相公及第同年
秋冬二人俱逝
應無藏避處
只有且歡娛","七年元日對酒五首其五同歲崔何在
同年杜又無
余與吏部崔相公甲子同歲
與循州杜相公及第同年
秋冬二人俱逝
應無藏避處
只有且歡娛",63
2205,poem,2205,卷三十一,,,律詩,七年春題府廳,,,2205,revised_jsonl_direct,2206,833,revised_jsonl,谱；笺；汉书；后汉书,汉书；后汉书,2,True,,0,False,1,8,"潦倒守三川
因循涉四年
推誠廢鈎距
示耻用蒲鞭
以此稱公事
將何銷俸錢
雖非好官職
歲久亦妨賢","七年春題府廳潦倒守三川
因循涉四年
推誠廢鈎距
示耻用蒲鞭
以此稱公事
將何銷俸錢
雖非好官職
歲久亦妨賢",53
2206,poem,2206,卷三十一,,,律詩,早春醉吟寄太原令狐相公蘇州劉郎中,,,2206,revised_jsonl_direct,2207,833,revised_jsonl,谱；笺；送令狐相公赴太原；寄刘苏州,,0,False,,0,False,1,8,"雪夜閑遊多秉燭
花時暫出亦提壺
别來少遇新詩敵
老去難逢舊飲徒
大振威名降北虜
勤行惠化活東吳
不知歌酒騰騰興
得似河南醉尹無","早春醉吟寄太原令狐相公蘇州劉郎中雪夜閑遊多秉燭
花時暫出亦提壺
别來少遇新詩敵
老去難逢舊飲徒
大振威名降北虜
勤行惠化活東吳
不知歌酒騰騰興
得似河南醉尹無",79
2207,poem,2207,卷三十一,,,律詩,洛下送牛相公出鎮淮南,,,2207,revised_jsonl_direct,2208,832,revised_jsonl,谱；笺；旧唐书；从陕至东京；行次夏口先寄李大夫；新唐书；史记；论制科人状；白氏文集；和答诗十首,史记,1,True,,0,False,1,16,"北闕至東京
風光十六程
坐移丞相閣
春入廣陵城
紅斾擁雙節
白鬚無一莖
萬人開路看
百吏立班迎
閫外君彌重
樽前我亦榮
何須身自得
將相是門生
元和初
牛相公應制策
登第三等
予爲翰林考覈官","洛下送牛相公出鎮淮南北闕至東京
風光十六程
坐移丞相閣
春入廣陵城
紅斾擁雙節
白鬚無一莖
萬人開路看
百吏立班迎
閫外君彌重
樽前我亦榮
何須身自得
將相是門生
元和初
牛相公應制策
登第三等
予爲翰林考覈官",105
2208,poem,2208,卷三十一,,,律詩,箏,,,2208,revised_jsonl_direct,2209,833,revised_jsonl,笺；小童薛阳陶吹觱篥歌；杏园中枣树；何处难忘酒七首；文心雕龙；白孔六帖；云仙杂记；史记；文选；上林赋；说文；冬至夜；醉歌；琵琶引,史记；上林赋；说文,3,True,,0,False,1,28,"雲髻飄蕭綠
花顔旖旎紅
雙眸剪秋水
十指剝春葱
楚艷爲門閥
秦聲是女工
甲鳴銀玓瓅
柱觸玉玲瓏
猨苦啼嫌月
鶯嬌語䛏風
移愁來手底
送恨入絃中
趙瑟清相似
胡琴鬧不同
慢彈迴斷雁
急奏轉飛蓬
霜珮鏘還委
冰泉咽復通
珠聯千拍碎
刀截一聲終
倚麗精神定
矜能意態融
歇時情不斷
休去思無窮
燈下青春夜
樽前白首翁
且聽應得在
老耳未多聾","箏雲髻飄蕭綠
花顔旖旎紅
雙眸剪秋水
十指剝春葱
楚艷爲門閥
秦聲是女工
甲鳴銀玓瓅
柱觸玉玲瓏
猨苦啼嫌月
鶯嬌語䛏風
移愁來手底
送恨入絃中
趙瑟清相似
胡琴鬧不同
慢彈迴斷雁
急奏轉飛蓬
霜珮鏘還委
冰泉咽復通
珠聯千拍碎
刀截一聲終
倚麗精神定
矜能意態融
歇時情不斷
休去思無窮
燈下青春夜
樽前白首翁
且聽應得在
老耳未多聾",168
2209,poem,2209,卷三十一,,,律詩,洛中春遊呈諸親友,,,2209,revised_jsonl_direct,2210,833,revised_jsonl,笺；瓯北诗话；洛下春游,,0,False,,0,False,1,17,"莫嗟年將暮
須憐歲又新
府中三遇臘
洛下五逢春
春樹花珠顆
春塘水麴塵
春娃無氣力
春馬有精神
詠春遊一時之態
並轡鞭徐動
連盤酒慢巡
經過舊鄰里
追逐好交親
笑語銷閑日
酣歌送老身
一生歡樂事
亦不少於人","洛中春遊呈諸親友莫嗟年將暮
須憐歲又新
府中三遇臘
洛下五逢春
春樹花珠顆
春塘水麴塵
春娃無氣力
春馬有精神
詠春遊一時之態
並轡鞭徐動
連盤酒慢巡
經過舊鄰里
追逐好交親
笑語銷閑日
酣歌送老身
一生歡樂事
亦不少於人",111
2210,poem,2210,卷三十一,,,律詩,酬舒三員外見贈長句,,,2210,revised_jsonl_direct,2211,833,revised_jsonl,笺；苦热中寄舒员外；履信池樱桃岛上醉后走笔送别舒员外兼寄宗正李卿考功崔郎中；元和十二年淮寇未平诏停岁仗愤然有感率尔成章,,0,False,,0,False,1,8,"自請假來多少日
五旬光景似須臾
已判到老爲狂客
不分當春作病夫
楊柳花飄新白雪
櫻桃子綴小紅珠
頭風不敢多多飲
能酌三分相勸無","酬舒三員外見贈長句自請假來多少日
五旬光景似須臾
已判到老爲狂客
不分當春作病夫
楊柳花飄新白雪
櫻桃子綴小紅珠
頭風不敢多多飲
能酌三分相勸無",72
2211,poem,2211,卷三十一,,,律詩,將歸一絶,,,2211,revised_jsonl_direct,2212,833,revised_jsonl,笺,,0,False,,0,False,1,4,"欲去公門返野扉
預思泉竹已依依
更憐家醞迎春熟
一甕醍醐待我歸","將歸一絶欲去公門返野扉
預思泉竹已依依
更憐家醞迎春熟
一甕醍醐待我歸",35
2212,poem,2212,卷三十一,,,律詩,罷府歸舊居,,,2212,revised_jsonl_direct,2213,833,revised_jsonl,谱；笺；郡斋暇日忆庐山草堂兼寄二林僧社三十韵多叙贬官已来出处之意,,0,False,,0,False,1,12,"陋巷乘籃入
朱門掛印迴
腰間抛組綬
纓上拂塵埃
屈曲閑池沼
無非手自開
青蒼好竹樹
亦是眼看栽
石片擡琴匣
松枝閣酒杯
此生終老處
昨日却歸來","罷府歸舊居陋巷乘籃入
朱門掛印迴
腰間抛組綬
纓上拂塵埃
屈曲閑池沼
無非手自開
青蒼好竹樹
亦是眼看栽
石片擡琴匣
松枝閣酒杯
此生終老處
昨日却歸來",76
2213,poem,2213,卷三十一,,,律詩,睡覺偶吟,,,2213,revised_jsonl_direct,2214,833,revised_jsonl,笺,,0,False,,0,False,1,4,"官初罷後歸來夜
天欲明前睡覺時
起坐思量更無事
身心安樂復誰知","睡覺偶吟官初罷後歸來夜
天欲明前睡覺時
起坐思量更無事
身心安樂復誰知",35
2214,poem,2214,卷三十一,,,律詩,問支琴石,,,2214,revised_jsonl_direct,2215,833,revised_jsonl,笺；太平御览；荆楚岁时记；博物志,荆楚岁时记；博物志,2,True,,0,False,1,6,"疑因星隕空中落
嘆被泥埋澗底沉
天上定應勝地上
支機未必及支琴
提攜拂拭知恩否
雖不能言合有心","問支琴石疑因星隕空中落
嘆被泥埋澗底沉
天上定應勝地上
支機未必及支琴
提攜拂拭知恩否
雖不能言合有心",51
2215,poem,2215,卷三十一,,,律詩,自喜,,,2215,revised_jsonl_direct,2216,833,revised_jsonl,笺,,0,False,,0,False,1,8,"身慵難勉强
性拙易遲迴
布被辰時起
柴門午後開
忙驅能者去
閑逐鈍人來
自喜誰能會
無才勝有才","自喜身慵難勉强
性拙易遲迴
布被辰時起
柴門午後開
忙驅能者去
閑逐鈍人來
自喜誰能會
無才勝有才",49
2216,poem,2216,卷三十一,,,律詩,裴常侍以題薔薇架十八韻見示因廣爲三十韻以和之,,,2216,revised_jsonl_direct,2217,833,revised_jsonl,笺；旧唐书；尔雅；代书诗一百韵寄微之；子虚赋；博物志；帝京篇；礼记；左传；后汉书；杂谣歌辞；封禅文；文选；喜山石榴花开；汉书；和梦游春诗一百韵；山石榴寄元九；牡丹芳；华阳国志；南中志；听弹湘妃怨；西省北院新构小亭种竹开窗东通骑省与李常侍隔窗小饮各题四韵；论语；唐两京城坊考；敦煌变文集,尔雅；博物志；礼记；左传；后汉书；汉书；华阳国志；论语,8,True,,0,False,1,69,"託質依高架
攢華對小堂
晚開春去後
獨秀院中央
霽景朱明早
芳時白晝長
穠因天與色
麗共日爭光
剪碧排千萼
研朱染萬房
煙條塗石綠
粉蘂撲雌黄
根動彤雲湧
枝摇赤羽翔
九微燈炫轉
七寶帳熒煌
淑氣薰行徑
清陰接步廊
照梁迷藻梲
耀壁變雕牆
爛若叢燃火
殷於葉得霜
臙脂含笑臉
蘇合裛衣香
浹洽濡晨露
玲瓏漏夕陽
合羅排勘纈
醉暈淺深妝
乍見疑迴面
遥看誤斷腸
風朝舞飛燕
雨夜泣蕭娘
桃李慚無語
芝蘭讓不芳
山榴何細碎
石竹苦尋常
蕙慘偎欄避
蓮羞映浦藏
怯教蕉葉戰
妬得柳花狂
豈可輕嘲詠
應須痛比方
畫幈風自展
繡繖蓋誰張
翠錦挑成字
丹砂印著行
猩猩凝血點
瑟瑟蹙金匡
散亂萎紅片
尖纖嫩紫芒
觸僧飄毳褐
留妓冒羅裳
寡和陽春曲
多情騎省郎
緣誇美顔色
引出好文章
東顧辭仁里
語曰
“里仁爲美
”又裴君所居
名仁和里
西歸入帝鄉
假如君愛殺
留著莫移將
裴君題詩之次
而常侍詔到
唱和未竟
而軒騎西歸
故云","裴常侍以題薔薇架十八韻見示因廣爲三十韻以和之託質依高架
攢華對小堂
晚開春去後
獨秀院中央
霽景朱明早
芳時白晝長
穠因天與色
麗共日爭光
剪碧排千萼
研朱染萬房
煙條塗石綠
粉蘂撲雌黄
根動彤雲湧
枝摇赤羽翔
九微燈炫轉
七寶帳熒煌
淑氣薰行徑
清陰接步廊
照梁迷藻梲
耀壁變雕牆
爛若叢燃火
殷於葉得霜
臙脂含笑臉
蘇合裛衣香
浹洽濡晨露
玲瓏漏夕陽
合羅排勘纈
醉暈淺深妝
乍見疑迴面
遥看誤斷腸
風朝舞飛燕
雨夜泣蕭娘
桃李慚無語
芝蘭讓不芳
山榴何細碎
石竹苦尋常
蕙慘偎欄避
蓮羞映浦藏
怯教蕉葉戰
妬得柳花狂
豈可輕嘲詠
應須痛比方
畫幈風自展
繡繖蓋誰張
翠錦挑成字
丹砂印著行
猩猩凝血點
瑟瑟蹙金匡
散亂萎紅片
尖纖嫩紫芒
觸僧飄毳褐
留妓冒羅裳
寡和陽春曲
多情騎省郎
緣誇美顔色
引出好文章
東顧辭仁里
語曰
“里仁爲美
”又裴君所居
名仁和里
西歸入帝鄉
假如君愛殺
留著莫移將
裴君題詩之次
而常侍詔到
唱和未竟
而軒騎西歸
故云",429
2217,poem,2217,卷三十一,,,律詩,感舊詩卷,,,2217,revised_jsonl_direct,2218,833,revised_jsonl,笺,,0,False,,0,False,1,4,"夜深吟罷一長吁
老淚燈前濕白鬚
二十年前舊詩卷
十人酬和九人無","感舊詩卷夜深吟罷一長吁
老淚燈前濕白鬚
二十年前舊詩卷
十人酬和九人無",35
2218,poem,2218,卷三十一,,,律詩,酬李二十侍郎,,,2218,revised_jsonl_direct,2219,833,revised_jsonl,笺；七年初到洛阳寓居宣教里时已暮春而四老俱在洛中分司；发寿阳分司敕到又遇新正感怀书事；旧唐书,,0,False,,0,False,1,8,"笋老蘭長花漸稀
衰翁相對惜芳菲
殘鶯著雨慵休囀
落絮無風凝不飛
行掇木芽供野食
坐牽蘿蔓掛朝衣
十年分手今同醉
醉未如泥莫道歸","酬李二十侍郎笋老蘭長花漸稀
衰翁相對惜芳菲
殘鶯著雨慵休囀
落絮無風凝不飛
行掇木芽供野食
坐牽蘿蔓掛朝衣
十年分手今同醉
醉未如泥莫道歸",69
2219,poem,2219,卷三十一,,,律詩,和夢得,,,2219,revised_jsonl_direct,2220,833,revised_jsonl,笺；郡斋书怀寄河南白尹兼简分司崔宾客；听水部吴员外新诗因赠绝句；南齐书,,0,False,,0,False,1,8,"綸閣沉沉無寵命
蘇臺籍籍有能聲
豈惟不得清文力
但恐空傳冗吏名
郎署迴翔何水部
江湖留滯謝宣城
所嗟非獨君如此
自古才難共命爭","和夢得綸閣沉沉無寵命
蘇臺籍籍有能聲
豈惟不得清文力
但恐空傳冗吏名
郎署迴翔何水部
江湖留滯謝宣城
所嗟非獨君如此
自古才難共命爭",66
2220,poem,2220,卷三十一,,,律詩,贈草堂宗密上人,,,2220,revised_jsonl_direct,2221,833,revised_jsonl,笺；宋高僧传；唐圭峰草堂寺宗密传；坛经；圆觉经略疏注；禅源诸诠集都序；新昌新居书事四十韵因寄元郎中张博士；三藏圣教序；华严经；维摩经,,0,False,,0,False,1,8,"吾師道與佛相應
念念無爲法法能
口藏傳宣十二部
心臺照耀百千燈
盡離文字非中道
長住虛空是小乘
少有人知菩薩行
世間只是重高僧","贈草堂宗密上人吾師道與佛相應
念念無爲法法能
口藏傳宣十二部
心臺照耀百千燈
盡離文字非中道
長住虛空是小乘
少有人知菩薩行
世間只是重高僧",70
2221,poem,2221,卷三十一,,,律詩,喜照密閑實四上人見過,,,2221,revised_jsonl_direct,2222,833,revised_jsonl,笺；神照上人；赠草堂宗密上人；清闲上人；宗实上人；黄庭内景经；冬夜怀李侍御王太祝段丞,,0,False,,0,False,1,8,"紫袍朝士白髯翁
與俗乖疏與道通
官秩三迴分洛下
交遊一半在僧中
臭帤世界終須出
香火因緣久願同
齋後將何充供養
西軒泉石北窗風","喜照密閑實四上人見過紫袍朝士白髯翁
與俗乖疏與道通
官秩三迴分洛下
交遊一半在僧中
臭帤世界終須出
香火因緣久願同
齋後將何充供養
西軒泉石北窗風",73
2222,poem,2222,卷三十一,,,律詩,贈皇甫六張十五李二十三賓客,,,2222,revised_jsonl_direct,2223,833,revised_jsonl,笺；寄皇甫宾客；秋日与张宾客舒著作同游龙门醉中狂歌凡二百三十八字；酬李二十侍郎；忆洛下故园；答四皓庙；七年初到洛阳寓居宣教里时已春暮而四老俱在洛中分司,,0,False,,0,False,1,8,"昨日三川新罷守
今年四皓盡分司
幸陪散秩閑居日
好是登山臨水時
家未苦貧常醞酒
身雖衰病尚吟詩
龍門泉石香山月
早晚同遊報一期","贈皇甫六張十五李二十三賓客昨日三川新罷守
今年四皓盡分司
幸陪散秩閑居日
好是登山臨水時
家未苦貧常醞酒
身雖衰病尚吟詩
龍門泉石香山月
早晚同遊報一期",76
2223,poem,2223,卷三十一,,,律詩,微之敦詩晦叔相次長逝巋然自傷因成二絶其一,,,2223,revised_jsonl_direct,2224,833,revised_jsonl,笺；元相公挽歌词三首；寄刘苏州；哭崔常侍晦叔,,0,False,,0,False,1,4,"併失鵷鸞侶
空留麋鹿身
只應嵩洛下
長作獨遊人","微之敦詩晦叔相次長逝巋然自傷因成二絶其一併失鵷鸞侶
空留麋鹿身
只應嵩洛下
長作獨遊人",43
2224,poem,2224,卷三十一,,,律詩,微之敦詩晦叔相次長逝巋然自傷因成二絶其二,,,2224,revised_jsonl_direct,2225,,revised_jsonl,,,0,False,,0,False,1,4,"長夜君先去
殘年我幾何
秋風滿衫淚
泉下故人多","微之敦詩晦叔相次長逝巋然自傷因成二絶其二長夜君先去
殘年我幾何
秋風滿衫淚
泉下故人多",43
2225,poem,2225,卷三十一,,,律詩,池上閑詠,,,2225,revised_jsonl_direct,2226,833,revised_jsonl,笺；快活,,0,False,,0,False,1,8,"青莎臺上起書樓
綠藻潭中繫釣舟
日晚愛行深竹裏
月明多在小橋頭
暫嘗新酒還成醉
亦出中門便當遊
一部清商聊送老
白鬚蕭颯管絃秋","池上閑詠青莎臺上起書樓
綠藻潭中繫釣舟
日晚愛行深竹裏
月明多在小橋頭
暫嘗新酒還成醉
亦出中門便當遊
一部清商聊送老
白鬚蕭颯管絃秋",67
2226,poem,2226,卷三十一,,,律詩,凉風歎,,,2226,revised_jsonl_direct,2227,833,revised_jsonl,笺；寄同病者,,0,False,,0,False,1,4,"昨夜凉風又颯然
螢飄葉墜卧床前
逢秋莫歎須知分
已過潘安三十年","凉風歎昨夜凉風又颯然
螢飄葉墜卧床前
逢秋莫歎須知分
已過潘安三十年",34
2227,poem,2227,卷三十一,,,律詩,和高僕射罷節度讓尚書授少保分司喜遂遊山水之作,,,2227,revised_jsonl_direct,2228,833,revised_jsonl,笺；旧唐书；送徐州高仆射赴镇；通典；有小白马乘驭多时奉使东行至稠桑驿溘然而毙足可惊伤不能忘情题二十韵；渭村退居寄礼部崔侍郎翰林钱舍人诗一百韵,,0,False,,0,False,1,8,"暫辭八座罷雙旌
便作登山臨水行
能以忠貞酬重任
不將富貴礙高情
朱門出去簪纓從
絳帳歸來歌吹迎
鞍轡鬧裝光滿馬
何人信道是書生","和高僕射罷節度讓尚書授少保分司喜遂遊山水之作暫辭八座罷雙旌
便作登山臨水行
能以忠貞酬重任
不將富貴礙高情
朱門出去簪纓從
絳帳歸來歌吹迎
鞍轡鬧裝光滿馬
何人信道是書生",85
2228,poem,2228,卷三十一,,,律詩,送考功崔郎中赴闕,,,2228,revised_jsonl_direct,2229,833,revised_jsonl,笺；履信池樱桃岛上醉后走笔送别舒员外兼寄宗正李卿考功崔郎中,,0,False,,0,False,1,4,"稱意新官又少年
秋凉身健好朝天
青雲上了無多路
却要徐驅穩著鞭","送考功崔郎中赴闕稱意新官又少年
秋凉身健好朝天
青雲上了無多路
却要徐驅穩著鞭",39
2229,poem,2229,卷三十一,,,律詩,重修香山寺畢題二十二韻以紀之,,,2229,revised_jsonl_direct,2230,832,revised_jsonl,谱；笺；香山寺石楼潭夜浴；河南通志；赠苏少府；游悟真寺诗一百三十韵；郡斋暇日忆庐山草堂兼寄二林僧社三十韵多叙贬官已来出处之意；俱舍论；法华经；修香山寺记；白氏文集；大宝积经；酬微之开拆新楼初毕相报末联见戏之作；怀旧赋；开龙门八节石滩诗二首；春眠；临水坐；赠杓直；永崇里观居；圆觉经；诸法集要经；华严经；池上作,,0,False,,0,False,1,44,"闕塞龍門口
祇園鷲嶺頭
曾隨減音陷劫壞
今遇勝緣修
再瑩新金刹
重裝舊石樓
病僧皆引起
忙客亦淹留
四望窮沙界
孤標出贍洲
地圖鋪洛邑
天柱倚崧丘
兩面蒼蒼岸
中心瑟瑟流
波翻八灘雪
堰護一潭油
臺殿朝彌麗
房廊夜更幽
千花高下塔
一葉往來舟
岫合雲初吐
林開霧半收
靜聞樵子語
遠聽棹郎謳
官散殊無事
身閑甚自由
吟來攜筆硯
宿去抱衾裯
霽月當軒白
凉風滿簟秋
烟香封藥竈
泉冷洗茶甌
南祖心應學
西方社可投
先宜知止足
次要悟浮休
覺路隨方樂
迷塗到老愁
須除愛名障
莫作戀家囚
便合窮年住
何言竟日遊
可憐終老地
此是我菟裘","重修香山寺畢題二十二韻以紀之闕塞龍門口
祇園鷲嶺頭
曾隨減音陷劫壞
今遇勝緣修
再瑩新金刹
重裝舊石樓
病僧皆引起
忙客亦淹留
四望窮沙界
孤標出贍洲
地圖鋪洛邑
天柱倚崧丘
兩面蒼蒼岸
中心瑟瑟流
波翻八灘雪
堰護一潭油
臺殿朝彌麗
房廊夜更幽
千花高下塔
一葉往來舟
岫合雲初吐
林開霧半收
靜聞樵子語
遠聽棹郎謳
官散殊無事
身閑甚自由
吟來攜筆硯
宿去抱衾裯
霽月當軒白
凉風滿簟秋
烟香封藥竈
泉冷洗茶甌
南祖心應學
西方社可投
先宜知止足
次要悟浮休
覺路隨方樂
迷塗到老愁
須除愛名障
莫作戀家囚
便合窮年住
何言竟日遊
可憐終老地
此是我菟裘",279
2230,poem,2230,卷三十一,,,律詩,送楊八給事赴常州,,,2230,revised_jsonl_direct,2231,833,revised_jsonl,笺；棣华驿见杨八题梦兄弟诗；旧唐书；新唐书；渭村退居寄礼部崔侍郎翰林钱舍人诗一百韵；不致仕,,0,False,,0,False,1,8,"無嗟别青瑣
且喜擁朱輪
五十得三品
百千無一人
須勤念黎庶
莫苦憶交親
此外無過醉
毗陵何限春","送楊八給事赴常州無嗟别青瑣
且喜擁朱輪
五十得三品
百千無一人
須勤念黎庶
莫苦憶交親
此外無過醉
毗陵何限春",55
2231,poem,2231,卷三十一,,,律詩,聞歌者唱微之詩,,,2231,revised_jsonl_direct,2232,833,revised_jsonl,笺,,0,False,,0,False,1,4,"新詩絶筆聲名歇
舊卷生塵篋笥深
時向歌中聞一句
未容傾耳已傷心","聞歌者唱微之詩新詩絶筆聲名歇
舊卷生塵篋笥深
時向歌中聞一句
未容傾耳已傷心",38
2232,poem,2232,卷三十一,,,律詩,醉送李二十常侍赴鎮浙東,,,2232,revised_jsonl_direct,2233,833,revised_jsonl,笺；酬李二十侍郎；旧唐书；看浑家牡丹花戏赠李二十；长相思；唐会要；诗；酒德颂；答四皓庙；学古三首；寒山诗注,诗；酒德颂,2,True,,0,False,1,8,"靖安客舍花枝下
共脱青衫典濁醪
今日洛橋還醉别
金杯翻汙麒麟袍
喧闐夙駕君脂轄
酩酊離筵我藉糟
好去商山紫芝伴
珊瑚鞭動馬頭高","醉送李二十常侍赴鎮浙東靖安客舍花枝下
共脱青衫典濁醪
今日洛橋還醉别
金杯翻汙麒麟袍
喧闐夙駕君脂轄
酩酊離筵我藉糟
好去商山紫芝伴
珊瑚鞭動馬頭高",74
2233,poem,2233,卷三十一,,,律詩,醉别程秀才,,,2233,revised_jsonl_direct,2234,833,revised_jsonl,笺；点额鱼；新唐书；沉湘；崇文总目；琴谱,,0,False,,0,False,1,10,"五度龍門點額迴
却緣多藝復多才
貧泥客路粘難出
愁鎖鄉心掣不開
何必更遊京國去
不如且入醉鄉來
吳絃楚調瀟湘弄
爲我慇懃送一杯
程生善琴
尤能《沉湘曲》","醉别程秀才五度龍門點額迴
却緣多藝復多才
貧泥客路粘難出
愁鎖鄉心掣不開
何必更遊京國去
不如且入醉鄉來
吳絃楚調瀟湘弄
爲我慇懃送一杯
程生善琴
尤能《沉湘曲》",81
2234,poem,2234,卷三十一,,,律詩,自詠,,,2234,revised_jsonl_direct,2235,833,revised_jsonl,笺；维摩经；弟子品；十诵律；答四皓庙；和令公问刘宾客归来称意无之作；太平广记；王晙；定命录；中山诗话；广韵,,0,False,,0,False,1,8,"白衣居士紫芝仙
半醉行歌半坐禪
今日維摩兼飲酒
當時綺季不請平聲錢
等閑池上留賓客
隨事燈前有管絃
但問此身銷得否
分司氣味不論年","自詠白衣居士紫芝仙
半醉行歌半坐禪
今日維摩兼飲酒
當時綺季不請平聲錢
等閑池上留賓客
隨事燈前有管絃
但問此身銷得否
分司氣味不論年",67
2235,poem,2235,卷三十一,,,律詩,把酒思閑事二首其一,,,2235,revised_jsonl_direct,2236,833,revised_jsonl,笺,,0,False,,0,False,1,8,"把酒思閑事
春愁誰最深
乞錢羈客面
落第舉人心
月下低眉立
燈前抱膝吟
憑君勸一醉
勝與萬黄金","把酒思閑事二首其一把酒思閑事
春愁誰最深
乞錢羈客面
落第舉人心
月下低眉立
燈前抱膝吟
憑君勸一醉
勝與萬黄金",56
2236,poem,2236,卷三十一,,,律詩,把酒思閑事二首其二,,,2236,revised_jsonl_direct,2237,,revised_jsonl,太平御览；汉书；梁书,汉书,1,True,,0,False,1,8,"把酒思閑事
春嬌何處多
試鞍新白馬
弄鏡小青娥
掌上初教舞
花前欲按歌
憑君勸一醉
勸了問如何","把酒思閑事二首其二把酒思閑事
春嬌何處多
試鞍新白馬
弄鏡小青娥
掌上初教舞
花前欲按歌
憑君勸一醉
勸了問如何",56
2237,poem,2237,卷三十一,,,律詩,衰荷,,,2237,revised_jsonl_direct,2238,833,revised_jsonl,笺,,0,False,,0,False,1,4,"白露凋花花不殘
凉風吹葉葉初乾
無人解愛蕭條境
更遶衰叢一匝看","衰荷白露凋花花不殘
凉風吹葉葉初乾
無人解愛蕭條境
更遶衰叢一匝看",33
2238,poem,2238,卷三十一,,,律詩,池上送考功崔郎中兼别房竇二妓,,,2238,revised_jsonl_direct,2239,833,revised_jsonl,笺；送考功崔郎中赴阙；闻杨十二新拜省郎遥以诗贺；思玄赋,,0,False,,0,False,1,4,"文昌列宿徵還日
洛浦行雲放散時
鵷鷺上天花逐水
無因再會白家池","池上送考功崔郎中兼别房竇二妓文昌列宿徵還日
洛浦行雲放散時
鵷鷺上天花逐水
無因再會白家池",45
2239,poem,2239,卷三十一,,,律詩,自問,,,2239,revised_jsonl_direct,2240,833,revised_jsonl,笺；闻崔十八宿予新昌弊宅时予亦宿崔家依仁新亭一宵偶同两兴暗合因而成咏聊以写怀；和梦游春诗一百韵,,0,False,,0,False,1,6,"依仁臺廢悲風晚
履信池荒宿草春
晦叔亭臺在依仁
微之池館在履信
自問老身騎馬出
洛陽城裏覓何人","自問依仁臺廢悲風晚
履信池荒宿草春
晦叔亭臺在依仁
微之池館在履信
自問老身騎馬出
洛陽城裏覓何人",49
2240,poem,2240,卷三十一,,,律詩,送陳許高僕射赴鎮,,,2240,revised_jsonl_direct,2241,833,revised_jsonl,笺；和高仆射罢节度让尚书授少保分司喜遂游山水之作；旧唐书；左传,左传,1,True,,0,False,1,8,"敦詩閲禮中軍帥
重士輕財大丈夫
常與師徒同苦樂
不教親故隔榮枯
花鈿坐遶黄金印
絲管行隨白玉壺
商皓老狂唯愛醉
時時能寄酒錢無","送陳許高僕射赴鎮敦詩閲禮中軍帥
重士輕財大丈夫
常與師徒同苦樂
不教親故隔榮枯
花鈿坐遶黄金印
絲管行隨白玉壺
商皓老狂唯愛醉
時時能寄酒錢無",71
2241,poem,2241,卷三十一,,,律詩,青氈帳二十韻,,,2241,revised_jsonl_direct,2242,833,revised_jsonl,笺；南齐书；梁书；演繁露；青毡帐；史记；瓯北诗话；香山集；报任安书；野客丛书；龙龛手鉴；将发洛中枉令狐相公手札兼辱二篇宠行以长句答之；对烛赋；事物纪原；黄帝内传；晋书；锦带书十二月启；北山移文,史记；对烛赋；晋书,3,True,,0,False,1,45,"合聚千羊毳
施張百子弮
司馬遷書云
“張空弮
”骨盤邊柳健
色染塞藍鮮
北製因戎剏
南移逐虜遷
汰音闥風吹不動
禦雨濕彌堅
有頂中央聳
無隅四嚮圓
旁通門豁爾
内密氣温然
遠别關山外
初安庭户前
影孤明月夜
價重苦寒年
軟煖圍氊毯
鎗摐束管絃
最宜霜後地
偏稱雪中天
側置低歌座
平鋪小舞筵
閑多揭簾入
醉便擁袍眠
鐵檠去聲移燈背
銀囊帶火懸
深藏曉蘭焰
暗貯宿香煙
獸炭休親近
狐裘可棄捐
硯温融凍墨
瓶煖變春泉
蕙帳徒招隱
茅菴浪坐禪
貧僧應歎羨
寒士定留連
賓客於中接
兒孫向後傳
王家誇舊物
未及此青氊
王子敬語偷兒云
“青氈我家舊物
”","青氈帳二十韻合聚千羊毳
施張百子弮
司馬遷書云
“張空弮
”骨盤邊柳健
色染塞藍鮮
北製因戎剏
南移逐虜遷
汰音闥風吹不動
禦雨濕彌堅
有頂中央聳
無隅四嚮圓
旁通門豁爾
内密氣温然
遠别關山外
初安庭户前
影孤明月夜
價重苦寒年
軟煖圍氊毯
鎗摐束管絃
最宜霜後地
偏稱雪中天
側置低歌座
平鋪小舞筵
閑多揭簾入
醉便擁袍眠
鐵檠去聲移燈背
銀囊帶火懸
深藏曉蘭焰
暗貯宿香煙
獸炭休親近
狐裘可棄捐
硯温融凍墨
瓶煖變春泉
蕙帳徒招隱
茅菴浪坐禪
貧僧應歎羨
寒士定留連
賓客於中接
兒孫向後傳
王家誇舊物
未及此青氊
王子敬語偷兒云
“青氈我家舊物
”",279
2242,poem,2242,卷三十一,,,律詩,答夢得秋日書懷見寄,,,2242,revised_jsonl_direct,2243,833,revised_jsonl,笺,,0,False,,0,False,1,8,"幸免非常病
甘當本分衰
眼昏燈最覺
腰瘦帶先知
樹葉霜紅日
髭鬚雪白時
悲愁緣欲老
老過却無悲","答夢得秋日書懷見寄幸免非常病
甘當本分衰
眼昏燈最覺
腰瘦帶先知
樹葉霜紅日
髭鬚雪白時
悲愁緣欲老
老過却無悲",56
2243,poem,2243,卷三十一,,,律詩,同諸客題于家公主舊宅,,,2243,revised_jsonl_direct,2244,833,revised_jsonl,笺；新唐书；两朱阁；秋寄微之十二韵；和梦游春诗一百韵；文苑英华辨证；题于家公主旧宅；寄明州于驸马使君；于𬱖传；宰相世系表；文苑；英华；唐集质疑；育王寺碑后记；金石萃编；萃编；平津续记；新表,,0,False,,0,False,1,8,"平陽舊宅少人遊
應是遊人到即愁
舂穀鳥啼桃李院
絡絲蟲怨鳳凰樓
臺傾滑石猶殘砌
簾斷真珠不滿鈎
聞道至今蕭史在
髭鬚雪白向明州","同諸客題于家公主舊宅平陽舊宅少人遊
應是遊人到即愁
舂穀鳥啼桃李院
絡絲蟲怨鳳凰樓
臺傾滑石猶殘砌
簾斷真珠不滿鈎
聞道至今蕭史在
髭鬚雪白向明州",73
2244,poem,2244,卷三十一,,,律詩,答夢得八月十五日夜玩月見寄,,,2244,revised_jsonl_direct,2245,833,revised_jsonl,笺；长洲苑；重修香山寺毕题二十二韵以纪之,,0,False,,0,False,1,10,"南國碧雲客
東京白首翁
松江初有月
伊水正無風
遠思兩鄉斷
清光千里同
不知娃館上
何似石樓中
其夜
余在龍門石樓上望月","答夢得八月十五日夜玩月見寄南國碧雲客
東京白首翁
松江初有月
伊水正無風
遠思兩鄉斷
清光千里同
不知娃館上
何似石樓中
其夜
余在龍門石樓上望月",73
2245,poem,2245,卷三十一,,,律詩,初冬早起寄夢得,,,2245,revised_jsonl_direct,2246,833,revised_jsonl,笺,,0,False,,0,False,1,8,"起戴烏紗帽
行披白布裘
爐温先煖酒
手冷未梳頭
早景烟霜白
初寒鳥雀愁
詩成遣誰和
還是寄蘇州","初冬早起寄夢得起戴烏紗帽
行披白布裘
爐温先煖酒
手冷未梳頭
早景烟霜白
初寒鳥雀愁
詩成遣誰和
還是寄蘇州",54
2246,poem,2246,卷三十一,,,律詩,秋夜聽高調凉州,,,2246,revised_jsonl_direct,2247,833,revised_jsonl,笺；碧鸡漫志；唐史；凉州；伊州；甘州；妃外传；明皇杂录；脞说；西凉州；新史；幽闲鼓吹；秋夜听高调凉州；南园试小乐,,0,False,,0,False,1,4,"樓上金風聲漸緊
月中銀字韻初調
促張絃柱吹高管
一曲凉州入泬寥","秋夜聽高調凉州樓上金風聲漸緊
月中銀字韻初調
促張絃柱吹高管
一曲凉州入泬寥",38
2247,poem,2247,卷三十一,,,律詩,香山寺二絶其一,,,2247,revised_jsonl_direct,2248,833,revised_jsonl,笺,,0,False,,0,False,1,4,"空門寂靜老夫閑
伴鳥隨雲往復還
家醞滿瓶書滿架
半移生計入香山","香山寺二絶其一空門寂靜老夫閑
伴鳥隨雲往復還
家醞滿瓶書滿架
半移生計入香山",38
2248,poem,2248,卷三十一,,,律詩,香山寺二絶其二,,,2248,revised_jsonl_direct,2249,,revised_jsonl,,,0,False,,0,False,1,4,"愛風巖上攀松蓋
戀月潭邊坐石稜
且共雲泉結緣境
他生當作此山僧","香山寺二絶其二愛風巖上攀松蓋
戀月潭邊坐石稜
且共雲泉結緣境
他生當作此山僧",38
2249,poem,2249,卷三十一,,,律詩,送舒著作重授省郎赴闕,,,2249,revised_jsonl_direct,2250,833,revised_jsonl,笺；九日代罗樊二妓招舒著作；履信池樱桃岛上醉后走笔送别舒员外兼寄宗正李卿考功崔郎中；册府元龜,,0,False,,0,False,1,8,"三歲相依在洛都
遊花宴月飽歡娛
惜别笙歌多怨咽
願留軒蓋少踟躕
劍磨光彩依前出
鵬舉風雲逐後驅
從此求閑應不得
更能重醉白家無","送舒著作重授省郎赴闕三歲相依在洛都
遊花宴月飽歡娛
惜别笙歌多怨咽
願留軒蓋少踟躕
劍磨光彩依前出
鵬舉風雲逐後驅
從此求閑應不得
更能重醉白家無",73
2250,poem,2250,卷三十一,,,律詩,同諸客嘲雪中馬上妓,,,2250,revised_jsonl_direct,2251,833,revised_jsonl,笺；醉送李二十常侍赴镇浙东；广韵；说文；镜槛；和张十八秘书谢裴相公寄马；王昭君二首,说文,1,True,,0,False,1,8,"珊瑚鞭嚲馬踟躕
引手低蛾索一盂
腰爲逆風成弱柳
面因衝冷作凝蘇
銀篦穩篸去呼烏羅帽
花襜宜乘叱撥駒
雪裏君看何所似
王昭君妹寫真圖","同諸客嘲雪中馬上妓珊瑚鞭嚲馬踟躕
引手低蛾索一盂
腰爲逆風成弱柳
面因衝冷作凝蘇
銀篦穩篸去呼烏羅帽
花襜宜乘叱撥駒
雪裏君看何所似
王昭君妹寫真圖",74
2251,poem,2251,卷三十一,,,律詩,喜劉蘇州恩賜金紫遥想賀宴以詩慶之,,,2251,revised_jsonl_direct,2252,833,revised_jsonl,笺；忆旧游；初除官蒙裴常侍赠鹘衔瑞草绯袍鱼袋因谢惠贶兼抒离情；闻行简恩赐章服喜成长句寄之；楚辞,楚辞,1,True,,0,False,1,8,"海内姑蘇太守賢
恩加章綬豈徒然
賀賓喜色欺杯酒
醉妓歡聲遏管絃
魚佩葺鱗光照地
鶻銜瑞帶勢衝天
莫嫌鬢上些些白
金紫由來稱長年","喜劉蘇州恩賜金紫遥想賀宴以詩慶之海内姑蘇太守賢
恩加章綬豈徒然
賀賓喜色欺杯酒
醉妓歡聲遏管絃
魚佩葺鱗光照地
鶻銜瑞帶勢衝天
莫嫌鬢上些些白
金紫由來稱長年",79
2252,poem,2252,卷三十一,,,律詩,藍田劉明府攜酎相過與皇甫郎中卯時同飲醉後贈之,,,2252,revised_jsonl_direct,2253,833,revised_jsonl,笺；旧唐书；池上清晨候皇甫郎中；寄皇甫宾客；酬思黯相公见过弊居戏赠；岳阳风土记；朝野佥载；杨柳枝二十韵；杨柳枝；江南谪居十韵；老热,,0,False,,0,False,1,8,"臘月九日煖寒客
卯時十分空腹杯
玄晏舞狂烏帽落
藍田醉倒玉山頽
貌偷花色老暫去
歌蹋柳枝春暗來
不爲劉家賢聖物
愁翁笑口大難開","藍田劉明府攜酎相過與皇甫郎中卯時同飲醉後贈之臘月九日煖寒客
卯時十分空腹杯
玄晏舞狂烏帽落
藍田醉倒玉山頽
貌偷花色老暫去
歌蹋柳枝春暗來
不爲劉家賢聖物
愁翁笑口大難開",85
2253,poem,2253,卷三十一,,,律詩,劉蘇州以華亭一鶴遠寄以詩謝之,,,2253,revised_jsonl_direct,2254,833,revised_jsonl,笺；洛下卜居；寄庾侍郎,,0,False,,0,False,1,8,"老鶴風姿異
衰翁詩思深
素毛如我鬢
丹頂似君心
松際雪相映
雞羣塵不侵
慇懃遠來意
一隻重千金","劉蘇州以華亭一鶴遠寄以詩謝之老鶴風姿異
衰翁詩思深
素毛如我鬢
丹頂似君心
松際雪相映
雞羣塵不侵
慇懃遠來意
一隻重千金",61
2254,poem,2254,卷三十一,,,律詩,早春憶蘇州寄夢得,,,2254,revised_jsonl_direct,2255,834,revised_jsonl,笺,,0,False,,0,False,1,8,"吳苑四時風景好
就中偏好是春天
霞光曙後殷於火
水色晴來嫩似煙
士女笙歌宜月下
使君金紫稱花前
誠知歡樂堪留戀
其奈離鄉已四年","早春憶蘇州寄夢得吳苑四時風景好
就中偏好是春天
霞光曙後殷於火
水色晴來嫩似煙
士女笙歌宜月下
使君金紫稱花前
誠知歡樂堪留戀
其奈離鄉已四年",71
2255,poem,2255,卷三十一,,,律詩,嘗新酒憶晦叔二首其一,,,2255,revised_jsonl_direct,2256,834,revised_jsonl,笺；微之敦诗晦叔相次长逝岿然自伤因成二绝,,0,False,,0,False,1,4,"樽裏看無色
杯中動有光
自君抛我去
此物共誰嘗","嘗新酒憶晦叔二首其一樽裏看無色
杯中動有光
自君抛我去
此物共誰嘗",33
2256,poem,2256,卷三十一,,,律詩,嘗新酒憶晦叔二首其二,,,2256,revised_jsonl_direct,2257,,revised_jsonl,,,0,False,,0,False,1,4,"世上强欺弱
人間醉勝醒
自君抛我去
此語更誰聽","嘗新酒憶晦叔二首其二世上强欺弱
人間醉勝醒
自君抛我去
此語更誰聽",33
2257,poem,2257,卷三十一,,,律詩,負春,,,2257,revised_jsonl_direct,2258,834,revised_jsonl,笺；杨柳枝词八首,,0,False,,0,False,1,4,"病來道士教調氣
老去山僧勸坐禪
辜負春風楊柳曲
去年斷酒到今年","負春病來道士教調氣
老去山僧勸坐禪
辜負春風楊柳曲
去年斷酒到今年",33
2258,poem,2258,卷三十一,,,律詩,池上閑吟二首其一,,,2258,revised_jsonl_direct,2259,834,revised_jsonl,笺；与子俨等书；赠皇甫六张十五李二十三宾客,,0,False,,0,False,1,8,"高卧閑行自在身
池邊六見柳條新
幸逢堯舜無爲日
得作羲皇向上人
四皓再除猶且健
三川罷守未全貧
莫愁客到無供給
家醞香濃野菜春","池上閑吟二首其一高卧閑行自在身
池邊六見柳條新
幸逢堯舜無爲日
得作羲皇向上人
四皓再除猶且健
三川罷守未全貧
莫愁客到無供給
家醞香濃野菜春",71
2259,poem,2259,卷三十一,,,律詩,池上閑吟二首其二,,,2259,revised_jsonl_direct,2260,,revised_jsonl,兰若寓居；村居苦寒；偶眠；疑梦二首；四月池水满,,0,False,,0,False,1,8,"非莊非宅非蘭若
竹樹池亭十畝餘
非道非僧非俗吏
褐裘烏帽閉門居
夢遊信意寧殊蝶
心樂身閑便是魚
雖未定知生與死
其間勝負兩何如","池上閑吟二首其二非莊非宅非蘭若
竹樹池亭十畝餘
非道非僧非俗吏
褐裘烏帽閉門居
夢遊信意寧殊蝶
心樂身閑便是魚
雖未定知生與死
其間勝負兩何如",71
2260,poem,2260,卷三十一,,,律詩,早春招張賓客,,,2260,revised_jsonl_direct,2261,834,revised_jsonl,笺；秋日与张宾客舒著作同游龙门醉中狂歌凡二百三十八字,,0,False,,0,False,1,8,"久雨初晴天氣新
風煙草樹盡欣欣
雖當冷落衰殘日
還有陽和暖活身
池色溶溶藍染水
花光焰焰火燒春
商山老伴相收拾
不用隨他年少人","早春招張賓客久雨初晴天氣新
風煙草樹盡欣欣
雖當冷落衰殘日
還有陽和暖活身
池色溶溶藍染水
花光焰焰火燒春
商山老伴相收拾
不用隨他年少人",69
2261,poem,2261,卷三十一,,,律詩,營閑事,,,2261,revised_jsonl_direct,2262,834,revised_jsonl,笺；类说；通志；苕溪渔隐丛话；感春；日高卧,,0,False,,0,False,1,8,"自笑營閑事
從朝到日斜
澆畦引泉脈
掃徑避蘭芽
暖變牆衣色
晴催木筆花
桃根知酒渴
晚送一甌茶","營閑事自笑營閑事
從朝到日斜
澆畦引泉脈
掃徑避蘭芽
暖變牆衣色
晴催木筆花
桃根知酒渴
晚送一甌茶",50
2262,poem,2262,卷三十一,,,律詩,感春,,,2262,revised_jsonl_direct,2263,834,revised_jsonl,笺,,0,False,,0,False,1,8,"老思不禁春
風光照眼新
花房紅鳥觜
池浪碧魚鱗
倚棹誰爲伴
持杯自問身
心情多少在
六十二三人","感春老思不禁春
風光照眼新
花房紅鳥觜
池浪碧魚鱗
倚棹誰爲伴
持杯自問身
心情多少在
六十二三人",49
2263,poem,2263,卷三十一,,,律詩,春池上戲贈李郎中,,,2263,revised_jsonl_direct,2264,834,revised_jsonl,笺；外台秘要方；跛奚移文,,0,False,,0,False,1,4,"滿池春水何人愛
唯我迴看指似君
直似挼藍新竹色
與君南宅染羅裙","春池上戲贈李郎中滿池春水何人愛
唯我迴看指似君
直似挼藍新竹色
與君南宅染羅裙",39
2264,poem,2264,卷三十一,,,律詩,玩半開花贈皇甫郎中,,,2264,revised_jsonl_direct,2265,834,revised_jsonl,谱；笺；池上清晨候皇甫郎中；和梦游春诗一百韵；八月十六夜月,,0,False,,0,False,1,28,"勿訝春來晚
無嫌花發遲
人憐全盛日
我愛半開時
紫蠟黏爲蔕
紅蘇點作蕤
成都新夾纈
梁漢碎燕脂
樹杪真珠顆
牆頭小女兒
淺深妝駁落
高下火參差
蝶戲爭香朵
鶯啼選穩枝
好教郎作伴
合共酒相隨
醉玩無勝此
狂嘲更讓誰
猶殘少年興
未似老人詩
西日憑輕照
東風莫殺去聲吹
明朝應爛熳
後夜更離披
林下遥相憶
樽前暗有期
銜杯嚼蘂思
唯我與君知","玩半開花贈皇甫郎中勿訝春來晚
無嫌花發遲
人憐全盛日
我愛半開時
紫蠟黏爲蔕
紅蘇點作蕤
成都新夾纈
梁漢碎燕脂
樹杪真珠顆
牆頭小女兒
淺深妝駁落
高下火參差
蝶戲爭香朵
鶯啼選穩枝
好教郎作伴
合共酒相隨
醉玩無勝此
狂嘲更讓誰
猶殘少年興
未似老人詩
西日憑輕照
東風莫殺去聲吹
明朝應爛熳
後夜更離披
林下遥相憶
樽前暗有期
銜杯嚼蘂思
唯我與君知",178
2265,poem,2265,卷三十一,,,律詩,池邊,,,2265,revised_jsonl_direct,2266,834,revised_jsonl,笺,,0,False,,0,False,1,8,"柳老香絲宛
荷新鈿扇圓
殘春深樹裏
斜日小樓前
醉遣收杯杓
閑聽理管絃
池邊更無事
看補採蓮船","池邊柳老香絲宛
荷新鈿扇圓
殘春深樹裏
斜日小樓前
醉遣收杯杓
閑聽理管絃
池邊更無事
看補採蓮船",49
2266,poem,2266,卷三十一,,,律詩,家釀新熟每嘗輒醉妻侄等勸令少飲因成長句以諭之,,,2266,revised_jsonl_direct,2267,834,revised_jsonl,谱；笺；蔷薇正开春酒初熟因招刘十九张大崔二十四同饮；桥亭卯饮；想东游五十韵,,0,False,,0,False,1,8,"君應怪我朝朝飲
不説向君君不知
身上幸無疼痛處
甕頭正是撇嘗時
劉妻勸諫夫休醉
王侄分疏叔不癡
六十三翁頭雪白
假如醒黠欲何爲","家釀新熟每嘗輒醉妻侄等勸令少飲因成長句以諭之君應怪我朝朝飲
不説向君君不知
身上幸無疼痛處
甕頭正是撇嘗時
劉妻勸諫夫休醉
王侄分疏叔不癡
六十三翁頭雪白
假如醒黠欲何爲",85
2267,poem,2267,卷三十一,,,律詩,送常秀才下第東歸,,,2267,revised_jsonl_direct,2268,834,revised_jsonl,谱；笺,,0,False,,0,False,1,8,"東歸多旅恨
西上少知音
寒食看花眼
春風落第心
百憂當二月
一醉直千金
到處公卿席
無辭酒盞深","送常秀才下第東歸東歸多旅恨
西上少知音
寒食看花眼
春風落第心
百憂當二月
一醉直千金
到處公卿席
無辭酒盞深",55
2268,poem,2268,卷三十一,,,律詩,且遊,,,2268,revised_jsonl_direct,2269,834,revised_jsonl,笺,,0,False,,0,False,1,8,"手裏一杯滿
心中百事休
春應唯仰醉
老更不禁愁
弄水迴船尾
尋花信馬頭
眼看筋力減
遊得且須遊","且遊手裏一杯滿
心中百事休
春應唯仰醉
老更不禁愁
弄水迴船尾
尋花信馬頭
眼看筋力減
遊得且須遊",49
2269,poem,2269,卷三十一,,,律詩,題王家莊臨水柳亭,,,2269,revised_jsonl_direct,2270,834,revised_jsonl,笺,,0,False,,0,False,1,8,"弱柳緣堤種
虛亭壓水開
條疑逐風去
波欲上階來
翠羽偷魚入
紅腰學舞迴
春愁正無緒
爭不盡殘杯","題王家莊臨水柳亭弱柳緣堤種
虛亭壓水開
條疑逐風去
波欲上階來
翠羽偷魚入
紅腰學舞迴
春愁正無緒
爭不盡殘杯",55
2270,poem,2270,卷三十一,,,律詩,題令狐家木蘭花,,,2270,revised_jsonl_direct,2271,834,revised_jsonl,笺；木兰；木兰花；玉谿生诗笺注；题令狐家木兰花；长门赋；文选；尔雅翼；述异记；离骚；子虚赋；洛阳宫殿簿；本草纲目；木兰诗；戏题木兰花,离骚,1,True,,0,False,1,4,"膩如玉指塗朱粉
光似金刀剪紫霞
從此時時春夢裏
應添一樹女郎花","題令狐家木蘭花膩如玉指塗朱粉
光似金刀剪紫霞
從此時時春夢裏
應添一樹女郎花",38
2271,poem,2271,卷三十一,,,律詩,拜表迴閑遊,,,2271,revised_jsonl_direct,2272,834,revised_jsonl,笺；续高僧传；菩提达摩传；坛经；传法宝纪序；老子；钵塔院如大师,老子,1,True,,0,False,1,10,"玉珮金章紫花綬
紵衫藤帶白綸巾
晨興拜表稱朝士
晚出遊山作野人
達磨傳心令息念
玄元留語遣同塵
八關淨戒齋銷日
一曲狂歌醉送春
酒肆法堂方丈室
其間豈是兩般身","拜表迴閑遊玉珮金章紫花綬
紵衫藤帶白綸巾
晨興拜表稱朝士
晚出遊山作野人
達磨傳心令息念
玄元留語遣同塵
八關淨戒齋銷日
一曲狂歌醉送春
酒肆法堂方丈室
其間豈是兩般身",84
2272,poem,2272,卷三十一,,,律詩,西街渠中種蓮疊石頗有幽致偶題小樓,,,2272,revised_jsonl_direct,2273,834,revised_jsonl,笺；题崔常侍济源庄,,0,False,,0,False,1,12,"朱檻低牆上
清流小閣前
雇人栽菡萏
買石造潺湲
影落江心月
聲移谷口泉
閑看卷簾坐
醉聽掩窗眠
路笑淘官水
家愁費料錢
是非君莫問
一對一翛然","西街渠中種蓮疊石頗有幽致偶題小樓朱檻低牆上
清流小閣前
雇人栽菡萏
買石造潺湲
影落江心月
聲移谷口泉
閑看卷簾坐
醉聽掩窗眠
路笑淘官水
家愁費料錢
是非君莫問
一對一翛然",87
2273,poem,2273,卷三十一,,,律詩,晚春閑居楊工部寄詩楊常州寄茶同到因以長句答之,,,2273,revised_jsonl_direct,2274,834,revised_jsonl,笺；睡后茶兴忆杨同州；旧唐书；送杨八给事赴常州,,0,False,,0,False,1,8,"宿酲寂寞眠初起
春意闌珊日又斜
勸我加餐因早笋
恨人休醉是殘花
悶吟工部新來句
渴飲毗陵遠到茶
兄弟東西官職冷
門前車馬向誰家","晚春閑居楊工部寄詩楊常州寄茶同到因以長句答之宿酲寂寞眠初起
春意闌珊日又斜
勸我加餐因早笋
恨人休醉是殘花
悶吟工部新來句
渴飲毗陵遠到茶
兄弟東西官職冷
門前車馬向誰家",85
2274,poem,2274,卷三十一,,,律詩,玉泉寺南三里澗下多深紅躑躅繁豔殊常感惜題詩以示遊者,,,2274,revised_jsonl_direct,2275,834,revised_jsonl,笺；独游玉泉寺；山石榴寄元九,,0,False,,0,False,1,8,"玉泉南澗花奇怪
不似花叢似火堆
今日多情唯我到
每年無故爲誰開
寧辭辛苦行三里
更與留連飲兩杯
猶有一般辜負事
不將歌舞管絃來","玉泉寺南三里澗下多深紅躑躅繁豔殊常感惜題詩以示遊者玉泉南澗花奇怪
不似花叢似火堆
今日多情唯我到
每年無故爲誰開
寧辭辛苦行三里
更與留連飲兩杯
猶有一般辜負事
不將歌舞管絃來",88
2275,poem,2275,卷三十一,,,律詩,早服雲母散,,,2275,revised_jsonl_direct,2276,834,revised_jsonl,笺；题李山人；大方等大集经；维摩经；东院,,0,False,,0,False,1,8,"曉服雲英漱井華
寥然身若在煙霞
藥銷日晏三匙飯
酒渴春深一椀茶
每夜坐禪觀水月
有時行醉玩風花
淨名事理人難解
身不出家心出家","早服雲母散曉服雲英漱井華
寥然身若在煙霞
藥銷日晏三匙飯
酒渴春深一椀茶
每夜坐禪觀水月
有時行醉玩風花
淨名事理人難解
身不出家心出家",68
2276,poem,2276,卷三十一,,,律詩,三月晦日日晚聞鳥聲,,,2276,revised_jsonl_direct,2277,834,revised_jsonl,笺,,0,False,,0,False,1,6,"晚來林鳥語殷勤
似惜風光説向人
遣脱破袍勞報暖
催沽美酒敢辭貧
聲聲勸醉應須醉
一歲唯殘半日春","三月晦日日晚聞鳥聲晚來林鳥語殷勤
似惜風光説向人
遣脱破袍勞報暖
催沽美酒敢辭貧
聲聲勸醉應須醉
一歲唯殘半日春",56
2277,poem,2277,卷三十一,,,律詩,早夏遊平泉迴,,,2277,revised_jsonl_direct,2278,834,revised_jsonl,笺；秋游平泉赠韦处士闲禅师,,0,False,,0,False,1,8,"夏早日初長
南風草木香
肩輿頗平穩
澗路甚清凉
紫蕨行看採
青梅旋摘嘗
療飢兼解渴
一盞冷雲漿","早夏遊平泉迴夏早日初長
南風草木香
肩輿頗平穩
澗路甚清凉
紫蕨行看採
青梅旋摘嘗
療飢兼解渴
一盞冷雲漿",53
2278,poem,2278,卷三十一,,,律詩,宿天竺寺迴,,,2278,revised_jsonl_direct,2279,834,revised_jsonl,笺；题天竺南院赠闲振元旻四上人,,0,False,,0,False,1,8,"野寺經三宿
都城復一還
家仍念婚嫁
身尚繫官班
蕭灑秋臨水
沉吟晚下山
長閑猶未得
逐日且偷閑","宿天竺寺迴野寺經三宿
都城復一還
家仍念婚嫁
身尚繫官班
蕭灑秋臨水
沉吟晚下山
長閑猶未得
逐日且偷閑",52
2279,poem,2279,卷三十一,,,律詩,侍中晉公欲到東洛先蒙書問期宿龍門思往感今輒獻長句,,,2279,revised_jsonl_direct,2280,834,revised_jsonl,谱；笺；裴侍中晋公以集贤林亭即事诗二十六韵见赠猥蒙征和才拙词繁辄广为五百言以伸酬献；酬裴相公题兴化小池见招长句；春游二林寺,,0,False,,0,False,1,11,"昔蒙興化池頭送
大和三年春
居易授賓客分司東來
特蒙侍中於興化里池上宴送
今許龍門潭上期
聚散但慚長見念
榮枯安敢道相思
功成名遂來雖久
雲卧山遊去未遲
聞説風情筋力在
只如初破蔡州時","侍中晉公欲到東洛先蒙書問期宿龍門思往感今輒獻長句昔蒙興化池頭送
大和三年春
居易授賓客分司東來
特蒙侍中於興化里池上宴送
今許龍門潭上期
聚散但慚長見念
榮枯安敢道相思
功成名遂來雖久
雲卧山遊去未遲
聞説風情筋力在
只如初破蔡州時",116
2280,poem,2280,卷三十一,,,律詩,奉和晉公侍中蒙除留守行及洛師感悦發中斐然成詠,,,2280,revised_jsonl_direct,2281,834,revised_jsonl,笺；题赠郑秘书征君石沟溪隐居；答四皓庙,,0,False,,0,False,1,8,"鸞鳳翺翔在寥廓
貂蟬蕭灑出埃塵
致成堯舜升平代
收得夔龍强健身
抛擲功名還史册
分張歡樂與交親
商山老皓雖休去
終是留侯門下人","奉和晉公侍中蒙除留守行及洛師感悦發中斐然成詠鸞鳳翺翔在寥廓
貂蟬蕭灑出埃塵
致成堯舜升平代
收得夔龍强健身
抛擲功名還史册
分張歡樂與交親
商山老皓雖休去
終是留侯門下人",85
2281,poem,2281,卷三十一,,,律詩,送劉吾司馬赴任硤州兼寄崔使君,,,2281,revised_jsonl_direct,2282,834,revised_jsonl,笺；醉后走笔酬刘五主簿长句之赠兼简张大贾二十四先辈昆季；旧唐书；汉书；丘中有一士,汉书,1,True,,0,False,1,8,"位下才高多怨天
劉兄道勝獨恬然
貧於楊子兩三倍
老過榮公六七年
筆硯莫抛留壓案
簞瓢從陋也銷錢
郡丞自合當優禮
何况夷陵太守賢","送劉吾司馬赴任硤州兼寄崔使君位下才高多怨天
劉兄道勝獨恬然
貧於楊子兩三倍
老過榮公六七年
筆硯莫抛留壓案
簞瓢從陋也銷錢
郡丞自合當優禮
何况夷陵太守賢",77
2282,poem,2282,卷三十一,,,律詩,菩提寺上方晚眺,,,2282,revised_jsonl_direct,2283,834,revised_jsonl,笺；菩提寺上方晚望香山寺寄舒员外,,0,False,,0,False,1,8,"樓閣高低樹淺深
山光水色暝沉沉
嵩煙半卷青綃幕
伊浪平鋪綠綺衾
飛鳥滅時宜極目
遠風來處好開襟
誰知不離簪纓内
長得逍遥自在心","菩提寺上方晚眺樓閣高低樹淺深
山光水色暝沉沉
嵩煙半卷青綃幕
伊浪平鋪綠綺衾
飛鳥滅時宜極目
遠風來處好開襟
誰知不離簪纓内
長得逍遥自在心",70
2283,poem,2283,卷三十一,,,律詩,楊柳枝詞八首其一,,,2283,revised_jsonl_direct,2284,828,revised_jsonl,笺；杨柳枝二十韵；不能忘情吟；白氏文集；乐府杂录；碧鸡漫志；鉴戒录；折杨柳枝；竹枝；渔父；唐声诗；琵琶引；看采菱；旧唐书；白雪；雪诗；乐府诗集；乐府解题；关山月；洛阳道；长安道；梅花落；紫骝马；骢马；雨雪；刘生；大单于；小单于；大梅花；小梅花；从军行,,0,False,,0,False,1,4,"六么水調家家唱
白雪梅花處處吹
古歌舊曲君休聽
聽取新翻楊柳枝","楊柳枝詞八首其一六么水調家家唱
白雪梅花處處吹
古歌舊曲君休聽
聽取新翻楊柳枝",39
2284,poem,2284,卷三十一,,,律詩,楊柳枝詞八首其二,,,2284,revised_jsonl_direct,2285,,revised_jsonl,五柳先生传；史记,史记,1,True,,0,False,1,4,"陶令門前四五樹
亞夫營裏百千條
何似東都正二月
黄金枝映洛陽橋","楊柳枝詞八首其二陶令門前四五樹
亞夫營裏百千條
何似東都正二月
黄金枝映洛陽橋",39
2285,poem,2285,卷三十一,,,律詩,楊柳枝詞八首其三,,,2285,revised_jsonl_direct,2286,,revised_jsonl,,,0,False,,0,False,1,4,"依依嫋嫋復青青
勾引清風無限情
白雪花繁空撲地
綠絲條弱不勝鶯","楊柳枝詞八首其三依依嫋嫋復青青
勾引清風無限情
白雪花繁空撲地
綠絲條弱不勝鶯",39
2286,poem,2286,卷三十一,,,律詩,楊柳枝詞八首其四,,,2286,revised_jsonl_direct,2287,,revised_jsonl,长洲苑,,0,False,,0,False,1,4,"紅板江橋青酒旗
館娃宮暖日斜時
可憐雨歇東風定
萬樹千條各自垂","楊柳枝詞八首其四紅板江橋青酒旗
館娃宮暖日斜時
可憐雨歇東風定
萬樹千條各自垂",39
2287,poem,2287,卷三十一,,,律詩,楊柳枝詞八首其五,,,2287,revised_jsonl_direct,2288,,revised_jsonl,杭州春望,,0,False,,0,False,1,4,"蘇州楊柳任君誇
更有錢塘勝館娃
若解多情尋小小
綠楊深處是蘇家","楊柳枝詞八首其五蘇州楊柳任君誇
更有錢塘勝館娃
若解多情尋小小
綠楊深處是蘇家",39
2288,poem,2288,卷三十一,,,律詩,楊柳枝詞八首其六,,,2288,revised_jsonl_direct,2289,,revised_jsonl,南部新书；白居易诗选；杭州春望,,0,False,,0,False,1,4,"蘇家小女舊知名
楊柳風前别有情
剝條盤作銀環樣
卷葉吹爲玉笛聲","楊柳枝詞八首其六蘇家小女舊知名
楊柳風前别有情
剝條盤作銀環樣
卷葉吹爲玉笛聲",39
2289,poem,2289,卷三十一,,,律詩,楊柳枝詞八首其七,,,2289,revised_jsonl_direct,2290,,revised_jsonl,,,0,False,,0,False,1,4,"葉含濃露如啼眼
枝嫋輕風似舞腰
小樹不禁攀折苦
乞君留取兩三條","楊柳枝詞八首其七葉含濃露如啼眼
枝嫋輕風似舞腰
小樹不禁攀折苦
乞君留取兩三條",39
2290,poem,2290,卷三十一,,,律詩,楊柳枝詞八首其八,,,2290,revised_jsonl_direct,2291,,revised_jsonl,王昭君,,0,False,,0,False,1,4,"人言柳葉似愁眉
更有愁腸似柳絲
柳絲挽斷腸牽斷
彼此應無續得期","楊柳枝詞八首其八人言柳葉似愁眉
更有愁腸似柳絲
柳絲挽斷腸牽斷
彼此應無續得期",39
2291,poem,2291,卷三十一,,,律詩,浪淘沙詞六首其一,,,2291,revised_jsonl_direct,2292,828,revised_jsonl,笺；教坊记；乐府诗集；碧鸡漫志；竹枝；浪淘沙；抛毬乐；杨柳枝；清平调词,,0,False,,0,False,1,4,"一泊沙來一泊去
一重浪滅一重生
相攪相淘無歇日
會教山海一時平","浪淘沙詞六首其一一泊沙來一泊去
一重浪滅一重生
相攪相淘無歇日
會教山海一時平",39
2292,poem,2292,卷三十一,,,律詩,浪淘沙詞六首其二,,,2292,revised_jsonl_direct,2293,,revised_jsonl,神仙传,神仙传,1,True,,0,False,1,4,"白浪茫茫與海連
平沙浩浩四無邊
暮去朝來淘不住
遂令東海變桑田","浪淘沙詞六首其二白浪茫茫與海連
平沙浩浩四無邊
暮去朝來淘不住
遂令東海變桑田",39
2293,poem,2293,卷三十一,,,律詩,浪淘沙詞六首其三,,,2293,revised_jsonl_direct,2294,,revised_jsonl,自蜀江至洞庭湖口有感而作；孟夏思渭村旧居寄舍弟,,0,False,,0,False,1,4,"青草湖中萬里程
黄梅雨裏一人行
愁見灘頭夜泊處
風翻暗浪打船聲","浪淘沙詞六首其三青草湖中萬里程
黄梅雨裏一人行
愁見灘頭夜泊處
風翻暗浪打船聲",39
2294,poem,2294,卷三十一,,,律詩,浪淘沙詞六首其四,,,2294,revised_jsonl_direct,2295,,revised_jsonl,江南词,,0,False,,0,False,1,4,"借問江湖與海水
何似君情與妾心
相恨不如潮有信
相思始覺海非深","浪淘沙詞六首其四借問江湖與海水
何似君情與妾心
相恨不如潮有信
相思始覺海非深",39
2295,poem,2295,卷三十一,,,律詩,浪淘沙詞六首其五,,,2295,revised_jsonl_direct,2296,,revised_jsonl,蜀路石妇,,0,False,,0,False,1,4,"海底飛塵終有日
山頭化石豈無時
誰道小郎抛小婦
船頭一去没迴期","浪淘沙詞六首其五海底飛塵終有日
山頭化石豈無時
誰道小郎抛小婦
船頭一去没迴期",39
2296,poem,2296,卷三十一,,,律詩,浪淘沙詞六首其六,,,2296,revised_jsonl_direct,2297,,revised_jsonl,,,0,False,,0,False,1,4,"隨波逐浪到天涯
遷客生還有幾家
却到帝鄉重富貴
請君莫忘浪淘沙","浪淘沙詞六首其六隨波逐浪到天涯
遷客生還有幾家
却到帝鄉重富貴
請君莫忘浪淘沙",39
2297,poem,2297,卷三十二,,,律詩,讀老子,,,2297,revised_jsonl_direct,2298,834,revised_jsonl,笺；老子,老子,1,True,,0,False,1,4,"言者不知知者默
此語吾聞於老君
若道老君是知者
緣何自著五千文","讀老子言者不知知者默
此語吾聞於老君
若道老君是知者
緣何自著五千文",34
2298,poem,2298,卷三十二,,,律詩,讀莊子,,,2298,revised_jsonl_direct,2299,834,revised_jsonl,笺；白居易选集；庄子；咏史,庄子,1,True,,0,False,1,4,"莊生齊物同歸一
我道同中有不同
遂性逍遥雖一致
鸞凰終校勝蛇蟲","讀莊子莊生齊物同歸一
我道同中有不同
遂性逍遥雖一致
鸞凰終校勝蛇蟲",34
2299,poem,2299,卷三十二,,,律詩,讀禪經,,,2299,revised_jsonl_direct,2300,834,revised_jsonl,笺；坐禅三昧经；修行方便禅经；达摩多罗禅经；坛语；禅经；禅源诸诠集都序；达摩禅经；金刚经；中阿含经；增壹阿含经；庄子；维摩经；大智度论；圆觉经；开元寺东池早春；大乘起信论；金刚三昧经,庄子,1,True,,0,False,1,8,"須知諸相皆非相
若住無餘却有餘
言下忘言一時了
夢中説夢兩重虛
空花豈得兼求果
陽焰如何更覓魚
攝動是禪禪是動
不禪不動即如如","讀禪經須知諸相皆非相
若住無餘却有餘
言下忘言一時了
夢中説夢兩重虛
空花豈得兼求果
陽焰如何更覓魚
攝動是禪禪是動
不禪不動即如如",66
2300,poem,2300,卷三十二,,,律詩,感興二首其一,,,2300,revised_jsonl_direct,2301,834,revised_jsonl,笺；礼记；赠吴丹；庄子；论语,礼记；庄子；论语,3,True,,0,False,1,8,"吉凶禍福有來由
但要深知不要憂
只見火光燒潤屋
不聞風浪覆虛舟
名爲公器無多取
利是身災合少求
雖異匏瓜難不食
大都食足早宜休","感興二首其一吉凶禍福有來由
但要深知不要憂
只見火光燒潤屋
不聞風浪覆虛舟
名爲公器無多取
利是身災合少求
雖異匏瓜難不食
大都食足早宜休",69
2301,poem,2301,卷三十二,,,律詩,感興二首其二,,,2301,revised_jsonl_direct,2302,,revised_jsonl,左传；晋书；太平御览；蜀志；裴常侍以题蔷薇架十八韵见示因广为三十韵以和之；笺,左传；晋书；蜀志,3,True,,0,False,1,8,"魚能深入寧憂釣
鳥解高飛豈觸羅
熱處先爭炙手去
悔時其奈噬臍何
樽前誘得猩猩血
幕上偷安燕燕窠
我有一言君記取
世間自取苦人多","感興二首其二魚能深入寧憂釣
鳥解高飛豈觸羅
熱處先爭炙手去
悔時其奈噬臍何
樽前誘得猩猩血
幕上偷安燕燕窠
我有一言君記取
世間自取苦人多",69
2302,poem,2302,卷三十二,,,律詩,問鶴,,,2302,revised_jsonl_direct,2303,834,revised_jsonl,笺,,0,False,,0,False,1,4,"烏鳶爭食雀爭窠
獨立池邊風雪多
盡日踏冰翹一足
不鳴不動意如何","問鶴烏鳶爭食雀爭窠
獨立池邊風雪多
盡日踏冰翹一足
不鳴不動意如何",33
2303,poem,2303,卷三十二,,,律詩,代鶴答,,,2303,revised_jsonl_direct,2304,834,revised_jsonl,笺,,0,False,,0,False,1,4,"鷹爪攫雞雞肋折
鶻拳蹴雁雁頭垂
何如斂翅水邊立
飛上雲松棲穩枝","代鶴答鷹爪攫雞雞肋折
鶻拳蹴雁雁頭垂
何如斂翅水邊立
飛上雲松棲穩枝",34
2304,poem,2304,卷三十二,,,律詩,閑卧有所思二首其一,,,2304,revised_jsonl_direct,2305,835,revised_jsonl,谱；笺,,0,False,,0,False,1,8,"向夕褰簾卧枕琴
微凉入户起開襟
偶因明月清風夜
忽想遷臣逐客心
何處投荒初恐懼
誰人遶澤正悲吟
始知洛下分司坐
一日安閑直萬金","閑卧有所思二首其一向夕褰簾卧枕琴
微凉入户起開襟
偶因明月清風夜
忽想遷臣逐客心
何處投荒初恐懼
誰人遶澤正悲吟
始知洛下分司坐
一日安閑直萬金",72
2305,poem,2305,卷三十二,,,律詩,閑卧有所思二首其二,,,2305,revised_jsonl_direct,2306,,revised_jsonl,说苑；抱朴子；养拙；读史五首；高仆射；笺,说苑；抱朴子,2,True,,0,False,1,8,"權門要路足身災
散地閑居少禍胎
今日憐君嶺南去
當時笑我洛中來
蟲全性命緣無毒
木盡天年爲不材
大底吉凶多自致
李斯一去二疏迴","閑卧有所思二首其二權門要路足身災
散地閑居少禍胎
今日憐君嶺南去
當時笑我洛中來
蟲全性命緣無毒
木盡天年爲不材
大底吉凶多自致
李斯一去二疏迴",72
2306,poem,2306,卷三十二,,,律詩,喜閑,,,2306,revised_jsonl_direct,2307,834,revised_jsonl,笺；对镜；香山寺石楼潭夜浴,,0,False,,0,False,1,12,"蕭灑伊嵩下
優遊黄綺間
未曾一日悶
已得六年閑
魚鳥爲徒侶
煙霞是往還
伴僧禪閉目
迎客笑開顔
興發宵遊寺
慵時晝掩關
夜來風月好
悔不宿香山","喜閑蕭灑伊嵩下
優遊黄綺間
未曾一日悶
已得六年閑
魚鳥爲徒侶
煙霞是往還
伴僧禪閉目
迎客笑開顔
興發宵遊寺
慵時晝掩關
夜來風月好
悔不宿香山",73
2307,poem,2307,卷三十二,,,律詩,詩酒琴人例多薄命予酷好三事雅當此科而所得已多爲幸斯甚偶成狂詠聊寫愧懷,,,2307,revised_jsonl_direct,2308,834,revised_jsonl,笺；读史五首；三国志；魏氏春秋；与元九书；白氏文集；世说新语,,0,False,,0,False,1,12,"愛琴愛酒愛詩客
多賤多窮多苦辛
中散步兵終不貴
孟郊張籍過於貧
一之已歎關於命
三者何堪併在身
只合飄零隨草木
誰教凌厲出風塵
榮名厚祿二千石
樂飲閑遊三十春
何得無厭時咄咄
猶言薄命不如人","詩酒琴人例多薄命予酷好三事雅當此科而所得已多爲幸斯甚偶成狂詠聊寫愧懷愛琴愛酒愛詩客
多賤多窮多苦辛
中散步兵終不貴
孟郊張籍過於貧
一之已歎關於命
三者何堪併在身
只合飄零隨草木
誰教凌厲出風塵
榮名厚祿二千石
樂飲閑遊三十春
何得無厭時咄咄
猶言薄命不如人",129
2308,poem,2308,卷三十二,,,律詩,寄明州于駙馬使君三絶句其一,,,2308,revised_jsonl_direct,2309,834,revised_jsonl,笺；同诸客题于家公主旧宅；新唐书,,0,False,,0,False,1,4,"有花有酒有笙歌
其奈難逢親故何
近海饒風春足雨
白鬚太守悶時多","寄明州于駙馬使君三絶句其一有花有酒有笙歌
其奈難逢親故何
近海饒風春足雨
白鬚太守悶時多",44
2309,poem,2309,卷三十二,,,律詩,寄明州于駙馬使君三絶句其二,,,2309,revised_jsonl_direct,2310,,revised_jsonl,两朱阁,,0,False,,0,False,1,4,"平陽音樂隨都尉
留滯三年在浙東
吳越聲邪無法用
莫教偷入管絃中","寄明州于駙馬使君三絶句其二平陽音樂隨都尉
留滯三年在浙東
吳越聲邪無法用
莫教偷入管絃中",44
2310,poem,2310,卷三十二,,,律詩,寄明州于駙馬使君三絶句其三,,,2310,revised_jsonl_direct,2311,,revised_jsonl,世说新语；唐国史补；旧唐书；严十八郎中在郡日改制东南楼因名清辉未立标牓征归郎署予既到郡性爱楼居宴游其间颇有幽致聊成十韵兼戏寄严；冯阁老处见与严郎中酬和诗因戏赠绝句,,0,False,,0,False,1,6,"何郎小妓歌喉好
嚴老呼爲一串珠
嚴尚書與于駙馬詩云
“莫損歌喉一串珠
”海味腥鹹損聲氣
聽看猶得斷腸無","寄明州于駙馬使君三絶句其三何郎小妓歌喉好
嚴老呼爲一串珠
嚴尚書與于駙馬詩云
“莫損歌喉一串珠
”海味腥鹹損聲氣
聽看猶得斷腸無",64
2311,poem,2311,卷三十二,,,律詩,閑卧,,,2311,revised_jsonl_direct,2312,834,revised_jsonl,笺；新论,新论,1,True,,0,False,1,8,"薄食當去齋戒
散班同隱淪
佛容爲弟子
天許作閑人
唯置牀臨水
都無物近身
清風散髮卧
兼不要紗巾","閑卧薄食當去齋戒
散班同隱淪
佛容爲弟子
天許作閑人
唯置牀臨水
都無物近身
清風散髮卧
兼不要紗巾",50
2312,poem,2312,卷三十二,,,律詩,春早秋初因時即事兼寄浙東李侍郎,,,2312,revised_jsonl_direct,2313,834,revised_jsonl,笺；酬李二十侍郎；醉送李二十常侍赴镇浙东,,0,False,,0,False,1,12,"春早秋初晝夜長
可憐天氣好年光
和風細動簾帷暖
清露微凝枕簟凉
窗下曉眠初減被
池邊晚坐乍移牀
閑從蕙草侵堦綠
靜任槐花滿地黄
理曲管絃聞後院
熨衣燈火映深房
四時新境何人别
遥憶多情李侍郎","春早秋初因時即事兼寄浙東李侍郎春早秋初晝夜長
可憐天氣好年光
和風細動簾帷暖
清露微凝枕簟凉
窗下曉眠初減被
池邊晚坐乍移牀
閑從蕙草侵堦綠
靜任槐花滿地黄
理曲管絃聞後院
熨衣燈火映深房
四時新境何人别
遥憶多情李侍郎",110
2313,poem,2313,卷三十二,,,律詩,新秋喜凉,,,2313,revised_jsonl_direct,2314,834,revised_jsonl,笺,,0,False,,0,False,1,8,"過得炎蒸月
尤宜老病身
衣裳朝不潤
枕簟夜相親
樓月纖纖早
波風嫋嫋新
光陰與時節
先感是詩人","新秋喜凉過得炎蒸月
尤宜老病身
衣裳朝不潤
枕簟夜相親
樓月纖纖早
波風嫋嫋新
光陰與時節
先感是詩人",51
2314,poem,2314,卷三十二,,,律詩,初夏閑吟兼呈韋賓客,,,2314,revised_jsonl_direct,2315,835,revised_jsonl,笺；雪中晏起偶咏所怀兼呈张常侍韦庶子皇甫郎中杂言；伤韦宾客缜,,0,False,,0,False,1,12,"孟夏清和月
東都閑散官
體中無病痛
眼下未飢寒
世事聞常悶
交遊見即歡
杯觴留客切
妓樂取人寬
雪鬢隨身老
雲心著處安
此中殊有味
試説向君看","初夏閑吟兼呈韋賓客孟夏清和月
東都閑散官
體中無病痛
眼下未飢寒
世事聞常悶
交遊見即歡
杯觴留客切
妓樂取人寬
雪鬢隨身老
雲心著處安
此中殊有味
試説向君看",80
2315,poem,2315,卷三十二,,,律詩,哭崔二十四常侍,,,2315,revised_jsonl_direct,2316,834,revised_jsonl,笺；旧唐书；惜落花赠崔二十四；祭崔常侍文；白氏文集；礼记；上留田；相和歌辞；效陶潜体诗十六首；自祭文,礼记,1,True,,0,False,1,8,"貂冠初别九重門
馬鬛新封四尺墳
薤露歌詞非白雪
旌銘官爵是浮雲
伯倫每置隨身鍤
元亮先爲自祭文
莫道高風無繼者
一千年内有崔君","哭崔二十四常侍貂冠初别九重門
馬鬛新封四尺墳
薤露歌詞非白雪
旌銘官爵是浮雲
伯倫每置隨身鍤
元亮先爲自祭文
莫道高風無繼者
一千年内有崔君",70
2316,poem,2316,卷三十二,,,律詩,奉酬侍中夏中雨後遊城南莊見示八韻,,,2316,revised_jsonl_direct,2317,834,revised_jsonl,笺；裴侍中晋公以集贤林亭即事诗二十六韵见赠猥蒙征和才拙词繁辄广为五百言以伸酬献；奉和裴令公新成午桥庄绿野堂即事；旧唐书；画竹歌；酬严十八郎中见示；史记；候仙亭同诸客醉坐；秘记；路史；汉纪；资暇录；玉篇；陈留志；礼记；释文；正义；汉；礼；野客丛书；盘中词；广韵；群经音辨；禄里先生训；抱朴子；世说新语；襄阳记,史记；礼记；汉；礼；抱朴子；襄阳记,6,True,,0,False,1,19,"島樹間林巒
雲收雨氣殘
四山嵐色重
五月水聲寒
老鶴兩三隻
新篁千萬竿
化成天竺寺
移得子陵灘
心覺閑彌貴
身緣健更歡
帝將風后待
人作謝公看
角音鹿里年雖老
高陽興未闌
佳辰不見召
爭免趁杯盤
來詩云
“何處趁杯盤
”","奉酬侍中夏中雨後遊城南莊見示八韻島樹間林巒
雲收雨氣殘
四山嵐色重
五月水聲寒
老鶴兩三隻
新篁千萬竿
化成天竺寺
移得子陵灘
心覺閑彌貴
身緣健更歡
帝將風后待
人作謝公看
角音鹿里年雖老
高陽興未闌
佳辰不見召
爭免趁杯盤
來詩云
“何處趁杯盤
”",126
2317,poem,2317,卷三十二,,,律詩,送兖州崔大夫駙馬赴鎮,,,2317,revised_jsonl_direct,2318,834,revised_jsonl,笺；旧唐书；樊南文集详注；左盦集；樊南文集详注书后；玉谿生年谱会笺；论语；论衡,论语；论衡,2,True,,0,False,1,4,"戚里誇爲賢駙馬
儒家認作好詩人
魯侯不得辜風景
沂水年年有暮春","送兖州崔大夫駙馬赴鎮戚里誇爲賢駙馬
儒家認作好詩人
魯侯不得辜風景
沂水年年有暮春",41
2318,poem,2318,卷三十二,,,律詩,少年問,,,2318,revised_jsonl_direct,2319,834,revised_jsonl,笺,,0,False,,0,False,1,4,"少年怪我問如何
何事朝朝醉復歌
號作樂天應不錯
憂愁時少樂時多","少年問少年怪我問如何
何事朝朝醉復歌
號作樂天應不錯
憂愁時少樂時多",34
2319,poem,2319,卷三十二,,,律詩,問少年,,,2319,revised_jsonl_direct,2320,834,revised_jsonl,笺,,0,False,,0,False,1,4,"千首詩堆青玉案
十分酒寫白金盂
迴頭却問諸年少
作个狂夫得了無","問少年千首詩堆青玉案
十分酒寫白金盂
迴頭却問諸年少
作个狂夫得了無",34
2320,poem,2320,卷三十二,,,律詩,代琵琶弟子謝女師曹供奉寄新調弄譜,,,2320,revised_jsonl_direct,2321,834,revised_jsonl,笺；唐代长安与西域文明；流寓长安之西域人；听曹刚琵琶兼示重莲；太平御览；乐纂；玉海；乐府杂录；海录碎事,,0,False,,0,False,1,10,"琵琶師在九重城
忽得書來喜且驚
一紙展看非舊譜
四絃翻出是新聲
蕤賓掩抑嬌多怨
散水玲瓏峭更清
珠顆淚霑金捍撥
紅妝弟子不勝情
蕤賓﹑散水
皆新調名","代琵琶弟子謝女師曹供奉寄新調弄譜琵琶師在九重城
忽得書來喜且驚
一紙展看非舊譜
四絃翻出是新聲
蕤賓掩抑嬌多怨
散水玲瓏峭更清
珠顆淚霑金捍撥
紅妝弟子不勝情
蕤賓﹑散水
皆新調名",90
2321,poem,2321,卷三十二,,,律詩,代林園戲贈,,,2321,revised_jsonl_direct,2322,834,revised_jsonl,笺；裴侍中晋公以集贤林亭即事诗二十六韵见赠猥蒙征和才拙词繁辄广为五百言以伸酬献,,0,False,,0,False,1,4,"南院今秋遊宴少
西坊近日往來頻
假如宰相池亭好
作客何如作主人","代林園戲贈南院今秋遊宴少
西坊近日往來頻
假如宰相池亭好
作客何如作主人",36
2322,poem,2322,卷三十二,,,律詩,戲答林園,,,2322,revised_jsonl_direct,2323,834,revised_jsonl,笺,,0,False,,0,False,1,4,"豈獨西坊來往頻
偷閑處處作遊人
衡門雖是棲遲地
不可終朝鎖老身","戲答林園豈獨西坊來往頻
偷閑處處作遊人
衡門雖是棲遲地
不可終朝鎖老身",35
2323,poem,2323,卷三十二,,,律詩,重戲贈,,,2323,revised_jsonl_direct,2324,834,revised_jsonl,笺,,0,False,,0,False,1,4,"集賢池館從他盛
履道林亭勿自輕
往往歸來嫌窄小
年年爲主莫無情","重戲贈集賢池館從他盛
履道林亭勿自輕
往往歸來嫌窄小
年年爲主莫無情",34
2324,poem,2324,卷三十二,,,律詩,重戲答,,,2324,revised_jsonl_direct,2325,834,revised_jsonl,笺,,0,False,,0,False,1,4,"小水低亭自可親
大池高館不關身
林園莫妬裴家好
憎故憐新豈是人","重戲答小水低亭自可親
大池高館不關身
林園莫妬裴家好
憎故憐新豈是人",34
2325,poem,2325,卷三十二,,,律詩,早秋登天宮寺閣贈諸客,,,2325,revised_jsonl_direct,2326,834,revised_jsonl,笺；登天宫阁；同诸公秋霁曲江俯见南山,,0,False,,0,False,1,4,"天宮閣上醉蕭辰
絲管閑聽酒慢巡
爲向凉風清景道
今朝屬我兩三人","早秋登天宮寺閣贈諸客天宮閣上醉蕭辰
絲管閑聽酒慢巡
爲向凉風清景道
今朝屬我兩三人",41
2326,poem,2326,卷三十二,,,律詩,曉上天津橋閑望偶逢盧郎中張員外攜酒同傾,,,2326,revised_jsonl_direct,2327,834,revised_jsonl,笺；和友人洛中春感；天津桥；旧唐书；开成二年三月三日河南尹李待价以人和岁稔将禊于洛滨,,0,False,,0,False,1,8,"上陽宮裏曉鍾後
天津橋頭殘月前
空闊境疑非下界
飄颻身似在寥天
星河隱映初生日
樓閣葱蘢半出煙
此處相逢傾一盞
始知地上有神仙","曉上天津橋閑望偶逢盧郎中張員外攜酒同傾上陽宮裏曉鍾後
天津橋頭殘月前
空闊境疑非下界
飄颻身似在寥天
星河隱映初生日
樓閣葱蘢半出煙
此處相逢傾一盞
始知地上有神仙",82
2327,poem,2327,卷三十二,,,律詩,八月十五日夜同諸客玩月,,,2327,revised_jsonl_direct,2328,834,revised_jsonl,笺,,0,False,,0,False,1,8,"月好共傳唯此夜
境閑皆道是東都
嵩山表裏千重雪
洛水高低兩顆珠
清景難逢宜愛惜
白頭相勸强歡娛
誠知亦有來年會
保得晴明强健無","八月十五日夜同諸客玩月月好共傳唯此夜
境閑皆道是東都
嵩山表裏千重雪
洛水高低兩顆珠
清景難逢宜愛惜
白頭相勸强歡娛
誠知亦有來年會
保得晴明强健無",74
2328,poem,2328,卷三十二,,,律詩,對晚開夜合花贈皇甫郎中,,,2328,revised_jsonl_direct,2329,834,revised_jsonl,笺；池上清晨候皇甫郎中,,0,False,,0,False,1,8,"移晚校一月
花遲過半年
紅開杪秋日
翠合欲昏天
白露滴不死
凉風吹更鮮
後時誰肯顧
唯我與君憐","對晚開夜合花贈皇甫郎中移晚校一月
花遲過半年
紅開杪秋日
翠合欲昏天
白露滴不死
凉風吹更鮮
後時誰肯顧
唯我與君憐",58
2329,poem,2329,卷三十二,,,律詩,醉遊平泉,,,2329,revised_jsonl_direct,2330,834,revised_jsonl,笺；秋游平泉赠韦处士闲禅师,,0,False,,0,False,1,4,"狂歌箕踞酒樽前
眼不看人面向天
洛客最閑唯有我
一年四度到平泉","醉遊平泉狂歌箕踞酒樽前
眼不看人面向天
洛客最閑唯有我
一年四度到平泉",35
2330,poem,2330,卷三十二,,,律詩,題贈平泉韋徵君拾遺,,,2330,revised_jsonl_direct,2331,834,revised_jsonl,笺；赠韦处士六年夏大热旱；因严亭；见萧侍御忆旧山草堂诗因以继和,,0,False,,0,False,1,8,"箕潁千年後
唯君得古風
位留丹陛上
身入白雲中
躁靜心相背
高低跡不同
籠雞與梁燕
不信有冥鴻","題贈平泉韋徵君拾遺箕潁千年後
唯君得古風
位留丹陛上
身入白雲中
躁靜心相背
高低跡不同
籠雞與梁燕
不信有冥鴻",56
2331,poem,2331,卷三十二,,,律詩,酬皇甫郎中對新菊花見憶,,,2331,revised_jsonl_direct,2332,834,revised_jsonl,笺；池上清晨候皇甫郎中；八月十五夜闻崔大员外翰林独直对酒玩月因怀禁中清景偶题是诗,,0,False,,0,False,1,8,"愛菊高人吟逸韻
悲秋病客感衰懷
黄花助興方攜酒
紅葉添愁正滿階
居士葷腥今已斷
仙郎杯杓爲誰排
愧君相憶東籬下
擬廢重陽一日齋","酬皇甫郎中對新菊花見憶愛菊高人吟逸韻
悲秋病客感衰懷
黄花助興方攜酒
紅葉添愁正滿階
居士葷腥今已斷
仙郎杯杓爲誰排
愧君相憶東籬下
擬廢重陽一日齋",74
2332,poem,2332,卷三十二,,,律詩,夜宴醉後留獻裴侍中,,,2332,revised_jsonl_direct,2333,834,revised_jsonl,笺；奉酬侍中夏中雨后游城南庄见示八韵；唐摭言；杨柳枝词；候仙亭同诸客醉坐,,0,False,,0,False,1,8,"九燭臺前十二姝
主人留醉任歡娛
翩翻舞袖雙飛蝶
宛轉歌聲一索珠
坐久欲醒還酩酊
夜深初散又踟躕
南山賓客東山妓
此會人間曾有無","夜宴醉後留獻裴侍中九燭臺前十二姝
主人留醉任歡娛
翩翻舞袖雙飛蝶
宛轉歌聲一索珠
坐久欲醒還酩酊
夜深初散又踟躕
南山賓客東山妓
此會人間曾有無",72
2333,poem,2333,卷三十二,,,律詩,和韋庶子遠坊赴宴未夜先歸之作兼呈裴員外,,,2333,revised_jsonl_direct,2334,834,revised_jsonl,笺；初夏闲吟兼呈韦宾客；开成二年三月三日河南尹李待价以人和岁稔将禊于洛滨；杨柳枝词八首；卢侍御小妓乞诗座上留赠,,0,False,,0,False,1,8,"促席留歡日未曛
遠坊歸思已紛紛
無妨按轡行乘月
何必逃杯走似雲
銀燭忍抛楊柳曲
金鞍潛送石榴裙
到時常晚歸時早
笑樂三分校一分","和韋庶子遠坊赴宴未夜先歸之作兼呈裴員外促席留歡日未曛
遠坊歸思已紛紛
無妨按轡行乘月
何必逃杯走似雲
銀燭忍抛楊柳曲
金鞍潛送石榴裙
到時常晚歸時早
笑樂三分校一分",82
2334,poem,2334,卷三十二,,,律詩,集賢池答侍中問,,,2334,revised_jsonl_direct,2335,834,revised_jsonl,笺；裴侍中晋公以集贤林亭即事诗二十六韵见赠猥蒙征和才拙词繁辄广为五百言以伸酬献；奉酬侍中夏中雨后游城南庄见示八韵,,0,False,,0,False,1,4,"主人晚入皇城宿
問客徘徊何所須
池月幸閑無用處
今宵能借客遊無","集賢池答侍中問主人晚入皇城宿
問客徘徊何所須
池月幸閑無用處
今宵能借客遊無",38
2335,poem,2335,卷三十二,,,律詩,楊柳枝二十韻,,,2335,revised_jsonl_direct,2336,834,revised_jsonl,笺；杨柳枝词八首；柘枝妓；胡旋女；诗；世说新语；杨柳枝；王中丞宅夜观舞胡腾；观杭州柘枝；答姨兄胡灵之见寄五十韵；江南闻新曲；词源；降黄龙；花十六；三台；和友人洛中春感；杏园中枣树；琵琶引,诗,1,True,,0,False,1,40,"小妓攜桃葉
新歌蹋柳枝
妝成剪燭後
醉起拂衫時
繡履嬌行緩
花筵笑上遲
身輕委迴雪
羅薄透凝脂
笙引簧頻煖
箏催柱數移
樂童翻怨調
才子與妍詞
便想人如樹
先將髮比絲
風條摇兩帶
烟葉帖雙眉
口動櫻桃破
鬟低翡翠垂
枝柔腰嫋娜
荑嫩手葳蕤
唳鶴晴呼侶
哀猿夜叫兒
玉敲音歷歷
珠貫字纍纍
袖爲收聲點
釵因赴節遺
重重遍頭别
一一拍心知
塞北愁攀折
江南苦别離
黄遮金谷岸
綠映杏園池
春惜芳華好
秋憐顔色衰
取來歌裏唱
勝向笛中吹
曲罷那能别
情多不自持
纏頭無别物
一首斷腸詩","楊柳枝二十韻小妓攜桃葉
新歌蹋柳枝
妝成剪燭後
醉起拂衫時
繡履嬌行緩
花筵笑上遲
身輕委迴雪
羅薄透凝脂
笙引簧頻煖
箏催柱數移
樂童翻怨調
才子與妍詞
便想人如樹
先將髮比絲
風條摇兩帶
烟葉帖雙眉
口動櫻桃破
鬟低翡翠垂
枝柔腰嫋娜
荑嫩手葳蕤
唳鶴晴呼侶
哀猿夜叫兒
玉敲音歷歷
珠貫字纍纍
袖爲收聲點
釵因赴節遺
重重遍頭别
一一拍心知
塞北愁攀折
江南苦别離
黄遮金谷岸
綠映杏園池
春惜芳華好
秋憐顔色衰
取來歌裏唱
勝向笛中吹
曲罷那能别
情多不自持
纏頭無别物
一首斷腸詩",245
2336,poem,2336,卷三十二,,,律詩,答皇甫十郎中秋深酒熟見憶,,,2336,revised_jsonl_direct,2337,834,revised_jsonl,笺；池上清晨候皇甫郎中；蔷薇正开春酒初熟因招刘十九张大崔二十四同饮；效陶潜体诗十六首；左传；早饮湖州酒寄崔使君,左传,1,True,,0,False,1,12,"煙景冷蒼茫
秋深夜夜霜
爲思池上酌
先覺甕頭香
未暇傾巾漉
還應染指嘗
醍醐慚氣味
虎魄讓晶光
若許陪歌席
須容散道場
月終齋戒畢
猶及菊花黄","答皇甫十郎中秋深酒熟見憶煙景冷蒼茫
秋深夜夜霜
爲思池上酌
先覺甕頭香
未暇傾巾漉
還應染指嘗
醍醐慚氣味
虎魄讓晶光
若許陪歌席
須容散道場
月終齋戒畢
猶及菊花黄",83
2337,poem,2337,卷三十二,,,律詩,老去,,,2337,revised_jsonl_direct,2338,834,revised_jsonl,笺；淮南子；赠杓直；易,淮南子；易,2,True,,0,False,1,8,"老去愧妻兒
冬來有勸詞
煖寒從飲酒
衝冷少吟詩
戰勝心還壯
齋勤體校羸
由來世間法
損益合相隨","老去老去愧妻兒
冬來有勸詞
煖寒從飲酒
衝冷少吟詩
戰勝心還壯
齋勤體校羸
由來世間法
損益合相隨",49
2338,poem,2338,卷三十二,,,律詩,送宗實上人遊江南,,,2338,revised_jsonl_direct,2339,834,revised_jsonl,笺；宗实上人；华严经,,0,False,,0,False,1,4,"忽辭洛下緣何事
擬向江南住幾時
每過渡頭傷問法
無妨菩薩是船師","送宗實上人遊江南忽辭洛下緣何事
擬向江南住幾時
每過渡頭傷問法
無妨菩薩是船師",39
2339,poem,2339,卷三十二,,,律詩,和同州楊侍郎誇柘枝見寄,,,2339,revised_jsonl_direct,2340,834,revised_jsonl,笺；睡后茶兴忆杨同州；房家夜宴喜雪戏赠主人；旧唐书,,0,False,,0,False,1,4,"細吟馮翊使君詩
憶作餘杭太守時
君有一般輸我事
柘枝看校十年遲","和同州楊侍郎誇柘枝見寄細吟馮翊使君詩
憶作餘杭太守時
君有一般輸我事
柘枝看校十年遲",42
2340,poem,2340,卷三十二,,,律詩,冬初酒熟二首其一,,,2340,revised_jsonl_direct,2341,834,revised_jsonl,笺,,0,False,,0,False,1,8,"霜繁脆庭柳
風利剪池荷
月色曉彌苦
烏聲寒更多
秋懷久寥落
冬計又如何
一甕新醅酒
萍浮春水波","冬初酒熟二首其一霜繁脆庭柳
風利剪池荷
月色曉彌苦
烏聲寒更多
秋懷久寥落
冬計又如何
一甕新醅酒
萍浮春水波",55
2341,poem,2341,卷三十二,,,律詩,冬初酒熟二首其二,,,2341,revised_jsonl_direct,2342,,revised_jsonl,独酌谣；对镜；题赠郑秘书征君石沟溪隐居,,0,False,,0,False,1,8,"酒熟無來客
因成獨酌謡
人間老黄綺
地上散松喬
忽忽醒還醉
悠悠暮復朝
殘年多少在
盡付此中銷","冬初酒熟二首其二酒熟無來客
因成獨酌謡
人間老黄綺
地上散松喬
忽忽醒還醉
悠悠暮復朝
殘年多少在
盡付此中銷",55
2342,poem,2342,卷三十二,,,律詩,送姚杭州赴任因思舊遊二首其一,,,2342,revised_jsonl_direct,2343,835,revised_jsonl,笺；郡斋读书志；李公夫人吴兴姚氏墓志跋；唐集质疑；送裴大夫赴亳州；汝州举裴大夫自代状；汝州谢上表；自代状；谢上表；唐才子传校笺；姚合,,0,False,,0,False,1,8,"與君細話杭州事
爲我留心莫等閑
閭里固宜勤撫恤
樓臺亦要數躋攀
笙歌縹緲虛空裏
風月依稀夢想間
且喜詩人重管領
遥飛一盞賀江山","送姚杭州赴任因思舊遊二首其一與君細話杭州事
爲我留心莫等閑
閭里固宜勤撫恤
樓臺亦要數躋攀
笙歌縹緲虛空裏
風月依稀夢想間
且喜詩人重管領
遥飛一盞賀江山",77
2343,poem,2343,卷三十二,,,律詩,送姚杭州赴任因思舊遊二首其二,,,2343,revised_jsonl_direct,2344,,revised_jsonl,画竹歌；杭州春望,,0,False,,0,False,1,9,"渺渺錢唐路幾千
想君到後事依然
靜逢竺寺猿偷橘
閑看蘇家女採蓮
故妓數人憑問訊
新詩兩首倩留傳
舍人雖健無多興
老校當時八九年
杭民至今呼余爲白舍人","送姚杭州赴任因思舊遊二首其二渺渺錢唐路幾千
想君到後事依然
靜逢竺寺猿偷橘
閑看蘇家女採蓮
故妓數人憑問訊
新詩兩首倩留傳
舍人雖健無多興
老校當時八九年
杭民至今呼余爲白舍人",88
2344,poem,2344,卷三十二,,,律詩,寄李相公,,,2344,revised_jsonl_direct,2345,835,revised_jsonl,笺；早冬游王屋自灵都抵阳台上方望天坛偶吟成章寄温谷周尊师中书李相公；旧唐书,,0,False,,0,False,1,4,"漸老只謀歡
雖貧不要官
唯求造化力
試爲駐春看","寄李相公漸老只謀歡
雖貧不要官
唯求造化力
試爲駐春看",27
2345,poem,2345,卷三十二,,,律詩,冬日平泉路晚歸,,,2345,revised_jsonl_direct,2346,834,revised_jsonl,笺；醉游平泉,,0,False,,0,False,1,4,"山路難行日易斜
煙村霜樹欲棲鵶
夜歸不到應閑事
熱飲三杯即是家","冬日平泉路晚歸山路難行日易斜
煙村霜樹欲棲鵶
夜歸不到應閑事
熱飲三杯即是家",38
2346,poem,2346,卷三十二,,,律詩,利仁北街作,,,2346,revised_jsonl_direct,2347,835,revised_jsonl,笺；唐两京城坊考；唐故通议大夫和州刺史吴郡张公神道碑铭；白氏文集,,0,False,,0,False,1,4,"草色斑斑春雨晴
利仁坊北面西行
踟躕立馬緣何事
認得張家歌吹聲","利仁北街作草色斑斑春雨晴
利仁坊北面西行
踟躕立馬緣何事
認得張家歌吹聲",36
2347,poem,2347,卷三十二,,,律詩,洛陽堰閑行,,,2347,revised_jsonl_direct,2348,835,revised_jsonl,笺；邵氏闻见录；永乐大典；河南志；唐两京城坊考,,0,False,,0,False,1,4,"洛陽堰上新晴日
長夏門前欲暮春
遇酒即沽逢樹歇
七年此地作閑人","洛陽堰閑行洛陽堰上新晴日
長夏門前欲暮春
遇酒即沽逢樹歇
七年此地作閑人",36
2348,poem,2348,卷三十二,,,律詩,過永寧,,,2348,revised_jsonl_direct,2349,835,revised_jsonl,笺；旧唐书,,0,False,,0,False,1,4,"村杏野桃繁似雪
行人不醉爲誰開
賴逢山縣盧明府
引我花前勸一杯","過永寧村杏野桃繁似雪
行人不醉爲誰開
賴逢山縣盧明府
引我花前勸一杯",34
2349,poem,2349,卷三十二,,,律詩,往年稠桑驛曾喪白馬題詩廳壁今來尚存又復感懷更題絶句,,,2349,revised_jsonl_direct,2350,835,revised_jsonl,笺；有小白马乘驭多时奉使东行至稠桑驿溘然而毙足可惊伤不能忘情题二十韵,,0,False,,0,False,1,4,"路傍埋骨蒿草合
壁上題詩塵蘚生
馬死七年猶悵望
自知無乃太多情","往年稠桑驛曾喪白馬題詩廳壁今來尚存又復感懷更題絶句路傍埋骨蒿草合
壁上題詩塵蘚生
馬死七年猶悵望
自知無乃太多情",56
2350,poem,2350,卷三十二,,,律詩,羅敷水,,,2350,revised_jsonl_direct,2351,835,revised_jsonl,笺；过敷水,,0,False,,0,False,1,4,"野店東頭花落處
一條流水號羅敷
芳魂艷骨知何在
春草茫茫墓亦無","羅敷水野店東頭花落處
一條流水號羅敷
芳魂艷骨知何在
春草茫茫墓亦無",34
2351,poem,2351,卷三十二,,,律詩,路逢青州王大夫赴鎮立馬贈别,,,2351,revised_jsonl_direct,2352,835,revised_jsonl,笺；唐故监察御史赠尚书右仆射王公神道碑铭；旧唐书；凉公从叔春祭广利王庙；送樊琯司业归朝,,0,False,,0,False,1,11,"火旆擁金羈
書生得者稀
何勞問官職
豈不見光輝
赫赫人爭看
翩翩馬欲飛
不欺前歲尹
駐節語依依
前年春
予爲河南尹
王爲少尹","路逢青州王大夫赴鎮立馬贈别火旆擁金羈
書生得者稀
何勞問官職
豈不見光輝
赫赫人爭看
翩翩馬欲飛
不欺前歲尹
駐節語依依
前年春
予爲河南尹
王爲少尹",75
2352,poem,2352,卷三十二,,,律詩,宿酲,,,2352,revised_jsonl_direct,2353,835,revised_jsonl,笺；裴侍中晋公以集贤林亭即事诗二十六韵见赠猥蒙征和才拙词繁辄广为五百言以伸酬献,,0,False,,0,False,1,8,"夜飲歸常晚
朝眠起更遲
舉頭中酒後
引手索茶時
拂枕青長袖
欹簪白接䍦
宿酲無興味
先是肺神知","宿酲夜飲歸常晚
朝眠起更遲
舉頭中酒後
引手索茶時
拂枕青長袖
欹簪白接䍦
宿酲無興味
先是肺神知",49
2353,poem,2353,卷三十二,,,律詩,和劉汝州酬侍中見寄長句因書集賢坊勝事戲而問之,,,2353,revised_jsonl_direct,2354,835,revised_jsonl,笺；汝洛集引；汝州谢上表；旧唐书；奉酬侍中夏中雨后游城南庄见示八韵；题周皓大夫新亭子二十二韵,,0,False,,0,False,1,10,"洛川汝海封畿接
履道集賢來往頻
一復時程雖不遠
百餘步地更相親
汝去洛程一宿
履道﹑集賢兩宅相去一百三十步
朱門陪宴多投轄
青眼留歡任吐茵
聞道郡齋還有酒
風前月下對何人","和劉汝州酬侍中見寄長句因書集賢坊勝事戲而問之洛川汝海封畿接
履道集賢來往頻
一復時程雖不遠
百餘步地更相親
汝去洛程一宿
履道﹑集賢兩宅相去一百三十步
朱門陪宴多投轄
青眼留歡任吐茵
聞道郡齋還有酒
風前月下對何人",107
2354,poem,2354,卷三十二,,,律詩,池上二絶其一,,,2354,revised_jsonl_direct,2355,835,revised_jsonl,笺,,0,False,,0,False,1,4,"山僧對棋坐
局上竹陰清
映竹無人見
時聞下子聲","池上二絶其一山僧對棋坐
局上竹陰清
映竹無人見
時聞下子聲",29
2355,poem,2355,卷三十二,,,律詩,池上二絶其二,,,2355,revised_jsonl_direct,2356,,revised_jsonl,,,0,False,,0,False,1,4,"小娃撐小艇
偷採白蓮迴
不解藏蹤跡
浮萍一道開","池上二絶其二小娃撐小艇
偷採白蓮迴
不解藏蹤跡
浮萍一道開",29
2356,poem,2356,卷三十二,,,律詩,白羽扇,,,2356,revised_jsonl_direct,2357,835,revised_jsonl,笺；世说新语,,0,False,,0,False,1,12,"素是自然色
圓因裁製功
颯如松起籟
飄似鶴翻空
盛夏不銷雪
終年無盡風
引秋生手裏
藏月入懷中
麈尾斑非疋
蒲葵陋不同
何人稱相對
清瘦白鬚翁","白羽扇素是自然色
圓因裁製功
颯如松起籟
飄似鶴翻空
盛夏不銷雪
終年無盡風
引秋生手裏
藏月入懷中
麈尾斑非疋
蒲葵陋不同
何人稱相對
清瘦白鬚翁",74
2357,poem,2357,卷三十二,,,律詩,五月齋戒罷宴撤樂聞韋賓客皇甫郎中飲會亦稀又知欲攜酒饌出齋先以長句呈謝,,,2357,revised_jsonl_direct,2358,835,revised_jsonl,笺；初夏闲吟兼呈韦宾客；池上清晨候皇甫郎中；世说新语；续晋阳秋,,0,False,,0,False,1,8,"妓房匣鏡滿紅埃
酒庫封瓶生綠苔
居士爾時緣護戒
車公何事亦停杯
散齋香火今朝散
開素盤筵後日開
隨意往還君莫怪
坐禪僧去飲徒來","五月齋戒罷宴撤樂聞韋賓客皇甫郎中飲會亦稀又知欲攜酒饌出齋先以長句呈謝妓房匣鏡滿紅埃
酒庫封瓶生綠苔
居士爾時緣護戒
車公何事亦停杯
散齋香火今朝散
開素盤筵後日開
隨意往還君莫怪
坐禪僧去飲徒來",97
2358,poem,2358,卷三十二,,,律詩,閑園獨賞,,,2358,revised_jsonl_direct,2359,835,revised_jsonl,笺；南柯太守传；太平广记；异闻集；淳于棼；唐国史补；鸡眼；苗登；南柯太守；山堂肆考；青陵台；搜神记；太平御览；韩朋赋；格致镜原；阴阳变化录；喻道论；反鲍明远白头吟；楞严经,搜神记,1,True,,0,False,1,16,"午後郊園靜
晴來景物新
雨添山氣色
風借水精神
永日若爲度
獨遊何所親
仙禽狎君子
芳樹倚佳人
蟻鬭王爭穴
蝸移舍逐身
蝶雙知伉儷
蜂分見君臣
蠢蠕形雖小
逍遥性即均
不知鵬與鷃
相去幾微塵","閑園獨賞午後郊園靜
晴來景物新
雨添山氣色
風借水精神
永日若爲度
獨遊何所親
仙禽狎君子
芳樹倚佳人
蟻鬭王爭穴
蝸移舍逐身
蝶雙知伉儷
蜂分見君臣
蠢蠕形雖小
逍遥性即均
不知鵬與鷃
相去幾微塵",99
2359,poem,2359,卷三十二,,,律詩,種柳三詠其一,,,2359,revised_jsonl_direct,2360,835,revised_jsonl,笺；暮归,,0,False,,0,False,1,6,"白頭種松桂
早晚見成林
不及栽楊柳
明年便有陰
春風爲催促
副取老人心","種柳三詠其一白頭種松桂
早晚見成林
不及栽楊柳
明年便有陰
春風爲催促
副取老人心",41
2360,poem,2360,卷三十二,,,律詩,種柳三詠其二,,,2360,revised_jsonl_direct,2361,,revised_jsonl,不准拟二首,,0,False,,0,False,1,6,"從君種楊柳
夾水意如何
准擬三年後
青絲拂綠波
仍教小樓上
對唱楊枝歌","種柳三詠其二從君種楊柳
夾水意如何
准擬三年後
青絲拂綠波
仍教小樓上
對唱楊枝歌",41
2361,poem,2361,卷三十二,,,律詩,種柳三詠其三,,,2361,revised_jsonl_direct,2362,,revised_jsonl,山石榴寄元九；西溪丛语,,0,False,,0,False,1,6,"更想五年後
千千條麴塵
路旁深映月
樓上闇藏春
愁殺閑遊客
聞歌不見人","種柳三詠其三更想五年後
千千條麴塵
路旁深映月
樓上闇藏春
愁殺閑遊客
聞歌不見人",41
2362,poem,2362,卷三十二,,,律詩,偶吟,,,2362,revised_jsonl_direct,2363,835,revised_jsonl,笺；旧唐书；唐方镇年表,,0,False,,0,False,1,8,"好官病免曾三度
散地歸休已七年
老自退閑非世棄
貧蒙强健是天憐
韋荆南去留春服
王侍中來乞酒錢
便得一年生計足
與君美食復甘眠","偶吟好官病免曾三度
散地歸休已七年
老自退閑非世棄
貧蒙强健是天憐
韋荆南去留春服
王侍中來乞酒錢
便得一年生計足
與君美食復甘眠",65
2363,poem,2363,卷三十二,,,律詩,池上即事,,,2363,revised_jsonl_direct,2364,835,revised_jsonl,笺,,0,False,,0,False,1,8,"移牀避日依松竹
解帶當風掛薜蘿
鈿砌池心綠蘋合
粉開花面白蓮多
久陰新霽宜絲管
苦熱初凉入綺羅
家醖瓶空人客絶
今宵爭奈月明何","池上即事移牀避日依松竹
解帶當風掛薜蘿
鈿砌池心綠蘋合
粉開花面白蓮多
久陰新霽宜絲管
苦熱初凉入綺羅
家醖瓶空人客絶
今宵爭奈月明何",67
2364,poem,2364,卷三十二,,,律詩,南塘暝興,,,2364,revised_jsonl_direct,2365,835,revised_jsonl,笺,,0,False,,0,False,1,8,"水色昏猶白
霞光暗漸無
風荷摇破扇
波月動連珠
蟋蟀啼相應
鴛鴦宿不孤
小僮頻報夜
歸步尚踟躕","南塘暝興水色昏猶白
霞光暗漸無
風荷摇破扇
波月動連珠
蟋蟀啼相應
鴛鴦宿不孤
小僮頻報夜
歸步尚踟躕",51
2365,poem,2365,卷三十二,,,律詩,小宅,,,2365,revised_jsonl_direct,2366,835,revised_jsonl,笺；小园赋；五柳先生传,,0,False,,0,False,1,8,"小宅里閭接
疏籬雞犬通
渠分南港水
窗借北家風
庾信園殊小
陶潛屋不豐
何勞問寬窄
寬窄在心中","小宅小宅里閭接
疏籬雞犬通
渠分南港水
窗借北家風
庾信園殊小
陶潛屋不豐
何勞問寬窄
寬窄在心中",49
2366,poem,2366,卷三十二,,,律詩,諭親友,,,2366,revised_jsonl_direct,2367,835,revised_jsonl,笺,,0,False,,0,False,1,8,"適情處處皆安樂
大底園林勝市朝
煩鬧榮華猶易過
優閑福祿更難銷
自憐老大宜疏散
却被交親歎寂寥
終日相逢不相見
兩心相去一何遥","諭親友適情處處皆安樂
大底園林勝市朝
煩鬧榮華猶易過
優閑福祿更難銷
自憐老大宜疏散
却被交親歎寂寥
終日相逢不相見
兩心相去一何遥",66
2367,poem,2367,卷三十二,,,律詩,龍門送别皇甫澤州赴任韋山人南遊,,,2367,revised_jsonl_direct,2368,835,revised_jsonl,笺；唐文续拾；金刚经幢记；题赠平泉韦征君拾遗；和微之春日投简阳明洞天五十韵,,0,False,,0,False,1,4,"隼旟歸洛知何日
鶴駕還嵩莫過春
惆悵香山雲水冷
明朝便是獨遊人","龍門送别皇甫澤州赴任韋山人南遊隼旟歸洛知何日
鶴駕還嵩莫過春
惆悵香山雲水冷
明朝便是獨遊人",46
2368,poem,2368,卷三十二,,,律詩,劉蘇州寄釀酒糯米李浙東寄楊柳枝舞衫偶因嘗酒試衫輒成長句寄謝之,,,2368,revised_jsonl_direct,2369,834,revised_jsonl,笺；喜刘苏州恩赐金紫遥想贺宴以诗庆之；酬乐天衫酒见寄；醉送李二十常侍赴镇浙东；蓝田刘明府携酎相过与皇甫郎中卯时同饮醉后赠之；房家夜宴喜雪戏赠主人；晋书；看常州柘枝赠贾使君；何处难忘酒七首,晋书,1,True,,0,False,1,8,"柳枝慢踏試雙袖
桑落初香嘗一杯
金屑醅濃吳米釀
銀泥衫穩越娃裁
舞時已覺愁眉展
醉後仍教笑口開
慚愧故人憐寂寞
三千里外寄歡來","劉蘇州寄釀酒糯米李浙東寄楊柳枝舞衫偶因嘗酒試衫輒成長句寄謝之柳枝慢踏試雙袖
桑落初香嘗一杯
金屑醅濃吳米釀
銀泥衫穩越娃裁
舞時已覺愁眉展
醉後仍教笑口開
慚愧故人憐寂寞
三千里外寄歡來",93
2369,poem,2369,卷三十二,,,律詩,詔授同州刺史病不赴任因詠所懷,,,2369,revised_jsonl_direct,2370,835,revised_jsonl,笺；旧唐书；谱；和答诗十首,,0,False,,0,False,1,16,"同州慵不去
此意復誰知
誠愛俸錢厚
其如身力衰
可憐病判案
何似醉吟詩
勞逸懸相遠
行藏決不疑
徒煩人勸諫
只合自尋思
白髮來無限
青山去有期
野心唯怕鬧
家口莫愁飢
賣却新昌宅
聊充送老資","詔授同州刺史病不赴任因詠所懷同州慵不去
此意復誰知
誠愛俸錢厚
其如身力衰
可憐病判案
何似醉吟詩
勞逸懸相遠
行藏決不疑
徒煩人勸諫
只合自尋思
白髮來無限
青山去有期
野心唯怕鬧
家口莫愁飢
賣却新昌宅
聊充送老資",109
2370,poem,2370,卷三十二,,,律詩,寄楊六侍郎,,,2370,revised_jsonl_direct,2371,835,revised_jsonl,笺；和同州杨侍郎夸柘枝见寄；晋书,晋书,1,True,,0,False,1,4,"西户最榮君好去
左馮雖穩我慵來
秋風一筯鱸魚鱠
張翰摇頭喚不迴","寄楊六侍郎西户最榮君好去
左馮雖穩我慵來
秋風一筯鱸魚鱠
張翰摇頭喚不迴",36
2371,poem,2371,卷三十二,,,律詩,韋七自太子賓客再除秘書監以長句賀而餞之,,,2371,revised_jsonl_direct,2372,835,revised_jsonl,笺；初夏闲吟兼呈韦宾客；答四皓庙；西明寺牡丹花时忆元九；因话录,,0,False,,0,False,1,8,"離筵莫愴且同歡
共賀新恩拜舊官
屈就商山伴麋鹿
好歸芸閣狎鵷鸞
落星石上蒼苔古
畫鶴廳前白露寒
老監姓名應在壁
相思試爲拂塵看","韋七自太子賓客再除秘書監以長句賀而餞之離筵莫愴且同歡
共賀新恩拜舊官
屈就商山伴麋鹿
好歸芸閣狎鵷鸞
落星石上蒼苔古
畫鶴廳前白露寒
老監姓名應在壁
相思試爲拂塵看",82
2372,poem,2372,卷三十二,,,律詩,酒熟憶皇甫十,,,2372,revised_jsonl_direct,2373,835,revised_jsonl,笺；龙门送别皇甫泽州赴任韦山人南游；和友人洛中春感；酬思黯相公见过弊居戏赠,,0,False,,0,False,1,8,"新酒此時熟
故人何日來
自從金谷别
不見玉山頽
疏索柳花盌
寂寥荷葉杯
今冬問氊帳
雪裏爲誰開","酒熟憶皇甫十新酒此時熟
故人何日來
自從金谷别
不見玉山頽
疏索柳花盌
寂寥荷葉杯
今冬問氊帳
雪裏爲誰開",53
2373,poem,2373,卷三十二,,,律詩,九年十一月二十一日感事而作,,,2373,revised_jsonl_direct,2374,835,revised_jsonl,谱；笺；咏史；香山寺石楼潭夜浴；世说新语；金谷集诗；贬南巴至鄱阳题李嘉祐江亭；咏慵；史记；神仙传；太平御览；东南行一百韵寄通州元九侍御澧州李十一舍人果州崔二十二使君开州韦大员外庾三十二补阙杜十四拾遗李二十助教员外窦七校书；自咏；诗话总龜；懒真子；游玉泉寺；左氏；列仙传；避暑录话；东坡志林；二十日独游香山感事,史记；神仙传；列仙传,3,True,,0,False,1,8,"禍福茫茫不可期
大都早退似先知
當君白首同歸日
是我青山獨往時
顧索素琴應不暇
憶牽黄犬定難追
麒麟作脯龍爲醢
何似泥中曳尾龜","九年十一月二十一日感事而作禍福茫茫不可期
大都早退似先知
當君白首同歸日
是我青山獨往時
顧索素琴應不暇
憶牽黄犬定難追
麒麟作脯龍爲醢
何似泥中曳尾龜",76
2374,poem,2374,卷三十二,,,律詩,即事重題,,,2374,revised_jsonl_direct,2375,835,revised_jsonl,谱；笺,,0,False,,0,False,1,4,"重裘煖帽寬氊履
小閣低窗深地爐
身穩心安眠未起
西京朝士得知無","即事重題重裘煖帽寬氊履
小閣低窗深地爐
身穩心安眠未起
西京朝士得知無",35
2375,poem,2375,卷三十二,,,律詩,將歸渭村先寄舍弟,,,2375,revised_jsonl_direct,2376,835,revised_jsonl,笺；后汉书；湖亭与行简宿,后汉书,1,True,,0,False,1,8,"一年年覺此身衰
一日日知前事非
詠月嘲花先要減
登山臨水亦宜稀
子平嫁娶貧中畢
元亮田園醉裏歸
爲報阿連寒食下
與吾釀酒掃柴扉","將歸渭村先寄舍弟一年年覺此身衰
一日日知前事非
詠月嘲花先要減
登山臨水亦宜稀
子平嫁娶貧中畢
元亮田園醉裏歸
爲報阿連寒食下
與吾釀酒掃柴扉",71
2376,poem,2376,卷三十二,,,律詩,看嵩洛有歎,,,2376,revised_jsonl_direct,2377,835,revised_jsonl,笺,,0,False,,0,False,1,8,"今日看嵩洛
迴頭歎世間
榮華急如水
憂患大於山
見苦方知樂
經忙始愛閑
未聞籠裏鳥
飛出肯飛還","看嵩洛有歎今日看嵩洛
迴頭歎世間
榮華急如水
憂患大於山
見苦方知樂
經忙始愛閑
未聞籠裏鳥
飛出肯飛還",52
2377,poem,2377,卷三十二,,,律詩,詠懷,,,2377,revised_jsonl_direct,2378,835,revised_jsonl,笺；将归渭村先寄舍弟；弄龜罗；九江春望,,0,False,,0,False,1,10,"隨緣逐處便安閑
不住朝廷不入山
心似虛舟浮水上
身同宿鳥寄林間
尚平婚嫁了無累
馮翊符章封却還
時阿羅初嫁
及同州官吏放歸
處分貧家殘活計
匹如身後莫相關","詠懷隨緣逐處便安閑
不住朝廷不入山
心似虛舟浮水上
身同宿鳥寄林間
尚平婚嫁了無累
馮翊符章封却還
時阿羅初嫁
及同州官吏放歸
處分貧家殘活計
匹如身後莫相關",79
2378,poem,2378,卷三十二,,,律詩,詠老贈夢得,,,2378,revised_jsonl_direct,2379,837,revised_jsonl,笺,,0,False,,0,False,1,12,"與君俱老也
自問老何如
眼澀夜先卧
頭慵朝未梳
有時扶杖出
盡日閉門居
懶照新磨鏡
休看小字書
情於故人重
跡共少年疏
唯是閑談興
相逢尚有餘","詠老贈夢得與君俱老也
自問老何如
眼澀夜先卧
頭慵朝未梳
有時扶杖出
盡日閉門居
懶照新磨鏡
休看小字書
情於故人重
跡共少年疏
唯是閑談興
相逢尚有餘",76
2379,poem,2379,卷三十三,,,律詩,從同州刺史改授太子少傅分司,,,2379,revised_jsonl_direct,2380,835,revised_jsonl,谱；笺；诏授同州刺史病不赴任因咏所怀；赠悼怀太子挽歌辞二首；履道新居二十韵；史记；高仆射；唐会要,史记,1,True,,0,False,1,9,"承華東署三分務
履道西池七過春
歌酒優遊聊卒歲
園林蕭灑可終身
留侯爵秩誠虛貴
疏受生涯未苦貧
月俸百千官二品
朝廷雇我作閑人
張良﹑疏受並爲太子少傅","從同州刺史改授太子少傅分司承華東署三分務
履道西池七過春
歌酒優遊聊卒歲
園林蕭灑可終身
留侯爵秩誠虛貴
疏受生涯未苦貧
月俸百千官二品
朝廷雇我作閑人
張良﹑疏受並爲太子少傅",88
2380,poem,2380,卷三十三,,,律詩,奉和裴令公新成午橋莊綠野堂即事,,,2380,revised_jsonl_direct,2381,835,revised_jsonl,笺；和裴令公一日日一年年杂言见赠；候仙亭同诸客醉坐；艺文类聚；襄阳记；赠别张兵曹；读史五首；汉书,襄阳记；汉书,2,True,,0,False,1,21,"舊逕開桃李
新池鑿鳳凰
只添丞相閣
不改午橋莊
遠處塵埃少
閑中日月長
青山爲外屏
綠野是前堂
引水多隨勢
栽松不趁行
年華玩風景
春事看農桑
花妬謝家妓
蘭偷荀令香
遊絲飄酒席
瀑布濺琴床
巢許終身隱
蕭曹到老忙
千年落公便
進退處中央
時裴加中書令","奉和裴令公新成午橋莊綠野堂即事舊逕開桃李
新池鑿鳳凰
只添丞相閣
不改午橋莊
遠處塵埃少
閑中日月長
青山爲外屏
綠野是前堂
引水多隨勢
栽松不趁行
年華玩風景
春事看農桑
花妬謝家妓
蘭偷荀令香
遊絲飄酒席
瀑布濺琴床
巢許終身隱
蕭曹到老忙
千年落公便
進退處中央
時裴加中書令",141
2381,poem,2381,卷三十三,,,律詩,自題小草亭,,,2381,revised_jsonl_direct,2382,835,revised_jsonl,笺；读山海经；谕友；自京赴奉先县咏怀五百字；庄子,庄子,1,True,,0,False,1,24,"新結一茅茨
規模儉且卑
土階全壘塊
山木半留皮
陰合連藤架
叢香近菊籬
壁宜藜仗倚
門稱荻簾垂
窗裏風清夜
簷間月好時
留連嘗酒客
勾引坐禪師
伴宿雙棲鶴
扶行一侍兒
綠醅量盞飲
紅稻約升炊
齷齪豪家笑
酸寒富屋欺
陶廬閑自愛
顔巷陋誰知
螻蟻謀深穴
鷦鷯占小枝
各隨其分足
焉用有餘爲","自題小草亭新結一茅茨
規模儉且卑
土階全壘塊
山木半留皮
陰合連藤架
叢香近菊籬
壁宜藜仗倚
門稱荻簾垂
窗裏風清夜
簷間月好時
留連嘗酒客
勾引坐禪師
伴宿雙棲鶴
扶行一侍兒
綠醅量盞飲
紅稻約升炊
齷齪豪家笑
酸寒富屋欺
陶廬閑自愛
顔巷陋誰知
螻蟻謀深穴
鷦鷯占小枝
各隨其分足
焉用有餘爲",148
2382,poem,2382,卷三十三,,,律詩,自詠,,,2382,revised_jsonl_direct,2383,835,revised_jsonl,笺；玉篇,,0,False,,0,False,1,12,"細故隨緣盡
衰形具體微
鬭閑僧尚鬧
較瘦鶴猶肥
老遣寬裁襪
寒教厚絮衣
馬從銜草𩥇
雞任啄籠飛
只要天和在
無令物性違
自餘君莫問
何是復何非","自詠細故隨緣盡
衰形具體微
鬭閑僧尚鬧
較瘦鶴猶肥
老遣寬裁襪
寒教厚絮衣
馬從銜草𩥇
雞任啄籠飛
只要天和在
無令物性違
自餘君莫問
何是復何非",73
2383,poem,2383,卷三十三,,,律詩,新亭病後獨坐招李侍郎公垂,,,2383,revised_jsonl_direct,2384,835,revised_jsonl,笺；旧唐书,,0,False,,0,False,1,10,"新亭未有客
竟日獨何爲
趁暖泥茶竈
防寒夾竹籬
頭風初定後
眼暗欲明時
淺把三分酒
閑題數句詩
應須置兩榻
一榻待公垂","新亭病後獨坐招李侍郎公垂新亭未有客
竟日獨何爲
趁暖泥茶竈
防寒夾竹籬
頭風初定後
眼暗欲明時
淺把三分酒
閑題數句詩
應須置兩榻
一榻待公垂",71
2384,poem,2384,卷三十三,,,律詩,閑卧寄劉同州,,,2384,revised_jsonl_direct,2385,836,revised_jsonl,笺；旧唐书,,0,False,,0,False,1,8,"軟褥短屏風
昏昏醉卧翁
鼻香茶熟後
腰暖日陽中
伴老琴長在
迎春酒不空
可憐閑氣味
唯欠與君同","閑卧寄劉同州軟褥短屏風
昏昏醉卧翁
鼻香茶熟後
腰暖日陽中
伴老琴長在
迎春酒不空
可憐閑氣味
唯欠與君同",53
2385,poem,2385,卷三十三,,,律詩,殘酌晚餐,,,2385,revised_jsonl_direct,2386,836,revised_jsonl,笺；洛桥寒食日作十韵；佐还山后寄三首,,0,False,,0,False,1,8,"閑傾殘酒後
煖擁小爐時
舞看新翻曲
歌聽自作詞
魚香肥潑火
飯細滑流匙
除却慵饞外
其餘盡不知","殘酌晚餐閑傾殘酒後
煖擁小爐時
舞看新翻曲
歌聽自作詞
魚香肥潑火
飯細滑流匙
除却慵饞外
其餘盡不知",51
2386,poem,2386,卷三十三,,,律詩,喜見劉同州夢得,,,2386,revised_jsonl_direct,2387,835,revised_jsonl,笺；闲卧寄刘同州；寄小樊；忆春草；酬喜相遇同州与乐天替代；马上作,,0,False,,0,False,1,8,"紫綬白髭鬚
同年二老夫
論心共牢落
見面且歡娛
酒好攜來否
詩多記得無
應須爲春草
五馬少踟躕","喜見劉同州夢得紫綬白髭鬚
同年二老夫
論心共牢落
見面且歡娛
酒好攜來否
詩多記得無
應須爲春草
五馬少踟躕",54
2387,poem,2387,卷三十三,,,律詩,裴令公席上贈别夢得,,,2387,revised_jsonl_direct,2388,836,revised_jsonl,笺；奉和裴令公新成午桥庄绿野堂即事；早春同刘郎中寄宣武令狐相公；雪中寄令狐相公兼呈梦得,,0,False,,0,False,1,4,"年老官高多别離
轉難相見轉相思
雪銷酒盡梁王起
便是鄒枚分散時","裴令公席上贈别夢得年老官高多别離
轉難相見轉相思
雪銷酒盡梁王起
便是鄒枚分散時",40
2388,poem,2388,卷三十三,,,律詩,尋春題諸家園林,,,2388,revised_jsonl_direct,2389,836,revised_jsonl,笺；岁假内命酒赠周判官萧协律；放言五首,,0,False,,0,False,1,8,"聞健朝朝出
乘春處處尋
天供閑日月
人借好園林
漸以狂爲態
都無悶到心
平生身得所
未省似而今","尋春題諸家園林聞健朝朝出
乘春處處尋
天供閑日月
人借好園林
漸以狂爲態
都無悶到心
平生身得所
未省似而今",54
2389,poem,2389,卷三十三,,,律詩,又題一絶,,,2389,revised_jsonl_direct,2390,836,revised_jsonl,笺,,0,False,,0,False,1,4,"貌隨年老欲何如
興遇春牽尚有餘
遥見人家花便入
不論貴賤與親疏","又題一絶貌隨年老欲何如
興遇春牽尚有餘
遥見人家花便入
不論貴賤與親疏",35
2390,poem,2390,卷三十三,,,律詩,家園三絶其一,,,2390,revised_jsonl_direct,2391,836,revised_jsonl,笺；答元八宗简同游曲江后明日见赠；奉酬侍中夏中雨后游城南庄见示八韵,,0,False,,0,False,1,4,"滄浪峽水子陵灘
路遠江深欲去難
何似家池通小院
卧房階下插魚竿","家園三絶其一滄浪峽水子陵灘
路遠江深欲去難
何似家池通小院
卧房階下插魚竿",37
2391,poem,2391,卷三十三,,,律詩,家園三絶其二,,,2391,revised_jsonl_direct,2392,,revised_jsonl,饮酒；和新楼北园偶集从孙公度周巡官韩秀才卢秀才范处士小饮郑侍御判官周刘二从事皆先归,,0,False,,0,False,1,4,"籬下先生時得醉
甕間吏部暫偷眠
何如家醖雙魚榼
雪夜花時長在前","家園三絶其二籬下先生時得醉
甕間吏部暫偷眠
何如家醖雙魚榼
雪夜花時長在前",37
2392,poem,2392,卷三十三,,,律詩,家園三絶其三,,,2392,revised_jsonl_direct,2393,,revised_jsonl,,,0,False,,0,False,1,4,"鴛鴦怕捉竟難親
鸚鵡雖籠不著人
何似家禽雙白鶴
閑行一步亦隨身","家園三絶其三鴛鴦怕捉竟難親
鸚鵡雖籠不著人
何似家禽雙白鶴
閑行一步亦隨身",37
2393,poem,2393,卷三十三,,,律詩,老來生計,,,2393,revised_jsonl_direct,2394,836,revised_jsonl,笺；晋书；酬赠李炼师见招；白牡丹,晋书,1,True,,0,False,1,8,"老來生計君看取
白日遊行夜醉吟
陶令有田唯種黍
鄧家無子不留金
人間榮耀因緣淺
林下幽閑氣味深
煩慮漸銷虛白長
一年心勝一年心","老來生計老來生計君看取
白日遊行夜醉吟
陶令有田唯種黍
鄧家無子不留金
人間榮耀因緣淺
林下幽閑氣味深
煩慮漸銷虛白長
一年心勝一年心",67
2394,poem,2394,卷三十三,,,律詩,早春題少室東巖,,,2394,revised_jsonl_direct,2395,836,revised_jsonl,笺；洛中偶作；送河南尹冯学士赴任,,0,False,,0,False,1,8,"三十六峰晴
雪銷嵐翠生
月留三夜宿
春引四山行
遠草初含色
寒禽未變聲
東巖最高石
唯有我題名","早春題少室東巖三十六峰晴
雪銷嵐翠生
月留三夜宿
春引四山行
遠草初含色
寒禽未變聲
東巖最高石
唯有我題名",54
2395,poem,2395,卷三十三,,,律詩,早春即事,,,2395,revised_jsonl_direct,2396,836,revised_jsonl,笺；续通志,,0,False,,0,False,1,12,"眼重朝眠足
頭輕宿酒醒
陽光滿前户
雪水半中庭
物變隨天氣
春生逐地形
北簷梅晚白
東岸柳先青
葱壠抽羊角
松巢墮鶴翎
老來詩更拙
吟罷少人聽","早春即事眼重朝眠足
頭輕宿酒醒
陽光滿前户
雪水半中庭
物變隨天氣
春生逐地形
北簷梅晚白
東岸柳先青
葱壠抽羊角
松巢墮鶴翎
老來詩更拙
吟罷少人聽",75
2396,poem,2396,卷三十三,,,律詩,歎春風兼贈李二十侍郎二絶其一,,,2396,revised_jsonl_direct,2397,836,revised_jsonl,笺；新亭病后独坐招李侍郎公垂,,0,False,,0,False,1,4,"樹根雪盡催花發
池岸冰銷放草生
唯有鬚霜依舊白
春風於我獨無情","歎春風兼贈李二十侍郎二絶其一樹根雪盡催花發
池岸冰銷放草生
唯有鬚霜依舊白
春風於我獨無情",45
2397,poem,2397,卷三十三,,,律詩,歎春風兼贈李二十侍郎二絶其二,,,2397,revised_jsonl_direct,2398,,revised_jsonl,,,0,False,,0,False,1,4,"道場齋戒今初畢
酒伴歡娛久不同
不把一杯來勸我
無情亦得似春風","歎春風兼贈李二十侍郎二絶其二道場齋戒今初畢
酒伴歡娛久不同
不把一杯來勸我
無情亦得似春風",45
2398,poem,2398,卷三十三,,,律詩,春來頻與李二十賓客郭外同遊因贈長句,,,2398,revised_jsonl_direct,2399,836,revised_jsonl,笺；新亭病后独坐招李侍郎公垂；唐人行第录,,0,False,,0,False,1,8,"風光引步酒開顔
送老銷春嵩洛間
朝踏落花相伴出
暮隨飛鳥一時還
我爲病叟誠宜退
君是才臣豈合閑
可惜濟時心力在
放教臨水復登山","春來頻與李二十賓客郭外同遊因贈長句風光引步酒開顔
送老銷春嵩洛間
朝踏落花相伴出
暮隨飛鳥一時還
我爲病叟誠宜退
君是才臣豈合閑
可惜濟時心力在
放教臨水復登山",80
2399,poem,2399,卷三十三,,,律詩,二月二日,,,2399,revised_jsonl_direct,2400,836,revised_jsonl,笺；宾至；游春十二首；史记；说文；酬令狐相公寄贺迁拜之什；十字水期韦潘侍御同年不至,史记；说文,2,True,,0,False,1,4,"二月二日新雨晴
草牙菜甲一時生
輕衫細馬春年少
十字津頭一字行","二月二日二月二日新雨晴
草牙菜甲一時生
輕衫細馬春年少
十字津頭一字行",35
2400,poem,2400,卷三十三,,,律詩,奉和令公綠野堂種花,,,2400,revised_jsonl_direct,2401,836,revised_jsonl,笺；奉和裴令公新成午桥庄绿野堂即事；演繁露；庐陵王传,,0,False,,0,False,1,4,"綠野堂開占物華
路人指道令公家
令公桃李滿天下
何用堂前更種花","奉和令公綠野堂種花綠野堂開占物華
路人指道令公家
令公桃李滿天下
何用堂前更種花",40
2401,poem,2401,卷三十三,,,律詩,清明日登老君閣望洛城贈韓道士,,,2401,revised_jsonl_direct,2402,836,revised_jsonl,笺；旧唐书；孔戡；长相思；吴七郎中山人待制班中偶赠绝句,,0,False,,0,False,1,8,"風光烟火清明日
歌哭悲歡城市間
何事不隨東洛水
誰家又葬北邙山
中橋車馬長無已
下渡舟航亦不閑
冢墓纍纍人擾擾
遼東悵望鶴飛還","清明日登老君閣望洛城贈韓道士風光烟火清明日
歌哭悲歡城市間
何事不隨東洛水
誰家又葬北邙山
中橋車馬長無已
下渡舟航亦不閑
冢墓纍纍人擾擾
遼東悵望鶴飛還",77
2402,poem,2402,卷三十三,,,律詩,三月三日,,,2402,revised_jsonl_direct,2403,836,revised_jsonl,笺；房家夜宴喜雪戏赠主人,,0,False,,0,False,1,8,"畫堂三月初三日
絮撲紗窗燕拂簷
蓮子數杯嘗冷酒
柘枝一曲試春衫
堦臨池面勝看鏡
户映花叢當下簾
指點樓南玩新月
玉鈎素手兩纖纖","三月三日畫堂三月初三日
絮撲紗窗燕拂簷
蓮子數杯嘗冷酒
柘枝一曲試春衫
堦臨池面勝看鏡
户映花叢當下簾
指點樓南玩新月
玉鈎素手兩纖纖",67
2403,poem,2403,卷三十三,,,律詩,雨中聽琴者彈别鶴操,,,2403,revised_jsonl_direct,2404,836,revised_jsonl,笺；和微之听妻弹别鹤操因为解释其义依韵加四句；冬至夜,,0,False,,0,False,1,4,"雙鶴分離一何苦
連陰雨夜不堪聞
莫教遷客孀妻聽
嗟歎悲啼䛏殺君","雨中聽琴者彈别鶴操雙鶴分離一何苦
連陰雨夜不堪聞
莫教遷客孀妻聽
嗟歎悲啼䛏殺君",40
2404,poem,2404,卷三十三,,,律詩,酬鄭二司錄與李六郎中寒食日相遇同宴見贈,,,2404,revised_jsonl_direct,2405,836,revised_jsonl,笺；同王十七庶子李六员外郑二侍御同年四人游龙门有感而作；早春雪后赠洛阳李长官长水郑明府二同年；高仆射；世说新语；入唐求法巡礼行记,,0,False,,0,False,1,8,"偶因冷節會嘉賓
况是平生心所親
迎接須矜疏傅老
祗供莫笑阮家貧
杯盤狼藉宜侵夜
風景闌珊欲過春
相對喜歡還悵望
同年只有此三人","酬鄭二司錄與李六郎中寒食日相遇同宴見贈偶因冷節會嘉賓
况是平生心所親
迎接須矜疏傅老
祗供莫笑阮家貧
杯盤狼藉宜侵夜
風景闌珊欲過春
相對喜歡還悵望
同年只有此三人",82
2405,poem,2405,卷三十三,,,律詩,喜與楊六侍郎同宿,,,2405,revised_jsonl_direct,2406,836,revised_jsonl,笺；寄杨六侍郎；与韦林甫书；世说新语；资治通鉴；和寄问刘白；七哀诗；反鲍明远白头吟,七哀诗,1,True,,0,False,1,8,"岸幘靜言明月夜
匡牀閑卧落花朝
二三月裏饒春睡
七八年來不早朝
濁水清塵難會合
高鵬低鷃各逍遥
眼看又上青雲去
更卜同衾一兩宵","喜與楊六侍郎同宿岸幘靜言明月夜
匡牀閑卧落花朝
二三月裏饒春睡
七八年來不早朝
濁水清塵難會合
高鵬低鷃各逍遥
眼看又上青雲去
更卜同衾一兩宵",71
2406,poem,2406,卷三十三,,,律詩,殘春詠懷贈楊慕巢侍郎,,,2406,revised_jsonl_direct,2407,836,revised_jsonl,谱；笺；旧唐书；职官志三；新唐书,,0,False,,0,False,1,18,"位逾三品日
太子少傅官二品
年過六旬時
予今年六十五
不道官班下
其如筋力衰
猶憐好風景
轉重舊親知
少壯難重得
歡娛且强爲
興來池上酌
醉出袖中詩
靜話開襟久
閑吟放盞遲
落花無限雪
殘鬢幾多絲
莫説傷心事
春翁易酒悲","殘春詠懷贈楊慕巢侍郎位逾三品日
太子少傅官二品
年過六旬時
予今年六十五
不道官班下
其如筋力衰
猶憐好風景
轉重舊親知
少壯難重得
歡娛且强爲
興來池上酌
醉出袖中詩
靜話開襟久
閑吟放盞遲
落花無限雪
殘鬢幾多絲
莫説傷心事
春翁易酒悲",120
2407,poem,2407,卷三十三,,,律詩,閑居春盡,,,2407,revised_jsonl_direct,2408,836,revised_jsonl,笺；寄生衣与微之因题封上,,0,False,,0,False,1,8,"閑泊池舟靜掩扉
老身慵出客來稀
愁因暮雨留教住
春被殘鶯喚遣歸
揭甕偷嘗新熟酒
開箱試著舊生衣
冬裘夏葛相催促
垂老光陰速似飛","閑居春盡閑泊池舟靜掩扉
老身慵出客來稀
愁因暮雨留教住
春被殘鶯喚遣歸
揭甕偷嘗新熟酒
開箱試著舊生衣
冬裘夏葛相催促
垂老光陰速似飛",67
2408,poem,2408,卷三十三,,,律詩,春盡日天津橋醉吟偶呈李尹侍郎,,,2408,revised_jsonl_direct,2409,836,revised_jsonl,谱；笺；和友人洛中春感；旧唐书；拜三川守序；东归；高仆射；汉书,汉书,1,True,,0,False,1,12,"宿雨洗天津
無泥未有塵
初晴迎早夏
落照送殘春
興發詩隨口
狂來酒寄身
水邊行嵬峨
橋上立逡巡
疏傅心情老
吳公政化新
三川徒有主
風景屬閑人","春盡日天津橋醉吟偶呈李尹侍郎宿雨洗天津
無泥未有塵
初晴迎早夏
落照送殘春
興發詩隨口
狂來酒寄身
水邊行嵬峨
橋上立逡巡
疏傅心情老
吳公政化新
三川徒有主
風景屬閑人",85
2409,poem,2409,卷三十三,,,律詩,池上逐凉二首其一,,,2409,revised_jsonl_direct,2410,836,revised_jsonl,笺,,0,False,,0,False,1,8,"青苔地上銷殘暑
綠樹陰前逐晚凉
輕屐單衣薄紗帽
淺池平岸庳藤床
簪纓怪我情何薄
泉石諳君味甚長
徧問交親爲老計
多言宜靜不宜忙","池上逐凉二首其一青苔地上銷殘暑
綠樹陰前逐晚凉
輕屐單衣薄紗帽
淺池平岸庳藤床
簪纓怪我情何薄
泉石諳君味甚長
徧問交親爲老計
多言宜靜不宜忙",71
2410,poem,2410,卷三十三,,,律詩,池上逐凉二首其二,,,2410,revised_jsonl_direct,2411,,revised_jsonl,,,0,False,,0,False,1,8,"窗間睡足休高枕
水畔閑來上小船
棹遣秃頭奴子撥
茶教纖手侍兒煎
門前便是紅塵地
林外無非赤日天
誰信好風清簟上
更無一事但翛然","池上逐凉二首其二窗間睡足休高枕
水畔閑來上小船
棹遣秃頭奴子撥
茶教纖手侍兒煎
門前便是紅塵地
林外無非赤日天
誰信好風清簟上
更無一事但翛然",71
2411,poem,2411,卷三十三,,,律詩,香山避暑二絶其一,,,2411,revised_jsonl_direct,2412,836,revised_jsonl,笺；香山寺石楼潭夜浴；香山寺新修经藏堂记；白氏文集,,0,False,,0,False,1,4,"六月灘聲如猛雨
香山樓北暢師房
夜深起凭欄杆立
滿耳潺湲滿面凉","香山避暑二絶其一六月灘聲如猛雨
香山樓北暢師房
夜深起凭欄杆立
滿耳潺湲滿面凉",39
2412,poem,2412,卷三十三,,,律詩,香山避暑二絶其二,,,2412,revised_jsonl_direct,2413,,revised_jsonl,,,0,False,,0,False,1,4,"紗巾草履竹疏衣
晚下香山蹋翠微
一路凉風十八里
卧乘籃輿睡中歸","香山避暑二絶其二紗巾草履竹疏衣
晚下香山蹋翠微
一路凉風十八里
卧乘籃輿睡中歸",39
2413,poem,2413,卷三十三,,,律詩,老夫,,,2413,revised_jsonl_direct,2414,836,revised_jsonl,笺；自咏,,0,False,,0,False,1,8,"七八年來遊洛都
三分遊伴二分無
風前月下花園裏
處處唯殘个老夫
世事勞心非富貴
人生實事是歡娛
誰能逐我來閑坐
時共酣歌傾一壺","老夫七八年來遊洛都
三分遊伴二分無
風前月下花園裏
處處唯殘个老夫
世事勞心非富貴
人生實事是歡娛
誰能逐我來閑坐
時共酣歌傾一壺",65
2414,poem,2414,卷三十三,,,律詩,香山下卜居,,,2414,revised_jsonl_direct,2415,836,revised_jsonl,笺；题东武丘寺六韵,,0,False,,0,False,1,8,"老須爲老計
老計在抽簪
山下初投足
人間久息心
亂藤遮石壁
絶澗護雲林
若要深藏處
無如此處深","香山下卜居老須爲老計
老計在抽簪
山下初投足
人間久息心
亂藤遮石壁
絶澗護雲林
若要深藏處
無如此處深",52
2415,poem,2415,卷三十三,,,律詩,無長物,,,2415,revised_jsonl_direct,2416,836,revised_jsonl,笺；寄张十八；感旧纱帽,,0,False,,0,False,1,8,"莫訝家居窄
無嫌活計貧
只緣無長物
始得作閑人
青竹單床簟
烏紗獨幅巾
其餘皆稱是
亦足奉吾身","無長物莫訝家居窄
無嫌活計貧
只緣無長物
始得作閑人
青竹單床簟
烏紗獨幅巾
其餘皆稱是
亦足奉吾身",50
2416,poem,2416,卷三十三,,,律詩,宿香山寺酬廣陵牛相公見寄,,,2416,revised_jsonl_direct,2417,835,revised_jsonl,笺；洛下送牛相公出镇淮南；醉吟二首；世说新语；题赠郑秘书征君石沟溪隐居；送令狐相公赴太原；高仆射,,0,False,,0,False,1,9,"手札八行詩一篇
無由相見但依然
君匡聖主方行道
我事空王正坐禪
支許徒思遊白月
夔龍未放下青天
應須且爲蒼生住
猶去懸車十四年
牛相公今年五十七","宿香山寺酬廣陵牛相公見寄手札八行詩一篇
無由相見但依然
君匡聖主方行道
我事空王正坐禪
支許徒思遊白月
夔龍未放下青天
應須且爲蒼生住
猶去懸車十四年
牛相公今年五十七",84
2417,poem,2417,卷三十三,,,律詩,以詩代書寄户部楊侍郎勸買東鄰王家宅,,,2417,revised_jsonl_direct,2418,836,revised_jsonl,笺；旧唐书；喜与杨六侍郎同宿；闻乐感邻；赠东邻王十三,,0,False,,0,False,1,8,"勸君買取東鄰宅
與我衡門相並開
雲映嵩峰當户牖
月和伊水入池臺
林園亦要聞閑置
筋力應須及健迴
莫學因循白賓客
欲年六十始歸來","以詩代書寄户部楊侍郎勸買東鄰王家宅勸君買取東鄰宅
與我衡門相並開
雲映嵩峰當户牖
月和伊水入池臺
林園亦要聞閑置
筋力應須及健迴
莫學因循白賓客
欲年六十始歸來",80
2418,poem,2418,卷三十三,,,律詩,贈談客,,,2418,revised_jsonl_direct,2419,836,revised_jsonl,笺,,0,False,,0,False,1,4,"上客請談何亹亹
幽人閑思自寥寥
請君休説長安事
膝上風清琴正調","贈談客上客請談何亹亹
幽人閑思自寥寥
請君休説長安事
膝上風清琴正調",34
2419,poem,2419,卷三十三,,,律詩,初入香山院對月,,,2419,revised_jsonl_direct,2420,832,revised_jsonl,笺；香山寺石楼潭夜浴,,0,False,,0,False,1,4,"老住香山初到夜
秋逢白月正圓時
從今便是家山月
試問清光知不知","初入香山院對月老住香山初到夜
秋逢白月正圓時
從今便是家山月
試問清光知不知",38
2420,poem,2420,卷三十三,,,律詩,題龍門堰西澗,,,2420,revised_jsonl_direct,2421,836,revised_jsonl,笺；邵氏闻见录,,0,False,,0,False,1,6,"東岸菊叢西岸柳
柳陰烟合菊花開
一條秋水琉璃色
闊狹纔容小舫迴
除却悠悠白少傅
何人解入此中來","題龍門堰西澗東岸菊叢西岸柳
柳陰烟合菊花開
一條秋水琉璃色
闊狹纔容小舫迴
除却悠悠白少傅
何人解入此中來",53
2421,poem,2421,卷三十三,,,律詩,秋霖中奉裴令公見招早出赴會馬上先寄六韻,,,2421,revised_jsonl_direct,2422,836,revised_jsonl,笺；奉和裴令公新成午桥庄绿野堂即事；忘筌亭,,0,False,,0,False,1,12,"雨暗三秋日
泥深一尺時
老人平旦出
自問欲何之
不是尋醫藥
非干送别離
素書傳好語
絳帳赴佳期
續借桃花馬
催迎楊柳姬
只愁張錄事
罰我怪來遲","秋霖中奉裴令公見招早出赴會馬上先寄六韻雨暗三秋日
泥深一尺時
老人平旦出
自問欲何之
不是尋醫藥
非干送别離
素書傳好語
絳帳赴佳期
續借桃花馬
催迎楊柳姬
只愁張錄事
罰我怪來遲",90
2422,poem,2422,卷三十三,,,律詩,嘗酒聽歌招客,,,2422,revised_jsonl_direct,2423,836,revised_jsonl,笺；浔阳秋怀赠许明府,,0,False,,0,False,1,8,"一甕香醪新插篘
雙鬟小妓薄能謳
管絃漸好新教得
羅綺雖貧免外求
世上貪忙不覺苦
人間除醉即須愁
不知此事君知否
君若知時從我遊","嘗酒聽歌招客一甕香醪新插篘
雙鬟小妓薄能謳
管絃漸好新教得
羅綺雖貧免外求
世上貪忙不覺苦
人間除醉即須愁
不知此事君知否
君若知時從我遊",69
2423,poem,2423,卷三十三,,,律詩,八月三日夜作,,,2423,revised_jsonl_direct,2424,836,revised_jsonl,笺,,0,False,,0,False,1,16,"露白月微明
天凉景物清
草頭珠顆冷
樓角玉鈎生
氣爽衣裳健
風疏砧杵鳴
夜衾香有思
秋簟冷無情
夢短眠頻覺
宵長起暫行
燭凝臨曉影
蟲怨欲寒聲
槿老花先盡
蓮凋子始成
四時無了日
何用歎衰榮","八月三日夜作露白月微明
天凉景物清
草頭珠顆冷
樓角玉鈎生
氣爽衣裳健
風疏砧杵鳴
夜衾香有思
秋簟冷無情
夢短眠頻覺
宵長起暫行
燭凝臨曉影
蟲怨欲寒聲
槿老花先盡
蓮凋子始成
四時無了日
何用歎衰榮",101
2424,poem,2424,卷三十三,,,律詩,病中贈南鄰覓酒,,,2424,revised_jsonl_direct,2425,836,revised_jsonl,笺；闲游；游仙窟,,0,False,,0,False,1,4,"頭痛牙疼三日卧
妻看煎藥婢來扶
今朝似校擡頭語
先問南鄰有酒無","病中贈南鄰覓酒頭痛牙疼三日卧
妻看煎藥婢來扶
今朝似校擡頭語
先問南鄰有酒無",38
2425,poem,2425,卷三十三,,,律詩,曉眠後寄楊户部,,,2425,revised_jsonl_direct,2426,836,revised_jsonl,笺；以诗代书寄户部杨侍郎劝买东邻王家宅,,0,False,,0,False,1,4,"軟綾腰褥薄綿被
凉冷秋天穩暖身
一覺曉眠殊有味
無因寄與早朝人","曉眠後寄楊户部軟綾腰褥薄綿被
凉冷秋天穩暖身
一覺曉眠殊有味
無因寄與早朝人",38
2426,poem,2426,卷三十三,,,律詩,秋雨夜眠,,,2426,revised_jsonl_direct,2427,836,revised_jsonl,笺,,0,False,,0,False,1,8,"凉冷三秋夜
安閑一老翁
卧遲燈滅後
睡美雨聲中
灰宿温瓶火
香添暖被籠
曉晴寒未起
霜葉滿階紅","秋雨夜眠凉冷三秋夜
安閑一老翁
卧遲燈滅後
睡美雨聲中
灰宿温瓶火
香添暖被籠
曉晴寒未起
霜葉滿階紅",51
2427,poem,2427,卷三十三,,,律詩,喜夢得自馮翊歸洛兼呈令公,,,2427,revised_jsonl_direct,2428,836,revised_jsonl,笺；彭阳唱和集后引；刘集；谢恩赐粟麦表；谢分司东都表；奉和裴令公新成午桥庄绿野堂即事；汉书；裴侍中晋公以集贤林亭即事诗二十六韵见赠猥蒙征和才拙词繁辄广为五百言以伸酬献；史记；西征赋；耳顺吟寄敦诗梦得；劝行乐；裴令公席上赠别梦得,汉书；史记,2,True,,0,False,1,8,"上客新從左輔迴
高陽興助洛陽才
已將四海聲名去
又占三春風景來
甲子等頭憐共老
文章敵手莫相猜
鄒枚未用爭詩酒
且飲梁王賀喜杯","喜夢得自馮翊歸洛兼呈令公上客新從左輔迴
高陽興助洛陽才
已將四海聲名去
又占三春風景來
甲子等頭憐共老
文章敵手莫相猜
鄒枚未用爭詩酒
且飲梁王賀喜杯",75
2428,poem,2428,卷三十三,,,律詩,齋戒滿夜戲招夢得,,,2428,revised_jsonl_direct,2429,836,revised_jsonl,笺；维摩经,,0,False,,0,False,1,8,"紗籠燈下道場前
白日持齋夜坐禪
無復更思身外事
未能全盡世間緣
明朝又擬親杯酒
今夕先聞理管絃
方丈若能來問疾
不妨兼有散花天","齋戒滿夜戲招夢得紗籠燈下道場前
白日持齋夜坐禪
無復更思身外事
未能全盡世間緣
明朝又擬親杯酒
今夕先聞理管絃
方丈若能來問疾
不妨兼有散花天",71
2429,poem,2429,卷三十三,,,律詩,和令公問劉賓客歸來稱意無之作,,,2429,revised_jsonl_direct,2430,836,revised_jsonl,笺；奉和裴令公新成午桥庄绿野堂即事；喜梦得自冯翊归洛兼呈令公；答四皓庙；自咏,,0,False,,0,False,1,8,"水南秋一半
風景未蕭條
皂蓋迴沙苑
籃輿上洛橋
閑嘗黄菊酒
醉唱紫芝謡
稱意那勞問
請平聲錢不早朝","和令公問劉賓客歸來稱意無之作水南秋一半
風景未蕭條
皂蓋迴沙苑
籃輿上洛橋
閑嘗黄菊酒
醉唱紫芝謡
稱意那勞問
請平聲錢不早朝",63
2430,poem,2430,卷三十三,,,律詩,酬夢得窮秋夜坐即事見寄,,,2430,revised_jsonl_direct,2431,836,revised_jsonl,笺,,0,False,,0,False,1,8,"焰細燈將盡
聲遥漏正長
老人秋向火
小女夜縫裳
菊悴籬經雨
萍銷水得霜
今冬暖寒酒
先擬共君嘗","酬夢得窮秋夜坐即事見寄焰細燈將盡
聲遥漏正長
老人秋向火
小女夜縫裳
菊悴籬經雨
萍銷水得霜
今冬暖寒酒
先擬共君嘗",58
2431,poem,2431,卷三十三,,,律詩,偶於維陽牛相公處覓得箏箏未到先寄詩來走筆戲答,,,2431,revised_jsonl_direct,2432,836,revised_jsonl,笺；宿香山寺酬广陵牛相公见寄；梁谿漫志；禹贡；普曜经,禹贡,1,True,,0,False,1,8,"楚匠饒巧思
秦箏多好音
如能惠一面
何啻直雙金
玉柱調須品
朱絃染要深
會教魔女弄
不動是禪心","偶於維陽牛相公處覓得箏箏未到先寄詩來走筆戲答楚匠饒巧思
秦箏多好音
如能惠一面
何啻直雙金
玉柱調須品
朱絃染要深
會教魔女弄
不動是禪心",69
2432,poem,2432,卷三十三,,,律詩,答夢得秋庭獨坐見贈,,,2432,revised_jsonl_direct,2433,836,revised_jsonl,笺,,0,False,,0,False,1,8,"林梢隱映夕陽殘
庭際蕭疏夜氣寒
霜草欲枯蟲思急
風枝未定鳥棲難
容衰見鏡同惆悵
身健逢杯且喜歡
應是天教相煖熱
一時垂老與閑官","答夢得秋庭獨坐見贈林梢隱映夕陽殘
庭際蕭疏夜氣寒
霜草欲枯蟲思急
風枝未定鳥棲難
容衰見鏡同惆悵
身健逢杯且喜歡
應是天教相煖熱
一時垂老與閑官",72
2433,poem,2433,卷三十三,,,律詩,長齋月滿攜酒先與夢得對酌醉中同赴令公之宴戲贈夢得,,,2433,revised_jsonl_direct,2434,836,revised_jsonl,笺；奉和裴令公新成午桥庄绿野堂即事；赠江州李十使君员外十二韵；桥亭卯饮；庄子；史记；石门别杨六钦望；题周皓大夫新亭子二十二韵,庄子；史记,2,True,,0,False,1,8,"齋宮前日滿三旬
酒榼今朝一拂塵
乘興還同訪戴客
解酲仍對姓劉人
病心湯沃寒灰活
老面花生朽木春
若怕平原怪先醉
知君未慣吐車茵","長齋月滿攜酒先與夢得對酌醉中同赴令公之宴戲贈夢得齋宮前日滿三旬
酒榼今朝一拂塵
乘興還同訪戴客
解酲仍對姓劉人
病心湯沃寒灰活
老面花生朽木春
若怕平原怪先醉
知君未慣吐車茵",87
2434,poem,2434,卷三十三,,,律詩,奉酬淮南牛相公思黯見寄二十四韻,,,2434,revised_jsonl_direct,2435,836,revised_jsonl,谱；笺；宿香山寺酬广陵牛相公见寄；东南行一百韵寄通州元九侍御澧州李十一舍人果州崔二十二使君开州韦大员外庾三十二补阙杜十四拾遗李二十助教员外窦七校书；司天台；法言；奉酬李相公见示绝句；史记；通鉴地理通释；广宣上人以应制诗见示因以赠之诏许上人居安国寺红楼院以诗供奉；和友人洛中春感；太平御览；西京记；文选；芜城赋；初学记；尚书考灵曜；重寄；偶于维阳牛相公处觅得筝筝未到先寄诗来走笔戏答；听崔七妓人筝；七励；废琴,法言；史记；西京记；芜城赋,4,True,,0,False,1,59,"白老忘機客
牛公濟世賢
鷗棲心戀水
鵬舉翅摩天
累就優閑秩
連操造化權
貧司甚蕭灑
榮路自喧闐
望苑三千日
台階十五年
是人皆棄忘
何物不陶甄
居易三任宮寮
皆分司東都
于茲八載
思黯出入外内
凡十五年
皆同平章事
籃輿遊嵩嶺
油幢鎮海壖
竹篙撐釣艇
金甲擁樓船
雪夜尋僧舍
春朝列妓筵
長齋儼香火
密宴簇花鈿
自覺閑勝鬧
遥知醉笑禪
是非分未定
會合杳無緣
我正思楊府
君應望洛川
西來風嫋嫋
南去雁連連
日落龍門外
潮生瓜步前
秋同一時盡
月共兩鄉圓
舊眷交歡在
新文氣調全
慚無白雪曲
難答碧雲篇
金谷詩誰賞
蕪城賦衆傳
珠應哂魚目
鉛未伏龍泉
遠訊驚魔物
深情寄酒錢
霜紈一百疋
玉柱十三絃
思黯遠寄箏來
先寄詩云
“但愁封寄去
魔物或驚禪
”仍與酒資同至
楚醴來樽裏
秦聲送耳邊
何時紅燭下
相對一陶然","奉酬淮南牛相公思黯見寄二十四韻白老忘機客
牛公濟世賢
鷗棲心戀水
鵬舉翅摩天
累就優閑秩
連操造化權
貧司甚蕭灑
榮路自喧闐
望苑三千日
台階十五年
是人皆棄忘
何物不陶甄
居易三任宮寮
皆分司東都
于茲八載
思黯出入外内
凡十五年
皆同平章事
籃輿遊嵩嶺
油幢鎮海壖
竹篙撐釣艇
金甲擁樓船
雪夜尋僧舍
春朝列妓筵
長齋儼香火
密宴簇花鈿
自覺閑勝鬧
遥知醉笑禪
是非分未定
會合杳無緣
我正思楊府
君應望洛川
西來風嫋嫋
南去雁連連
日落龍門外
潮生瓜步前
秋同一時盡
月共兩鄉圓
舊眷交歡在
新文氣調全
慚無白雪曲
難答碧雲篇
金谷詩誰賞
蕪城賦衆傳
珠應哂魚目
鉛未伏龍泉
遠訊驚魔物
深情寄酒錢
霜紈一百疋
玉柱十三絃
思黯遠寄箏來
先寄詩云
“但愁封寄去
魔物或驚禪
”仍與酒資同至
楚醴來樽裏
秦聲送耳邊
何時紅燭下
相對一陶然",371
2435,poem,2435,卷三十三,,,律詩,吳秘監每有美酒獨酌獨醉但蒙詩報不以飲招輒此戲酬兼呈夢得,,,2435,revised_jsonl_direct,2436,836,revised_jsonl,笺；懒放二首呈刘梦得吴方之；礼记；西省北院新构小亭种竹开窗东通骑省与李常侍隔窗小饮各题四韵；世说新语；离骚；独酌谣；效陶潜体诗十六首；题赠郑秘书征君石沟溪隐居,礼记；离骚,2,True,,0,False,1,18,"蓬山仙客下烟霄
對酒唯吟獨酌謡
不怕道狂揮玉爵
《記》云
“飲玉爵者弗揮
”亦曾乘興換金貂
吳監前任散騎常侍
君稱名士誇能飲
王孝伯云
“但常無事
讀《離騷》
痛飲
即可稱名士
”我是愚夫肯見招
《獨酌謡》
“愚夫予不招
”賴有伯倫爲醉伴
何愁不解傲松喬","吳秘監每有美酒獨酌獨醉但蒙詩報不以飲招輒此戲酬兼呈夢得蓬山仙客下烟霄
對酒唯吟獨酌謡
不怕道狂揮玉爵
《記》云
“飲玉爵者弗揮
”亦曾乘興換金貂
吳監前任散騎常侍
君稱名士誇能飲
王孝伯云
“但常無事
讀《離騷》
痛飲
即可稱名士
”我是愚夫肯見招
《獨酌謡》
“愚夫予不招
”賴有伯倫爲醉伴
何愁不解傲松喬",154
2436,poem,2436,卷三十三,,,律詩,酬夢得霜夜對月見懷,,,2436,revised_jsonl_direct,2437,836,revised_jsonl,笺,,0,False,,0,False,1,8,"淒清冬夜景
摇落長年情
月帶新霜色
碪和遠雁聲
暖憐爐火近
寒覺被衣輕
枕上酬佳句
詩成夢不成","酬夢得霜夜對月見懷淒清冬夜景
摇落長年情
月帶新霜色
碪和遠雁聲
暖憐爐火近
寒覺被衣輕
枕上酬佳句
詩成夢不成",56
2437,poem,2437,卷三十三,,,律詩,初冬月夜得皇甫澤州手札並詩數篇因遣報書偶題長句,,,2437,revised_jsonl_direct,2438,836,revised_jsonl,笺；龙门送别皇甫泽州赴任韦山人南游；通雅；史；陈书；汉书；初入太行路；春赋；襄阳歌；晚晴吴郎见过北舍；类篇；赠皇甫庶子,汉书；春赋,2,True,,0,False,1,10,"清泠玉韻兩三章
落泊銀鈎七八行
心逐報書懸雁足
夢尋來路遶羊腸
水南地空去多明月
山北天寒足早霜
履道所居在水南
澤州在太行之北地也
最恨潑醅新熟酒
迎冬不得共君嘗","初冬月夜得皇甫澤州手札並詩數篇因遣報書偶題長句清泠玉韻兩三章
落泊銀鈎七八行
心逐報書懸雁足
夢尋來路遶羊腸
水南地空去多明月
山北天寒足早霜
履道所居在水南
澤州在太行之北地也
最恨潑醅新熟酒
迎冬不得共君嘗",105
2438,poem,2438,卷三十三,,,律詩,雪中酒熟欲攜訪吳監先寄此詩,,,2438,revised_jsonl_direct,2439,836,revised_jsonl,笺；吴秘监每有美酒独酌独醉但蒙诗报不以饮招辄此戏酬兼呈梦得；赠江州李十使君员外十二韵；裴令公席上赠别梦得；后汉书；汝南先贤传,后汉书；汝南先贤传,2,True,,0,False,1,10,"新雪對新酒
憶同傾一杯
自然須訪戴
不必待延枚
《雪賦》云
“延枚叟
”陳榻無辭解
袁門莫懶開
笙歌與談笑
隨事自將來","雪中酒熟欲攜訪吳監先寄此詩新雪對新酒
憶同傾一杯
自然須訪戴
不必待延枚
《雪賦》云
“延枚叟
”陳榻無辭解
袁門莫懶開
笙歌與談笑
隨事自將來",72
2439,poem,2439,卷三十三,,,律詩,酬令公雪中見贈訝不與夢得同相訪,,,2439,revised_jsonl_direct,2440,836,revised_jsonl,笺；奉和裴令公新成午桥庄绿野堂即事；雪夜喜李郎中见访兼酬所赠；裴令公席上赠别梦得,,0,False,,0,False,1,4,"雪似鵝毛飛散亂
人披鶴氅立徘徊
鄒生枚叟非無興
唯待梁王召即來","酬令公雪中見贈訝不與夢得同相訪雪似鵝毛飛散亂
人披鶴氅立徘徊
鄒生枚叟非無興
唯待梁王召即來",46
2440,poem,2440,卷三十三,,,律詩,題酒甕呈夢得,,,2440,revised_jsonl_direct,2441,836,revised_jsonl,笺；题旧写真图；寻郭道士不遇,,0,False,,0,False,1,8,"若無清酒兩三甕
爭向白鬚千萬莖
麴糵銷愁真得力
光陰催老苦無情
凌烟閣上功無分
伏火爐中藥未成
更擬共君何處去
且來同作醉先生","題酒甕呈夢得若無清酒兩三甕
爭向白鬚千萬莖
麴糵銷愁真得力
光陰催老苦無情
凌烟閣上功無分
伏火爐中藥未成
更擬共君何處去
且來同作醉先生",69
2441,poem,2441,卷三十三,,,律詩,迂叟,,,2441,revised_jsonl_direct,2442,837,revised_jsonl,笺；芥隐笔记；困学纪闻；迂叟；雪中晏起偶咏所怀兼呈张常侍韦庶子皇甫郎中杂言,,0,False,,0,False,1,8,"一辭魏闕就商賓
散地閑居八九春
初時被目爲迂叟
近日蒙呼作隱人
冷暖俗情諳世路
是非閑論任交親
應須繩墨機關外
安置疏愚鈍滯身","迂叟一辭魏闕就商賓
散地閑居八九春
初時被目爲迂叟
近日蒙呼作隱人
冷暖俗情諳世路
是非閑論任交親
應須繩墨機關外
安置疏愚鈍滯身",65
2442,poem,2442,卷三十三,,,律詩,洛下閑居寄山南令狐相公,,,2442,revised_jsonl_direct,2443,837,revised_jsonl,笺；早春同刘郎中寄宣武令狐相公；旧唐书；咏慵；高仆射；太平广记；妙女；通幽记；赠郭将军,,0,False,,0,False,1,8,"已收身向園林下
猶寄名於祿仕間
不鍛嵇康彌懶靜
無金疏傅更貧閑
支分門内餘生計
謝絶朝中舊往還
唯是相君未忘得
時思漢水夢巴山","洛下閑居寄山南令狐相公已收身向園林下
猶寄名於祿仕間
不鍛嵇康彌懶靜
無金疏傅更貧閑
支分門内餘生計
謝絶朝中舊往還
唯是相君未忘得
時思漢水夢巴山",74
2443,poem,2443,卷三十三,,,律詩,惜春贈李尹,,,2443,revised_jsonl_direct,2444,837,revised_jsonl,笺；旧唐书；广韵,,0,False,,0,False,1,8,"春色有時盡
公門終日忙
兩衙但平聲不闕
一醉亦何妨
芳樹花團雪
衰翁鬢撲霜
知君倚年少
未苦惜風光","惜春贈李尹春色有時盡
公門終日忙
兩衙但平聲不闕
一醉亦何妨
芳樹花團雪
衰翁鬢撲霜
知君倚年少
未苦惜風光",54
2444,poem,2444,卷三十三,,,律詩,對酒勸令公開春遊宴,,,2444,revised_jsonl_direct,2445,837,revised_jsonl,笺；奉和裴令公新成午桥庄绿野堂即事,,0,False,,0,False,1,8,"時泰歲豐無事日
功成名遂自由身
前頭更有忘憂日
向上應無快活人
自去年來多事故
從今日去少交親
宜須數數謀歡會
好作開成第二春","對酒勸令公開春遊宴時泰歲豐無事日
功成名遂自由身
前頭更有忘憂日
向上應無快活人
自去年來多事故
從今日去少交親
宜須數數謀歡會
好作開成第二春",72
2445,poem,2445,卷三十三,,,律詩,與夢得偶同到敦詩宅感而題壁,,,2445,revised_jsonl_direct,2446,837,revised_jsonl,笺；寄刘苏州；后汉书；送令狐相公赴太原；闻乐感邻；题新居寄宣州崔相公,后汉书,1,True,,0,False,1,14,"山東纔副蒼生願
《漢書》云
“山東出相
”川上俄驚逝水波
履道淒凉新第宅
敦詩宅在履道
修造初成
宣城零落舊笙歌
崔家妓樂
多歸宣州也
園荒唯有薪堪採
門冷兼無雀可羅
今日相隨偶同到
傷心不是故經過","與夢得偶同到敦詩宅感而題壁山東纔副蒼生願
《漢書》云
“山東出相
”川上俄驚逝水波
履道淒凉新第宅
敦詩宅在履道
修造初成
宣城零落舊笙歌
崔家妓樂
多歸宣州也
園荒唯有薪堪採
門冷兼無雀可羅
今日相隨偶同到
傷心不是故經過",112
2446,poem,2446,卷三十三,,,律詩,楊六尚書新授東川節度使代妻戲賀兄嫂二絶其一,,,2446,revised_jsonl_direct,2447,836,revised_jsonl,笺；以诗代书寄户部杨侍郎劝买东邻王家宅；旧唐书；酬赠李炼师见招；两朱阁；唐摭言,,0,False,,0,False,1,4,"劉綱與婦共升仙
弄玉隨夫亦上天
何似沙哥領崔嫂
碧油幢引向東川","楊六尚書新授東川節度使代妻戲賀兄嫂二絶其一劉綱與婦共升仙
弄玉隨夫亦上天
何似沙哥領崔嫂
碧油幢引向東川",52
2447,poem,2447,卷三十三,,,律詩,楊六尚書新授東川節度使代妻戲賀兄嫂二絶其二,,,2447,revised_jsonl_direct,2448,854,revised_jsonl,草词毕遇芍药初开因咏小谢红药当堦翻诗以为一句未尽其状偶成十六韵；病中答招饮者；赠内；秋晚,,0,False,,0,False,1,4,"金花銀椀饒兄用
罨畫羅衣盡上聲嫂裁
覓得黔婁爲妹壻
可能空寄蜀茶來","楊六尚書新授東川節度使代妻戲賀兄嫂二絶其二金花銀椀饒兄用
罨畫羅衣盡上聲嫂裁
覓得黔婁爲妹壻
可能空寄蜀茶來",54
2448,poem,2448,卷三十三,,,律詩,閑遊即事,,,2448,revised_jsonl_direct,2449,837,revised_jsonl,笺,,0,False,,0,False,1,12,"郊野遊行熟
村園次第過
驀山尋浥澗
踏水渡伊河
寒食青青草
春風瑟瑟波
逢人共杯酒
隨馬有笙歌
勝事經非少
芳辰過亦多
還須自知分
不老擬如何","閑遊即事郊野遊行熟
村園次第過
驀山尋浥澗
踏水渡伊河
寒食青青草
春風瑟瑟波
逢人共杯酒
隨馬有笙歌
勝事經非少
芳辰過亦多
還須自知分
不老擬如何",75
2449,poem,2449,卷三十三,,,律詩,六十六,,,2449,revised_jsonl_direct,2450,837,revised_jsonl,谱；笺,,0,False,,0,False,1,12,"七十欠四歲
此生那足論
每因悲物故
還且喜身存
安得頭長黑
爭教眼不昏
交遊成拱木
婢僕見曾孫
瘦覺腰金重
衰憐鬢雪繁
將何理老病
應付與空門","六十六七十欠四歲
此生那足論
每因悲物故
還且喜身存
安得頭長黑
爭教眼不昏
交遊成拱木
婢僕見曾孫
瘦覺腰金重
衰憐鬢雪繁
將何理老病
應付與空門",74
2450,poem,2450,卷三十三,,,律詩,池上早春即事招夢得,,,2450,revised_jsonl_direct,2451,837,revised_jsonl,笺,,0,False,,0,False,1,16,"老更驚年改
閑先覺日長
晴薰榆莢黑
春染柳梢黄
雪破山呈色
冰融水放光
低平穩船舫
輕暖好衣裳
白角三升榼
紅茵六尺牀
偶遊難得伴
獨醉不成狂
我有中心樂
君無外事忙
經過莫慵懶
相去兩三坊","池上早春即事招夢得老更驚年改
閑先覺日長
晴薰榆莢黑
春染柳梢黄
雪破山呈色
冰融水放光
低平穩船舫
輕暖好衣裳
白角三升榼
紅茵六尺牀
偶遊難得伴
獨醉不成狂
我有中心樂
君無外事忙
經過莫慵懶
相去兩三坊",104
2451,poem,2451,卷三十三,,,律詩,因夢得題公垂所寄蠟燭因寄公垂,,,2451,revised_jsonl_direct,2452,837,revised_jsonl,笺；旧唐书,,0,False,,0,False,1,6,"照梁初日光相似
出水新蓮豔不如
却寄兩條君領取
明年雙引入中書
宰相入朝舉雙燭
餘官各一","因夢得題公垂所寄蠟燭因寄公垂照梁初日光相似
出水新蓮豔不如
却寄兩條君領取
明年雙引入中書
宰相入朝舉雙燭
餘官各一",58
2452,poem,2452,卷三十三,,,律詩,令公南莊花柳正盛欲偷一賞先寄二篇其一,,,2452,revised_jsonl_direct,2453,837,revised_jsonl,笺；奉和裴令公新成午桥庄绿野堂即事,,0,False,,0,False,1,8,"最憶樓花千萬朵
偏憐堤柳兩三株
擬提社酒攜村妓
擅入朱門莫怪無
映樓桃花
拂堤垂柳
是莊上最勝絶處
故舉以爲對","令公南莊花柳正盛欲偷一賞先寄二篇其一最憶樓花千萬朵
偏憐堤柳兩三株
擬提社酒攜村妓
擅入朱門莫怪無
映樓桃花
拂堤垂柳
是莊上最勝絶處
故舉以爲對",73
2453,poem,2453,卷三十三,,,律詩,令公南莊花柳正盛欲偷一賞先寄二篇其二,,,2453,revised_jsonl_direct,2454,,revised_jsonl,,,0,False,,0,False,1,4,"可惜亭臺閑度日
欲偷風景暫遊春
只愁花裏鶯饒舌
飛入宮城報主人","令公南莊花柳正盛欲偷一賞先寄二篇其二可惜亭臺閑度日
欲偷風景暫遊春
只愁花裏鶯饒舌
飛入宮城報主人",49
2454,poem,2454,卷三十三,,,律詩,春夜宴席上戲贈裴淄州,,,2454,revised_jsonl_direct,2455,837,revised_jsonl,笺；开成二年三月三日河南尹李待价以人和岁稔将禊于洛滨；戏赠梦得兼呈思黯；旧唐书,,0,False,,0,False,1,10,"九十不衰真地仙
裴年九十不衰羸
六旬猶健亦天憐
予自謂也
今年相遇鶯花月
此夜同歡歌酒筵
四座齊聲和絲竹
兩家隨分鬭金鈿
留君到曉無他意
圖向君前作少年","春夜宴席上戲贈裴淄州九十不衰真地仙
裴年九十不衰羸
六旬猶健亦天憐
予自謂也
今年相遇鶯花月
此夜同歡歌酒筵
四座齊聲和絲竹
兩家隨分鬭金鈿
留君到曉無他意
圖向君前作少年",86
2455,poem,2455,卷三十三,,,律詩,贈夢得,,,2455,revised_jsonl_direct,2456,837,revised_jsonl,笺,,0,False,,0,False,1,8,"年顔老少與君同
眼未全昏耳未聾
放醉卧爲春日伴
趁歡行入少年叢
尋花借馬煩川守
弄水偷船惱令公
聞道洛城人盡怪
呼爲劉白二狂翁","贈夢得年顔老少與君同
眼未全昏耳未聾
放醉卧爲春日伴
趁歡行入少年叢
尋花借馬煩川守
弄水偷船惱令公
聞道洛城人盡怪
呼爲劉白二狂翁",66
2456,poem,2456,卷三十三,,,律詩,晚春欲攜酒尋沈四著作先以六韻寄之,,,2456,revised_jsonl_direct,2457,837,revised_jsonl,笺；元和姓纂；张好好诗序；唐人行第录；广韵；醉题沈子明壁,,0,False,,0,False,1,18,"病容衰慘澹
芳景晚蹉跎
無計留春得
爭能奈老何
篇章慵報答
杯讌喜去聲經過
顧我酒狂久
負君詩債多
沈前後惠詩十餘首
春來多醉
竟未酬答
今故云爾
敢辭攜綠蟻
只願見青娥
最憶陽關唱
真珠一串歌
沈有嫗者
善唱“西出陽關無故人”詞","晚春欲攜酒尋沈四著作先以六韻寄之病容衰慘澹
芳景晚蹉跎
無計留春得
爭能奈老何
篇章慵報答
杯讌喜去聲經過
顧我酒狂久
負君詩債多
沈前後惠詩十餘首
春來多醉
竟未酬答
今故云爾
敢辭攜綠蟻
只願見青娥
最憶陽關唱
真珠一串歌
沈有嫗者
善唱“西出陽關無故人”詞",131
2457,poem,2457,卷三十三,,,律詩,開成二年三月三日河南尹李待價以人和歲稔將禊於洛濱前一日啓留守裴令公公明日召太子少傅白居易太子賓客蕭籍李仍叔劉禹錫前中書舍人鄭居中國子司業裴惲河南少尹李道樞倉部郎中崔瑨司封員外郎張可續駕部員外郎盧言虞部員外郎苗愔和州刺史裴儔淄州刺史裴洽檢校禮部員外郎楊魯士四門博士談弘謨等一十五人合宴於舟中由斗亭歷魏堤抵津橋登臨泝沿自晨及暮簪組交映歌笑間發前水嬉而後妓樂左筆硯而右壺觴望之若仙觀者如堵盡風光之賞極遊泛之娛美景良辰賞心樂事盡得於今日矣若不記錄謂洛無人晉公首賦一章鏗然玉振顧謂四座繼而和之居易舉酒抽毫奉十二韻以獻,,,2457,revised_jsonl_direct,2458,837,revised_jsonl,谱；笺；惜春赠李尹；萧庶子相过；履信池樱桃岛上醉后走笔送别舒员外兼寄宗正李卿考功崔郎中；感事；旧唐书；太平广记；郑居中；逸史；广记；唐会要；册府元龜；登科记考；类说；大中遗事；河南少尹李公墓志铭；新唐书；唐郎官石柱题名考；郎官石柱题名新考订；晓上天津桥闲望偶逢卢郎中张员外携酒同倾；唐故太子少师奇章郡开国公赠太尉牛公（僧孺）墓志铭；山堂肆考；宝刻丛编；重游瑯琊溪诗；春夜宴席上戏赠裴淄州；文苑英华；自撰墓志；白氏长庆集；醉吟先生墓志铭；小岁日喜谈氏外孙女孩满月；天津桥；魏堤有怀；和友人洛中春感；候仙亭同诸客醉坐；奉和裴令公新成午桥庄绿野堂即事；赠楚州郭使君；汉书；想东游五十韵；五凤楼晚望,汉书,1,True,,0,False,1,24,"三月草萋萋
黄鶯歇又啼
柳橋晴有絮
沙路潤無泥
禊事修初畢
遊人到欲齊
金鈿耀桃李
絲管駭鳧鷖
轉岸迴船尾
臨流簇馬蹄
鬧於楊子渡
踏破魏王堤
妓接謝公宴
詩陪荀令題
舟同李膺汎
醴爲穆生攜
水引春心蕩
花牽醉眼迷
塵街從鼓動
烟樹任鴉棲
舞急紅腰凝去聲
歌遲翠黛低
夜歸何用燭
新月鳳樓西","開成二年三月三日河南尹李待價以人和歲稔將禊於洛濱前一日啓留守裴令公公明日召太子少傅白居易太子賓客蕭籍李仍叔劉禹錫前中書舍人鄭居中國子司業裴惲河南少尹李道樞倉部郎中崔瑨司封員外郎張可續駕部員外郎盧言虞部員外郎苗愔和州刺史裴儔淄州刺史裴洽檢校禮部員外郎楊魯士四門博士談弘謨等一十五人合宴於舟中由斗亭歷魏堤抵津橋登臨泝沿自晨及暮簪組交映歌笑間發前水嬉而後妓樂左筆硯而右壺觴望之若仙觀者如堵盡風光之賞極遊泛之娛美景良辰賞心樂事盡得於今日矣若不記錄謂洛無人晉公首賦一章鏗然玉振顧謂四座繼而和之居易舉酒抽毫奉十二韻以獻三月草萋萋
黄鶯歇又啼
柳橋晴有絮
沙路潤無泥
禊事修初畢
遊人到欲齊
金鈿耀桃李
絲管駭鳧鷖
轉岸迴船尾
臨流簇馬蹄
鬧於楊子渡
踏破魏王堤
妓接謝公宴
詩陪荀令題
舟同李膺汎
醴爲穆生攜
水引春心蕩
花牽醉眼迷
塵街從鼓動
烟樹任鴉棲
舞急紅腰凝去聲
歌遲翠黛低
夜歸何用燭
新月鳳樓西",398
2458,poem,2458,卷三十三,,,律詩,同夢得寄賀東西川二楊尚書,,,2458,revised_jsonl_direct,2459,837,revised_jsonl,谱；笺；旧唐书；杨六尚书新授东川节度使代妻戏贺兄嫂二绝；令狐相公拜尚书后有喜从镇归朝之作刘郎中先和因以继之；论语；和梦游春诗一百韵,论语,1,True,,0,False,1,10,"龍節對持真可愛
雁行相接更堪誇
兩川風景同三月
千里江山屬一家
魯衛定知聯氣色
潘楊亦覺有光華
予與二公
皆忝姻戚
應憐洛下分司伴
冷宴閑遊老看花","同夢得寄賀東西川二楊尚書龍節對持真可愛
雁行相接更堪誇
兩川風景同三月
千里江山屬一家
魯衛定知聯氣色
潘楊亦覺有光華
予與二公
皆忝姻戚
應憐洛下分司伴
冷宴閑遊老看花",85
2459,poem,2459,卷三十三,,,律詩,喜小樓西新柳抽條,,,2459,revised_jsonl_direct,2460,837,revised_jsonl,笺；有木诗八首,,0,False,,0,False,1,8,"一行弱柳前年種
數尺柔條今日新
漸欲拂他騎馬客
未多遮得上樓人
須教碧玉羞眉黛
莫與紅桃作麴塵
爲報金堤千萬樹
饒伊未敢苦爭春","喜小樓西新柳抽條一行弱柳前年種
數尺柔條今日新
漸欲拂他騎馬客
未多遮得上樓人
須教碧玉羞眉黛
莫與紅桃作麴塵
爲報金堤千萬樹
饒伊未敢苦爭春",71
2460,poem,2460,卷三十三,,,律詩,晚春酒醒尋夢得,,,2460,revised_jsonl_direct,2461,837,revised_jsonl,谱；笺；海录碎事；晚春酒熟寻梦得,,0,False,,0,False,1,10,"料合同惆悵
花殘酒亦殘
醉心忘老易
醒眼别春難
獨出雖慵懶
相逢定喜歡
還攜小蠻去
誠覓老劉看
小蠻
酒榼名也","晚春酒醒尋夢得料合同惆悵
花殘酒亦殘
醉心忘老易
醒眼别春難
獨出雖慵懶
相逢定喜歡
還攜小蠻去
誠覓老劉看
小蠻
酒榼名也",62
2461,poem,2461,卷三十三,,,律詩,感事,,,2461,revised_jsonl_direct,2462,837,revised_jsonl,笺；思旧；开成二年三月三日河南尹李待价以人和岁稔将禊于洛滨；不睡,,0,False,,0,False,1,14,"服氣崔常侍
晦叔
燒丹鄭舍人
居中
常期生羽翼
那忽化灰塵
每遇淒凉事
還思潦倒身
唯知趁杯酒
不解煉金銀
睡適三尸性
慵安五藏神
無憂亦無喜
六十六年春","感事服氣崔常侍
晦叔
燒丹鄭舍人
居中
常期生羽翼
那忽化灰塵
每遇淒凉事
還思潦倒身
唯知趁杯酒
不解煉金銀
睡適三尸性
慵安五藏神
無憂亦無喜
六十六年春",79
2462,poem,2462,卷三十三,,,律詩,和裴令公南莊一絶,,,2462,revised_jsonl_direct,2463,837,revised_jsonl,笺；奉和裴令公新成午桥庄绿野堂即事；自题小草亭；晋书；早春题少室东岩；诗,晋书；诗,2,True,,0,False,1,4,"陶廬僻陋那堪比
謝墅幽微不足攀
何似嵩峰三十六
長隨申甫作家山","和裴令公南莊一絶陶廬僻陋那堪比
謝墅幽微不足攀
何似嵩峰三十六
長隨申甫作家山",39
2463,poem,2463,卷三十三,,,律詩,宅西有流水牆下構小樓臨玩之時頗有幽趣因命歌酒聊以自娛獨醉獨吟偶題五絶其一,,,2463,revised_jsonl_direct,2464,837,revised_jsonl,笺,,0,False,,0,False,1,4,"伊水分來不自由
無人解愛爲誰流
家家抛向牆根底
唯我栽蓮起小樓","宅西有流水牆下構小樓臨玩之時頗有幽趣因命歌酒聊以自娛獨醉獨吟偶題五絶其一伊水分來不自由
無人解愛爲誰流
家家抛向牆根底
唯我栽蓮起小樓",67
2464,poem,2464,卷三十三,,,律詩,宅西有流水牆下構小樓臨玩之時頗有幽趣因命歌酒聊以自娛獨醉獨吟偶題五絶其二,,,2464,revised_jsonl_direct,2465,,revised_jsonl,,,0,False,,0,False,1,4,"水色波文何所似
麴塵羅帶一條斜
莫言羅帶春無主
自置樓來屬白家","宅西有流水牆下構小樓臨玩之時頗有幽趣因命歌酒聊以自娛獨醉獨吟偶題五絶其二水色波文何所似
麴塵羅帶一條斜
莫言羅帶春無主
自置樓來屬白家",67
2465,poem,2465,卷三十三,,,律詩,宅西有流水牆下構小樓臨玩之時頗有幽趣因命歌酒聊以自娛獨醉獨吟偶題五絶其三,,,2465,revised_jsonl_direct,2466,,revised_jsonl,霓裳羽衣歌,,0,False,,0,False,1,4,"日灧水光摇素壁
風飄樹影拂朱欄
皆言此處宜絃管
試奏霓裳一曲看","宅西有流水牆下構小樓臨玩之時頗有幽趣因命歌酒聊以自娛獨醉獨吟偶題五絶其三日灧水光摇素壁
風飄樹影拂朱欄
皆言此處宜絃管
試奏霓裳一曲看",67
2466,poem,2466,卷三十三,,,律詩,宅西有流水牆下構小樓臨玩之時頗有幽趣因命歌酒聊以自娛獨醉獨吟偶題五絶其四,,,2466,revised_jsonl_direct,2467,,revised_jsonl,秋夜听高调凉州,,0,False,,0,False,1,4,"霓裳奏罷唱凉州
紅袖斜翻翠黛愁
應是遥聞勝近聽
行人欲過盡迴頭","宅西有流水牆下構小樓臨玩之時頗有幽趣因命歌酒聊以自娛獨醉獨吟偶題五絶其四霓裳奏罷唱凉州
紅袖斜翻翠黛愁
應是遥聞勝近聽
行人欲過盡迴頭",67
2467,poem,2467,卷三十三,,,律詩,宅西有流水牆下構小樓臨玩之時頗有幽趣因命歌酒聊以自娛獨醉獨吟偶題五絶其五,,,2467,revised_jsonl_direct,2468,,revised_jsonl,读鄂公传；快活,,0,False,,0,False,1,4,"獨醉還須得歌舞
自娛何必要親賓
當時一部清商樂
亦不長將樂外人","宅西有流水牆下構小樓臨玩之時頗有幽趣因命歌酒聊以自娛獨醉獨吟偶題五絶其五獨醉還須得歌舞
自娛何必要親賓
當時一部清商樂
亦不長將樂外人",67
2468,poem,2468,卷三十三,,,律詩,偶作,,,2468,revised_jsonl_direct,2469,837,revised_jsonl,笺；养拙,,0,False,,0,False,1,8,"籃舁出即忘歸舍
柴户昏猶未掩關
聞客病時慚體健
見人忙處覺身閑
清凉秋寺行香去
和煖春城拜表還
木雁一篇須記取
致身才與不才間","偶作籃舁出即忘歸舍
柴户昏猶未掩關
聞客病時慚體健
見人忙處覺身閑
清凉秋寺行香去
和煖春城拜表還
木雁一篇須記取
致身才與不才間",65
2469,poem,2469,卷三十三,,,律詩,同夢得酬牛相公初到洛中小飲見贈,,,2469,revised_jsonl_direct,2470,837,revised_jsonl,谱；笺；旧唐书；奉酬淮南牛相公思黯见寄二十四韵；晚归香山寺因咏所怀,,0,False,,0,False,1,8,"淮南揮手抛紅斾
洛下迴頭向白雲
政事堂中老丞相
制科場裏舊將軍
宮城煙月饒全占
闕塞風光請中分
詩酒放狂猶得在
莫欺白叟與劉君","同夢得酬牛相公初到洛中小飲見贈淮南揮手抛紅斾
洛下迴頭向白雲
政事堂中老丞相
制科場裏舊將軍
宮城煙月饒全占
闕塞風光請中分
詩酒放狂猶得在
莫欺白叟與劉君",78
2470,poem,2470,卷三十三,,,律詩,幽居早秋閑詠,,,2470,revised_jsonl_direct,2471,837,revised_jsonl,笺,,0,False,,0,False,1,12,"幽僻囂塵外
清凉水木間
卧風秋拂簟
步月夜開關
且得身安泰
從他世險艱
但休爭要路
不必入深山
軒鶴留何用
泉魚放不還
誰人知此味
臨老十年閑","幽居早秋閑詠幽僻囂塵外
清凉水木間
卧風秋拂簟
步月夜開關
且得身安泰
從他世險艱
但休爭要路
不必入深山
軒鶴留何用
泉魚放不還
誰人知此味
臨老十年閑",77
2471,poem,2471,卷三十三,,,律詩,和令狐僕射小飲聽阮咸,,,2471,revised_jsonl_direct,2472,837,revised_jsonl,笺；洛下闲居寄山南令狐相公；旧唐书；竹林七贤图；通典；新唐书；太平广记；阮咸；国史纂,,0,False,,0,False,1,12,"掩抑復淒清
非琴不是箏
還彈樂府曲
别占阮家名
古調何人識
初聞滿座驚
落盤珠歷歷
摇珮玉琤琤
似勸杯中物
如含林下情
時移音律改
豈是昔時聲","和令狐僕射小飲聽阮咸掩抑復淒清
非琴不是箏
還彈樂府曲
别占阮家名
古調何人識
初聞滿座驚
落盤珠歷歷
摇珮玉琤琤
似勸杯中物
如含林下情
時移音律改
豈是昔時聲",81
2472,poem,2472,卷三十三,,,律詩,燒藥不成命酒獨醉,,,2472,revised_jsonl_direct,2473,837,revised_jsonl,笺；庄子；释文；口义；广韵；寻王道士药堂因有题赠,庄子,1,True,,0,False,1,8,"白髮逢秋王去聲
丹砂見火空
不能留姹女
爭免作衰翁
賴有杯中綠
能爲面上紅
少年心不遠
只在半酣中","燒藥不成命酒獨醉白髮逢秋王去聲
丹砂見火空
不能留姹女
爭免作衰翁
賴有杯中綠
能爲面上紅
少年心不遠
只在半酣中",57
2473,poem,2473,卷三十三,,,律詩,送盧郎中赴河東裴令公幕,,,2473,revised_jsonl_direct,2474,837,revised_jsonl,笺；晓上天津桥闲望偶逢卢郎中张员外携酒同倾；旧唐书；奉和裴令公新成午桥庄绿野堂即事,,0,False,,0,False,1,4,"别時暮雨洛橋岸
到日凉風汾水波
荀令見君應問我
爲言秋草閉門多","送盧郎中赴河東裴令公幕别時暮雨洛橋岸
到日凉風汾水波
荀令見君應問我
爲言秋草閉門多",42
2474,poem,2474,卷三十三,,,律詩,送李滁州,,,2474,revised_jsonl_direct,2475,837,revised_jsonl,笺,,0,False,,0,False,1,8,"君於覺路深留意
我亦禪門薄致功
未悟病時須去病
已知空後莫依空
白衣卧疾嵩山下
皂蓋行春楚水東
誰道三年千里别
兩心同在道場中","送李滁州君於覺路深留意
我亦禪門薄致功
未悟病時須去病
已知空後莫依空
白衣卧疾嵩山下
皂蓋行春楚水東
誰道三年千里别
兩心同在道場中",67
2475,poem,2475,卷三十三,,,律詩,長齋月滿寄思黯,,,2475,revised_jsonl_direct,2476,837,revised_jsonl,笺；同梦得酬牛相公初到洛中小饮见赠；诗,诗,1,True,,0,False,1,6,"一日不見如三月
一月相思如七年
似隔山河千里地
仍當風雨九秋天
明朝齋滿相尋去
挈榼抱衾同醉眠","長齋月滿寄思黯一日不見如三月
一月相思如七年
似隔山河千里地
仍當風雨九秋天
明朝齋滿相尋去
挈榼抱衾同醉眠",54
2476,poem,2476,卷三十三,,,律詩,冬夜對酒寄皇甫十,,,2476,revised_jsonl_direct,2477,837,revised_jsonl,笺；答皇甫十郎中秋深酒熟见忆,,0,False,,0,False,1,8,"霜殺中庭草
冰生後院池
有風空動樹
無葉可辭枝
十月苦長夜
百年强半時
新開一瓶酒
那得不相思","冬夜對酒寄皇甫十霜殺中庭草
冰生後院池
有風空動樹
無葉可辭枝
十月苦長夜
百年强半時
新開一瓶酒
那得不相思",55
2477,poem,2477,卷三十三,,,律詩,歲除夜對酒,,,2477,revised_jsonl_direct,2478,837,revised_jsonl,谱；笺；马坠强出赠同座,,0,False,,0,False,1,8,"衰翁歲除夜
對酒思悠然
草白經霜地
雲黄欲雪天
醉依烏皆反香枕坐
慵傍暖爐眠
洛下閑來久
明朝是十年","歲除夜對酒衰翁歲除夜
對酒思悠然
草白經霜地
雲黄欲雪天
醉依烏皆反香枕坐
慵傍暖爐眠
洛下閑來久
明朝是十年",55
2478,poem,2478,卷三十四,,,律詩,司徒令公分守東洛移鎮北都一心勤王三月成政形容盛德實在歌詩况辱知音敢不先唱輒奉五言四十韻寄獻以抒下情,,,2478,revised_jsonl_direct,2479,837,revised_jsonl,笺；送卢郎中赴河东裴令公幕；旧唐书；司天台；奉和裴令公新成午桥庄绿野堂即事；汉书；周史六弢；六韬；诗；春游二林寺；左传；别雅；书；礼记；史记；战国策；裴侍中晋公以集贤林亭即事诗二十六韵见赠猥蒙征和才拙词繁辄广为五百言以伸酬献；召诏；洛诰；行次夏口先寄李大夫；和三月三十日四十韵；效陶潜体诗十六首；宿温城望军营；段太尉逸事状；宋书；旅次华州赠袁右丞；奉和汴州令狐相公二十二韵；赠李兵马使；杂兴三首；醉送李二十常侍赴镇浙东；废琴；凉州词；唐国史补；酬周协律；赠杨使君；通典；开成二年三月三日河南尹李待价以人和岁稔将禊于洛滨；四时纂要；尔雅；埤雅；列子；论语,汉书；六韬；诗；左传；书；礼记；史记；战国策；宋书；尔雅；列子；论语,12,True,,0,False,1,96,"天上中台正
人間一品高
中書令上應中台
司徒官一品
休明值堯舜
勳業過蕭曹
始擅文三捷
進士及第﹑博學﹑制策
連登三科
終兼武六韜
動人名赫赫
憂國意忉忉
盪蔡擒封豕
吳元濟也
平齊斬巨鼇
李師道也
兩河收土宇
四海定波濤
寵重移宮籥
自東都留守授北京留守
恩新換閫旄
保釐東宅靜
周公﹑召公東治洛宅
守護北門牢
晉國封疆闊
并州士馬豪
胡兵驚赤幟
邊雁避烏號
令下流如水
仁霑澤似膏
路喧歌五袴
軍醉感單醪
將校森貔武
賓僚儼雋髦
客無煩夜柝
吏不犯秋毫
神在臺駘助
魂亡獫狁逃
德星銷彗孛
霖雨滅腥臊
烽戍高臨代
關河遠控洮
汾雲晴漠漠
朔吹冷颾颾
豹尾交衙戟
虯鬚捧佩刀
通天白犀帶
照地紫麟袍
羌管吹楊柳
燕姬酌蒲萄
蒲萄酒出太原
銀含鑿落盞
金屑琵琶槽
遥想從軍樂
應忘報國勞
紫微留北闕
中書令即紫微令也
綠野寄東臯
綠野堂在東都午橋莊也
忽憶前時會
多慚下客叨
清宵陪讌話
美景從遊遨
花月還同賞
琴詩雅自操
朱絃拂宮徵
洪筆振風騷
近竹開方丈
依林架桔橰
春池八九曲
畫舫兩三艘
逕滑苔粘屐
潭深水没篙
綠絲縈岸柳
紅粉映樓桃
皆午橋莊中佳境
爲穆先陳醴
居易每十齋日在會
常蒙以三勒湯代酒也
招劉共藉糟
劉夢得也
舞鬟金翡翠
歌頸玉蠐螬
盛德終難退
明時豈易遭
公雖慕張范
張良﹑范蠡
帝未捨伊臯
眷戀心方結
踟躕首已搔
鸞凰上寥廓
燕雀住蓬蒿
欲獻文狂簡
徒煩思鬱陶
可憐四百字
輕重抵鴻毛","司徒令公分守東洛移鎮北都一心勤王三月成政形容盛德實在歌詩况辱知音敢不先唱輒奉五言四十韻寄獻以抒下情天上中台正
人間一品高
中書令上應中台
司徒官一品
休明值堯舜
勳業過蕭曹
始擅文三捷
進士及第﹑博學﹑制策
連登三科
終兼武六韜
動人名赫赫
憂國意忉忉
盪蔡擒封豕
吳元濟也
平齊斬巨鼇
李師道也
兩河收土宇
四海定波濤
寵重移宮籥
自東都留守授北京留守
恩新換閫旄
保釐東宅靜
周公﹑召公東治洛宅
守護北門牢
晉國封疆闊
并州士馬豪
胡兵驚赤幟
邊雁避烏號
令下流如水
仁霑澤似膏
路喧歌五袴
軍醉感單醪
將校森貔武
賓僚儼雋髦
客無煩夜柝
吏不犯秋毫
神在臺駘助
魂亡獫狁逃
德星銷彗孛
霖雨滅腥臊
烽戍高臨代
關河遠控洮
汾雲晴漠漠
朔吹冷颾颾
豹尾交衙戟
虯鬚捧佩刀
通天白犀帶
照地紫麟袍
羌管吹楊柳
燕姬酌蒲萄
蒲萄酒出太原
銀含鑿落盞
金屑琵琶槽
遥想從軍樂
應忘報國勞
紫微留北闕
中書令即紫微令也
綠野寄東臯
綠野堂在東都午橋莊也
忽憶前時會
多慚下客叨
清宵陪讌話
美景從遊遨
花月還同賞
琴詩雅自操
朱絃拂宮徵
洪筆振風騷
近竹開方丈
依林架桔橰
春池八九曲
畫舫兩三艘
逕滑苔粘屐
潭深水没篙
綠絲縈岸柳
紅粉映樓桃
皆午橋莊中佳境
爲穆先陳醴
居易每十齋日在會
常蒙以三勒湯代酒也
招劉共藉糟
劉夢得也
舞鬟金翡翠
歌頸玉蠐螬
盛德終難退
明時豈易遭
公雖慕張范
張良﹑范蠡
帝未捨伊臯
眷戀心方結
踟躕首已搔
鸞凰上寥廓
燕雀住蓬蒿
欲獻文狂簡
徒煩思鬱陶
可憐四百字
輕重抵鴻毛",654
2479,poem,2479,卷三十四,,,律詩,和東川楊慕巢尚書府中獨坐感戚在懷見寄十四韻,,,2479,revised_jsonl_direct,2480,837,revised_jsonl,笺；杨六尚书新授东川节度使代妻戏贺兄嫂二绝；哭师臯；重过寿泉忆与杨九别时因题店壁；开成二年三月三日河南尹李待价以人和岁稔将禊于洛滨；太平寰宇记；早春雪后赠洛阳李长官长水郑明府二同年,,0,False,,0,False,1,30,"我是知君者
君今意若何
窮通時不定
苦樂事相和
東蜀歡殊渥
西江歎逝波
只緣榮貴極
翻使感傷多
行斷風驚雁
慕巢及楊九﹑楊十前年來
兄弟三人各在一處
年侵日下坡
片心休慘戚
雙鬢已蹉跎
紫綬黄金印
青幢白玉珂
老將榮補帖
愁用道銷磨
外府饒杯酒
中堂有綺羅
應須引滿飲
何不放狂歌
錦水通巴峽
香山對洛河
將軍馳鐵馬
少傅步銅駝
深契憐松竹
高情憶薜蘿
懸車年甚遠
未敢放相過","和東川楊慕巢尚書府中獨坐感戚在懷見寄十四韻我是知君者
君今意若何
窮通時不定
苦樂事相和
東蜀歡殊渥
西江歎逝波
只緣榮貴極
翻使感傷多
行斷風驚雁
慕巢及楊九﹑楊十前年來
兄弟三人各在一處
年侵日下坡
片心休慘戚
雙鬢已蹉跎
紫綬黄金印
青幢白玉珂
老將榮補帖
愁用道銷磨
外府饒杯酒
中堂有綺羅
應須引滿飲
何不放狂歌
錦水通巴峽
香山對洛河
將軍馳鐵馬
少傅步銅駝
深契憐松竹
高情憶薜蘿
懸車年甚遠
未敢放相過",209
2480,poem,2480,卷三十四,,,律詩,分司洛中多暇數與諸客宴遊醉後狂吟偶成十韻因招夢得賓客兼呈思黯奇章公,,,2480,revised_jsonl_direct,2481,837,revised_jsonl,笺；同梦得酬牛相公初到洛中小饮见赠；旧唐书；丘中有一士；吾土；读李杜诗集因题卷后；九日醉吟,,0,False,,0,False,1,20,"性與時相遠
身將世兩忘
寄名朝士籍
寓興少年場
老豈無談笑
貧猶有酒漿
隨時求伴侶
逐日用風光
數數遊何爽
些些病未妨
天教榮啓樂
人恕接輿狂
改業爲逋客
移家住醉鄉
不論招夢得
兼擬誘奇章
要路風波險
權門市井忙
世間無可戀
不是不思量","分司洛中多暇數與諸客宴遊醉後狂吟偶成十韻因招夢得賓客兼呈思黯奇章公性與時相遠
身將世兩忘
寄名朝士籍
寓興少年場
老豈無談笑
貧猶有酒漿
隨時求伴侶
逐日用風光
數數遊何爽
些些病未妨
天教榮啓樂
人恕接輿狂
改業爲逋客
移家住醉鄉
不論招夢得
兼擬誘奇章
要路風波險
權門市井忙
世間無可戀
不是不思量",152
2481,poem,2481,卷三十四,,,律詩,小歲日喜談氏外孫女孩滿月,,,2481,revised_jsonl_direct,2482,837,revised_jsonl,笺；小岁日对酒吟钱湖州所寄诗；开成二年三月三日河南尹李待价以人和岁稔将禊于洛滨；后汉书；爱日斋丛钞；唐书；北户录,后汉书,1,True,,0,False,1,13,"今旦夫妻喜
他人豈得知
自嗟生女晚
敢訝見孫遲
物以稀爲貴
情因老更慈
新年逢吉日
滿月乞名時
因名引珠
桂燎熏花果
蘭湯洗玉肌
懷中有可抱
何必是男兒","小歲日喜談氏外孫女孩滿月今旦夫妻喜
他人豈得知
自嗟生女晚
敢訝見孫遲
物以稀爲貴
情因老更慈
新年逢吉日
滿月乞名時
因名引珠
桂燎熏花果
蘭湯洗玉肌
懷中有可抱
何必是男兒",88
2482,poem,2482,卷三十四,,,律詩,閑吟贈皇甫郎中親家翁,,,2482,revised_jsonl_direct,2483,837,revised_jsonl,笺；池上清晨候皇甫郎中；敬酬陈掾亲家翁秋夜有赠；旧唐书；猗觉寮杂记；将归渭村先寄舍弟,,0,False,,0,False,1,8,"誰能嗟歎光陰暮
豈復憂愁活計貧
忽忽不知頭上事
時時猶憶眼中人
早爲良友非交勢
晚接嘉姻不失親
最喜兩家婚嫁畢
一時抽得尚平身","閑吟贈皇甫郎中親家翁誰能嗟歎光陰暮
豈復憂愁活計貧
忽忽不知頭上事
時時猶憶眼中人
早爲良友非交勢
晚接嘉姻不失親
最喜兩家婚嫁畢
一時抽得尚平身",73
2483,poem,2483,卷三十四,,,律詩,夢得卧病攜酒相尋先以此寄,,,2483,revised_jsonl_direct,2484,837,revised_jsonl,笺,,0,False,,0,False,1,8,"病來知少客
誰可以爲娛
日晏開門未
秋寒有酒無
自宜相慰問
何必待招呼
小疾無妨飲
還須挈一壺","夢得卧病攜酒相尋先以此寄病來知少客
誰可以爲娛
日晏開門未
秋寒有酒無
自宜相慰問
何必待招呼
小疾無妨飲
還須挈一壺",59
2484,poem,2484,卷三十四,,,律詩,酬思黯戲贈,,,2484,revised_jsonl_direct,2485,837,revised_jsonl,笺；同梦得酬牛相公初到洛中小饮见赠；山居赋；旧唐书；元载传；河中之水歌；猗觉寮杂记；野客丛书；南史；广韵,,0,False,,0,False,1,13,"鍾乳三千兩
金釵十二行
妬他心似火
欺我鬢如霜
思黯自誇前後服鍾乳三千兩
甚得力
而歌舞之妓頗多
來詩謔予羸老
故戲答之
慰老資歌笑
銷愁仰去聲酒漿
眼看狂不得
狂得且須狂","酬思黯戲贈鍾乳三千兩
金釵十二行
妬他心似火
欺我鬢如霜
思黯自誇前後服鍾乳三千兩
甚得力
而歌舞之妓頗多
來詩謔予羸老
故戲答之
慰老資歌笑
銷愁仰去聲酒漿
眼看狂不得
狂得且須狂",91
2485,poem,2485,卷三十四,,,律詩,又戲答絶句,,,2485,revised_jsonl_direct,2486,837,revised_jsonl,笺；吾土,,0,False,,0,False,1,4,"狂夫與我世相忘
故態些些亦不妨
縱酒放歌聊自樂
接輿爭解教人狂","又戲答絶句狂夫與我世相忘
故態些些亦不妨
縱酒放歌聊自樂
接輿爭解教人狂",36
2486,poem,2486,卷三十四,,,律詩,令狐相公與夢得交情素深眷予分亦不淺一聞薨逝相顧泫然旋有使來得前月未殁之前數日書及詩寄贈夢得哀吟悲歎寄情於詩詩成示予感而繼和,,,2486,revised_jsonl_direct,2487,837,revised_jsonl,笺；洛下闲居寄山南令狐相公；旧唐书；令狐楚集纪；玉谿生年谱会笺平质；唐实录；通典；世说新语,,0,False,,0,False,1,12,"緘題重疊語殷勤
存殁交親自此分
前月使來猶理命
今朝詩到是遺文
銀鈎見晚書無報
玉樹埋深哭不聞
最感一行絶筆字
尚言千萬樂天君
令狐與夢得手札後云
“見樂天君
爲伸千萬之誠也
”","令狐相公與夢得交情素深眷予分亦不淺一聞薨逝相顧泫然旋有使來得前月未殁之前數日書及詩寄贈夢得哀吟悲歎寄情於詩詩成示予感而繼和緘題重疊語殷勤
存殁交親自此分
前月使來猶理命
今朝詩到是遺文
銀鈎見晚書無報
玉樹埋深哭不聞
最感一行絶筆字
尚言千萬樂天君
令狐與夢得手札後云
“見樂天君
爲伸千萬之誠也
”",150
2487,poem,2487,卷三十四,,,律詩,洛下雪中頻與劉李二賓客宴集因寄汴州李尚書,,,2487,revised_jsonl_direct,2488,838,revised_jsonl,笺；洛阳春赠刘李二宾客；春尽日天津桥头偶呈李尹侍郎；渭村退居寄礼部崔侍郎翰林钱舍人诗一百韵；裴令公席上赠别梦得,,0,False,,0,False,1,8,"水南水北雪紛紛
雪裏歡遊莫厭頻
日日暗來唯老病
年年少去是交親
碧氊帳暖梅花濕
紅燎爐香竹葉春
今日鄒枚俱在洛
梁園置酒召何人","洛下雪中頻與劉李二賓客宴集因寄汴州李尚書水南水北雪紛紛
雪裏歡遊莫厭頻
日日暗來唯老病
年年少去是交親
碧氊帳暖梅花濕
紅燎爐香竹葉春
今日鄒枚俱在洛
梁園置酒召何人",83
2488,poem,2488,卷三十四,,,律詩,看夢得題答李侍郎詩詩中有文星之句因戲和之,,,2488,revised_jsonl_direct,2489,838,revised_jsonl,笺；广宣上人以应制诗见示因以赠之诏许上人居安国寺红楼院以诗供奉；晋书；荆州占,晋书,1,True,,0,False,1,4,"看題錦繡報瓊瓌
俱是人天第一才
好遣文星守躔次
亦須防有客星來","看夢得題答李侍郎詩詩中有文星之句因戲和之看題錦繡報瓊瓌
俱是人天第一才
好遣文星守躔次
亦須防有客星來",51
2489,poem,2489,卷三十四,,,律詩,閑適,,,2489,revised_jsonl_direct,2490,838,revised_jsonl,笺；论语,论语,1,True,,0,False,1,8,"祿俸優饒官不卑
就中閑適是分司
風光暖助遊行處
雨雪寒供飲宴時
肥馬輕裘還粗有
麤歌薄酒亦相隨
微躬所要今皆得
只是蹉跎得校遲","閑適祿俸優饒官不卑
就中閑適是分司
風光暖助遊行處
雨雪寒供飲宴時
肥馬輕裘還粗有
麤歌薄酒亦相隨
微躬所要今皆得
只是蹉跎得校遲",65
2490,poem,2490,卷三十四,,,律詩,戲答思黯,,,2490,revised_jsonl_direct,2491,838,revised_jsonl,笺；酬思黯戏赠；听崔七妓人筝,,0,False,,0,False,1,4,"何時得見十三絃
待取無雲有月天
願得金波明似鏡
鏡中照出月中仙","戲答思黯何時得見十三絃
待取無雲有月天
願得金波明似鏡
鏡中照出月中仙",35
2491,poem,2491,卷三十四,,,律詩,酬裴令公贈馬相戲,,,2491,revised_jsonl_direct,2492,838,revised_jsonl,笺；司徒令公分守东洛移镇北都一心勤王三月成政形容盛德实在歌诗况辱知音敢不先唱辄奉五言四十韵寄献以抒下情；有小白马乘驭多时奉使东行至稠桑驿溘然而毙足可惊伤不能忘情题二十韵；候仙亭同诸客醉坐,,0,False,,0,False,1,4,"安石風流無奈何
欲將赤驥換青娥
不辭便送東山去
臨老何人與唱歌","酬裴令公贈馬相戲安石風流無奈何
欲將赤驥換青娥
不辭便送東山去
臨老何人與唱歌",39
2492,poem,2492,卷三十四,,,律詩,新歲贈夢得,,,2492,revised_jsonl_direct,2493,838,revised_jsonl,笺；耳顺吟寄敦诗梦得；岁假内命酒赠周判官萧协律,,0,False,,0,False,1,8,"暮齒忽將及
同心私自憐
漸衰宜減食
已喜更加年
紫綬行聯袂
籃輿出比肩
與君同甲子
歲酒合誰先","新歲贈夢得暮齒忽將及
同心私自憐
漸衰宜減食
已喜更加年
紫綬行聯袂
籃輿出比肩
與君同甲子
歲酒合誰先",52
2493,poem,2493,卷三十四,,,律詩,早春持齋答皇甫十見贈,,,2493,revised_jsonl_direct,2494,838,revised_jsonl,笺；闲吟赠皇甫郎中亲家翁,,0,False,,0,False,1,4,"正月晴和風景新
紛紛已有醉遊人
帝城花笑長齋客
二十年來負早春","早春持齋答皇甫十見贈正月晴和風景新
紛紛已有醉遊人
帝城花笑長齋客
二十年來負早春",41
2494,poem,2494,卷三十四,,,律詩,戲贈夢得兼呈思黯,,,2494,revised_jsonl_direct,2495,838,revised_jsonl,笺；酬思黯戏赠；左传；答陈商书；唐志；赠陈商；送陈商；唐摭言；册府元龜；春夜宴席上戏赠裴淄州；醉后；冬至夜,左传,1,True,,0,False,1,13,"雙鬢莫欺今老矣
《傳》曰
“今老矣
無能爲也
”一杯莫笑便陶然
陳郎中處爲高户
裴使君前作少年
陳商郎中酒户涓滴
裴洽使君年九十餘
顧我獨狂多自哂
與君同病最相憐
月終齋滿誰開素
須䛏奇章置一筵","戲贈夢得兼呈思黯雙鬢莫欺今老矣
《傳》曰
“今老矣
無能爲也
”一杯莫笑便陶然
陳郎中處爲高户
裴使君前作少年
陳商郎中酒户涓滴
裴洽使君年九十餘
顧我獨狂多自哂
與君同病最相憐
月終齋滿誰開素
須䛏奇章置一筵",105
2495,poem,2495,卷三十四,,,律詩,早春憶遊思黯南莊因寄長句,,,2495,revised_jsonl_direct,2496,838,revised_jsonl,笺,,0,False,,0,False,1,8,"南莊勝處心常憶
借問軒車早晚遊
美景難忘竹廊下
好風爭奈柳橋頭
冰消見水多於地
雪霽看山盡入樓
若待春深始同賞
鶯殘花落却堪愁","早春憶遊思黯南莊因寄長句南莊勝處心常憶
借問軒車早晚遊
美景難忘竹廊下
好風爭奈柳橋頭
冰消見水多於地
雪霽看山盡入樓
若待春深始同賞
鶯殘花落却堪愁",75
2496,poem,2496,卷三十四,,,律詩,酬皇甫十早春對雪見贈,,,2496,revised_jsonl_direct,2497,838,revised_jsonl,笺；闲吟赠皇甫郎中亲家翁,,0,False,,0,False,1,8,"漠漠復雰雰
東風散玉塵
明催竹窗曉
寒退柳園春
綠醑香堪憶
紅爐暖可親
忍心三兩日
莫作破齋人","酬皇甫十早春對雪見贈漠漠復雰雰
東風散玉塵
明催竹窗曉
寒退柳園春
綠醑香堪憶
紅爐暖可親
忍心三兩日
莫作破齋人",57
2497,poem,2497,卷三十四,,,律詩,奉和思黯自題南莊見示兼呈夢得,,,2497,revised_jsonl_direct,2498,838,revised_jsonl,笺；和裴令公南庄一绝,,0,False,,0,False,1,8,"謝家别墅最新奇
山展屏風花夾籬
曉月漸沉橋脚底
晨光初照屋梁時
臺頭有酒鶯呼客
水面無塵風洗池
除却吟詩兩閑客
此中情狀更誰知","奉和思黯自題南莊見示兼呈夢得謝家别墅最新奇
山展屏風花夾籬
曉月漸沉橋脚底
晨光初照屋梁時
臺頭有酒鶯呼客
水面無塵風洗池
除却吟詩兩閑客
此中情狀更誰知",77
2498,poem,2498,卷三十四,,,律詩,送蘄春李十九使君赴郡,,,2498,revised_jsonl_direct,2499,838,revised_jsonl,笺；为汝南公与蕲州李郎中状；玉谿生年谱会笺；进士龚轺墓志；杭州新造南亭记；太平广记；李秀才,,0,False,,0,False,1,8,"可憐官職好文詞
五十專城未是遲
曉日鏡前無白髮
春風門外有紅旗
郡中何處堪攜酒
席上誰人解和詩
唯共交親開口笑
知君不及洛陽時","送蘄春李十九使君赴郡可憐官職好文詞
五十專城未是遲
曉日鏡前無白髮
春風門外有紅旗
郡中何處堪攜酒
席上誰人解和詩
唯共交親開口笑
知君不及洛陽時",73
2499,poem,2499,卷三十四,,,律詩,自題酒庫,,,2499,revised_jsonl_direct,2500,838,revised_jsonl,笺；容斋五笔；天将富此翁；自题酒库；尝黄醅新酎忆微之,,0,False,,0,False,1,11,"野鶴一辭籠
虛舟長任風
送愁還鬧處
移老入閑中
身更求何事
天將富此翁
此翁何處富
酒庫不曾空
劉仁軌詩云
“天將富此翁
”以一醉爲富也","自題酒庫野鶴一辭籠
虛舟長任風
送愁還鬧處
移老入閑中
身更求何事
天將富此翁
此翁何處富
酒庫不曾空
劉仁軌詩云
“天將富此翁
”以一醉爲富也",72
2500,poem,2500,卷三十四,,,律詩,寒食日寄楊東川,,,2500,revised_jsonl_direct,2501,838,revised_jsonl,笺；和东川杨慕巢尚书府中独坐感戚在怀见寄十四韵；敦煌变文集；西洲曲；梓州郪县兜率寺浮图碑；上兜率寺；方舆胜览；江楼月；赠内,,0,False,,0,False,1,8,"不知楊六逢寒食
作音佐底歡娛過此辰
兜率寺高宜望月
嘉陵江近好遊春
蠻旗似火行隨馬
蜀妓如花坐遶身
不使黔婁夫婦看
誇張富貴向何人","寒食日寄楊東川不知楊六逢寒食
作音佐底歡娛過此辰
兜率寺高宜望月
嘉陵江近好遊春
蠻旗似火行隨馬
蜀妓如花坐遶身
不使黔婁夫婦看
誇張富貴向何人",72
2501,poem,2501,卷三十四,,,律詩,醉後聽唱桂華曲,,,2501,revised_jsonl_direct,2502,838,revised_jsonl,笺；东城桂三首,,0,False,,0,False,1,4,"桂華詞意苦丁寧
唱到常娥醉便醒
此是世間腸斷曲
莫教不得意人聽","醉後聽唱桂華曲桂華詞意苦丁寧
唱到常娥醉便醒
此是世間腸斷曲
莫教不得意人聽",38
2502,poem,2502,卷三十四,,,律詩,酬夢得以予五月長齋延僧徒絶賓友見戲十韻,,,2502,revised_jsonl_direct,2503,838,revised_jsonl,笺；新昌新居书事四十韵因寄元郎中张博士；楞严经；入楞伽经；乐天少傅五月长斋广延缁徒谢绝文友坐成睽间因以戏之；宋书,宋书,1,True,,0,False,1,21,"賓客懶逢迎
翛然池館清
簷閑空燕語
林靜未蟬鳴
葷血還休食
杯觴亦罷傾
三春多放逸
五月暫修行
香印朝烟細
紗燈夕焰明
交遊諸長老
師事古先生
竺乾古先生也
禪後心彌寂
齋來體更輕
不唯忘肉味
兼擬減風情
蒙以聲聞待
難將戲論爭
虛空若有佛
靈運恐先成","酬夢得以予五月長齋延僧徒絶賓友見戲十韻賓客懶逢迎
翛然池館清
簷閑空燕語
林靜未蟬鳴
葷血還休食
杯觴亦罷傾
三春多放逸
五月暫修行
香印朝烟細
紗燈夕焰明
交遊諸長老
師事古先生
竺乾古先生也
禪後心彌寂
齋來體更輕
不唯忘肉味
兼擬減風情
蒙以聲聞待
難將戲論爭
虛空若有佛
靈運恐先成",145
2503,poem,2503,卷三十四,,,律詩,奉和裴令公三月上巳日遊太原龍泉憶去歲禊洛見示之作,,,2503,revised_jsonl_direct,2504,838,revised_jsonl,谱；笺；司徒令公分守东洛移镇北都一心勤王三月成政形容盛德实在歌诗况辱知音敢不先唱辄奉五言四十韵寄献以抒下情；明一统志；山西通志；开成二年三月三日河南尹李待价以人和岁稔将禊于洛滨；反鲍明远白头吟；自咏；伤友,,0,False,,0,False,1,11,"去歲暮春上巳
共泛洛水中流
今歲暮春上巳
獨立香山下頭
時居易獨遊香山寺
風光閑寂寂
旌斾遠悠悠
丞相府歸晉國
太行山礙并州
鵬背負天龜曳尾
雲泥不可得同遊","奉和裴令公三月上巳日遊太原龍泉憶去歲禊洛見示之作去歲暮春上巳
共泛洛水中流
今歲暮春上巳
獨立香山下頭
時居易獨遊香山寺
風光閑寂寂
旌斾遠悠悠
丞相府歸晉國
太行山礙并州
鵬背負天龜曳尾
雲泥不可得同遊",102
2504,poem,2504,卷三十四,,,律詩,又和令公新開龍泉晉水二池,,,2504,revised_jsonl_direct,2505,838,revised_jsonl,笺；元和郡县志；左传；杂诗；和裴令公一日日一年年杂言见赠,左传；杂诗,2,True,,0,False,1,10,"舊有潢汙泊
今爲白水塘
詩云
“方塘含白水
”笙歌聞四面
樓閣在中央
春變烟波色
晴添樹木光
龍泉信爲美
莫忘午橋莊","又和令公新開龍泉晉水二池舊有潢汙泊
今爲白水塘
詩云
“方塘含白水
”笙歌聞四面
樓閣在中央
春變烟波色
晴添樹木光
龍泉信爲美
莫忘午橋莊",70
2505,poem,2505,卷三十四,,,律詩,早夏曉興贈夢得,,,2505,revised_jsonl_direct,2506,838,revised_jsonl,笺；读鄂公传；快活,,0,False,,0,False,1,8,"窗明簾薄透朝光
卧整巾簪起下牀
背壁燈殘經宿焰
開箱衣帶隔年香
無情亦任他春去
不醉爭銷得日長
一部清商一壺酒
與君明日暖新堂","早夏曉興贈夢得窗明簾薄透朝光
卧整巾簪起下牀
背壁燈殘經宿焰
開箱衣帶隔年香
無情亦任他春去
不醉爭銷得日長
一部清商一壺酒
與君明日暖新堂",70
2506,poem,2506,卷三十四,,,律詩,春日題乾元寺上方最高峰亭,,,2506,revised_jsonl_direct,2507,838,revised_jsonl,笺；河南府志；伽蓝记；洛志；记；名胜志；龙门记；乾元寺记；和晨霞；一切经音义,记,1,True,,0,False,1,10,"危亭絶頂四無鄰
見盡三千世界春
但覺虛空無障礙
不知高下幾由旬
迴看官路三條線
却望都城一片塵
賓客暫遊無半日
王侯不到便終身
始知天造空閑境
不爲忙人富貴人","春日題乾元寺上方最高峰亭危亭絶頂四無鄰
見盡三千世界春
但覺虛空無障礙
不知高下幾由旬
迴看官路三條線
却望都城一片塵
賓客暫遊無半日
王侯不到便終身
始知天造空閑境
不爲忙人富貴人",91
2507,poem,2507,卷三十四,,,律詩,奉和思黯相公以李蘇州所寄太湖石奇狀絶倫因題二十韻見示兼呈夢得,,,2507,revised_jsonl_direct,2508,838,revised_jsonl,笺；酬思黯戏赠；旧唐书；姑苏志；古今守令表上；太湖石；暮江吟；西京赋；文选；渭村退居寄礼部崔侍郎翰林钱舍人诗一百韵；史记；周本纪；括地志；和微之春日投简阳明洞天五十韵；诗；华阳国志；蜀志；酬思黯相公见过弊居戏赠；高仆射；答四皓庙,西京赋；史记；诗；华阳国志；蜀志,5,True,,0,False,1,43,"錯落復崔嵬
蒼然玉一堆
峰駢仙掌出
罅坼劍門開
峭頂高危矣
盤根下壯哉
精神欺竹樹
氣色壓亭臺
隱起磷磷狀
凝成瑟瑟肧
廉稜露鋒刃
清越扣瓊瑰
岌嶪形將動
巍峩勢欲摧
奇應潛鬼怪
靈合蓄雲雷
黛潤霑新雨
斑明點古苔
未曾棲鳥雀
不肯染塵埃
尖削琅玕笋
漥剜馬瑙罍
海神移碣石
畫障簇天台
在世爲尤物
如人負逸才
渡江一葦載
入洛五丁推
出處雖無意
升沉亦有媒
媒爲李蘇州
拔從水府底
置向相庭隈
對稱吟詩句
看宜把酒杯
終隨金礪用
不學玉山頽
疏傅心偏愛
園公眼屢迴
共嗟無此分
虛管太湖來
居易與夢得俱典姑蘇
而不獲此石","奉和思黯相公以李蘇州所寄太湖石奇狀絶倫因題二十韻見示兼呈夢得錯落復崔嵬
蒼然玉一堆
峰駢仙掌出
罅坼劍門開
峭頂高危矣
盤根下壯哉
精神欺竹樹
氣色壓亭臺
隱起磷磷狀
凝成瑟瑟肧
廉稜露鋒刃
清越扣瓊瑰
岌嶪形將動
巍峩勢欲摧
奇應潛鬼怪
靈合蓄雲雷
黛潤霑新雨
斑明點古苔
未曾棲鳥雀
不肯染塵埃
尖削琅玕笋
漥剜馬瑙罍
海神移碣石
畫障簇天台
在世爲尤物
如人負逸才
渡江一葦載
入洛五丁推
出處雖無意
升沉亦有媒
媒爲李蘇州
拔從水府底
置向相庭隈
對稱吟詩句
看宜把酒杯
終隨金礪用
不學玉山頽
疏傅心偏愛
園公眼屢迴
共嗟無此分
虛管太湖來
居易與夢得俱典姑蘇
而不獲此石",291
2508,poem,2508,卷三十四,,,律詩,奉和思黯相公雨後林園四韻見示,,,2508,revised_jsonl_direct,2509,838,revised_jsonl,笺,,0,False,,0,False,1,8,"新晴夏景好
復此池邊地
烟樹綠含滋
水風清有味
便成林下隱
都忘門前事
騎吏引歸軒
始知身富貴","奉和思黯相公雨後林園四韻見示新晴夏景好
復此池邊地
烟樹綠含滋
水風清有味
便成林下隱
都忘門前事
騎吏引歸軒
始知身富貴",61
2509,poem,2509,卷三十四,,,律詩,晚夏閑居絶無賓客欲尋夢得先寄此詩,,,2509,revised_jsonl_direct,2510,838,revised_jsonl,笺,,0,False,,0,False,1,12,"魚笋朝餐飽
蕉紗暑服輕
欲爲窗下寢
先傍水邊行
晴引鶴雙舞
秋生蟬一聲
無人解相訪
有酒共誰傾
老更諳時事
閑多見物情
只應劉與白
二叟自相迎","晚夏閑居絶無賓客欲尋夢得先寄此詩魚笋朝餐飽
蕉紗暑服輕
欲爲窗下寢
先傍水邊行
晴引鶴雙舞
秋生蟬一聲
無人解相訪
有酒共誰傾
老更諳時事
閑多見物情
只應劉與白
二叟自相迎",87
2510,poem,2510,卷三十四,,,律詩,寄李蘄州,,,2510,revised_jsonl_direct,2511,838,revised_jsonl,笺；送蕲春李十九使君赴郡；郡斋暇日忆庐山草堂兼寄二林僧社三十韵多叙贬官已来出处之意；后汉书；五月斋戒罢宴彻乐闻韦宾客皇甫郎中饮会亦稀又知欲携酒馔出斋先以长句呈谢；寄蕲州簟与元九因题六韵；杨柳枝词八首,后汉书,1,True,,0,False,1,9,"下車書奏龔黄課
動筆詩傳鮑謝風
江郡謳謡誇杜母
洛城歡會憶車公
笛愁春盡梅花裏
簟冷秋生薤葉中
蘄州出好笛并薤葉簟
不道蘄州歌酒少
使君難稱與誰同","寄李蘄州下車書奏龔黄課
動筆詩傳鮑謝風
江郡謳謡誇杜母
洛城歡會憶車公
笛愁春盡梅花裏
簟冷秋生薤葉中
蘄州出好笛并薤葉簟
不道蘄州歌酒少
使君難稱與誰同",77
2511,poem,2511,卷三十四,,,律詩,憶江南詞三首其一,,,2511,revised_jsonl_direct,2512,838,revised_jsonl,笺；乐府诗集；忆江南；望江南；乐府杂录；谢秋娘；碧鸡漫志；江南好；教坊记；隋炀帝海山记；教坊记笺订；梦江南,,0,False,,0,False,1,5,"江南好
風景舊曾諳
日出江花紅勝火
春來江水綠如藍
能不憶江南","憶江南詞三首其一江南好
風景舊曾諳
日出江花紅勝火
春來江水綠如藍
能不憶江南",39
2512,poem,2512,卷三十四,,,律詩,憶江南詞三首其二,,,2512,revised_jsonl_direct,2513,,revised_jsonl,留题天竺灵隐两寺,,0,False,,0,False,1,5,"江南憶
最憶是杭州
山寺月中尋桂子
郡亭枕上看潮頭
何日更重遊","憶江南詞三首其二江南憶
最憶是杭州
山寺月中尋桂子
郡亭枕上看潮頭
何日更重遊",39
2513,poem,2513,卷三十四,,,律詩,憶江南詞三首其三,,,2513,revised_jsonl_direct,2514,,revised_jsonl,,,0,False,,0,False,1,5,"江南憶
其次憶吳宮
吳酒一杯春竹葉
吳娃雙舞醉芙蓉
早晚復相逢","憶江南詞三首其三江南憶
其次憶吳宮
吳酒一杯春竹葉
吳娃雙舞醉芙蓉
早晚復相逢",39
2514,poem,2514,卷三十四,,,律詩,酬思黯相公晚夏雨後感秋見贈,,,2514,revised_jsonl_direct,2515,838,revised_jsonl,笺,,0,False,,0,False,1,8,"暮去朝來無歇期
炎凉暗向雨中移
夜長秪合愁人覺
秋冷先應瘦客知
兩幅彩牋揮逸翰
一聲寒玉振清辭
無憂無病身榮貴
何故沉吟亦感時","酬思黯相公晚夏雨後感秋見贈暮去朝來無歇期
炎凉暗向雨中移
夜長秪合愁人覺
秋冷先應瘦客知
兩幅彩牋揮逸翰
一聲寒玉振清辭
無憂無病身榮貴
何故沉吟亦感時",76
2515,poem,2515,卷三十四,,,律詩,久雨閑悶對酒偶吟,,,2515,revised_jsonl_direct,2516,838,revised_jsonl,笺；早春雪后赠洛阳李长官长水郑明府二同年；旧唐书；邵氏闻见录；唐两京城坊考；江南谪居十韵；九日寄微之,,0,False,,0,False,1,8,"淒淒苦雨暗銅駝
嫋嫋凉風起漕河
自夏及秋晴日少
從朝至暮悶時多
鷺臨池立窺魚笱
隼傍林飛拂雀羅
賴有杯中神聖物
百憂無奈十分何","久雨閑悶對酒偶吟淒淒苦雨暗銅駝
嫋嫋凉風起漕河
自夏及秋晴日少
從朝至暮悶時多
鷺臨池立窺魚笱
隼傍林飛拂雀羅
賴有杯中神聖物
百憂無奈十分何",71
2516,poem,2516,卷三十四,,,律詩,雨後秋凉,,,2516,revised_jsonl_direct,2517,838,revised_jsonl,笺；寄生衣与微之因题封上,,0,False,,0,False,1,8,"夜來秋雨後
秋氣颯然新
團扇先辭手
生衣不著身
更添砧引思
難與簟相親
此境誰偏覺
貧閑老瘦人","雨後秋凉夜來秋雨後
秋氣颯然新
團扇先辭手
生衣不著身
更添砧引思
難與簟相親
此境誰偏覺
貧閑老瘦人",51
2517,poem,2517,卷三十四,,,律詩,酬夢得早秋夜對月見寄,,,2517,revised_jsonl_direct,2518,838,revised_jsonl,笺,,0,False,,0,False,1,8,"吾衰寡情趣
君病懶經過
其奈西樓上
新秋明月何
庭蕪淒白露
池色澹金波
况是初長夜
東城砧杵多","酬夢得早秋夜對月見寄吾衰寡情趣
君病懶經過
其奈西樓上
新秋明月何
庭蕪淒白露
池色澹金波
况是初長夜
東城砧杵多",57
2518,poem,2518,卷三十四,,,律詩,題謝公東山障子,,,2518,revised_jsonl_direct,2519,838,revised_jsonl,笺；候仙亭同诸客醉坐,,0,False,,0,False,1,8,"賢愚共在浮生内
貴賤同趨羣動間
多見忙時已衰病
少聞健日肯休閑
鷹飢受緤從難退
鶴老乘軒亦不還
唯有風流謝安石
拂衣攜妓入東山","題謝公東山障子賢愚共在浮生内
貴賤同趨羣動間
多見忙時已衰病
少聞健日肯休閑
鷹飢受緤從難退
鶴老乘軒亦不還
唯有風流謝安石
拂衣攜妓入東山",70
2519,poem,2519,卷三十四,,,律詩,謝楊東川寄衣服,,,2519,revised_jsonl_direct,2520,838,revised_jsonl,笺；和东川杨慕巢尚书府中独坐感戚在怀见寄十四韵,,0,False,,0,False,1,4,"年年衰老交遊少
處處蕭條書信稀
唯有巢兄不相忘
春茶未斷寄秋衣","謝楊東川寄衣服年年衰老交遊少
處處蕭條書信稀
唯有巢兄不相忘
春茶未斷寄秋衣",38
2520,poem,2520,卷三十四,,,律詩,詠懷寄皇甫朗之,,,2520,revised_jsonl_direct,2521,838,revised_jsonl,笺；醉吟先生传；白氏文集；养拙,,0,False,,0,False,1,8,"老大多情足往還
招僧待客夜開關
學調氣從衰中健
不用心來鬧處閑
養病未能辭薄俸
忘名何必入深山
與君别有相知分
同置身於木雁間","詠懷寄皇甫朗之老大多情足往還
招僧待客夜開關
學調氣從衰中健
不用心來鬧處閑
養病未能辭薄俸
忘名何必入深山
與君别有相知分
同置身於木雁間",70
2521,poem,2521,卷三十四,,,律詩,東城晚歸,,,2521,revised_jsonl_direct,2522,838,revised_jsonl,笺；秋游原上,,0,False,,0,False,1,4,"一條邛杖懸龜榼
雙角吳童控馬銜
晚入東城誰識我
短靴低帽白蕉衫","東城晚歸一條邛杖懸龜榼
雙角吳童控馬銜
晚入東城誰識我
短靴低帽白蕉衫",35
2522,poem,2522,卷三十四,,,律詩,與夢得沽酒閑飲且約後期,,,2522,revised_jsonl_direct,2523,838,revised_jsonl,谱；笺；乐天以愚相访沽酒致欢因成七言聊以奉答；云溪友议；唐代酒令艺术,,0,False,,0,False,1,8,"少時猶不憂生計
老後誰能惜酒錢
共把十千沽一斗
相看七十欠三年
閑徵雅令窮經史
醉聽清吟勝管絃
更待菊黄家醖熟
共君一醉一陶然","與夢得沽酒閑飲且約後期少時猶不憂生計
老後誰能惜酒錢
共把十千沽一斗
相看七十欠三年
閑徵雅令窮經史
醉聽清吟勝管絃
更待菊黄家醖熟
共君一醉一陶然",74
2523,poem,2523,卷三十四,,,律詩,與牛家妓樂雨夜合宴,,,2523,revised_jsonl_direct,2524,838,revised_jsonl,笺；酬思黯戏赠；临水坐,,0,False,,0,False,1,8,"玉管清絃聲旖旎
翠釵紅袖坐參差
兩家合奏洞房夜
八月連陰秋雨時
歌臉有情凝睇久
舞腰無力轉裙遲
人間歡樂無過此
上界西方即不知","與牛家妓樂雨夜合宴玉管清絃聲旖旎
翠釵紅袖坐參差
兩家合奏洞房夜
八月連陰秋雨時
歌臉有情凝睇久
舞腰無力轉裙遲
人間歡樂無過此
上界西方即不知",72
2524,poem,2524,卷三十四,,,律詩,和楊六尚書喜兩弟漢公轉吳興魯士賜章服命賓開宴用慶恩榮賦長句見示,,,2524,revised_jsonl_direct,2525,838,revised_jsonl,笺；和东川杨慕巢尚书府中独坐感戚在怀见寄十四韵；新唐书；嘉泰吴兴志；喜钱左丞再除华州以诗伸贺；闻行简恩赐章服喜成长句寄之；诗,诗,1,True,,0,False,1,8,"華筵賀客日紛紛
劍外歡娛洛下聞
朱紱寵光新照地
彤襜喜氣遠凌雲
榮聯花萼詩難和
樂音洛助塤箎酒易醺
感羨料應知我意
今生此事不如君","和楊六尚書喜兩弟漢公轉吳興魯士賜章服命賓開宴用慶恩榮賦長句見示華筵賀客日紛紛
劍外歡娛洛下聞
朱紱寵光新照地
彤襜喜氣遠凌雲
榮聯花萼詩難和
樂音洛助塤箎酒易醺
感羨料應知我意
今生此事不如君",96
2525,poem,2525,卷三十四,,,律詩,自詠,,,2525,revised_jsonl_direct,2526,838,revised_jsonl,笺；白乐天重屏图；偶眠,,0,False,,0,False,1,8,"鬚白面微紅
醺醺半醉中
百年隨手過
萬事轉頭空
卧疾瘦居士
行歌狂老翁
仍聞好事者
將我畫屏風","自詠鬚白面微紅
醺醺半醉中
百年隨手過
萬事轉頭空
卧疾瘦居士
行歌狂老翁
仍聞好事者
將我畫屏風",49
2526,poem,2526,卷三十四,,,律詩,夢得相過援琴命酒因彈秋思偶詠所懷兼寄繼之待價二相府,,,2526,revised_jsonl_direct,2527,838,revised_jsonl,笺；杨家南亭；旧唐书；开成二年三月三日河南尹李待价以人和岁稔将禊于洛滨；云韶乐；音乐志一；云韶乐悬图；冯定传；霓裳羽衣舞；喜与韦左丞同入南省因叙旧以赠之；汉书；春秋；宪宗章武孝皇帝挽歌词二首,汉书；春秋,2,True,,0,False,1,10,"閑居靜侶偶相招
小飲初酣琴欲調
我正風前弄秋思
君應天上聽雲韶
《雲韶》雅曲
上多與宰相同聽之
時和始見陶鈞力
物遂方知盛聖朝
雙鳳棲梧魚在藻
飛沉隨分各逍遥","夢得相過援琴命酒因彈秋思偶詠所懷兼寄繼之待價二相府閑居靜侶偶相招
小飲初酣琴欲調
我正風前弄秋思
君應天上聽雲韶
《雲韶》雅曲
上多與宰相同聽之
時和始見陶鈞力
物遂方知盛聖朝
雙鳳棲梧魚在藻
飛沉隨分各逍遥",104
2527,poem,2527,卷三十四,,,律詩,九月八日酬皇甫十見贈,,,2527,revised_jsonl_direct,2528,838,revised_jsonl,笺；闲吟赠皇甫郎中亲家翁；饮酒,,0,False,,0,False,1,8,"君方對酒綴詩章
我正持齋坐道場
處處追遊雖不去
時時吟詠亦無妨
霜蓬舊鬢三分白
露菊新花一半黄
惆悵東籬不同醉
陶家明日是重陽","九月八日酬皇甫十見贈君方對酒綴詩章
我正持齋坐道場
處處追遊雖不去
時時吟詠亦無妨
霜蓬舊鬢三分白
露菊新花一半黄
惆悵東籬不同醉
陶家明日是重陽",73
2528,poem,2528,卷三十四,,,律詩,慕巢尚書書云室人欲爲買置一歌者非所安也以詩相報因而和之,,,2528,revised_jsonl_direct,2529,838,revised_jsonl,笺；和东川杨慕巢尚书府中独坐感戚在怀见寄十四韵；咏宠姬；泰娘歌；怀妓；太平广记；韦鲍生妓；纂异记；裴侍中晋公以集贤林亭即事诗二十六韵见赠猥蒙征和才拙词繁辄广为五百言以伸酬献,,0,False,,0,False,1,8,"東川已過二三春
南國須求一兩人
富貴大都多老大
歡娛太半爲親賓
如愁翠黛應堪重
買笑黄金莫訴貧
他日相逢一杯酒
樽前還要落梁塵","慕巢尚書書云室人欲爲買置一歌者非所安也以詩相報因而和之東川已過二三春
南國須求一兩人
富貴大都多老大
歡娛太半爲親賓
如愁翠黛應堪重
買笑黄金莫訴貧
他日相逢一杯酒
樽前還要落梁塵",90
2529,poem,2529,卷三十四,,,律詩,杪秋獨夜,,,2529,revised_jsonl_direct,2530,838,revised_jsonl,笺,,0,False,,0,False,1,8,"無限少年非我伴
可憐清夜與誰同
歡娛牢落中心少
親故凋零四面空
紅葉樹飄風起後
白鬚人立月明中
前頭更有蕭條物
老菊衰蘭三兩叢","杪秋獨夜無限少年非我伴
可憐清夜與誰同
歡娛牢落中心少
親故凋零四面空
紅葉樹飄風起後
白鬚人立月明中
前頭更有蕭條物
老菊衰蘭三兩叢",67
2530,poem,2530,卷三十四,,,律詩,憑李睦州訪徐凝山人,,,2530,revised_jsonl_direct,2531,837,revised_jsonl,笺；严州图经；旧唐书；唐才子传；全唐诗；自鄂渚至河南将归江外留辞侍郎；和侍郎邀宿不至；云溪友议；长剑倚天外赋；余霞散成绮诗；宫词；唐摭言；甘露寺；金山寺；寄白司马,,0,False,,0,False,1,4,"郡守輕詩客
鄉人薄釣翁
解憐徐處士
唯有李郎中","憑李睦州訪徐凝山人郡守輕詩客
鄉人薄釣翁
解憐徐處士
唯有李郎中",32
2531,poem,2531,卷三十四,,,律詩,蘇州故吏,,,2531,revised_jsonl_direct,2532,838,revised_jsonl,笺；池上篇序；白氏文集,,0,False,,0,False,1,5,"江南故吏别來久
今日池邊識我無
不獨使君頭似雪
華亭鶴死白蓮枯
蓮﹑鶴皆蘇州同來","蘇州故吏江南故吏别來久
今日池邊識我無
不獨使君頭似雪
華亭鶴死白蓮枯
蓮﹑鶴皆蘇州同來",44
2532,poem,2532,卷三十四,,,律詩,得楊湖州書頗誇撫民接賓縱酒題詩因以絶句戲之,,,2532,revised_jsonl_direct,2533,838,revised_jsonl,笺；新传；白苹洲五亭记；白氏文集；和杨六尚书喜两弟汉公转吴兴鲁士赐章服命宾开宴用庆恩荣赋长句见示；自到郡斋仅经旬日方专公务未及宴游偷闲走笔题二十四韵兼寄常州贾舍人湖州崔郎中仍呈吴中诸客,,0,False,,0,False,1,4,"豈獨愛民兼愛客
不唯能飲又能文
白蘋洲上春傳語
柳使君輸楊使君","得楊湖州書頗誇撫民接賓縱酒題詩因以絶句戲之豈獨愛民兼愛客
不唯能飲又能文
白蘋洲上春傳語
柳使君輸楊使君",52
2533,poem,2533,卷三十四,,,律詩,天宮閣秋晴晚望,,,2533,revised_jsonl_direct,2534,838,revised_jsonl,笺；登天宫阁,,0,False,,0,False,1,8,"洛城秋霽後
梵閣暮登時
此日風烟好
今秋節候遲
霞光紅泛灧
樹影碧參差
莫慮言歸晚
牛家有宿期","天宮閣秋晴晚望洛城秋霽後
梵閣暮登時
此日風烟好
今秋節候遲
霞光紅泛灧
樹影碧參差
莫慮言歸晚
牛家有宿期",54
2534,poem,2534,卷三十四,,,律詩,酬夢得暮秋晴夜對月相憶,,,2534,revised_jsonl_direct,2535,838,revised_jsonl,笺,,0,False,,0,False,1,8,"霽月光如練
盈庭復滿池
秋深無熱後
夜淺未寒時
露葉團荒菊
風枝落病梨
相思懶相訪
應是各年衰","酬夢得暮秋晴夜對月相憶霽月光如練
盈庭復滿池
秋深無熱後
夜淺未寒時
露葉團荒菊
風枝落病梨
相思懶相訪
應是各年衰",58
2535,poem,2535,卷三十四,,,律詩,同夢得和思黯見贈來詩中先叙三人同讌之歡次有歎鬢髮漸衰嫌孫子催老之意因繼妍唱兼吟鄙懷,,,2535,revised_jsonl_direct,2536,838,revised_jsonl,笺；酬赠李炼师见招,,0,False,,0,False,1,8,"醉伴騰騰白與劉
何朝何夕不同遊
留連燈下明猶飲
斷送樽前倒即休
催老莫嫌孫稚長
加年須喜鬢毛秋
教他伯道爭存活
無子無孫亦白頭","同夢得和思黯見贈來詩中先叙三人同讌之歡次有歎鬢髮漸衰嫌孫子催老之意因繼妍唱兼吟鄙懷醉伴騰騰白與劉
何朝何夕不同遊
留連燈下明猶飲
斷送樽前倒即休
催老莫嫌孫稚長
加年須喜鬢毛秋
教他伯道爭存活
無子無孫亦白頭",104
2536,poem,2536,卷三十四,,,律詩,聽歌,,,2536,revised_jsonl_direct,2537,838,revised_jsonl,笺,,0,False,,0,False,1,4,"管妙絃清歌入雲
老人合眼醉醺醺
誠知不及當年聽
猶覺聞時勝不聞","聽歌管妙絃清歌入雲
老人合眼醉醺醺
誠知不及當年聽
猶覺聞時勝不聞",33
2537,poem,2537,卷三十四,,,律詩,三年冬隨事鋪設小堂寢處稍似穩暖因念衰病偶吟所懷,,,2537,revised_jsonl_direct,2538,838,revised_jsonl,谱；笺；村居苦寒,,0,False,,0,False,1,16,"小宅非全陋
中堂不甚卑
聊堪會親族
足以貯妻兒
煖帳迎冬設
煴爐向夜施
裘新青兔褐
褥軟白猿皮
似鹿眠深草
如鷄宿穩枝
逐身安枕席
隨事有屏帷
病致衰殘早
貧營活計遲
由來蠶老後
方是繭成時","三年冬隨事鋪設小堂寢處稍似穩暖因念衰病偶吟所懷小宅非全陋
中堂不甚卑
聊堪會親族
足以貯妻兒
煖帳迎冬設
煴爐向夜施
裘新青兔褐
褥軟白猿皮
似鹿眠深草
如鷄宿穩枝
逐身安枕席
隨事有屏帷
病致衰殘早
貧營活計遲
由來蠶老後
方是繭成時",118
2538,poem,2538,卷三十四,,,律詩,初冬即事呈夢得,,,2538,revised_jsonl_direct,2539,838,revised_jsonl,笺；初冬月夜得皇甫泽州手札并诗数篇因遣报书偶题长句,,0,False,,0,False,1,8,"青氊帳煖喜微雪
紅地爐深宜早寒
走筆小詩能和否
潑醅新酒試嘗看
僧來乞食因留宿
客到開樽便共歡
臨老交親零落盡
希君恕我取人寬","初冬即事呈夢得青氊帳煖喜微雪
紅地爐深宜早寒
走筆小詩能和否
潑醅新酒試嘗看
僧來乞食因留宿
客到開樽便共歡
臨老交親零落盡
希君恕我取人寬",70
2539,poem,2539,卷三十四,,,律詩,自罷河南已換七尹每一入府悵然舊遊因宿内廳偶題西壁兼呈韋尹常侍,,,2539,revised_jsonl_direct,2540,838,revised_jsonl,谱；笺；唐集质疑；旧唐书；文宗纪；开成二年三月三日河南尹李待价以人和岁稔将禊于洛滨,,0,False,,0,False,1,15,"每入河南府
依然似到家
杯嘗七尹酒
七尹酒味不同
備嘗之矣
樹看十年花
即府中新菓園
且健須歡喜
雖衰莫歎嗟
迎門無故吏
侍坐有新娃
暖閣謀宵宴
寒庭放晚衙
主人留宿定
一任夕陽斜","自罷河南已換七尹每一入府悵然舊遊因宿内廳偶題西壁兼呈韋尹常侍每入河南府
依然似到家
杯嘗七尹酒
七尹酒味不同
備嘗之矣
樹看十年花
即府中新菓園
且健須歡喜
雖衰莫歎嗟
迎門無故吏
侍坐有新娃
暖閣謀宵宴
寒庭放晚衙
主人留宿定
一任夕陽斜",120
2540,poem,2540,卷三十四,,,律詩,天寒晚起引酌詠懷寄許州王尚書汝州李常侍,,,2540,revised_jsonl_direct,2541,838,revised_jsonl,笺；旧唐书；路逢青州王大夫赴镇立马赠别；不能忘情吟；白氏文集；杨柳；本事诗,,0,False,,0,False,1,9,"葉覆冰池雪滿山
日高慵起未開關
寒來更亦無過醉
老後何由可得閑
四海故交唯許汝
十年貧健是樊蠻
相思莫忘櫻桃會
一放狂歌一破顔
櫻桃花時數與許﹑汝二君歡會甚樂","天寒晚起引酌詠懷寄許州王尚書汝州李常侍葉覆冰池雪滿山
日高慵起未開關
寒來更亦無過醉
老後何由可得閑
四海故交唯許汝
十年貧健是樊蠻
相思莫忘櫻桃會
一放狂歌一破顔
櫻桃花時數與許﹑汝二君歡會甚樂",98
2541,poem,2541,卷三十四,,,律詩,四年春,,,2541,revised_jsonl_direct,2542,839,revised_jsonl,谱；笺；胡吉郑刘卢张等六贤皆多年寿予亦次焉偶于弊居合成尚齿之会七老相顾既醉甚欢静而思之此会稀有因成七言六韵以纪之传好事者,,0,False,,0,False,1,8,"柳梢黄嫩草芽新
又入開成第四春
近日放慵多不出
少年嫌老可相親
分司吉傅頻過舍
致仕崔卿擬卜鄰
時輩推遷年事到
往還多是白頭人","四年春柳梢黄嫩草芽新
又入開成第四春
近日放慵多不出
少年嫌老可相親
分司吉傅頻過舍
致仕崔卿擬卜鄰
時輩推遷年事到
往還多是白頭人",66
2542,poem,2542,卷三十四,,,律詩,白髮,,,2542,revised_jsonl_direct,2543,839,revised_jsonl,谱；笺；钵塔院如大师；游悟真寺诗一百三十韵；初学记；玉烛宝典；和送刘道士游天台,玉烛宝典,1,True,,0,False,1,8,"白髮生來三十年
而今鬚鬢盡皤然
歌吟終日如狂叟
衰疾多時似瘦仙
八戒夜持香火印
三元朝念蘂珠篇
其餘便被春收拾
不作閑遊即醉眠","白髮白髮生來三十年
而今鬚鬢盡皤然
歌吟終日如狂叟
衰疾多時似瘦仙
八戒夜持香火印
三元朝念蘂珠篇
其餘便被春收拾
不作閑遊即醉眠",65
2543,poem,2543,卷三十四,,,律詩,追歡偶作,,,2543,revised_jsonl_direct,2544,839,revised_jsonl,笺；重修香山寺毕题二十二韵以纪之；和友人洛中春感；听芦管吹竹枝；竹枝；太平御览；乐府杂录；新倾杯乐；文献通考；杨柳枝；新倾杯；小童薛阳陶吹觱篥歌；别柳枝,,0,False,,0,False,1,12,"追歡逐樂少閑時
補帖平生得事遲
何處花開曾後看
誰家酒熟不先知
石樓月下吹蘆管
金谷風前舞柳枝
十聽春啼變鶯舌
三嫌老醜換蛾眉
樂天一過難知分
猶自咨嗟兩鬢絲
蘆管﹑柳枝已下
皆十年來洛中之事","追歡偶作追歡逐樂少閑時
補帖平生得事遲
何處花開曾後看
誰家酒熟不先知
石樓月下吹蘆管
金谷風前舞柳枝
十聽春啼變鶯舌
三嫌老醜換蛾眉
樂天一過難知分
猶自咨嗟兩鬢絲
蘆管﹑柳枝已下
皆十年來洛中之事",100
2544,poem,2544,卷三十四,,,律詩,公垂尚書以白馬見寄光潔穩善以詩謝之,,,2544,revised_jsonl_direct,2545,839,revised_jsonl,笺；因梦得题公垂所寄蜡烛因寄公垂；有小白马乘驭多时奉使东行至稠桑驿溘然而毙足可惊伤不能忘情题二十韵；裴侍中晋公以集贤林亭即事诗二十六韵见赠猥蒙征和才拙词繁辄广为五百言以伸酬献,,0,False,,0,False,1,8,"翩翩白馬稱金羈
領綴銀花尾曳絲
毛色鮮明人盡愛
性靈馴善主偏知
免將妾換慚來處
試使奴牽欲上時
不蹶不驚行步穩
最宜山簡醉中騎","公垂尚書以白馬見寄光潔穩善以詩謝之翩翩白馬稱金羈
領綴銀花尾曳絲
毛色鮮明人盡愛
性靈馴善主偏知
免將妾換慚來處
試使奴牽欲上時
不蹶不驚行步穩
最宜山簡醉中騎",80
2545,poem,2545,卷三十四,,,律詩,西樓獨立,,,2545,revised_jsonl_direct,2546,839,revised_jsonl,笺,,0,False,,0,False,1,4,"身著白衣頭似雪
時時醉立小樓中
路人迴顧應相怪
十一年來見此翁","西樓獨立身著白衣頭似雪
時時醉立小樓中
路人迴顧應相怪
十一年來見此翁",35
2546,poem,2546,卷三十四,,,律詩,書事詠懷,,,2546,revised_jsonl_direct,2547,839,revised_jsonl,笺；裴侍中晋公以集贤林亭即事诗二十六韵见赠猥蒙征和才拙词繁辄广为五百言以伸酬献；拟挽歌辞；太平广记；卢从事；河东记,,0,False,,0,False,1,16,"官俸將生計
雖貧豈敢嫌
金多輸陸賈
酒足勝陶潛
陶潛詩云
“常苦酒不足
”床暖僧敷坐
樓晴妓卷簾
日遭齋破用
每月常持十齋
春賴閏加添
是年閏正月也
老向歡彌切
狂於飲不廉
十年閑未足
亦恐涉無厭","書事詠懷官俸將生計
雖貧豈敢嫌
金多輸陸賈
酒足勝陶潛
陶潛詩云
“常苦酒不足
”床暖僧敷坐
樓晴妓卷簾
日遭齋破用
每月常持十齋
春賴閏加添
是年閏正月也
老向歡彌切
狂於飲不廉
十年閑未足
亦恐涉無厭",102
2547,poem,2547,卷三十四,,,律詩,酬夢得比萱草見贈,,,2547,revised_jsonl_direct,2548,839,revised_jsonl,笺；镜换杯,,0,False,,0,False,1,8,"杜康能散悶
萱草解忘憂
借問萱逢杜
何如白見劉
老衰勝少夭
閑樂笑忙愁
試問同年内
何人得白頭","酬夢得比萱草見贈杜康能散悶
萱草解忘憂
借問萱逢杜
何如白見劉
老衰勝少夭
閑樂笑忙愁
試問同年内
何人得白頭",55
2548,poem,2548,卷三十四,,,律詩,問皇甫十,,,2548,revised_jsonl_direct,2549,839,revised_jsonl,笺；闲吟赠皇甫郎中亲家翁；偶作；吾土,,0,False,,0,False,1,8,"苦樂心由我
窮通命任他
坐傾張翰酒
行唱接輿歌
榮盛傍看好
優閑自適多
知君能斷事
勝負兩如何","問皇甫十苦樂心由我
窮通命任他
坐傾張翰酒
行唱接輿歌
榮盛傍看好
優閑自適多
知君能斷事
勝負兩如何",51
2549,poem,2549,卷三十四,,,律詩,早春獨登天宮閣,,,2549,revised_jsonl_direct,2550,839,revised_jsonl,笺,,0,False,,0,False,1,4,"天宮日暖閣門開
獨上迎春飲一杯
無限遊人遥怪我
緣何最老最先來","早春獨登天宮閣天宮日暖閣門開
獨上迎春飲一杯
無限遊人遥怪我
緣何最老最先來",38
2550,poem,2550,卷三十四,,,律詩,送蘇州李使君赴郡二絶句其一,,,2550,revised_jsonl_direct,2551,839,revised_jsonl,笺；旧唐书；白集；九日宴集醉题郡楼兼呈周殷二判官,,0,False,,0,False,1,6,"憶抛印綬辭吳郡
衰病當時已有餘
今日賀君兼自喜
八迴看換舊銅魚
予自罷蘇州
及兹換八刺史也","送蘇州李使君赴郡二絶句其一憶抛印綬辭吳郡
衰病當時已有餘
今日賀君兼自喜
八迴看換舊銅魚
予自罷蘇州
及兹換八刺史也",58
2551,poem,2551,卷三十四,,,律詩,送蘇州李使君赴郡二絶句其二,,,2551,revised_jsonl_direct,2552,,revised_jsonl,题灵岩寺；登阊门闲望,,0,False,,0,False,1,8,"館娃宮深春日長
館娃宮
今靈巖寺也
烏鵲橋高秋夜凉
烏鵲橋
在蘇州南門
風月不知人世變
奉君直似奉吳王","送蘇州李使君赴郡二絶句其二館娃宮深春日長
館娃宮
今靈巖寺也
烏鵲橋高秋夜凉
烏鵲橋
在蘇州南門
風月不知人世變
奉君直似奉吳王",64
2552,poem,2552,卷三十四,,,律詩,長洲曲新詞,,,2552,revised_jsonl_direct,2553,839,revised_jsonl,笺；长洲苑；武丘寺路宴留别诸妓；寄李苏州兼示杨琼；花前叹；夜游西武丘寺八韵,,0,False,,0,False,1,4,"茂苑綺羅佳麗地
女湖桃李艷陽時
心奴已死胡容老
後輩風流是阿誰","長洲曲新詞茂苑綺羅佳麗地
女湖桃李艷陽時
心奴已死胡容老
後輩風流是阿誰",36
2553,poem,2553,卷三十五,,,律詩,病中詩十五首初病風,,,2553,revised_jsonl_direct,2554,839,revised_jsonl,谱；笺；江州赴忠州至江陵已来舟中示舍弟五十韵；宋书；风赋；病眼花；白牡丹,宋书；风赋,2,True,,0,False,1,8,"六十八衰翁
乘衰百疾攻
朽株難免蠹
空穴易來風
肘痺宜生柳
頭旋劇轉蓬
恬然不動處
虛白在胸中","病中詩十五首初病風六十八衰翁
乘衰百疾攻
朽株難免蠹
空穴易來風
肘痺宜生柳
頭旋劇轉蓬
恬然不動處
虛白在胸中",56
2554,poem,2554,卷三十五,,,律詩,病中詩十五首枕上作,,,2554,revised_jsonl_direct,2555,806,revised_jsonl,渭村酬李二十见寄；赠吴丹；太平广记；崔希真；原化记；能改斋漫录；传奇；杜员外；送从兄之淮南；至华阳洞；奉使新安自桐庐县经严陵钓台宿七里滩下；新制布裘；易,易,1,True,,0,False,1,12,"風疾侵凌臨老頭
血凝筋滯不調柔
甘從此後支離卧
賴是承前爛熳遊
迴思往事紛如夢
轉覺餘生杳若浮
浩氣自能充靜室
驚飇何必蕩虛舟
腹空先進松花酒
膝冷重裝桂布裘
若問樂天憂病否
樂天知命了無憂","病中詩十五首枕上作風疾侵凌臨老頭
血凝筋滯不調柔
甘從此後支離卧
賴是承前爛熳遊
迴思往事紛如夢
轉覺餘生杳若浮
浩氣自能充靜室
驚飇何必蕩虛舟
腹空先進松花酒
膝冷重裝桂布裘
若問樂天憂病否
樂天知命了無憂",104
2555,poem,2555,卷三十五,,,律詩,病中詩十五首答閑上人來問因何風疾,,,2555,revised_jsonl_direct,2556,,revised_jsonl,笺；清闲上人；维摩经；大般涅槃经,,0,False,,0,False,1,9,"一床方丈向陽開
勞動文殊問疾來
欲界凡夫何足道
四禪天始免風災
色界四天
初禪具三災
二禪無火災
三禪無水災
四禪無風災","病中詩十五首答閑上人來問因何風疾一床方丈向陽開
勞動文殊問疾來
欲界凡夫何足道
四禪天始免風災
色界四天
初禪具三災
二禪無火災
三禪無水災
四禪無風災",76
2556,poem,2556,卷三十五,,,律詩,病中詩十五首病中五絶其一,,,2556,revised_jsonl_direct,2557,,revised_jsonl,,,0,False,,0,False,1,4,"世間生老病相隨
此事心中久自知
今日行年將七十
猶須慚愧病來遲","病中詩十五首病中五絶其一世間生老病相隨
此事心中久自知
今日行年將七十
猶須慚愧病來遲",43
2557,poem,2557,卷三十五,,,律詩,病中詩十五首病中五絶其二,,,2557,revised_jsonl_direct,2558,,revised_jsonl,,,0,False,,0,False,1,4,"方寸成灰鬢作絲
假如强健亦何爲
家無憂累身無事
正是安閑好病時","病中詩十五首病中五絶其二方寸成灰鬢作絲
假如强健亦何爲
家無憂累身無事
正是安閑好病時",43
2558,poem,2558,卷三十五,,,律詩,病中詩十五首病中五絶其三,,,2558,revised_jsonl_direct,2559,,revised_jsonl,笺；寄李十一建；有唐善人墓碑铭；白氏文集；元相公挽歌词三首,,0,False,,0,False,1,11,"李君墓上松應拱
元相池頭竹盡枯
多幸樂天今始病
不知合要苦治無
李﹑元皆予執友也
杓直長予八歲
即世已十九年
微之少予七年
薨已八年矣
今予始病
得非幸乎","病中詩十五首病中五絶其三李君墓上松應拱
元相池頭竹盡枯
多幸樂天今始病
不知合要苦治無
李﹑元皆予執友也
杓直長予八歲
即世已十九年
微之少予七年
薨已八年矣
今予始病
得非幸乎",89
2559,poem,2559,卷三十五,,,律詩,病中詩十五首病中五絶其四,,,2559,revised_jsonl_direct,2560,,revised_jsonl,不二门；左传；韩非子；上门下裴相公书,左传,1,True,,0,False,1,4,"目昏思寢即安眠
足軟妨行便坐禪
身作醫王心是藥
不勞和扁到門前","病中詩十五首病中五絶其四目昏思寢即安眠
足軟妨行便坐禪
身作醫王心是藥
不勞和扁到門前",43
2560,poem,2560,卷三十五,,,律詩,病中詩十五首病中五絶其五,,,2560,revised_jsonl_direct,2561,,revised_jsonl,,,0,False,,0,False,1,4,"交親不要苦相憂
亦擬時時强出遊
但有心情何用脚
陸乘肩輿水乘舟","病中詩十五首病中五絶其五交親不要苦相憂
亦擬時時强出遊
但有心情何用脚
陸乘肩輿水乘舟",43
2561,poem,2561,卷三十五,,,律詩,病中詩十五首送嵩客,,,2561,revised_jsonl_direct,2562,,revised_jsonl,送河南尹冯学士赴任,,0,False,,0,False,1,4,"登山臨水分無期
泉石煙霞今屬誰
君到嵩陽吟此句
與教三十六峰知","病中詩十五首送嵩客登山臨水分無期
泉石煙霞今屬誰
君到嵩陽吟此句
與教三十六峰知",40
2562,poem,2562,卷三十五,,,律詩,病中詩十五首罷灸,,,2562,revised_jsonl_direct,2563,,revised_jsonl,东院；维摩经,,0,False,,0,False,1,8,"病身佛説將何喻
變滅須臾豈不聞
莫遣淨名知我笑
休將火艾灸浮雲
《維摩經》云
“是身如浮雲
須臾變滅也
”","病中詩十五首罷灸病身佛説將何喻
變滅須臾豈不聞
莫遣淨名知我笑
休將火艾灸浮雲
《維摩經》云
“是身如浮雲
須臾變滅也
”",61
2563,poem,2563,卷三十五,,,律詩,病中詩十五首賣駱馬,,,2563,revised_jsonl_direct,2564,,revised_jsonl,史记,史记,1,True,,0,False,1,4,"五年花下醉騎行
臨賣迴頭嘶一聲
項籍顧騅猶解歎
樂天别駱豈無情","病中詩十五首賣駱馬五年花下醉騎行
臨賣迴頭嘶一聲
項籍顧騅猶解歎
樂天别駱豈無情",40
2564,poem,2564,卷三十五,,,律詩,病中詩十五首别柳枝,,,2564,revised_jsonl_direct,2565,,revised_jsonl,笺；不能忘情吟；白氏文集；杨柳；杨柳枝；天寒晚起引酌咏怀寄许州王尚书汝州李常侍；对酒有怀寄李十九郎中；苕溪渔隐丛话；鬻骆马；放杨柳枝；春尽日宴罢感事独吟,,0,False,,0,False,1,4,"兩枝楊柳小樓中
嫋娜多年伴醉翁
明日放歸歸去後
世間應不要春風","病中詩十五首别柳枝兩枝楊柳小樓中
嫋娜多年伴醉翁
明日放歸歸去後
世間應不要春風",40
2565,poem,2565,卷三十五,,,律詩,病中詩十五首就暖偶酌戲諸詩酒舊侶,,,2565,revised_jsonl_direct,2566,,revised_jsonl,江楼夜吟元九律诗成三十韵；晋书,晋书,1,True,,0,False,1,8,"低屏軟褥卧藤床
舁向前軒就日陽
一足任他爲外物
三杯自要沃中腸
頭風若見詩應愈
齒折仍誇嘯不妨
細酌徐吟猶得在
舊遊未必便相忘","病中詩十五首就暖偶酌戲諸詩酒舊侶低屏軟褥卧藤床
舁向前軒就日陽
一足任他爲外物
三杯自要沃中腸
頭風若見詩應愈
齒折仍誇嘯不妨
細酌徐吟猶得在
舊遊未必便相忘",79
2566,poem,2566,卷三十五,,,律詩,病中詩十五首歲暮呈思黯相公皇甫朗之及夢得尚書,,,2566,revised_jsonl_direct,2567,,revised_jsonl,笺；旧唐书；咏怀寄皇甫朗之；子刘子自传；自传,,0,False,,0,False,1,4,"歲暮皤然一老夫
十分流輩九分無
莫慊身病人扶侍
猶勝無身可遣扶","病中詩十五首歲暮呈思黯相公皇甫朗之及夢得尚書歲暮皤然一老夫
十分流輩九分無
莫慊身病人扶侍
猶勝無身可遣扶",53
2567,poem,2567,卷三十五,,,律詩,自解,,,2567,revised_jsonl_direct,2568,,revised_jsonl,明皇杂录；偶然作六首,,0,False,,0,False,1,14,"房傳往世爲禪客
世傳房太尉前生爲禪僧
與婁師德友善
慕其爲人
故今生有婁之遺風也
王道前生應畫師
王右丞詩云
“宿世謬詞客
前身應畫師
”我亦定中觀宿命
多生債負是歌詩
不然何故狂吟詠
病後多於未病時
已上病中十五首","自解房傳往世爲禪客
世傳房太尉前生爲禪僧
與婁師德友善
慕其爲人
故今生有婁之遺風也
王道前生應畫師
王右丞詩云
“宿世謬詞客
前身應畫師
”我亦定中觀宿命
多生債負是歌詩
不然何故狂吟詠
病後多於未病時
已上病中十五首",110
2568,poem,2568,卷三十五,,,律詩,歲暮病懷贈夢得,,,2568,revised_jsonl_direct,2569,839,revised_jsonl,谱；笺；史记；张子房诗,史记,1,True,,0,False,1,8,"十年四海故交親
零落唯殘兩病身
共遣數奇從是命
同教步蹇有何因
眠隨老減嫌長夜
體待陽舒望早春
新藥堂前舊池上
相過亦不要他人","歲暮病懷贈夢得十年四海故交親
零落唯殘兩病身
共遣數奇從是命
同教步蹇有何因
眠隨老減嫌長夜
體待陽舒望早春
新藥堂前舊池上
相過亦不要他人",70
2569,poem,2569,卷三十五,,,律詩,雪後過集賢裴令公舊宅有感,,,2569,revised_jsonl_direct,2570,839,revised_jsonl,笺；旧唐书；裴侍中晋公以集贤林亭即事诗二十六韵见赠猥蒙征和才拙词繁辄广为五百言以伸酬献；裴令公席上赠别梦得,,0,False,,0,False,1,8,"梁王捐館後
枚叟過門時
有淚人還泣
無情雪不知
臺亭留盡在
賓客散何之
唯有蕭條雁
時來下故池","雪後過集賢裴令公舊宅有感梁王捐館後
枚叟過門時
有淚人還泣
無情雪不知
臺亭留盡在
賓客散何之
唯有蕭條雁
時來下故池",59
2570,poem,2570,卷三十五,,,律詩,酬夢得貧居詠懷見贈,,,2570,revised_jsonl_direct,2571,839,revised_jsonl,笺；诗；史记；后汉书,诗；史记；后汉书,3,True,,0,False,1,18,"歲陰生計兩蹉跎
相顧悠悠醉且歌
厨冷難留烏止屋
詩云
“瞻烏爰止
于誰之屋
”言烏多止富家之屋也
門閑可與雀張羅
病添莊舄吟聲苦
貧欠韓康藥債多
日望揮金賀新命
來篇云
“若有金揮勝二疏
”俸錢依舊又如何
時夢得罷賓客
除秘監
祿俸略同
故云","酬夢得貧居詠懷見贈歲陰生計兩蹉跎
相顧悠悠醉且歌
厨冷難留烏止屋
詩云
“瞻烏爰止
于誰之屋
”言烏多止富家之屋也
門閑可與雀張羅
病添莊舄吟聲苦
貧欠韓康藥債多
日望揮金賀新命
來篇云
“若有金揮勝二疏
”俸錢依舊又如何
時夢得罷賓客
除秘監
祿俸略同
故云",130
2571,poem,2571,卷三十五,,,律詩,酬夢得見喜疾瘳,,,2571,revised_jsonl_direct,2572,839,revised_jsonl,笺；左传；类篇；广韵,左传,1,True,,0,False,1,11,"暖卧摩綿褥
寒傾藥酒螺
昏昏布裘底
病醉睡相和
末疾徒云爾
《傳》云
“風淫末疾
”末謂四支
餘年有幾何
須知差初介反與否
相去較無多","酬夢得見喜疾瘳暖卧摩綿褥
寒傾藥酒螺
昏昏布裘底
病醉睡相和
末疾徒云爾
《傳》云
“風淫末疾
”末謂四支
餘年有幾何
須知差初介反與否
相去較無多",74
2572,poem,2572,卷三十五,,,律詩,夜聞箏中彈瀟湘送神曲感舊,,,2572,revised_jsonl_direct,2573,839,revised_jsonl,笺；潇湘神二首；乐府诗集；夜闻江南人家赛神因题即事；东皇太一词；浪淘沙,,0,False,,0,False,1,8,"縹緲巫山女
歸來七八年
殷勤湘水曲
留在十三絃
苦調吟還出
深情咽不傳
萬重雲水思
今夜月明前","夜聞箏中彈瀟湘送神曲感舊縹緲巫山女
歸來七八年
殷勤湘水曲
留在十三絃
苦調吟還出
深情咽不傳
萬重雲水思
今夜月明前",59
2573,poem,2573,卷三十五,,,律詩,感蘇州舊舫,,,2573,revised_jsonl_direct,2574,839,revised_jsonl,笺；问江南物,,0,False,,0,False,1,4,"畫梁朽折紅窗破
獨立池邊盡日看
守得蘇州船舫爛
此身爭合不衰殘","感蘇州舊舫畫梁朽折紅窗破
獨立池邊盡日看
守得蘇州船舫爛
此身爭合不衰殘",36
2574,poem,2574,卷三十五,,,律詩,感舊石上字,,,2574,revised_jsonl_direct,2575,839,revised_jsonl,笺；结之,,0,False,,0,False,1,4,"閑撥船行尋舊池
幽情往事復誰知
太湖石上鐫三字
十五年前陳結之","感舊石上字閑撥船行尋舊池
幽情往事復誰知
太湖石上鐫三字
十五年前陳結之",36
2575,poem,2575,卷三十五,,,律詩,見敏中初到邠寧秋日登城樓詩詩中頗多鄉思因以寄和,,,2575,revised_jsonl_direct,2576,839,revised_jsonl,笺；送敏中归豳宁幕；新唐书；旧唐书,,0,False,,0,False,1,8,"想爾到邊頭
蕭條正值秋
二年貧御史
八月古邠州
絲管聞雖樂
風沙見亦愁
望鄉心若苦
不用數登樓","見敏中初到邠寧秋日登城樓詩詩中頗多鄉思因以寄和想爾到邊頭
蕭條正值秋
二年貧御史
八月古邠州
絲管聞雖樂
風沙見亦愁
望鄉心若苦
不用數登樓",70
2576,poem,2576,卷三十五,,,律詩,齋戒,,,2576,revised_jsonl_direct,2577,839,revised_jsonl,笺；过去现在因果经；大般涅槃经；王梵志诗校注；不睡；酬梦得以予五月长斋延僧徒绝宾友见戏十韵,,0,False,,0,False,1,8,"每因齋戒斷葷腥
漸覺塵勞染愛輕
六賊定知無氣色
三尸應恨少恩情
酒魔降伏終須盡
詩債填還亦欲平
從此始堪爲弟子
竺乾師事古先生","齋戒每因齋戒斷葷腥
漸覺塵勞染愛輕
六賊定知無氣色
三尸應恨少恩情
酒魔降伏終須盡
詩債填還亦欲平
從此始堪爲弟子
竺乾師事古先生",65
2577,poem,2577,卷三十五,,,律詩,戲贈禮經老僧,,,2577,revised_jsonl_direct,2578,839,revised_jsonl,笺；佛说佛名经；十方千五百佛名经；祖堂集,,0,False,,0,False,1,4,"香火一爐燈一盞
白頭夜禮佛名經
何年飲著聲聞酒
直到如今醉未醒","戲贈禮經老僧香火一爐燈一盞
白頭夜禮佛名經
何年飲著聲聞酒
直到如今醉未醒",37
2578,poem,2578,卷三十五,,,律詩,近見慕巢尚書詩中屢有歎老思退之意又於洛下新置郊居然寵寄方深歸心太速因以長句戲而諭之,,,2578,revised_jsonl_direct,2579,819,revised_jsonl,笺；和东川杨慕巢尚书府中独坐感戚在怀见寄十四韵；太平广记；薛逢；神仙感遇传；京都儒士；原化记,,0,False,,0,False,1,8,"近見詩中歎白鬚
遥知閫外憶東都
煙霞偷眼窺來久
富貴粘身擺得無
新置林園猶濩落
未終婚嫁且踟躕
應須待到懸車歲
然可東歸伴老夫","近見慕巢尚書詩中屢有歎老思退之意又於洛下新置郊居然寵寄方深歸心太速因以長句戲而諭之近見詩中歎白鬚
遥知閫外憶東都
煙霞偷眼窺來久
富貴粘身擺得無
新置林園猶濩落
未終婚嫁且踟躕
應須待到懸車歲
然可東歸伴老夫",104
2579,poem,2579,卷三十五,,,律詩,對鏡偶吟贈張道士抱元,,,2579,revised_jsonl_direct,2580,839,revised_jsonl,笺；闲题家池寄王屋张道士；病中数会张道士见讥以此答之,,0,False,,0,False,1,8,"閑來對鏡自思量
年貌衰殘分所當
白髮萬莖何所怪
丹砂一粒不曾嘗
眼昏久被書料理
肺渴多因酒損傷
今日逢師雖已晚
枕中治老有何方","對鏡偶吟贈張道士抱元閑來對鏡自思量
年貌衰殘分所當
白髮萬莖何所怪
丹砂一粒不曾嘗
眼昏久被書料理
肺渴多因酒損傷
今日逢師雖已晚
枕中治老有何方",73
2580,poem,2580,卷三十五,,,律詩,病入新正,,,2580,revised_jsonl_direct,2581,840,revised_jsonl,笺,,0,False,,0,False,1,8,"枕上驚新歲
花前念舊歡
是身老所逼
非意病相干
風月情猶在
杯觴興又闌
便休心未伏
更試一春看","病入新正枕上驚新歲
花前念舊歡
是身老所逼
非意病相干
風月情猶在
杯觴興又闌
便休心未伏
更試一春看",51
2581,poem,2581,卷三十五,,,律詩,卧疾來早晚,,,2581,revised_jsonl_direct,2582,840,revised_jsonl,笺；思远人；苦妇词；焙茶坞；类篇；通雅,,0,False,,0,False,1,8,"卧疾來早晚
懸懸將十旬
婢能尋本草
犬不吠醫人
酒甕全生醭
歌筵半委塵
風光還欲好
爭向枕前春","卧疾來早晚卧疾來早晚
懸懸將十旬
婢能尋本草
犬不吠醫人
酒甕全生醭
歌筵半委塵
風光還欲好
爭向枕前春",52
2582,poem,2582,卷三十五,,,律詩,强起迎春戲贈思黯,,,2582,revised_jsonl_direct,2583,840,revised_jsonl,谱；笺；岁暮呈思黯相公皇甫朗之及梦得尚书；史记,史记,1,True,,0,False,1,4,"杖策人扶廢病身
晴和强起一迎春
他時蹇跛縱行得
笑殺平原樓上人","强起迎春戲贈思黯杖策人扶廢病身
晴和强起一迎春
他時蹇跛縱行得
笑殺平原樓上人",39
2583,poem,2583,卷三十五,,,律詩,夢得前所酬篇有煉盡美少年之句因思往事兼詠今懷重以長句答之,,,2583,revised_jsonl_direct,2584,840,revised_jsonl,笺；旧唐书,,0,False,,0,False,1,14,"煉盡少年成白首
憶初相識到今朝
昔饒春桂長先折
今伴寒松最後凋
昔登科第
夢得多居先
今同暮年
洛下爲老伴
生事縱貧猶可過
風情雖老未全銷
聲華寵命人皆得
若箇如君歷七朝
夢得貞元中御史
及今凡仕七朝也","夢得前所酬篇有煉盡美少年之句因思往事兼詠今懷重以長句答之煉盡少年成白首
憶初相識到今朝
昔饒春桂長先折
今伴寒松最後凋
昔登科第
夢得多居先
今同暮年
洛下爲老伴
生事縱貧猶可過
風情雖老未全銷
聲華寵命人皆得
若箇如君歷七朝
夢得貞元中御史
及今凡仕七朝也",129
2584,poem,2584,卷三十五,,,律詩,病後寒食,,,2584,revised_jsonl_direct,2585,840,revised_jsonl,笺；放言五首,,0,False,,0,False,1,8,"故紗絳帳舊青氊
藥酒醺醺引醉眠
斗藪弊袍春暖後
摩挲病脚日陽前
行無筋力尋山水
坐少精神聽管絃
抛擲風光負寒食
曾來未省似今年","病後寒食故紗絳帳舊青氊
藥酒醺醺引醉眠
斗藪弊袍春暖後
摩挲病脚日陽前
行無筋力尋山水
坐少精神聽管絃
抛擲風光負寒食
曾來未省似今年",67
2585,poem,2585,卷三十五,,,律詩,老病相仍以詩自解,,,2585,revised_jsonl_direct,2586,840,revised_jsonl,笺；赠王山人；庄子；释文；后汉书；竹杖赋,庄子；后汉书,2,True,,0,False,1,10,"榮枯憂喜與彭殤
都似人間戲一場
蟲臂鼠肝猶不怪
雞膚鶴髮復何傷
昨因風廢甘長往
今遇陽和又小康
春暖來
風痺稍退也
還似遠行裝束了
遲迴且住亦何妨","老病相仍以詩自解榮枯憂喜與彭殤
都似人間戲一場
蟲臂鼠肝猶不怪
雞膚鶴髮復何傷
昨因風廢甘長往
今遇陽和又小康
春暖來
風痺稍退也
還似遠行裝束了
遲迴且住亦何妨",81
2586,poem,2586,卷三十五,,,律詩,皇甫郎中親家翁赴任絳州宴送出城贈别,,,2586,revised_jsonl_direct,2587,840,revised_jsonl,笺；闲吟赠皇甫郎中亲家翁；早春持斋答皇甫十见赠；刘集；送河南皇甫少尹赴绛州,,0,False,,0,False,1,8,"慕賢入室交先定
結援通家好復成
新婦不嫌貧活計
嬌孫同慰老心情
洛橋歌酒今朝散
絳路風煙幾日行
欲識離羣相戀意
爲君扶病出都城","皇甫郎中親家翁赴任絳州宴送出城贈别慕賢入室交先定
結援通家好復成
新婦不嫌貧活計
嬌孫同慰老心情
洛橋歌酒今朝散
絳路風煙幾日行
欲識離羣相戀意
爲君扶病出都城",80
2587,poem,2587,卷三十五,,,律詩,春暖,,,2587,revised_jsonl_direct,2588,840,revised_jsonl,笺,,0,False,,0,False,1,8,"風痺宜和暖
春來脚校輕
鶯留花下立
鶴引水邊行
髮少嫌巾重
顔衰訝鏡明
不論親與故
自亦昧平生","春暖風痺宜和暖
春來脚校輕
鶯留花下立
鶴引水邊行
髮少嫌巾重
顔衰訝鏡明
不論親與故
自亦昧平生",49
2588,poem,2588,卷三十五,,,律詩,殘春晚起伴客笑談,,,2588,revised_jsonl_direct,2589,840,revised_jsonl,笺；喜与杨六侍郎同宿,,0,False,,0,False,1,8,"掩户下簾朝睡足
一聲黄鳥報殘春
披衣岸幘日高起
兩角青衣扶老身
策杖强行過里巷
引杯閑酌伴親賓
莫言病後妨談笑
猶恐多於不病人","殘春晚起伴客笑談掩户下簾朝睡足
一聲黄鳥報殘春
披衣岸幘日高起
兩角青衣扶老身
策杖强行過里巷
引杯閑酌伴親賓
莫言病後妨談笑
猶恐多於不病人",71
2589,poem,2589,卷三十五,,,律詩,送唐州崔使君侍親赴任,,,2589,revised_jsonl_direct,2590,840,revised_jsonl,笺；洛中送崔司业使君扶持赴唐州；旧唐书；代书诗一百韵寄微之；闲居赋；文选；舆服杂事记；酬成少尹骆谷行见呈；赠楚州郭使君,闲居赋,1,True,,0,False,1,10,"連持使節歷專城
獨賀崔侯最慶榮
烏府一抛霜簡去
朱輪四從板輿行
崔郎中從殿中連典四郡
皆侍親赴任
發時正許沙鷗送
到日方乘竹馬迎
唯慮郡齋賓友少
數杯春酒共誰傾","送唐州崔使君侍親赴任連持使節歷專城
獨賀崔侯最慶榮
烏府一抛霜簡去
朱輪四從板輿行
崔郎中從殿中連典四郡
皆侍親赴任
發時正許沙鷗送
到日方乘竹馬迎
唯慮郡齋賓友少
數杯春酒共誰傾",90
2590,poem,2590,卷三十五,,,律詩,春晚詠懷贈皇甫朗之,,,2590,revised_jsonl_direct,2591,840,revised_jsonl,笺；咏怀寄皇甫朗之,,0,False,,0,False,1,8,"豔陽時節又蹉跎
遲暮光陰復若何
一歲中分春日少
百年通計老時多
多中更被愁牽引
少處兼遭病折磨
賴有銷憂治悶藥
君家醲酎我狂歌","春晚詠懷贈皇甫朗之豔陽時節又蹉跎
遲暮光陰復若何
一歲中分春日少
百年通計老時多
多中更被愁牽引
少處兼遭病折磨
賴有銷憂治悶藥
君家醲酎我狂歌",72
2591,poem,2591,卷三十五,,,律詩,春盡日宴罷感事獨吟,,,2591,revised_jsonl_direct,2592,840,revised_jsonl,谱；笺；别柳枝,,0,False,,0,False,1,8,"五年三月今朝盡
客散筵空獨掩扉
病共樂天相伴住
春隨樊子一時歸
閑聽鶯語移時立
思逐楊花觸處飛
金帶縋腰衫委地
年年衰瘦不勝衣","春盡日宴罷感事獨吟五年三月今朝盡
客散筵空獨掩扉
病共樂天相伴住
春隨樊子一時歸
閑聽鶯語移時立
思逐楊花觸處飛
金帶縋腰衫委地
年年衰瘦不勝衣",72
2592,poem,2592,卷三十五,,,律詩,病中辱崔宣城長句見寄兼有觥綺之贈因以四韻總而謝之,,,2592,revised_jsonl_direct,2593,840,revised_jsonl,笺；履信池樱桃岛上醉后走笔送别舒员外兼寄宗正李卿考功崔郎中；旧唐书；登科记考；江州赴忠州至江陵已来舟中示舍弟五十韵,,0,False,,0,False,1,10,"劉楨病發經春卧
謝朓詩來盡日吟
三道舊誇收片玉
昔予考制策
崔君登科也
一章新喜獲雙金
信題霞綺緘情重
酒試銀觥表分深
科第門生滿霄漢
歲寒少得似君心","病中辱崔宣城長句見寄兼有觥綺之贈因以四韻總而謝之劉楨病發經春卧
謝朓詩來盡日吟
三道舊誇收片玉
昔予考制策
崔君登科也
一章新喜獲雙金
信題霞綺緘情重
酒試銀觥表分深
科第門生滿霄漢
歲寒少得似君心",99
2593,poem,2593,卷三十五,,,律詩,前有别柳枝絶句夢得繼和云春盡絮飛留不得隨風好去落誰家又復戲答,,,2593,revised_jsonl_direct,2594,840,revised_jsonl,谱；笺；杨柳枝词九首,,0,False,,0,False,1,4,"柳老春深日又斜
任他飛向别人家
誰能更學孩童戲
尋逐春風捉柳花","前有别柳枝絶句夢得繼和云春盡絮飛留不得隨風好去落誰家又復戲答柳老春深日又斜
任他飛向别人家
誰能更學孩童戲
尋逐春風捉柳花",61
2594,poem,2594,卷三十五,,,律詩,池上早夏,,,2594,revised_jsonl_direct,2595,840,revised_jsonl,笺,,0,False,,0,False,1,8,"水積春塘晚
陰交夏木繁
舟船如野渡
籬落似江村
靜拂琴牀席
香開酒庫門
慵閑無一事
時弄小嬌孫","池上早夏水積春塘晚
陰交夏木繁
舟船如野渡
籬落似江村
靜拂琴牀席
香開酒庫門
慵閑無一事
時弄小嬌孫",51
2595,poem,2595,卷三十五,,,律詩,談氏外孫生三日喜是男偶吟成篇兼戲呈夢得,,,2595,revised_jsonl_direct,2596,840,revised_jsonl,笺；谈氏小外孙玉童；小岁日喜谈氏外孙女孩满月；崔侍御以孩子三日示其所生诗见示因以二绝和之；诗；琴赋；答元郎中杨员外喜乌见寄；偶以拙诗数首寄呈裴侍郎蒙以盛制四篇一时酬和重投长句美而谢之；续资治通鉴长编,诗；琴赋,2,True,,0,False,1,14,"玉牙珠顆小男兒
羅薦蘭湯浴罷時
芣苢春來盈女手
梧桐老去長孫枝
慶傳媒氏燕先賀
喜報談家烏預知
明日貧翁具雞黍
應須酬賽引雛詩
前年談氏外孫女初生
夢得有賀詩云
“從此引鴛雛
”今幸是男
前言似有徵
故云","談氏外孫生三日喜是男偶吟成篇兼戲呈夢得玉牙珠顆小男兒
羅薦蘭湯浴罷時
芣苢春來盈女手
梧桐老去長孫枝
慶傳媒氏燕先賀
喜報談家烏預知
明日貧翁具雞黍
應須酬賽引雛詩
前年談氏外孫女初生
夢得有賀詩云
“從此引鴛雛
”今幸是男
前言似有徵
故云",121
2596,poem,2596,卷三十五,,,律詩,開成大行皇帝挽歌詞四首奉敕撰進其一,,,2596,revised_jsonl_direct,2597,840,revised_jsonl,笺；旧唐书,,0,False,,0,False,1,8,"御宇恢皇化
傳家叶至公
華夷臣妾内
堯舜弟兄中
制度移氓俗
文章變國風
開成與貞觀
實錄事多同","開成大行皇帝挽歌詞四首奉敕撰進其一御宇恢皇化
傳家叶至公
華夷臣妾内
堯舜弟兄中
制度移氓俗
文章變國風
開成與貞觀
實錄事多同",64
2597,poem,2597,卷三十五,,,律詩,開成大行皇帝挽歌詞四首奉敕撰進其二,,,2597,revised_jsonl_direct,2598,,revised_jsonl,长恨歌；史记；艺文类聚；帝王世纪；易；春秋纬；河图；洛书；汉书；雒书；洪范；棣华驿见杨八题梦兄弟诗,史记；帝王世纪；易；春秋纬；河图；洛书；汉书,7,True,,0,False,1,8,"晏駕辭雙闕
靈儀出九衢
上雲歸碧落
下席葬蒼梧
蓂晚餘堯曆
龜新啓夏圖
三朝聯棣萼
從古帝王無","開成大行皇帝挽歌詞四首奉敕撰進其二晏駕辭雙闕
靈儀出九衢
上雲歸碧落
下席葬蒼梧
蓂晚餘堯曆
龜新啓夏圖
三朝聯棣萼
從古帝王無",64
2598,poem,2598,卷三十五,,,律詩,開成大行皇帝挽歌詞四首奉敕撰進其三,,,2598,revised_jsonl_direct,2599,,revised_jsonl,德宗皇帝挽歌词四首；楚辞；梦得相过援琴命酒因弹秋思偶咏所怀兼寄继之待价二相府,楚辞,1,True,,0,False,1,8,"嚴恭七月禮
哀慟萬人心
地感騰秋氣
天愁結夕陰
鼎湖龍漸遠
濛汜日初沉
唯有雲韶樂
長留治世音","開成大行皇帝挽歌詞四首奉敕撰進其三嚴恭七月禮
哀慟萬人心
地感騰秋氣
天愁結夕陰
鼎湖龍漸遠
濛汜日初沉
唯有雲韶樂
長留治世音",64
2599,poem,2599,卷三十五,,,律詩,開成大行皇帝挽歌詞四首奉敕撰進其四,,,2599,revised_jsonl_direct,2600,,revised_jsonl,礼记；后汉书；汉武帝内传；唐会要；月赋；文选；楚辞；陵园妾；德宗皇帝挽歌词四首；史记；舆地志,礼记；后汉书；汉武帝内传；月赋；楚辞；史记,6,True,,0,False,1,8,"化成同軌表清平
恩結連枝感聖明
帝與九齡雖吉夢
山呼萬歲是虛聲
月低儀仗辭蘭路
風引笳簫入柏城
老病龍髯攀不及
東周退傅最傷情","開成大行皇帝挽歌詞四首奉敕撰進其四化成同軌表清平
恩結連枝感聖明
帝與九齡雖吉夢
山呼萬歲是虛聲
月低儀仗辭蘭路
風引笳簫入柏城
老病龍髯攀不及
東周退傅最傷情",80
2600,poem,2600,卷三十五,,,律詩,時熱少見客因詠所懷,,,2600,revised_jsonl_direct,2601,840,revised_jsonl,笺；秋游原上,,0,False,,0,False,1,12,"冠櫛心多懶
逢迎興漸微
况當時熱甚
幸遇客來稀
濕洒池邊地
凉開竹下扉
露牀青篾簟
風架白蕉衣
院靜留僧宿
樓空放妓歸
衰殘强歡宴
此事久知非","時熱少見客因詠所懷冠櫛心多懶
逢迎興漸微
况當時熱甚
幸遇客來稀
濕洒池邊地
凉開竹下扉
露牀青篾簟
風架白蕉衣
院靜留僧宿
樓空放妓歸
衰殘强歡宴
此事久知非",80
2601,poem,2601,卷三十五,,,律詩,宣州崔大夫閣老忽以近詩數十首見示吟諷之下竊有所喜因成長句寄贈郡齋,,,2601,revised_jsonl_direct,2602,840,revised_jsonl,笺；病中辱崔宣城长句见寄兼有觥绮之赠因以四韵总而谢之；郡内高斋闲坐答吕法曹；文选；敬亭山诗；宣城郡图经,,0,False,,0,False,1,12,"謝玄暉殁吟聲寢
郡閣寥寥筆硯閑
無復新詩題壁上
虛教遠岫列窗間
謝宣城《郡内》詩云
“窗中列遠岫
”忽驚歌雪今朝至
必恐文星昨夜還
再喜宣城章句動
飛觴遥賀敬亭山
謝又有《題敬亭山》詩
並見《文選》中","宣州崔大夫閣老忽以近詩數十首見示吟諷之下竊有所喜因成長句寄贈郡齋謝玄暉殁吟聲寢
郡閣寥寥筆硯閑
無復新詩題壁上
虛教遠岫列窗間
謝宣城《郡内》詩云
“窗中列遠岫
”忽驚歌雪今朝至
必恐文星昨夜還
再喜宣城章句動
飛觴遥賀敬亭山
謝又有《題敬亭山》詩
並見《文選》中",132
2602,poem,2602,卷三十五,,,律詩,足疾,,,2602,revised_jsonl_direct,2603,840,revised_jsonl,笺；左传；归去来兮辞,左传,1,True,,0,False,1,8,"足疾無加亦不瘳
綿春歷夏復經秋
開顔且酌樽中酒
代步多乘池上舟
幸有眼前衣食在
兼無身後子孫憂
應須學取陶彭澤
但委心形任去留","足疾足疾無加亦不瘳
綿春歷夏復經秋
開顔且酌樽中酒
代步多乘池上舟
幸有眼前衣食在
兼無身後子孫憂
應須學取陶彭澤
但委心形任去留",65
2603,poem,2603,卷三十五,,,律詩,晚池汎舟遇景成詠贈呂處士,,,2603,revised_jsonl_direct,2604,840,revised_jsonl,笺；广韵；宋书,宋书,1,True,,0,False,1,8,"岸淺橋平池面寬
飄然輕棹汎澄瀾
風宜扇引開懷入
樹愛舟行仰卧看
别悲列反境客稀知不易
能詩人少詠應難
唯憐呂叟時相伴
同把磻溪舊釣竿","晚池汎舟遇景成詠贈呂處士岸淺橋平池面寬
飄然輕棹汎澄瀾
風宜扇引開懷入
樹愛舟行仰卧看
别悲列反境客稀知不易
能詩人少詠應難
唯憐呂叟時相伴
同把磻溪舊釣竿",78
2604,poem,2604,卷三十五,,,律詩,夢微之,,,2604,revised_jsonl_direct,2605,840,revised_jsonl,笺；江州赴忠州至江陵已来舟中示舍弟五十韵；元相公挽歌词三首；病中五绝；元稹墓志铭；白氏文集；忆旧游,,0,False,,0,False,1,12,"夜來攜手夢同遊
晨起盈巾淚莫收
漳浦老身三度病
咸陽宿草八迴秋
君埋泉下泥銷骨
我寄人間雪滿頭
阿衛韓郎相次去
夜臺茫昧得知不
阿衛
微之小男
韓郎
微之愛婿","夢微之夜來攜手夢同遊
晨起盈巾淚莫收
漳浦老身三度病
咸陽宿草八迴秋
君埋泉下泥銷骨
我寄人間雪滿頭
阿衛韓郎相次去
夜臺茫昧得知不
阿衛
微之小男
韓郎
微之愛婿",82
2605,poem,2605,卷三十五,,,律詩,感秋詠意,,,2605,revised_jsonl_direct,2606,841,revised_jsonl,谱；笺；寄生衣与微之因题封上；小院酒醒；感时,,0,False,,0,False,1,8,"炎凉遷次速如飛
又脱生衣著熟衣
遶壁暗蛩無限思
戀巢寒燕未能歸
須知流輩年年失
莫歎衰容日日非
舊語相傳聊自慰
世間七十老人稀","感秋詠意炎凉遷次速如飛
又脱生衣著熟衣
遶壁暗蛩無限思
戀巢寒燕未能歸
須知流輩年年失
莫歎衰容日日非
舊語相傳聊自慰
世間七十老人稀",67
2606,poem,2606,卷三十五,,,律詩,老病幽獨偶吟所懷,,,2606,revised_jsonl_direct,2607,840,revised_jsonl,笺；罢灸；杏为梁,,0,False,,0,False,1,10,"眼漸昏昏耳漸聾
滿頭霜雪半身風
已將心出浮雲外
《維摩經》云
“是身如浮雲也
”猶寄形於逆旅中
觴詠罷來賓閣閉
笙歌散後妓房空
世緣俗念消除盡
别是人間清淨翁","老病幽獨偶吟所懷眼漸昏昏耳漸聾
滿頭霜雪半身風
已將心出浮雲外
《維摩經》云
“是身如浮雲也
”猶寄形於逆旅中
觴詠罷來賓閣閉
笙歌散後妓房空
世緣俗念消除盡
别是人間清淨翁",87
2607,poem,2607,卷三十五,,,律詩,和楊尚書罷相後夏日遊永安水亭兼招本曹楊侍郎同行,,,2607,revised_jsonl_direct,2608,840,revised_jsonl,笺；旧唐书；长安志；礼记；南州桓公九井作；文选；书；赠吴丹,礼记；书,2,True,,0,False,1,8,"道行無喜退無憂
舒卷如雲得自由
良冶動時爲哲匠
巨川濟了作虛舟
竹亭陰合偏宜夏
水檻風凉不待秋
遥愛翩翩雙紫鳳
入同官署出同遊","和楊尚書罷相後夏日遊永安水亭兼招本曹楊侍郎同行道行無喜退無憂
舒卷如雲得自由
良冶動時爲哲匠
巨川濟了作虛舟
竹亭陰合偏宜夏
水檻風凉不待秋
遥愛翩翩雙紫鳳
入同官署出同遊",86
2608,poem,2608,卷三十五,,,律詩,在家出家,,,2608,revised_jsonl_direct,2609,840,revised_jsonl,笺；洛下闲居寄山南令狐相公；清调吟,,0,False,,0,False,1,8,"衣食支分婚嫁畢
從今家事不相仍
夜眠身是投林鳥
朝飯心同乞食僧
清唳數聲松下鶴
寒光一點竹間燈
中宵入定跏趺坐
女喚妻呼多不應","在家出家衣食支分婚嫁畢
從今家事不相仍
夜眠身是投林鳥
朝飯心同乞食僧
清唳數聲松下鶴
寒光一點竹間燈
中宵入定跏趺坐
女喚妻呼多不應",67
2609,poem,2609,卷三十五,,,律詩,夜凉,,,2609,revised_jsonl_direct,2610,840,revised_jsonl,笺,,0,False,,0,False,1,4,"露白風清庭户凉
老人先著夾衣裳
舞腰歌袖抛何處
唯對無絃琴一張","夜凉露白風清庭户凉
老人先著夾衣裳
舞腰歌袖抛何處
唯對無絃琴一張",33
2610,poem,2610,卷三十五,,,律詩,繼之尚書自余病來寄遺非一又蒙覽醉吟先生傳題詩以美之今以此篇用伸酬謝,,,2610,revised_jsonl_direct,2611,840,revised_jsonl,笺；和杨尚书罢相后夏日游永安水亭兼招本曹杨侍郎同行；白氏文集,,0,False,,0,False,1,9,"衰殘與世日相疏
惠好唯君分有餘
茶藥贈多因病久
衣裳寄早及寒初
所寄贈之物皆及時
交情鄭重金相似
詩韻清鏘玉不如
醉傅狂言人盡笑
獨知我者是尚書","繼之尚書自余病來寄遺非一又蒙覽醉吟先生傳題詩以美之今以此篇用伸酬謝衰殘與世日相疏
惠好唯君分有餘
茶藥贈多因病久
衣裳寄早及寒初
所寄贈之物皆及時
交情鄭重金相似
詩韻清鏘玉不如
醉傅狂言人盡笑
獨知我者是尚書",105
2611,poem,2611,卷三十五,,,律詩,五年秋病後獨宿香山寺三絶句其一,,,2611,revised_jsonl_direct,2612,840,revised_jsonl,谱；笺；香山寺石楼潭夜浴；送文畅上人东游；香山避暑二绝,,0,False,,0,False,1,4,"經年不到龍門寺
今夜何人知我情
還向暢師房裏宿
新秋月色舊灘聲","五年秋病後獨宿香山寺三絶句其一經年不到龍門寺
今夜何人知我情
還向暢師房裏宿
新秋月色舊灘聲",46
2612,poem,2612,卷三十五,,,律詩,五年秋病後獨宿香山寺三絶句其二,,,2612,revised_jsonl_direct,2613,,revised_jsonl,,,0,False,,0,False,1,4,"飲徒歌伴今何在
雨散雲飛盡不迴
從此香山風月夜
秖應長是一身來","五年秋病後獨宿香山寺三絶句其二飲徒歌伴今何在
雨散雲飛盡不迴
從此香山風月夜
秖應長是一身來",46
2613,poem,2613,卷三十五,,,律詩,五年秋病後獨宿香山寺三絶句其三,,,2613,revised_jsonl_direct,2614,,revised_jsonl,重修香山寺毕题二十二韵以纪之,,0,False,,0,False,1,4,"石盆泉畔石樓頭
十二年來晝夜遊
更過今年年七十
假如無病亦宜休","五年秋病後獨宿香山寺三絶句其三石盆泉畔石樓頭
十二年來晝夜遊
更過今年年七十
假如無病亦宜休",46
2614,poem,2614,卷三十五,,,律詩,題香山新經堂招僧,,,2614,revised_jsonl_direct,2615,840,revised_jsonl,笺；香山寺新修经藏堂记；白氏文集；开元经录,,0,False,,0,False,1,4,"煙滿秋堂月滿庭
香花漠漠磬泠泠
誰能來此尋真諦
白老新開一藏經","題香山新經堂招僧煙滿秋堂月滿庭
香花漠漠磬泠泠
誰能來此尋真諦
白老新開一藏經",39
2615,poem,2615,卷三十五,,,律詩,偶題鄧公,,,2615,revised_jsonl_direct,2616,840,revised_jsonl,笺；旧唐书,,0,False,,0,False,1,8,"偶因攜酒尋村客
聊復迴車訪薜蘿
且值雪寒相慰問
不妨春暖更經過
翁居山下年空老
我住人間事校多
一種共翁頭似雪
翁無衣食又如何","偶題鄧公偶因攜酒尋村客
聊復迴車訪薜蘿
且值雪寒相慰問
不妨春暖更經過
翁居山下年空老
我住人間事校多
一種共翁頭似雪
翁無衣食又如何",67
2616,poem,2616,卷三十五,,,律詩,早入皇城贈王留守僕射,,,2616,revised_jsonl_direct,2617,840,revised_jsonl,笺；旧唐书；和友人洛中春感；天津桥,,0,False,,0,False,1,4,"津橋殘月曉沉沉
風露淒清禁署深
城柳宮槐謾摇落
悲愁不到貴人心","早入皇城贈王留守僕射津橋殘月曉沉沉
風露淒清禁署深
城柳宮槐謾摇落
悲愁不到貴人心",41
2617,poem,2617,卷三十五,,,律詩,寄題廬山舊草堂兼呈二林寺道侶,,,2617,revised_jsonl_direct,2618,840,revised_jsonl,笺；香炉峰下新卜山居草堂初成偶题东壁；春游二林寺；斋月静居；唐郎官石柱题名考,,0,False,,0,False,1,9,"三十年前草堂主
而今雖在鬢如絲
登山尋水應無力
不似江州司馬時
漸伏酒魔休放醉
猶殘口業未抛詩
君行過到爐峰下
爲報東林長老知
此詩憑錢知進侍御往題草堂中也","寄題廬山舊草堂兼呈二林寺道侶三十年前草堂主
而今雖在鬢如絲
登山尋水應無力
不似江州司馬時
漸伏酒魔休放醉
猶殘口業未抛詩
君行過到爐峰下
爲報東林長老知
此詩憑錢知進侍御往題草堂中也",92
2618,poem,2618,卷三十五,,,律詩,改業,,,2618,revised_jsonl_direct,2619,840,revised_jsonl,笺；房家夜宴喜雪戏赠主人；太平御览；大周正乐,,0,False,,0,False,1,10,"先生老去飲無興
居士病來閑有餘
猶覺醉吟多放逸
不如禪坐更清虛
予先有《醉吟先生傳》
今故云
柘枝紫袖教丸藥
羯鼓蒼頭遣種蔬
却被山僧相戲問
一時改業意何如","改業先生老去飲無興
居士病來閑有餘
猶覺醉吟多放逸
不如禪坐更清虛
予先有《醉吟先生傳》
今故云
柘枝紫袖教丸藥
羯鼓蒼頭遣種蔬
却被山僧相戲問
一時改業意何如",80
2619,poem,2619,卷三十五,,,律詩,山下留别佛光和尚,,,2619,revised_jsonl_direct,2620,841,revised_jsonl,笺；醉吟先生传；白氏文集；佛光和尚真赞；景德传灯录,,0,False,,0,False,1,4,"勞師送我下山行
此别何人識此情
我已七旬師九十
當知後會在他生","山下留别佛光和尚勞師送我下山行
此别何人識此情
我已七旬師九十
當知後會在他生",39
2620,poem,2620,卷三十五,,,律詩,山中五絶句嶺上雲,,,2620,revised_jsonl_direct,2621,840,revised_jsonl,笺,,0,False,,0,False,1,4,"嶺上白雲朝未散
田中青麥旱將枯
自生自滅成何事
能逐東風作雨無","山中五絶句嶺上雲嶺上白雲朝未散
田中青麥旱將枯
自生自滅成何事
能逐東風作雨無",39
2621,poem,2621,卷三十五,,,律詩,山中五絶句石上苔,,,2621,revised_jsonl_direct,2622,,revised_jsonl,隋书；洛阳女儿行；感遇,,0,False,,0,False,1,4,"漠漠斑斑石上苔
幽芳靜綠絶纖埃
路傍凡草榮遭遇
曾得七香車輾來","山中五絶句石上苔漠漠斑斑石上苔
幽芳靜綠絶纖埃
路傍凡草榮遭遇
曾得七香車輾來",39
2622,poem,2622,卷三十五,,,律詩,山中五絶句林下樗,,,2622,revised_jsonl_direct,2623,,revised_jsonl,庄子,庄子,1,True,,0,False,1,4,"香檀文桂苦雕鐫
生理何曾得自全
知有無材老樗否
一枝不損盡天年","山中五絶句林下樗香檀文桂苦雕鐫
生理何曾得自全
知有無材老樗否
一枝不損盡天年",39
2623,poem,2623,卷三十五,,,律詩,山中五絶句澗中魚,,,2623,revised_jsonl_direct,2624,,revised_jsonl,浪淘沙词六首,,0,False,,0,False,1,4,"海水桑田欲變時
風濤翻覆沸天池
鯨吞蛟鬬波成血
深澗游魚樂不知","山中五絶句澗中魚海水桑田欲變時
風濤翻覆沸天池
鯨吞蛟鬬波成血
深澗游魚樂不知",39
2624,poem,2624,卷三十五,,,律詩,山中五絶句洞中蝙蝠,,,2624,revised_jsonl_direct,2625,,revised_jsonl,艺文类聚；方言；玄中记；初学记；郑氏玄中记,方言；玄中记,2,True,,0,False,1,4,"千年鼠化白蝙蝠
黑洞深藏避網羅
遠害全身誠得計
一生幽暗又如何","山中五絶句洞中蝙蝠千年鼠化白蝙蝠
黑洞深藏避網羅
遠害全身誠得計
一生幽暗又如何",40
2625,poem,2625,卷三十五,,,律詩,自戲三絶句心問身,,,2625,revised_jsonl_direct,2626,840,revised_jsonl,笺,,0,False,,0,False,1,4,"心問身云何泰然
嚴冬暖被日高眠
放君快活知恩否
不早朝來十一年","自戲三絶句心問身心問身云何泰然
嚴冬暖被日高眠
放君快活知恩否
不早朝來十一年",39
2626,poem,2626,卷三十五,,,律詩,自戲三絶句身報心,,,2626,revised_jsonl_direct,2627,,revised_jsonl,,,0,False,,0,False,1,4,"心是身王身是宮
君今居在我宮中
是君家舍君須愛
何事論恩自説功","自戲三絶句身報心心是身王身是宮
君今居在我宮中
是君家舍君須愛
何事論恩自説功",39
2627,poem,2627,卷三十五,,,律詩,自戲三絶句心重答身,,,2627,revised_jsonl_direct,2628,,revised_jsonl,齐东野语；心问身；列子,列子,1,True,,0,False,1,4,"因我疏慵休罷早
遣君安樂歲時多
世間老苦人何限
不放君閑奈我何","自戲三絶句心重答身因我疏慵休罷早
遣君安樂歲時多
世間老苦人何限
不放君閑奈我何",40
2628,poem,2628,卷三十五,,,律詩,會昌元年春五絶句病後喜過劉家,,,2628,revised_jsonl_direct,2629,841,revised_jsonl,谱；笺,,0,False,,0,False,1,4,"忽憶前年初病後
此生甘分不銜杯
誰能料得今春事
又向劉家飲酒來","會昌元年春五絶句病後喜過劉家忽憶前年初病後
此生甘分不銜杯
誰能料得今春事
又向劉家飲酒來",45
2629,poem,2629,卷三十五,,,律詩,會昌元年春五絶句贈舉之僕射,,,2629,revised_jsonl_direct,2630,,revised_jsonl,笺；早入皇城赠王留守仆射；和春深二十首；清明日送韦侍御贬虔州,,0,False,,0,False,1,4,"雞毬餳粥屢開筵
談笑謳吟間管絃
一月三迴寒食會
春光應不負今年","會昌元年春五絶句贈舉之僕射雞毬餳粥屢開筵
談笑謳吟間管絃
一月三迴寒食會
春光應不負今年",44
2630,poem,2630,卷三十五,,,律詩,會昌元年春五絶句盧尹賀夢得會中作,,,2630,revised_jsonl_direct,2631,,revised_jsonl,笺；宴后题府中水堂赠卢尹中丞；谱；旧唐书；旧传；旧纪；新唐书；新传；子刘子自传,,0,False,,0,False,1,4,"病聞川守賀筵開
起伴尚書飲一杯
任意少年長笑我
老人自覓老人來","會昌元年春五絶句盧尹賀夢得會中作病聞川守賀筵開
起伴尚書飲一杯
任意少年長笑我
老人自覓老人來",47
2631,poem,2631,卷三十五,,,律詩,會昌元年春五絶句題朗之槐亭,,,2631,revised_jsonl_direct,2632,,revised_jsonl,笺；咏怀寄皇甫朗之,,0,False,,0,False,1,4,"春風可惜無多日
家醖唯殘軟半瓶
猶望君歸同一醉
籃舁早晚入槐亭","會昌元年春五絶句題朗之槐亭春風可惜無多日
家醖唯殘軟半瓶
猶望君歸同一醉
籃舁早晚入槐亭",44
2632,poem,2632,卷三十五,,,律詩,會昌元年春五絶句勸夢得酒,,,2632,revised_jsonl_direct,2633,,revised_jsonl,赠写真者,,0,False,,0,False,1,4,"誰人初畫麒麟閣
何客新投魑魅鄉
兩處榮枯君莫問
殘春更醉兩三場","會昌元年春五絶句勸夢得酒誰人初畫麒麟閣
何客新投魑魅鄉
兩處榮枯君莫問
殘春更醉兩三場",43
2633,poem,2633,卷三十五,,,律詩,過裴令公宅二絶句其一,,,2633,revised_jsonl_direct,2634,841,revised_jsonl,笺；雪后过集贤裴令公旧宅有感,,0,False,,0,False,1,4,"風吹楊柳出牆枝
憶得同歡共醉時
每到集賢坊北過
不曾一度不低眉","過裴令公宅二絶句其一風吹楊柳出牆枝
憶得同歡共醉時
每到集賢坊北過
不曾一度不低眉",41
2634,poem,2634,卷三十五,,,律詩,過裴令公宅二絶句其二,,,2634,revised_jsonl_direct,2635,,revised_jsonl,裴令公席上赠别梦得；早春同刘郎中寄宣武令狐相公,,0,False,,0,False,1,5,"梁王舊館雪濛濛
愁殺鄒枚二老翁
此句兼屬夢得
假使明朝深一尺
亦無人到兔園中","過裴令公宅二絶句其二梁王舊館雪濛濛
愁殺鄒枚二老翁
此句兼屬夢得
假使明朝深一尺
亦無人到兔園中",48
2635,poem,2635,卷三十五,,,律詩,百日假滿少傅官停自喜言懷,,,2635,revised_jsonl_direct,2636,841,revised_jsonl,笺；官俸初罢亲故见忧以诗谕之；香山居士写真诗序；谱；百日假满；高仆射；将归渭村先寄舍弟,,0,False,,0,False,1,8,"長告今朝滿十旬
從兹蕭灑便終身
老嫌手重抛牙笏
病喜頭輕換角巾
疏傅不朝懸組綬
尚平無累畢婚姻
人言世事何時了
我是人間事了人","百日假滿少傅官停自喜言懷長告今朝滿十旬
從兹蕭灑便終身
老嫌手重抛牙笏
病喜頭輕換角巾
疏傅不朝懸組綬
尚平無累畢婚姻
人言世事何時了
我是人間事了人",75
2636,poem,2636,卷三十五,,,律詩,旱熱,,,2636,revised_jsonl_direct,2637,841,revised_jsonl,笺；喜与杨六侍郎同宿；和杨尚书罢相后夏日游永安水亭兼招本曹杨侍郎同行；寄潮州继之；旧唐书；元和郡县志,,0,False,,0,False,1,10,"畏景又加旱
火雲殊未收
籬喧飢有雀
池涸渴無鷗
岸幘頭仍痛
褰裳汗亦流
若爲當此日
遷客向炎洲
時楊﹑李二相
各貶潮﹑昭","旱熱畏景又加旱
火雲殊未收
籬喧飢有雀
池涸渴無鷗
岸幘頭仍痛
褰裳汗亦流
若爲當此日
遷客向炎洲
時楊﹑李二相
各貶潮﹑昭",62
2637,poem,2637,卷三十五,,,律詩,題崔少尹上林坊新居,,,2637,revised_jsonl_direct,2638,841,revised_jsonl,笺；开成二年三月三日河南尹李待价以人和岁稔将禊于洛滨；唐两京城坊考；效陶潜体诗十六首；赠侯三郎中,,0,False,,0,False,1,8,"坊靜深居新且幽
忽疑縮地到滄洲
宅東籬缺嵩峰出
堂後門開洛水流
高下三層盤野徑
沿洄十里汎漁舟
若能爲客烹雞黍
願伴田蘇日日遊","題崔少尹上林坊新居坊靜深居新且幽
忽疑縮地到滄洲
宅東籬缺嵩峰出
堂後門開洛水流
高下三層盤野徑
沿洄十里汎漁舟
若能爲客烹雞黍
願伴田蘇日日遊",72
2638,poem,2638,卷三十五,,,律詩,新澗亭,,,2638,revised_jsonl_direct,2639,841,revised_jsonl,笺；闲居自题戏招宿客,,0,False,,0,False,1,4,"煙蘿初合澗新開
閑上西亭日幾迴
老病歸山應未得
且移泉石就身來","新澗亭煙蘿初合澗新開
閑上西亭日幾迴
老病歸山應未得
且移泉石就身來",34
2639,poem,2639,卷三十五,,,律詩,對酒有懷寄李十九郎中,,,2639,revised_jsonl_direct,2640,841,revised_jsonl,笺；送蕲春李十九使君赴郡；感旧石上字；别柳枝,,0,False,,0,False,1,12,"往年江外抛桃葉
結之也
去歲樓中别柳枝
樊﹑蠻也
寂寞春來一杯酒
此情唯有李君知
吟君舊句情難忘
風月何時是盡時
李君嘗有《悼故妓》詩云
“直應人世無風月
恰是心中忘却時
”今故云","對酒有懷寄李十九郎中往年江外抛桃葉
結之也
去歲樓中别柳枝
樊﹑蠻也
寂寞春來一杯酒
此情唯有李君知
吟君舊句情難忘
風月何時是盡時
李君嘗有《悼故妓》詩云
“直應人世無風月
恰是心中忘却時
”今故云",100
2640,poem,2640,卷三十五,,,律詩,楊六尚書頻寄新詩詩中多有思閑相就之志因書鄙意報而諭之,,,2640,revised_jsonl_direct,2641,841,revised_jsonl,笺；近见慕巢尚书诗中屡有叹老思退之意又于洛下新置郊居然宠寄方深归心太速因以长句戏而谕之,,0,False,,0,False,1,8,"君年殊未及懸車
未合將閑逐老夫
身健正宜金印綬
位高方稱白髭鬚
若論塵事何由了
但問雲心自在無
進退是非俱是夢
丘中闕下亦何殊","楊六尚書頻寄新詩詩中多有思閑相就之志因書鄙意報而諭之君年殊未及懸車
未合將閑逐老夫
身健正宜金印綬
位高方稱白髭鬚
若論塵事何由了
但問雲心自在無
進退是非俱是夢
丘中闕下亦何殊",89
2641,poem,2641,卷三十五,,,律詩,偶吟自慰兼呈夢得,,,2641,revised_jsonl_direct,2642,841,revised_jsonl,谱；笺；耳顺吟寄敦诗梦得；哭崔儿,,0,False,,0,False,1,8,"且喜同年滿七旬
莫嫌衰病莫嫌貧
已爲海内有名客
又占世間長命人
耳裏聲聞新將相
眼前失盡故交親
尊榮富壽難兼得
閑坐思量最要身","偶吟自慰兼呈夢得且喜同年滿七旬
莫嫌衰病莫嫌貧
已爲海内有名客
又占世間長命人
耳裏聲聞新將相
眼前失盡故交親
尊榮富壽難兼得
閑坐思量最要身",71
2642,poem,2642,卷三十五,,,律詩,寄潮州繼之,,,2642,revised_jsonl_direct,2643,841,revised_jsonl,笺；旱热；旧唐书,,0,False,,0,False,1,4,"相府潮陽俱夢中
夢中何者是窮通
他時事過方應悟
不獨榮空辱亦空","寄潮州繼之相府潮陽俱夢中
夢中何者是窮通
他時事過方應悟
不獨榮空辱亦空",36
2643,poem,2643,卷三十五,,,律詩,雪暮偶與夢得同致仕裴賓客王尚書飲,,,2643,revised_jsonl_direct,2644,841,revised_jsonl,笺；春夜宴席上戏赠裴淄州；早入皇城赠王留守仆射；旧唐书,,0,False,,0,False,1,9,"黄昏慘慘雪霏霏
白首相歡醉不歸
四個老人三百歲
裴年九十餘
王八十餘
予與夢得俱七十
合三百餘歲
可謂希有之會也
人間此會亦應稀","雪暮偶與夢得同致仕裴賓客王尚書飲黄昏慘慘雪霏霏
白首相歡醉不歸
四個老人三百歲
裴年九十餘
王八十餘
予與夢得俱七十
合三百餘歲
可謂希有之會也
人間此會亦應稀",80
2644,poem,2644,卷三十五,,,律詩,雪朝乘興欲詣李司徒留守先以五韻戲之,,,2644,revised_jsonl_direct,2645,841,revised_jsonl,笺；寄太原李相公；新唐书；旧唐书；早入皇城赠王留守仆射；赠举之仆射,,0,False,,0,False,1,10,"夜寒生酒思
曉雪引詩情
熱飲一兩盞
冷吟三五聲
鋪花憐地凍
銷玉畏天晴
好拂烏巾出
宜披鶴氅行
梁園應有興
無不召鄒生","雪朝乘興欲詣李司徒留守先以五韻戲之夜寒生酒思
曉雪引詩情
熱飲一兩盞
冷吟三五聲
鋪花憐地凍
銷玉畏天晴
好拂烏巾出
宜披鶴氅行
梁園應有興
無不召鄒生",76
2645,poem,2645,卷三十五,,,律詩,贈思黯,,,2645,revised_jsonl_direct,2646,841,revised_jsonl,谱；笺；岁暮呈思黯相公皇甫朗之及梦得尚书；题牛相公归仁里宅新成小滩,,0,False,,0,False,1,4,"爲憐清淺愛潺湲
一日三迴到水邊
若道歸仁灘更好
主人何故别三年","贈思黯爲憐清淺愛潺湲
一日三迴到水邊
若道歸仁灘更好
主人何故别三年",34
2646,poem,2646,卷三十五,,,律詩,聽歌六絶句聽都子歌,,,2646,revised_jsonl_direct,2647,839,revised_jsonl,笺；东城桂三首；皇言定声录；桂华曲；听都子歌；桂花曲；乐记；别柳枝,,0,False,,0,False,1,4,"都子新歌有性靈
一聲格轉已堪聽
更聽唱到常娥字
猶有樊家舊典刑","聽歌六絶句聽都子歌都子新歌有性靈
一聲格轉已堪聽
更聽唱到常娥字
猶有樊家舊典刑",40
2647,poem,2647,卷三十五,,,律詩,聽歌六絶句樂世,,,2647,revised_jsonl_direct,2648,839,revised_jsonl,笺；急乐世辞,,0,False,,0,False,1,4,"管急絃繁拍漸稠
綠腰宛轉曲終頭
誠知樂世聲聲樂
老病人聽未免愁","聽歌六絶句樂世管急絃繁拍漸稠
綠腰宛轉曲終頭
誠知樂世聲聲樂
老病人聽未免愁",38
2648,poem,2648,卷三十五,,,律詩,聽歌六絶句水調,,,2648,revised_jsonl_direct,2649,839,revised_jsonl,笺；看采菱,,0,False,,0,False,1,4,"五言一遍最殷勤
調少情多似有因
不會當時翻曲意
此聲腸斷爲何人","聽歌六絶句水調五言一遍最殷勤
調少情多似有因
不會當時翻曲意
此聲腸斷爲何人",38
2649,poem,2649,卷三十五,,,律詩,聽歌六絶句想夫憐,,,2649,revised_jsonl_direct,2650,839,revised_jsonl,笺；教坊记；唐国史补；想夫怜；相府莲；乐府诗集；古解题；苕溪渔隐丛话；蔡宽夫诗话；听歌；和太常韦主簿温阳寓目；凉州；伊州,,0,False,,0,False,1,4,"玉管朱絃莫急催
容聽歌送十分杯
長愛夫憐第二句
請君重唱夕陽開","聽歌六絶句想夫憐玉管朱絃莫急催
容聽歌送十分杯
長愛夫憐第二句
請君重唱夕陽開",39
2650,poem,2650,卷三十五,,,律詩,聽歌六絶句何滿子,,,2650,revised_jsonl_direct,2651,839,revised_jsonl,笺；乐府诗集；杜阳杂编；何满子；何满子歌；碧鸡漫志；卢氏杂说；牡丹赋；何满子词；渔父；小秦王；唐声诗,,0,False,,0,False,1,4,"世傳滿子是人名
臨就刑時曲始成
一曲四詞歌八疊
從頭便是斷腸聲","聽歌六絶句何滿子世傳滿子是人名
臨就刑時曲始成
一曲四詞歌八疊
從頭便是斷腸聲",39
2651,poem,2651,卷三十五,,,律詩,聽歌六絶句離别難詞,,,2651,revised_jsonl_direct,2652,839,revised_jsonl,笺；乐府诗集；乐府杂录；离别难；大郎神；悲切子；怨回鹘,,0,False,,0,False,1,4,"綠楊陌上送行人
馬去車迴一望塵
不覺别時紅淚盡
歸來無可可可紇反霑巾","聽歌六絶句離别難詞綠楊陌上送行人
馬去車迴一望塵
不覺别時紅淚盡
歸來無可可可紇反霑巾",43
2652,poem,2652,卷三十五,,,律詩,閑樂,,,2652,revised_jsonl_direct,2653,842,revised_jsonl,笺；俱舍论；别译杂阿含经,,0,False,,0,False,1,6,"坐安卧穩輿平肩
倚杖披衫遶四邊
空腹三杯卯後酒
曲肱一覺醉中眠
更無忙苦吟閑樂
恐是人間自在天","閑樂坐安卧穩輿平肩
倚杖披衫遶四邊
空腹三杯卯後酒
曲肱一覺醉中眠
更無忙苦吟閑樂
恐是人間自在天",49
2653,poem,2653,卷三十六,,,格詩,立秋夕凉風忽至炎暑稍消即事詠懷寄汴州節度使李二十尚書,,,2653,revised_jsonl_direct,2654,837,revised_jsonl,笺；渌水亭杂识；长庆集；声调谱；小阁闲坐；全唐诗；达哉乐天行；小石帆亭著录；赵秋谷所传声调谱；郡斋旬假命宴呈座客示郡寮；白香山集；洛下雪中频与刘李二宾客宴集因寄汴州李尚书；古诗十九首；感讽五首；紫踯躅；奉和汴州令狐相公二十二韵,,0,False,,0,False,1,22,"嫋嫋簷樹動
好風西南來
紅釭霏微滅
碧幌飄颻開
披襟有餘凉
拂簟無纖埃
但喜煩暑退
不惜光陰催
河秋稍清淺
月午方徘徊
或行或坐卧
體適心悠哉
美人在浚都
旌旗繞樓臺
雖非滄溟阻
難見如蓬萊
蟬迎節又換
雁送書未迴
君位日寵重
我年日摧頽
無因風月下
一舉平生杯","立秋夕凉風忽至炎暑稍消即事詠懷寄汴州節度使李二十尚書嫋嫋簷樹動
好風西南來
紅釭霏微滅
碧幌飄颻開
披襟有餘凉
拂簟無纖埃
但喜煩暑退
不惜光陰催
河秋稍清淺
月午方徘徊
或行或坐卧
體適心悠哉
美人在浚都
旌旗繞樓臺
雖非滄溟阻
難見如蓬萊
蟬迎節又換
雁送書未迴
君位日寵重
我年日摧頽
無因風月下
一舉平生杯",157
2654,poem,2654,卷三十六,,,格詩,開成二年夏聞新蟬贈夢得,,,2654,revised_jsonl_direct,2655,837,revised_jsonl,谱；笺；叹老三首,,0,False,,0,False,1,14,"十載與君别
常感新蟬鳴
今年共君聽
同在洛陽城
噪處知林靜
聞時覺景清
凉風忽嫋嫋
秋思先秋生
殘槿花邊立
老槐陰下行
雖無索居恨
還動長年情
且喜未聾耳
年年聞此聲","開成二年夏聞新蟬贈夢得十載與君别
常感新蟬鳴
今年共君聽
同在洛陽城
噪處知林靜
聞時覺景清
凉風忽嫋嫋
秋思先秋生
殘槿花邊立
老槐陰下行
雖無索居恨
還動長年情
且喜未聾耳
年年聞此聲",94
2655,poem,2655,卷三十六,,,格詩,題牛相公歸仁里宅新成小灘,,,2655,revised_jsonl_direct,2656,837,revised_jsonl,笺；洛下送牛相公出镇淮南；旧唐书；唐两京城坊考；初入峡有感；送萧处士游黔南；郡斋旬假命宴呈座客示郡寮,,0,False,,0,False,1,24,"平生見流水
見此轉留連
况此朱門内
君家新引泉
伊流決一帶
洛石砌千拳
與君三伏月
滿耳作潺湲
深處碧磷磷
淺處清濺濺
碕岸束嗚咽
沙汀散淪漣
翻浪雪不盡
澄波空共鮮
兩崖灩澦口
一泊瀟湘天
曾作天南客
漂流六七年
何山不倚杖
何水不停船
巴峽聲心裏
松江色眼前
今朝小灘上
能不思悠然","題牛相公歸仁里宅新成小灘平生見流水
見此轉留連
况此朱門内
君家新引泉
伊流決一帶
洛石砌千拳
與君三伏月
滿耳作潺湲
深處碧磷磷
淺處清濺濺
碕岸束嗚咽
沙汀散淪漣
翻浪雪不盡
澄波空共鮮
兩崖灩澦口
一泊瀟湘天
曾作天南客
漂流六七年
何山不倚杖
何水不停船
巴峽聲心裏
松江色眼前
今朝小灘上
能不思悠然",155
2656,poem,2656,卷三十六,,,格詩,春日閑居三首其一,,,2656,revised_jsonl_direct,2657,839,revised_jsonl,笺；读山海经；祭中书韦相公文；白氏文集；书事咏怀；地藏菩萨本愿经；宾退录；唐会要；题赠郑秘书征君石沟溪隐居,,0,False,,0,False,1,20,"陶云愛吾廬
吾亦愛吾屋
屋中有琴書
聊以慰幽獨
是時三月半
花落庭蕪綠
舍上晨鳩鳴
窗間春睡足
睡足起閑坐
景晏方櫛沐
今日非十齋
庖童饋魚肉
飢來恣餐歠
冷熱隨所欲
飽竟快搔爬
筋骸無檢束
豈徒暢支體
兼欲遺耳目
便可傲松喬
何假杯中淥","春日閑居三首其一陶云愛吾廬
吾亦愛吾屋
屋中有琴書
聊以慰幽獨
是時三月半
花落庭蕪綠
舍上晨鳩鳴
窗間春睡足
睡足起閑坐
景晏方櫛沐
今日非十齋
庖童饋魚肉
飢來恣餐歠
冷熱隨所欲
飽竟快搔爬
筋骸無檢束
豈徒暢支體
兼欲遺耳目
便可傲松喬
何假杯中淥",127
2657,poem,2657,卷三十六,,,格詩,春日閑居三首其二,,,2657,revised_jsonl_direct,2658,,revised_jsonl,集韵；山雉；孟子；庄子,孟子；庄子,2,True,,0,False,1,16,"廣池春水平
羣魚恣游泳
新林綠陰成
衆鳥欣相鳴叶韻
時我亦蕭洒
適無累與病
魚鳥人則殊
同歸於遂性
緬思山梁雉
時哉感孔聖
聖人不得所
慨然歎時命
我今對鱗羽
取樂成謡詠
得所仍得時
吾生一何幸","春日閑居三首其二廣池春水平
羣魚恣游泳
新林綠陰成
衆鳥欣相鳴叶韻
時我亦蕭洒
適無累與病
魚鳥人則殊
同歸於遂性
緬思山梁雉
時哉感孔聖
聖人不得所
慨然歎時命
我今對鱗羽
取樂成謡詠
得所仍得時
吾生一何幸",105
2658,poem,2658,卷三十六,,,格詩,春日閑居三首其三,,,2658,revised_jsonl_direct,2659,,revised_jsonl,公羊传,公羊传,1,True,,0,False,1,20,"勞者不覺歌
歌其勞苦事
逸者不覺歌
歌其逸樂意
問我逸如何
閑居多興味
問我樂如何
閑官少憂累
又問俸厚薄
百千隨月至
又問年幾何
七十行欠二
所得皆過望
省躬良可媿
馬閑無羈絆
鶴老有祿位
設自爲化工
優饒只如是
安得不歌詠
默默受天賜","春日閑居三首其三勞者不覺歌
歌其勞苦事
逸者不覺歌
歌其逸樂意
問我逸如何
閑居多興味
問我樂如何
閑官少憂累
又問俸厚薄
百千隨月至
又問年幾何
七十行欠二
所得皆過望
省躬良可媿
馬閑無羈絆
鶴老有祿位
設自爲化工
優饒只如是
安得不歌詠
默默受天賜",127
2659,poem,2659,卷三十六,,,格詩,小閣閑坐,,,2659,revised_jsonl_direct,2660,838,revised_jsonl,笺；高仆射；读史五首；答四皓庙,,0,False,,0,False,1,12,"閣前竹蕭蕭
閣下水潺潺
拂簟捲簾坐
清風生其間
靜聞新蟬鳴
遠見飛鳥還
但有巾掛壁
而無客叩關
二疏返故里
四老歸舊山
吾亦適所願
求閑而得閑","小閣閑坐閣前竹蕭蕭
閣下水潺潺
拂簟捲簾坐
清風生其間
靜聞新蟬鳴
遠見飛鳥還
但有巾掛壁
而無客叩關
二疏返故里
四老歸舊山
吾亦適所願
求閑而得閑",75
2660,poem,2660,卷三十六,,,格詩,遊平泉宴浥澗宿香山石樓贈座客,,,2660,revised_jsonl_direct,2661,838,revised_jsonl,笺；秋游平泉赠韦处士闲禅师；闲游即事；李卢二中丞各创山居俱夸胜绝然去城稍远来往颇劳弊居新泉实在宇下偶题十五韵聊戏二君；和王安之五首；香山寺石楼潭夜浴；答微之夸越州州宅；和友人洛中春感；古诗十九首,,0,False,,0,False,1,20,"逸少集蘭亭
季倫宴金谷
金谷太繁華
蘭亭闕絲竹
何如今日會
浥澗平泉曲
杯酒與管絃
貧中隨分足
紫鮮林笋嫩
紅潤園桃熟
採摘助盤筵
芳滋盈口腹
閑吟暮雲碧
醉藉春草綠
舞妙豔流風
歌清叩寒玉
古詩惜晝短
勸我令秉燭
是夜勿言歸
相攜石樓宿","遊平泉宴浥澗宿香山石樓贈座客逸少集蘭亭
季倫宴金谷
金谷太繁華
蘭亭闕絲竹
何如今日會
浥澗平泉曲
杯酒與管絃
貧中隨分足
紫鮮林笋嫩
紅潤園桃熟
採摘助盤筵
芳滋盈口腹
閑吟暮雲碧
醉藉春草綠
舞妙豔流風
歌清叩寒玉
古詩惜晝短
勸我令秉燭
是夜勿言歸
相攜石樓宿",133
2661,poem,2661,卷三十六,,,格詩,池上幽境,,,2661,revised_jsonl_direct,2662,838,revised_jsonl,笺；丘中有一士,,0,False,,0,False,1,12,"裊裊過水橋
微微入林路
幽境深誰知
老身閑獨步
行行何所愛
遇物自成趣
平滑青磐石
低密綠陰樹
石上一素琴
樹下雙草屨
此是榮先生
坐禪三樂處","池上幽境裊裊過水橋
微微入林路
幽境深誰知
老身閑獨步
行行何所愛
遇物自成趣
平滑青磐石
低密綠陰樹
石上一素琴
樹下雙草屨
此是榮先生
坐禪三樂處",75
2662,poem,2662,卷三十六,,,格詩,夏日閑放,,,2662,revised_jsonl_direct,2663,838,revised_jsonl,笺；喜与杨六侍郎同宿；秋游原上；寄张十八；论语,论语,1,True,,0,False,1,16,"時暑不出門
亦無賓客至
靜室深下簾
小庭新掃地
褰裳復岸幘
閑傲得自恣
朝景枕簟清
乘凉一覺睡
午餐何所有
魚肉一兩味
夏服亦無多
蕉紗三五事
資身既給足
長音丈物徒煩費
若比簞瓢人
吾今太富貴","夏日閑放時暑不出門
亦無賓客至
靜室深下簾
小庭新掃地
褰裳復岸幘
閑傲得自恣
朝景枕簟清
乘凉一覺睡
午餐何所有
魚肉一兩味
夏服亦無多
蕉紗三五事
資身既給足
長音丈物徒煩費
若比簞瓢人
吾今太富貴",101
2663,poem,2663,卷三十六,,,格詩,和思黯居守獨飲偶醉見示六韻時夢得和篇先成頗爲麗絶因添兩韻繼而美之,,,2663,revised_jsonl_direct,2664,838,revised_jsonl,笺；酬思黯相公见过弊居戏赠；郡斋旬假命宴呈座客示郡寮；自京赴奉先县咏怀五百字,,0,False,,0,False,1,16,"宮漏滴漸闌
城烏啼復歇
此時若不醉
爭奈千門月
主人中夜起
妓燭前羅列
歌袂默收聲
舞鬟低赴節
絃吟玉柱品
酒透金杯熱
朱顔忽已酡
清奏猶未闋
妍詞黯先唱
逸韻劉繼發
鏗然雙雅音
金石相磨戞","和思黯居守獨飲偶醉見示六韻時夢得和篇先成頗爲麗絶因添兩韻繼而美之宮漏滴漸闌
城烏啼復歇
此時若不醉
爭奈千門月
主人中夜起
妓燭前羅列
歌袂默收聲
舞鬟低赴節
絃吟玉柱品
酒透金杯熱
朱顔忽已酡
清奏猶未闋
妍詞黯先唱
逸韻劉繼發
鏗然雙雅音
金石相磨戞",127
2664,poem,2664,卷三十六,,,格詩,和夢得洛中早春見贈七韻,,,2664,revised_jsonl_direct,2665,838,revised_jsonl,笺；闰九月九日独饮,,0,False,,0,False,1,16,"衆皆賞春色
君獨憐春意
春意竟如何
老夫知此味
燭餘減夜漏
衾暖添朝睡
恬和臺上風
虛潤池邊地
開遲花養豔
語懶鶯含思
似訝隔年齋
如勸迎春醉
何日同宴遊
心期二月二
此日出齋
故云","和夢得洛中早春見贈七韻衆皆賞春色
君獨憐春意
春意竟如何
老夫知此味
燭餘減夜漏
衾暖添朝睡
恬和臺上風
虛潤池邊地
開遲花養豔
語懶鶯含思
似訝隔年齋
如勸迎春醉
何日同宴遊
心期二月二
此日出齋
故云",102
2665,poem,2665,卷三十六,,,格詩,櫻桃花下有感而作,,,2665,revised_jsonl_direct,2666,838,revised_jsonl,笺；新唐书；和乐天李周美中丞宅池中赏樱桃花；履信池樱桃岛上醉后走笔送别舒员外兼寄宗正李卿考功崔郎中,,0,False,,0,False,1,14,"藹藹周美宅
櫻繁春日斜
一爲洛下客
十見池上花
爛熳豈無意
爲君占年華
風光饒此樹
歌舞勝諸家
失盡白頭伴
長成紅粉娃
停杯兩相顧
堪喜且堪嗟
白頭伴﹑紅粉娃
皆有所屬","櫻桃花下有感而作藹藹周美宅
櫻繁春日斜
一爲洛下客
十見池上花
爛熳豈無意
爲君占年華
風光饒此樹
歌舞勝諸家
失盡白頭伴
長成紅粉娃
停杯兩相顧
堪喜且堪嗟
白頭伴﹑紅粉娃
皆有所屬",92
2666,poem,2666,卷三十六,,,格詩,洗竹,,,2666,revised_jsonl_direct,2667,838,revised_jsonl,笺；春葺新居；诗,诗,1,True,,0,False,1,16,"布衾寒擁頸
氊履温承足
獨立冰池前
久看洗霜竹
先除老且病
次去纖而曲
剪棄猶可憐
琅玕十餘束
青青復籊籊
頗異凡草木
依然若有情
迴頭語僮僕
小者截魚竿
大者編茅屋
勿作篲與箕
而令糞土辱","洗竹布衾寒擁頸
氊履温承足
獨立冰池前
久看洗霜竹
先除老且病
次去纖而曲
剪棄猶可憐
琅玕十餘束
青青復籊籊
頗異凡草木
依然若有情
迴頭語僮僕
小者截魚竿
大者編茅屋
勿作篲與箕
而令糞土辱",97
2667,poem,2667,卷三十六,,,格詩,新沐浴,,,2667,revised_jsonl_direct,2668,838,revised_jsonl,笺；上益州上柱国赵王二首；风疾舟中伏枕书怀三十六韵奉呈湖南亲友；西京赋,西京赋,1,True,,0,False,1,24,"形適外無恙
心恬内無憂
夜來新沐浴
肌髮舒且柔
寬裁夾烏帽
厚絮長白裘
裘温裹我足
帽暖覆我頭
先進酒一盂
次舉粥一甌
半酣半飽時
四體春悠悠
是月歲陰暮
慘冽天地愁
白日冷無光
黄河凍不流
何處征戍行
何人羈旅遊
窮途絶粮客
寒獄無燈囚
勞生彼何苦
遂性我何優
撫心但自愧
孰知其所由","新沐浴形適外無恙
心恬内無憂
夜來新沐浴
肌髮舒且柔
寬裁夾烏帽
厚絮長白裘
裘温裹我足
帽暖覆我頭
先進酒一盂
次舉粥一甌
半酣半飽時
四體春悠悠
是月歲陰暮
慘冽天地愁
白日冷無光
黄河凍不流
何處征戍行
何人羈旅遊
窮途絶粮客
寒獄無燈囚
勞生彼何苦
遂性我何優
撫心但自愧
孰知其所由",146
2668,poem,2668,卷三十六,,,格詩,三年除夜,,,2668,revised_jsonl_direct,2669,838,revised_jsonl,笺；太平广记；顾恺之；名画记；京师寺记；赠内；东院,,0,False,,0,False,1,18,"晰晰燎火光
氳氳臘酒香
嗤嗤童稚戲
迢迢歲夜長
堂上書帳前
長幼合成行
以我年最長
次第來稱觴
七十期漸近
萬緣心已忘
不唯少歡樂
兼亦無悲傷
素屏應居士
青衣侍孟光
夫妻老相對
各坐一繩床
顧虎頭畫《維摩居士圖》
白衣素屏也","三年除夜晰晰燎火光
氳氳臘酒香
嗤嗤童稚戲
迢迢歲夜長
堂上書帳前
長幼合成行
以我年最長
次第來稱觴
七十期漸近
萬緣心已忘
不唯少歡樂
兼亦無悲傷
素屏應居士
青衣侍孟光
夫妻老相對
各坐一繩床
顧虎頭畫《維摩居士圖》
白衣素屏也",117
2669,poem,2669,卷三十六,,,格詩,自題小園,,,2669,revised_jsonl_direct,2670,838,revised_jsonl,笺；史记；汉书音义,史记,1,True,,0,False,1,18,"不鬭門館華
不鬭林園大
但鬭爲主人
一坐十餘載
迴看甲乙第
列在都城内
素垣夾朱門
藹藹遥相對
主人安在哉
富貴去不迴
池乃爲魚鑿
林乃爲禽栽
何如小園主
拄杖閑即來
親賓有時會
琴酒連夜開
以此聊自足
不羨大池臺","自題小園不鬭門館華
不鬭林園大
但鬭爲主人
一坐十餘載
迴看甲乙第
列在都城内
素垣夾朱門
藹藹遥相對
主人安在哉
富貴去不迴
池乃爲魚鑿
林乃爲禽栽
何如小園主
拄杖閑即來
親賓有時會
琴酒連夜開
以此聊自足
不羨大池臺",111
2670,poem,2670,卷三十六,,,格詩,病中宴坐,,,2670,revised_jsonl_direct,2671,839,revised_jsonl,笺；广韵；渭村酬李二十见寄；老子；老子赞,老子；老子赞,2,True,,0,False,1,12,"有酒病不飲
有詩慵不吟
頭眩平罷垂釣
手痺休援琴
竟日悄無事
所居閑且深
外安支離體
中養希夷心
窗户納秋景
竹木澄夕陰
宴坐小池畔
清風時動襟","病中宴坐有酒病不飲
有詩慵不吟
頭眩平罷垂釣
手痺休援琴
竟日悄無事
所居閑且深
外安支離體
中養希夷心
窗户納秋景
竹木澄夕陰
宴坐小池畔
清風時動襟",76
2671,poem,2671,卷三十六,,,格詩,戒藥,,,2671,revised_jsonl_direct,2672,839,revised_jsonl,笺；舞鹤赋；闲园独赏；云笈七签；朝礼九天魂魄帝君求仙上法；对日存三魂法；思旧；同微之赠别郭虚舟炼师五十韵；老子,舞鹤赋；老子,2,True,,0,False,1,20,"促促急景中
蠢蠢微塵裏
生涯有分限
愛戀無終已
早夭羨中年
中年羨暮齒
暮齒又貪生
服食求不死
朝吞太陽精
夕吸秋石髓
徼福反成災
藥誤者多矣
以之資嗜慾
又望延甲子
天人陰隲間
亦恐無此理
域中有真道
所説不如此
後身始身存
吾聞諸老氏","戒藥促促急景中
蠢蠢微塵裏
生涯有分限
愛戀無終已
早夭羨中年
中年羨暮齒
暮齒又貪生
服食求不死
朝吞太陽精
夕吸秋石髓
徼福反成災
藥誤者多矣
以之資嗜慾
又望延甲子
天人陰隲間
亦恐無此理
域中有真道
所説不如此
後身始身存
吾聞諸老氏",121
2672,poem,2672,卷三十六,,,格詩,贈夢得,,,2672,revised_jsonl_direct,2673,839,revised_jsonl,笺,,0,False,,0,False,1,12,"前日君家飲
昨日王家宴
今日過我廬
三日三會面
當歌聊自放
對酒交相勸
爲我盡一杯
與君發三願
一願世清平
二願身强健
三願臨老頭
數與君相見","贈夢得前日君家飲
昨日王家宴
今日過我廬
三日三會面
當歌聊自放
對酒交相勸
爲我盡一杯
與君發三願
一願世清平
二願身强健
三願臨老頭
數與君相見",74
2673,poem,2673,卷三十六,,,格詩,逸老,,,2673,revised_jsonl_direct,2674,841,revised_jsonl,笺；庄子；诗；东南行一百韵寄通州元九侍御澧州李十一舍人果州崔二十二使君开州韦大员外庾三十二补阙杜十四拾遗李二十助教员外窦七校书；维摩经；念金銮子二首；反舌鸟赋,庄子；诗,2,True,,0,False,1,34,"白日下駸駸
青天高浩浩
人生在其中
適時即爲好
勞我以少壯
息我以衰老
順之多吉壽
違之或凶夭
我初五十八
息老雖非早
一閑十三年
所得亦不少
况加祿仕後
衣食常温飽
又從風疾來
女嫁男婚了
胸中一無事
浩氣凝襟抱
飄若雲信風
樂於魚在藻
桑榆坐已暮
鐘漏行將曉
皤然七十翁
亦足稱壽考
筋骸本非實
一束芭蕉草
眷屬偶相依
一夕同棲鳥
去何有顧戀
住亦無憂惱
生死尚復然
其餘安足道
是故臨老心
冥然合玄造","逸老白日下駸駸
青天高浩浩
人生在其中
適時即爲好
勞我以少壯
息我以衰老
順之多吉壽
違之或凶夭
我初五十八
息老雖非早
一閑十三年
所得亦不少
况加祿仕後
衣食常温飽
又從風疾來
女嫁男婚了
胸中一無事
浩氣凝襟抱
飄若雲信風
樂於魚在藻
桑榆坐已暮
鐘漏行將曉
皤然七十翁
亦足稱壽考
筋骸本非實
一束芭蕉草
眷屬偶相依
一夕同棲鳥
去何有顧戀
住亦無憂惱
生死尚復然
其餘安足道
是故臨老心
冥然合玄造",205
2674,poem,2674,卷三十六,,,格詩,遇物感興因示子弟,,,2674,revised_jsonl_direct,2675,841,revised_jsonl,笺；说苑；淮南子；史记；焦氏易林；类篇；说文；隐几赠客,说苑；淮南子；史记；说文,4,True,,0,False,1,24,"聖擇狂夫言
俗信老人語
我有老狂詞
聽之吾語汝
吾觀器用中
劍鋭鋒多傷
吾觀形骸内
勁骨齒先亡
寄言處世者
不可苦剛强
龜性愚且善
鳩心鈍無惡
人賤拾支床
鶻欺擒暖脚
寄言立身者
不得全柔弱
彼因罹禍難
此未免憂患平聲
于何保終吉
强弱剛柔間
上遵周孔訓
旁鑒老莊言
不唯鞭其後
亦要軛其先","遇物感興因示子弟聖擇狂夫言
俗信老人語
我有老狂詞
聽之吾語汝
吾觀器用中
劍鋭鋒多傷
吾觀形骸内
勁骨齒先亡
寄言處世者
不可苦剛强
龜性愚且善
鳩心鈍無惡
人賤拾支床
鶻欺擒暖脚
寄言立身者
不得全柔弱
彼因罹禍難
此未免憂患平聲
于何保終吉
强弱剛柔間
上遵周孔訓
旁鑒老莊言
不唯鞭其後
亦要軛其先",153
2675,poem,2675,卷三十六,,,格詩,首夏南池獨酌,,,2675,revised_jsonl_direct,2676,841,revised_jsonl,笺；太平乐词二首；登池上楼,,0,False,,0,False,1,14,"春盡雜英歇
夏初芳草深
薰風自南至
吹我池上林
綠蘋散還合
赬鯉跳復沉
新葉有佳色
殘鶯猶好音
依然謝家物
池酌對風琴
慚無康樂作
秉筆思沉吟
境勝才思劣
詩成不稱心","首夏南池獨酌春盡雜英歇
夏初芳草深
薰風自南至
吹我池上林
綠蘋散還合
赬鯉跳復沉
新葉有佳色
殘鶯猶好音
依然謝家物
池酌對風琴
慚無康樂作
秉筆思沉吟
境勝才思劣
詩成不稱心",89
2676,poem,2676,卷三十六,,,格詩,官俸初罷親故見憂以詩諭之,,,2676,revised_jsonl_direct,2677,841,revised_jsonl,谱；笺；达哉乐天行；唐会要；庄子；释文；释名；艺文类聚；幽明录,庄子；释名,2,True,,0,False,1,26,"七年爲少傅
品高俸不薄
乘軒已多慚
况是一病鶴
又及懸車歲
筋力轉衰弱
豈以貧是憂
尚爲名所縛
今春始病免
纓組初擺落
蜩甲有何知
雲心無所著
圌中殘舊穀
可備歲飢惡
園中多新蔬
未至食藜藿
不求安師卜
不問陳生藥
但對丘中琴
時聞池上酌
信風舟不繫
掉尾魚方樂
親友不我知
而憂我寂寞
安與陳
皆洛中藝術精者","官俸初罷親故見憂以詩諭之七年爲少傅
品高俸不薄
乘軒已多慚
况是一病鶴
又及懸車歲
筋力轉衰弱
豈以貧是憂
尚爲名所縛
今春始病免
纓組初擺落
蜩甲有何知
雲心無所著
圌中殘舊穀
可備歲飢惡
園中多新蔬
未至食藜藿
不求安師卜
不問陳生藥
但對丘中琴
時聞池上酌
信風舟不繫
掉尾魚方樂
親友不我知
而憂我寂寞
安與陳
皆洛中藝術精者",167
2677,poem,2677,卷三十六,,,格詩,閑居偶吟招鄭庶子皇甫郎中,,,2677,revised_jsonl_direct,2678,841,revised_jsonl,笺；同王十七庶子李六员外郑二侍御同年四人游龙门有感而作；池上清晨候皇甫郎中；迂叟；诗；寄皇甫宾客；汉书,诗；汉书,2,True,,0,False,1,22,"自哂此迂叟
少迂老更迂
家計一不問
園林聊自娛
竹間琴一張
池上酒一壺
更無俗物到
但與秋光俱
古石蒼錯落
新泉碧縈紆
焉用車馬客
即此是吾徒
猶有所思人
各在城一隅
杳然愛不見
搔首方踟躕
玄晏風韻遠
子真雲貌孤
誠知厭朝市
何必憶江湖
能來小澗上
一聽潺湲無","閑居偶吟招鄭庶子皇甫郎中自哂此迂叟
少迂老更迂
家計一不問
園林聊自娛
竹間琴一張
池上酒一壺
更無俗物到
但與秋光俱
古石蒼錯落
新泉碧縈紆
焉用車馬客
即此是吾徒
猶有所思人
各在城一隅
杳然愛不見
搔首方踟躕
玄晏風韻遠
子真雲貌孤
誠知厭朝市
何必憶江湖
能來小澗上
一聽潺湲無",143
2678,poem,2678,卷三十六,,,格詩,亭西牆下伊渠水中置石激流潺湲成韻頗有幽趣以詩記之,,,2678,revised_jsonl_direct,2679,841,revised_jsonl,笺；清一统志；唐两京城坊考；秋池独泛,,0,False,,0,False,1,16,"嵌巉嵩石峭
皎潔伊流清
立爲遠峰勢
激作寒玉聲
夾岸羅密樹
面灘開小亭
忽疑嚴子瀨
流入洛陽城
是時羣動息
風靜微月明
高枕夜悄悄
滿耳秋泠泠
終日臨大道
何人知此情
此情苟自愜
亦不要人聽","亭西牆下伊渠水中置石激流潺湲成韻頗有幽趣以詩記之嵌巉嵩石峭
皎潔伊流清
立爲遠峰勢
激作寒玉聲
夾岸羅密樹
面灘開小亭
忽疑嚴子瀨
流入洛陽城
是時羣動息
風靜微月明
高枕夜悄悄
滿耳秋泠泠
終日臨大道
何人知此情
此情苟自愜
亦不要人聽",119
2679,poem,2679,卷三十六,,,格詩,閑題家池寄王屋張道士,,,2679,revised_jsonl_direct,2680,840,revised_jsonl,笺；对镜偶吟赠张道士抱元；病中宴坐；早冬游王屋自灵都抵阳台上方望天坛偶吟成章寄温谷周尊师中书李相公,,0,False,,0,False,1,20,"有石白磷磷
有水清潺潺
有叟頭似雪
婆娑乎其間
進不趨要路
退不入深山
深山太濩落
要路多險艱
不如家池上
樂逸無憂患
有食適吾口
有酒酡吾顔
恍惚遊醉鄉
希夷造玄關
五千言下悟
十二年來閑
富者我不顧
貴者我不攀
唯有天壇子
時來一往還","閑題家池寄王屋張道士有石白磷磷
有水清潺潺
有叟頭似雪
婆娑乎其間
進不趨要路
退不入深山
深山太濩落
要路多險艱
不如家池上
樂逸無憂患
有食適吾口
有酒酡吾顔
恍惚遊醉鄉
希夷造玄關
五千言下悟
十二年來閑
富者我不顧
貴者我不攀
唯有天壇子
時來一往還",129
2680,poem,2680,卷三十六,,,格詩,李盧二中丞各創山居俱誇勝絶然去城稍遠來往頗勞弊居新泉實在宇下偶題十五韻聊戲二君,,,2680,revised_jsonl_direct,2681,841,revised_jsonl,笺；樱桃花下有感而作；卢尹贺梦得会中作；赠苏少府；游平泉宴浥涧宿香山石楼赠座客；赠友五首；醉送李二十常侍赴镇浙东；左传；诗；游钟山大爱敬寺,左传；诗,2,True,,0,False,1,32,"龍門蒼石壁
李所有也
浥澗碧潭水
盧所有也
各在一山隅
迢迢幾十里
清鏡碧屏風
惜哉信爲美
愛而不得見
亦與無相似
聞君每來去
矻矻事行李
脂轄復裹糧
心力頗勞止
未如吾舍下
石與泉甚邇
鑿鑿復濺濺
晝夜流不已
洛石千萬拳
襯波鋪錦綺
海珉一兩片
激瀨含宮徵
綠宜春濯足
淨可朝漱齒
遶砌紫鱗遊
拂簾白鳥起
何言履道叟
便是滄浪子
君若趁歸程
請君先到此
願以潺湲聲
洗君塵土耳","李盧二中丞各創山居俱誇勝絶然去城稍遠來往頗勞弊居新泉實在宇下偶題十五韻聊戲二君龍門蒼石壁
李所有也
浥澗碧潭水
盧所有也
各在一山隅
迢迢幾十里
清鏡碧屏風
惜哉信爲美
愛而不得見
亦與無相似
聞君每來去
矻矻事行李
脂轄復裹糧
心力頗勞止
未如吾舍下
石與泉甚邇
鑿鑿復濺濺
晝夜流不已
洛石千萬拳
襯波鋪錦綺
海珉一兩片
激瀨含宮徵
綠宜春濯足
淨可朝漱齒
遶砌紫鱗遊
拂簾白鳥起
何言履道叟
便是滄浪子
君若趁歸程
請君先到此
願以潺湲聲
洗君塵土耳",228
2681,poem,2681,卷三十六,,,格詩,北窗竹石,,,2681,revised_jsonl_direct,2682,842,revised_jsonl,笺；听弹湘妃怨,,0,False,,0,False,1,12,"一片瑟瑟石
數竿青青竹
向我如有情
依然看不足
况臨北簷下
復近西塘曲
筠風散餘清
苔雨含微綠
有妻亦衰老
無子方煢獨
莫掩夜窗扉
共渠相伴宿","北窗竹石一片瑟瑟石
數竿青青竹
向我如有情
依然看不足
况臨北簷下
復近西塘曲
筠風散餘清
苔雨含微綠
有妻亦衰老
無子方煢獨
莫掩夜窗扉
共渠相伴宿",75
2682,poem,2682,卷三十六,,,格詩,飲後戲示弟子,,,2682,revised_jsonl_direct,2683,842,revised_jsonl,笺；论语；诗,论语；诗,2,True,,0,False,1,22,"吾爲爾先生
爾爲吾弟子
孔門有遺訓
復坐吾告爾
先生饌酒食
弟子服勞止
孝敬不在他
在兹而已矣
欲我少愁憂
欲我多歡喜
無如醖好酒
酒須多且旨
旨即賓可留
多即罍不恥
吾更有一言
爾宜聽入耳
人老多憂貧
人病多憂死
我今雖老病
所憂不在此
憂在半酣時
樽空座客起","飲後戲示弟子吾爲爾先生
爾爲吾弟子
孔門有遺訓
復坐吾告爾
先生饌酒食
弟子服勞止
孝敬不在他
在兹而已矣
欲我少愁憂
欲我多歡喜
無如醖好酒
酒須多且旨
旨即賓可留
多即罍不恥
吾更有一言
爾宜聽入耳
人老多憂貧
人病多憂死
我今雖老病
所憂不在此
憂在半酣時
樽空座客起",137
2683,poem,2683,卷三十六,,,格詩,閑坐看書貽諸少年,,,2683,revised_jsonl_direct,2684,842,revised_jsonl,笺；老子；论语,老子；论语,2,True,,0,False,1,16,"雨砌長寒蕪
風庭落秋果
窗間有閑叟
盡日看書坐
書中見往事
歷歷知福禍
多取終厚亡
疾驅必先墮
勸君少干名
名爲錮身鎖
勸君少求利
利是焚身火
我心知已久
吾道無不可
所以雀羅門
不能寂寞我","閑坐看書貽諸少年雨砌長寒蕪
風庭落秋果
窗間有閑叟
盡日看書坐
書中見往事
歷歷知福禍
多取終厚亡
疾驅必先墮
勸君少干名
名爲錮身鎖
勸君少求利
利是焚身火
我心知已久
吾道無不可
所以雀羅門
不能寂寞我",103
2684,poem,2684,卷三十六,,,格詩,夢上山,,,2684,revised_jsonl_direct,2685,842,revised_jsonl,谱；笺；自望秦赴五松驿马上偶睡睡觉成吟；疑梦二首,,0,False,,0,False,1,16,"夜夢上嵩山
獨攜藜杖出
千巖與萬壑
遊覽皆周畢
夢中足不病
健似少年日
既悟神返初
依然舊形質
始知形神内
形病神無疾
形神兩是幻
夢寤俱非實
晝行雖蹇澀
夜步頗安逸
晝夜既平分
其間何得失","夢上山夜夢上嵩山
獨攜藜杖出
千巖與萬壑
遊覽皆周畢
夢中足不病
健似少年日
既悟神返初
依然舊形質
始知形神内
形病神無疾
形神兩是幻
夢寤俱非實
晝行雖蹇澀
夜步頗安逸
晝夜既平分
其間何得失",98
2685,poem,2685,卷三十六,,,格詩,對酒閑吟贈同老者,,,2685,revised_jsonl_direct,2686,842,revised_jsonl,笺；感时；邓鲂张彻落第；闲适；谢给药启；溪中早春；庄子；口义,庄子,1,True,,0,False,1,28,"人生七十稀
我年幸過之
遠行將路盡
春夢欲覺時
家事口不問
世名心不思
老既不足歎
病亦不能治
扶侍仰婢僕
將養信妻兒
飢飽進退食
寒暄加減衣
聲妓放鄭衛
裘馬脱輕肥
百事盡除去
尚餘酒與詩
興來吟一篇
吟罷酒一巵
不獨適情性
兼用扶衰羸
雲液洒六腑
陽和生四肢
於中我自樂
此外吾不知
寄問同老者
捨此將安歸
莫學蓬心叟
胸心殘是非","對酒閑吟贈同老者人生七十稀
我年幸過之
遠行將路盡
春夢欲覺時
家事口不問
世名心不思
老既不足歎
病亦不能治
扶侍仰婢僕
將養信妻兒
飢飽進退食
寒暄加減衣
聲妓放鄭衛
裘馬脱輕肥
百事盡除去
尚餘酒與詩
興來吟一篇
吟罷酒一巵
不獨適情性
兼用扶衰羸
雲液洒六腑
陽和生四肢
於中我自樂
此外吾不知
寄問同老者
捨此將安歸
莫學蓬心叟
胸心殘是非",175
2686,poem,2686,卷三十六,,,格詩,晚起閑行,,,2686,revised_jsonl_direct,2687,842,revised_jsonl,笺；楞伽经；劝酒寄元九；晚春登大云寺南楼赠常禅师；维摩经,,0,False,,0,False,1,12,"皤然一老子
擁裘仍隱几
坐穩夜忘眠
卧安朝不起
起來無可作
閉目時叩齒
靜對銅爐香
暖漱銀瓶水
午齋何儉潔
餅與蔬而已
西寺講楞伽
閑行一隨喜","晚起閑行皤然一老子
擁裘仍隱几
坐穩夜忘眠
卧安朝不起
起來無可作
閉目時叩齒
靜對銅爐香
暖漱銀瓶水
午齋何儉潔
餅與蔬而已
西寺講楞伽
閑行一隨喜",75
2687,poem,2687,卷三十六,,,格詩,香山居士寫真詩,,,2687,revised_jsonl_direct,2688,842,revised_jsonl,笺；自题写真；题香山新经堂招僧；历代名画记；大毗卢遮那成佛神变加持经；浪淘沙词六首,,0,False,,0,False,1,29,"元和五年
予爲左拾遺﹑翰林學士
奉詔寫真於集賢殿御書院
時年三十七
會昌二年
罷太子少傅
爲白衣居士
又寫真於香山寺藏經堂
時年七十一
前後相望
殆將三紀
觀今照昔
慨然自歎者久之
形容非一
世事幾變
因題六十字
以寫所懷
昔作少學士
圖形入集賢
今爲老居士
寫貌寄香山
鶴毳變玄髮
雞膚換朱顔
前形與後貌
相去三十年
勿歎韶華子
俄成婆叟仙
請看東海水
亦變作桑田","香山居士寫真詩元和五年
予爲左拾遺﹑翰林學士
奉詔寫真於集賢殿御書院
時年三十七
會昌二年
罷太子少傅
爲白衣居士
又寫真於香山寺藏經堂
時年七十一
前後相望
殆將三紀
觀今照昔
慨然自歎者久之
形容非一
世事幾變
因題六十字
以寫所懷
昔作少學士
圖形入集賢
今爲老居士
寫貌寄香山
鶴毳變玄髮
雞膚換朱顔
前形與後貌
相去三十年
勿歎韶華子
俄成婆叟仙
請看東海水
亦變作桑田",190
2688,poem,2688,卷三十六,,,格詩,二年三月五日齋畢開素當食偶吟贈妻弘農郡君,,,2688,revised_jsonl_direct,2689,842,revised_jsonl,笺；五月斋戒罢宴彻乐闻韦宾客皇甫郎中饮会亦稀又知欲携酒馔出斋先以长句呈谢；戏赠梦得兼呈思黯；猗觉寮杂记；野客丛书；灵芬馆诗话；妻初授邑号告身；绣西方帧赞并序；白氏文集；题周皓大夫新亭子二十二韵；礼记；赠内；后汉书,礼记；后汉书,2,True,,0,False,1,38,"睡足支體暢
晨起開中堂
初旭泛簾幕
微風拂衣裳
二婢扶盥櫛
雙童舁簟床
庭東有茂樹
其下多陰凉
前月事齋戒
昨日散道場
以我久蔬素
加籩仍異糧
魴鱗白如雪
蒸炙加桂薑
稻飯紅似花
調沃新酪漿
佐以酺醢味
間之椒薤芳
老憐口尚美
病喜鼻聞香
嬌騃三四孫
索哺遶我傍
山妻未舉案
饞叟已先嘗
憶同牢巹初
家貧共糟糠
今食且如此
何必烹猪羊
况觀姻族間
夫妻半存亡
偕老不易得
白頭何足傷
食罷酒一杯
醉飽吟又狂
緬想梁高士
樂道喜文章
徒誇五噫作
不解贈孟光","二年三月五日齋畢開素當食偶吟贈妻弘農郡君睡足支體暢
晨起開中堂
初旭泛簾幕
微風拂衣裳
二婢扶盥櫛
雙童舁簟床
庭東有茂樹
其下多陰凉
前月事齋戒
昨日散道場
以我久蔬素
加籩仍異糧
魴鱗白如雪
蒸炙加桂薑
稻飯紅似花
調沃新酪漿
佐以酺醢味
間之椒薤芳
老憐口尚美
病喜鼻聞香
嬌騃三四孫
索哺遶我傍
山妻未舉案
饞叟已先嘗
憶同牢巹初
家貧共糟糠
今食且如此
何必烹猪羊
况觀姻族間
夫妻半存亡
偕老不易得
白頭何足傷
食罷酒一杯
醉飽吟又狂
緬想梁高士
樂道喜文章
徒誇五噫作
不解贈孟光",247
2689,poem,2689,卷三十六,,,格詩,不出門,,,2689,revised_jsonl_direct,2690,842,revised_jsonl,笺；秋兴赋；史记；与子俨等疏；五柳先生传,秋兴赋；史记,2,True,,0,False,1,16,"彌月不出門
永日無來賓
食飽更拂床
睡覺一嚬伸
輕箑白鳥羽
新簟青箭筠
方寸方丈室
空然兩無塵
披衣腰不帶
散髮頭不巾
袒跣北窗下
葛天之遺民
一日亦自足
况得以終身
不知天壤内
目我爲何人","不出門彌月不出門
永日無來賓
食飽更拂床
睡覺一嚬伸
輕箑白鳥羽
新簟青箭筠
方寸方丈室
空然兩無塵
披衣腰不帶
散髮頭不巾
袒跣北窗下
葛天之遺民
一日亦自足
况得以終身
不知天壤内
目我爲何人",98
2690,poem,2690,卷三十六,,,格詩,感舊,,,2690,revised_jsonl_direct,2691,842,revised_jsonl,谱；笺；予与故刑部李侍郎早结道友以药术为事与故京兆元尹晚为诗侣有林泉之期周岁之间二君长逝李住曲江北元居升平西追感旧游因贻同志；元相公挽歌词三首；哭崔常侍晦叔；旧唐书；新唐书；自题写真；牡丹芳,,0,False,,0,False,1,32,"故李侍郎杓直
長慶元年春薨
元相公微之
大和六年秋薨
崔常侍晦叔
大和七年夏薨
劉尚書夢得
會昌二年秋薨
四君子
予之執友也
二十年間
凋零共盡
唯予衰病
至今獨存
因詠悲懷
題爲《感舊》
晦叔墳荒草已陳
夢得墓濕土猶新
微之捐館將一紀
杓直歸丘二十春
城中雖有故第宅
庭蕪園廢生荆榛
篋中亦有舊書札
紙穿字蠹成灰塵
平生定交取人窄
屈指相知唯五人
四人先去我在後
一枝蒲柳衰殘身
豈無晚歲新相識
相識面親心不親
人生莫羨苦長命
命長感舊多悲辛","感舊故李侍郎杓直
長慶元年春薨
元相公微之
大和六年秋薨
崔常侍晦叔
大和七年夏薨
劉尚書夢得
會昌二年秋薨
四君子
予之執友也
二十年間
凋零共盡
唯予衰病
至今獨存
因詠悲懷
題爲《感舊》
晦叔墳荒草已陳
夢得墓濕土猶新
微之捐館將一紀
杓直歸丘二十春
城中雖有故第宅
庭蕪園廢生荆榛
篋中亦有舊書札
紙穿字蠹成灰塵
平生定交取人窄
屈指相知唯五人
四人先去我在後
一枝蒲柳衰殘身
豈無晚歲新相識
相識面親心不親
人生莫羨苦長命
命長感舊多悲辛",224
2691,poem,2691,卷三十六,,,格詩,送毛仙翁,,,2691,revised_jsonl_direct,2692,816,revised_jsonl,笺；唐诗纪事；元稹年谱；谱；后集；广弘明集；辨正论；抱朴子内篇；云笈七签；老子中经下；笔赋；史记；太平御览；九幽经；太平广记；穆将符；神仙拾遗传；梁书；题赠郑秘书征君石沟溪隐居；庐山桂；题元十八溪亭；老子；庄子；反鲍明远白头吟,笔赋；史记；老子；庄子,4,True,,0,False,1,48,"仙翁已得道
混迹尋巖泉
肌膚冰雪瑩
衣服雲霞鮮
紺髮絲並緻
齠容花共妍
方瞳點玄漆
高步凌非煙
幾見桑海變
莫知龜鶴年
所憩九清外
所遊五岳巔
軒昊舊爲侶
松喬難比肩
每嗟人世人
役役如狂顛
孰能脱羈鞅
盡遭名利牽
貌隨歲律換
神逐光陰遷
惟余負憂譴
憔悴湓江壖
衰鬢忽霜白
愁腸如火煎
羈旅坐多感
徘徊私自憐
晴眺五老峰
玉洞多神仙
何當憫湮厄
授道安虛孱
我師惠然來
論道窮重玄
浩蕩入溟闊
志泰心超然
形骸既無束
得喪亦都捐
豈識椿菌異
那知鵬鷃懸
丹華既相付
促景定當延
玄功曷可報
感極惟勤拳
霓旌不肯駐
又歸武夷川
語罷倐然别
孤鶴昇遥天
賦詩叙明德
永續步虛篇","送毛仙翁仙翁已得道
混迹尋巖泉
肌膚冰雪瑩
衣服雲霞鮮
紺髮絲並緻
齠容花共妍
方瞳點玄漆
高步凌非煙
幾見桑海變
莫知龜鶴年
所憩九清外
所遊五岳巔
軒昊舊爲侶
松喬難比肩
每嗟人世人
役役如狂顛
孰能脱羈鞅
盡遭名利牽
貌隨歲律換
神逐光陰遷
惟余負憂譴
憔悴湓江壖
衰鬢忽霜白
愁腸如火煎
羈旅坐多感
徘徊私自憐
晴眺五老峰
玉洞多神仙
何當憫湮厄
授道安虛孱
我師惠然來
論道窮重玄
浩蕩入溟闊
志泰心超然
形骸既無束
得喪亦都捐
豈識椿菌異
那知鵬鷃懸
丹華既相付
促景定當延
玄功曷可報
感極惟勤拳
霓旌不肯駐
又歸武夷川
語罷倐然别
孤鶴昇遥天
賦詩叙明德
永續步虛篇",291
2692,poem,2692,卷三十六,,,格詩,達哉樂天行,,,2692,revised_jsonl_direct,2693,842,revised_jsonl,谱；笺；病中宴坐；闲坐看书贻诸少年,,0,False,,0,False,1,28,"達哉達哉白樂天
分司東都十三年
七旬纔滿冠已掛
半祿未及車先懸
或伴遊客春行樂
或隨山僧夜坐禪
二年忘却問家事
門庭多草厨少煙
庖童朝告鹽米盡
侍婢暮訴衣裳穿
妻孥不悦甥侄悶
而我醉卧方陶然
起來與爾畫生計
薄産處置有後先
先賣南坊十畝園
次賣東郭五頃田
然後兼賣所居宅
髣髴獲緡二三千
半與爾充衣食費
半與吾供酒肉錢
吾今已年七十一
眼昏鬚白頭風眩平
但恐此錢用不盡
即先朝露歸夜泉
未歸且住亦不惡
飢餐樂飲安穩眠
死生無可無不可
達哉達哉白樂天","達哉樂天行達哉達哉白樂天
分司東都十三年
七旬纔滿冠已掛
半祿未及車先懸
或伴遊客春行樂
或隨山僧夜坐禪
二年忘却問家事
門庭多草厨少煙
庖童朝告鹽米盡
侍婢暮訴衣裳穿
妻孥不悦甥侄悶
而我醉卧方陶然
起來與爾畫生計
薄産處置有後先
先賣南坊十畝園
次賣東郭五頃田
然後兼賣所居宅
髣髴獲緡二三千
半與爾充衣食費
半與吾供酒肉錢
吾今已年七十一
眼昏鬚白頭風眩平
但恐此錢用不盡
即先朝露歸夜泉
未歸且住亦不惡
飢餐樂飲安穩眠
死生無可無不可
達哉達哉白樂天",229
2693,poem,2693,卷三十六,,,律詩,春池閑汎,,,2693,revised_jsonl_direct,2694,841,revised_jsonl,笺；咏怀诗；绍隆寺；游悟真寺诗一百三十韵；尚书序；论语；孝经；续古诗十首；答元八宗简同游曲江后明日见赠,尚书序；论语；孝经,3,True,,0,False,1,20,"綠塘新水平
紅檻小舟輕
解纜隨風去
開襟信意行
淺憐清演漾
深愛綠澄泓
白撲柳飛絮
紅浮桃落英
古文科斗出
新葉剪刀生
樹集鶯朋友
雲行雁弟兄
飛沉皆適性
酣詠自怡情
花助銀杯器
松添玉軫聲
魚跳何事樂
鷗起復誰驚
莫唱滄浪曲
無塵可濯纓","春池閑汎綠塘新水平
紅檻小舟輕
解纜隨風去
開襟信意行
淺憐清演漾
深愛綠澄泓
白撲柳飛絮
紅浮桃落英
古文科斗出
新葉剪刀生
樹集鶯朋友
雲行雁弟兄
飛沉皆適性
酣詠自怡情
花助銀杯器
松添玉軫聲
魚跳何事樂
鷗起復誰驚
莫唱滄浪曲
無塵可濯纓",123
2694,poem,2694,卷三十六,,,律詩,池上寓興二絶其一,,,2694,revised_jsonl_direct,2695,841,revised_jsonl,笺；庄子,庄子,1,True,,0,False,1,4,"濠梁莊惠謾相爭
未必人情知物情
獺捕魚來魚躍出
此非魚樂是魚驚","池上寓興二絶其一濠梁莊惠謾相爭
未必人情知物情
獺捕魚來魚躍出
此非魚樂是魚驚",39
2695,poem,2695,卷三十六,,,律詩,池上寓興二絶其二,,,2695,revised_jsonl_direct,2696,,revised_jsonl,,,0,False,,0,False,1,4,"水淺魚稀白鷺飢
勞心瞪目待魚時
外容閑暇中心苦
似是而非誰得知","池上寓興二絶其二水淺魚稀白鷺飢
勞心瞪目待魚時
外容閑暇中心苦
似是而非誰得知",39
2696,poem,2696,卷三十六,,,律詩,宴後題府中水堂贈盧尹中丞,,,2696,revised_jsonl_direct,2697,842,revised_jsonl,谱；笺；卢尹贺梦得会中作；水堂醉卧问杜三十一,,0,False,,0,False,1,15,"水齋歲久漸荒蕪
自愧甘棠無一株
新酒客來方宴飲
舊堂主在重歡娛
莫言楊柳枝空老
府妓有歌《楊柳枝》曲者
因以名焉
直至櫻桃樹已枯
府西有櫻桃廳
因樹爲名
今樹亦枯也
從我到君十一尹
相看自置府來無
自予罷後至中丞
凡十一尹也","宴後題府中水堂贈盧尹中丞水齋歲久漸荒蕪
自愧甘棠無一株
新酒客來方宴飲
舊堂主在重歡娛
莫言楊柳枝空老
府妓有歌《楊柳枝》曲者
因以名焉
直至櫻桃樹已枯
府西有櫻桃廳
因樹爲名
今樹亦枯也
從我到君十一尹
相看自置府來無
自予罷後至中丞
凡十一尹也",124
2697,poem,2697,卷三十六,,,律詩,和敏中洛下即事,,,2697,revised_jsonl_direct,2698,841,revised_jsonl,谱；笺；见敏中初到邠宁秋日登楼诗诗中颇多乡思因以寄和；梦行简；见萧侍御忆旧山草堂诗因以继和,,0,False,,0,False,1,8,"昨日池塘春草生
阿連新有好詩成
花園到處鶯呼入
驄馬遊時客避行
水暖魚多似南國
人稀塵少勝西京
洛中佳境應無限
若欲諳知問老兄","和敏中洛下即事昨日池塘春草生
阿連新有好詩成
花園到處鶯呼入
驄馬遊時客避行
水暖魚多似南國
人稀塵少勝西京
洛中佳境應無限
若欲諳知問老兄",70
2698,poem,2698,卷三十六,,,律詩,送敏中新授户部員外郎西歸,,,2698,revised_jsonl_direct,2699,841,revised_jsonl,笺；册府元龜；通典；闻行简恩赐章服喜成长句寄之,,0,False,,0,False,1,12,"千里歸程三伏天
官新身健馬翩翩
行衝赤日加餐飯
上到青雲穩著鞭
長慶老郎唯我在
客曹故事望君傳
前鴻後雁行難續
相去迢迢二十年
長慶初
予爲主客郎中﹑知制誥
遷中書舍人
去今二十一年也","送敏中新授户部員外郎西歸千里歸程三伏天
官新身健馬翩翩
行衝赤日加餐飯
上到青雲穩著鞭
長慶老郎唯我在
客曹故事望君傳
前鴻後雁行難續
相去迢迢二十年
長慶初
予爲主客郎中﹑知制誥
遷中書舍人
去今二十一年也",104
2699,poem,2699,卷三十六,,,律詩,南侍御以石相贈助成水聲因以絶句謝之,,,2699,revised_jsonl_direct,2700,841,revised_jsonl,笺；羯鼓录；南卓考,,0,False,,0,False,1,4,"泉石磷磷聲似琴
閑眠靜聽洗塵心
莫輕兩片青苔石
一夜潺湲直萬金","南侍御以石相贈助成水聲因以絶句謝之泉石磷磷聲似琴
閑眠靜聽洗塵心
莫輕兩片青苔石
一夜潺湲直萬金",48
2700,poem,2700,卷三十六,,,律詩,閑居自題戲招宿客,,,2700,revised_jsonl_direct,2701,841,revised_jsonl,笺,,0,False,,0,False,1,18,"水畔竹林邊
閑居二十年
健常攜酒出
病即掩門眠
解綬收朝珮
褰裳出野船
屏除身外物
擺落世間緣
報曙窗何早
知秋簟最先
微風深樹裏
斜日小樓前
渠口添新石
籬根寫亂泉
欲招同宿客
誰解愛潺湲
西亭牆下
泉石有聲","閑居自題戲招宿客水畔竹林邊
閑居二十年
健常攜酒出
病即掩門眠
解綬收朝珮
褰裳出野船
屏除身外物
擺落世間緣
報曙窗何早
知秋簟最先
微風深樹裏
斜日小樓前
渠口添新石
籬根寫亂泉
欲招同宿客
誰解愛潺湲
西亭牆下
泉石有聲",113
2701,poem,2701,卷三十六,,,律詩,李留守相公見過池上汎舟舉酒話及翰林舊事因成四韻以獻之,,,2701,revised_jsonl_direct,2702,841,revised_jsonl,谱；笺；雪朝乘兴欲诣李司徒留守先以五韵戏之；容斋随笔；柳亭诗话；唐集质疑,,0,False,,0,False,1,8,"引棹尋池岸
移樽就菊叢
何言濟川後
相訪釣船中
白首故情在
青雲往事空
同時六學士
五相一漁翁","李留守相公見過池上汎舟舉酒話及翰林舊事因成四韻以獻之引棹尋池岸
移樽就菊叢
何言濟川後
相訪釣船中
白首故情在
青雲往事空
同時六學士
五相一漁翁",73
2702,poem,2702,卷三十六,,,律詩,閏九月九日獨飲,,,2702,revised_jsonl_direct,2703,841,revised_jsonl,笺；四分律行事钞资持记；唐会要；云麓漫钞；智论；日知录；闰九月九日独饮诗,,0,False,,0,False,1,6,"黄花叢畔綠樽前
猶有些些舊管絃
偶遇閏秋重九日
東籬獨酌一陶然
自從九月持齋戒
不醉重陽十五年","閏九月九日獨飲黄花叢畔綠樽前
猶有些些舊管絃
偶遇閏秋重九日
東籬獨酌一陶然
自從九月持齋戒
不醉重陽十五年",54
2703,poem,2703,卷三十六,,,律詩,覽盧子蒙侍御舊詩多與微之唱和感今傷昔因贈子蒙題於卷後,,,2703,revised_jsonl_direct,2704,841,revised_jsonl,笺；七老会诗；初寒夜寄卢子蒙；城外回谢子蒙见谕；卢十九子蒙吟卢七员外洛川怀古六韵命余和；贻蜀五首；卢评事子蒙；唐诗纪事；全唐诗；新唐书；唐代墓志汇编；何府君墓志铭；太平广记；卢贞犹子；宣室志；谕子蒙；唐大诏令集；遣使宣抚诸道诏；全唐文；授李行修刑部员外郎制；册府元龜,,0,False,,0,False,1,8,"早聞元九詠君詩
恨與盧君相識遲
今日逢君開舊卷
卷中多道贈微之
相看掩淚情難説
别有傷心事豈知
聞道咸陽墳上樹
已抽三丈白楊枝","覽盧子蒙侍御舊詩多與微之唱和感今傷昔因贈子蒙題於卷後早聞元九詠君詩
恨與盧君相識遲
今日逢君開舊卷
卷中多道贈微之
相看掩淚情難説
别有傷心事豈知
聞道咸陽墳上樹
已抽三丈白楊枝",89
2704,poem,2704,卷三十六,,,律詩,寒亭留客,,,2704,revised_jsonl_direct,2705,841,revised_jsonl,笺,,0,False,,0,False,1,4,"今朝閑坐石亭中
爐火銷殘樽又空
冷落若爲留客住
水池霜竹雪髯翁","寒亭留客今朝閑坐石亭中
爐火銷殘樽又空
冷落若爲留客住
水池霜竹雪髯翁",35
2705,poem,2705,卷三十六,,,律詩,新小灘,,,2705,revised_jsonl_direct,2706,841,revised_jsonl,笺；秋池独泛,,0,False,,0,False,1,4,"石淺沙平流水寒
水邊斜插一漁竿
江南客見生鄉思
道似嚴陵七里灘","新小灘石淺沙平流水寒
水邊斜插一漁竿
江南客見生鄉思
道似嚴陵七里灘",34
2706,poem,2706,卷三十六,,,律詩,和李中丞與李給事山居雪夜同宿小酌,,,2706,revised_jsonl_direct,2707,841,revised_jsonl,笺；樱桃花下有感而作；旧唐书；见萧侍御忆旧山草堂诗因以继和；初学记；汉旧仪；自考功员外授给事中；史记,汉旧仪；史记,2,True,,0,False,1,10,"憲府觸邪峨豸角
瑣闈駮正犯龍麟
二人當官盛事
爲時所稱也
那知近地齊名客
忽作深山同宿人
一盞寒燈雲外夜
數杯温酎雪中春
林泉莫作多時計
諫獵登封憶舊臣","和李中丞與李給事山居雪夜同宿小酌憲府觸邪峨豸角
瑣闈駮正犯龍麟
二人當官盛事
爲時所稱也
那知近地齊名客
忽作深山同宿人
一盞寒燈雲外夜
數杯温酎雪中春
林泉莫作多時計
諫獵登封憶舊臣",92
2707,poem,2707,卷三十六,,,律詩,履道西門二首其一,,,2707,revised_jsonl_direct,2708,842,revised_jsonl,笺；履道新居二十韵；史记；答四皓庙,史记,1,True,,0,False,1,8,"履道西門有弊居
池塘竹樹遶吾廬
豪華肥壯雖無分
飽暖安閑即有餘
行竈朝香炊早飯
小園春暖掇新蔬
夷齊黄綺誇芝蕨
比我盤飱恐不如","履道西門二首其一履道西門有弊居
池塘竹樹遶吾廬
豪華肥壯雖無分
飽暖安閑即有餘
行竈朝香炊早飯
小園春暖掇新蔬
夷齊黄綺誇芝蕨
比我盤飱恐不如",71
2708,poem,2708,卷三十六,,,律詩,履道西門二首其二,,,2708,revised_jsonl_direct,2709,,revised_jsonl,淮南子；王梵志诗校注,淮南子,1,True,,0,False,1,8,"履道西門獨掩扉
官休病退客來稀
亦知軒冕榮堪戀
其奈田園老合歸
跛鼈難隨騏驥足
傷禽莫趁鳳凰飛
世間認得身人少
今我雖愚亦庶幾","履道西門二首其二履道西門獨掩扉
官休病退客來稀
亦知軒冕榮堪戀
其奈田園老合歸
跛鼈難隨騏驥足
傷禽莫趁鳳凰飛
世間認得身人少
今我雖愚亦庶幾",71
2709,poem,2709,卷三十六,,,律詩,偶吟,,,2709,revised_jsonl_direct,2710,841,revised_jsonl,笺；楚辞；荀子；后汉书；尸子；庄子；寄杨六侍郎,楚辞；后汉书；尸子；庄子,4,True,,0,False,1,10,"人生變改故無窮
昔是朝官今野翁
久寄形於朱紫内
漸抽身入蕙荷中
荷衣﹑蕙帶
是《楚詞》也
無情水任方圓器
不繫舟隨去住風
猶有鱸魚蓴菜興
來春或擬往江東","偶吟人生變改故無窮
昔是朝官今野翁
久寄形於朱紫内
漸抽身入蕙荷中
荷衣﹑蕙帶
是《楚詞》也
無情水任方圓器
不繫舟隨去住風
猶有鱸魚蓴菜興
來春或擬往江東",78
2710,poem,2710,卷三十六,,,律詩,雪夜小飲贈夢得,,,2710,revised_jsonl_direct,2711,841,revised_jsonl,笺；太平广记；刘安；神仙传,神仙传,1,True,,0,False,1,8,"同爲懶慢園林客
共對蕭條雨雪天
小酌酒巡銷永夜
大開口笑送殘年
久將時背成遺老
多被人呼作散仙
呼作散仙應有以
曾看東海變桑田","雪夜小飲贈夢得同爲懶慢園林客
共對蕭條雨雪天
小酌酒巡銷永夜
大開口笑送殘年
久將時背成遺老
多被人呼作散仙
呼作散仙應有以
曾看東海變桑田",70
2711,poem,2711,卷三十六,,,律詩,歲暮夜長病中燈下聞盧尹夜宴以詩戲之且爲來日張本也,,,2711,revised_jsonl_direct,2712,842,revised_jsonl,笺；卢尹贺梦得会中作；冬至夜；五月斋戒罢宴彻乐闻韦宾客皇甫郎中饮会亦稀又知欲携酒馔出斋先以长句呈谢,,0,False,,0,False,1,8,"榮鬧興多嫌晝短
衰閑睡夜覺明遲
當君秉燭銜杯夜
是我停燈服藥時
枕上愁吟堪發病
府中歡笑勝尋醫
明朝强出須謀樂
不䛏車公更䛏誰","歲暮夜長病中燈下聞盧尹夜宴以詩戲之且爲來日張本也榮鬧興多嫌晝短
衰閑睡夜覺明遲
當君秉燭銜杯夜
是我停燈服藥時
枕上愁吟堪發病
府中歡笑勝尋醫
明朝强出須謀樂
不䛏車公更䛏誰",87
2712,poem,2712,卷三十六,,,律詩,病中數會張道士見譏以此答之,,,2712,revised_jsonl_direct,2713,841,revised_jsonl,笺；闲题家池寄王屋张道士；三国志；寻王道士药堂因有题赠；梦仙,,0,False,,0,False,1,8,"亦知數出妨將息
不可端居守寂寥
病即藥窗眠盡日
興來酒席坐通宵
賢人易狎須勤飲
姹女難禁莫謾燒
張道士輸白道士
一杯沆瀣便逍遥","病中數會張道士見譏以此答之亦知數出妨將息
不可端居守寂寥
病即藥窗眠盡日
興來酒席坐通宵
賢人易狎須勤飲
姹女難禁莫謾燒
張道士輸白道士
一杯沆瀣便逍遥",76
2713,poem,2713,卷三十六,,,律詩,卯飲,,,2713,revised_jsonl_direct,2714,841,revised_jsonl,笺；蔷薇正开春酒初熟因招刘十九张大崔二十四同饮；蛮书；送郑权尚书南海；旧唐书；法苑珠林,,0,False,,0,False,1,4,"短屏風掩卧牀頭
烏帽青氊白氎裘
卯飲一杯眠一覺
世間何事不悠悠","卯飲短屏風掩卧牀頭
烏帽青氊白氎裘
卯飲一杯眠一覺
世間何事不悠悠",33
2714,poem,2714,卷三十六,,,律詩,寄題餘杭郡樓兼呈裴使君,,,2714,revised_jsonl_direct,2715,841,revised_jsonl,笺；旧唐书；杭州春望,,0,False,,0,False,1,12,"官歷二十政
宦遊三十秋
江山與風月
最憶是杭州
北郭沙堤尾
西湖石岸頭
綠觴春送客
紅燭夜迴舟
不敢言遺愛
空知念舊遊
憑君吟此句
題向望濤樓","寄題餘杭郡樓兼呈裴使君官歷二十政
宦遊三十秋
江山與風月
最憶是杭州
北郭沙堤尾
西湖石岸頭
綠觴春送客
紅燭夜迴舟
不敢言遺愛
空知念舊遊
憑君吟此句
題向望濤樓",82
2715,poem,2715,卷三十六,,,律詩,楊六尚書留太湖石在洛下借置庭中因對舉杯寄贈絶句,,,2715,revised_jsonl_direct,2716,841,revised_jsonl,笺；杨六尚书频寄新诗诗中多有思闲相就之志因书鄙意报而谕之,,0,False,,0,False,1,4,"借君片石意何如
置向庭中慰索居
每就玉山傾一酌
興來如對醉尚書","楊六尚書留太湖石在洛下借置庭中因對舉杯寄贈絶句借君片石意何如
置向庭中慰索居
每就玉山傾一酌
興來如對醉尚書",54
2716,poem,2716,卷三十六,,,律詩,喜入新年自詠,,,2716,revised_jsonl_direct,2717,842,revised_jsonl,谱；笺；哭崔儿；岁日家宴戏示弟侄等兼呈张侍御二十八丈殷判官二十三兄,,0,False,,0,False,1,8,"白鬚如雪五朝臣
又入新正第七旬
老過占他藍尾酒
病餘收得到頭身
銷磨歲月成高位
比類時流是幸人
大曆年中騎竹馬
幾人得見會昌春","喜入新年自詠白鬚如雪五朝臣
又入新正第七旬
老過占他藍尾酒
病餘收得到頭身
銷磨歲月成高位
比類時流是幸人
大曆年中騎竹馬
幾人得見會昌春",69
2717,poem,2717,卷三十六,,,律詩,灘聲,,,2717,revised_jsonl_direct,2718,842,revised_jsonl,笺；途中题山泉,,0,False,,0,False,1,4,"碧玉班班沙歷歷
清流決決響泠泠
自從造得灘聲後
玉管朱絃可要聽","灘聲碧玉班班沙歷歷
清流決決響泠泠
自從造得灘聲後
玉管朱絃可要聽",33
2718,poem,2718,卷三十六,,,律詩,老題石泉,,,2718,revised_jsonl_direct,2719,842,revised_jsonl,笺,,0,False,,0,False,1,4,"殷勤傍石遶泉行
不説何人知我情
漸恐耳聾兼眼暗
聽泉看石不分明","老題石泉殷勤傍石遶泉行
不説何人知我情
漸恐耳聾兼眼暗
聽泉看石不分明",35
2719,poem,2719,卷三十六,,,律詩,送王卿使君赴任蘇州因思花迎新使感舊遊寄題郡中木蘭西院一别,,,2719,revised_jsonl_direct,2720,843,revised_jsonl,笺；姑苏志；古今守令表；吴郡志；岚斋录,,0,False,,0,False,1,8,"一别蘇州十八載
時光人事隨年改
不論竹馬盡成人
亦恐桑田半爲海
鶯入故宮含意思
花迎新使生光彩
爲報江山風月知
至今白使君猶在","送王卿使君赴任蘇州因思花迎新使感舊遊寄題郡中木蘭西院一别一别蘇州十八載
時光人事隨年改
不論竹馬盡成人
亦恐桑田半爲海
鶯入故宮含意思
花迎新使生光彩
爲報江山風月知
至今白使君猶在",91
2720,poem,2720,卷三十六,,,律詩,出齋日喜皇甫十早訪,,,2720,revised_jsonl_direct,2721,842,revised_jsonl,笺；皇甫郎中亲家翁赴任绛州宴送出城赠别,,0,False,,0,False,1,4,"三旬齋滿欲銜杯
平旦敲門門未開
除却朗之攜一榼
的應不是别人來","出齋日喜皇甫十早訪三旬齋滿欲銜杯
平旦敲門門未開
除却朗之攜一榼
的應不是别人來",40
2721,poem,2721,卷三十六,,,律詩,會昌二年春題池西小樓,,,2721,revised_jsonl_direct,2722,842,revised_jsonl,笺；答苏庶子；奉和思黯相公以李苏州所寄太湖石奇状绝伦因题二十韵见示兼呈梦得；结之；别柳枝；鲁灵光殿赋,,0,False,,0,False,1,16,"花邊春水水邊樓
一坐經今四十秋
望月橋傾三遍換
採蓮船破五迴修
園林一半成喬木
鄰里三分作白頭
蘇李冥濛隨燭滅
陳樊漂泊逐萍流
蘇庶子弘﹑李中丞道樞及陳﹑樊二妓
十餘年皆樓中歌酒中伴
或殁或散
獨予在焉
雖貧眼下無妨樂
縱病心中不與愁
自笑靈光巋然在
春來遊得且須遊","會昌二年春題池西小樓花邊春水水邊樓
一坐經今四十秋
望月橋傾三遍換
採蓮船破五迴修
園林一半成喬木
鄰里三分作白頭
蘇李冥濛隨燭滅
陳樊漂泊逐萍流
蘇庶子弘﹑李中丞道樞及陳﹑樊二妓
十餘年皆樓中歌酒中伴
或殁或散
獨予在焉
雖貧眼下無妨樂
縱病心中不與愁
自笑靈光巋然在
春來遊得且須遊",143
2722,poem,2722,卷三十六,,,律詩,酬南洛陽早春見贈,,,2722,revised_jsonl_direct,2723,842,revised_jsonl,笺；南侍御以石相赠助成水声因以绝句谢之；相和歌辞；喜梦得自冯翊归洛兼呈令公,,0,False,,0,False,1,10,"物華春意尚遲迴
賴有東風晝夜催
寒縋柳腰收未得
暖熏花口噤初開
古詩云
“口噤不能開
”欲披雲霧聯襟去
先喜瓊琚入袖來
久病長齋詩老退
爭禁年少洛陽才","酬南洛陽早春見贈物華春意尚遲迴
賴有東風晝夜催
寒縋柳腰收未得
暖熏花口噤初開
古詩云
“口噤不能開
”欲披雲霧聯襟去
先喜瓊琚入袖來
久病長齋詩老退
爭禁年少洛陽才",83
2723,poem,2723,卷三十六,,,律詩,對新家醖玩自種花,,,2723,revised_jsonl_direct,2724,842,revised_jsonl,笺；初冬月夜得皇甫泽州手札并诗数篇因遣报书偶题长句,,0,False,,0,False,1,12,"香麴親看造
芳叢手自栽
迎春報酒熟
垂老看花開
紅蠟半含萼
綠油新醱醅
玲瓏五六樹
瀲灩兩三杯
恐有狂風起
愁無好客來
獨酣還獨語
待取月明迴","對新家醖玩自種花香麴親看造
芳叢手自栽
迎春報酒熟
垂老看花開
紅蠟半含萼
綠油新醱醅
玲瓏五六樹
瀲灩兩三杯
恐有狂風起
愁無好客來
獨酣還獨語
待取月明迴",79
2724,poem,2724,卷三十六,,,律詩,攜酒往朗之莊居同飲,,,2724,revised_jsonl_direct,2725,842,revised_jsonl,笺；咏怀寄皇甫朗之；出斋日喜皇甫十早访,,0,False,,0,False,1,4,"慵中又少經過處
别後都無勸酒人
不挈一壺相就醉
若爲將老度殘春","攜酒往朗之莊居同飲慵中又少經過處
别後都無勸酒人
不挈一壺相就醉
若爲將老度殘春",40
2725,poem,2725,卷三十六,,,律詩,以詩代書酬慕巢尚書見寄,,,2725,revised_jsonl_direct,2726,842,revised_jsonl,笺；杨六尚书留太湖石在洛下借置庭中因对举杯寄赠绝句；说苑,说苑,1,True,,0,False,1,8,"書意詩情不偶然
苦云夢想在林泉
願爲愚谷煙霞侶
思結空門香火緣
每愧尚書情眷眷
自憐居士病綿綿
不知待得心期否
老校於君六七年","以詩代書酬慕巢尚書見寄書意詩情不偶然
苦云夢想在林泉
願爲愚谷煙霞侶
思結空門香火緣
每愧尚書情眷眷
自憐居士病綿綿
不知待得心期否
老校於君六七年",74
2726,poem,2726,卷三十六,,,律詩,春盡日,,,2726,revised_jsonl_direct,2727,842,revised_jsonl,笺；侯鲭录；瓮牗闲评,,0,False,,0,False,1,9,"芳景銷殘暑氣生
感時思事坐含情
無人開口共誰語
有酒迴頭還自傾
醉對數叢紅芍藥
渴嘗一盌綠昌明
蜀茶之名也
春歸似遣鶯留語
好住林園三兩聲","春盡日芳景銷殘暑氣生
感時思事坐含情
無人開口共誰語
有酒迴頭還自傾
醉對數叢紅芍藥
渴嘗一盌綠昌明
蜀茶之名也
春歸似遣鶯留語
好住林園三兩聲",72
2727,poem,2727,卷三十六,,,律詩,招山僧,,,2727,revised_jsonl_direct,2728,842,revised_jsonl,笺,,0,False,,0,False,1,4,"能入城中乞食否
莫辭塵土汙袈裟
欲知住處東城下
遶竹泉聲是白家","招山僧能入城中乞食否
莫辭塵土汙袈裟
欲知住處東城下
遶竹泉聲是白家",34
2728,poem,2728,卷三十六,,,律詩,夏日與閑禪師林下避暑,,,2728,revised_jsonl_direct,2729,842,revised_jsonl,笺；清闲上人；旱热；旧唐书；杨嗣复传；李珏传,,0,False,,0,False,1,10,"落景牆西塵土紅
伴僧閑坐竹泉東
綠蘿潭上不見日
白石灘邊長有風
熱惱漸知隨念盡
清凉常願與人同
每因毒暑悲親故
多在炎方瘴海中
是歲
潮﹑韶等郡皆有親友謫居","夏日與閑禪師林下避暑落景牆西塵土紅
伴僧閑坐竹泉東
綠蘿潭上不見日
白石灘邊長有風
熱惱漸知隨念盡
清凉常願與人同
每因毒暑悲親故
多在炎方瘴海中
是歲
潮﹑韶等郡皆有親友謫居",88
2729,poem,2729,卷三十六,,,律詩,題新澗亭兼酬寄朝中親故見贈,,,2729,revised_jsonl_direct,2730,842,revised_jsonl,笺；风赋,风赋,1,True,,0,False,1,8,"何處披襟風快哉
一亭臨澗四門開
金章紫綬辭腰去
白石清泉就眼來
自得所宜還獨樂
各行其志莫相咍
禽魚出得池籠後
縱有人呼可更迴","題新澗亭兼酬寄朝中親故見贈何處披襟風快哉
一亭臨澗四門開
金章紫綬辭腰去
白石清泉就眼來
自得所宜還獨樂
各行其志莫相咍
禽魚出得池籠後
縱有人呼可更迴",76
2730,poem,2730,卷三十六,,,律詩,病中看經贈諸道侶,,,2730,revised_jsonl_direct,2731,842,revised_jsonl,笺；眼病二首；外台秘要方；维摩经；法华经；小岁日喜谈氏外孙女孩满月；佛说月上女经,,0,False,,0,False,1,15,"右眼昏花左足風
金篦石水用無功
金篦刮眼病
見《涅槃經》
磁石水治風
見《外臺方》
不如迴念三乘樂
便得浮生百疾空
無子同居草菴下
見《法華經》
有妻偕老道場中
何煩更請僧爲侶
月上新歸伴病翁
時適談氏女子自太原初歸
維摩詰有女名月上也","病中看經贈諸道侶右眼昏花左足風
金篦石水用無功
金篦刮眼病
見《涅槃經》
磁石水治風
見《外臺方》
不如迴念三乘樂
便得浮生百疾空
無子同居草菴下
見《法華經》
有妻偕老道場中
何煩更請僧爲侶
月上新歸伴病翁
時適談氏女子自太原初歸
維摩詰有女名月上也",126
2731,poem,2731,卷三十六,,,律詩,遊豐樂招提佛光三寺,,,2731,revised_jsonl_direct,2732,842,revised_jsonl,笺；旧唐书；太平寰宇记；醉吟先生传；白氏文集；佛光和尚真赞；答四皓庙；读史五首；以诗代书酬慕巢尚书见寄,,0,False,,0,False,1,8,"竹鞋葵扇白綃巾
林野爲家雲是身
山寺每遊多寄宿
都城暫出即經旬
漢容黄綺爲逋客
堯放巢由作外臣
昨日制書臨郡縣
不該愚谷醉鄉人","遊豐樂招提佛光三寺竹鞋葵扇白綃巾
林野爲家雲是身
山寺每遊多寄宿
都城暫出即經旬
漢容黄綺爲逋客
堯放巢由作外臣
昨日制書臨郡縣
不該愚谷醉鄉人",72
2732,poem,2732,卷三十六,,,律詩,醉中得上都親友書以予停俸多時憂問貧乏偶乘酒興詠而報之,,,2732,revised_jsonl_direct,2733,842,revised_jsonl,笺；效陶潜体诗十六首；缭绫,,0,False,,0,False,1,22,"頭白醉昏昏
狂歌秋復春
一生耽酒客
五度棄官人
蘇州﹑刑部侍郎﹑河南尹﹑同州刺史﹑太子少傅
皆以病免也
異世陶元亮
前生劉伯倫
卧將琴作枕
行以鍤隨身
歲要衣三對
年支穀一囷
園葵烹佐飯
林葉掃添薪
没齒甘蔬食
摇頭謝搢紳
自能抛爵祿
終不惱交親
但得杯中淥
從生甑上塵
煩君問生計
憂醒不憂貧","醉中得上都親友書以予停俸多時憂問貧乏偶乘酒興詠而報之頭白醉昏昏
狂歌秋復春
一生耽酒客
五度棄官人
蘇州﹑刑部侍郎﹑河南尹﹑同州刺史﹑太子少傅
皆以病免也
異世陶元亮
前生劉伯倫
卧將琴作枕
行以鍤隨身
歲要衣三對
年支穀一囷
園葵烹佐飯
林葉掃添薪
没齒甘蔬食
摇頭謝搢紳
自能抛爵祿
終不惱交親
但得杯中淥
從生甑上塵
煩君問生計
憂醒不憂貧",173
2733,poem,2733,卷三十六,,,律詩,池畔逐凉,,,2733,revised_jsonl_direct,2734,842,revised_jsonl,笺,,0,False,,0,False,1,8,"風清泉冷竹修修
三伏炎天凉似秋
黄犬引迎騎馬客
青衣扶下釣魚舟
衰容自覺宜閑坐
蹇步誰能更遠遊
料得此身終老處
只應林下與灘頭","池畔逐凉風清泉冷竹修修
三伏炎天凉似秋
黄犬引迎騎馬客
青衣扶下釣魚舟
衰容自覺宜閑坐
蹇步誰能更遠遊
料得此身終老處
只應林下與灘頭",67
2734,poem,2734,卷三十六,,,律詩,池鶴八絶句雞贈鶴,,,2734,revised_jsonl_direct,2735,841,revised_jsonl,笺；初学记；风土记；韩诗外传,风土记；韩诗外传,2,True,韩诗外传,1,True,1,4,"一聲警露君能薄
五德司晨我用多
不會悠悠時俗士
重君輕我意如何","池鶴八絶句雞贈鶴一聲警露君能薄
五德司晨我用多
不會悠悠時俗士
重君輕我意如何",39
2735,poem,2735,卷三十六,,,律詩,池鶴八絶句鶴答雞,,,2735,revised_jsonl_direct,2736,,revised_jsonl,,,0,False,,0,False,1,4,"爾爭伉儷泥中鬭
吾整羽儀松上棲
不可遣他天下眼
却輕野鶴重家雞","池鶴八絶句鶴答雞爾爭伉儷泥中鬭
吾整羽儀松上棲
不可遣他天下眼
却輕野鶴重家雞",39
2736,poem,2736,卷三十六,,,律詩,池鶴八絶句烏贈鶴,,,2736,revised_jsonl_direct,2737,,revised_jsonl,赋得乌夜啼；和微之听妻弹别鹤操因为解释其义依韵加四句,,0,False,,0,False,1,5,"與君白黑太分明
縱不相親莫見輕
我每夜啼君怨别
玉徽琴裏忝同聲
琴曲有《烏夜啼》﹑《别鶴怨》","池鶴八絶句烏贈鶴與君白黑太分明
縱不相親莫見輕
我每夜啼君怨别
玉徽琴裏忝同聲
琴曲有《烏夜啼》﹑《别鶴怨》",54
2737,poem,2737,卷三十六,,,律詩,池鶴八絶句鶴答烏,,,2737,revised_jsonl_direct,2738,,revised_jsonl,别鹤操；教坊记；乌夜啼；琴操,琴操,1,True,,0,False,1,6,"吾愛棲雲上華表
汝多攫肉下田中
吾音中羽汝聲角
琴曲雖同調不同
《别鶴怨》在羽調
《烏夜啼》在角調","池鶴八絶句鶴答烏吾愛棲雲上華表
汝多攫肉下田中
吾音中羽汝聲角
琴曲雖同調不同
《别鶴怨》在羽調
《烏夜啼》在角調",57
2738,poem,2738,卷三十六,,,律詩,池鶴八絶句鳶贈鶴,,,2738,revised_jsonl_direct,2739,,revised_jsonl,,,0,False,,0,False,1,4,"君誇名鶴我名鳶
君叫聞天我唳天
更有與君相似處
飢來一種啄腥羶","池鶴八絶句鳶贈鶴君誇名鶴我名鳶
君叫聞天我唳天
更有與君相似處
飢來一種啄腥羶",39
2739,poem,2739,卷三十六,,,律詩,池鶴八絶句鶴答鳶,,,2739,revised_jsonl_direct,2740,,revised_jsonl,,,0,False,,0,False,1,4,"無妨自是莫相非
清濁高低各有歸
鸞鶴羣中彩雲裏
幾時曾見喘鳶飛","池鶴八絶句鶴答鳶無妨自是莫相非
清濁高低各有歸
鸞鶴羣中彩雲裏
幾時曾見喘鳶飛",39
2740,poem,2740,卷三十六,,,律詩,池鶴八絶句鵝贈鶴,,,2740,revised_jsonl_direct,2741,,revised_jsonl,,,0,False,,0,False,1,4,"君因風送入青雲
我被人驅向鴨羣
雪頸霜毛紅網掌
請看何處不如君","池鶴八絶句鵝贈鶴君因風送入青雲
我被人驅向鴨羣
雪頸霜毛紅網掌
請看何處不如君",39
2741,poem,2741,卷三十六,,,律詩,池鶴八絶句鶴答鵝,,,2741,revised_jsonl_direct,2742,,revised_jsonl,晋书；道德经,晋书,1,True,,0,False,1,4,"右軍殁後欲何依
只合隨雞逐鴨飛
未必犧牲及吾輩
大都我瘦勝君肥","池鶴八絶句鶴答鵝右軍殁後欲何依
只合隨雞逐鴨飛
未必犧牲及吾輩
大都我瘦勝君肥",39
2742,poem,2742,卷三十六,,,律詩,談氏小外孫玉童,,,2742,revised_jsonl_direct,2743,842,revised_jsonl,笺；谈氏外孙生三日喜是男偶吟成篇兼戏呈梦得；晋书；羊祜传；易；汉书；太史公记；春秋,晋书；易；汉书；春秋,4,True,,0,False,1,9,"外翁七十孫三歲
笑指琴書欲遣傳
自念老夫今耄矣
因思稚子更茫然
中郎餘慶鍾羊祜
子幼能文似馬遷
才與不才爭料得
東床空後且嬌憐
談氏初逝","談氏小外孫玉童外翁七十孫三歲
笑指琴書欲遣傳
自念老夫今耄矣
因思稚子更茫然
中郎餘慶鍾羊祜
子幼能文似馬遷
才與不才爭料得
東床空後且嬌憐
談氏初逝",75
2743,poem,2743,卷三十六,,,律詩,送後集往廬山東林寺兼寄雲臯上人,,,2743,revised_jsonl_direct,2744,842,revised_jsonl,笺；唐故抚州景云寺律大德上弘和尚石塔碑铭；白氏文集；游大林寺序；东林寺白氏文集记；白氏集后记；长庆集；后集,,0,False,,0,False,1,8,"後集寄將何處去
故山迢遰在匡廬
舊僧獨有雲臯在
三二年來不得書
别後道情添幾許
老來筋力又何如
來生緣會應非遠
彼此年過七十餘","送後集往廬山東林寺兼寄雲臯上人後集寄將何處去
故山迢遰在匡廬
舊僧獨有雲臯在
三二年來不得書
别後道情添幾許
老來筋力又何如
來生緣會應非遠
彼此年過七十餘",78
2744,poem,2744,卷三十六,,,律詩,客有説,,,2744,revised_jsonl_direct,2745,842,revised_jsonl,笺；会稽掇英总集；唐太守题名记；太平广记；白乐天；逸史,,0,False,,0,False,1,4,"近有人從海上迴
海山深處見樓臺
中有仙龕虛一室
多傳此待樂天來","客有説近有人從海上迴
海山深處見樓臺
中有仙龕虛一室
多傳此待樂天來",34
2745,poem,2745,卷三十六,,,律詩,答客説,,,2745,revised_jsonl_direct,2746,842,revised_jsonl,笺；画弥勒上生帧赞；白氏文集；画弥勒上生帧记；观弥勒菩萨上生兜率天经,,0,False,,0,False,1,6,"吾學空門非學仙
恐君此説是虛傳
海山不是吾歸處
歸即應歸兜率天
予晚年結彌勒上生業
故云","答客説吾學空門非學仙
恐君此説是虛傳
海山不是吾歸處
歸即應歸兜率天
予晚年結彌勒上生業
故云",47
2746,poem,2746,卷三十六,,,律詩,哭劉尚書夢得二首其一,,,2746,revised_jsonl_direct,2747,842,revised_jsonl,谱；笺；感旧；和微之诗二十三首；孟子；春秋；左传,孟子；春秋；左传,3,True,,0,False,1,15,"四海齊名白與劉
百年交分兩綢繆
同貧同病退閑日
一死一生臨老頭
杯酒英雄君與操
曹公曰
“天下英雄
唯使君與操耳
”文章微婉我知丘
仲尼云
“後世知丘者《春秋》
”又云
“《春秋》之旨微而婉也
”賢豪雖殁精靈在
應共微之地下游","哭劉尚書夢得二首其一四海齊名白與劉
百年交分兩綢繆
同貧同病退閑日
一死一生臨老頭
杯酒英雄君與操
曹公曰
“天下英雄
唯使君與操耳
”文章微婉我知丘
仲尼云
“後世知丘者《春秋》
”又云
“《春秋》之旨微而婉也
”賢豪雖殁精靈在
應共微之地下游",123
2747,poem,2747,卷三十六,,,律詩,哭劉尚書夢得二首其二,,,2747,revised_jsonl_direct,2748,902,revised_jsonl,公羊传；哭微之二首；世说新语；东南行一百韵寄通州元九侍御澧州李十一舍人果州崔二十二使君开州韦大员外庾三十二补阙杜十四拾遗李二十助教员外窦七校书；忆旧游,公羊传,1,True,,0,False,1,8,"今日哭君吾道孤
寢門淚滿白髭鬚
不知箭折弓何用
兼恐唇亡齒亦枯
窅窅窮泉埋寶玉
駸駸落景掛桑榆
夜臺暮齒期非遠
但問前頭相見無","哭劉尚書夢得二首其二今日哭君吾道孤
寢門淚滿白髭鬚
不知箭折弓何用
兼恐唇亡齒亦枯
窅窅窮泉埋寶玉
駸駸落景掛桑榆
夜臺暮齒期非遠
但問前頭相見無",73
2748,poem,2748,卷三十七,,,律詩補入,昨日復今辰,,,2748,revised_jsonl_direct,2749,841,revised_jsonl,谱；笺；题元十八溪亭；雪夜喜李郎中见访兼酬所赠；题东武丘寺六韵；世说新语；敦煌变文集,,0,False,,0,False,1,12,"昨日復今辰
悠悠七十春
所經多故處
却想似前身
散秩優游老
閑居淨潔貧
螺杯中有物
鶴氅上無塵
解珮收朝帶
抽簪換野巾
風儀與名號
别是一生人","昨日復今辰昨日復今辰
悠悠七十春
所經多故處
却想似前身
散秩優游老
閑居淨潔貧
螺杯中有物
鶴氅上無塵
解珮收朝帶
抽簪換野巾
風儀與名號
别是一生人",76
2749,poem,2749,卷三十七,,,律詩補入,病瘡,,,2749,revised_jsonl_direct,2750,841,revised_jsonl,笺,,0,False,,0,False,1,8,"門有醫來往
庭無客送迎
病銷談笑興
老足歎嗟聲
鶴伴臨池立
人扶下砌行
脚瘡春斷酒
那得有心情","病瘡門有醫來往
庭無客送迎
病銷談笑興
老足歎嗟聲
鶴伴臨池立
人扶下砌行
脚瘡春斷酒
那得有心情",49
2750,poem,2750,卷三十七,,,律詩補入,游趙村杏花,,,2750,revised_jsonl_direct,2751,844,revised_jsonl,谱；笺；洛阳春赠刘李二宾客；狂吟七言十四韵,,0,False,,0,False,1,4,"游村紅杏每年開
十五年來看幾迴
七十三人難再到
今春來是别花來","游趙村杏花游村紅杏每年開
十五年來看幾迴
七十三人難再到
今春來是别花來",36
2751,poem,2751,卷三十七,,,律詩補入,刑部尚書致仕,,,2751,revised_jsonl_direct,2752,842,revised_jsonl,笺；旧唐书；达哉乐天行；谱；易；唐会要；维摩经,易,1,True,,0,False,1,8,"十五年來洛下居
道緣俗累兩何如
迷路心迴因向佛
宦途事了是懸車
全家遁世曾無悶
半俸資身亦有餘
唯是名銜人不會
毗耶長者白尚書","刑部尚書致仕十五年來洛下居
道緣俗累兩何如
迷路心迴因向佛
宦途事了是懸車
全家遁世曾無悶
半俸資身亦有餘
唯是名銜人不會
毗耶長者白尚書",69
2752,poem,2752,卷三十七,,,律詩補入,初致仕後戲酬留守牛相公并呈分司諸寮友,,,2752,revised_jsonl_direct,2753,842,revised_jsonl,谱；笺；唐故太子少师奇章郡开国公赠太尉牛公墓志铭；六年春赠分司东都诸公；分司；裴侍中晋公以集贤林亭即事诗二十六韵见赠猥蒙征和才拙词繁辄广为五百言以伸酬献,,0,False,,0,False,1,8,"南北東西無所羈
掛冠自在勝分司
探花嘗酒多先到
拜表行香盡不知
炮笋烹魚飽飱後
擁袍枕臂醉眠時
報君一語君應笑
兼亦無心羨保釐","初致仕後戲酬留守牛相公并呈分司諸寮友南北東西無所羈
掛冠自在勝分司
探花嘗酒多先到
拜表行香盡不知
炮笋烹魚飽飱後
擁袍枕臂醉眠時
報君一語君應笑
兼亦無心羨保釐",81
2753,poem,2753,卷三十七,,,律詩補入,問諸親友,,,2753,revised_jsonl_direct,2754,844,revised_jsonl,谱；笺,,0,False,,0,False,1,8,"七十人難到
過三更較稀
占花租野寺
定酒典朝衣
趁醉春多出
貪歡夜未歸
不知親故口
道我是耶非","問諸親友七十人難到
過三更較稀
占花租野寺
定酒典朝衣
趁醉春多出
貪歡夜未歸
不知親故口
道我是耶非",51
2754,poem,2754,卷三十七,,,律詩補入,戲問牛司徒,,,2754,revised_jsonl_direct,2755,842,revised_jsonl,笺；初致仕后戏酬留守牛相公并呈分司诸寮友,,0,False,,0,False,1,4,"斗藪塵纓捋白鬚
半酣扶起問司徒
不知詔下懸車後
醉舞狂歌有例無","戲問牛司徒斗藪塵纓捋白鬚
半酣扶起問司徒
不知詔下懸車後
醉舞狂歌有例無",36
2755,poem,2755,卷三十七,,,律詩補入,不與老爲期,,,2755,revised_jsonl_direct,2756,842,revised_jsonl,笺；丘中有一士,,0,False,,0,False,1,16,"不與老爲期
因何兩鬢絲
纔應免夭促
便已及衰羸
昨夜夢何在
明朝身不知
百憂非我所
三樂是吾師
閉目常閑坐
低頭每靜思
存神機慮息
養氣語言遲
行亦攜詩篋
眠多枕酒巵
自慚無一事
少有不安時","不與老爲期不與老爲期
因何兩鬢絲
纔應免夭促
便已及衰羸
昨夜夢何在
明朝身不知
百憂非我所
三樂是吾師
閉目常閑坐
低頭每靜思
存神機慮息
養氣語言遲
行亦攜詩篋
眠多枕酒巵
自慚無一事
少有不安時",100
2756,poem,2756,卷三十七,,,律詩補入,開龍門八節石灘詩二首其一,,,2756,revised_jsonl_direct,2757,844,revised_jsonl,谱；笺；禹贡指南；邵氏闻见录；大乘本生心地观经；咏史,,0,False,,0,False,1,8,"鐵鑿金鎚殷若雷
八灘九石劍稜摧
竹篙桂檝飛如箭
百筏千艘魚貫來
振錫導師憑衆力
揮金退傅施家財
他時相逐西方去
莫慮塵沙路不開","開龍門八節石灘詩二首其一鐵鑿金鎚殷若雷
八灘九石劍稜摧
竹篙桂檝飛如箭
百筏千艘魚貫來
振錫導師憑衆力
揮金退傅施家財
他時相逐西方去
莫慮塵沙路不開",75
2757,poem,2757,卷三十七,,,律詩補入,開龍門八節石灘詩二首其二,,,2757,revised_jsonl_direct,2758,844,revised_jsonl,清波别志；吴船录；清一统志；佛说佛名经,,0,False,,0,False,1,11,"七十三翁旦暮身
誓開險路作通津
夜舟過此無傾覆
朝脛從今免苦辛
十里叱灘變河漢
八寒陰獄化陽春
八寒地獄
見《佛名》及《涅槃經》
故以八節灘爲比
我身雖殁心長在
闇施慈悲與後人","開龍門八節石灘詩二首其二七十三翁旦暮身
誓開險路作通津
夜舟過此無傾覆
朝脛從今免苦辛
十里叱灘變河漢
八寒陰獄化陽春
八寒地獄
見《佛名》及《涅槃經》
故以八節灘爲比
我身雖殁心長在
闇施慈悲與後人",100
2758,poem,2758,卷三十七,,,律詩補入,閑坐,,,2758,revised_jsonl_direct,2759,842,revised_jsonl,笺,,0,False,,0,False,1,8,"婆娑放雞犬
嬉戲任兒童
獨坐槐陰下
開襟向晚風
漚麻池水裏
曬棗日陽中
人物何相稱
居然田舍翁","閑坐婆娑放雞犬
嬉戲任兒童
獨坐槐陰下
開襟向晚風
漚麻池水裏
曬棗日陽中
人物何相稱
居然田舍翁",49
2759,poem,2759,卷三十七,,,律詩補入,酬寄牛相公同宿話舊勸酒見贈,,,2759,revised_jsonl_direct,2760,842,revised_jsonl,笺；初致仕后戏酬留守牛相公并呈分司诸寮友；永崇里观居,,0,False,,0,False,1,8,"每來故事堂中宿
共憶華陽觀裏時
日暮獨歸愁米盡
泥深同出借驢騎
交遊今日唯殘我
富貴當年更有誰
彼此相看頭雪白
一杯可合重推辭","酬寄牛相公同宿話舊勸酒見贈每來故事堂中宿
共憶華陽觀裏時
日暮獨歸愁米盡
泥深同出借驢騎
交遊今日唯殘我
富貴當年更有誰
彼此相看頭雪白
一杯可合重推辭",76
2760,poem,2760,卷三十七,,,律詩補入,道場獨坐,,,2760,revised_jsonl_direct,2761,842,revised_jsonl,笺；仁王护国般若波罗蜜多经；坛经,,0,False,,0,False,1,8,"整頓衣巾拂淨牀
一瓶秋水一爐香
不論煩惱先須去
直到菩提亦擬忘
朝謁久停收劍珮
宴遊漸罷廢壺觴
世間無用殘年處
秖合逍遥坐道場","道場獨坐整頓衣巾拂淨牀
一瓶秋水一爐香
不論煩惱先須去
直到菩提亦擬忘
朝謁久停收劍珮
宴遊漸罷廢壺觴
世間無用殘年處
秖合逍遥坐道場",67
2761,poem,2761,卷三十七,,,律詩補入,偶作寄朗之,,,2761,revised_jsonl_direct,2762,842,revised_jsonl,笺；咏怀寄皇甫朗之；瓯北诗话；偶作寄皇甫朗之,,0,False,,0,False,1,28,"歷想爲官日
無如刺史時
歡娛接賓客
飽暖及妻兒
自到東都後
安閑更得宜
分司勝刺史
致仕勝分司
何况園林下
欣然得朗之
仰名同舊識
爲樂即新知
有雪先相訪
無花不作期
鬭醲乾釀酒
誇妙細吟詩
里巷千來往
都門五别離
歧分兩迴首
書到一開眉
葉落槐亭院
冰生竹閣池
雀羅誰問訊
鶴氅罷追隨
身與心俱病
容將力共衰
老來多健忘
唯不忘相思","偶作寄朗之歷想爲官日
無如刺史時
歡娛接賓客
飽暖及妻兒
自到東都後
安閑更得宜
分司勝刺史
致仕勝分司
何况園林下
欣然得朗之
仰名同舊識
爲樂即新知
有雪先相訪
無花不作期
鬭醲乾釀酒
誇妙細吟詩
里巷千來往
都門五别離
歧分兩迴首
書到一開眉
葉落槐亭院
冰生竹閣池
雀羅誰問訊
鶴氅罷追隨
身與心俱病
容將力共衰
老來多健忘
唯不忘相思",172
2762,poem,2762,卷三十七,,,律詩補入,狂吟七言十四韻,,,2762,revised_jsonl_direct,2763,844,revised_jsonl,笺；寄张十八；与诸道者同游二室至九龙潭作；赎鸡；大乘本生心地观经；水经注；华严经；将发洛中枉令狐相公手札兼辱二篇宠行以长句答之；唐会要；洛阳堰闲行；游赵村杏花,,0,False,,0,False,1,28,"亦知世是休明世
自想身非富貴身
但恐人間爲長物
不如林下作遺民
遊依二室成三友
住近雙林當四鄰
性海澄渟平少浪
心田灑掃淨無塵
香山閑宿一千夜
梓澤連遊十六春
是客相逢皆故舊
無僧每見不殷勤
藥停有喜閑銷疾
金盡無憂醉忘貧
補綻衣裳愧妻女
支持酒肉賴交親
俸隨日計錢盈貫
祿逐年支粟滿囷
尚書致仕請半俸
百斛亦五十千
歲給祿粟二千
可爲
洛堰魚鮮供取足
游村果熟饋爭新
詩章人與傳千首
壽命天教過七旬
點檢一生徼倖事
東都除我更無人","狂吟七言十四韻亦知世是休明世
自想身非富貴身
但恐人間爲長物
不如林下作遺民
遊依二室成三友
住近雙林當四鄰
性海澄渟平少浪
心田灑掃淨無塵
香山閑宿一千夜
梓澤連遊十六春
是客相逢皆故舊
無僧每見不殷勤
藥停有喜閑銷疾
金盡無憂醉忘貧
補綻衣裳愧妻女
支持酒肉賴交親
俸隨日計錢盈貫
祿逐年支粟滿囷
尚書致仕請半俸
百斛亦五十千
歲給祿粟二千
可爲
洛堰魚鮮供取足
游村果熟饋爭新
詩章人與傳千首
壽命天教過七旬
點檢一生徼倖事
東都除我更無人",223
2763,poem,2763,卷三十七,,,律詩補入,喜裴儔使君攜詩見訪醉中戲贈,,,2763,revised_jsonl_direct,2764,844,revised_jsonl,笺；开成二年三月三日河南尹李待价以人和岁稔将禊于洛滨,,0,False,,0,False,1,4,"忽聞扣户醉吟聲
不覺停杯倒屣迎
共放詩狂同酒癖
與君别是一親情","喜裴儔使君攜詩見訪醉中戲贈忽聞扣户醉吟聲
不覺停杯倒屣迎
共放詩狂同酒癖
與君别是一親情",44
2764,poem,2764,卷三十七,,,律詩補入,得潮州楊相公繼之書並詩以此寄之,,,2764,revised_jsonl_direct,2765,843,revised_jsonl,笺；旱热；唐两京城坊考,,0,False,,0,False,1,12,"詩情書意兩殷勤
來自天南瘴海濱
初覩銀鈎還啓齒
細吟瓊什欲沾巾
鳳池隔絶三千里
蝸舍沉冥十五春
唯有新昌故園月
至今分照兩鄉人
鳳池
屬楊相也
蝸舍
自謂也","得潮州楊相公繼之書並詩以此寄之詩情書意兩殷勤
來自天南瘴海濱
初覩銀鈎還啓齒
細吟瓊什欲沾巾
鳳池隔絶三千里
蝸舍沉冥十五春
唯有新昌故園月
至今分照兩鄉人
鳳池
屬楊相也
蝸舍
自謂也",93
2765,poem,2765,卷三十七,,,律詩補入,宿府池西亭,,,2765,revised_jsonl_direct,2766,844,revised_jsonl,谱；笺,,0,False,,0,False,1,4,"池上平橋橋下亭
夜深睡覺上橋行
白頭老尹重來宿
十五年前舊月明","宿府池西亭池上平橋橋下亭
夜深睡覺上橋行
白頭老尹重來宿
十五年前舊月明",36
2766,poem,2766,卷三十七,,,律詩補入,閑眠,,,2766,revised_jsonl_direct,2767,845,revised_jsonl,笺,,0,False,,0,False,1,4,"暖牀斜卧日曛腰
一覺閑眠百病銷
盡日一飱茶兩椀
更無所要到明朝","閑眠暖牀斜卧日曛腰
一覺閑眠百病銷
盡日一飱茶兩椀
更無所要到明朝",33
2767,poem,2767,卷三十七,,,律詩補入,永豐坊西南角園中有垂柳一株柔條極茂白尚書曾賦詩傳入樂府遍流京都近有詔旨取兩枝植於禁苑乃知一顧增十倍之價非虛言也因此偶成絶句非敢繼和前篇白尚書篇云,,,2767,revised_jsonl_direct,2768,845,revised_jsonl,笺；唐两京城坊考；本事诗；杨柳,,0,False,,0,False,1,4,"一樹春風千萬枝
嫩如金色軟於絲
永豐西角荒園裏
盡日無人屬阿誰","永豐坊西南角園中有垂柳一株柔條極茂白尚書曾賦詩傳入樂府遍流京都近有詔旨取兩枝植於禁苑乃知一顧增十倍之價非虛言也因此偶成絶句非敢繼和前篇白尚書篇云一樹春風千萬枝
嫩如金色軟於絲
永豐西角荒園裏
盡日無人屬阿誰",103
2768,poem,2768,卷三十七,,,律詩補入,永豐坊西南角園中有垂柳一株柔條極茂白尚書曾賦詩傳入樂府遍流京都近有詔旨取兩枝植於禁苑乃知一顧增十倍之價非虛言也因此偶成絶句非敢繼和前篇刑部尚書致仕白居易和,,,2768,revised_jsonl_direct,2769,,revised_jsonl,说苑；史记；汉书；尔雅,说苑；史记；汉书；尔雅,4,True,,0,False,1,4,"一樹衰殘委泥土
雙枝榮耀植天庭
定知玄象今春後
柳宿光中添兩星","永豐坊西南角園中有垂柳一株柔條極茂白尚書曾賦詩傳入樂府遍流京都近有詔旨取兩枝植於禁苑乃知一顧增十倍之價非虛言也因此偶成絶句非敢繼和前篇刑部尚書致仕白居易和一樹衰殘委泥土
雙枝榮耀植天庭
定知玄象今春後
柳宿光中添兩星",108
2769,poem,2769,卷三十七,,,律詩補入,齋居春久感事遣懷,,,2769,revised_jsonl_direct,2770,845,revised_jsonl,谱；笺；大般若波罗蜜多经；楞严经；早春同刘郎中寄宣武令狐相公,,0,False,,0,False,1,16,"齋戒坐三旬
笙歌發四鄰
月明停酒夜
眼闇看花人
賴學空爲觀
深知念是塵
猶思閑語笑
未忘舊交親
久作龍門主
多爲兔苑賓
水嬉歌盡日
雪宴燭通晨
事事皆過分
時時自問身
風光抛得也
七十四年春","齋居春久感事遣懷齋戒坐三旬
笙歌發四鄰
月明停酒夜
眼闇看花人
賴學空爲觀
深知念是塵
猶思閑語笑
未忘舊交親
久作龍門主
多爲兔苑賓
水嬉歌盡日
雪宴燭通晨
事事皆過分
時時自問身
風光抛得也
七十四年春",103
2770,poem,2770,卷三十七,,,律詩補入,每見呂南二郎中新文輒竊有所歎惜因成長句以詠所懷,,,2770,revised_jsonl_direct,2771,844,revised_jsonl,笺；全唐诗；题吕食新水阁兼寄南商州郎中；南侍御以石相赠助成水声因以绝句谢之；世说新语；待漏入阁书事奉赠元九学士阁老；三国志,,0,False,,0,False,1,13,"雙金百煉少人知
縱我知君徒爾爲
望梅閣老無妨渴
二賢詞藻贍麗
衆多以予曾忝制誥爲此官
故呼閣老
畫餅尚書不救飢
喻無益
自戲也
白日迴頭看又晚
青雲舉足躡何遲
壯年可惜虛銷擲
遣把閑杯吟詠詩","每見呂南二郎中新文輒竊有所歎惜因成長句以詠所懷雙金百煉少人知
縱我知君徒爾爲
望梅閣老無妨渴
二賢詞藻贍麗
衆多以予曾忝制誥爲此官
故呼閣老
畫餅尚書不救飢
喻無益
自戲也
白日迴頭看又晚
青雲舉足躡何遲
壯年可惜虛銷擲
遣把閑杯吟詠詩",118
2771,poem,2771,卷三十七,,,律詩補入,胡吉鄭劉盧張等六賢皆多年壽予亦次焉偶於弊居合成尚齒之會七老相顧既醉甚歡靜而思之此會稀有因成七言六韻以紀之傳好事者,,,2771,revised_jsonl_direct,2772,845,revised_jsonl,谱；笺；四年春；览卢子蒙侍御旧诗多与微之唱和感今伤昔因赠子蒙题于卷后；新唐书；九老图；瓯北诗话；香山集；七老会诗；后序；外集；九老图诗；烧药不成命酒独醉；高仆射；读史五首；答四皓庙；题海图屏风；大唐西域记；唐方镇年表；卢尹贺梦得会中作,,0,False,,0,False,1,33,"七人五百七十歲
拖紫紆朱垂白鬚
手裏無金莫嗟歎
樽中有酒且歡娛
詩吟兩句神還王
酒飲三杯氣尚粗
嵬峨狂歌教婢拍
婆娑醉舞遣孫扶
天年高過二疏傅
人數多於四皓圖
除却三山五天竺
人間此會更應無
三仙山﹑五天竺圖
多老壽者
前懷州司馬安定胡杲
年八十九
衛尉卿致仕馮翊吉皎
年八十六
前右龍武軍長史滎陽鄭據
年八十四
前慈州刺史廣平劉真
年八十二
前侍御史内供奉官范陽盧貞
年八十二
前永州刺史清河張渾
年七十四
刑部尚書致仕太原白居易
年七十四
已上七人合五百七十歲
會昌五年三月二十一日於白家履道宅同宴
宴罷賦詩
時秘書監狄兼謩﹑河南尹盧貞以年未七十
雖與會而不及列","胡吉鄭劉盧張等六賢皆多年壽予亦次焉偶於弊居合成尚齒之會七老相顧既醉甚歡靜而思之此會稀有因成七言六韻以紀之傳好事者七人五百七十歲
拖紫紆朱垂白鬚
手裏無金莫嗟歎
樽中有酒且歡娛
詩吟兩句神還王
酒飲三杯氣尚粗
嵬峨狂歌教婢拍
婆娑醉舞遣孫扶
天年高過二疏傅
人數多於四皓圖
除却三山五天竺
人間此會更應無
三仙山﹑五天竺圖
多老壽者
前懷州司馬安定胡杲
年八十九
衛尉卿致仕馮翊吉皎
年八十六
前右龍武軍長史滎陽鄭據
年八十四
前慈州刺史廣平劉真
年八十二
前侍御史内供奉官范陽盧貞
年八十二
前永州刺史清河張渾
年七十四
刑部尚書致仕太原白居易
年七十四
已上七人合五百七十歲
會昌五年三月二十一日於白家履道宅同宴
宴罷賦詩
時秘書監狄兼謩﹑河南尹盧貞以年未七十
雖與會而不及列",339
2772,poem,2772,卷三十七,,,律詩補入,歡喜二偈其一,,,2772,revised_jsonl_direct,2773,844,revised_jsonl,笺,,0,False,,0,False,1,4,"得老加年誠可喜
當春對酒亦宜歡
心中别有歡喜事
開得龍門八節灘","歡喜二偈其一得老加年誠可喜
當春對酒亦宜歡
心中别有歡喜事
開得龍門八節灘",37
2773,poem,2773,卷三十七,,,律詩補入,歡喜二偈其二,,,2773,revised_jsonl_direct,2774,,revised_jsonl,春听琵琶兼简长孙司户；戏赠礼经老僧,,0,False,,0,False,1,4,"眼暗頭旋耳重聽平
唯餘心口尚醒醒
今朝歡喜緣何事
禮徹佛名百部經","歡喜二偈其二眼暗頭旋耳重聽平
唯餘心口尚醒醒
今朝歡喜緣何事
禮徹佛名百部經",38
2774,poem,2774,卷三十七,,,律詩補入,閑居貧活,,,2774,revised_jsonl_direct,2775,842,revised_jsonl,笺；书事咏怀,,0,False,,0,False,1,12,"冠蓋閑居少
簞瓢陋巷深
稱家開户牖
量力置園林
儉薄身都慣
營爲力不任
飢烹一斤肉
暖卧兩重衾
樽有陶潛酒
囊無陸賈金
莫嫌貧活計
更富即勞心","閑居貧活冠蓋閑居少
簞瓢陋巷深
稱家開户牖
量力置園林
儉薄身都慣
營爲力不任
飢烹一斤肉
暖卧兩重衾
樽有陶潛酒
囊無陸賈金
莫嫌貧活計
更富即勞心",75
2775,poem,2775,卷三十七,,,律詩補入,贈諸少年,,,2775,revised_jsonl_direct,2776,842,revised_jsonl,笺,,0,False,,0,False,1,9,"少年莫笑我蹉跎
聽我狂翁一曲歌
入手榮名取雖少
關心穩事得還多
老慚退馬霑芻秣
謂致仕半祿也
高喜歸鴻脱弋羅
官給俸錢天與壽
些些貧病奈吾何","贈諸少年少年莫笑我蹉跎
聽我狂翁一曲歌
入手榮名取雖少
關心穩事得還多
老慚退馬霑芻秣
謂致仕半祿也
高喜歸鴻脱弋羅
官給俸錢天與壽
些些貧病奈吾何",74
2776,poem,2776,卷三十七,,,律詩補入,感所見,,,2776,revised_jsonl_direct,2777,842,revised_jsonl,笺；庄子；左传；大庄严论经；大般涅槃经,庄子；左传,2,True,,0,False,1,8,"巧者焦勞智者愁
愚翁何喜復何憂
莫嫌山木無人用
大勝籠禽不自由
網外老雞因斷尾
盤中鮮鱠爲吞鈎
誰人會我心中事
冷笑時時一掉頭","感所見巧者焦勞智者愁
愚翁何喜復何憂
莫嫌山木無人用
大勝籠禽不自由
網外老雞因斷尾
盤中鮮鱠爲吞鈎
誰人會我心中事
冷笑時時一掉頭",66
2777,poem,2777,卷三十七,,,律詩補入,寄黔州馬常侍,,,2777,revised_jsonl_direct,2778,842,revised_jsonl,笺；旧唐书；新唐书,,0,False,,0,False,1,4,"閑看雙節信爲貴
樂飲一杯誰與同
可惜風情與心力
五年抛擲在黔中","寄黔州馬常侍閑看雙節信爲貴
樂飲一杯誰與同
可惜風情與心力
五年抛擲在黔中",37
2778,poem,2778,卷三十七,,,律詩補入,和李相公留守題漕上新橋六韻,,,2778,revised_jsonl_direct,2779,841,revised_jsonl,笺；雪朝乘兴欲诣李司徒留守先以五韵戏之；久雨闲闷对酒偶吟；河南通志；题赠郑秘书征君石沟溪隐居；左传,左传,1,True,,0,False,1,12,"選石鋪新路
安橋壓古堤
似從銀漢下
落傍玉川西
影定闌干倒
標高華表齊
烟開虹半見
月冷鶴雙棲
材映夔龍小
功嫌元凱低
從容濟世後
餘力及黔黎","和李相公留守題漕上新橋六韻選石鋪新路
安橋壓古堤
似從銀漢下
落傍玉川西
影定闌干倒
標高華表齊
烟開虹半見
月冷鶴雙棲
材映夔龍小
功嫌元凱低
從容濟世後
餘力及黔黎",84
2779,poem,2779,卷三十七,,,律詩補入,閑居,,,2779,revised_jsonl_direct,2780,840,revised_jsonl,笺；卖骆马；别柳枝；王梵志诗校注；敦煌变文集,,0,False,,0,False,1,12,"風雨蕭條秋少客
門庭冷靜晝多關
金羈駱馬近貰却
羅袖柳枝尋放還
書卷略尋聊取睡
酒杯淺把粗開顔
眼昏入夜休看月
脚重經春不上山
心靜無妨喧處寂
機忘兼覺夢中閑
是非愛惡銷停盡
唯寄空身在世間","閑居風雨蕭條秋少客
門庭冷靜晝多關
金羈駱馬近貰却
羅袖柳枝尋放還
書卷略尋聊取睡
酒杯淺把粗開顔
眼昏入夜休看月
脚重經春不上山
心靜無妨喧處寂
機忘兼覺夢中閑
是非愛惡銷停盡
唯寄空身在世間",97
2780,poem,2780,卷三十七,,,律詩補入,新秋夜雨,,,2780,revised_jsonl_direct,2781,840,revised_jsonl,笺；前庭凉夜,,0,False,,0,False,1,8,"蟋蟀暮啾啾
光陰不少留
松簷半夜雨
風幌滿牀秋
曙早燈猶在
凉初簟未收
新晴好天氣
誰伴老人遊","新秋夜雨蟋蟀暮啾啾
光陰不少留
松簷半夜雨
風幌滿牀秋
曙早燈猶在
凉初簟未收
新晴好天氣
誰伴老人遊",51
2781,poem,2781,卷三十七,,,律詩補入,春眠,,,2781,revised_jsonl_direct,2782,840,revised_jsonl,笺,,0,False,,0,False,1,4,"枕低被暖身安穩
日照房門帳未開
還有少年春氣味
時時暫到睡中來","春眠枕低被暖身安穩
日照房門帳未開
還有少年春氣味
時時暫到睡中來",33
2782,poem,2782,卷三十七,,,律詩補入,喜老自嘲,,,2782,revised_jsonl_direct,2783,840,revised_jsonl,笺；淮南子；洞中蝙蝠；加尊号后郊天赦文；南郊赦文；卯饮；思旧,淮南子,1,True,,0,False,1,17,"面黑頭雪白
自嫌還自憐
毛龜蓍下老
蝙蝠鼠中仙
名籍同逋客
衣裝類古賢
裘輕披白氎
靴暖蹋烏氈
周易休開卦
陶琴不上絃
任從人棄擲
自與我周旋
鐵馬因疲退
鉛刀以鈍全
行開第八秩
可謂盡天年
時俗謂七十已上爲開第八秩","喜老自嘲面黑頭雪白
自嫌還自憐
毛龜蓍下老
蝙蝠鼠中仙
名籍同逋客
衣裝類古賢
裘輕披白氎
靴暖蹋烏氈
周易休開卦
陶琴不上絃
任從人棄擲
自與我周旋
鐵馬因疲退
鉛刀以鈍全
行開第八秩
可謂盡天年
時俗謂七十已上爲開第八秩",112
2783,poem,2783,卷三十七,,,律詩補入,能無愧,,,2783,revised_jsonl_direct,2784,841,revised_jsonl,笺,,0,False,,0,False,1,8,"十兩新緜褐
披行暖似春
一團香絮枕
倚坐穩於人
婢僕遣他嘗藥草
兒孫與我拂衣巾
迴看左右能無愧
養活枯殘廢退身","能無愧十兩新緜褐
披行暖似春
一團香絮枕
倚坐穩於人
婢僕遣他嘗藥草
兒孫與我拂衣巾
迴看左右能無愧
養活枯殘廢退身",58
2784,poem,2784,卷三十七,,,律詩補入,河陽石尚書破迴鶻迎貴主過上黨射鷺鷥繪畫爲圖猥蒙見示稱歎不足以詩美之,,,2784,revised_jsonl_direct,2785,845,revised_jsonl,笺；旧唐书；资治通鉴；汉书；三国志；折剑头；艺文类聚；六韬；河东赋,汉书；六韬,2,True,,0,False,1,19,"塞北虜郊隨手破
山東賊壘掉鞭收
烏孫公主歸秦地
白馬將軍入潞州
劍拔青鱗蛇尾活
弦抨赤羽火星流
須知鳥目猶難漏
尚書將入潞府
偶逢水鳥鷺𪆗
引弓射之
一發中目
三軍踴躍
其事上聞
詔下美之
縱有天狼豈足憂
畫角三聲刁斗曉
清商一部管絃秋
他時麟閣圖勳業
更合何人居上頭","河陽石尚書破迴鶻迎貴主過上黨射鷺鷥繪畫爲圖猥蒙見示稱歎不足以詩美之塞北虜郊隨手破
山東賊壘掉鞭收
烏孫公主歸秦地
白馬將軍入潞州
劍拔青鱗蛇尾活
弦抨赤羽火星流
須知鳥目猶難漏
尚書將入潞府
偶逢水鳥鷺𪆗
引弓射之
一發中目
三軍踴躍
其事上聞
詔下美之
縱有天狼豈足憂
畫角三聲刁斗曉
清商一部管絃秋
他時麟閣圖勳業
更合何人居上頭",167
2785,poem,2785,卷三十七,,,律詩補入,自詠老身示諸家屬,,,2785,revised_jsonl_direct,2786,846,revised_jsonl,谱；笺；狂吟七言十四韵；青毡帐二十韵；洛下闲居寄山南令狐相公；寒山诗注,,0,False,,0,False,1,16,"壽及七十五
俸霑五十千
夫妻皆老日
甥侄聚居年
粥美嘗新米
袍温換故緜
家居雖濩落
眷屬幸團圓
置榻素屏下
移爐青帳前
書聽孫子讀
湯看侍兒煎
走筆還詩債
抽衣當藥錢
支分閑事了
把背向陽眠","自詠老身示諸家屬壽及七十五
俸霑五十千
夫妻皆老日
甥侄聚居年
粥美嘗新米
袍温換故緜
家居雖濩落
眷屬幸團圓
置榻素屏下
移爐青帳前
書聽孫子讀
湯看侍兒煎
走筆還詩債
抽衣當藥錢
支分閑事了
把背向陽眠",103
2786,poem,2786,卷三十七,,,律詩補入,自問此心呈諸老伴,,,2786,revised_jsonl_direct,2787,846,revised_jsonl,笺,,0,False,,0,False,1,12,"朝問此心何所思
暮問此心何所爲
不入公門慵斂手
不看人面免低眉
居士室間眠得所
少年場上飲非宜
閑談亹亹留諸老
美醖徐徐進一巵
心未曾求過分事
身常少有不安時
此心除自謀身外
更問其餘盡不知","自問此心呈諸老伴朝問此心何所思
暮問此心何所爲
不入公門慵斂手
不看人面免低眉
居士室間眠得所
少年場上飲非宜
閑談亹亹留諸老
美醖徐徐進一巵
心未曾求過分事
身常少有不安時
此心除自謀身外
更問其餘盡不知",103
2787,poem,2787,卷三十七,,,律詩補入,六年立春日人日作,,,2787,revised_jsonl_direct,2788,846,revised_jsonl,谱；笺；荆楚岁时记；胡吉郑刘卢张等六贤皆多年寿予亦次焉偶于弊居合成尚齿之会；旧唐书；资治通鉴；得潮州杨相公继之书并诗以此寄之,荆楚岁时记,1,True,,0,False,1,13,"二日立春人七日
盤蔬餅餌逐時新
年方吉鄭猶爲少
家比劉韓未是貧
鄉園節歲應堪重
親故歡遊莫厭頻
試作循潮封眼想
何由得見洛陽春
分司致仕官中
吉傅﹑鄭諮議最老
韓庶子﹑劉員外尤貧
循﹑潮﹑封三州遷客
皆洛下舊遊也","六年立春日人日作二日立春人七日
盤蔬餅餌逐時新
年方吉鄭猶爲少
家比劉韓未是貧
鄉園節歲應堪重
親故歡遊莫厭頻
試作循潮封眼想
何由得見洛陽春
分司致仕官中
吉傅﹑鄭諮議最老
韓庶子﹑劉員外尤貧
循﹑潮﹑封三州遷客
皆洛下舊遊也",114
2788,poem,2788,卷三十七,,,律詩補入,齋居偶作,,,2788,revised_jsonl_direct,2789,846,revised_jsonl,笺；养拙；病中五绝,,0,False,,0,False,1,16,"童子裝爐火
行添一炷香
老翁持麈尾
坐拂半張牀
卷縵看天色
移齋近日陽
甘鮮新餅果
穩暖舊衣裳
止足安生理
優閑樂性場
是非一以遣
動靜百無妨
豈有物相累
兼無情可忘
不須憂老病
心是自醫王","齋居偶作童子裝爐火
行添一炷香
老翁持麈尾
坐拂半張牀
卷縵看天色
移齋近日陽
甘鮮新餅果
穩暖舊衣裳
止足安生理
優閑樂性場
是非一以遣
動靜百無妨
豈有物相累
兼無情可忘
不須憂老病
心是自醫王",99
2789,poem,2789,卷三十七,,,律詩補入,詠身,,,2789,revised_jsonl_direct,2790,846,revised_jsonl,笺；史记；高僧传；道安传,史记,1,True,,0,False,1,12,"自中風來三歷閏
病風八年
凡三閏矣
從懸車後幾逢春
周南留滯稱遺老
見《太史公傳》
漢上羸殘號半人
見《習鑿齒傳》
薄有文章傳子弟
斷無書札答交親
餘年自問將何用
恐是人間賸長身","詠身自中風來三歷閏
病風八年
凡三閏矣
從懸車後幾逢春
周南留滯稱遺老
見《太史公傳》
漢上羸殘號半人
見《習鑿齒傳》
薄有文章傳子弟
斷無書札答交親
餘年自問將何用
恐是人間賸長身",91
2790,poem,2790,卷三十七,,,律詩補入,予與山南王僕射淮南李僕射事歷五朝踰三紀海内年輩今唯三人榮路雖殊交情不替聊題長句寄舉之公垂二相公,,,2790,revised_jsonl_direct,2791,846,revised_jsonl,谱；笺；早入皇城赠王留守仆射；旧唐书；初学记；尚书中候,尚书中候,1,True,,0,False,1,8,"故交海内只三人
二坐巖廊一卧雲
老愛詩書還似我
榮兼將相不如君
百年膠漆初心在
萬里烟霄中路分
阿閣鸞凰野田鶴
何人信道舊同羣","予與山南王僕射淮南李僕射事歷五朝踰三紀海内年輩今唯三人榮路雖殊交情不替聊題長句寄舉之公垂二相公故交海内只三人
二坐巖廊一卧雲
老愛詩書還似我
榮兼將相不如君
百年膠漆初心在
萬里烟霄中路分
阿閣鸞凰野田鶴
何人信道舊同羣",110
2791,poem,2791,卷三十七,,,律詩補入,讀道德經,,,2791,revised_jsonl_direct,2792,842,revised_jsonl,笺；高仆射；南邻；赠王处士；老子；庄子；诸法集要经,老子；庄子,2,True,,0,False,1,8,"玄元皇帝著遺文
烏角先生仰後塵
金玉滿堂非己物
子孫委蛻是他人
世間盡不關吾事
天下無親於我身
只有一身宜愛護
少教冰炭逼心神","讀道德經玄元皇帝著遺文
烏角先生仰後塵
金玉滿堂非己物
子孫委蛻是他人
世間盡不關吾事
天下無親於我身
只有一身宜愛護
少教冰炭逼心神",67
2792,poem,2792,卷三十七,,,律詩補入,禽蟲十二章其一,,,2792,revised_jsonl_direct,2793,843,revised_jsonl,笺；艺文类聚；说文；初学记；博物志；埤雅；尔雅翼,说文；博物志,2,True,,0,False,1,8,"燕違戊己鵲避歲
兹事因何羽族知
疑有鳳王頒鳥曆
一時一日不參差
不知其然也
燕銜泥常避戊己日
鵲巢口常避太歲
驗之皆信","禽蟲十二章其一燕違戊己鵲避歲
兹事因何羽族知
疑有鳳王頒鳥曆
一時一日不參差
不知其然也
燕銜泥常避戊己日
鵲巢口常避太歲
驗之皆信",66
2793,poem,2793,卷三十七,,,律詩補入,禽蟲十二章其二,,,2793,revised_jsonl_direct,2794,,revised_jsonl,,,0,False,,0,False,1,5,"水中科斗長成蛙
林下桑蟲老作蛾
蛙跳蛾舞仰頭笑
焉用鵾鵬鱗羽多
齊物也","禽蟲十二章其二水中科斗長成蛙
林下桑蟲老作蛾
蛙跳蛾舞仰頭笑
焉用鵾鵬鱗羽多
齊物也",42
2794,poem,2794,卷三十七,,,律詩補入,禽蟲十二章其三,,,2794,revised_jsonl_direct,2795,,revised_jsonl,尔雅；尔雅翼；礼记；逸老,尔雅；礼记,2,True,,0,False,1,13,"江魚羣從稱妻妾
塞雁聯行號弟兄
但恐世間真眷屬
親疏亦是强爲名
故名也
江沱間有魚
每游輒三
如媵隨妻
一先二後
土人號爲婢妾魚
《禮》云
“雁兄弟行
”","禽蟲十二章其三江魚羣從稱妻妾
塞雁聯行號弟兄
但恐世間真眷屬
親疏亦是强爲名
故名也
江沱間有魚
每游輒三
如媵隨妻
一先二後
土人號爲婢妾魚
《禮》云
“雁兄弟行
”",84
2795,poem,2795,卷三十七,,,律詩補入,禽蟲十二章其四,,,2795,revised_jsonl_direct,2796,,revised_jsonl,,,0,False,,0,False,1,5,"蠶老繭成不庇身
蜂飢蜜熟屬他人
須知年老憂家者
恐是二蟲虛苦辛
自警也","禽蟲十二章其四蠶老繭成不庇身
蜂飢蜜熟屬他人
須知年老憂家者
恐是二蟲虛苦辛
自警也",42
2796,poem,2796,卷三十七,,,律詩補入,禽蟲十二章其五,,,2796,revised_jsonl_direct,2797,,revised_jsonl,予与山南王仆射淮南李仆射事历五朝逾三纪海内年辈今唯三人荣路虽殊交情不替聊题长句寄举之公垂二相,,0,False,,0,False,1,5,"阿閣鵷鸞田舍烏
妍蚩貴賤兩懸殊
如何閉向深籠裏
一種摧頽觸四隅
有所感也","禽蟲十二章其五阿閣鵷鸞田舍烏
妍蚩貴賤兩懸殊
如何閉向深籠裏
一種摧頽觸四隅
有所感也",43
2797,poem,2797,卷三十七,,,律詩補入,禽蟲十二章其六,,,2797,revised_jsonl_direct,2798,,revised_jsonl,,,0,False,,0,False,1,5,"獸中去刀槍多怒吼
鳥遭羅弋盡哀鳴
羔羊口在緣何事
闇死屠門無一聲
有所悲也","禽蟲十二章其六獸中去刀槍多怒吼
鳥遭羅弋盡哀鳴
羔羊口在緣何事
闇死屠門無一聲
有所悲也",44
2798,poem,2798,卷三十七,,,律詩補入,禽蟲十二章其七,,,2798,revised_jsonl_direct,2799,,revised_jsonl,孝思赋；细言；庄子；华严经,孝思赋；庄子,2,True,,0,False,1,5,"蟭螟殺敵蚊巢上
蠻觸交爭蝸角中
應似諸天觀下界
一微塵内鬭英雄
自照也","禽蟲十二章其七蟭螟殺敵蚊巢上
蠻觸交爭蝸角中
應似諸天觀下界
一微塵内鬭英雄
自照也",42
2799,poem,2799,卷三十七,,,律詩補入,禽蟲十二章其八,,,2799,revised_jsonl_direct,2800,,revised_jsonl,诗；释文；尔雅；佛说观普贤菩萨行法经；地藏菩萨本愿经,诗；尔雅,2,True,,0,False,1,5,"蠨蛸網上罥蜉蝣
反覆相持死始休
何異浮生臨老日
一彈指頃報恩讎
誡報也","禽蟲十二章其八蠨蛸網上罥蜉蝣
反覆相持死始休
何異浮生臨老日
一彈指頃報恩讎
誡報也",42
2800,poem,2800,卷三十七,,,律詩補入,禽蟲十二章其九,,,2800,revised_jsonl_direct,2801,,revised_jsonl,诗；释文,诗,1,True,,0,False,1,4,"蟻王化飯爲臣妾
蠃母偷蟲作子孫
彼此假名非本物
其間何怨復何恩","禽蟲十二章其九蟻王化飯爲臣妾
蠃母偷蟲作子孫
彼此假名非本物
其間何怨復何恩",38
2801,poem,2801,卷三十七,,,律詩補入,禽蟲十二章其十,,,2801,revised_jsonl_direct,2802,,revised_jsonl,尔雅；尔雅翼；后魏书；淮南子,尔雅；后魏书；淮南子,3,True,,0,False,1,15,"豆苗鹿嚼解烏毒
艾葉雀銜奪燕巢
鳥獸不曾看本草
諳知藥性是誰教
嘗獵者説云
鹿若中箭
發即嚼豆葉食之
多消解
箭毒多用烏頭
故云烏毒
又燕惡艾
雀欲奪其窠
先銜一艾致其窠
輒避去
因而有之","禽蟲十二章其十豆苗鹿嚼解烏毒
艾葉雀銜奪燕巢
鳥獸不曾看本草
諳知藥性是誰教
嘗獵者説云
鹿若中箭
發即嚼豆葉食之
多消解
箭毒多用烏頭
故云烏毒
又燕惡艾
雀欲奪其窠
先銜一艾致其窠
輒避去
因而有之",101
2802,poem,2802,卷三十七,,,律詩補入,禽蟲十二章其十一,,,2802,revised_jsonl_direct,2803,,revised_jsonl,洞中蝙蝠,,0,False,,0,False,1,4,"一鼠得仙生羽翼
衆鼠相看有羨色
豈知飛上未半空
已作烏鳶口中食","禽蟲十二章其十一一鼠得仙生羽翼
衆鼠相看有羨色
豈知飛上未半空
已作烏鳶口中食",39
2803,poem,2803,卷三十七,,,律詩補入,禽蟲十二章其十二,,,2803,revised_jsonl_direct,2804,,revised_jsonl,大庄严论经；正法念处经,,0,False,,0,False,1,11,"鵝乳養雛遺在水
魚心想子變成鱗
細微幽隱何窮事
知者唯應是聖人
鵝放乳水中
不能離羣
雛從而食之
皆飽而去之
又如魚想子
子成魚
並皆是佛經中説","禽蟲十二章其十二鵝乳養雛遺在水
魚心想子變成鱗
細微幽隱何窮事
知者唯應是聖人
鵝放乳水中
不能離羣
雛從而食之
皆飽而去之
又如魚想子
子成魚
並皆是佛經中説",80
