granularity,unit_id,编号,题目,作年,similarity,部类,文本
line,16720,1181,昭德王皇后挽歌詞,787,0.770996,蠶桑,蠶休昔採桑
line,13341,0801,王昭君二首其一,788,0.740723,勤,愁苦辛勤顦顇盡
line,12387,0669,病中作,789,0.729004,老,此身豈堪老
line,8700,0427,遊襄陽懷孟浩然,794,0.750977,相思,思人至其鄉
line,8637,0423,將之饒州江浦夜泊,798,0.753418,婚姻,光陰坐遲暮
line,8642,0423,將之饒州江浦夜泊,798,0.724609,酣醉,豈堪心併憂
line,12485,0687,自河南經亂關内阻飢兄弟離散各在一處因望月有感聊書所懷寄上浮梁大兄於潛七兄烏江十五兄兼示符離及下邽弟妹,799,0.718262,遷徙,辭根散作九秋蓬
line,11985,0608,叙德書情四十韻上宣歙崔中丞,800,0.794922,母子,陰德畏人知
line,8710,0428,秋暮西歸途中書情,800,0.784180,晨夜,發在雞鳴前
line,12042,0608,叙德書情四十韻上宣歙崔中丞,800,0.782715,馬,相馬須憐瘦
line,8720,0428,秋暮西歸途中書情,800,0.781250,囊橐,歸無一囊錢
line,10934,0576,生離别,800,0.764648,梅,蘗能苦兮梅能酸
line,12028,0608,叙德書情四十韻上宣歙崔中丞,800,0.756836,賔館,飭躬趨館舍
line,12521,0694,客中守歲,800,0.755371,貧,不及在家貧
line,12043,0608,叙德書情四十韻上宣歙崔中丞,800,0.749023,鷹,呼鷹正及飢
line,11986,0608,叙德書情四十韻上宣歙崔中丞,800,0.748535,玉,白玉慚温色
line,11989,0608,叙德書情四十韻上宣歙崔中丞,800,0.740723,卜筮,言作世蓍龜
line,8751,0431,題贈定光上人,800,0.739746,道路,得徑入大道
line,8726,0429,秋懷,800,0.731934,秋,草木日夜衰
line,8694,0426,客路感秋寄明準上人,800,0.729980,釋教,不教煩惱生
line,10939,0576,生離别,800,0.729492,公主,迴看骨肉哭一聲
line,10940,0576,生離别,800,0.725586,梅,梅酸蘗苦甘如蜜
line,8749,0431,題贈定光上人,800,0.725098,僧,二十身出家
line,12039,0608,叙德書情四十韻上宣歙崔中丞,800,0.724121,老,躭書力未疲
line,11983,0608,叙德書情四十韻上宣歙崔中丞,800,0.723145,信,刑行吏不欺
line,11972,0608,叙德書情四十韻上宣歙崔中丞,800,0.720703,華山,山河地襟帶
line,12528,0695,問淮水,800,0.720703,淮,何事長淮水
line,8689,0426,客路感秋寄明準上人,800,0.719238,收穫,孰能不憯悽
line,8743,0430,贈别楊穎士盧克柔殷堯藩,800,0.719238,舟,扁舟來楚鄉
line,12497,0689,寒閨夜,800,0.719238,寢,孤眠懶未能
line,12017,0608,叙德書情四十韻上宣歙崔中丞,800,0.717773,津渡,涉海水難爲
line,11976,0608,叙德書情四十韻上宣歙崔中丞,800,0.716309,喪賢臣,股肱分外守
line,12553,0701,春村,800,0.715332,採桑,蠶妾禱新衣
line,4714,0200,旅次華州贈袁右丞,801,0.758301,慎,君子在其中
line,4728,0200,旅次華州贈袁右丞,801,0.749023,恐懼,憂人正忡忡
line,4722,0200,旅次華州贈袁右丞,801,0.724609,豐稔,黍稷三年豐
line,11934,0605,和鄭方及第後秋歸洛下閑居,802,0.743652,勤學,勤苦成名後
line,11936,0605,和鄭方及第後秋歸洛下閑居,802,0.739258,玉,玉憐同匠琢
line,12089,0611,自江陵之徐州路上寄兄弟,802,0.737793,漢,西楚望南荆
line,12086,0611,自江陵之徐州路上寄兄弟,802,0.722168,谷,煙鴈翻寒渚
line,12076,0610,題故曹王宅,802,0.716797,園圃,西園飛蓋處
line,8657,0424,思歸,803,0.828125,夏,夏至一陰生
line,8651,0424,思歸,803,0.783691,祿養,遂求及親祿
line,4266,0173,常樂里閑居偶題十六韻兼寄劉十五公輿王十一起呂二炅呂四穎崔十八玄亮元九稹劉三十二敦質張十五仲方時爲校書郎,803,0.782227,校書,典校在秘書
line,12828,0748,秋思,803,0.764160,秋,閑立秋多思
line,12344,0662,早春獨遊曲江,803,0.756348,酒,酒狂憐性逸
line,4279,0173,常樂里閑居偶題十六韻兼寄劉十五公輿王十一起呂二炅呂四穎崔十八玄亮元九稹劉三十二敦質張十五仲方時爲校書郎,803,0.752930,祕書監,蘭臺七八人
line,4261,0173,常樂里閑居偶題十六韻兼寄劉十五公輿王十一起呂二炅呂四穎崔十八玄亮元九稹劉三十二敦質張十五仲方時爲校書郎,803,0.752441,樂器,工拙性不同
line,4300,0174,答元八宗簡同遊曲江後明日見贈,803,0.746582,衣服,即此可濯纓
line,12830,0748,秋思,803,0.735840,原隰,蕭條早寒至
line,4258,0173,常樂里閑居偶題十六韻兼寄劉十五公輿王十一起呂二炅呂四穎崔十八玄亮元九稹劉三十二敦質張十五仲方時爲校書郎,803,0.733398,關,雞鳴無安居
line,4287,0173,常樂里閑居偶題十六韻兼寄劉十五公輿王十一起呂二炅呂四穎崔十八玄亮元九稹劉三十二敦質張十五仲方時爲校書郎,803,0.733398,忠,何以待君子
line,4259,0173,常樂里閑居偶題十六韻兼寄劉十五公輿王十一起呂二炅呂四穎崔十八玄亮元九稹劉三十二敦質張十五仲方時爲校書郎,803,0.730469,無備,獨有懶慢者
line,4276,0173,常樂里閑居偶題十六韻兼寄劉十五公輿王十一起呂二炅呂四穎崔十八玄亮元九稹劉三十二敦質張十五仲方時爲校書郎,803,0.729980,貧,日日常晏如
line,4280,0173,常樂里閑居偶題十六韻兼寄劉十五公輿王十一起呂二炅呂四穎崔十八玄亮元九稹劉三十二敦質張十五仲方時爲校書郎,803,0.726074,利,出處與之俱
line,4264,0173,常樂里閑居偶題十六韻兼寄劉十五公輿王十一起呂二炅呂四穎崔十八玄亮元九稹劉三十二敦質張十五仲方時爲校書郎,803,0.725586,文行,天子好文儒
line,12348,0662,早春獨遊曲江,803,0.724609,閣,迴看芸閣笑
line,4271,0173,常樂里閑居偶題十六韻兼寄劉十五公輿王十一起呂二炅呂四穎崔十八玄亮元九稹劉三十二敦質張十五仲方時爲校書郎,803,0.722656,俸禄,俸錢萬六千
line,13932,0853,得微之到官後書備知通州之事悵然有感因成四章其四,803,0.718750,離局,司馬人間冗長去官
line,22925,1772,臨都驛答夢得六言二首其二,803,0.718750,馬,前事不須問著
line,12349,0662,早春獨遊曲江,803,0.716797,大將,不似有浮名
line,8678,0425,翼城北原作,804,0.762207,日,日月互居諸
line,426,0016,哭劉敦質,804,0.755859,龍,龍亢彼無悔
line,427,0016,哭劉敦質,804,0.755859,縣令,蠖屈此不伸
line,421,0016,哭劉敦質,804,0.728027,誣人,辭云君子人
line,8665,0425,翼城北原作,804,0.720703,野,野色何莽蒼去聲
line,8680,0425,翼城北原作,804,0.720703,天,焉能知其初
line,424,0016,哭劉敦質,804,0.717773,愚,愚者多貴壽
line,4343,0176,首夏同諸校正遊開元觀因宿玩月,805,0.799316,夏,清和四月初
line,4386,0178,早送舉人入試,805,0.796387,行旅,已有車馬行
line,4325,0175,感時,805,0.787598,賤,貧賤非不惡
line,1332,0058,寄隱者,805,0.777344,食,祿厚食萬錢
line,4336,0176,首夏同諸校正遊開元觀因宿玩月,805,0.766602,隠逸,策名在京師
line,12149,0622,寄陸補闕,805,0.762695,鶴,此時雞鶴暫同羣
line,4350,0176,首夏同諸校正遊開元觀因宿玩月,805,0.758789,杯,待月杯行遲
line,16684,1177,德宗皇帝挽歌詞四首其一,805,0.749512,祖孫,貽謀啓孝孫
line,1336,0058,寄隱者,805,0.748047,名字,由來君臣間
line,12151,0622,寄陸補闕,805,0.746094,鶴,雞在中庭鶴在雲
line,4375,0177,永崇里觀居,805,0.744629,與食,朝飢有蔬食
line,4337,0176,首夏同諸校正遊開元觀因宿玩月,805,0.734375,敘官,官小無職事
line,4329,0175,感時,805,0.732422,性情,所以達人心
line,1325,0058,寄隱者,805,0.731934,恐懼,色有非常懼
line,16688,1177,德宗皇帝挽歌詞四首其一,805,0.726562,官班,朝儀出國門
line,4322,0175,感時,805,0.725586,平糴,往往不適意
line,1337,0058,寄隱者,805,0.725098,貴,寵辱在朝暮
line,4362,0177,永崇里觀居,805,0.723633,蟬,蟬聲暮啾啾
line,1339,0058,寄隱者,805,0.722656,太行山,中有歸山路
line,4330,0175,感時,805,0.716797,節操,外物不能累
line,1322,0058,寄隱者,805,0.715332,隠逸,賣藥向都城
line,4309,0175,感時,805,0.714355,日,朝見日上天
line,12358,0665,送武士曹歸蜀,806,0.805176,鳥,花落鳥嚶嚶
line,4696,0199,寄李十一,806,0.768066,利,不及利與名
line,8178,0391,權攝昭應早秋書事寄元拾遺兼呈李司錄,806,0.767090,判司,簿書堆六曹
line,413,0015,贈元稹,806,0.756836,換官,不爲同署官
line,8192,0392,新栽竹,806,0.750977,豐稔,稍稍有餘清
line,404,0015,贈元稹,806,0.747559,夫婦,一爲同心友
line,409,0015,贈元稹,806,0.747070,嫂叔,不具帶與冠
line,4689,0199,寄李十一,806,0.743652,櫻桃,家醖及春熟
line,4744,0201,酬楊九弘貞長安病中見寄,806,0.741699,閭里,閉門無送迎
line,8794,0433,酬李少府曹長官舍見贈,806,0.741211,冬,淥觴春暖寒
line,414,0015,贈元稹,806,0.739746,心,所合在方寸
line,8775,0432,祗役駱口驛喜蕭侍御書至兼覩新詩吟諷通宵因寄八韻,806,0.739746,心,使我靈府中
line,4704,0199,寄李十一,806,0.735840,軍政令,吏職坐相縈
line,8773,0432,祗役駱口驛喜蕭侍御書至兼覩新詩吟諷通宵因寄八韻,806,0.731934,文行,雅哉君子文
line,395,0015,贈元稹,806,0.729980,防備,乃知定交難
line,8798,0433,酬李少府曹長官舍見贈,806,0.725098,換官,不是爲同官
line,8974,0445,讀鄧魴詩,806,0.723145,投壺,擢第祿不及
line,30480,2555,病中詩十五首枕上作,806,0.722168,命運,樂天知命了無憂
line,8202,0393,秋霖中過尹縱之仙遊山居,806,0.720215,心,併入方寸心
line,12191,0630,自城東至以詩代書戲招李六拾遺崔二十六先輩,806,0.720215,行旅,不作歸糧作酒資
line,8764,0432,祗役駱口驛喜蕭侍御書至兼覩新詩吟諷通宵因寄八韻,806,0.719238,警備,吏役正營營
line,8791,0433,酬李少府曹長官舍見贈,806,0.718750,文字誤,往往簿書暇
line,4734,0201,酬楊九弘貞長安病中見寄,806,0.718262,乞師,相去一宿程
line,4686,0199,寄李十一,806,0.717773,鏡,衣翻冠或傾
line,4700,0199,寄李十一,806,0.717773,蟬,及此新蟬鳴
line,11392,0593,長恨歌,806,0.716797,母子,到此躊躇不能去
line,4749,0201,酬楊九弘貞長安病中見寄,806,0.714844,人餓,何以慰飢渴
line,30478,2555,病中詩十五首枕上作,806,0.714844,裘,膝冷重裝桂布裘
line,4471,0185,官舍小亭閑望,807,0.860352,性情,人心各自是
line,12248,0644,酬趙秀才贈新登科諸先輩,807,0.840332,道士,君看名在丹臺者
line,8219,0394,寄江南兄弟,807,0.807617,樓,登樓東南望
line,241,0006,觀刈麥,807,0.751465,父子,抱子在其傍
line,12258,0647,春送盧秀才下第遊太原謁嚴尚書,807,0.743652,朋友,未將時會合
line,250,0006,觀刈麥,807,0.740234,俸禄,吏祿三百石
line,244,0006,觀刈麥,807,0.738770,言語,聽其相顧言
line,347,0012,京兆府新栽蓮,807,0.737305,煎和,顔色不得鮮
line,4463,0185,官舍小亭閑望,807,0.736328,絺綌,葛衣禦時暑
line,8304,0401,别元九後詠所懷,807,0.726562,父子,但問同不同
line,12247,0644,酬趙秀才贈新登科諸先輩,807,0.723633,仙,道成羽翼自生身
line,351,0012,京兆府新栽蓮,807,0.723145,怨棄,不如遭棄捐
line,8299,0401,别元九後詠所懷,807,0.718750,離别,况與故人别
line,4437,0182,病假中南亭閑望,807,0.717285,履舄,欹枕不視事
line,16723,1182,太平樂詞二首其一,807,0.717285,儉,歲豐仍節儉
line,8257,0396,寄題盩厔廳前雙松,807,0.716797,駱駝,閑來一惆悵
line,252,0006,觀刈麥,807,0.715332,舉讎,念此私自愧
line,8303,0401,别元九後詠所懷,807,0.715332,過禮,相知豈在多
line,4470,0185,官舍小亭閑望,807,0.714844,棄官,一卷陶潛詩
line,790,0032,贈内,808,0.930176,清亷,清白遺子孫
line,8918,0444,朱陳村,808,0.831543,葬,死者不遠葬
line,8930,0444,朱陳村,808,0.813477,獄囚,以此自桎梏
line,12777,0742,答馬侍御見贈,808,0.808105,怨棄,嵇康莫寄絶交書
line,8944,0444,朱陳村,808,0.794922,人餓,晝行有飢色
line,12815,0746,答劉戒之早秋别墅見寄,808,0.793945,鳥,避地鳥擇木
line,4525,0191,夏日獨直寄蕭侍御,808,0.791016,御史大夫,憲臺文法地
line,4543,0191,夏日獨直寄蕭侍御,808,0.789062,朋友,但對松與竹
line,766,0032,贈内,808,0.788574,葬,死爲同穴塵
line,8910,0444,朱陳村,808,0.780762,婚姻,世世爲婚姻
line,1077,0044,鄧魴張徹落第,808,0.765137,箏,走馬聽秦箏
line,4504,0188,松齋自題,808,0.760254,智,非智亦非愚
line,8951,0444,朱陳村,808,0.757812,父子,各有平生親
line,4531,0191,夏日獨直寄蕭侍御,808,0.752930,心,是以方寸内
line,772,0032,贈内,808,0.752441,夫婦,妻敬儼如賓
line,785,0032,贈内,808,0.748535,菜,蔬食足充飢
line,378,0014,初授拾遺,808,0.748047,郎官,當時非不遇
line,4487,0188,松齋自題,808,0.748047,相,非賤亦非貴
line,4547,0191,夏日獨直寄蕭侍御,808,0.748047,勇,此意非夫子
line,8925,0444,朱陳村,808,0.743652,父子,少小孤且貧
line,8913,0444,朱陳村,808,0.741699,爭長,少長游有羣
line,391,0014,初授拾遺,808,0.739258,羞恥,對之終自愧
line,4496,0188,松齋自題,808,0.739258,琴,琴聊以自娛
line,8321,0403,早秋曲江感懷,808,0.738281,秋,去歲此悲秋
line,8912,0444,朱陳村,808,0.737793,宗族,親疏居有族
line,8935,0444,朱陳村,808,0.733887,諫議,三十爲諫臣
line,4548,0191,夏日獨直寄蕭侍御,808,0.733398,射,餘人多不知
line,8947,0444,朱陳村,808,0.732422,貴,來往若浮雲
line,8312,0403,早秋曲江感懷,808,0.729492,方術,嫋嫋凉風起
line,4532,0191,夏日獨直寄蕭侍御,808,0.726562,相思,忽忽暗相思
line,787,0032,贈内,808,0.725586,裘,繒絮足禦寒
line,8945,0444,朱陳村,808,0.725098,寢,夜寢無安魂
line,4506,0189,冬夜與錢員外同直禁中,808,0.724609,霜,霜月淒凛凛
line,4527,0191,夏日獨直寄蕭侍御,808,0.724609,鶴,鷹猜課野鶴
line,12821,0747,凉夜有懷,808,0.723145,鷰,風簾夜凉入
line,784,0032,贈内,808,0.722656,食,不過飽與温
line,4497,0188,松齋自題,808,0.722168,禁門,夜直入君門
line,8923,0444,朱陳村,808,0.721680,祖孫,往往見玄孫
line,8917,0444,朱陳村,808,0.720215,宅,嫁娶先近隣
line,782,0032,贈内,808,0.719238,相,不能忘其身
line,8934,0444,朱陳村,808,0.719238,舉選,二十舉秀才
line,786,0032,贈内,808,0.718750,食,何必膏粱珍
line,783,0032,贈内,808,0.717773,桑,所須者衣食
line,8931,0444,朱陳村,808,0.715332,信,信爲大謬人
line,3361,0137,道州民,809,0.881348,賞賜,民到于今受其賜
line,11085,0581,醉後走筆酬劉五主簿長句之贈兼簡張大賈二十四先輩昆季,809,0.844727,鳥,三年不鳴鳴必大
line,3478,0141,驃國樂,809,0.818848,德,皆尊德廣之所及
line,2939,0123,七德舞,809,0.811035,父子,父子之情也
line,3078,0128,華原磬,809,0.810547,磬,古稱浮磬出泗濱
line,3271,0134,捕蝗,809,0.800293,蟲蝗,捕蝗捕蝗竟何利
line,3247,0133,司天臺,809,0.799316,僭,下陵上替謫見天
line,3088,0128,華原磬,809,0.797852,磬,華原磬與泗濱石
line,3268,0134,捕蝗,809,0.797852,蟲蝗,課人晝夜捕蝗蟲
line,2928,0123,七德舞,809,0.791992,哭,既寤流涕
line,3036,0126,海漫漫,809,0.789551,仙,人傳中有三神山
line,3259,0134,捕蝗,809,0.787109,蟲蝗,捕蝗捕蝗誰家子
line,3498,0141,驃國樂,809,0.780273,諫諍,不如聞此芻蕘言
line,3429,0139,五絃彈,809,0.779785,瑟,二十五絃不如五
line,61,0001,賀雨,809,0.772949,忠,臣以直爲忠
line,58,0001,賀雨,809,0.770508,拜揖,稽首再三拜
line,11116,0581,醉後走筆酬劉五主簿長句之贈兼簡張大賈二十四先輩昆季,809,0.767578,才稱職,短才獲用長才棄
line,3353,0137,道州民,809,0.766113,雜果,任土貢有不貢無
line,3,0001,賀雨,809,0.764648,旱,不雨旱爞爞
line,2922,0123,七德舞,809,0.764160,同姓㛰,人有鬻男女者
line,3240,0132,太行路,809,0.761230,君臣,近代君臣亦如此
line,12585,0707,同錢員外題絶糧僧巨川,809,0.761230,食,一食何如不食閑
line,11139,0581,醉後走筆酬劉五主簿長句之贈兼簡張大賈二十四先輩昆季,809,0.759277,本土,買臣衣錦還故鄉
line,3303,0135,昆明春水滿,809,0.758789,帝德,吾聞率土皆王民
line,3262,0134,捕蝗,809,0.757812,蟲蝗,和氣蠱蠧化爲蝗
line,5,0001,賀雨,809,0.757324,飢饉,懼歲成災凶
line,266,0007,題海圖屏風,809,0.756836,形貎,一鼇既頓頷
line,3038,0126,海漫漫,809,0.756348,仙,服之羽化爲天仙
line,3270,0134,捕蝗,809,0.753906,蟲蝗,蝗蟲之價與粟同
line,269,0007,題海圖屏風,809,0.753418,險固,呼吸繞咽喉
line,3086,0128,華原磬,809,0.752930,磬,磬襄入海去不歸
line,3269,0134,捕蝗,809,0.751953,量,是時粟斗錢三百
line,264,0007,題海圖屏風,809,0.751465,犧牲,屓贔牽不動
line,3256,0133,司天臺,809,0.751465,明天文,天文時變兩如斯
line,3116,0129,上陽白髮人,809,0.750488,貴,大家遥賜尚書號
line,3512,0142,縛戎人,809,0.749023,乞假,同伴行人因借問
line,2955,0123,七德舞,809,0.747559,推斷獄,令明年秋來就刑
line,3075,0128,華原磬,809,0.747070,知音,不分清濁即爲聾
line,3463,0140,蠻子朝,809,0.747070,君臣相信,大臣相看有羨色
line,3053,0127,立部伎,809,0.746094,堂,堂上者坐堂下立
line,2983,0124,法曲歌,809,0.742676,天,有貞觀之遺風
line,47,0001,賀雨,809,0.742188,食,歲易儉爲豐
line,2936,0123,七德舞,809,0.742188,庫藏,有司奏曰
line,3199,0131,新豐折臂翁,809,0.742188,功,自謂有不世之功
line,3221,0132,太行路,809,0.742188,太行山,太行之路能摧車
line,2937,0123,七德舞,809,0.741211,陰陽,陰陽所忌
line,3326,0136,城鹽州,809,0.741211,賔主,鄜州驛路好馬來
line,2924,0123,七德舞,809,0.739746,卿大夫士孝,還其父母
line,2918,0123,七德舞,809,0.737793,祭奠,致祭瘞埋之
line,2940,0123,七德舞,809,0.737305,性情,情發於中
line,3300,0135,昆明春水滿,809,0.737305,利,官家不得收其征
line,3101,0129,上陽白髮人,809,0.735352,見君,未容君王得見面
line,3064,0127,立部伎,809,0.734375,郊天,圓丘后土郊祀時
line,11050,0581,醉後走筆酬劉五主簿長句之贈兼簡張大賈二十四先輩昆季,809,0.734375,宅,窮巷貧居何所有
line,271,0007,題海圖屏風,809,0.733887,濤,鼓波怒陽侯
line,3033,0125,二王後,809,0.732422,慎,亡國子孫取爲戒
line,26,0001,賀雨,809,0.731445,肉刑,宥死降五刑
line,2931,0123,七德舞,809,0.731445,宰相,昔殷宗得良弼於夢中
line,3489,0141,驃國樂,809,0.730957,國政,觀身理國國可濟
line,8337,0404,寄元九,809,0.730957,原隰,秋意一蕭條
line,2980,0124,法曲歌,809,0.729980,德,積德重熙有餘慶
line,3433,0140,蠻子朝,809,0.729980,讓功,蜀將收功先表賀
line,3217,0131,新豐折臂翁,809,0.729492,寒,人不聊生
line,3212,0131,新豐折臂翁,809,0.729004,召募,募人讨之
line,3072,0128,華原磬,809,0.728516,度,今人古人何不同
line,3309,0135,昆明春水滿,809,0.728516,利,天涯地角無禁利
line,3401,0139,五絃彈,809,0.728516,鶴,夜鶴憶子籠中鳴
line,3517,0142,縛戎人,809,0.728516,裘,遣著皮裘繫毛帶
line,3347,0137,道州民,809,0.728027,雜果,號爲道州任土貢
line,8331,0404,寄元九,809,0.728027,詐稱官,今春除御史
line,3065,0127,立部伎,809,0.727539,鸞,言將此樂感神祇
line,3018,0124,法曲歌,809,0.726562,戎狄,不令夷夏相交侵
line,12601,0709,晚秋有懷鄭中舊隱,809,0.726074,報德,君恩未報何
line,2962,0123,七德舞,809,0.725586,醫,方可療之
line,3032,0125,二王後,809,0.725098,世祿,欲令嗣位守文君
line,3051,0126,海漫漫,809,0.725098,仙,不言白日昇青天
line,3254,0133,司天臺,809,0.725098,宮殿,明朝趨入明光殿
line,3260,0134,捕蝗,809,0.725098,人餓,天熱日長飢欲死
line,3510,0142,縛戎人,809,0.725098,虜掠,其中一虜語諸虜
line,3530,0142,縛戎人,809,0.725098,死,更恐年衰歸不得
line,3244,0133,司天臺,809,0.723633,曠官,羲和死來職事廢
line,3276,0134,捕蝗,809,0.723633,蟲蝗,以政驅蝗蝗出境
line,6,0001,賀雨,809,0.723145,帝德,遂下罪己詔
line,60,0001,賀雨,809,0.723145,日,君以明爲聖
line,11118,0581,醉後走筆酬劉五主簿長句之贈兼簡張大賈二十四先輩昆季,809,0.722656,君臣,謬上丹墀爲近臣
line,11121,0581,醉後走筆酬劉五主簿長句之贈兼簡張大賈二十四先輩昆季,809,0.722656,棄賢,惆悵知賢不能薦
line,11,0001,賀雨,809,0.722168,勤,夙夜心忡忡
line,3274,0134,捕蝗,809,0.721680,由人興,豈將人力競天災
line,8342,0404,寄元九,809,0.721680,畋獵,韛鷹與籠鶴
line,24,0001,賀雨,809,0.719727,奉使,乃命罷進獻
line,51,0001,賀雨,809,0.719727,鬼神,所感無不通
line,3243,0133,司天臺,809,0.719727,明天文,仰觀俯察天人際
line,3348,0137,道州民,809,0.719727,離别,不聞使人生别離
line,3387,0138,馴犀,809,0.719727,寒,恐身凍死似馴犀
line,3229,0132,太行路,809,0.717285,離,古稱色衰相棄背
line,262,0007,題海圖屏風,809,0.716797,駱駝,或者不量力
line,3028,0125,二王後,809,0.716797,威儀,引居賓位備威儀
line,3257,0133,司天臺,809,0.716797,門戶,九重天子不得知
line,3389,0138,馴犀,809,0.716797,改制灋令,建中元年
line,3154,0131,新豐折臂翁,809,0.716309,三公,左臂憑肩右臂折
line,3239,0132,太行路,809,0.716309,離,不獨人間夫與妻
line,11140,0581,醉後走筆酬劉五主簿長句之贈兼簡張大賈二十四先輩昆季,809,0.716309,老,五十身榮未爲晚
line,2938,0123,七德舞,809,0.715820,寛刑,君臣義重
line,8323,0404,寄元九,809,0.715820,相,身爲近密拘
line,2996,0124,法曲歌,809,0.715332,由人興,能知興衰
line,3233,0132,太行路,809,0.714844,衣服,爲君薰衣裳
line,42,0001,賀雨,809,0.714355,雨,晝夜三日雨
line,3020,0125,二王後,809,0.713867,家道,周武隋文之子孫
line,3403,0139,五絃彈,809,0.713867,水,隴水凍咽流不得
line,3425,0139,五絃彈,809,0.713867,樂,聽之不覺心平和
line,3006,0124,法曲歌,809,0.713379,律歷,故歷朝行焉
line,3552,0142,縛戎人,809,0.713379,冤獄,自古此冤應未有
line,2594,0107,和答詩十首答箭鏃,810,0.894531,竊盜,盜心憎主人
line,8530,0418,初與元九别後忽夢見之及寤而書適至兼寄桐花詩悵然感懷因以此寄,810,0.891113,晨夜,顛倒著衣裳
line,11887,0604,代書詩一百韻寄微之,810,0.844727,言語,舌在有張儀
line,4604,0195,初除户曹喜而言志,810,0.841797,祿養,祿養及吾親
line,560,0023,贈樊著作,810,0.840820,直,以直立其身
line,8481,0415,酬張太祝晚秋卧病見寄,810,0.837402,錦,一章錦繡段
line,2318,0102,和答詩十首答桐花,810,0.834961,犧牲,雄雞自斷尾
line,13198,0800,和夢遊春詩一百韻,810,0.834473,女婿,遂坦東牀腹
line,4615,0195,初除户曹喜而言志,810,0.831543,贈貺,不以我爲貪
line,2412,0103,和答詩十首和大觜烏,810,0.830078,鸚鵡,亦有能言鸚
line,2265,0101,和答詩十首和陽城驛,810,0.828613,悔恨,往者不可追
line,2233,0101,和答詩十首和陽城驛,810,0.826172,諱,户曹改爲辭
line,2226,0101,和答詩十首和陽城驛,810,0.815918,惡,疾惡若巷伯
line,11716,0604,代書詩一百韻寄微之,810,0.814453,儒教,雅有儒風
line,2543,0105,和答詩十首和雉媒,810,0.813965,鳥,養鳥養青鸞
line,12952,0769,憶元九,810,0.805664,相思,相思遠不知
line,716,0030,高僕射,810,0.802734,禮,著在禮經内
line,2499,0104,和答詩十首答四皓廟,810,0.802734,怨棄,功成棄如遺
line,11876,0604,代書詩一百韻寄微之,810,0.802734,魚,鰥魚失水鬐
line,2211,0100,和答詩十首和思歸樂,810,0.801758,貴,寧爲寵辱驚
line,2587,0107,和答詩十首答箭鏃,810,0.799805,螢,晝伏夜潛行
line,11718,0604,代書詩一百韻寄微之,810,0.798828,賞賜,有可賞者
line,128,0003,孔戡,810,0.795410,賢,賢者爲生民
line,2283,0101,和答詩十首和陽城驛,810,0.795410,諂佞,不忍縱詭隨
line,2377,0103,和答詩十首和大觜烏,810,0.794434,恭敬,遥見起敬恭
line,8447,0413,勸酒寄元九,810,0.794434,視,舉目非不見
line,718,0030,高僕射,810,0.792480,辭官,知止則不殆
line,4660,0197,禁中曉卧因懷王起居,810,0.792480,相思,思與故人言
line,554,0023,贈樊著作,810,0.791504,官班,以正事其君
line,561,0023,贈樊著作,810,0.791504,石,其心如肺石
line,2586,0107,和答詩十首答箭鏃,810,0.791016,竊盜,聞有狗盜者
line,117,0003,孔戡,810,0.789551,言語,有事戡必言
line,555,0023,贈樊著作,810,0.788086,手,其手如屈軼
line,11782,0604,代書詩一百韻寄微之,810,0.788086,舉薦,攜以就試
line,2206,0100,和答詩十首和思歸樂,810,0.786621,米麴,太倉一稊米
line,2194,0100,和答詩十首和思歸樂,810,0.785156,拜揖,再拜辭闕下
line,2229,0101,和答詩十首和陽城驛,810,0.782227,衣服,意者欲改爲
line,13159,0800,和夢遊春詩一百韻,810,0.781738,仙,縹緲雲雨仙
line,1630,0075,秦中吟十首議婚,810,0.780762,婚姻,主人會良媒
line,13176,0800,和夢遊春詩一百韻,810,0.779297,美婦人,穠華如可掬
line,2461,0104,和答詩十首答四皓廟,810,0.777832,雁,去入冥冥飛
line,2592,0107,和答詩十首答箭鏃,810,0.777344,鸜鵒,狺狺嗥不已
line,107,0003,孔戡,810,0.776855,哭,聞之涕泫然
line,2558,0106,和答詩十首和松樹,810,0.776367,露,八月白露降
line,2469,0104,和答詩十首答四皓廟,810,0.775391,養生,晝夜形神疲
line,2312,0102,和答詩十首答桐花,810,0.774902,諫諍,誠是君子心
line,13133,0800,和夢遊春詩一百韻,810,0.771973,行旅,微之﹑微之
line,11786,0604,代書詩一百韻寄微之,810,0.771484,魚,堅守釣魚坻
line,13108,0800,和夢遊春詩一百韻,810,0.770996,言語,三復其旨
line,11861,0604,代書詩一百韻寄微之,810,0.770020,刺史,淚墮峴亭碑
line,2287,0101,和答詩十首和陽城驛,810,0.769043,孝行,欲令後世知
line,11816,0604,代書詩一百韻寄微之,810,0.768555,考課,官班分内外
line,11841,0604,代書詩一百韻寄微之,810,0.768555,行,言與行兼危
line,2165,0100,和答詩十首和思歸樂,810,0.767578,館驛,亦宿此郵亭
line,2289,0101,和答詩十首和陽城驛,810,0.767578,言語,不用費文辭
line,2548,0105,和答詩十首和雉媒,810,0.766113,館驛,主人賓客去
line,2533,0105,和答詩十首和雉媒,810,0.763672,烈婦,高於磨笄山
line,2513,0104,和答詩十首答四皓廟,810,0.763184,天,無眹不可窺
line,13154,0800,和夢遊春詩一百韻,810,0.763184,履舄,始辨珠履躅
line,2526,0105,和答詩十首和雉媒,810,0.762695,朋友,張陳刎頸交
line,715,0030,高僕射,810,0.758301,致仕,所以致仕年
line,2574,0106,和答詩十首和松樹,810,0.758301,死,不然終天年
line,1615,0075,秦中吟十首議婚,810,0.757324,貧,貧富則有殊
line,2279,0101,和答詩十首和陽城驛,810,0.757324,妖訛,去邪勿復疑
line,2641,0108,和答詩十首和古社,810,0.757324,火,天火有時來
line,2277,0101,和答詩十首和陽城驛,810,0.756348,宰相,政柄端正持
line,2402,0103,和答詩十首和大觜烏,810,0.755371,烏,雖生八九子
line,11787,0604,代書詩一百韻寄微之,810,0.755371,柰,謂自冬至夏
line,11927,0604,代書詩一百韻寄微之,810,0.755371,講論,何人共解頤
line,13251,0800,和夢遊春詩一百韻,810,0.755371,敘官,端詳筮仕蓍
line,2223,0101,和答詩十首和陽城驛,810,0.754395,同姓㛰,名姓同於斯
line,2391,0103,和答詩十首和大觜烏,810,0.753418,姑,婦姑亦相從
line,13200,0800,和夢遊春詩一百韻,810,0.753418,婚姻,潘楊意方睦
line,1628,0075,秦中吟十首議婚,810,0.752930,徵聘,幾迴人欲聘
line,553,0023,贈樊著作,810,0.752441,諫議,陽城爲諫議
line,1614,0075,秦中吟十首議婚,810,0.752441,淫亂,顔色非相遠
line,2403,0103,和答詩十首和大觜烏,810,0.752441,溪,誰辨其雌雄
line,2365,0103,和答詩十首和大觜烏,810,0.751953,名字,名同性不同
line,2481,0104,和答詩十首答四皓廟,810,0.751953,心,心計將何爲
line,11709,0604,代書詩一百韻寄微之,810,0.751953,吏部郎,性迂嗜酒
line,8430,0413,勸酒寄元九,810,0.750000,丹藥,山中煉丹砂
line,2267,0101,和答詩十首和陽城驛,810,0.749512,牛,來者亦可思
line,11849,0604,代書詩一百韻寄微之,810,0.749512,屋室,一柱力難支
line,2319,0102,和答詩十首答桐花,810,0.749023,犧牲,不願爲犧牲
line,13269,0800,和夢遊春詩一百韻,810,0.748535,碑銘,捫心無愧畏
line,557,0023,贈樊著作,810,0.748047,冨,卒使不仁者
line,588,0023,贈樊著作,810,0.747559,文字誤,以備史闕文
line,2182,0100,和答詩十首和思歸樂,810,0.747559,志節,心中志氣大
line,2541,0105,和答詩十首和雉媒,810,0.747070,食,不足以自全
line,13101,0800,和夢遊春詩一百韻,810,0.746582,諫諍,且題其序曰
line,2583,0107,和答詩十首答箭鏃,810,0.746094,鸚鵡,羽之赤雁翎
line,2316,0102,和答詩十首答桐花,810,0.745605,龜,老龜被刳腸
line,2656,0109,和答詩十首和分水嶺,810,0.745605,哭,唯作嗚咽聲
line,11692,0604,代書詩一百韻寄微之,810,0.745605,諫諍,言通藥石規
line,11713,0604,代書詩一百韻寄微之,810,0.745117,儒教,儒風愛敦質
line,11830,0604,代書詩一百韻寄微之,810,0.745117,美婦人,南國人無怨
line,13105,0800,和夢遊春詩一百韻,810,0.745117,知音,樂天知吾也
line,13212,0800,和夢遊春詩一百韻,810,0.744629,酒,朝歡俄枕麴
line,11801,0604,代書詩一百韻寄微之,810,0.744141,舉選,謂制舉人欲唱第之時也
line,11874,0604,代書詩一百韻寄微之,810,0.744141,粟,紅粟備晨炊
line,2221,0101,和答詩十首和陽城驛,810,0.743652,哭,良久涕欲垂
line,2582,0107,和答詩十首答箭鏃,810,0.743652,竹,插以青竹簳
line,11779,0604,代書詩一百韻寄微之,810,0.743652,以少擊衆,其數至百十
line,558,0023,贈樊著作,810,0.743164,宰相,不得秉國鈞
line,577,0023,贈樊著作,810,0.743164,舉按,賢者不爲名
line,2463,0104,和答詩十首答四皓廟,810,0.743164,手,燋爛者酈其
line,8398,0410,金鑾子晬日,810,0.743164,和戎,則有婚嫁牽
line,2366,0103,和答詩十首和大觜烏,810,0.742676,父子,觜小者慈孝
line,13283,0800,和夢遊春詩一百韻,810,0.742676,判司,竟日坐官曹
line,2635,0108,和答詩十首和古社,810,0.742188,旱,不必常爲災
line,12843,0751,贈别宣上人,810,0.742188,僧,上人處世界
line,13111,0800,和夢遊春詩一百韻,810,0.742188,悔恨,若悔於此
line,2195,0100,和答詩十首和思歸樂,810,0.741699,拜揖,長揖别公卿
line,11694,0604,代書詩一百韻寄微之,810,0.741699,直,友直每偲偲
line,8375,0408,别舍弟後月夜,810,0.741211,嫂叔,及此暫爲别
line,8397,0410,金鑾子晬日,810,0.741211,諫諍,若無夭折患
line,13102,0800,和夢遊春詩一百韻,810,0.740723,言語,“斯言也
line,12638,0717,重題西明寺牡丹,810,0.739258,離别,只愁離别長如此
line,2339,0102,和答詩十首答桐花,810,0.738770,淫樂,鄭衛不足聽
line,556,0023,贈樊著作,810,0.738281,諂佞,舉必指佞臣
line,2524,0105,和答詩十首和雉媒,810,0.738281,鳥,豈唯鳥有之
line,11719,0604,代書詩一百韻寄微之,810,0.737305,隠逸,度日曾無悶
line,2278,0101,和答詩十首和陽城驛,810,0.736816,冠弁冕,進賢不知倦
line,113,0003,孔戡,810,0.736328,居喪過哀,人人以爲難
line,1611,0075,秦中吟十首議婚,810,0.736328,淫樂,悦耳即爲娛
line,8357,0406,早梳頭,810,0.736328,恭敬,颯然握中髮
line,2247,0101,和答詩十首和陽城驛,810,0.735840,爭長,少長皆孝慈
line,11798,0604,代書詩一百韻寄微之,810,0.735840,筆硯,並謂同鋪席﹑共筆硯
line,13305,0800,和夢遊春詩一百韻,810,0.735840,父母疾,欲除憂惱病
line,2205,0100,和答詩十首和思歸樂,810,0.735352,造化,天地暫寓形
line,8439,0413,勸酒寄元九,810,0.735352,杯,三杯即酩酊
line,13248,0800,和夢遊春詩一百韻,810,0.734863,車,驅車辭郟鄏
line,11845,0604,代書詩一百韻寄微之,810,0.734375,君臣相信,已被倖臣疑
line,13244,0800,和夢遊春詩一百韻,810,0.734375,家道,家人泣咿噢
line,640,0026,登樂遊園望,810,0.733398,視,不見心所親
line,2562,0106,和答詩十首和松樹,810,0.733398,諫諍,彼如君子心
line,2571,0106,和答詩十首和松樹,810,0.733398,死哭,伐之爲棟梁
line,127,0003,孔戡,810,0.732910,直,直氣歸其間
line,1632,0075,秦中吟十首議婚,810,0.732910,造酒,四座且勿飲
line,2378,0103,和答詩十首和大觜烏,810,0.732910,鶴,千歲乃一出
line,2444,0104,和答詩十首答四皓廟,810,0.732910,祥瑞,天下有道見
line,2537,0105,和答詩十首和雉媒,810,0.731445,性情,性已隨人遷
line,109,0003,孔戡,810,0.730957,義,非義不可干
line,520,0021,宿紫閣山北村,810,0.730957,弔,主人惜不得
line,2232,0101,和答詩十首和陽城驛,810,0.730957,務德勝,荆人愛羊祜
line,2633,0108,和答詩十首和古社,810,0.730957,塉田,新田闢荒萊
line,1616,0075,秦中吟十首議婚,810,0.730469,貧,貧爲時所棄
line,2591,0107,和答詩十首答箭鏃,810,0.730469,狗,百犬同吠聲
line,2631,0108,和答詩十首和古社,810,0.730469,宅,清曠無氛埃
line,2282,0101,和答詩十首和陽城驛,810,0.729980,諫議,諫官聞此章
line,2532,0105,和答詩十首和雉媒,810,0.729980,孝,至今不善名
line,8444,0413,勸酒寄元九,810,0.729980,舟,平生有風波
line,2166,0100,和答詩十首和思歸樂,810,0.729492,鳥,因聽思歸鳥
line,11931,0604,代書詩一百韻寄微之,810,0.729492,人餓,加餐亦似飢
line,664,0027,酬元九對新栽竹有懷見寄,810,0.729004,褊急,對之心惻惻
line,1637,0075,秦中吟十首議婚,810,0.729004,舅姑,嫁晚孝於姑
line,13114,0800,和夢遊春詩一百韻,810,0.729004,舉選,則宜歸於真也
line,2535,0105,和答詩十首和雉媒,810,0.728516,雉,志在飲啄間
line,2662,0109,和答詩十首和分水嶺,810,0.728516,姊妹,有似骨肉親
line,13107,0800,和夢遊春詩一百韻,810,0.728516,戲謔,”予辱斯言
line,2273,0101,和答詩十首和陽城驛,810,0.728027,教化,教化如法施
line,2564,0106,和答詩十首和松樹,810,0.728027,心,此如小人面
line,5248,0226,自題寫真,810,0.728027,塵,難與世同塵
line,112,0003,孔戡,810,0.727539,勤官,從事得如此
line,8487,0416,立秋日曲江憶元九,810,0.727539,鶴,故人千萬里
line,13129,0800,和夢遊春詩一百韻,810,0.727539,改過,周知其非
line,2517,0104,和答詩十首答四皓廟,810,0.727051,勇,夫子猶或非
line,8442,0413,勸酒寄元九,810,0.727051,天,吾孰知其他
line,2664,0109,和答詩十首和分水嶺,810,0.726562,賔主,又似勢利交
line,11905,0604,代書詩一百韻寄微之,810,0.726562,離别,驚時爲别離
line,13317,0800,和夢遊春詩一百韻,810,0.726562,箏,合者離之始
line,122,0003,孔戡,810,0.726074,爭長,竟不得一日
line,2275,0101,和答詩十首和陽城驛,810,0.726074,諂佞,佞臣惡如疵
line,2410,0103,和答詩十首和大觜烏,810,0.726074,譎政,但食烏殘肉
line,2521,0105,和答詩十首和雉媒,810,0.726074,笑,一哂復一歎
line,4649,0196,秋居書懷,810,0.725586,飯飱,終朝飽飯飡
line,11685,0604,代書詩一百韻寄微之,810,0.725586,儒術,俱授秘書省校書郎
line,729,0030,高僕射,810,0.725098,老,我年雖未老
line,2143,0100,和答詩十首和思歸樂,810,0.725098,哭,行人掩泣聽
line,2253,0101,和答詩十首和陽城驛,810,0.725098,諫議,謇謇居諫司
line,4643,0196,秋居書懷,810,0.725098,宅,丈室可容身
line,129,0003,孔戡,810,0.724609,死,生死懸在天
line,714,0030,高僕射,810,0.724609,冨,聖人去其泰
line,8423,0413,勸酒寄元九,810,0.724609,死,薤葉有朝露
line,11906,0604,代書詩一百韻寄微之,810,0.724609,素,素書三往復
line,2328,0102,和答詩十首答桐花,810,0.724121,桂,上對月中桂
line,4625,0195,初除户曹喜而言志,810,0.724121,老,人生百歲期
line,11805,0604,代書詩一百韻寄微之,810,0.724121,舉選,還從好爵縻
line,11837,0604,代書詩一百韻寄微之,810,0.724121,北邙山,切諫甚辛毗
line,12677,0725,詠懷,810,0.723633,戲謔,眼看變作白頭翁
line,2427,0103,和答詩十首和大觜烏,810,0.723145,食,飢腸不自充
line,2426,0103,和答詩十首和大觜烏,810,0.722656,母子,得食將哺母
line,2604,0107,和答詩十首答箭鏃,810,0.722656,仁,不然學仁貴
line,2161,0100,和答詩十首和思歸樂,810,0.722168,水,隴水復何情
line,2249,0101,和答詩十首和陽城驛,810,0.722168,勤勞,終日對酒巵
line,2628,0108,和答詩十首和古社,810,0.722168,井,飛電化爲火
line,11818,0604,代書詩一百韻寄微之,810,0.722168,賔主,每列鵷鸞序
line,11827,0604,代書詩一百韻寄微之,810,0.722168,忠,輸忠在滅私
line,2220,0101,和答詩十首和陽城驛,810,0.721680,館驛,忽見此驛名
line,2231,0101,和答詩十首和陽城驛,810,0.721680,大理卿,大署於門楣
line,2618,0108,和答詩十首和古社,810,0.721680,行人,黄昏行人過
line,4629,0195,初除户曹喜而言志,810,0.721680,農,唯有衣與食
line,2262,0101,和答詩十首和陽城驛,810,0.721191,行,凡是爲善者
line,4626,0195,初除户曹喜而言志,810,0.721191,老,七十有幾人
line,8359,0406,早梳頭,810,0.721191,老,年事漸蹉跎
line,11683,0604,代書詩一百韻寄微之,810,0.721191,言語,心事一言知
line,11852,0604,代書詩一百韻寄微之,810,0.721191,錦,憂來吟貝錦
line,2268,0101,和答詩十首和陽城驛,810,0.720703,文行,願以君子文
line,2435,0103,和答詩十首和大觜烏,810,0.720703,藥,一丸已中胸
line,2630,0108,和答詩十首和古社,810,0.720215,父子,天明至其所
line,2290,0101,和答詩十首和陽城驛,810,0.719727,起居,但於國史上
line,2164,0100,和答詩十首和思歸樂,810,0.718750,御史,請看元侍御
line,2617,0108,和答詩十首和古社,810,0.718750,社,社樹成樓臺
line,559,0023,贈樊著作,810,0.718262,詐稱官,元稹爲御史
line,632,0026,登樂遊園望,810,0.718262,銘功,宮闕入煙雲
line,2383,0103,和答詩十首和大觜烏,810,0.717773,由人興,能爲人吉凶
line,2387,0103,和答詩十首和大觜烏,810,0.717773,冨,下可宜田農
line,4609,0195,初除户曹喜而言志,810,0.717773,俸禄,俸錢四五萬
line,5249,0226,自題寫真,810,0.717773,相,不惟非貴相
line,663,0027,酬元九對新栽竹有懷見寄,810,0.717285,贈貺,吟我贈君詩
line,726,0030,高僕射,810,0.717285,郎官,白首千百輩
line,13134,0800,和夢遊春詩一百韻,810,0.717285,文教,予斯文也
line,13281,0800,和夢遊春詩一百韻,810,0.717285,申牒文書,簿書常自領
line,2456,0104,和答詩十首答四皓廟,810,0.716797,獄囚,君看秦獄中
line,2479,0104,和答詩十首答四皓廟,810,0.716797,言語,口舌無所施
line,2485,0104,和答詩十首答四皓廟,810,0.716797,賔主,顧眄入東闈
line,4620,0195,初除户曹喜而言志,810,0.716797,貧,不復憂空罇
line,4646,0196,秋居書懷,810,0.716797,祖孫,坐受官家祿
line,11873,0604,代書詩一百韻寄微之,810,0.716797,酒,白醪充夜酌
line,2317,0102,和答詩十首答桐花,810,0.716309,鬼神,不如無神靈
line,2392,0103,和答詩十首和大觜烏,810,0.716309,食饮,殺雞薦其肉
line,2415,0103,和答詩十首和大觜烏,810,0.716309,獄囚,囚閉在深籠
line,2176,0100,和答詩十首和思歸樂,810,0.715820,忠,所以事君日
line,2259,0101,和答詩十首和陽城驛,810,0.715820,死,身不得生歸
line,2300,0102,和答詩十首答桐花,810,0.715820,商賈,行者多商賈
line,8425,0413,勸酒寄元九,810,0.715820,竹,君今亦如此
line,585,0023,贈樊著作,810,0.714844,勤學,何不自著書
line,2227,0101,和答詩十首和陽城驛,810,0.714844,衣服,好賢如緇衣
line,2534,0105,和答詩十首和雉媒,810,0.714844,雉,况此籠中雉
line,8354,0405,春暮寄元九,810,0.714844,除服,此意未全除
line,13338,0800,和夢遊春詩一百韻,810,0.714844,言語,故申言以卒其志也
line,5292,0229,隱几,810,0.714355,命運,兀然無所知
line,2649,0109,和答詩十首和分水嶺,810,0.713867,晨夜,晝夜兩如此
line,11770,0604,代書詩一百韻寄微之,810,0.713867,土宜,天成萬物宜
line,11839,0604,代書詩一百韻寄微之,810,0.713867,志節,平生志在兹
line,13177,0800,和夢遊春詩一百韻,810,0.713867,席,半卷錦頭席
line,13262,0800,和夢遊春詩一百韻,810,0.713867,御史,豸角當邪觸
line,568,0023,贈樊著作,810,0.713379,怨棄,棄絶不爲親
line,8348,0405,春暮寄元九,810,0.713379,祀山川,不嗟年歲徂
line,13261,0800,和夢遊春詩一百韻,810,0.713379,清亷,鷹韝中病下
line,5325,0231,閑居,811,0.810547,儉,心足即爲富
line,5381,0235,首夏病間,811,0.804199,誅罰,自省於其間
line,5280,0228,渭上偶釣,811,0.802734,老,七十得文王
line,5278,0228,渭上偶釣,811,0.788574,魚,亦釣此渭陽
line,5286,0228,渭上偶釣,811,0.783691,獻㨗,歸來飲我觴
line,687,0029,春雪,811,0.781250,寒食,月晦寒食天
line,1013,0040,慈烏夜啼,811,0.772949,不孝,母殁喪不臨
line,706,0029,春雪,811,0.766113,《春秋》,魯史有其説
line,8827,0436,北園,811,0.764160,阪,所思眇千里
line,5382,0235,首夏病間,811,0.762695,父母疾,非憂即有疾
line,1012,0040,慈烏夜啼,811,0.760742,奔喪,昔有吳起者
line,5272,0228,渭上偶釣,811,0.760254,魚,懸釣至其傍
line,701,0029,春雪,811,0.757324,威名,上天有時令
line,710,0029,春雪,811,0.756836,水,下以防災孽
line,1001,0040,慈烏夜啼,811,0.756836,笑,啞啞吐哀音
line,5388,0235,首夏病間,811,0.756836,夏,清和好時節
line,8831,0437,惜栯李花,811,0.754395,短小人,高低二三尺
line,5318,0231,閑居,811,0.751953,食,飢食有餘味
line,9047,0450,歎老三首其一,811,0.748535,鶴,千齡與龜鶴
line,5274,0228,渭上偶釣,811,0.747559,戈殳矛戟,嫋嫋十尺長
line,5270,0228,渭上偶釣,811,0.747070,書信,中有鯉與魴
line,9090,0453,送兄弟迴雪夜,811,0.747070,灰,灰死如我心
line,9009,0448,夜雨,811,0.746094,婚姻,結在深深膓
line,8605,0421,白髮,811,0.745605,威儀,家人不慣見
line,9025,0449,秋霽,811,0.745605,綾,惻愴收團扇
line,9440,0480,自覺二首其一,811,0.745605,老,四十未爲老
line,9454,0480,自覺二首其一,811,0.743164,貧,不畏復不憂
line,5262,0227,遣懷,811,0.742676,悔恨,失之又悲悔
line,8826,0436,北園,811,0.742188,杯,欲酌復遲迴
line,8621,0421,白髮,811,0.741211,死,由來生老死
line,12968,0772,病中哭金鑾子,811,0.741211,父子,無兒豈免憐
line,9043,0450,歎老三首其一,811,0.739258,老,今朝老於昨
line,5279,0228,渭上偶釣,811,0.738770,魚,釣人不釣魚
line,5390,0235,首夏病間,811,0.736328,熱,不寒復不熱
line,8618,0421,白髮,811,0.734375,離别,在者仍别離
line,8619,0421,白髮,811,0.732422,僧,身心久如此
line,5264,0227,遣懷,811,0.731934,葬,得喪俱爲害
line,8821,0436,北園,811,0.731445,園圃,北園東風起
line,8587,0420,重到渭上舊居,811,0.727539,故舊,試問舊老人
line,9044,0450,歎老三首其一,811,0.726562,曠官,人年少滿百
line,9048,0450,歎老三首其一,811,0.726074,醫,吾聞善醫者
line,5281,0228,渭上偶釣,811,0.725098,渭,况我垂釣意
line,8600,0420,重到渭上舊居,811,0.724121,衡山,三峰色如故
line,1010,0040,慈烏夜啼,811,0.719238,縗服,應是母慈重
line,5317,0231,閑居,811,0.719238,粥,空腹一盞粥
line,9453,0480,自覺二首其一,811,0.717773,父母疾,憂病病彌縛
line,5277,0228,渭上偶釣,811,0.716797,戲謔,昔有白頭人
line,9006,0448,夜雨,811,0.714844,相思,我有所念人
line,5263,0227,遣懷,811,0.713867,僭,乃知名與器
line,8991,0446,寄元九,812,0.818359,美婦人,顦顇謫南國
line,5579,0246,寄同病者,812,0.809570,恤老,或有終老者
line,5645,0250,觀稼,812,0.795410,馬,筋力苦疲勞
line,5464,0240,答卜者,812,0.783203,相,問我决疑不
line,9297,0467,對酒,812,0.781738,齊物,知得不知失
line,9406,0476,沐浴,812,0.780273,衣服,衣寬有賸帶
line,5567,0245,九日登西原宴望,812,0.776855,諫諍,指此各相勉
line,8982,0446,寄元九,812,0.773926,雞,晨雞纔發聲
line,9321,0469,諭懷,812,0.770020,未能為政,止遏不能得
line,5350,0233,適意二首其一,812,0.764160,舟,泛如不繫舟
line,5471,0241,歸田三首其一,812,0.762207,圖籙,神仙須有籍
line,8999,0446,寄元九,812,0.762207,食,我亦加飡食
line,5450,0239,聞庾七左降因詠所懷,812,0.761719,道路,或落泥塗中
line,5472,0241,歸田三首其一,812,0.760742,貴,富貴亦在天
line,5407,0236,晚春沽酒,812,0.758789,馬,賣我所乘馬
line,5649,0250,觀稼,812,0.757812,廢墯,飽食無所勞
line,9243,0464,城上對月期友人不至,812,0.755859,正月十五日,勸令秉燭遊
line,8627,0422,秋日,812,0.754883,畋獵,嫋嫋秋風多
line,5545,0244,秋遊原上,812,0.753906,食,見此令人飽
line,9369,0473,村居卧病三首其一,812,0.752441,鵝,化作雛飛去
line,5550,0245,九日登西原宴望,812,0.751953,九月九日,今日重陽節
line,5561,0245,九日登西原宴望,812,0.750977,天,天地自久長
line,8984,0446,寄元九,812,0.750977,晨夜,晝夜往復來
line,5479,0241,歸田三首其一,812,0.749512,太行山,不如歸山下
line,5699,0253,自吟拙什因有所懷,812,0.749023,檄,蘇州及彭澤
line,5465,0240,答卜者,812,0.747559,卜筮,不卜非他故
line,8989,0446,寄元九,812,0.747070,老,俱爲老所逼
line,9367,0473,村居卧病三首其一,812,0.746094,珮,秋蘭已含露
line,9372,0473,村居卧病三首其一,812,0.745605,敘四時,四時未常歇
line,5345,0233,適意二首其一,812,0.738770,酒,有酒不暇飲
line,5665,0251,聞哭者,812,0.738281,鏡,從此明鏡中
line,5581,0246,寄同病者,812,0.737793,壯,或有始壯者
line,5628,0250,觀稼,812,0.737793,僧,身心常自若
line,9241,0463,以鏡贈别,812,0.736816,嫂叔,持此將爲别
line,1129,0047,納粟,812,0.735840,恐懼,内愧才不足
line,8983,0446,寄元九,812,0.735840,鳥,夕雀俄斂翼
line,5698,0253,自吟拙什因有所懷,812,0.732910,阪,吟罷有所思
line,9371,0473,村居卧病三首其一,812,0.728027,蟬,蛻爲蟬上樹
line,5406,0236,晚春沽酒,812,0.727539,眉,隨分開愁眉
line,5343,0233,適意二首其一,812,0.727051,諫議,三年作諫官
line,5536,0244,秋遊原上,812,0.727051,婚姻,設此相逢迎
line,5348,0233,適意二首其一,812,0.724609,公主,拘牽不自由
line,5405,0236,晚春沽酒,812,0.724609,賤,不如貧賤日
line,5691,0253,自吟拙什因有所懷,812,0.723633,筆硯,未能抛筆硯
line,9284,0467,對酒,812,0.723633,猿,何况百歲人
line,9402,0476,沐浴,812,0.723633,溪,今朝一澡濯
line,9411,0476,沐浴,812,0.722168,老,七十復何如
line,5428,0238,麴生訪宿,812,0.721680,陶瓦,叩門聲樀樀
line,9404,0476,沐浴,812,0.721191,發軍,老色頭鬢白
line,5421,0237,蘭若寓居,812,0.720215,行步,行止輒自由
line,9292,0467,對酒,812,0.720215,死,又有憂死者
line,5402,0236,晚春沽酒,812,0.719727,老,我老無少時
line,5434,0238,麴生訪宿,812,0.719727,貧,竹林依四壁
line,9118,0455,同友人尋澗花,812,0.719727,賻贈,臨觴有遺恨
line,5586,0246,寄同病者,812,0.717773,煎和,常得心平和
line,5359,0233,適意二首其一,812,0.716797,性情,人心不過適
line,5463,0240,答卜者,812,0.716309,君臣,知君善易者
line,9242,0464,城上對月期友人不至,812,0.715820,冬,古人惜晝短
line,5466,0240,答卜者,812,0.714844,龍,人间無所求
line,9361,0472,感鏡,812,0.714844,美婦人,自照顦顇容
line,9317,0469,諭懷,812,0.713379,造化,變化何終極
line,4869,0210,效陶潛體詩十六首其一,813,0.837891,地,不動者厚地
line,1148,0048,薛中丞,813,0.779297,忠,每因匪躬節
line,1139,0048,薛中丞,813,0.777832,義,正人行得路
line,1145,0048,薛中丞,813,0.777832,恐懼,非不憎且懼
line,1153,0048,薛中丞,813,0.751465,報德,報施紛迴互
line,9157,0458,晝寢,813,0.750000,縠,徐下堦前步
line,4874,0210,效陶潛體詩十六首其一,813,0.749512,猿,其壽皆千年
line,1162,0048,薛中丞,813,0.743164,得賢,以我惜賢心
line,9265,0465,念金鑾子二首其一,813,0.738281,寬恕,以理遣傷苦
line,10952,0577,浩歌行,813,0.731934,老,前去五十有幾年
line,1101,0046,村居苦寒,813,0.728516,雪,五日雪紛紛
line,9262,0465,念金鑾子二首其一,813,0.728516,姊妹,始知骨肉愛
line,4881,0210,效陶潛體詩十六首其一,813,0.726562,儒教,堯舜與周孔
line,1102,0046,村居苦寒,813,0.723145,寒,竹柏皆凍死
line,1117,0046,村居苦寒,813,0.722168,勤勞,又無壠畝勤
line,10951,0577,浩歌行,813,0.720703,老,不覺身年四十七
line,1158,0048,薛中丞,813,0.719238,諫諍,不然君子人
line,5625,0249,東園玩菊,813,0.715820,德,誠知不爲我
line,1151,0048,薛中丞,813,0.715332,雷,倚作頽簷柱
line,4882,0210,效陶潛體詩十六首其一,813,0.715332,賢,古來稱聖賢
line,10969,0577,浩歌行,813,0.713867,命運,命若不來知奈何
line,13432,0803,渭村退居寄禮部崔侍郎翰林錢舍人詩一百韻,814,0.826172,郎官,俱含雞舌香
line,13450,0803,渭村退居寄禮部崔侍郎翰林錢舍人詩一百韻,814,0.822266,屋室,簷瓦鬬鴛鴦
line,13360,0803,渭村退居寄禮部崔侍郎翰林錢舍人詩一百韻,814,0.815918,勤學,身謀且自强
line,5931,0261,遊悟真寺詩一百三十韻,814,0.793945,食,足以療飢乏
line,6076,0261,遊悟真寺詩一百三十韻,814,0.790527,裘,猶得三十年
line,9509,0482,雨夜有念,814,0.787598,煎和,往往猶熬煎
line,9220,0462,寄元九,814,0.774902,儉,豈是貪衣食
line,5935,0261,遊悟真寺詩一百三十韻,814,0.771973,旱,若歲有水旱
line,9217,0462,寄元九,814,0.771484,宅,窮薄家貧褊
line,5976,0261,遊悟真寺詩一百三十韻,814,0.766113,虹蜺,下逐飲澗猨
line,9486,0482,雨夜有念,814,0.765137,哭,何乃戚戚意
line,11036,0580,送張山人歸嵩陽,814,0.763672,巧官,暮宿五侯門
line,13358,0803,渭村退居寄禮部崔侍郎翰林錢舍人詩一百韻,814,0.763672,霧,霧豹得深藏
line,6054,0261,遊悟真寺詩一百三十韻,814,0.759766,諫議,又忝諫諍員
line,9484,0482,雨夜有念,814,0.759277,心,以道治心氣
line,13430,0803,渭村退居寄禮部崔侍郎翰林錢舍人詩一百韻,814,0.758789,務德勝,寒暑賜衣裳
line,5763,0257,詠慵,814,0.757812,換官,有官慵不選
line,5825,0261,遊悟真寺詩一百三十韻,814,0.757812,杖,手拄青竹杖
line,13509,0803,渭村退居寄禮部崔侍郎翰林錢舍人詩一百韻,814,0.757812,行惠,卹寒分賜帛
line,6036,0261,遊悟真寺詩一百三十韻,814,0.756836,曠官,數滿百億千
line,9146,0457,夢裴相公,814,0.753906,夢,既寤知是夢
line,13057,0790,聞蟲,814,0.753906,寢,猶恐愁人暫得睡
line,13522,0803,渭村退居寄禮部崔侍郎翰林錢舍人詩一百韻,814,0.753906,玉,磨甋詎成璋
line,9212,0462,寄元九,814,0.753418,冨,憂我貧病身
line,13429,0803,渭村退居寄禮部崔侍郎翰林錢舍人詩一百韻,814,0.752441,餅饵,朝晡頒餅餌
line,5836,0261,遊悟真寺詩一百三十韻,814,0.749512,閭里,門户無扃關
line,13837,0836,答勸酒,814,0.749512,酒,莫怪近來都不飲
line,6012,0261,遊悟真寺詩一百三十韻,814,0.749023,仙,羽化升上玄
line,6031,0261,遊悟真寺詩一百三十韻,814,0.749023,諫諍,一日三往復
line,1189,0051,夏旱,814,0.748047,黍,况兹禾與黍
line,13059,0791,寒食夜有懷,814,0.747559,寒食,寒食非長非短夜
line,6057,0261,遊悟真寺詩一百三十韻,814,0.746582,誅罰,以此自慚惕
line,13467,0803,渭村退居寄禮部崔侍郎翰林錢舍人詩一百韻,814,0.746582,文辭,滉瀁經魚藻
line,13504,0803,渭村退居寄禮部崔侍郎翰林錢舍人詩一百韻,814,0.746582,降,銷摧百煉剛
line,13409,0803,渭村退居寄禮部崔侍郎翰林錢舍人詩一百韻,814,0.746094,報德,舊遊多廢忘
line,13043,0787,有感,814,0.745605,死哭,絶絃與斷絲
line,13505,0803,渭村退居寄禮部崔侍郎翰林錢舍人詩一百韻,814,0.744629,哭,途窮任憔悴
line,13090,0797,村居二首其一,814,0.743652,戲謔,不過田舍白頭翁
line,6022,0261,遊悟真寺詩一百三十韻,814,0.742676,龍,化作龍蜿蜒
line,9489,0482,雨夜有念,814,0.742676,飢饉,又不恤飢寒
line,13380,0803,渭村退居寄禮部崔侍郎翰林錢舍人詩一百韻,814,0.742188,求糴,家資甚渺茫
line,1192,0051,夏旱,814,0.741699,勤勞,憫然望歲者
line,9502,0482,雨夜有念,814,0.740234,津渡,有如波上舟
line,6035,0261,遊悟真寺詩一百三十韻,814,0.739746,蓮,誦此蓮花偈
line,13034,0784,晝卧,814,0.738770,貧,非病亦非眠
line,5995,0261,遊悟真寺詩一百三十韻,814,0.738281,徵聘,𪕥𪕌上不得
line,6087,0262,酬張十八訪宿見贈,814,0.736816,葬,五侯三相家
line,9152,0457,夢裴相公,814,0.735840,文行,今朝爲君子
line,6065,0261,遊悟真寺詩一百三十韻,814,0.735352,麋,野麋斷羈絆
line,13495,0803,渭村退居寄禮部崔侍郎翰林錢舍人詩一百韻,814,0.734375,鶴,雞鶴初雖雜
line,13382,0803,渭村退居寄禮部崔侍郎翰林錢舍人詩一百韻,814,0.733887,囊橐,錢帛少盈囊
line,5970,0261,遊悟真寺詩一百三十韻,814,0.733398,泉源,或激爲奔湍
line,6067,0261,遊悟真寺詩一百三十韻,814,0.731934,火,池魚放入海
line,13422,0803,渭村退居寄禮部崔侍郎翰林錢舍人詩一百韻,814,0.731445,石,燕石厠琳琅
line,13086,0796,夜坐,814,0.730957,雞,不寢到雞鳴
line,5937,0261,遊悟真寺詩一百三十韻,814,0.730469,道教,以地清淨故
line,6004,0261,遊悟真寺詩一百三十韻,814,0.730469,溪,其下萬仞懸
line,5924,0261,遊悟真寺詩一百三十韻,814,0.729980,寢,竟夕不欲眠
line,9505,0482,雨夜有念,814,0.728516,木,于今六七年
line,5955,0261,遊悟真寺詩一百三十韻,814,0.728027,雲,往往白雲過
line,13460,0803,渭村退居寄禮部崔侍郎翰林錢舍人詩一百韻,814,0.728027,御宴,春陪宴栢梁
line,9521,0483,寄楊六,814,0.726562,遷徙,久别或遷易
line,5940,0261,遊悟真寺詩一百三十韻,814,0.726074,風,𡾋嵬欹且刓
line,9211,0462,寄元九,814,0.726074,心,心如石不轉
line,9194,0461,歎常生,814,0.724609,父母疾,時我病多暇
line,13355,0803,渭村退居寄禮部崔侍郎翰林錢舍人詩一百韻,814,0.724609,由人興,由是推天運
line,5887,0261,遊悟真寺詩一百三十韻,814,0.724121,貧,抖擻塵埃衣
line,6002,0261,遊悟真寺詩一百三十韻,814,0.724121,戈殳矛戟,大如方尺甎
line,6098,0262,酬張十八訪宿見贈,814,0.723145,貧,亦不嫌我貧
line,5951,0261,遊悟真寺詩一百三十韻,814,0.722656,道士,衣服似羽翮
line,9511,0482,雨夜有念,814,0.722168,休假,病多難盡蠲
line,9498,0482,雨夜有念,814,0.721680,崑崙山,南北五千里
line,9142,0457,夢裴相公,814,0.720703,柰,髣髴金紫色
line,13050,0788,答友問,814,0.720703,老,心更老於身
line,13541,0803,渭村退居寄禮部崔侍郎翰林錢舍人詩一百韻,814,0.720703,釋教,斷癡求慧劍
line,5988,0261,遊悟真寺詩一百三十韻,814,0.720215,鞭扑,其間韞璵璠
line,13418,0803,渭村退居寄禮部崔侍郎翰林錢舍人詩一百韻,814,0.720215,劍,磨鈍起鋒鋩
line,1199,0051,夏旱,814,0.719727,郊,可能長不雨
line,6055,0261,遊悟真寺詩一百三十韻,814,0.719238,直,拙直不合時
line,9527,0483,寄楊六,814,0.718750,宗族,人情重姻戚
line,5764,0257,詠慵,814,0.717773,田訟,有田慵不農
line,13543,0803,渭村退居寄禮部崔侍郎翰林錢舍人詩一百韻,814,0.717773,志節,不動爲吾志
line,6077,0262,酬張十八訪宿見贈,814,0.717285,君臣,昔我爲近臣
line,13362,0803,渭村退居寄禮部崔侍郎翰林錢舍人詩一百韻,814,0.717285,勤勞,未免事農桑
line,13009,0779,感化寺見元九劉三十二題名處,814,0.716309,待妻以禮,今日見名如見面
line,5889,0261,遊悟真寺詩一百三十韻,814,0.714844,露,疊霜爲袈裟
line,13096,0799,早春,814,0.714844,冰,冰開得暖光
line,13381,0803,渭村退居寄禮部崔侍郎翰林錢舍人詩一百韻,814,0.713867,縣令,塵埃常滿甑
line,13514,0803,渭村退居寄禮部崔侍郎翰林錢舍人詩一百韻,814,0.713867,賔主,珍重禮闈郎
line,5932,0261,遊悟真寺詩一百三十韻,814,0.713379,梅,摘嘗味甘酸
line,6014,0261,遊悟真寺詩一百三十韻,814,0.713379,鶴,猶對芝朮田
line,13002,0777,得袁相書,814,0.713379,買賣田,就田來送相公書
line,6286,0271,舟行,815,0.805176,寢,閑眠猶未起
line,13721,0822,題周皓大夫新亭子二十二韻,815,0.799805,賔主,東道常爲主
line,13620,0805,題盧秘書夏日新栽竹二十韻,815,0.796875,祕書監,秘書府即蘭臺也
line,6240,0268,寄張十八,815,0.795410,寢,寢興止一牀
line,13646,0808,欲與元八卜鄰先有是贈,815,0.787109,隠逸,欲隱牆東不爲身
line,6150,0264,酬吳七見寄,815,0.783691,熱,當暑忽翛然
line,6322,0274,題潯陽樓,815,0.773438,詩,詩情亦清閑
line,9544,0484,送春,815,0.772949,行旅,人生似行客
line,6248,0268,寄張十八,815,0.769043,堂,竟日不下堂
line,6237,0268,寄張十八,815,0.768066,與食,飢止一簞食
line,13821,0833,重寄,815,0.767578,劍,分飛劍化龍
line,1869,0085,贈友五首其一,815,0.766113,敘四時,四時自爲政
line,1858,0085,贈友五首其一,815,0.758789,奉使,君出臣奉行
line,9632,0491,寄微之三首其一,815,0.758301,霧,間之以雲霧
line,9595,0487,初出藍田路作,815,0.755859,土功,勞苦已如此
line,13734,0822,題周皓大夫新亭子二十二韻,815,0.754883,鳥,珍奇鳥獸馴
line,13564,0804,酬盧秘書二十韻,815,0.754395,杯,行遲漏苦催
line,6323,0274,題潯陽樓,815,0.753418,樓,今朝登此樓
line,6298,0272,湓浦早冬,815,0.752441,秋,草木未全衰
line,9566,0486,别李十一後重寄,815,0.748047,原隰,秋日正蕭條
line,13658,0810,廣宣上人以應制詩見示因以贈之詔許上人居安國寺紅樓院以詩供奉,815,0.745605,師,一到人天便作師
line,14044,0876,浦中夜泊,815,0.745117,寒,水風霜氣夜稜稜
line,6297,0272,湓浦早冬,815,0.744141,冬,潯陽孟冬月
line,11221,0587,山鷓鴣,815,0.743652,粟,畬田有粟何不啄
line,9607,0488,仙娥峰下作,815,0.741211,太子,安足留四皓
line,9606,0488,仙娥峰下作,815,0.739746,妬,向無如此物
line,6132,0263,朝歸書事寄元八,815,0.738770,飢饉,不至苦飢寒
line,69,0002,讀張籍古樂府,815,0.737793,詩,六義互鋪陳
line,1857,0085,贈友五首其一,815,0.736816,威名,每月有常令
line,14077,0881,題王處士郊居,815,0.736328,鶴,野鶴雖飢飲啄閑
line,13748,0822,題周皓大夫新亭子二十二韻,815,0.735840,箏,箏嬌語帶秦
line,13574,0804,酬盧秘書二十韻,815,0.734863,老,病與老俱來
line,14108,0886,江樓偶宴贈同座,815,0.733887,雜果,江果嘗盧橘
line,9573,0486,别李十一後重寄,815,0.733398,朋友,平生同道術
line,6148,0264,酬吳七見寄,815,0.732910,報德,中有瓊瑶篇
line,13659,0810,廣宣上人以應制詩見示因以贈之詔許上人居安國寺紅樓院以詩供奉,815,0.731934,制誥,香積筵承紫泥詔
line,6127,0263,朝歸書事寄元八,815,0.731445,朝會,除非奉朝謁
line,6166,0264,酬吳七見寄,815,0.730469,隠逸,名在石室間
line,13789,0826,送人貶信州判官,815,0.730469,相,若於此郡爲卑吏
line,9543,0484,送春,815,0.729492,雪,紛紛不知數
line,13762,0822,題周皓大夫新亭子二十二韻,815,0.729492,制禮,敦舊禮殷勤
line,1866,0085,贈友五首其一,815,0.729004,智,又從斬晁錯
line,6289,0271,舟行,815,0.729004,稅舟車,船頭有行竃
line,14476,0904,初到江州寄翰林張李杜三學士,815,0.728516,舅姑,老婦低顔事舅姑
line,6188,0265,昭國閑居,815,0.728027,官闕惡,官閑居處僻
line,6300,0272,湓浦早冬,815,0.727539,秋,凉風八月時
line,9619,0490,再到襄陽訪問舊居,815,0.727539,絲,髭鬢半成絲
line,13729,0822,題周皓大夫新亭子二十二韻,815,0.727539,酒,置醴寧三爵
line,1867,0085,贈友五首其一,815,0.727051,刺史,諸侯益强盛
line,14107,0886,江樓偶宴贈同座,815,0.726562,杯,待月放杯遲
line,89,0002,讀張籍古樂府,815,0.726074,怨棄,委棄如泥塵
line,13625,0805,題盧秘書夏日新栽竹二十韻,815,0.726074,伏日,豈止消時暑
line,13679,0813,重到城七絶句高相宅,815,0.726074,哭,涕淚雖多無哭處
line,13736,0822,題周皓大夫新亭子二十二韻,815,0.726074,鸚鵡,鸚鵡喚家人
line,9610,0488,仙娥峰下作,815,0.725586,塵,可能塵土中
line,17577,1294,代謝好答崔員外,815,0.725586,素,其如頭上霜
line,13705,0820,重傷小女子,815,0.724121,勤學,學人言語憑牀行
line,6143,0264,酬吳七見寄,815,0.723633,雜盜,又從馬死來
line,9549,0484,送春,815,0.723633,宥過,盡可違之去
line,11239,0588,放旅雁,815,0.723145,市,手攜入市生賣之
line,13880,0844,白牡丹,815,0.723145,賣官爵,被人還喚作朝官
line,99,0002,讀張籍古樂府,815,0.722656,賢婦,亦知君爲人
line,9575,0486,别李十一後重寄,815,0.721680,諫議,聯秉諫臣筆
line,6126,0263,朝歸書事寄元八,815,0.721191,寢,須眠終日眠
line,6165,0264,酬吳七見寄,815,0.719727,仙,君本上清人
line,13871,0842,和武相公感韋令公舊池孔雀,815,0.718750,烏,放歸飛不得
line,1856,0085,贈友五首其一,815,0.718262,險固,一年十二月
line,6324,0274,題潯陽樓,815,0.718262,勤學,有以知其然
line,14164,0894,讀李杜詩集因題卷後,815,0.717773,教化,不得高官職
line,9611,0488,仙娥峰下作,815,0.717285,老,還隨衆人老
line,9630,0491,寄微之三首其一,815,0.717285,終南山,有山萬丈高
line,1863,0085,贈友五首其一,815,0.714844,父母疾,生靈受其病
line,6183,0265,昭國閑居,815,0.714844,婚姻,勿嫌祿俸薄
line,13556,0804,酬盧秘書二十韻,815,0.714844,雷,春驚震蟄雷
line,6262,0269,題玉泉寺,815,0.713867,道教,清淨兩無塵
line,1872,0085,贈友五首其一,815,0.713379,善誘,誰能救其失
line,9550,0484,送春,815,0.713379,老,唯有老到來
line,6655,0295,詠意,816,0.843750,百工,巧勞智憂愁
line,14774,0943,送客之湖南,816,0.813477,猿,峽猿哀怨過三聲
line,6673,0295,詠意,816,0.783203,舟,浩浩如虛舟
line,31895,2692,送毛仙翁,816,0.775879,雪,肌膚冰雪瑩
line,31901,2692,送毛仙翁,816,0.770508,仙,幾見桑海變
line,6656,0295,詠意,816,0.768555,父子,不如無能者
line,9744,0501,漸老,816,0.765137,造化,形質屬天地
line,6666,0295,詠意,816,0.764160,隠逸,此外即閑放
line,6593,0291,歲暮,816,0.762207,元日,亦從歲月除
line,14688,0931,風雨中尋李十一因題船上,816,0.761230,舟,扁舟在水濱
line,9710,0499,贈别崔五,816,0.760254,負擔,勞者念息肩
line,9737,0501,漸老,816,0.756348,老,不覺年齒暮
line,14806,0946,四十五,816,0.755859,酒,粗豪酒放狂
line,8850,0439,新秋,816,0.755371,長大人,緜緜自此長
line,8858,0441,秋江送客,816,0.754395,怨棄,此地亦離羣
line,6546,0287,睡起晏坐,816,0.753906,貴,亦名不用處
line,14828,0949,尋王道士藥堂因有題贈,816,0.753418,丹藥,欲乞西山五色丸
line,6669,0295,詠意,816,0.750000,風流,秋上庾公樓
line,14632,0925,憶微之傷仲遠,816,0.750000,貶黜,猶自滯長沙
line,9758,0504,寄行簡,816,0.749023,眉,鬱鬱眉多斂
line,6393,0276,北亭,816,0.747070,酒,時傾一杯酒
line,6529,0286,春寢,816,0.746582,月,是時正月晦
line,8867,0442,感逝寄遠,816,0.743164,死,逝者不復見
line,10994,0579,江南遇天寶樂叟,816,0.741211,皇后,是時天下太平久
line,14719,0935,題元十八谿居,816,0.741211,鶴,聲來枕上千年鶴
line,14523,0911,櫻桃花下歎白髮,816,0.740723,衣服,如雪復如絲
line,9771,0504,寄行簡,816,0.739746,人餓,飢人多夢飡
line,6675,0295,詠意,816,0.738281,恐懼,苦在心危憂
line,8861,0441,秋江送客,816,0.737793,酒,不醉潯陽酒
line,14770,0941,江樓早秋,816,0.737305,吏久從政,官滿更何之
line,6573,0289,春遊二林寺,816,0.735840,敘官,官散無牽迫
line,31918,2692,送毛仙翁,816,0.735352,鸞,徘徊私自憐
line,6684,0296,食笋,816,0.734375,卜筮,置之炊甑中
line,11564,0599,琵琶引,816,0.733887,盤,大珠小珠落玉盤
line,11536,0599,琵琶引,816,0.732910,歌,因爲長句歌以贈之
line,14542,0915,晚春登大雲寺南樓贈常禪師,816,0.732910,樓,登樓意若何
line,31917,2692,送毛仙翁,816,0.732422,行旅,羈旅坐多感
line,6396,0276,北亭,816,0.731934,烏,目送歸飛翮
line,6405,0277,汎湓水,816,0.731445,濟,湓水從東來
line,14638,0927,霖雨苦多江湖暴漲塊然獨望因題北亭,816,0.730957,雨,無如苦雨何
line,14729,0936,晚出西郊,816,0.729492,老,老來何所用
line,6664,0295,詠意,816,0.729004,枕,朝餐夕安寢
line,14752,0940,百花亭,816,0.729004,風,凉風八月初
line,6446,0278,答故人,816,0.728516,宅,所得亦已多
line,6479,0280,宿簡寂觀,816,0.728516,食,何以療夜飢
line,6524,0285,早春,816,0.728516,言語,欲與何人言
line,31904,2692,送毛仙翁,816,0.728516,嵩山,所遊五岳巔
line,6488,0281,讀謝靈運詩,816,0.727539,對見,須有所洩處
line,14635,0926,過鄭處士,816,0.727051,乞假,故來不是求他事
line,11538,0599,琵琶引,816,0.726562,琵琶,命曰《琵琶行》
line,14528,0913,移山櫻桃,816,0.726562,官闕惡,亦知官舍非吾宅
line,14824,0949,尋王道士藥堂因有題贈,816,0.724609,宮觀,步步尋花到杏壇
line,10992,0579,江南遇天寶樂叟,816,0.724121,琵琶,能彈琵琶和法曲
line,6497,0281,讀謝靈運詩,816,0.723633,知音,因知康樂作
line,6671,0295,詠意,816,0.723145,馬,或飲茶一甌
line,31928,2692,送毛仙翁,816,0.723145,居喪過哀,得喪亦都捐
line,9708,0499,贈别崔五,816,0.722168,狼,孰云當大路
line,14485,0905,庾樓曉望,816,0.722168,風流,三百年來庾樓上
line,6676,0295,詠意,816,0.721680,貧,貧賤亦有樂
line,14646,0927,霖雨苦多江湖暴漲塊然獨望因題北亭,816,0.721680,海,風帆蹵白波
line,14759,0941,江樓早秋,816,0.721191,美婦人,南國雖多熱
line,11524,0599,琵琶引,816,0.720703,琵琶,嘗學琵琶於穆﹑曹二善才
line,6444,0278,答故人,816,0.718750,九卿,六命三登科
line,6531,0286,春寢,816,0.718750,手,爛熳不能休
line,14712,0934,秋熱,816,0.717285,秋,暑氣常多秋氣微
line,14801,0945,尋李道士山居兼呈元明府,816,0.716797,黜辱,飽諳榮辱事
line,31913,2692,送毛仙翁,816,0.716797,父子,惟余負憂譴
line,8880,0442,感逝寄遠,816,0.716309,鶂,開眼笑相視
line,9759,0504,寄行簡,816,0.715820,言語,默默口寡言
line,14701,0933,寄蘄州簟與元九因題六韻,816,0.715820,織績,織成雙入簟
line,6381,0276,北亭,816,0.715332,竹,上有青青竹
line,14849,0952,除夜,816,0.714844,遷徙,一從身去國
line,31902,2692,送毛仙翁,816,0.714844,鶴,莫知龜鶴年
line,6483,0281,讀謝靈運詩,816,0.713867,向化,通乃朝廷來
line,6565,0289,春遊二林寺,816,0.713867,冰,冰雪始消釋
line,6685,0296,食笋,816,0.713379,稻,與飯同時熟
line,6924,0310,截樹,817,0.844727,性情,人各有偏好
line,7012,0316,贖雞,817,0.831543,雁,鳬雁與鷗鷺
line,7025,0316,贖雞,817,0.818848,人餓,飢渴欲相吞
line,6755,0300,香爐峰下新置草堂即事詠懷題於石上,817,0.808594,傲慢,箕踞於其間
line,15231,1003,江樓夜吟元九律詩成三十韻,817,0.807129,泉源,醴泉流出地
line,6997,0314,垂釣,817,0.804199,郎官,一入承明廬
line,6767,0301,草堂前新開一池養魚種荷日有幽趣,817,0.803711,陂,浩浩萬頃陂
line,14434,0902,東南行一百韻寄通州元九侍御澧州李十一舍人果州崔二十二使君開州韋大員外庾三十二補闕杜十四拾遺李二十助教員外竇七校書,817,0.802734,貧,貧室如懸磬
line,15551,1037,送友人上峽赴東川辟命,817,0.797852,舟,舟入似鯨吞
line,6868,0306,小池二首其一,817,0.796387,賢,坐把蒲葵扇
line,14404,0902,東南行一百韻寄通州元九侍御澧州李十一舍人果州崔二十二使君開州韋大員外庾三十二補闕杜十四拾遺李二十助教員外竇七校書,817,0.796387,行旅,見《楚詞》
line,15572,1040,題詩屏風絶句,817,0.789062,離别,不見三年
line,9790,0505,首夏,817,0.784668,酒,潯陽多美酒
line,6959,0312,題座隅,817,0.784180,人餓,俱化爲餓殍
line,15026,0977,山居,817,0.783691,僧,其餘便是僧
line,6723,0299,題元十八溪亭,817,0.783203,離,始歎身無子
line,7071,0319,齊物二首其一,817,0.781738,珪璋,長短各有分
line,14263,0902,東南行一百韻寄通州元九侍御澧州李十一舍人果州崔二十二使君開州韋大員外庾三十二補闕杜十四拾遺李二十助教員外竇七校書,817,0.780762,本土,鍾儀徒戀楚
line,7027,0316,贖雞,817,0.780273,豬,仁信及魚豚
line,6849,0305,烹葵,817,0.776855,秋,炊稻烹秋葵
line,9870,0509,南湖晚秋,817,0.776367,露,八月白露降
line,6852,0305,烹葵,817,0.775879,食,飢來止於飽
line,7014,0316,贖雞,817,0.771973,祈禳,適有鬻雞者
line,15134,0992,西河雨夜送客,817,0.770020,舟,遥認是行舟
line,6968,0313,昔與微之在朝日同蓄休退之心迨今十年淪落老大追尋前約且結後期,817,0.767578,詐稱官,往子爲御史
line,14354,0902,東南行一百韻寄通州元九侍御澧州李十一舍人果州崔二十二使君開州韋大員外庾三十二補闕杜十四拾遺李二十助教員外竇七校書,817,0.767090,道路,失脚到泥塗
line,7005,0315,晚燕,817,0.766113,鷰,銜泥意如何
line,6719,0299,題元十八溪亭,817,0.763672,縱逸,醉卧不能起
line,6812,0304,答崔侍郎錢舍人書問因繼以詩,817,0.763672,䄍,便是了一日
line,14372,0902,東南行一百韻寄通州元九侍御澧州李十一舍人果州崔二十二使君開州韋大員外庾三十二補闕杜十四拾遺李二十助教員外竇七校書,817,0.763184,名字,有東西二邘
line,7096,0322,題舊寫真圖,817,0.762695,形貎,形影默相顧
line,15077,0985,偶然二首其一,817,0.760742,日,月離于畢合霶𩃱
line,15555,1037,送友人上峽赴東川辟命,817,0.760742,逆旅,爲感主人恩
line,15218,1003,江樓夜吟元九律詩成三十韻,817,0.760254,明天文,精微思入玄
line,6727,0299,題元十八溪亭,817,0.759766,從學,往來從此始
line,14388,0902,東南行一百韻寄通州元九侍御澧州李十一舍人果州崔二十二使君開州韋大員外庾三十二補闕杜十四拾遺李二十助教員外竇七校書,817,0.759766,華山,蓮花峰在廬山北
line,15258,1003,江樓夜吟元九律詩成三十韻,817,0.759277,樂器,巧拙尚相懸
line,6863,0305,烹葵,817,0.758789,讒謗,其間分是非
line,15005,0974,山中問月,817,0.758789,山,千巖將萬壑
line,6791,0303,登香爐峰頂,817,0.758301,圖畫,心存耳目想
line,15078,0985,偶然二首其一,817,0.757812,郊,有時不雨誰能測
line,15568,1040,題詩屏風絶句,817,0.756836,冬,十二年冬
line,14248,0902,東南行一百韻寄通州元九侍御澧州李十一舍人果州崔二十二使君開州韋大員外庾三十二補闕杜十四拾遺李二十助教員外竇七校書,817,0.755371,風,風汎颭檣烏
line,6715,0299,題元十八溪亭,817,0.751465,命運,了然知所以
line,14219,0902,東南行一百韻寄通州元九侍御澧州李十一舍人果州崔二十二使君開州韋大員外庾三十二補闕杜十四拾遺李二十助教員外竇七校書,817,0.751465,館驛,山頭看候館
line,14231,0902,東南行一百韻寄通州元九侍御澧州李十一舍人果州崔二十二使君開州韋大員外庾三十二補闕杜十四拾遺李二十助教員外竇七校書,817,0.750977,魚,吏徵魚户税
line,9903,0511,感秋懷微之,817,0.750488,秋,秋風此時至
line,9924,0512,因沐感髮寄朗上人二首其一,817,0.750488,釋教,應是煩惱多
line,6732,0300,香爐峰下新置草堂即事詠懷題於石上,817,0.750000,松柏,有松數十株
line,6748,0300,香爐峰下新置草堂即事詠懷題於石上,817,0.749512,徵聘,何以洗我耳
line,15245,1003,江樓夜吟元九律詩成三十韻,817,0.749512,食,肉味經時忘
line,15072,0985,偶然二首其一,817,0.749023,關,放棄合宜何惻惻
line,15549,1037,送友人上峽赴東川辟命,817,0.748535,河,桃花水色渾
line,15042,0980,黄石巖下作,817,0.748047,雲,今移向白雲
line,9853,0508,感情,817,0.747070,美婦人,東鄰嬋娟子
line,6955,0312,題座隅,817,0.746094,愚,况我鄙且愚
line,6616,0293,栽杉,817,0.745605,豬,纔高四五尺
line,6948,0312,題座隅,817,0.743652,僕射,左右有兼僕
line,6973,0313,昔與微之在朝日同蓄休退之心迨今十年淪落老大追尋前約且結後期,817,0.742676,衣服,子曳繡爲衣
line,14350,0902,東南行一百韻寄通州元九侍御澧州李十一舍人果州崔二十二使君開州韋大員外庾三十二補闕杜十四拾遺李二十助教員外竇七校書,817,0.742676,金吾將軍,驕不揖金吾
line,6961,0312,題座隅,817,0.742188,貧,食絶而終
line,6650,0294,過李生,817,0.741699,鸞,欲去復徘徊
line,6883,0308,閉關,817,0.740234,妾,生子欲能言
line,6834,0304,答崔侍郎錢舍人書問因繼以詩,817,0.739746,日,帝鄉遠於日
line,14281,0902,東南行一百韻寄通州元九侍御澧州李十一舍人果州崔二十二使君開州韋大員外庾三十二補闕杜十四拾遺李二十助教員外竇七校書,817,0.738770,舉選,謂十六年予進士出身
line,14302,0902,東南行一百韻寄通州元九侍御澧州李十一舍人果州崔二十二使君開州韋大員外庾三十二補闕杜十四拾遺李二十助教員外竇七校書,817,0.738770,表奏,諫切伏青蒲
line,15577,1040,題詩屏風絶句,817,0.738770,玉,雖藏於篋中
line,15580,1040,題詩屏風絶句,817,0.738770,義,如見所思
line,9852,0508,感情,817,0.738281,贈貺,昔贈我者誰
line,14244,0902,東南行一百韻寄通州元九侍御澧州李十一舍人果州崔二十二使君開州韋大員外庾三十二補闕杜十四拾遺李二十助教員外竇七校書,817,0.738281,哭,野哭鳥相呼
line,6819,0304,答崔侍郎錢舍人書問因繼以詩,817,0.737793,性情,其心或不然
line,6910,0310,截樹,817,0.737793,淫亂,惜哉遠山色
line,6918,0310,截樹,817,0.737305,髴髴,又如所念人
line,14227,0902,東南行一百韻寄通州元九侍御澧州李十一舍人果州崔二十二使君開州韋大員外庾三十二補闕杜十四拾遺李二十助教員外竇七校書,817,0.737305,雞,夷音語嘲哳
line,15030,0978,遺愛寺,817,0.737305,水,處處是泉聲
line,15112,0990,彭蠡湖晚歸,817,0.736816,河,桃花水氣春
line,15124,0991,酬贈李煉師見招,817,0.736816,父子,伯道無兒累更輕
line,14280,0902,東南行一百韻寄通州元九侍御澧州李十一舍人果州崔二十二使君開州韋大員外庾三十二補闕杜十四拾遺李二十助教員外竇七校書,817,0.736328,射策,射策一彎弧
line,6733,0300,香爐峰下新置草堂即事詠懷題於石上,817,0.735840,竹,有竹千餘竿
line,6954,0312,題座隅,817,0.735840,得賢,雖賢亦爲幸
line,7099,0322,題舊寫真圖,817,0.735840,怨棄,能不昧平生
line,14241,0902,東南行一百韻寄通州元九侍御澧州李十一舍人果州崔二十二使君開州韋大員外庾三十二補闕杜十四拾遺李二十助教員外竇七校書,817,0.735840,雜果,見果多盧橘
line,6881,0308,閉關,817,0.735352,女,髣髴二三年
line,14908,0961,聞李六景儉自河東令授唐鄧行軍司馬以詩賀之,817,0.734863,龍,水借蛟龍可在多
line,6610,0292,聞早鶯,817,0.733887,鳥,鳥聲信如一
line,6738,0300,香爐峰下新置草堂即事詠懷題於石上,817,0.733887,彈棊,有時聚猨鳥
line,14419,0902,東南行一百韻寄通州元九侍御澧州李十一舍人果州崔二十二使君開州韋大員外庾三十二補闕杜十四拾遺李二十助教員外竇七校書,817,0.733887,卜筮,龜靈未免刳
line,6952,0312,題座隅,817,0.732910,形貎,若有人及此
line,6818,0304,答崔侍郎錢舍人書問因繼以詩,817,0.732422,矢,常見今之人
line,6823,0304,答崔侍郎錢舍人書問因繼以詩,817,0.732422,父子,無乃自傷殘
line,6942,0312,題座隅,817,0.730957,土功,量力揆所用
line,6725,0299,題元十八溪亭,817,0.730469,山,結室爲居士
line,14325,0902,東南行一百韻寄通州元九侍御澧州李十一舍人果州崔二十二使君開州韋大員外庾三十二補闕杜十四拾遺李二十助教員外竇七校書,817,0.730469,地,不持確論
line,14347,0902,東南行一百韻寄通州元九侍御澧州李十一舍人果州崔二十二使君開州韋大員外庾三十二補闕杜十四拾遺李二十助教員外竇七校書,817,0.729980,制誥,入視中樞草
line,6937,0311,望江樓上作,817,0.729492,勤,休退誠非早
line,9883,0510,郡廳有樹晚榮早凋人不識名因題其上,817,0.729004,不拾遺,有樹不知名
line,6801,0303,登香爐峰頂,817,0.728516,牆壁,闊狹無數丈
line,6951,0312,題座隅,817,0.728516,人餓,亦不至飢劬
line,9909,0511,感秋懷微之,817,0.728516,道路,今作泥塗吏
line,6928,0311,望江樓上作,817,0.728027,樓,江畔百尺樓
line,15259,1003,江樓夜吟元九律詩成三十韻,817,0.728027,李,各有詩千首
line,14261,0902,東南行一百韻寄通州元九侍御澧州李十一舍人果州崔二十二使君開州韋大員外庾三十二補闕杜十四拾遺李二十助教員外竇七校書,817,0.727051,廚,鼎膩愁烹鼈
line,14406,0902,東南行一百韻寄通州元九侍御澧州李十一舍人果州崔二十二使君開州韋大員外庾三十二補闕杜十四拾遺李二十助教員外竇七校書,817,0.727051,菊,蘂坼金英菊
line,6936,0311,望江樓上作,817,0.726562,酒,我年過不惑
line,15229,1003,江樓夜吟元九律詩成三十韻,817,0.726074,海,澒湧同波浪
line,6857,0305,烹葵,817,0.725586,求糴,昔亦無餘資
line,6949,0312,題座隅,817,0.725586,單車入賊,出入有單車
line,7103,0322,題舊寫真圖,817,0.725586,老,老去何足驚
line,9828,0506,孟夏思渭村舊居寄舍弟,817,0.725586,貢獻,已訝殊歲時
line,15275,1003,江樓夜吟元九律詩成三十韻,817,0.725586,郎官,不得當時遇
line,15196,1002,江南謫居十韻,817,0.725098,土功,薄命不如人
line,14290,0902,東南行一百韻寄通州元九侍御澧州李十一舍人果州崔二十二使君開州韋大員外庾三十二補闕杜十四拾遺李二十助教員外竇七校書,817,0.724609,推薦,交分過蕭朱
line,6717,0299,題元十八溪亭,817,0.724121,溪,潺湲聲滿耳
line,6820,0304,答崔侍郎錢舍人書問因繼以詩,817,0.724121,祭祀,在勞則念息
line,6956,0312,題座隅,817,0.724121,首陽山,伯夷古賢人
line,14276,0902,東南行一百韻寄通州元九侍御澧州李十一舍人果州崔二十二使君開州韋大員外庾三十二補闕杜十四拾遺李二十助教員外竇七校書,817,0.722656,關,輕棄度關繻
line,6846,0305,烹葵,817,0.722168,寢,昨卧不夕食
line,14899,0960,三月三日登庾樓寄庾三十二,817,0.722168,三月三,三日歡遊辭曲水
line,15199,1002,江南謫居十韻,817,0.722168,日,葵枯猶向日
line,15232,1003,江樓夜吟元九律詩成三十韻,817,0.721680,樂,鈞樂下從天
line,9829,0506,孟夏思渭村舊居寄舍弟,817,0.721191,戎狄,仍嗟異風俗
line,15265,1003,江樓夜吟元九律詩成三十韻,817,0.721191,債負,老償文債負
line,15576,1040,題詩屏風絶句,817,0.721191,《書》,殆數百篇
line,9824,0506,孟夏思渭村舊居寄舍弟,817,0.720703,雨,苦雨初入梅
line,15278,1003,江樓夜吟元九律詩成三十韻,817,0.720703,浦,湓浦與通川
line,6611,0292,聞早鶯,817,0.720215,衣服,分别在人情
line,7060,0318,食後,817,0.720215,寢,食罷一覺睡
line,15223,1003,江樓夜吟元九律詩成三十韻,817,0.720215,箏,八風淒間發
line,6765,0300,香爐峰下新置草堂即事詠懷題於石上,817,0.719727,天,人間多險艱
line,6965,0312,題座隅,817,0.719238,食,破滅無遺餘
line,15227,1003,江樓夜吟元九律詩成三十韻,817,0.719238,錦,文頭交比繡
line,6921,0310,截樹,817,0.718750,鳥,稍見飛鳥還
line,7075,0319,齊物二首其一,817,0.718262,隠逸,窮通兩無悶
line,6947,0312,題座隅,817,0.717773,施惠,祿俸及妻奴
line,14251,0902,東南行一百韻寄通州元九侍御澧州李十一舍人果州崔二十二使君開州韋大員外庾三十二補闕杜十四拾遺李二十助教員外竇七校書,817,0.717773,酒,鼉鳴泉窟室
line,6628,0293,栽杉,817,0.717285,松柏,不見鬱鬱松
line,6940,0312,題座隅,817,0.716797,馬,手不任執殳
line,9820,0506,孟夏思渭村舊居寄舍弟,817,0.716309,泉源,井鮒思返泉
line,6817,0304,答崔侍郎錢舍人書問因繼以詩,817,0.715820,日,一貫無兩端
line,14238,0902,東南行一百韻寄通州元九侍御澧州李十一舍人果州崔二十二使君開州韋大員外庾三十二補闕杜十四拾遺李二十助教員外竇七校書,817,0.715332,市,隄喧簇販夫
line,9916,0512,因沐感髮寄朗上人二首其一,817,0.714844,經過,乃至頭上髮
line,6844,0304,答崔侍郎錢舍人書問因繼以詩,817,0.714355,諫諍,慎勿説向人
line,7097,0322,題舊寫真圖,817,0.713867,兄弟,如弟對老兄
line,14346,0902,東南行一百韻寄通州元九侍御澧州李十一舍人果州崔二十二使君開州韋大員外庾三十二補闕杜十四拾遺李二十助教員外竇七校書,817,0.713379,甕,頽玉不勝扶
line,15571,1040,題詩屏風絶句,817,0.713379,行旅,相去萬里
line,15388,1010,送客春遊嶺南二十韻,818,0.850586,貧,憂道不憂貧
line,7205,0328,達理二首其一,818,0.829102,喪,齟齬於其中
line,10029,0520,秋槿,818,0.810059,女,女子晚婚姻
line,7146,0325,詠懷,818,0.783691,老,五十不爲夭
line,6780,0302,白雲期,818,0.782227,老,六十身太老
line,7143,0325,詠懷,818,0.780273,諸王府,或被人刑殘
line,7172,0327,山中獨吟,818,0.778809,性情,人各有一癖
line,9978,0516,早秋晚望兼呈韋侍御,818,0.778809,酒,潯陽酒甚濃
line,15340,1009,贈内子,818,0.768066,貧,貧中有等級
line,7166,0326,夜琴,818,0.766602,琵琶,調慢彈且緩
line,15344,1010,送客春遊嶺南二十韻,818,0.763184,見君,離容君蹙促
line,15400,1012,自悲,818,0.754395,土功,難死不過人
line,6782,0302,白雲期,818,0.750488,老,四十至五十
line,15609,1042,偶宴有懷,818,0.746582,鬚,慚見白髭鬚
line,7201,0328,達理二首其一,818,0.746094,心,方寸如虛空
line,7228,0330,湖亭晚望殘水,818,0.745605,隄渠,流注隨地勢
line,10987,0578,王夫子,818,0.744141,珠,顔色不同而已矣
line,15751,1064,殘暑招客,818,0.743652,儉,閑飲兩三杯
line,9952,0515,苦熱喜凉,818,0.743164,度支使,歲功成者去
line,10016,0519,夢與李七庾三十三同訪元九,818,0.741211,老,老去無見期
line,15408,1013,尋郭道士不遇,818,0.740723,舂,故以水碓擣煉
line,15720,1060,答元八郎中楊十二博士,818,0.740234,熱,身覺浮雲無所著
line,15718,1059,曉寢,818,0.738770,關,雞鳴一覺睡
line,9995,0519,夢與李七庾三十三同訪元九,818,0.736816,朋友,見我故親友
line,15856,1077,春聽琵琶兼簡長孫司户,818,0.735352,琵琶,四絃不似琵琶聲
line,15484,1025,遣懷,818,0.731934,敘四時,遂使四時都似電
line,7153,0325,詠懷,818,0.731445,勤官,從事於其間
line,7158,0325,詠懷,818,0.730469,命運,命即無奈何
line,10040,0521,答元郎中楊員外喜烏見寄,818,0.729980,烏,我歸應待烏頭白
line,15694,1055,贈曇禪師,818,0.729980,釋教,欲知火宅焚燒苦
line,15767,1066,九日醉吟,818,0.729980,九月九日,三見歳重陽
line,6895,0309,弄龜羅,818,0.729004,賔主,一能誦歌詩
line,6899,0309,弄龜羅,818,0.729004,老,我年行已衰
line,10039,0521,答元郎中楊員外喜烏見寄,818,0.729004,婚姻,望我歸鄉里
line,7160,0325,詠懷,818,0.728516,仁,且務由己者
line,15771,1066,九日醉吟,818,0.728516,門戶,門任雀羅張
line,7171,0326,夜琴,818,0.727539,聽,亦不要人聽
line,7142,0325,詠懷,818,0.725098,醜丈夫,或罹天六極
line,9996,0519,夢與李七庾三十三同訪元九,818,0.725098,奢侈,損之在我左
line,9985,0517,司馬宅,818,0.723633,風,秋風朝夕波
line,10032,0520,秋槿,818,0.723145,爭長,後時不獲已
line,15803,1071,題遺愛寺前溪松,818,0.721680,松柏,借鶴穩枝棲
line,15387,1010,送客春遊嶺南二十韻,818,0.719727,言語,嘗聞君子誡
line,15493,1026,點額魚,818,0.719727,龍,爲龍未必勝爲魚
line,15918,1084,初除官蒙裴常侍贈鶻銜瑞草緋袍魚袋因謝惠貺兼抒離情,818,0.718750,衣服,惠深范叔綈袍贈
line,15639,1046,歲暮,818,0.718262,雁,雁默先烹爲不才
line,10011,0519,夢與李七庾三十三同訪元九,818,0.717773,乞假,求索無所有
line,15865,1078,吳宮詞,818,0.717773,美婦人,無人覩翠蛾
line,15923,1084,初除官蒙裴常侍贈鶻銜瑞草緋袍魚袋因謝惠貺兼抒離情,818,0.717285,衣服,不敢多垂恐汙衣
line,10976,0578,王夫子,818,0.716797,祿養,近將徇祿給一家
line,15666,1050,對酒,818,0.716797,郎官,有時成白首
line,15383,1010,送客春遊嶺南二十韻,818,0.716309,酒,多置酒中
line,7156,0325,詠懷,818,0.715332,哭,窮通不由己
line,15375,1010,送客春遊嶺南二十韻,818,0.715332,風,欲大風即見
line,7163,0325,詠懷,818,0.714844,言語,天高難與言
line,15712,1059,曉寢,818,0.714844,枕,轉枕重安寢
line,15818,1072,廬山草堂夜雨獨宿寄牛二李七庾三十二員外,818,0.714844,禪定,唯有無生三昧觀
line,6891,0309,弄龜羅,818,0.714355,卜筮,字之爲阿龜
line,16323,1120,和李澧州題韋開州經藏詩,819,0.819336,魚,忘筌是得魚
line,10203,0531,招蕭處士,819,0.816406,好客,門前亦有客
line,16088,1097,江州赴忠州至江陵已來舟中示舍弟五十韻,819,0.812012,鳥,鳥以能言𦃪
line,16390,1126,和萬州楊使君四絶句競渡,819,0.805664,五月五日,競渡相傳爲汨羅
line,10592,0554,徵秋税畢題郡南亭,819,0.802734,譯語,尚不通語言
line,10042,0522,初入峽有感,819,0.800781,終南山,上有萬仞山
line,16224,1104,郡齋暇日憶廬山草堂兼寄二林僧社三十韻多叙貶官已來出處之意,819,0.794922,經,閑吟四句偈
line,16463,1139,冬至夜,819,0.790039,冬,一年冬至夜偏長
line,10071,0523,過昭君村,819,0.788574,美婦人,亦如彼姝子
line,16321,1120,和李澧州題韋開州經藏詩,819,0.785645,經,文字本空虛
line,16443,1136,寄微之,819,0.771973,傷,各有來由致損傷
line,10259,0535,九日登巴臺,819,0.770996,九月九日,今歲重陽日
line,16078,1097,江州赴忠州至江陵已來舟中示舍弟五十韻,819,0.770508,隠逸,無妨隱朝市
line,10110,0525,初到忠州登東樓寄萬州楊八使君,819,0.767578,雨,霧雨多陰天
line,10596,0554,徵秋税畢題郡南亭,819,0.765625,豐稔,賴此豐登年
line,10215,0531,招蕭處士,819,0.764648,杖,請君攜竹杖
line,10257,0535,九日登巴臺,819,0.764160,九月九日,去年重陽日
line,6211,0267,贈杓直,819,0.762695,貴,况兹止足外
line,16391,1126,和萬州楊使君四絶句競渡,819,0.761719,未能為政,不能止遏意無他
line,10140,0527,西樓夜,819,0.760742,鳥,生計南枝鳥
line,10081,0523,過昭君村,819,0.759277,烏,白黑既可變
line,16075,1097,江州赴忠州至江陵已來舟中示舍弟五十韻,819,0.759277,宅,何物要經營
line,16178,1104,郡齋暇日憶廬山草堂兼寄二林僧社三十韻多叙貶官已來出處之意,819,0.759277,禪定,安置坐禪牀
line,16134,1100,十年三月三日别微之於灃上十四年三月十一日夜遇微之於峽中停舟夷陵三宿而别言不盡者以詩終之因賦七言十七韻以贈且欲記所遇之地與相見之時爲他年會話張本也,819,0.756836,狗,黄牛﹑白狗
line,16187,1104,郡齋暇日憶廬山草堂兼寄二林僧社三十韻多叙貶官已來出處之意,819,0.756348,釋教,世界多煩惱
line,16070,1097,江州赴忠州至江陵已來舟中示舍弟五十韻,819,0.753906,溫湯,如湯探冷熱
line,16330,1122,即事寄微之,819,0.750977,買賣田,畬田澀米不耕鉏
line,16006,1097,江州赴忠州至江陵已來舟中示舍弟五十韻,819,0.748047,諫諍,泝流從漢浦
line,16195,1104,郡齋暇日憶廬山草堂兼寄二林僧社三十韻多叙貶官已來出處之意,819,0.746094,師,吾道尋知止
line,16370,1123,題郡中荔枝詩十八韻兼寄萬州楊八使君,819,0.742676,射,不得充王賦
line,16191,1104,郡齋暇日憶廬山草堂兼寄二林僧社三十韻多叙貶官已來出處之意,819,0.742188,死,此生死無休已
line,16001,1097,江州赴忠州至江陵已來舟中示舍弟五十韻,819,0.741699,車,同遊即弟兄
line,16329,1121,九日題塗谿,819,0.741211,九月九日,或可重陽更一來
line,10298,0538,桐花,819,0.740234,熱,不耐南方熱
line,15982,1095,重贈李大夫,819,0.739746,傲慢,慚君獨不欺顦顇
line,16062,1097,江州赴忠州至江陵已來舟中示舍弟五十韻,819,0.739746,烏,烏頭因感白
line,10165,0529,寄王質夫,819,0.738770,山,君作出山雲
line,10045,0522,初入峽有感,819,0.738281,舟,闊狹容一葦
line,10188,0530,南賓郡齋即事寄楊萬州,819,0.738281,隠逸,刺史豈如是
line,10290,0538,桐花,819,0.736816,土宜,信是土宜别
line,10102,0524,自江州至忠州,819,0.736328,六駮,灧堆正如馬
line,10139,0527,西樓夜,819,0.735352,三月三,年光東流水
line,16291,1114,龍昌寺荷池,819,0.735352,龍,不似此池邊
line,6225,0267,贈杓直,819,0.734863,酒,有興或飲酒
line,10051,0522,初入峽有感,819,0.733398,口齒,小石如牙齒
line,10129,0525,初到忠州登東樓寄萬州楊八使君,819,0.731445,面,其如美人面
line,16023,1097,江州赴忠州至江陵已來舟中示舍弟五十韻,819,0.730957,笛,歌曲竹枝聲
line,10172,0529,寄王質夫,819,0.729980,老,老去隨所託
line,6235,0267,贈杓直,819,0.727051,道教,此道不可道
line,10204,0531,招蕭處士,819,0.726562,舂,相對不相知
line,16380,1124,留北客,819,0.724609,笙,笙歌隨分有
line,10154,0529,寄王質夫,819,0.724121,利,不爲名利著
line,16051,1097,江州赴忠州至江陵已來舟中示舍弟五十韻,819,0.723633,霜,蠶繭自纏縈
line,16172,1104,郡齋暇日憶廬山草堂兼寄二林僧社三十韻多叙貶官已來出處之意,819,0.723633,禁衛,鵷鸞失故行
line,6210,0267,贈杓直,819,0.723145,姓氏,又爲五品官
line,10091,0523,過昭君村,819,0.723145,賻贈,不取往者戒
line,16074,1097,江州赴忠州至江陵已來舟中示舍弟五十韻,819,0.722168,冨,此心知止足
line,16423,1133,送客歸京,819,0.720703,鼎,何時歸到秦
line,6219,0267,贈杓直,819,0.719727,隠逸,進不厭朝市
line,16336,1122,即事寄微之,819,0.718750,食,飽暖飢寒何足道
line,10052,0522,初入峽有感,819,0.718262,行步,一步不可行
line,16056,1097,江州赴忠州至江陵已來舟中示舍弟五十韻,819,0.718262,蟬,鶗鴂鳴還歇
line,10659,0559,歲晚,819,0.714844,養生,物皆復本源
line,10192,0530,南賓郡齋即事寄楊萬州,819,0.713867,俸禄,以黄絹支給充俸
line,10707,0562,宿溪翁,820,0.844238,郎官,郎官應列宿
line,10404,0544,哭王質夫,820,0.807617,儒教,重有君子儒
line,11167,0584,客中月,820,0.806152,好客,客從江南來
line,16806,1202,吳七郎中山人待制班中偶贈絶句,820,0.801270,鶴,那得遼東鶴下來
line,10507,0549,郡中春讌因贈諸客,820,0.787109,館驛,身騎牂牁馬
line,10494,0548,哭諸故人因寄元八,820,0.781250,祖孫,今聞君抱孫
line,10480,0548,哭諸故人因寄元八,820,0.778809,死哭,今日哭寢門
line,10315,0539,早祭風伯因懷李十一舍人,820,0.775391,聽,至今想在耳
line,10479,0548,哭諸故人因寄元八,820,0.771484,死哭,昨日哭寢門
line,16812,1203,和張十八秘書謝裴相公寄馬,820,0.766602,粟,紅粟難賒得飽無
line,16675,1176,惻惻吟,820,0.765625,改過,惻惻復惻惻
line,10387,0543,我身,820,0.764160,貧,窮則爲鷦鷯
line,10499,0549,郡中春讌因贈諸客,820,0.757324,文行,僕本儒家子
line,10506,0549,郡中春讌因贈諸客,820,0.754883,奉使,自稱爲使君
line,10547,0551,東澗種柳,820,0.753418,珪璋,長短既不一
line,10366,0542,不二門,820,0.752930,恐懼,憂惱心交鬬
line,10654,0558,遣懷,820,0.751465,乞假,我今無所求
line,10464,0547,登城東古臺,820,0.750977,嵩山,有土青崔嵬
line,16669,1174,商山路有感,820,0.745117,死哭,所經多舊館
line,10718,0563,重過壽泉憶與楊九别時因題店壁,820,0.741699,衣服,形容已變改
line,10530,0549,郡中春讌因贈諸客,820,0.740723,待妻以禮,隨分有君臣
line,10512,0549,郡中春讌因贈諸客,820,0.740234,雷,玉曆布春分
line,16260,1108,東城春意,820,0.740234,朋友,其如親故遠
line,10399,0544,哭王質夫,820,0.739746,死哭,踟躕寢門側
line,10500,0549,郡中春讌因贈諸客,820,0.739746,門戶,待詔金馬門
line,16674,1175,商山路驛桐樹昔與微之前後題名處,820,0.738770,棄官,這迴歸去免來無
line,10517,0549,郡中春讌因贈諸客,820,0.738281,雜蟲鳥,有如蟄蟲鳥
line,10565,0552,卧小齋,820,0.738281,朝會,朝起視事畢
line,10314,0539,早祭風伯因懷李十一舍人,820,0.736816,阪,所思心未寧
line,10390,0543,我身,820,0.735840,貧,身窮心不窮
line,10400,0544,哭王質夫,820,0.735352,哭,聲發涕亦俱
line,10284,0537,江上送客,820,0.733887,嫂叔,仍爲此中别
line,10515,0549,郡中春讌因贈諸客,820,0.733887,判司,冉冉趨府吏
line,16508,1148,聞雷,820,0.732910,貧,窮冬不見雪
line,10700,0562,宿溪翁,820,0.732422,貧,於中甚安適
line,10609,0555,蚊蟆,820,0.730469,傲慢,如有膚受譖
line,10279,0537,江上送客,820,0.729980,好客,遠客何處歸
line,10398,0544,哭王質夫,820,0.729980,雞,欲哭復踟躕
line,10522,0549,郡中春讌因贈諸客,820,0.729980,用灋不平,高下隨所陳
line,10682,0561,委順,820,0.729980,俸禄,郡俸誠不多
line,10267,0536,東城尋春,820,0.727051,改過,今既不如昔
line,10302,0539,早祭風伯因懷李十一舍人,820,0.725098,祭祀,時祀奉朝經
line,10409,0544,哭王質夫,820,0.725098,祈禱,誠知天至高
line,10383,0543,我身,820,0.722656,命運,賦命有厚薄
line,10647,0558,遣懷,820,0.721680,天,天但蒼蒼色
line,10548,0551,東澗種柳,820,0.721191,用灋不平,高下隨所宜
line,10551,0551,東澗種柳,820,0.721191,松柏,松柏不可待
line,16643,1172,發白狗峽次黄牛峽登高寺却望忠州,820,0.721191,狗,白狗次黄牛
line,10716,0563,重過壽泉憶與楊九别時因題店壁,820,0.720703,行旅,一去歷萬里
line,11174,0584,客中月,820,0.720703,鶴,千里遠相逐
line,10389,0543,我身,820,0.720215,道士,苟知此道者
line,16583,1160,三月三日,820,0.720215,春,暮春風景初三日
line,16841,1207,初除主客郎中知制誥與王十一李七元九三舍人中書同宿話舊感懷,820,0.719727,離,已分雲泥行異路
line,10698,0562,宿溪翁,820,0.719238,水田,歲種一頃田
line,10307,0539,早祭風伯因懷李十一舍人,820,0.715820,霧,水霧重如雨
line,10428,0545,東坡種花二首其一,820,0.714844,鶯,好鳥亦栖來
line,10585,0553,步東坡,820,0.714844,杖,閑攜斑竹杖
line,10523,0549,郡中春讌因贈諸客,820,0.714355,鼓,蠻鼓聲坎坎
line,10720,0563,重過壽泉憶與楊九别時因題店壁,820,0.713867,竹,他日君過此
line,10424,0545,東坡種花二首其一,820,0.713379,土宜,地力無高低
line,17261,1252,新昌新居書事四十韻因寄元郎中張博士,821,0.807129,經,梵部經十二
line,10788,0566,竹窗,821,0.785156,伏日,是時三伏天
line,10737,0564,西掖早秋直夜書意,821,0.783691,老,五十不爲夭
line,17045,1233,行簡初授拾遺同早朝入閣因示十二韻,821,0.783691,刻漏,待漏排閶闔
line,16861,1210,中書連直寒食不歸因懷元九,821,0.757324,寒食,今日寒食夜
line,17135,1242,錢侍郎使君以題廬山草堂詩見寄因酬之,821,0.757324,休假,若不休官去
line,10791,0566,竹窗,821,0.756348,奴婢,朝迴解衣裳
line,17262,1252,新昌新居書事四十韻因寄元郎中張博士,821,0.750488,道士,玄書字五千
line,17022,1231,連雨,821,0.750000,晨夜,雞鳴暮復朝
line,17219,1252,新昌新居書事四十韻因寄元郎中張博士,821,0.740723,館驛,敢勞賓客訪
line,17213,1252,新昌新居書事四十韻因寄元郎中張博士,821,0.737793,才過職,丹鳳樓當後
line,17220,1252,新昌新居書事四十韻因寄元郎中張博士,821,0.737793,賞戰功,或望子孫傳
line,17137,1243,寄山僧,821,0.736816,老,眼看過半百
line,10735,0564,西掖早秋直夜書意,821,0.733887,乞假,所得已非少
line,16944,1221,卜居,821,0.732910,貧,貧中無處可安貧
line,17235,1252,新昌新居書事四十韻因寄元郎中張博士,821,0.731934,菊,籬東花掩映
line,10739,0564,西掖早秋直夜書意,821,0.727539,冨,貪求何日了
line,16891,1214,重和元少尹,821,0.727539,京兆尹,鳳閣舍人京亞尹
line,16903,1216,醉後,821,0.725586,酒,酒後高歌且放狂
line,16934,1218,晚春重到集賢院,821,0.725586,得賢,殿名擡舉號爲賢
line,10796,0566,竹窗,821,0.724609,卜筮,乃知前古人
line,17108,1238,送客南遷,821,0.720215,蒲桃,宜醉不宜醒
line,10793,0566,竹窗,821,0.718750,冰,小簟六尺牀
line,17254,1252,新昌新居書事四十韻因寄元郎中張博士,821,0.718262,珮,猶爲組綬纏
line,17217,1252,新昌新居書事四十韻因寄元郎中張博士,821,0.717773,省官,省吏嫌坊遠
line,10733,0564,西掖早秋直夜書意,821,0.717285,鳥,稻粱養山鳥
line,17121,1240,寄遠,821,0.717285,舟,坐看新落葉
line,16993,1227,西省北院新構小亭種竹開窗東通騎省與李常侍隔窗小飲各題四韻,821,0.716797,酒,金貂醉看好
line,17102,1238,送客南遷,821,0.716797,津渡,舟如委浪萍
line,17253,1252,新昌新居書事四十韻因寄元郎中張博士,821,0.716797,鬭,尚有妻孥累
line,16999,1228,酬元郎中同制加朝散大夫書懷見贈,821,0.716309,擇交,曩者定交非勢利
line,17032,1232,初加朝散大夫又轉上柱國,821,0.716309,鶴,乘軒鶴亦長精神
line,17238,1252,新昌新居書事四十韻因寄元郎中張博士,821,0.715820,宮觀,名慚紫禁仙
line,17049,1233,行簡初授拾遺同早朝入閣因示十二韻,821,0.715332,招戶口,並入連稱籍
line,7627,0356,詠懷,822,0.905762,儉,物有損而益
line,7586,0354,狂歌詞,822,0.859375,老,五十已後衰
line,17745,1314,贈江州李十使君員外十二韻,822,0.835449,才稱職,長短才雖異
line,17636,1303,商山路有感,822,0.817383,言語,能無惻惻乎
line,7557,0352,初領郡政衙退登東樓作,822,0.799805,縣尉,未免州縣勞
line,7626,0356,詠懷,822,0.797363,齊物,事有得而失
line,7269,0332,長慶二年七月自中書舍人出守杭州路次藍溪作,822,0.794434,行旅,羈旅曾遊此
line,7333,0336,宿藍橋對月,822,0.793457,茶,聊將茶代酒
line,11649,0602,醉後狂言酬贈蕭殷二協律,822,0.791992,衣服,天寒身上猶衣葛
line,10743,0565,庭松,822,0.791504,用灋不平,高下亦不齊
line,10761,0565,庭松,822,0.785156,赦,多爲人所咍
line,17800,1321,初到郡齋寄錢湖州李蘇州,822,0.781250,戲謔,半作白頭翁
line,7401,0344,馬上作,822,0.778809,郎官,兩入承明廬
line,7381,0342,感舊紗帽,822,0.778320,戲謔,贈我白頭翁
line,17778,1318,九江北岸遇風雨,822,0.775879,戲謔,白頭浪裏白頭翁
line,11306,0591,畫竹歌,822,0.775391,醜丈夫,無以答貺
line,7485,0349,山雉,822,0.773926,雉,時哉山梁雉
line,7548,0351,自蜀江至洞庭湖口有感而作,822,0.771973,美田,滲作膏腴田
line,17729,1314,贈江州李十使君員外十二韻,822,0.771484,雪,經過剡谿雪
line,17345,1263,元家花,822,0.770996,風,春風可得知
line,17439,1270,送嚴大夫赴桂州,822,0.768555,旌旗,旌旗艛艓中
line,7428,0344,馬上作,822,0.767578,老,五十未全老
line,17732,1314,贈江州李十使君員外十二韻,822,0.764160,諫諍,堪爲侍從臣
line,17798,1320,秋寒,822,0.763672,舟,唯擬學虛舟
line,17940,1336,晚歲,822,0.763184,恤老,年衰無子孫
line,7446,0345,秋蝶,822,0.762695,鶴,不見千年鶴
line,10758,0565,庭松,822,0.762207,敘四時,四時各有趣
line,17366,1267,草詞畢遇芍藥初開因詠小謝紅藥當堦翻詩以爲一句未盡其狀偶成十六韻,822,0.761230,制誥,罷草紫泥詔
line,11305,0591,畫竹歌,822,0.760254,賑貸,予厚其意
line,7611,0356,詠懷,822,0.758301,刺史,今爲二千石
line,7425,0344,馬上作,822,0.757324,猜認,亦不少酒酤
line,11665,0602,醉後狂言酬贈蕭殷二協律,822,0.757324,裘,此裘非繒亦非纊
line,17742,1314,贈江州李十使君員外十二韻,822,0.756348,刺史,今又相次出爲刺史
line,17654,1304,重感,822,0.753906,鬚,閑捋白髭鬚
line,17281,1253,喜敏中及第偶示所懷,822,0.753418,舉選,始予進士及第
line,10893,0573,衰病無趣因吟所懷,822,0.751953,食,朝餐多不飽
line,7581,0353,清調吟,822,0.750977,笑,即須開口笑
line,17653,1304,重感,822,0.750977,杖,困支青竹杖
line,11667,0602,醉後狂言酬贈蕭殷二協律,822,0.750488,衣服,刀尺鈍拙製未畢
line,17701,1313,重到江州感舊遊題郡樓十一韻,822,0.750488,中書舍人,掌綸知是忝
line,17371,1267,草詞畢遇芍藥初開因詠小謝紅藥當堦翻詩以爲一句未盡其狀偶成十六韻,822,0.750000,杯,行觀步履遲
line,7517,0351,自蜀江至洞庭湖口有感而作,822,0.749512,水,大哉禹之績
line,10875,0571,玩松竹二首其一,822,0.749023,鳳,栖鳳安於梧
line,17700,1312,吉祥寺見錢侍郎題名,822,0.749023,故舊,况見故人名
line,7409,0344,馬上作,822,0.747559,舉薦,誤上賢能書
line,7503,0350,初下漢江舟中作寄兩省給舍,822,0.747559,忠,且稱守土臣
line,7588,0354,狂歌詞,822,0.747070,秋,晝夜又分半
line,7615,0356,詠懷,822,0.746582,勤,終日多憂惕
line,7535,0351,自蜀江至洞庭湖口有感而作,822,0.745605,叛亂,恃險不終役
line,10842,0569,曲江感秋二首其一,822,0.745605,津渡,重弔湘江屈
line,7729,0361,吾雛,822,0.745117,議讞,于公歎緹縈
line,10767,0565,庭松,822,0.743652,賢,豈必交賢才
line,7493,0349,山雉,822,0.742676,犧牲,必有犧牲患
line,17440,1270,送嚴大夫赴桂州,822,0.741211,大將,大夫應絶席
line,10744,0565,庭松,822,0.739746,牆壁,高者三丈長
line,7572,0353,清調吟,822,0.738281,酒,勸君飲濁醪
line,10748,0565,庭松,822,0.737305,屋室,接以青瓦屋
line,7617,0356,詠懷,822,0.736816,酒,有酒不敢喫
line,7554,0352,初領郡政衙退登東樓作,822,0.735840,褊急,鰥惸心所念
line,17645,1303,商山路有感,822,0.734863,墳墓,杓直泉埋玉
line,7516,0351,自蜀江至洞庭湖口有感而作,822,0.734375,水,不爾民爲魚
line,17697,1312,吉祥寺見錢侍郎題名,822,0.733887,離别,雲雨三年别
line,17687,1310,山泉煎茶有懷,822,0.733398,醜丈夫,無由持一盌
line,17867,1329,衰病,822,0.733398,老,老與病相仍
line,7466,0348,山路偶興,822,0.732910,馬,筋力未全衰
line,7341,0337,自望秦赴五松驛馬上偶睡睡覺成吟,822,0.732422,行步,纔行百步地
line,7714,0361,吾雛,822,0.732422,離,嗟吾不生子
line,10876,0571,玩松竹二首其一,822,0.732422,苑囿,潛魚樂於藻
line,7399,0344,馬上作,822,0.731445,爵,爵乃朝大夫
line,7432,0344,馬上作,822,0.730957,風,秋風起江上
line,17810,1321,初到郡齋寄錢湖州李蘇州,822,0.730957,言語,閑忙恰得中
line,17433,1269,與沈楊二舍人閣老同食敕賜櫻桃玩物感恩因成十四韻,822,0.729980,食,飽餵不才身
line,17954,1337,宿竹閣,822,0.729492,道教,即此是玄關
line,10917,0574,逍遥詠,822,0.728516,冨,無戀亦無厭
line,17347,1264,代人贈王員外,822,0.728516,怨棄,平生記得不
line,7263,0332,長慶二年七月自中書舍人出守杭州路次藍溪作,822,0.728027,幼學,于兹十年矣
line,7628,0356,詠懷,822,0.728027,祥瑞,所以見道人
line,7721,0361,吾雛,822,0.727539,母子,汝齒昨始生
line,17619,1301,初罷中書舍人,822,0.727539,換官,不休更擬覓何官
line,17385,1267,草詞畢遇芍藥初開因詠小謝紅藥當堦翻詩以爲一句未盡其狀偶成十六韻,822,0.726562,鳥,絳幘欠纓緌
line,17420,1269,與沈楊二舍人閣老同食敕賜櫻桃玩物感恩因成十四韻,822,0.726562,雜果,肉嫌盧橘厚
line,17873,1329,衰病,822,0.726562,性情,性多移不得
line,7541,0351,自蜀江至洞庭湖口有感而作,822,0.725586,葬,治之在鍼石
line,17718,1313,重到江州感舊遊題郡樓十一韻,822,0.725586,風流,再上庾樓行
line,17951,1337,宿竹閣,822,0.725586,百工,巧未能勝拙
line,11655,0602,醉後狂言酬贈蕭殷二協律,822,0.725098,刺史,此時太守自慚愧
line,10746,0565,庭松,822,0.724609,野,有如野生物
line,7488,0349,山雉,822,0.724121,雞,雌雄與羣雛
line,7464,0347,枯桑,822,0.722656,恐懼,有似多憂者
line,17621,1302,宿陽城驛對月,822,0.722168,清亷,妻孥未出關
line,17917,1335,花樓望雪命宴賦詩,822,0.721680,道路,何處更能分道路
line,7496,0350,初下漢江舟中作寄兩省給舍,822,0.721191,食,一食飽至夜
line,17614,1301,初罷中書舍人,822,0.721191,諫諍,或望君臣相獻替
line,7398,0344,馬上作,822,0.720703,刺史,勳爲上柱國
line,17900,1333,白髮,822,0.720703,鶴,霜毛繞鬢垂
line,7312,0335,宿清源寺,822,0.719727,酒,往謫潯陽去
line,7510,0351,自蜀江至洞庭湖口有感而作,822,0.719238,河,江從西南來
line,11307,0591,畫竹歌,822,0.718750,歌,作歌以報之
line,17907,1334,錢湖州以箬下酒李蘇州以五酘酒相次寄到無因同飲聊詠所懷,822,0.718750,食,勞將箬下忘憂物
line,10815,0567,同韓侍郎遊鄭家池吟詩小飲,822,0.718262,圖畫,尚有心情在
line,17458,1273,七言十二句贈駕部吳郎中七兄,822,0.718262,夏,四月天氣和且清
line,17767,1316,重題,822,0.718262,未能為政,不能成一事
line,7281,0332,長慶二年七月自中書舍人出守杭州路次藍溪作,822,0.717285,崑崙山,浩蕩五千里
line,17755,1315,題别遺愛草堂兼呈李十使君,822,0.717285,魚,五年方暫至
line,7620,0356,詠懷,822,0.716309,宴,飽食坐終朝
line,7629,0356,詠懷,822,0.716309,僧,觀心不觀跡
line,10824,0568,晚歸有感,822,0.716309,幼學,如何十年間
line,17408,1269,與沈楊二舍人閣老同食敕賜櫻桃玩物感恩因成十四韻,822,0.716309,縣令,驅禽養得熟
line,17709,1313,重到江州感舊遊題郡樓十一韻,822,0.716309,少傅,還乘小艛艓
line,17360,1266,蕭相公宅遇自遠禪師有感而贈,822,0.715820,行旅,轉似秋蓬無定處
line,17605,1299,閑坐,822,0.715820,父子,無兒比鄧攸
line,7254,0332,長慶二年七月自中書舍人出守杭州路次藍溪作,822,0.715332,郎官,伏閣三上章
line,7452,0346,登商山最高頂,822,0.715332,善誘,或名誘其心
line,10829,0568,晚歸有感,822,0.715332,夢,嘗夢見之
line,10832,0568,晚歸有感,822,0.715332,風,春城好風日
line,17335,1261,莫走柳條詞送别,822,0.715332,杯,勸酒勝於人
line,7284,0332,長慶二年七月自中書舍人出守杭州路次藍溪作,822,0.714844,行步,是行頗爲愜
line,17492,1276,訪陳二,822,0.714844,駱駝,此外皆閑事
line,7256,0332,長慶二年七月自中書舍人出守杭州路次藍溪作,822,0.714355,勤學,聖人存大體
line,7577,0353,清調吟,822,0.714355,爭長,不合長年少
line,7624,0356,詠懷,822,0.714355,寢,先務身安閑
line,7498,0350,初下漢江舟中作寄兩省給舍,822,0.713379,晨夜,晨無朝謁勞
line,7597,0355,郡亭,822,0.713379,知音,多在琴書前
line,17388,1267,草詞畢遇芍藥初開因詠小謝紅藥當堦翻詩以爲一句未盡其狀偶成十六韻,822,0.713379,竊盜,疑香薰罨畫
line,17748,1314,贈江州李十使君員外十二韻,822,0.713379,舂,不合不相親
line,20730,1521,酬微之,823,0.798340,舉讎,”故以此舉之
line,18191,1368,新秋病起,823,0.796875,戲謔,得作白頭翁
line,11182,0585,挽歌詞,823,0.774902,車,轜車儼欲行
line,18016,1346,城上,823,0.765137,金鼓,城上鼕鼕鼓
line,7690,0359,郡齋暇日辱常州陳郎中使君早春晚坐水西館書事詩十六韻見寄亦以十六韻酬之,823,0.760742,辭官,敢辭官遠慢
line,17991,1341,小歲日對酒吟錢湖州所寄詩,823,0.759766,朋友,彼此老心知
line,18131,1361,醉中酬殷協律,823,0.758301,相思,命駕三千里外來
line,20879,1531,祭社宵興燈前偶作,823,0.745117,辭官,須著病辭官
line,7630,0357,立春後五日,823,0.742188,春,立春後五日
line,7732,0362,題小橋前新竹招客,823,0.740723,橋,雁齒小虹橋
line,18190,1368,新秋病起,823,0.739746,羞恥,猶須自慚愧
line,16784,1197,南浦别,823,0.737793,風,西風嫋嫋秋
line,18187,1368,新秋病起,823,0.734375,酒,伐性酒狂中
line,18156,1365,贈沙鷗,823,0.732422,酒,遇酒多先醉
line,18262,1378,予以長慶二年冬十月到杭州明年秋九月始與范陽盧賈汝南周元範蘭陵蕭悦清河崔求東萊劉方輿同遊恩德寺之泉洞竹石籍甚久矣及兹目擊果愜心期因自嗟云到郡周歲方來入寺半日復去俯視朱綬仰睇白雲有愧於心遂留絶句,823,0.731934,縣令,暫來不宿歸州去
line,7711,0360,官舍,823,0.728516,形貎,吾亦引吾雛
line,20747,1522,餘思未盡加爲六韻重寄微之,823,0.727539,易風俗,始變俗體
line,7660,0358,郡中即事,823,0.726562,車,爲報高車蓋
line,7733,0362,題小橋前新竹招客,823,0.725098,賤,垂簷低白屋
line,11674,0603,醉歌,823,0.724121,關,黄雞催曉丑時鳴
line,20436,1498,天竺寺七葉堂避暑,823,0.724121,貴,行入七葉堂
line,20740,1522,餘思未盡加爲六韻重寄微之,823,0.723145,辭官,予除中書舍人
line,18154,1365,贈沙鷗,823,0.722168,養生,形骸雖有累
line,18219,1372,夜招周協律兼答所贈,823,0.722168,父子,彼此老無兒
line,7661,0358,郡中即事,823,0.721191,賤,恐非真富貴
line,20774,1524,酬微之誇鏡湖,823,0.719727,行旅,微之詩云
line,20887,1532,閑卧,823,0.719727,屏風,屏遮入座風
line,17985,1341,小歲日對酒吟錢湖州所寄詩,823,0.719238,阪,閑吟有所思
line,18039,1350,獨行,823,0.719238,杖,閑攜青竹杖隨身
line,20753,1522,餘思未盡加爲六韻重寄微之,823,0.719238,父子,蔡邕無兒
line,18159,1365,贈沙鷗,823,0.718750,隼,猶避隼旟飛
line,20801,1526,醉封詩筒寄微之,823,0.718750,戲謔,無兒俱作白頭翁
line,20874,1531,祭社宵興燈前偶作,823,0.717285,鼓,城頭傳鼓角
line,7663,0359,郡齋暇日辱常州陳郎中使君早春晚坐水西館書事詩十六韻見寄亦以十六韻酬之,823,0.716309,乳母,晏起褰簾坐
line,18061,1353,清明日觀妓舞聽客詩,823,0.715820,禪定,併在此時心
line,11186,0585,挽歌詞,823,0.715332,離,妻子與弟兄
line,20728,1521,酬微之,823,0.714844,父子,“天遣兩家無嗣子
line,11183,0585,挽歌詞,823,0.713867,原隰,蕭條九月天
line,21255,1580,求分司東都寄牛相公十韻,824,0.946777,車,同載而歸
line,7972,0378,移家入新宅,824,0.887695,宅,既可避燥濕
line,7956,0376,洛中偶作,824,0.861328,老,不知老將至
line,8006,0380,鶴,824,0.833496,性情,人各有所好
line,8000,0378,移家入新宅,824,0.813965,性情,各得適其性
line,7799,0366,南亭對酒送春,824,0.812500,賤,亦不爲賤貧
line,21021,1550,聞歌妓唱嚴郎中詩因以絶句寄之,824,0.797852,政理,但是人家有遺愛
line,7888,0373,自餘杭歸宿淮口作,824,0.788574,奴婢,乃至僮僕間
line,18309,1384,見李蘇州示男阿武詩自感成詠,824,0.788574,母子,老蚌不生珠
line,21061,1556,别州民,824,0.780273,重斂,税重多貧户
line,21137,1564,埇橋舊業,824,0.780273,重斂,有税田疇薄
line,20846,1529,早春西湖閑遊悵然興懷憶與微之同賞因思在越官重事殷鏡湖之遊或恐未暇偶成十八韻寄微之,824,0.776855,老,彼此年將老
line,7961,0377,贈蘇少府,824,0.772461,游俠,論心杯酒間
line,7865,0370,三年爲刺史二首其一,824,0.771973,相思,豈有思人不
line,7893,0373,自餘杭歸宿淮口作,824,0.760254,琴,琴書在我側
line,21302,1582,履道新居二十韻,824,0.760254,琴,琴書中有得
line,7952,0376,洛中偶作,824,0.758301,讎怨,筆下成釋憾
line,21066,1556,别州民,824,0.758301,水田,貯水以防天旱
line,21200,1572,好聽琴,824,0.757812,戲謔,安慰白頭翁
line,20956,1541,早飲湖州酒寄崔使君,824,0.757324,異味,嘗看氣味殊
line,21176,1570,洛下寓居,824,0.756836,琴,琴不爲人彈
line,7837,0368,仲夏齋戒月,824,0.755859,勇,氣衰神不全
line,21245,1580,求分司東都寄牛相公十韻,824,0.755859,儉,儉薄身都慣
line,7988,0378,移家入新宅,824,0.755371,相思,有思一何遠
line,7786,0365,嚴十八郎中在郡日改制東南樓因名清輝未立標牓徵歸郎署予既到郡性愛樓居宴遊其間頗有幽致聊成十韻兼戲寄嚴,824,0.754883,秋,始知天地間
line,21037,1553,天竺寺送堅上人歸廬山,824,0.754883,舟,偶來舟不繫
line,21183,1570,洛下寓居,824,0.753906,棄官,如能便歸去
line,20835,1529,早春西湖閑遊悵然興懷憶與微之同賞因思在越官重事殷鏡湖之遊或恐未暇偶成十八韻寄微之,824,0.752930,冠弁冕,行攜漉酒巾
line,8070,0384,池畔二首其一,824,0.751953,射,此意人不知
line,7976,0378,移家入新宅,824,0.751465,俸禄,幸有祿俸在
line,21247,1580,求分司東都寄牛相公十韻,824,0.749512,食,飯粗餐亦飽
line,7945,0376,洛中偶作,824,0.748535,褊急,能不心悢悢
line,8066,0383,晏起,824,0.747559,性情,彼此各自適
line,21159,1568,途中題山泉,824,0.746094,海,向東應入海
line,20849,1529,早春西湖閑遊悵然興懷憶與微之同賞因思在越官重事殷鏡湖之遊或恐未暇偶成十八韻寄微之,824,0.745605,宅,遠地得爲鄰
line,8018,0381,自詠,824,0.743164,醜丈夫,咄哉箇丈夫
line,7997,0378,移家入新宅,824,0.742188,求糴,閽閉何人知
line,21225,1578,小院酒醒,824,0.742188,酒,酒醒閑獨步
line,21038,1553,天竺寺送堅上人歸廬山,824,0.741699,鳥,忽去鳥無蹤
line,20925,1537,自感,824,0.741211,吏久從政,始知官職爲他人
line,8016,0381,自詠,824,0.739258,雪,玄鬢化爲雪
line,7993,0378,移家入新宅,824,0.735352,龜,冬夜支床龜
line,20966,1542,病中書事,824,0.734863,蟬,蟬不待秋鳴
line,21263,1580,求分司東都寄牛相公十韻,824,0.733398,同官,可惜不分司
line,7941,0376,洛中偶作,824,0.732422,《詩》,有詩千餘章
line,20994,1546,酬周協律,824,0.732422,君臣,猶作近臣看
line,7977,0378,移家入新宅,824,0.730469,公主,而無職役羈
line,8034,0381,自詠,824,0.729004,改過,誠知此事非
line,7975,0378,移家入新宅,824,0.727539,春,官閑得分司
line,7983,0378,移家入新宅,824,0.727051,詩,放情不過詩
line,18361,1392,晚興,824,0.726074,離别,不覺過三年
line,8030,0381,自詠,824,0.725098,甕,眠罷又一酌
line,18295,1382,醉送李協律赴湖南辟命因寄沈八中丞,824,0.725098,草,青草湖南稱意無
line,21147,1565,茅城驛,824,0.725098,原隰,最是蕭條處
line,7801,0366,南亭對酒送春,824,0.724609,老,多老於我身
line,7860,0370,三年爲刺史二首其一,824,0.724609,刺史,三年爲刺史
line,8036,0381,自詠,824,0.724121,改制灋令,豈不欲自改
line,21011,1548,詩解,824,0.723145,自舉,但令長守郡
line,18332,1388,自歎二首其一,824,0.722656,從學,實事漸消虛事在
line,21111,1560,重題别東樓,824,0.721680,濤,每歲八月迎濤
line,18297,1382,醉送李協律赴湖南辟命因寄沈八中丞,824,0.721191,幕府,幕中收得阮元瑜
line,8052,0383,晏起,824,0.720703,火,鳥鳴庭樹上
line,20859,1529,早春西湖閑遊悵然興懷憶與微之同賞因思在越官重事殷鏡湖之遊或恐未暇偶成十八韻寄微之,824,0.720215,塵,歸生道路塵
line,21304,1582,履道新居二十韻,824,0.720215,德,濟世才無取
line,21288,1582,履道新居二十韻,824,0.719727,塵,地與塵相遠
line,7912,0375,洛下卜居,824,0.719238,塉田,飲啄供稻粱
line,21257,1580,求分司東都寄牛相公十韻,824,0.719238,買賣田,田家賣與池
line,20847,1529,早春西湖閑遊悵然興懷憶與微之同賞因思在越官重事殷鏡湖之遊或恐未暇偶成十八韻寄微之,824,0.718750,親屬,平生分最親
line,7894,0373,自餘杭歸宿淮口作,824,0.717285,關,此外吾不知
line,21075,1557,留題天竺靈隱兩寺,824,0.716797,僧,僧徒多悵望
line,7863,0370,三年爲刺史二首其一,824,0.713379,李,題詩十餘首
line,21689,1625,自到郡齋僅經旬日方專公務未及宴遊偷閑走筆題二十四韻兼寄常州賈舍人湖州崔郎中仍呈吳中諸客,825,0.860840,刺史,未徵黄霸
line,21690,1625,自到郡齋僅經旬日方專公務未及宴遊偷閑走筆題二十四韻兼寄常州賈舍人湖州崔郎中仍呈吳中諸客,825,0.831055,刺史,猶借寇恂
line,18937,1419,和微之聽妻彈别鶴操因爲解釋其義依韻加四句,825,0.813477,擇夫,誓將死同穴
line,18938,1419,和微之聽妻彈别鶴操因爲解釋其義依韻加四句,825,0.797852,父子,其奈生無子
line,21715,1625,自到郡齋僅經旬日方專公務未及宴遊偷閑走筆題二十四韻兼寄常州賈舍人湖州崔郎中仍呈吳中諸客,825,0.785645,草,池塘閑長草
line,21786,1631,池上早秋,825,0.784668,菊,殘照下東籬
line,21383,1592,病中辱張常侍題集賢院詩因以繼和,825,0.783203,閣,天祿閣門開
line,21680,1625,自到郡齋僅經旬日方專公務未及宴遊偷閑走筆題二十四韻兼寄常州賈舍人湖州崔郎中仍呈吳中諸客,825,0.779785,勤官,補拙莫如勤
line,21798,1632,郡西亭偶詠,825,0.779297,戒律,但要修行功用深
line,18444,1399,題西亭,825,0.776855,宴,此宜宴嘉賓
line,18430,1399,題西亭,825,0.776367,園圃,西園景多暇
line,18639,1405,同微之贈别郭虛舟煉師五十韻,825,0.776367,相思,故情若相思
line,18445,1399,題西亭,825,0.775391,竽,鼓瑟吹笙竽
line,18741,1406,霓裳羽衣歌,825,0.775391,父子,其母抱之
line,21670,1625,自到郡齋僅經旬日方專公務未及宴遊偷閑走筆題二十四韻兼寄常州賈舍人湖州崔郎中仍呈吳中諸客,825,0.772461,印綬,冒榮慚印綬
line,18569,1405,同微之贈别郭虛舟煉師五十韻,825,0.770508,從坐,謂其坐致之
line,18960,1419,和微之聽妻彈别鶴操因爲解釋其義依韻加四句,825,0.768555,夫婦,有妻偕老矣
line,21685,1625,自到郡齋僅經旬日方專公務未及宴遊偷閑走筆題二十四韻兼寄常州賈舍人湖州崔郎中仍呈吳中諸客,825,0.768066,手,襦袴提於手
line,21508,1611,城東閑行因題尉遲司業水閣,825,0.766113,錢,無人知姓名
line,18772,1407,小童薛陽陶吹觱篥歌,825,0.761230,珠,轢轢轔轔似珠貫
line,18728,1406,霓裳羽衣歌,825,0.760742,《詩》,發於歌詠形於詩
line,21674,1625,自到郡齋僅經旬日方專公務未及宴遊偷閑走筆題二十四韻兼寄常州賈舍人湖州崔郎中仍呈吳中諸客,825,0.760254,示信,施於物爲政能
line,21489,1609,洛城東花下作,825,0.758789,倉廩,“洛陽城東面
line,18636,1405,同微之贈别郭虛舟煉師五十韻,825,0.757812,鶴,朱頂鶴一隻
line,21621,1620,去歲罷杭州今春領吳郡慚無善政聊寫鄙懷兼寄三相公,825,0.756348,諫諍,堪爲持節臣
line,18570,1405,同微之贈别郭虛舟煉師五十韻,825,0.754883,待妻以禮,自負因自歎
line,18936,1419,和微之聽妻彈别鶴操因爲解釋其義依韻加四句,825,0.753418,離,生離不如死
line,21695,1625,自到郡齋僅經旬日方專公務未及宴遊偷閑走筆題二十四韻兼寄常州賈舍人湖州崔郎中仍呈吳中諸客,825,0.752441,轉運使,見《唐書》
line,21768,1630,秋寄微之十二韻,825,0.751953,鳥,疏凉雨後風
line,18782,1407,小童薛陽陶吹觱篥歌,825,0.750488,奴婢,有如部伍隨將軍
line,18563,1405,同微之贈别郭虛舟煉師五十韻,825,0.748535,文辭,其辭妙且微
line,18603,1405,同微之贈别郭虛舟煉師五十韻,825,0.747070,太尉,手進賞罰詞
line,21623,1620,去歲罷杭州今春領吳郡慚無善政聊寫鄙懷兼寄三相公,825,0.746094,愚,無惠及飢貧
line,21635,1621,宣武令狐相公以詩寄贈傳播吳中聊用短章用伸酬謝,825,0.745605,大將,不知官是上將軍
line,21686,1625,自到郡齋僅經旬日方專公務未及宴遊偷閑走筆題二十四韻兼寄常州賈舍人湖州崔郎中仍呈吳中諸客,825,0.745605,珮,韋弦佩在紳
line,18538,1404,九日宴集醉題郡樓兼呈周殷二判官,825,0.745117,老,五旬已過不爲夭
line,18547,1405,同微之贈别郭虛舟煉師五十韻,825,0.743652,威儀,白皙好容儀
line,21673,1625,自到郡齋僅經旬日方專公務未及宴遊偷閑走筆題二十四韻兼寄常州賈舍人湖州崔郎中仍呈吳中諸客,825,0.743652,險固,“藏於己爲道義
line,21708,1625,自到郡齋僅經旬日方專公務未及宴遊偷閑走筆題二十四韻兼寄常州賈舍人湖州崔郎中仍呈吳中諸客,825,0.743164,鳥,聲殘鳥過春
line,21697,1625,自到郡齋僅經旬日方專公務未及宴遊偷閑走筆題二十四韻兼寄常州賈舍人湖州崔郎中仍呈吳中諸客,825,0.742676,碑,制詔誇黄絹
line,18504,1404,九日宴集醉題郡樓兼呈周殷二判官,825,0.741211,臺,姑蘇臺榭倚蒼靄
line,18616,1405,同微之贈别郭虛舟煉師五十韻,825,0.741211,霜,雪霜各滿鬢
line,21546,1615,奉和汴州令狐相公二十二韻,825,0.739258,谦讓,貌爲禮賢謙
line,18686,1406,霓裳羽衣歌,825,0.738770,仙,唯《霓裳》之末
line,18961,1419,和微之聽妻彈别鶴操因爲解釋其義依韻加四句,825,0.738281,離,幸免生别離
line,21684,1625,自到郡齋僅經旬日方專公務未及宴遊偷閑走筆題二十四韻兼寄常州賈舍人湖州崔郎中仍呈吳中諸客,825,0.737793,將作監,安敢不躬親
line,21887,1643,宿湖中,825,0.737305,湖,洞庭山脚太湖心
line,18610,1405,同微之贈别郭虛舟煉師五十韻,825,0.735840,印綬,一提支郡印
line,18730,1406,霓裳羽衣歌,825,0.735840,城,《長恨歌》云
line,18625,1405,同微之贈别郭虛舟煉師五十韻,825,0.734863,太師,問道亦頷頤
line,21452,1602,題新居呈王尹兼簡府中三掾,825,0.734863,貧,貧家乏羨財
line,21792,1632,郡西亭偶詠,825,0.734863,公政,公私塵事不能侵
line,21759,1630,秋寄微之十二韻,825,0.734375,威信及外夷,屈君爲長吏
line,21889,1644,揀貢橘書情,825,0.734375,勤,太守勤王請自行
line,18553,1405,同微之贈别郭虛舟煉師五十韻,825,0.733887,綱罟罝羅,蜉蝣良可悲
line,18404,1398,郡齋旬假命宴呈座客示郡寮,825,0.733398,祭祀,既備獻酬禮
line,21846,1639,喚笙歌,825,0.733398,酒,猶應不如醉
line,18443,1399,題西亭,825,0.731934,風,清風來徐徐
line,21724,1626,題籠鶴,825,0.731934,塵,其如塵事多
line,18486,1403,崔湖州贈紅石琴薦煥如錦文無以答之以詩酬謝,825,0.731445,琴,頳錦支綠綺
line,18655,1406,霓裳羽衣歌,825,0.731445,彈,擊擫彈吹聲邐迤
line,21850,1640,對酒吟,825,0.730957,京兆尹,未換銀青綬
line,18397,1398,郡齋旬假命宴呈座客示郡寮,825,0.730469,軍旅,勞逸常不均
line,18792,1408,啄木曲,825,0.729492,土功,虛勞人氣力
line,18582,1405,同微之贈别郭虛舟煉師五十韻,825,0.729004,夫婦,二物正訢合
line,21666,1625,自到郡齋僅經旬日方專公務未及宴遊偷閑走筆題二十四韻兼寄常州賈舍人湖州崔郎中仍呈吳中諸客,825,0.728516,京兆尹,版圖十萬户
line,8125,0388,泛春池,825,0.727051,縣令,塵纓先抖擻
line,21451,1602,題新居呈王尹兼簡府中三掾,825,0.726562,宅,弊宅須重葺
line,21693,1625,自到郡齋僅經旬日方專公務未及宴遊偷閑走筆題二十四韻兼寄常州賈舍人湖州崔郎中仍呈吳中諸客,825,0.726562,政理,皆有善政
line,18446,1399,題西亭,825,0.726074,酒,荒淫即不可
line,21687,1625,自到郡齋僅經旬日方專公務未及宴遊偷閑走筆題二十四韻兼寄常州賈舍人湖州崔郎中仍呈吳中諸客,825,0.726074,辭官,敢辭稱俗吏
line,18471,1401,北亭卧,825,0.725586,鶴,鶴唳無凡聲
line,18580,1405,同微之贈别郭虛舟煉師五十韻,825,0.725586,齋,齋心獨歎拜
line,18940,1419,和微之聽妻彈别鶴操因爲解釋其義依韻加四句,825,0.725586,子婦,婦出不能止
line,21832,1638,聞行簡恩賜章服喜成長句寄之,825,0.725586,賣官爵,官銜俱是客曹郎
line,18944,1419,和微之聽妻彈别鶴操因爲解釋其義依韻加四句,825,0.725098,形貎,若與人相似
line,21473,1606,崔侍御以孩子三日示其所生詩見示因以二絶和之其一,825,0.724609,月,還似初生三日魄
line,21556,1615,奉和汴州令狐相公二十二韻,825,0.723145,威儀,威容曉助嚴
line,21751,1629,代諸妓贈送周判官,825,0.722656,湖,莫汎扁舟尋范蠡
line,18959,1419,和微之聽妻彈别鶴操因爲解釋其義依韻加四句,825,0.722168,父子,無兒雖薄命
line,21488,1609,洛城東花下作,825,0.721191,洛,花多數洛陽
line,21636,1621,宣武令狐相公以詩寄贈傳播吳中聊用短章用伸酬謝,825,0.720703,葬,辭人命薄多無位
line,21769,1630,秋寄微之十二韻,825,0.720215,綺,餘霞數片綺
line,18600,1405,同微之贈别郭虛舟煉師五十韻,825,0.719727,才不稱職,官雖小大殊
line,18602,1405,同微之贈别郭虛舟煉師五十韻,825,0.719727,柰,我直紫微闥
line,21908,1646,泛太湖書事寄微之,825,0.719727,舟,飄然舟似入虛空
line,21582,1615,奉和汴州令狐相公二十二韻,825,0.719238,好客,猶嫌客不醉
line,21589,1616,船夜援琴,825,0.719238,聽,兩耳是知音
line,21944,1648,西樓喜雪命宴,825,0.719238,乞假,慚無五袴謡
line,18559,1405,同微之贈别郭虛舟煉師五十韻,825,0.717773,射,有術人莫知
line,18551,1405,同微之贈别郭虛舟煉師五十韻,825,0.717285,酤榷,閑飲酒一巵
line,18651,1406,霓裳羽衣歌,825,0.716797,珮,鈿瓔纍纍珮珊珊
line,18687,1406,霓裳羽衣歌,825,0.715820,雞,長引一聲也
line,18396,1398,郡齋旬假命宴呈座客示郡寮,825,0.715332,儲蓄,公多及私少
line,18663,1406,霓裳羽衣歌,825,0.715332,舞,故不舞也
line,18567,1405,同微之贈别郭虛舟煉師五十韻,825,0.713379,疑獄,心中了無疑
line,21683,1625,自到郡齋僅經旬日方專公務未及宴遊偷閑走筆題二十四韻兼寄常州賈舍人湖州崔郎中仍呈吳中諸客,825,0.713379,報德,以兹爲報效
line,18828,1410,雙石,826,0.797852,沐,洗刷去泥垢
line,19130,1431,有感三首其一,826,0.786133,絲,有如蠶造繭
line,18843,1410,雙石,826,0.782227,嗜好,人皆有所好
line,22097,1669,偶作,826,0.778809,杯,行慵舉足遲
line,18849,1410,雙石,826,0.776367,妖怪,石雖不能言
line,19129,1431,有感三首其一,826,0.771484,祖孫,委蛻而已矣
line,22021,1659,自歎,826,0.770508,父母疾,兼爲病所侵
line,19128,1431,有感三首其一,826,0.768555,祖孫,子孫非我有
line,19011,1425,答,826,0.762695,棄官,吏滿六百石
line,18993,1423,吳中好風景二首其一,826,0.762207,衣服,暑退衣服乾
line,18902,1414,自詠五首其一,826,0.754395,夢,不知夢是夢
line,22044,1662,馬墜强出贈同座,826,0.738770,馬,足傷遭馬墜
line,19030,1425,答,826,0.737305,乞假,襦袴無一片
line,18850,1410,雙石,826,0.735352,朋友,許我爲三友
line,19039,1426,别蘇州,826,0.732910,碑銘,去愧無能名
line,22010,1658,夜歸,826,0.730957,館驛,賓寮多謝客
line,18898,1414,自詠五首其一,826,0.729980,大將,求得將何用
line,22459,1710,與夢得同登棲靈塔,826,0.728516,臺,上到棲靈第九層
line,22119,1672,城上夜宴,826,0.727539,正月十五日,惜夜相將秉燭遊
line,22255,1685,重詠,826,0.727539,役使不均,老更不宜忙
line,22387,1699,自喜,826,0.727539,勸農,猶免飢寒得數年
line,22536,1721,贈楚州郭使君,826,0.727051,印綬,黄金印綬懸腰底
line,19070,1427,卯時酒,826,0.726562,貴,寵辱憂喜間
line,22228,1683,夜遊西武丘寺八韻,826,0.723145,駱駝,閑來即一過
line,18837,1410,雙石,826,0.722168,牆壁,峭絶高數尺
line,19089,1428,自問行何遲,826,0.722168,杯,自問行何遲
line,19090,1428,自問行何遲,826,0.722168,錦,還鄉無他計
line,18824,1410,雙石,826,0.721680,湖,得自洞庭口
line,18887,1413,花前歎,826,0.721680,弔,相次喪逝
line,22187,1679,蓮石,826,0.721191,寬恕,心與物相隨
line,22342,1696,齊雲樓晚望偶題十韻兼呈馮侍御周殷二協律,826,0.721191,美婦人,欲辭南國去
line,18886,1413,花前歎,826,0.720215,故舊,皆舊往還
line,22479,1714,感悟妄緣題如上人壁,826,0.719727,勤,爲忙終日同
line,22370,1697,河亭晴望,826,0.716797,門戶,明朝是重九
line,22200,1680,眼病二首其一,826,0.716309,經,已上四句
line,22201,1680,眼病二首其一,826,0.716309,視,皆病眼中所見者
line,19135,1431,有感三首其一,826,0.715820,名譽,舉世皆如此
line,22347,1696,齊雲樓晚望偶題十韻兼呈馮侍御周殷二協律,826,0.715332,鹽,按食鹽籍
line,22376,1698,留别微之,826,0.714844,儉,五千言裏教知足
line,22382,1699,自喜,826,0.714844,離,身兼妻子都三口
line,22286,1688,題報恩寺,826,0.713867,勇,自慚容鬢上
line,19191,1437,喜雨,827,0.805176,性情,人各有所私
line,19204,1437,喜雨,827,0.783691,酒,不如一霢霂
line,22596,1729,初授秘監並賜金紫閑吟小酌偶寫所懷,827,0.767090,父子,子孫無可念
line,19217,1438,題道宗上人十韻,827,0.764648,僧,恐不知上人者
line,22659,1738,登靈應臺北望,827,0.763184,米麴,一稊米落太倉中
line,19231,1438,題道宗上人十韻,827,0.759277,離,縹緲離文字
line,19200,1437,喜雨,827,0.758301,沐,如頭得膏沐
line,19179,1435,經溱洧,827,0.753418,三月三,溱洧至今清
line,19225,1438,題道宗上人十韻,827,0.750977,《詩》,四句有詮次
line,22686,1742,與僧智如夜話,827,0.750977,百工,憂勞緣智巧
line,19223,1438,題道宗上人十韻,827,0.746094,《詩》,以詩爲佛事
line,19193,1437,喜雨,827,0.745117,喪夫,松乾竹燋死
line,22712,1746,華城西北雉堞最高崔相公首創樓臺錢左丞繼種花果合爲勝境題在雅篇歲暮獨遊悵然成詠,827,0.743164,威儀,高居稱君子
line,19269,1441,寄崔少監,827,0.742188,哭,不是尋常聲
line,22618,1732,松齋偶興,827,0.738281,婚姻,約俸爲生計
line,19214,1438,題道宗上人十韻,827,0.737793,釋教,爲解脱性作
line,22645,1735,秋齋,827,0.735840,神異,嵇康向事慵
line,22787,1752,答蘇庶子,827,0.733398,老,老去可禁愁
line,19237,1438,題道宗上人十韻,827,0.731934,師,我獨知師意
line,19215,1438,題道宗上人十韻,827,0.730469,《詩》,不爲詩而作也
line,22552,1723,初到洛下閑遊,827,0.727051,刺史,曾在東方千騎上
line,22671,1740,閑行,827,0.723633,貧,衣食單疏不是貧
line,19162,1434,宿滎陽,827,0.722168,桐,生長在滎陽
line,22697,1744,晚寒,827,0.718750,風,淒風利似刀
line,19234,1438,題道宗上人十韻,827,0.717285,詩,先以詩句牽
line,22738,1748,有小白馬乘馭多時奉使東行至稠桑驛溘然而斃足可驚傷不能忘情題二十韻,827,0.716309,夢,睡來乘作夢
line,19208,1437,喜雨,827,0.715820,玉,同心調玉燭
line,19233,1438,題道宗上人十韻,827,0.714355,三公,上達王公貴
line,19253,1440,寄庾侍郎,827,0.714355,洛,矯矯青雲翮
line,19655,1461,和微之詩二十三首和三月三十日四十韻,828,0.838867,行旅,《楚辭》云
line,19685,1461,和微之詩二十三首和三月三十日四十韻,828,0.835938,舟,范蠡有扁舟
line,19533,1457,和微之詩二十三首和祝蒼華,828,0.814453,日,日居復月諸
line,19717,1462,和微之詩二十三首和寄樂天,828,0.804199,笑,會笑始啞啞
line,19770,1464,和微之詩二十三首和新樓北園偶集從孫公度周巡官韓秀才盧秀才范處士小飲鄭侍御判官周劉二從事皆先歸,828,0.800781,老,百年期不賒
line,19735,1462,和微之詩二十三首和寄樂天,828,0.795898,藉田,《籍田賦》云
line,23219,1813,大和戊申歲大有年詔賜百寮出城觀稼謹書盛事以俟采詩,828,0.793457,倉廩,堆作九年儲
line,22934,1773,喜錢左丞再除華州以詩伸賀,828,0.791504,刺史,重借寇恂來
line,23220,1813,大和戊申歲大有年詔賜百寮出城觀稼謹書盛事以俟采詩,828,0.789551,苗稼,莫道如雲稼
line,19536,1457,和微之詩二十三首和祝蒼華,828,0.786133,絲,化爲素絲縷
line,19665,1461,和微之詩二十三首和三月三十日四十韻,828,0.784180,膾,魚鱠芥醬調
line,19772,1464,和微之詩二十三首和新樓北園偶集從孫公度周巡官韓秀才盧秀才范處士小飲鄭侍御判官周劉二從事皆先歸,828,0.782715,酒,獨醒古所嗟
line,22871,1766,題洛中第宅,828,0.781250,清亷,懸魚掛青甃
line,23017,1787,答裴相公乞鶴,828,0.777344,道路,不稱在泥塗
line,23446,1842,觀幻,828,0.772949,書,鳥迹印空中
line,19632,1461,和微之詩二十三首和三月三十日四十韻,828,0.771973,剛,剛柔無吐茹
line,22878,1766,題洛中第宅,828,0.771973,專殺,多爲將相官
line,19531,1456,和微之詩二十三首和櫛沐寄道友,828,0.771484,冨,但且知止足
line,23226,1814,贈悼懷太子挽歌辭二首其一,828,0.770996,命運,壽夭由天命
line,19631,1461,和微之詩二十三首和三月三十日四十韻,828,0.770020,圖畫,善惡有懲勸
line,19512,1456,和微之詩二十三首和櫛沐寄道友,828,0.769043,寢,假寐須臾間
line,20055,1473,和微之詩二十三首和晨興因報問龜兒,828,0.769043,菜,荼蘗甘如飴
line,19485,1455,和微之詩二十三首和送劉道士遊天台,828,0.767090,夢,人生同大夢
line,19501,1455,和微之詩二十三首和送劉道士遊天台,828,0.765137,老,不知萬齡暮
line,19683,1461,和微之詩二十三首和三月三十日四十韻,828,0.763184,離别,久爲雲雨别
line,23229,1814,贈悼懷太子挽歌辭二首其一,828,0.758789,叔姪,軫念在與夷
line,19534,1457,和微之詩二十三首和祝蒼華,828,0.757812,日,環迴照下土
line,23307,1825,廣府胡尚書頻寄詩因答絶句,828,0.757324,刺史,雖飲貪泉心不回
line,19506,1455,和微之詩二十三首和送劉道士遊天台,828,0.756836,火,刧火不能焚
line,19662,1461,和微之詩二十三首和三月三十日四十韻,828,0.756348,馬,行多馬蹄跙
line,22855,1763,龍門下作,828,0.753906,老,筋力不將諸處用
line,19551,1457,和微之詩二十三首和祝蒼華,828,0.752930,鵲,秃似鵲填河
line,20066,1473,和微之詩二十三首和晨興因報問龜兒,828,0.750977,海,茫茫四海間
line,23280,1821,早寒,828,0.750000,歲除,迎冬兼送老
line,19682,1461,和微之詩二十三首和三月三十日四十韻,828,0.748535,隠逸,君仍畢婚娶
line,19712,1462,和微之詩二十三首和寄樂天,828,0.747559,甕,酌酡頳玉質
line,19589,1460,和微之詩二十三首和我年三首其三,828,0.743652,曠官,昔嘗速官謗
line,19477,1455,和微之詩二十三首和送劉道士遊天台,828,0.742676,火,閬宮縹緲間
line,23367,1833,雙鸚鵡,828,0.741211,鸚鵡,若稱白家鸚鵡鳥
line,19516,1456,和微之詩二十三首和櫛沐寄道友,828,0.740723,執馭,人馬同時閑
line,19563,1458,和微之詩二十三首和我年三首其一,828,0.739746,紙,可能隨衆人
line,19610,1461,和微之詩二十三首和三月三十日四十韻,828,0.739746,土功,豈敢辭勞慮
line,20071,1473,和微之詩二十三首和晨興因報問龜兒,828,0.739258,雁,但見雁南飛
line,23003,1786,早朝,828,0.738770,雞,雞鳴赴建章
line,19706,1462,和微之詩二十三首和寄樂天,828,0.737793,嗣立,有名而無實
line,19497,1455,和微之詩二十三首和送劉道士遊天台,828,0.737305,仙,仙中有大仙
line,23251,1817,和集賢劉學士早朝作,828,0.735352,知音,合入綸闈即可知
line,23343,1830,賦得烏夜啼,828,0.732422,哭,啼澀飢喉咽
line,20095,1474,和微之詩二十三首和朝迴與王煉師遊南山下,828,0.728027,枕,卧枕一卷書
line,19775,1464,和微之詩二十三首和新樓北園偶集從孫公度周巡官韓秀才盧秀才范處士小飲鄭侍御判官周劉二從事皆先歸,828,0.727051,老,稱觴起爲壽
line,19635,1461,和微之詩二十三首和三月三十日四十韻,828,0.725586,祭祀,俗以勞倈安
line,19697,1462,和微之詩二十三首和寄樂天,828,0.725586,兄弟,旁愛及弟兄
line,19705,1462,和微之詩二十三首和寄樂天,828,0.725586,直,不似勢利交
line,20097,1474,和微之詩二十三首和朝迴與王煉師遊南山下,828,0.725586,寢,睡覺心于于
line,22954,1778,閑出,828,0.725586,好客,逢酒醉方歸
line,23372,1834,贈朱道士,828,0.725098,相,三尸餓死爲休粮
line,19523,1456,和微之詩二十三首和櫛沐寄道友,828,0.723633,衣服,晨燭照朝服
line,19628,1461,和微之詩二十三首和三月三十日四十韻,828,0.723633,山,千山一時曙
line,23347,1831,鏡換杯,828,0.723633,鏡,欲將珠匣青銅鏡
line,22837,1759,出使在途所騎馬死改乘肩輿將歸長安偶詠旅懷寄太原李相公,828,0.723145,喪,喪乘獨歸殊不易
line,19545,1457,和微之詩二十三首和祝蒼華,828,0.722656,沐,豈是乏膏沐
line,19596,1460,和微之詩二十三首和我年三首其三,828,0.722656,洛,青雲高渺渺
line,19508,1455,和微之詩二十三首和送劉道士遊天台,828,0.722168,葬,先生垂典墳
line,23311,1826,送鶴與裴相臨别贈詩,828,0.722168,鶴,不信聽吟送鶴詩
line,20040,1473,和微之詩二十三首和晨興因報問龜兒,828,0.721680,相思,我苦不在遠
line,19562,1458,和微之詩二十三首和我年三首其一,828,0.721191,養生,心力虛勞苦
line,23000,1785,伊州,828,0.721191,死,亦應不得多年聽
line,23261,1818,送陝州王司馬建赴任,828,0.720703,市,料君投刃必應虛
line,19549,1457,和微之詩二十三首和祝蒼華,828,0.720215,食,餘者能有幾
line,19681,1461,和微之詩二十三首和三月三十日四十韻,828,0.719727,祖孫,我既無子孫
line,20052,1473,和微之詩二十三首和晨興因報問龜兒,828,0.719238,哭,不如溘然盡
line,19487,1455,和微之詩二十三首和送劉道士遊天台,828,0.718750,夢,况此夢中夢
line,23415,1839,聞新蟬贈劉二十八,828,0.718262,蟬,蟬發一聲時
line,24108,1913,戊申歲暮詠懷三首其一,828,0.718262,老,半百年過六七時
line,19781,1464,和微之詩二十三首和新樓北園偶集從孫公度周巡官韓秀才盧秀才范處士小飲鄭侍御判官周劉二從事皆先歸,828,0.717773,笙,有奴善吹笙
line,23421,1839,聞新蟬贈劉二十八,828,0.717773,造酒,無過一杯酒
line,19577,1459,和微之詩二十三首和我年三首其二,828,0.716797,離,妻孥及僕使
line,19452,1454,和微之詩二十三首和晨霞,828,0.716309,鬼神,百億諸鬼神
line,19479,1455,和微之詩二十三首和送劉道士遊天台,828,0.716309,齋,齋心謁西母
line,19579,1459,和微之詩二十三首和我年三首其二,828,0.715820,恐懼,省躬私自愧
line,23211,1813,大和戊申歲大有年詔賜百寮出城觀稼謹書盛事以俟采詩,828,0.715332,祭祀,豐歲閲田閭
line,23328,1828,送河南尹馮學士赴任,828,0.714844,清亷,清洛飲冰添苦節
line,19752,1463,和微之詩二十三首和寄問劉白,828,0.713867,賔主,匡牀宿東牖
line,19515,1456,和微之詩二十三首和櫛沐寄道友,828,0.713379,刻漏,停驂待五漏
line,22809,1755,贈東鄰王十三,828,0.713379,美婦人,居處東西接
line,22856,1763,龍門下作,828,0.713379,離别,登山臨水詠詩行
line,24173,1917,想東遊五十韻,829,0.942383,萍蘋,“汀洲採白蘋
line,24877,2011,予與微之老而無子發於言歎著在詩篇今年冬各有一子戲作二什一以相賀一以自嘲,829,0.933105,父子,伯道無兒
line,20160,1481,中隱,829,0.861816,隠逸,大隱住朝市
line,24177,1917,想東遊五十韻,829,0.819336,水田,綺錯稻田溝
line,23075,1795,宿杜曲花下,829,0.815918,奴婢,蒼頭觱篥奴
line,20284,1487,偶作二首其一,829,0.812988,床,安身有處所
line,20210,1483,引泉,829,0.811523,諫諍,邴罷不因事
line,20262,1486,太湖石,829,0.806641,劍,磨刀不如礪
line,23661,1852,酬鄭侍御多雨春空過詩三十韻,829,0.804199,倉廩,賑廩賙飢户
line,19841,1466,和微之詩二十三首和知非,829,0.802734,儒教,儒教重禮法
line,20250,1486,太湖石,829,0.801270,長大人,纔高八九尺
line,23551,1851,和微之春日投簡陽明洞天五十韻,829,0.799316,魚,兒烹鯉一呼
line,20232,1484,知足吟,829,0.795898,樽,樽中不乏酒
line,19922,1468,和微之詩二十三首和李勢女,829,0.794434,死,人各有一死
line,19875,1467,和微之詩二十三首和望曉,829,0.785645,雞,鳴雞初有聲
line,20355,1491,玩止水,829,0.785645,魚,澄見魚掉尾
line,20290,1487,偶作二首其一,829,0.782715,防備,謀慮繫安危
line,19933,1468,和微之詩二十三首和李勢女,829,0.780762,婚姻,歸我如歸鄉
line,23513,1851,和微之春日投簡陽明洞天五十韻,829,0.780762,星,牛斗天垂象
line,24217,1917,想東遊五十韻,829,0.780273,絲,蓴絲滑且柔
line,23575,1851,和微之春日投簡陽明洞天五十韻,829,0.779785,尚書,尚書履曳鳧
line,20289,1487,偶作二首其一,829,0.775879,印綬,相印將軍鉞
line,20361,1491,玩止水,829,0.775879,朋友,淡可交君子
line,24237,1917,想東遊五十韻,829,0.772461,舟,行行不繫舟
line,20171,1481,中隱,829,0.770996,俸禄,隨月有俸錢
line,20208,1483,引泉,829,0.769043,貴,一爲止足限
line,23550,1851,和微之春日投簡陽明洞天五十韻,829,0.769043,衣服,女浣紗相伴
line,20105,1475,和微之詩二十三首和嘗新酒,829,0.758789,寢,真寢無夢寐
line,20225,1484,知足吟,829,0.758789,米麴,倉中有餘粟
line,24140,1917,想東遊五十韻,829,0.758301,施惠,予病免官後
line,23565,1851,和微之春日投簡陽明洞天五十韻,829,0.756348,廬山,峰峭佛香爐
line,20346,1491,玩止水,829,0.755859,秋,淒清早霜降
line,19828,1465,和微之詩二十三首和除夜作,829,0.754883,日,日月空居諸
line,19831,1465,和微之詩二十三首和除夜作,829,0.754395,讓功,所以自知分
line,24404,1939,自題,829,0.753906,施惠,貧賴俸優饒
line,23094,1799,恨詞,829,0.752930,眉,翠黛眉低斂
line,23641,1852,酬鄭侍御多雨春空過詩三十韻,829,0.752930,行步,閑行去步妨
line,19904,1467,和微之詩二十三首和望曉,829,0.750000,珮,鶯雜佩鏘鏘
line,23586,1851,和微之春日投簡陽明洞天五十韻,829,0.750000,軍政令,令下三軍整
line,24227,1917,想東遊五十韻,829,0.750000,畋獵,兔勿近罝罘
line,19951,1469,和微之詩二十三首和酬鄭侍御東陽春悶放懷追越遊見寄,829,0.749023,校書,三都賦成排左思
line,23635,1852,酬鄭侍御多雨春空過詩三十韻,829,0.748047,陰陽,陰盛勝於陽
line,19908,1467,和微之詩二十三首和望曉,829,0.744629,夫婦,歎我同心人
line,23581,1851,和微之春日投簡陽明洞天五十韻,829,0.744141,校書,置硯賦三都
line,20224,1484,知足吟,829,0.742188,稻,不種一壠田
line,23567,1851,和微之春日投簡陽明洞天五十韻,829,0.740723,井,來因挈玉壺
line,19321,1445,對鏡吟,829,0.740234,人餓,設使身存寒且飢
line,23116,1800,山石榴花十二韻,829,0.739746,美婦人,此時逢國色
line,24183,1917,想東遊五十韻,829,0.738770,龍,“潛虯媚幽姿
line,19855,1466,和微之詩二十三首和知非,829,0.737793,釋教,既得脱塵勞
line,20345,1491,玩止水,829,0.737793,醜婦人,鑒形不如止
line,23072,1795,宿杜曲花下,829,0.737793,視,眼前無所闕
line,23574,1851,和微之春日投簡陽明洞天五十韻,829,0.737793,隠逸,刺史旟翻隼
line,24152,1917,想東遊五十韻,829,0.737305,秋,江南歲有秋
line,19842,1466,和微之詩二十三首和知非,829,0.736328,養生,道家養神氣
line,19905,1467,和微之詩二十三首和望曉,829,0.736328,衣服,花饒衣粲粲
line,19923,1468,和微之詩二十三首和李勢女,829,0.735840,才不稱職,此死職所當
line,24416,1941,偶詠,829,0.735352,杖,扶羸竹杖輕
line,24256,1917,想東遊五十韻,829,0.734863,穴,禹穴約冥搜
line,24870,2011,予與微之老而無子發於言歎著在詩篇今年冬各有一子戲作二什一以相賀一以自嘲,829,0.733887,離,常憂到老都無子
line,24873,2011,予與微之老而無子發於言歎著在詩篇今年冬各有一子戲作二什一以相賀一以自嘲,829,0.733887,母子,于公陰德
line,24251,1917,想東遊五十韻,829,0.733398,心,懸旌心宛轉
line,19851,1466,和微之詩二十三首和知非,829,0.732910,春,春無傷春心
line,20136,1479,秋池二首其一,829,0.732910,熱,身閑無所爲
line,24321,1925,歸履道宅,829,0.732422,貧,不論貧與富
line,19320,1445,對鏡吟,829,0.731934,貧,老於我者多窮賤
line,23657,1852,酬鄭侍御多雨春空過詩三十韻,829,0.731934,社,祀典修咸秩
line,19878,1467,和微之詩二十三首和望曉,829,0.731445,金鼓,鼕鼕鼓過半
line,23610,1852,酬鄭侍御多雨春空過詩三十韻,829,0.731445,日,月行離畢急
line,20235,1484,知足吟,829,0.730957,冨,非心無所欲
line,20247,1485,酬集賢劉郎中對月見寄兼懷元浙東,829,0.729980,車,相去各千里
line,23063,1795,宿杜曲花下,829,0.729980,酒,攜來酒一壺
line,23579,1851,和微之春日投簡陽明洞天五十韻,829,0.729980,珠,環中得道樞
line,20115,1476,和微之詩二十三首和順之琴者,829,0.729492,美人,聲貌俱如玉
line,20234,1484,知足吟,829,0.729004,豐稔,是物皆有餘
line,20265,1486,太湖石,829,0.729004,錦,重之如萬金
line,23645,1852,酬鄭侍御多雨春空過詩三十韻,829,0.728027,相成,爲魚慎勿忘
line,23655,1852,酬鄭侍御多雨春空過詩三十韻,829,0.728027,施惠,惠應施浹洽
line,23650,1852,酬鄭侍御多雨春空過詩三十韻,829,0.727539,寒,仍封北户穰
line,20279,1487,偶作二首其一,829,0.727051,貧,亦不甚貧竭
line,23902,1882,老戒,829,0.727051,冠弁冕,不知吾免否
line,20164,1481,中隱,829,0.726562,師,不如作中隱
line,23667,1852,酬鄭侍御多雨春空過詩三十韻,829,0.726562,貴,尚書心若此
line,24221,1917,想東遊五十韻,829,0.726074,致仕,官知止足休
line,23500,1850,南園試小樂,829,0.725586,磬,新樂錚摐教欲成
line,24142,1917,想東遊五十韻,829,0.725586,侵官,兼思到越
line,24366,1932,偶吟,829,0.725586,牆壁,鄰女映籬聽
line,19325,1445,對鏡吟,829,0.724609,俸禄,祿俸不薄官不卑
line,19817,1465,和微之詩二十三首和除夜作,829,0.724609,父母讎,君爲父母君
line,19876,1467,和微之詩二十三首和望曉,829,0.724121,鳥,宿鳥猶未散
line,23568,1851,和微之春日投簡陽明洞天五十韻,829,0.724121,賔主,貴仍招客宿
line,24233,1917,想東遊五十韻,829,0.724121,父子,無兒老鄧攸
line,19945,1469,和微之詩二十三首和酬鄭侍御東陽春悶放懷追越遊見寄,829,0.723633,魚,樂如南有嘉魚時
line,24408,1939,自題,829,0.723633,傲慢,自覺甚逍遥
line,23870,1876,對酒五首其一,829,0.721191,相,巧拙賢愚相是非
line,24148,1917,想東遊五十韻,829,0.721191,休假,不能自休
line,24453,1946,不出門,829,0.721191,行,能行便是真修道
line,19866,1466,和微之詩二十三首和知非,829,0.720215,賞賜,莫惜千金費
line,20114,1476,和微之詩二十三首和順之琴者,829,0.720215,知音,中有弄琴人
line,20213,1483,引泉,829,0.720215,勤學,閉户何翛然
line,23585,1851,和微之春日投簡陽明洞天五十韻,829,0.719727,用刑,兵略貯孫吳
line,23593,1851,和微之春日投簡陽明洞天五十韻,829,0.719238,笑,嘲妓笑盧胡
line,23077,1795,宿杜曲花下,829,0.718750,妬,曾作此遊無
line,24412,1940,答崔十八,829,0.718750,度,今古由來事不同
line,20274,1487,偶作二首其一,829,0.717773,造酒,身爲三品官
line,23487,1848,送東都留守令狐尚書赴任,829,0.717773,賢,龍門即擬爲遊客
line,19810,1465,和微之詩二十三首和除夜作,829,0.717285,奴婢,奴婢亦盈廬
line,19943,1468,和微之詩二十三首和李勢女,829,0.717285,陰陽,不令陰勝陽
line,20163,1481,中隱,829,0.717285,隠逸,朝市太囂諠
line,20110,1475,和微之詩二十三首和嘗新酒,829,0.716797,牙,舉臂一欠伸
line,20263,1486,太湖石,829,0.716797,帛,擣帛不如砧
line,24179,1917,想東遊五十韻,829,0.716797,井,玄泉貯怪湫
line,19837,1466,和微之詩二十三首和知非,829,0.715820,禪定,禪能泯人我
line,20130,1478,授太子賓客歸洛,829,0.715820,老,病將老齊至
line,20226,1484,知足吟,829,0.715820,桑,不採一枝桑
line,23584,1851,和微之春日投簡陽明洞天五十韻,829,0.715820,謀畧,廟謀藏稷卨
line,19847,1466,和微之詩二十三首和知非,829,0.714844,貧,曠廓了如空
line,23498,1849,自題新昌居止因招楊郎中小飲,829,0.714355,笙,笙歌隨分有些些
line,19871,1466,和微之詩二十三首和知非,829,0.713867,禪定,不然即學禪
line,20227,1484,知足吟,829,0.713867,星,箱中有餘服
line,20187,1481,中隱,829,0.713379,父母疾,貴則多憂患
line,20240,1485,酬集賢劉郎中對月見寄兼懷元浙東,829,0.713379,月陽,月在洛陽天
line,20424,1497,朝課,830,0.813477,隄渠,平甃白石渠
line,20487,1503,書紳,830,0.798340,勤勞,農有畎畝勤
line,25195,2054,哭皇甫七郎中,830,0.778320,江,《涉江》一章尤出
line,24640,1972,勉閑遊,830,0.774414,父母疾,若非疾病即悲憂
line,20366,1492,聞崔十八宿予新昌弊宅時予亦宿崔家依仁新亭一宵偶同兩興暗合因而成詠聊以寫懷,830,0.771484,宅,陋巷掩弊廬
line,20505,1503,書紳,830,0.770508,帶紳,聊自書諸紳
line,25076,2035,戲和微之答竇七行軍之作,830,0.770020,造酒,陋巷能無酒
line,25208,2056,疑夢二首其一,830,0.763672,貴,莫驚寵辱虛憂喜
line,25026,2029,銷暑,830,0.754883,視,眼前無長去物
line,20507,1504,秋遊平泉贈韋處士閑禪師,830,0.752441,女樂,山遊不知疲
line,25175,2053,和微之道保生三日,830,0.752441,婚姻,且有承家望
line,24974,2022,無夢,830,0.751465,報德,舊詩多忘却
line,24959,2020,酬皇甫賓客,830,0.750977,貧,心足雖貧不道貧
line,20472,1501,安穩眠,830,0.750488,老,身雖日漸老
line,20411,1495,慵不能,830,0.748047,枕,一寢至夜安
line,25185,2053,和微之道保生三日,830,0.747559,藻鑑,蒹葭瓊樹枝
line,20486,1503,書紳,830,0.746582,徵聘,仕有職役勞
line,25068,2035,戲和微之答竇七行軍之作,830,0.745117,諂佞,旌鉞從櫜鞬
line,20517,1504,秋遊平泉贈韋處士閑禪師,830,0.744629,老,六十年太老
line,24955,2019,晚起,830,0.744141,禪定,無念是無生
line,20502,1503,書紳,830,0.738281,葬,誠知有道理
line,25080,2036,閑忙,830,0.738281,敘官,奔走朝行内
line,20410,1495,慵不能,830,0.736816,廢墯,一餐終日飽
line,25222,2058,夜宴惜别,830,0.735840,雞,何况雞鳴即須别
line,20499,1503,書紳,830,0.735352,食,飽則不干人
line,25031,2029,銷暑,830,0.733887,美丈夫,難更與人同
line,20498,1503,書紳,830,0.733398,豐稔,歲計莫如穀
line,20522,1504,秋遊平泉贈韋處士閑禪師,830,0.731445,雲,尋雲到起處
line,20379,1493,日長,830,0.730957,冬,夜短朝餘睡
line,25190,2054,哭皇甫七郎中,830,0.730469,死,不得人間壽
line,20501,1503,書紳,830,0.727539,酒,醉則兼忘身
line,25192,2054,哭皇甫七郎中,830,0.727539,江,涉江文一首
line,20477,1501,安穩眠,830,0.727051,夢,亦無顛倒夢
line,24986,2023,對小潭寄遠上人,830,0.727051,義,是義誰能答
line,20407,1495,慵不能,830,0.726562,嫂叔,頭慵不能冠
line,20485,1502,池上夜境,830,0.726562,衣服,濯纓何必向滄浪
line,20519,1504,秋遊平泉贈韋處士閑禪師,830,0.725586,雲,”今故云
line,25029,2029,銷暑,830,0.723633,屋室,凉生爲室空
line,25193,2054,哭皇甫七郎中,830,0.721680,刺史,便可敵公卿
line,20413,1495,慵不能,830,0.719238,飢饉,况乃不飢寒
line,25023,2028,苦熱,830,0.718750,仁,得作自由身
line,25069,2035,戲和微之答竇七行軍之作,830,0.717285,鄉飲酒,賓僚禮數全
line,20445,1499,香山寺石樓潭夜浴,830,0.713867,貧,褰裳汗霢霂
line,20495,1503,書紳,830,0.713379,晨夜,往往夜達晨
line,25250,2062,病眼花,831,0.865234,疾,“有加而無瘳
line,25411,2079,與諸公同出城觀稼,831,0.802246,宰相,堯舜正爲君
line,25421,2081,歲暮言懷,831,0.787598,言語,心將口自言
line,26331,2137,晚歸香山寺因詠所懷,831,0.779297,老,我年日已老
line,25407,2079,與諸公同出城觀稼,831,0.772949,苗稼,但喜稼如雲
line,25346,2072,初喪崔兒報微之晦叔,831,0.770020,《詩》,見《詩》注
line,25402,2078,重修府西水亭院,831,0.762207,園圃,園西有池位
line,26337,2137,晚歸香山寺因詠所懷,831,0.759766,寺,中有古精舍
line,25249,2062,病眼花,831,0.754395,灶,秖有增加豈有瘳
line,25245,2061,題岐王舊山池石壁,831,0.750977,山,如在千巖萬壑間
line,23145,1803,人定,831,0.747559,水,故故語相驚
line,19330,1446,耳順吟寄敦詩夢得,831,0.746094,老,五十六十却不惡
line,20545,1505,遊坊口懸泉偶題石上,831,0.745117,酒,不乏文舉酒
line,20530,1505,遊坊口懸泉偶題石上,831,0.741699,雞,常日聽人言
line,25247,2061,題岐王舊山池石壁,831,0.736328,倉廩,洛陽城内有商山
line,23171,1808,認春戲呈馮少尹李郎中陳主簿,831,0.734375,園圃,西園南面水東頭
line,23197,1811,代夢得吟,831,0.733398,形貎,人間鬪在不如吾
line,25409,2079,與諸公同出城觀稼,831,0.732422,百榖,秋憐五穀分
line,25434,2082,座中戲呈諸少年,831,0.730957,換官,不爲倚官兼挾勢
line,25393,2077,六十拜河南尹,831,0.729004,貴,浮雲富貴遲
line,26342,2137,晚歸香山寺因詠所懷,831,0.728516,鳥,夕與飛鳥還
line,23135,1802,宴散,831,0.727051,秋,新秋雁帶來
line,19359,1447,别氈帳火爐,831,0.726562,冬,佳期在十月
line,24660,1976,哭微之二首其一,831,0.723145,死哭,寢門廊下哭微之
line,25285,2067,不准擬二首其一,831,0.719727,老,不准擬身年六十
line,25356,2073,府齋感懷酬夢得ZSK00109-005-L02228,831,0.719727,丹藥,丹砂煉作三銖土
line,23202,1812,寄答周協律,831,0.719238,故舊,故人叙舊寄新篇
line,24661,1976,哭微之二首其一,831,0.715820,弔,妻孥朋友來相弔
line,25398,2078,重修府西水亭院,831,0.714844,賢,龍門分水入
line,20528,1505,遊坊口懸泉偶題石上,831,0.713379,濟,濟源山水好
line,27699,2230,重修香山寺畢題二十二韻以紀之,832,0.782227,貴,先宜知止足
line,24068,1907,失婢,832,0.774414,悔恨,前事悔難追
line,19376,1448,六年春贈分司東都諸公,832,0.765137,正月十五日,夜雪秉燭遊
line,27691,2230,重修香山寺畢題二十二韻以紀之,832,0.758789,筆硯,吟來攜筆硯
line,23922,1883,洛橋寒食日作十韻,832,0.758301,寒食,三年遇寒食
line,24077,1908,夜招晦叔,832,0.756836,箏,高調秦箏一兩弄
line,24037,1903,酬夢得秋夕不寐見寄,832,0.750488,帳,碧簟絳紗帳
line,20641,1512,早冬遊王屋自靈都抵陽臺上方望天壇偶吟成章寄温谷周尊師中書李相公,832,0.743164,秋,霜降山水清
line,20572,1507,六年寒食洛下宴遊贈馮李二少尹,832,0.742676,夢,豐年寒食節
line,20660,1512,早冬遊王屋自靈都抵陽臺上方望天壇偶吟成章寄温谷周尊師中書李相公,832,0.742676,磬,即須作臯夔
line,24694,1982,勸歡,832,0.742188,乞假,會有求來不得時
line,23973,1892,聽幽蘭,832,0.741211,雪,琴中古曲是幽蘭
line,25562,2101,醉後重贈晦叔,832,0.740723,《詩》,各以詩成癖
line,24007,1898,結之,832,0.738770,夢,同爲一夜夢
line,27427,2208,洛下送牛相公出鎮淮南,832,0.735352,祿養,百吏立班迎
line,19373,1448,六年春贈分司東都諸公,832,0.730957,朋友,坐成芝蘭室
line,27689,2230,重修香山寺畢題二十二韻以紀之,832,0.730957,敘官,官散殊無事
line,25462,2085,早春雪後贈洛陽李長官長水鄭明府二同年,832,0.729492,刺史,朱紱洛陽官位屈
line,25510,2093,南龍興寺殘雪,832,0.729492,太傅,吏人引從多乘輿
line,27360,2198,六年冬暮贈崔常侍晦叔,832,0.727539,川澤,光景水爭流
line,27433,2208,洛下送牛相公出鎮淮南,832,0.727051,考試,登第三等
line,24069,1907,失婢,832,0.725098,鸚鵡,籠鳥無常主
line,23975,1892,聽幽蘭,832,0.724121,修整,欲得身心俱靜好
line,20623,1510,寄情,832,0.722656,旌旗,念此先開好
line,20657,1512,早冬遊王屋自靈都抵陽臺上方望天壇偶吟成章寄温谷周尊師中書李相公,832,0.720215,言語,二人相顧言
line,27694,2230,重修香山寺畢題二十二韻以紀之,832,0.720215,風,凉風滿簟秋
line,24008,1898,結之,832,0.717773,幼學,共過十年中
line,19442,1453,贈韋處士六年夏大熱旱,832,0.714844,食器,羶食熏襟抱
line,20602,1508,苦熱中寄舒員外,832,0.714355,徵聘,非君固不可
line,27579,2217,裴常侍以題薔薇架十八韻見示因廣爲三十韻以和之,833,0.956055,閭里,“里仁爲美
line,25747,2111,把酒,833,0.904297,換田,去彼而取此
line,27407,2206,七年春題府廳,833,0.843750,寬恕,示耻用蒲鞭
line,27828,2242,青氈帳二十韻,833,0.835938,茵褥,“青氈我家舊物
line,25939,2121,歲暮,833,0.826660,裘,重裘寬裹身
line,27792,2242,青氈帳二十韻,833,0.819824,遷徙,南移逐虜遷
line,25763,2111,把酒,833,0.796875,離,何况兼無子
line,25756,2111,把酒,833,0.785645,食,朝餐不過飽
line,27823,2242,青氈帳二十韻,833,0.782715,館驛,賓客於中接
line,27541,2217,裴常侍以題薔薇架十八韻見示因廣爲三十韻以和之,833,0.778809,牆壁,耀壁變雕牆
line,25936,2121,歲暮,833,0.771973,與食,晨炊廩有米
line,25723,2110,再授賓客分司,833,0.764648,僕射,又不勞朝謁
line,25757,2111,把酒,833,0.759766,鼎,五鼎徒爲爾
line,27536,2217,裴常侍以題薔薇架十八韻見示因廣爲三十韻以和之,833,0.759766,燈燭,九微燈炫轉
line,25842,2116,新秋曉興,833,0.758789,夏,濁暑忽已退
line,25592,2103,詠興五首解印出公府,833,0.756348,言語,飽於東方朔
line,27381,2201,七年元日對酒五首其一,833,0.756348,雨,不因時節日
line,25821,2115,哭崔常侍晦叔,833,0.755371,道士,與世同浮沉
line,25750,2111,把酒,833,0.750000,宗族,借問宗族間
line,25803,2114,立秋夕有懷夢得,833,0.746582,扇,風扇蒲葵輕
line,25815,2115,哭崔常侍晦叔,833,0.740723,金,精珍百煉金
line,25921,2120,冬日早起閑詠,833,0.740234,隠逸,不因閑不見
line,25722,2110,再授賓客分司,833,0.739746,春,分命在東司
line,27379,2201,七年元日對酒五首其一,833,0.737793,慶賀,慶弔經過懶
line,27852,2245,答夢得八月十五日夜玩月見寄,833,0.736816,羅浮山,何似石樓中
line,27816,2242,青氈帳二十韻,833,0.734863,衣服,狐裘可棄捐
line,25940,2121,歲暮,833,0.731934,酒,加之一杯酒
line,25590,2103,詠興五首解印出公府,833,0.730469,裘,有帛禦冬寒
line,27516,2216,自喜,833,0.730469,衾,布被辰時起
line,25591,2103,詠興五首解印出公府,833,0.729492,勸農,有穀防歲饑
line,25814,2115,哭崔常侍晦叔,833,0.729492,石,頑賤一拳石
line,25759,2111,把酒,833,0.729004,棺椁,一衾而已矣
line,25819,2115,哭崔常侍晦叔,833,0.729004,柔,外物不能侵
line,25943,2121,歲暮,833,0.727539,冨,比屋多飢貧
line,25933,2121,歲暮,833,0.726074,車,冰雪摧車輪
line,25794,2113,代鶴,833,0.725586,馬,主人誠可戀
line,27410,2206,七年春題府廳,833,0.725098,棄官,雖非好官職
line,25811,2114,立秋夕有懷夢得,833,0.722656,鷹,秋吟三數聲
line,27408,2206,七年春題府廳,833,0.722656,要㑹,以此稱公事
line,25948,2121,歲暮,833,0.722168,碑銘,安得不慚愧
line,25779,2112,首夏,833,0.721680,酒,“飲酒常不足
line,27614,2221,贈草堂宗密上人,833,0.721680,寺,長住虛空是小乘
line,27581,2217,裴常侍以題薔薇架十八韻見示因廣爲三十韻以和之,833,0.720215,宅,名仁和里
line,27825,2242,青氈帳二十韻,833,0.719238,茵褥,王家誇舊物
line,25720,2110,再授賓客分司,833,0.718750,俸禄,俸錢七八萬
line,25812,2114,立秋夕有懷夢得,833,0.718262,相思,所思渺千里
line,27492,2213,罷府歸舊居,833,0.718262,宅,陋巷乘籃入
line,25595,2103,詠興五首解印出公府,833,0.717285,關,此外吾不知
line,25946,2121,歲暮,833,0.717285,人餓,如我飽煖者
line,25724,2110,再授賓客分司,833,0.715820,駱駝,既資閑養疾
line,27479,2210,洛中春遊呈諸親友,833,0.715820,讎怨,亦不少於人
line,25578,2103,詠興五首解印出公府,833,0.714844,威名,解印出公府
line,27836,2243,答夢得秋日書懷見寄,833,0.714355,老,老過却無悲
line,25859,2117,秋日與張賓客舒著作同遊龍門醉中狂歌凡二百三十八字,833,0.713867,畋獵,秋風嫋嫋秋蟲鳴
line,26637,2154,洛陽有愚叟,834,0.813965,野,野食或烹鮮
line,26220,2135,吟四雖,834,0.813477,視,因疾喪明
line,26015,2127,早夏遊宴,834,0.809082,賢,已動蒲葵扇
line,28108,2278,早夏遊平泉迴,834,0.808594,食,療飢兼解渴
line,26187,2134,北窗三友,834,0.807129,師,三人皆我師
line,28225,2301,感興二首其一,834,0.800293,由人興,吉凶禍福有來由
line,26630,2154,洛陽有愚叟,834,0.786133,食,無餘亦無闕
line,26214,2135,吟四雖,834,0.785156,同官,分司同官中
line,26186,2134,北窗三友,834,0.783691,嗜好,嗜酒有伯倫
line,28528,2338,老去,834,0.782227,造酒,煖寒從飲酒
line,26108,2131,寄盧少卿,834,0.773926,食,嘉肴與旨酒
line,26122,2131,寄盧少卿,834,0.773926,要㑹,張蒼何爲者
line,25954,2122,南池早春有懷,834,0.768555,魚,簁簁魚尾掉
line,26002,2126,張常侍相訪,834,0.765137,好客,忽聞車馬客
line,26169,2133,詠懷,834,0.762695,恐懼,有時猶内愧
line,26173,2134,北窗三友,834,0.760742,朋友,三友者爲誰
line,26674,2155,飽食閑坐,834,0.760742,堂,閑坐不下堂
line,28396,2323,戲答林園,834,0.759277,門戶,衡門雖是棲遲地
line,26045,2129,詠所樂,834,0.758301,鶯,鳥樂在高枝
line,26084,2130,思舊,834,0.756836,疾,或疾或暴夭
line,26118,2131,寄盧少卿,834,0.756348,食器,顔回何爲者
line,26190,2134,北窗三友,834,0.752441,縣令,絃歌復觴詠
line,28281,2308,詩酒琴人例多薄命予酷好三事雅當此科而所得已多爲幸斯甚偶成狂詠聊寫愧懷,834,0.749023,命運,一之已歎關於命
line,27993,2265,玩半開花贈皇甫郎中,834,0.748047,酒,合共酒相隨
line,28226,2301,感興二首其一,834,0.746094,仁,但要深知不要憂
line,28231,2301,感興二首其一,834,0.745117,瓜,雖異匏瓜難不食
line,28376,2320,問少年,834,0.744629,案,千首詩堆青玉案
line,26184,2134,北窗三友,834,0.744141,《詩》,嗜詩有淵明
line,26111,2131,寄盧少卿,834,0.743652,淫亂,真爲伐性刀
line,26124,2131,寄盧少卿,834,0.743652,妾,妾媵填後房
line,26011,2127,早夏遊宴,834,0.741699,節操,玉蘂飄如霰
line,26114,2131,寄盧少卿,834,0.741211,車,將欲致千里
line,26092,2130,思舊,834,0.739258,人餓,飢來吞熱物
line,26216,2135,吟四雖,834,0.739258,老,年七十餘
line,26032,2128,感白蓮花,834,0.738770,龍,一爲池中物
line,26093,2130,思舊,834,0.737793,刺史,渴來飲寒泉
line,26098,2130,思舊,834,0.737305,口齒,齒牙未缺落
line,26670,2155,飽食閑坐,834,0.737305,行旅,無不走遑遑
line,26191,2134,北窗三友,834,0.736816,賤,樂道知所歸
line,26631,2154,洛陽有愚叟,834,0.736816,土功,天時方得所
line,26624,2154,洛陽有愚叟,834,0.736328,烏,白黑無分别
line,26632,2154,洛陽有愚叟,834,0.736328,熱,不寒復不熱
line,28219,2300,讀禪經,834,0.735840,朋友,言下忘言一時了
line,28311,2313,春早秋初因時即事兼寄浙東李侍郎,834,0.735352,冬,春早秋初晝夜長
line,25973,2123,古意,834,0.734863,縣令,今作分飛翮
line,26680,2155,飽食閑坐,834,0.734375,智謀,爲吾謀甚長
line,26048,2129,詠所樂,834,0.733887,改制灋令,不以彼易此
line,26115,2131,寄盧少卿,834,0.733398,律呂,可得差一毫
line,26747,2158,風雪中作,834,0.733398,心,方寸語形骸
line,26189,2134,北窗三友,834,0.732910,衣服,或穿帶索衣
line,26086,2130,思舊,834,0.731934,脯脩,唯予不服食
line,26167,2133,詠懷,834,0.731934,裘,鶴尚居祿位
line,28125,2280,侍中晉公欲到東洛先蒙書問期宿龍門思往感今輒獻長句,834,0.731934,讓功,功成名遂來雖久
line,28028,2268,送常秀才下第東歸,834,0.731445,享,到處公卿席
line,28112,2279,宿天竺寺迴,834,0.729492,婚姻,家仍念婚嫁
line,28519,2337,答皇甫十郎中秋深酒熟見憶,834,0.729004,黿,還應染指嘗
line,26125,2131,寄盧少卿,834,0.728027,猿,竟壽百餘歲
line,26634,2154,洛陽有愚叟,834,0.728027,飢饉,不飢仍不渴
line,26180,2134,北窗三友,834,0.727539,恐懼,猶恐中有間
line,28303,2312,閑卧,834,0.727539,沐,薄食當去齋戒
line,25968,2123,古意,834,0.726562,隠逸,不見來幾時
line,28131,2281,奉和晉公侍中蒙除留守行及洛師感悦發中斐然成詠,834,0.726562,宰相,致成堯舜升平代
line,28441,2331,題贈平泉韋徵君拾遺,834,0.725586,雲,身入白雲中
line,26653,2155,飽食閑坐,834,0.725098,鼎,八珍與五鼎
line,26094,2130,思舊,834,0.724609,文辭,詩役五藏神
line,26129,2131,寄盧少卿,834,0.724609,美丈夫,不如肥瓠軀
line,28129,2281,奉和晉公侍中蒙除留守行及洛師感悦發中斐然成詠,834,0.723633,縣令,鸞鳳翺翔在寥廓
line,28582,2346,冬日平泉路晚歸,834,0.723633,儉,熱飲三杯即是家
line,26695,2156,閑居自題,834,0.723145,戲謔,此是白家翁
line,28369,2318,送兖州崔大夫駙馬赴鎮,834,0.723145,儒術,儒家認作好詩人
line,26628,2154,洛陽有愚叟,834,0.722168,布,非精亦非糲
line,26156,2133,詠懷,834,0.721680,館驛,閑官是賓客
line,28095,2276,早服雲母散,834,0.720703,僧,身不出家心出家
line,28209,2298,讀老子,834,0.720215,言語,言者不知知者默
line,26626,2154,洛陽有愚叟,834,0.719727,食,謀身亦不拙
line,26656,2155,飽食閑坐,834,0.719727,沐,下階振衣裳
line,26113,2131,寄盧少卿,834,0.719238,孔雀,如裘集衆毛
line,25955,2122,南池早春有懷,834,0.718750,鵝,瞥瞥鵝毛換
line,28037,2269,且遊,834,0.718750,行旅,遊得且須遊
line,28419,2328,八月十五日夜同諸客玩月,834,0.718750,河南尹,境閑皆道是東都
line,28530,2338,老去,834,0.718262,壯,戰勝心還壯
line,26176,2134,北窗三友,834,0.717773,龍,三友遞相引
line,26743,2158,風雪中作,834,0.717773,死,不得身自由
line,28497,2336,楊柳枝二十韻,834,0.717285,珠,珠貫字纍纍
line,28548,2341,冬初酒熟二首其一,834,0.716797,酤榷,一甕新醅酒
line,26085,2130,思舊,834,0.715332,老,悉不過中年
line,28267,2307,喜閑,834,0.715332,隠逸,未曾一日悶
line,26218,2135,吟四雖,834,0.714844,貧,貧苦最甚
line,28215,2299,讀莊子,834,0.714844,養生,遂性逍遥雖一致
line,26105,2131,寄盧少卿,834,0.713867,養生,莊誡形太勞
line,26635,2154,洛陽有愚叟,834,0.713867,餞送,閑將酒壺出
line,26175,2134,北窗三友,834,0.713379,造酒,酒罷輒吟詩
line,26329,2136,裴侍中晉公以集賢林亭即事詩二十六韻見贈猥蒙徵和才拙詞繁輒廣爲五百言以伸酬獻,835,0.879395,衡山,謝靈運詩云
line,26608,2153,裴侍中晉公出討淮西時過女几山下刻石題詩末句云待平賊壘報天子莫指仙山示武夫果如所言剋期平賊由是淮蔡迄今底寧殆二十年人安生業夫嗟歎不足則詠歌之故居易作詩二百言繼題公之篇末欲使採詩者修史者後之往來觀者知公之功德本末前後也,835,0.862793,散騎常侍,被衮珥貂蟬
line,27120,2183,自賓客遷太子少傅分司,835,0.806641,貧,居處非蓬蒿
line,26434,2142,詠懷,835,0.801270,喜,面無憂喜色
line,26293,2136,裴侍中晉公以集賢林亭即事詩二十六韻見贈猥蒙徵和才拙詞繁輒廣爲五百言以伸酬獻,835,0.797363,宰相,維公社稷臣
line,28646,2357,白羽扇,835,0.788574,月,藏月入懷中
line,26426,2142,詠懷,835,0.787598,人餓,又爲窮餓逼
line,26974,2174,旱熱二首其一,835,0.779785,恐懼,赫日吁可畏
line,26599,2153,裴侍中晉公出討淮西時過女几山下刻石題詩末句云待平賊壘報天子莫指仙山示武夫果如所言剋期平賊由是淮蔡迄今底寧殆二十年人安生業夫嗟歎不足則詠歌之故居易作詩二百言繼題公之篇末欲使採詩者修史者後之往來觀者知公之功德本末前後也,835,0.778320,妾,生子已嫁娶
line,26414,2141,短歌行,835,0.773438,舟,相避如寒燠
line,26284,2136,裴侍中晉公以集賢林亭即事詩二十六韻見贈猥蒙徵和才拙詞繁輒廣爲五百言以伸酬獻,835,0.770996,杯,問答杯行遲
line,27140,2184,自在,835,0.770996,飢饉,飢寒迫於外
line,26788,2160,雪中晏起偶詠所懷兼呈張常侍韋庶子皇甫郎中雜言,835,0.769531,貧,不貴不富不賤貧
line,27119,2183,自賓客遷太子少傅分司,835,0.769531,食,飲食免藜藿
line,28647,2357,白羽扇,835,0.767578,雉,麈尾斑非疋
line,26883,2168,西行,835,0.764160,裘,衣裘不單薄
line,28331,2315,初夏閑吟兼呈韋賓客,835,0.764160,夏,孟夏清和月
line,26932,2171,小臺,835,0.761230,杖,一莖青竹杖
line,26404,2141,短歌行,835,0.760742,馬,馬肥初食粟
line,26311,2136,裴侍中晉公以集賢林亭即事詩二十六韻見贈猥蒙徵和才拙詞繁輒廣爲五百言以伸酬獻,835,0.759277,湖,乘舟范蠡懼
line,26301,2136,裴侍中晉公以集賢林亭即事詩二十六韻見贈猥蒙徵和才拙詞繁輒廣爲五百言以伸酬獻,835,0.757812,勇,公志不可奪
line,26839,2164,二月一日作贈韋七庶子,835,0.757324,井,應須挈一壺
line,28880,2382,自題小草亭,835,0.756836,宅,顔巷陋誰知
line,26758,2159,對琴酒,835,0.755859,中書令,貯在龍鳳池
line,26402,2141,短歌行,835,0.752930,衣服,五十被朝服
line,26255,2136,裴侍中晉公以集賢林亭即事詩二十六韻見贈猥蒙徵和才拙詞繁輒廣爲五百言以伸酬獻,835,0.751953,女樂,後有開闔堂
line,26973,2174,旱熱二首其一,835,0.751953,雲,彤雲散不雨
line,26305,2136,裴侍中晉公以集賢林亭即事詩二十六韻見贈猥蒙徵和才拙詞繁輒廣爲五百言以伸酬獻,835,0.751465,貴,貂蟬雖未脱
line,27055,2179,何處堪避暑,835,0.750977,貧,日高飢始食
line,26616,2153,裴侍中晉公出討淮西時過女几山下刻石題詩末句云待平賊壘報天子莫指仙山示武夫果如所言剋期平賊由是淮蔡迄今底寧殆二十年人安生業夫嗟歎不足則詠歌之故居易作詩二百言繼題公之篇末欲使採詩者修史者後之往來觀者知公之功德本末前後也,835,0.749512,禍福,福祿降自天
line,26226,2136,裴侍中晉公以集賢林亭即事詩二十六韻見贈猥蒙徵和才拙詞繁輒廣爲五百言以伸酬獻,835,0.748535,湖,五湖天一涯
line,26359,2138,張常侍池凉夜閑讌贈諸公,835,0.748047,騶虞,或嘯或謳吟
line,26884,2168,西行,835,0.746582,復除,車馬不羸弱
line,26420,2142,詠懷,835,0.746094,嗣立,中人慕官職
line,26807,2162,春寒,835,0.745117,清亷,助酌有枯魚
line,28672,2359,閑園獨賞,835,0.744629,養生,逍遥性即均
line,28576,2345,寄李相公,835,0.742188,貧,雖貧不要官
line,28841,2381,奉和裴令公新成午橋莊綠野堂即事,835,0.741211,中書令,新池鑿鳳凰
line,28639,2357,白羽扇,835,0.740723,鳳,素是自然色
line,26392,2141,短歌行,835,0.740234,淫亂,多爲身嗜欲
line,26845,2165,犬鳶,835,0.739258,鳶,鳶飽凌風飛
line,28788,2374,九年十一月二十一日感事而作,835,0.738770,龜,何似泥中曳尾龜
line,28848,2381,奉和裴令公新成午橋莊綠野堂即事,835,0.738281,隄渠,引水多隨勢
line,26390,2140,送呂漳州,835,0.737305,藻鑑,借君作題目
line,28605,2352,路逢青州王大夫赴鎮立馬贈别,835,0.737305,徵聘,何勞問官職
line,28789,2375,即事重題,835,0.737305,裘,重裘煖帽寬氊履
line,26229,2136,裴侍中晉公以集賢林亭即事詩二十六韻見贈猥蒙徵和才拙詞繁輒廣爲五百言以伸酬獻,835,0.736816,智謀,池勝主先覺
line,27078,2180,詔下,835,0.736816,貴,世間寵辱常紛紛
line,26304,2136,裴侍中晉公以集賢林亭即事詩二十六韻見贈猥蒙徵和才拙詞繁輒廣爲五百言以伸酬獻,835,0.735840,縣令,俛僶來保釐
line,28611,2352,路逢青州王大夫赴鎮立馬贈别,835,0.735840,河南尹,予爲河南尹
line,26721,2157,覽鏡喜老,835,0.734863,關,儻得及此限
line,26315,2136,裴侍中晉公以集賢林亭即事詩二十六韻見贈猥蒙徵和才拙詞繁輒廣爲五百言以伸酬獻,835,0.734375,務德勝,羊祜在漢南
line,27116,2183,自賓客遷太子少傅分司,835,0.734375,官班,官秩隨年高
line,27145,2184,自在,835,0.734375,琵琶,内外及中間
line,28612,2352,路逢青州王大夫赴鎮立馬贈别,835,0.733887,河南尹,王爲少尹
line,26622,2153,裴侍中晉公出討淮西時過女几山下刻石題詩末句云待平賊壘報天子莫指仙山示武夫果如所言剋期平賊由是淮蔡迄今底寧殆二十年人安生業夫嗟歎不足則詠歌之故居易作詩二百言繼題公之篇末欲使採詩者修史者後之往來觀者知公之功德本末前後也,835,0.733398,巧官,可以奉周旋
line,26984,2174,旱熱二首其一,835,0.733398,寢,宵分不遑寐
line,26863,2166,夢劉二十八因詩問之,835,0.732910,夢,非夢亦不見
line,26892,2168,西行,835,0.732910,錢,有錢在處樂
line,26256,2136,裴侍中晉公以集賢林亭即事詩二十六韻見贈猥蒙徵和才拙詞繁輒廣爲五百言以伸酬獻,835,0.732422,寒,寒温變天時
line,26760,2159,對琴酒,835,0.732422,酒,一杯可致之
line,26856,2165,犬鳶,835,0.732422,患難,尚未能忘言
line,26713,2157,覽鏡喜老,835,0.731445,老,不老即須夭
line,26854,2165,犬鳶,835,0.730957,仙,一詠逍遥篇
line,26234,2136,裴侍中晉公以集賢林亭即事詩二十六韻見贈猥蒙徵和才拙詞繁輒廣爲五百言以伸酬獻,835,0.729980,謚,質立而文隨
line,26362,2138,張常侍池凉夜閑讌贈諸公,835,0.729980,賔主,矻矻趨名利
line,26431,2142,詠懷,835,0.729004,妾,妻孥與婢僕
line,27126,2183,自賓客遷太子少傅分司,835,0.729004,冨,豈宜更貪饕
line,28613,2353,宿酲,835,0.728516,酒,夜飲歸常晚
line,28665,2359,閑園獨賞,835,0.728027,鶴,仙禽狎君子
line,26939,2172,睡後茶興憶楊同州,835,0.727539,食,今朝餐又飽
line,27159,2186,因夢有悟,835,0.727539,兄弟,平生所厚者
line,26835,2164,二月一日作贈韋七庶子,835,0.727051,造酒,遂使愛酒人
line,26857,2166,夢劉二十八因詩問之,835,0.726562,徵聘,昨夜夢夢得
line,26757,2159,對琴酒,835,0.725098,泉源,泠泠秋泉韻
line,26875,2167,閑吟,835,0.724609,貧,貧窮汲汲求衣食
line,26885,2168,西行,835,0.724609,閏月,藹藹三月天
line,28648,2357,白羽扇,835,0.724609,扇,蒲葵陋不同
line,27147,2184,自在,835,0.724121,日,所以日陽中
line,28808,2377,看嵩洛有歎,835,0.723633,鵝,飛出肯飛還
line,26320,2136,裴侍中晉公以集賢林亭即事詩二十六韻見贈猥蒙徵和才拙詞繁輒廣爲五百言以伸酬獻,835,0.723145,美婦人,但説攜蛾眉
line,26714,2157,覽鏡喜老,835,0.721680,蠶桑,不夭即須衰
line,26864,2166,夢劉二十八因詩問之,835,0.721680,舟,近與遠何殊
line,27117,2183,自賓客遷太子少傅分司,835,0.721191,俸禄,優饒又加俸
line,28751,2370,詔授同州刺史病不赴任因詠所懷,835,0.720703,軍旅,勞逸懸相遠
line,28862,2382,自題小草亭,835,0.719238,冠弁冕,規模儉且卑
line,26324,2136,裴侍中晉公以集賢林亭即事詩二十六韻見贈猥蒙徵和才拙詞繁輒廣爲五百言以伸酬獻,835,0.717773,豐稔,餘力兼有之
line,27073,2179,何處堪避暑,835,0.717773,伏日,如何三伏月
line,26309,2136,裴侍中晉公以集賢林亭即事詩二十六韻見贈猥蒙徵和才拙詞繁輒廣爲五百言以伸酬獻,835,0.717285,使絶域,陸賈功業少
line,26432,2142,詠懷,835,0.716309,貧,亦免愁衣食
line,27156,2185,詠史,835,0.715332,禍福,乃知禍福非天爲
line,28881,2382,自題小草亭,835,0.714355,智,螻蟻謀深穴
line,26970,2173,題文集櫃,835,0.713867,父子,世無王仲宣
line,28888,2383,自詠,835,0.713867,鶴,較瘦鶴猶肥
line,28859,2381,奉和裴令公新成午橋莊綠野堂即事,835,0.713379,舞,進退處中央
line,29249,2432,偶於維陽牛相公處覓得箏箏未到先寄詩來走筆戲答,836,0.809082,箏,秦箏多好音
line,29018,2402,清明日登老君閣望洛城贈韓道士,836,0.784668,鶴,遼東悵望鶴飛還
line,29048,2407,殘春詠懷贈楊慕巢侍郎,836,0.782227,太子,太子少傅官二品
line,27193,2187,春遊,836,0.776855,父子,幾人及七旬
line,29353,2437,酬夢得霜夜對月見懷,836,0.771973,衣服,寒覺被衣輕
line,27270,2191,夏日作,836,0.771484,恤老,得以終天年
line,26456,2144,老熱,836,0.768555,勤勞,農者勞田疇
line,29127,2416,無長物,836,0.764648,儉,只緣無長物
line,29126,2416,無長物,836,0.762207,貧,無嫌活計貧
line,29266,2434,長齋月滿攜酒先與夢得對酌醉中同赴令公之宴戲贈夢得,836,0.760742,雪,乘興還同訪戴客
line,26455,2144,老熱,836,0.760254,徒役,仕者拘職役
line,29049,2407,殘春詠懷贈楊慕巢侍郎,836,0.759277,老,年過六旬時
line,29370,2439,雪中酒熟欲攜訪吳監先寄此詩,836,0.757812,叔姪,《雪賦》云
line,29334,2436,吳秘監每有美酒獨酌獨醉但蒙詩報不以飲招輒此戲酬兼呈夢得,836,0.752930,屋室,《記》云
line,29250,2432,偶於維陽牛相公處覓得箏箏未到先寄詩來走筆戲答,836,0.748535,行惠,如能惠一面
line,26469,2144,老熱,836,0.747559,禪定,亦無别言語
line,26467,2144,老熱,836,0.744141,衣服,或問諸親友
line,28946,2390,又題一絶,836,0.744141,商賈,不論貴賤與親疏
line,28940,2389,尋春題諸家園林,836,0.742188,隠逸,都無悶到心
line,26492,2145,新秋喜凉因寄兵部楊侍郎,836,0.741699,宰相,彼此寧相見
line,29344,2436,吳秘監每有美酒獨酌獨醉但蒙詩報不以飲招輒此戲酬兼呈夢得,836,0.741699,酒,《獨酌謡》
line,27267,2191,夏日作,836,0.738770,儉,不費用難盡
line,29074,2409,春盡日天津橋醉吟偶呈李尹侍郎,836,0.738770,别,無泥未有塵
line,29320,2435,奉酬淮南牛相公思黯見寄二十四韻,836,0.738770,霜,霜紈一百疋
line,29170,2422,秋霖中奉裴令公見招早出赴會馬上先寄六韻,836,0.737793,素,素書傳好語
line,29147,2418,以詩代書寄户部楊侍郎勸買東鄰王家宅,836,0.736816,馬,筋力應須及健迴
line,26468,2144,老熱,836,0.735352,隠逸,樂天是與不
line,27261,2191,夏日作,836,0.734375,飯飱,飯訖盥漱已
line,27188,2187,春遊,836,0.732422,酒,朱顔去復去
line,27231,2189,哭師臯,836,0.731445,葬,更就墳邊哭一聲
line,29321,2435,奉酬淮南牛相公思黯見寄二十四韻,836,0.730469,箏,玉柱十三絃
line,29052,2407,殘春詠懷贈楊慕巢侍郎,836,0.728516,馬,其如筋力衰
line,29247,2431,酬夢得窮秋夜坐即事見寄,836,0.728516,羹,先擬共君嘗
line,27239,2190,隱几贈客,836,0.728027,枕,卧枕一卷書
line,26447,2143,府西亭納凉歸,836,0.727051,食,低眉悄不語
line,29342,2436,吳秘監每有美酒獨酌獨醉但蒙詩報不以飲招輒此戲酬兼呈夢得,836,0.727051,辟召,即可稱名士
line,26480,2145,新秋喜凉因寄兵部楊侍郎,836,0.725586,扇,稍稍凉飇扇
line,27240,2190,隱几贈客,836,0.724609,酒,起嘗一杯酒
line,26481,2145,新秋喜凉因寄兵部楊侍郎,836,0.724121,枕,枕簟忽淒清
line,29340,2436,吳秘監每有美酒獨酌獨醉但蒙詩報不以飲招輒此戲酬兼呈夢得,836,0.723145,乳母,“但常無事
line,29019,2403,三月三日,836,0.722656,圖畫,畫堂三月初三日
line,29001,2399,春來頻與李二十賓客郭外同遊因贈長句,836,0.722168,鹽鐵使,可惜濟時心力在
line,29092,2410,池上逐凉二首其一,836,0.720215,言語,多言宜靜不宜忙
line,28922,2386,殘酌晚餐,836,0.718262,食,其餘盡不知
line,29132,2416,無長物,836,0.718262,妾,亦足奉吾身
line,27237,2190,隱几贈客,836,0.717773,師,有時猶隱几
line,29091,2410,池上逐凉二首其一,836,0.717285,交游讎,徧問交親爲老計
line,26489,2145,新秋喜凉因寄兵部楊侍郎,836,0.716797,簫,俯觀游魚羣
line,27249,2191,夏日作,836,0.716309,衣服,葛衣疏且單
line,27208,2188,題天竺南院贈閑振元旻四上人,836,0.715332,寺,地是佛國土
line,28939,2389,尋春題諸家園林,836,0.715332,傲慢,漸以狂爲態
line,29371,2439,雪中酒熟欲攜訪吳監先寄此詩,836,0.715332,馬,“延枚叟
line,29191,2424,八月三日夜作,836,0.714355,畋獵,秋簟冷無情
line,29716,2479,司徒令公分守東洛移鎮北都一心勤王三月成政形容盛德實在歌詩况辱知音敢不先唱輒奉五言四十韻寄獻以抒下情,837,0.839355,生財助國,憂國意忉忉
line,29683,2476,長齋月滿寄思黯,837,0.837402,相思,一日不見如三月
line,29421,2446,與夢得偶同到敦詩宅感而題壁,837,0.828125,轉運使,《漢書》云
line,29589,2462,感事,837,0.790527,仙,常期生羽翼
line,27329,2196,狂言示諸侄,837,0.789062,幼學,所以十年來
line,26567,2151,寒食,837,0.788086,俸禄,有官供祿俸
line,25697,2109,酬思黯相公見過弊居戲贈,837,0.785156,行人,行人爲徘徊
line,29708,2479,司徒令公分守東洛移鎮北都一心勤王三月成政形容盛德實在歌詩况辱知音敢不先唱輒奉五言四十韻寄獻以抒下情,837,0.783203,父子,司徒官一品
line,29891,2485,酬思黯戲贈,837,0.781250,醜丈夫,狂得且須狂
line,29785,2479,司徒令公分守東洛移鎮北都一心勤王三月成政形容盛德實在歌詩况辱知音敢不先唱輒奉五言四十韻寄獻以抒下情,837,0.780273,徵聘,劉夢得也
line,29473,2451,池上早春即事招夢得,837,0.777344,衾,輕暖好衣裳
line,29791,2479,司徒令公分守東洛移鎮北都一心勤王三月成政形容盛德實在歌詩况辱知音敢不先唱輒奉五言四十韻寄獻以抒下情,837,0.774414,湖,張良﹑范蠡
line,29712,2479,司徒令公分守東洛移鎮北都一心勤王三月成政形容盛德實在歌詩况辱知音敢不先唱輒奉五言四十韻寄獻以抒下情,837,0.773438,舉選,進士及第﹑博學﹑制策
line,25712,2109,酬思黯相公見過弊居戲贈,837,0.767090,妾,家醞不敢惜
line,26531,2149,三適贈道友,837,0.764160,舉選,三適合爲一
line,29879,2484,夢得卧病攜酒相尋先以此寄,837,0.763672,井,還須挈一壺
line,29495,2453,令公南莊花柳正盛欲偷一賞先寄二篇其一,837,0.762695,舉讎,故舉以爲對
line,27331,2196,狂言示諸侄,837,0.760254,老,况當垂老歲
line,29815,2480,和東川楊慕巢尚書府中獨坐感戚在懷見寄十四韻,837,0.759766,印綬,紫綬黄金印
line,26521,2148,六十六,837,0.755371,溪,唯有潺湲聲
line,27332,2196,狂言示諸侄,837,0.753906,乞假,所要無多物
line,29742,2479,司徒令公分守東洛移鎮北都一心勤王三月成政形容盛德實在歌詩况辱知音敢不先唱輒奉五言四十韻寄獻以抒下情,837,0.753906,竊盜,魂亡獫狁逃
line,29801,2480,和東川楊慕巢尚書府中獨坐感戚在懷見寄十四韻,837,0.751953,君臣,我是知君者
line,29836,2481,分司洛中多暇數與諸客宴遊醉後狂吟偶成十韻因招夢得賓客兼呈思黯奇章公,837,0.750000,食,貧猶有酒漿
line,31151,2654,立秋夕凉風忽至炎暑稍消即事詠懷寄汴州節度使李二十尚書,837,0.747070,夏,但喜煩暑退
line,27310,2195,種桃歌,837,0.746582,疾,有減而無加
line,27288,2193,酬牛相公宮城早秋寓言見示兼呈夢得,837,0.740234,蟬,寒蟬始悲鳴
line,29586,2461,晚春酒醒尋夢得,837,0.740234,造酒,酒榼名也
line,27333,2196,狂言示諸侄,837,0.737793,裘,一裘煖過冬
line,29692,2477,冬夜對酒寄皇甫十,837,0.736816,言語,無葉可辭枝
line,27353,2197,偶以拙詩數首寄呈裴侍郎蒙以盛製四篇一時酬和重投長句美而謝之,837,0.735352,麋,一麋麗龜絶報賽
line,27321,2196,狂言示諸侄,837,0.734863,縣令,世欺不得官
line,29452,2449,閑遊即事,837,0.732422,讓功,還須自知分
line,29536,2458,開成二年三月三日河南尹李待價以人和歲稔將禊於洛濱前一日啓留守裴令公公明日召太子少傅白居易太子賓客蕭籍李仍叔劉禹錫前中書舍人鄭居中國子司業裴惲河南少尹李道樞倉部郎中崔瑨司封員外郎張可續駕部員外郎盧言虞部員外郎苗愔和州刺史裴儔淄州刺史裴洽檢校禮部員外郎楊魯士四門博士談弘謨等一十五人合宴於舟中由斗亭歷魏堤抵津橋登臨泝沿自晨及暮簪組交映歌笑間發前水嬉而後妓樂左筆硯而右壺觴望之若仙觀者如堵盡風光之賞極遊泛之娛美景良辰賞心樂事盡得於今日矣若不記錄謂洛無人晉公首賦一章鏗然玉振顧謂四座繼而和之居易舉酒抽毫奉十二韻以獻,837,0.731934,草,三月草萋萋
line,26514,2148,六十六,837,0.730957,老,今年六十六
line,29829,2480,和東川楊慕巢尚書府中獨坐感戚在懷見寄十四韻,837,0.728516,老,懸車年甚遠
line,29794,2479,司徒令公分守東洛移鎮北都一心勤王三月成政形容盛德實在歌詩况辱知音敢不先唱輒奉五言四十韻寄獻以抒下情,837,0.728027,雞,踟躕首已搔
line,29865,2483,閑吟贈皇甫郎中親家翁,837,0.727539,貧,豈復憂愁活計貧
line,26558,2151,寒食,837,0.726074,寒食,九度逢寒食
line,29691,2477,冬夜對酒寄皇甫十,837,0.726074,喪,有風空動樹
line,29715,2479,司徒令公分守東洛移鎮北都一心勤王三月成政形容盛德實在歌詩况辱知音敢不先唱輒奉五言四十韻寄獻以抒下情,837,0.726074,醜丈夫,動人名赫赫
line,29845,2481,分司洛中多暇數與諸客宴遊醉後狂吟偶成十韻因招夢得賓客兼呈思黯奇章公,837,0.725586,徵聘,不論招夢得
line,31204,2656,題牛相公歸仁里宅新成小灘,837,0.723633,相思,能不思悠然
line,27351,2197,偶以拙詩數首寄呈裴侍郎蒙以盛製四篇一時酬和重投長句美而謝之,837,0.723145,《詩》,毛詩三百篇後得
line,29551,2458,開成二年三月三日河南尹李待價以人和歲稔將禊於洛濱前一日啓留守裴令公公明日召太子少傅白居易太子賓客蕭籍李仍叔劉禹錫前中書舍人鄭居中國子司業裴惲河南少尹李道樞倉部郎中崔瑨司封員外郎張可續駕部員外郎盧言虞部員外郎苗愔和州刺史裴儔淄州刺史裴洽檢校禮部員外郎楊魯士四門博士談弘謨等一十五人合宴於舟中由斗亭歷魏堤抵津橋登臨泝沿自晨及暮簪組交映歌笑間發前水嬉而後妓樂左筆硯而右壺觴望之若仙觀者如堵盡風光之賞極遊泛之娛美景良辰賞心樂事盡得於今日矣若不記錄謂洛無人晉公首賦一章鏗然玉振顧謂四座繼而和之居易舉酒抽毫奉十二韻以獻,837,0.723145,酒,醴爲穆生攜
line,27334,2196,狂言示諸侄,837,0.722656,廢墯,一飯飽終日
line,26535,2149,三適贈道友,837,0.721680,言語,此固不可説
line,29862,2482,小歲日喜談氏外孫女孩滿月,837,0.721680,月,懷中有可抱
line,29707,2479,司徒令公分守東洛移鎮北都一心勤王三月成政形容盛德實在歌詩况辱知音敢不先唱輒奉五言四十韻寄獻以抒下情,837,0.720215,中書令,中書令上應中台
line,29852,2482,小歲日喜談氏外孫女孩滿月,837,0.719727,天,他人豈得知
line,29524,2457,晚春欲攜酒尋沈四著作先以六韻寄之,837,0.718750,酒,顧我酒狂久
line,29750,2479,司徒令公分守東洛移鎮北都一心勤王三月成政形容盛德實在歌詩况辱知音敢不先唱輒奉五言四十韻寄獻以抒下情,837,0.718750,刀,虯鬚捧佩刀
line,28823,2379,詠老贈夢得,837,0.717285,杖,有時扶杖出
line,29705,2479,司徒令公分守東洛移鎮北都一心勤王三月成政形容盛德實在歌詩况辱知音敢不先唱輒奉五言四十韻寄獻以抒下情,837,0.717285,臺,天上中台正
line,25715,2109,酬思黯相公見過弊居戲贈,837,0.716309,慶遺,恐君囅然咍
line,27345,2196,狂言示諸侄,837,0.715332,擇交,不敢論他人
line,29759,2479,司徒令公分守東洛移鎮北都一心勤王三月成政形容盛德實在歌詩况辱知音敢不先唱輒奉五言四十韻寄獻以抒下情,837,0.714844,報德,應忘報國勞
line,25696,2109,酬思黯相公見過弊居戲贈,837,0.714355,馬,軒蓋光照地
line,28819,2379,詠老贈夢得,837,0.713379,夫婦,與君俱老也
line,29738,2479,司徒令公分守東洛移鎮北都一心勤王三月成政形容盛德實在歌詩况辱知音敢不先唱輒奉五言四十韻寄獻以抒下情,837,0.713379,幕府,賓僚儼雋髦
line,31331,2664,和思黯居守獨飲偶醉見示六韻時夢得和篇先成頗爲麗絶因添兩韻繼而美之,838,0.797363,酒,朱顔忽已酡
line,29923,2490,閑適,838,0.796387,奢侈,肥馬輕裘還粗有
line,30245,2526,自詠,838,0.791016,屏風,將我畫屏風
line,29948,2495,戲贈夢得兼呈思黯,838,0.782715,《春秋》,《傳》曰
line,31365,2666,櫻桃花下有感而作,838,0.777832,貢獻,皆有所屬
line,31405,2668,新沐浴,838,0.771484,天,孰知其所由
line,31434,2670,自題小園,838,0.769531,水,池乃爲魚鑿
line,30358,2540,自罷河南已換七尹每一入府悵然舊遊因宿内廳偶題西壁兼呈韋尹常侍,838,0.766602,賔主,主人留宿定
line,31290,2661,遊平泉宴浥澗宿香山石樓贈座客,838,0.764648,燈燭,勸我令秉燭
line,31400,2668,新沐浴,838,0.764160,貧,窮途絶粮客
line,30322,2538,三年冬隨事鋪設小堂寢處稍似穩暖因念衰病偶吟所懷,838,0.759766,堂,中堂不甚卑
line,31266,2660,小閣閑坐,838,0.757812,雞,遠見飛鳥還
line,30018,2503,酬夢得以予五月長齋延僧徒絶賓友見戲十韻,838,0.754395,蟬,林靜未蟬鳴
line,30176,2517,雨後秋凉,838,0.754395,扇,團扇先辭手
line,31381,2667,洗竹,838,0.750000,言語,而令糞土辱
line,30051,2505,又和令公新開龍泉晉水二池,838,0.749023,閣,樓閣在中央
line,29950,2495,戲贈夢得兼呈思黯,838,0.748535,父子,無能爲也
line,30015,2503,酬夢得以予五月長齋延僧徒絶賓友見戲十韻,838,0.748047,館驛,賓客懶逢迎
line,30030,2503,酬夢得以予五月長齋延僧徒絶賓友見戲十韻,838,0.747559,食,不唯忘肉味
line,30335,2538,三年冬隨事鋪設小堂寢處稍似穩暖因念衰病偶吟所懷,838,0.746582,蠶桑,由來蠶老後
line,31426,2670,自題小園,838,0.746582,賔主,但鬭爲主人
line,30265,2529,慕巢尚書書云室人欲爲買置一歌者非所安也以詩相報因而和之,838,0.746094,美婦人,南國須求一兩人
line,29999,2500,自題酒庫,838,0.745117,酒,酒庫不曾空
line,31310,2663,夏日閑放,838,0.743652,傲慢,閑傲得自恣
line,31351,2665,和夢得洛中早春見贈七韻,838,0.743652,齋,此日出齋
line,31377,2667,洗竹,838,0.739746,奴婢,迴頭語僮僕
line,31374,2667,洗竹,838,0.739258,宮殿,青青復籊籊
line,31305,2663,夏日閑放,838,0.737305,伏日,時暑不出門
line,31429,2670,自題小園,838,0.737305,僭,列在都城内
line,29949,2495,戲贈夢得兼呈思黯,838,0.736816,老,“今老矣
line,31272,2660,小閣閑坐,838,0.735840,駱駝,求閑而得閑
line,31413,2669,三年除夜,838,0.732422,贄,次第來稱觴
line,29907,2488,洛下雪中頻與劉李二賓客宴集因寄汴州李尚書,838,0.731445,雪,水南水北雪紛紛
line,30269,2529,慕巢尚書書云室人欲爲買置一歌者非所安也以詩相報因而和之,838,0.731445,金,買笑黄金莫訴貧
line,29938,2493,新歲贈夢得,838,0.730469,違離,已喜更加年
line,29992,2500,自題酒庫,838,0.730469,鶴,野鶴一辭籠
line,31264,2660,小閣閑坐,838,0.730469,風,清風生其間
line,31336,2664,和思黯居守獨飲偶醉見示六韻時夢得和篇先成頗爲麗絶因添兩韻繼而美之,838,0.729980,玉,金石相磨戞
line,29937,2493,新歲贈夢得,838,0.729492,食,漸衰宜減食
line,30324,2538,三年冬隨事鋪設小堂寢處稍似穩暖因念衰病偶吟所懷,838,0.729492,夫婦,足以貯妻兒
line,30049,2505,又和令公新開龍泉晉水二池,838,0.724121,雁,“方塘含白水
line,30181,2517,雨後秋凉,838,0.724121,貧,貧閑老瘦人
line,31265,2660,小閣閑坐,838,0.724121,蟬,靜聞新蟬鳴
line,30098,2508,奉和思黯相公以李蘇州所寄太湖石奇狀絶倫因題二十韻見示兼呈夢得,838,0.723145,美婦人,在世爲尤物
line,30074,2508,奉和思黯相公以李蘇州所寄太湖石奇狀絶倫因題二十韻見示兼呈夢得,838,0.721191,嵩山,錯落復崔嵬
line,31438,2670,自題小園,838,0.721191,幕府,親賓有時會
line,29919,2490,閑適,838,0.720215,俸禄,祿俸優饒官不卑
line,31314,2663,夏日閑放,838,0.720215,魚,魚肉一兩味
line,31329,2664,和思黯居守獨飲偶醉見示六韻時夢得和篇先成頗爲麗絶因添兩韻繼而美之,838,0.719727,箏,絃吟玉柱品
line,30002,2500,自題酒庫,838,0.718262,酒,”以一醉爲富也
line,31286,2661,遊平泉宴浥澗宿香山石樓贈座客,838,0.716797,草,醉藉春草綠
line,30019,2503,酬夢得以予五月長齋延僧徒絶賓友見戲十韻,838,0.715820,修廢祭,葷血還休食
line,31391,2668,新沐浴,838,0.715820,天子食,次舉粥一甌
line,29930,2491,戲答思黯,838,0.715332,鏡,鏡中照出月中仙
line,30344,2539,初冬即事呈夢得,838,0.714844,寬恕,希君恕我取人寬
line,29922,2490,閑適,838,0.713867,造酒,雨雪寒供飲宴時
line,29964,2496,早春憶遊思黯南莊因寄長句,838,0.713867,冰,冰消見水多於地
line,31399,2668,新沐浴,838,0.713867,行旅,何人羈旅遊
line,31470,2672,戒藥,839,0.798828,道教,域中有真道
line,30581,2571,酬夢得貧居詠懷見贈,839,0.787109,冨,“瞻烏爰止
line,30591,2571,酬夢得貧居詠懷見贈,839,0.777832,俸禄,祿俸略同
line,30620,2576,見敏中初到邠寧秋日登城樓詩詩中頗多鄉思因以寄和,839,0.765137,原隰,蕭條正值秋
line,30426,2548,酬夢得比萱草見贈,839,0.764648,雜草,萱草解忘憂
line,30424,2547,書事詠懷,839,0.761230,冨,亦恐涉無厭
line,30410,2547,書事詠懷,839,0.757812,貧,雖貧豈敢嫌
line,31442,2671,病中宴坐,839,0.755859,酒,有酒病不飲
line,30440,2549,問皇甫十,839,0.753418,博棊,勝負兩如何
line,31217,2657,春日閑居三首其一,839,0.750488,人餓,飢來恣餐歠
line,31466,2672,戒藥,839,0.746094,冨,以之資嗜慾
line,31465,2672,戒藥,839,0.743652,醫,藥誤者多矣
line,31207,2657,春日閑居三首其一,839,0.742676,琴,屋中有琴書
line,30422,2547,書事詠懷,839,0.737793,食,狂於飲不廉
line,30420,2547,書事詠懷,839,0.737305,閏月,是年閏正月也
line,30409,2547,書事詠懷,839,0.736328,俸禄,官俸將生計
line,30569,2569,歲暮病懷贈夢得,839,0.733398,舉薦,相過亦不要他人
line,30597,2572,酬夢得見喜疾瘳,839,0.728516,冨,《傳》云
line,31209,2657,春日閑居三首其一,839,0.725586,母子,是時三月半
line,30595,2572,酬夢得見喜疾瘳,839,0.725098,對見,病醉睡相和
line,30627,2577,齋戒,839,0.724121,沐,每因齋戒斷葷腥
line,30383,2543,白髮,839,0.723633,春,其餘便被春收拾
line,30463,2554,病中詩十五首初病風,839,0.719238,百工,朽株難免蠹
line,30576,2570,雪後過集賢裴令公舊宅有感,839,0.718750,雁,唯有蕭條雁
line,31468,2672,戒藥,839,0.715820,天,天人陰隲間
line,31471,2672,戒藥,839,0.714844,言語,所説不如此
line,30840,2602,宣州崔大夫閣老忽以近詩數十首見示吟諷之下竊有所喜因成長句寄贈郡齋,840,0.850586,屋室,“窗中列遠岫
line,30894,2608,和楊尚書罷相後夏日遊永安水亭兼招本曹楊侍郎同行,840,0.804688,舟,巨川濟了作虛舟
line,30885,2607,老病幽獨偶吟所懷,840,0.762695,貴,“是身如浮雲也
line,31635,2680,閑題家池寄王屋張道士,840,0.761230,道士,五千言下悟
line,30829,2601,時熱少見客因詠所懷,840,0.759277,死,露牀青篾簟
line,32742,2783,喜老自嘲,840,0.758789,裘,裘輕披白氎
line,30838,2602,宣州崔大夫閣老忽以近詩數十首見示吟諷之下竊有所喜因成長句寄贈郡齋,840,0.753418,屋室,虛教遠岫列窗間
line,30846,2602,宣州崔大夫閣老忽以近詩數十首見示吟諷之下竊有所喜因成長句寄贈郡齋,840,0.752441,苑囿,並見《文選》中
line,30836,2602,宣州崔大夫閣老忽以近詩數十首見示吟諷之下竊有所喜因成長句寄贈郡齋,840,0.750977,筆硯,郡閣寥寥筆硯閑
line,30853,2603,足疾,840,0.750000,檄,應須學取陶彭澤
line,30657,2581,病入新正,840,0.749512,老,是身老所逼
line,31628,2680,閑題家池寄王屋張道士,840,0.748047,天,要路多險艱
line,31632,2680,閑題家池寄王屋張道士,840,0.740723,酒,有酒酡吾顔
line,30745,2591,春晚詠懷贈皇甫朗之,840,0.733398,休假,少處兼遭病折磨
line,30825,2601,時熱少見客因詠所懷,840,0.733398,熱,况當時熱甚
line,32724,2781,新秋夜雨,840,0.730957,冬,蟋蟀暮啾啾
line,31631,2680,閑題家池寄王屋張道士,840,0.728027,食,有食適吾口
line,31638,2680,閑題家池寄王屋張道士,840,0.725586,直,貴者我不攀
line,31625,2680,閑題家池寄王屋張道士,840,0.724121,道路,進不趨要路
line,30834,2601,時熱少見客因詠所懷,840,0.722168,改過,此事久知非
line,30899,2609,在家出家,840,0.718262,隠逸,衣食支分婚嫁畢
line,32751,2783,喜老自嘲,840,0.718262,恤老,可謂盡天年
line,30852,2603,足疾,840,0.715332,祖孫,兼無身後子孫憂
line,32735,2782,春眠,840,0.715332,寢,時時暫到睡中來
line,30862,2604,晚池汎舟遇景成詠贈呂處士,840,0.714355,魚,同把磻溪舊釣竿
line,30919,2611,繼之尚書自余病來寄遺非一又蒙覽醉吟先生傳題詩以美之今以此篇用伸酬謝,840,0.714355,貴,獨知我者是尚書
line,31980,2694,春池閑汎,841,0.837402,雁,雲行雁弟兄
line,32012,2698,和敏中洛下即事,841,0.808105,草,昨日池塘春草生
line,31573,2677,官俸初罷親故見憂以詩諭之,841,0.805664,食,未至食藜藿
line,31098,2644,雪暮偶與夢得同致仕裴賓客王尚書飲,841,0.804688,狼,合三百餘歲
line,31560,2677,官俸初罷親故見憂以詩諭之,841,0.795410,大夫,乘軒已多慚
line,31564,2677,官俸初罷親故見憂以詩諭之,841,0.789062,冨,豈以貧是憂
line,31489,2674,逸老,841,0.782227,過好,適時即爲好
line,31505,2674,逸老,841,0.775391,苑囿,樂於魚在藻
line,31569,2677,官俸初罷親故見憂以詩諭之,841,0.774902,熱,雲心無所著
line,32126,2711,雪夜小飲贈夢得,841,0.773926,海,曾看東海變桑田
line,31539,2675,遇物感興因示子弟,841,0.773438,剛,强弱剛柔間
line,31535,2675,遇物感興因示子弟,841,0.757324,柔,不得全柔弱
line,32114,2710,偶吟,841,0.756836,行旅,是《楚詞》也
line,31670,2681,李盧二中丞各創山居俱誇勝絶然去城稍遠來往頗勞弊居新泉實在宇下偶題十五韻聊戲二君,841,0.755371,葬,請君先到此
line,31558,2677,官俸初罷親故見憂以詩諭之,841,0.751953,少傅,七年爲少傅
line,31529,2675,遇物感興因示子弟,841,0.748535,剛,不可苦剛强
line,31578,2677,官俸初罷親故見憂以詩諭之,841,0.745117,舟,信風舟不繫
line,31537,2675,遇物感興因示子弟,841,0.744629,恐懼,此未免憂患平聲
line,31653,2681,李盧二中丞各創山居俱誇勝絶然去城稍遠來往頗勞弊居新泉實在宇下偶題十五韻聊戲二君,841,0.744629,軍資糧,脂轄復裹糧
line,31612,2679,亭西牆下伊渠水中置石激流潺湲成韻頗有幽趣以詩記之,841,0.741211,倉廩,流入洛陽城
line,31671,2681,李盧二中丞各創山居俱誇勝絶然去城稍遠來往頗勞弊居新泉實在宇下偶題十五韻聊戲二君,841,0.738770,溪,願以潺湲聲
line,31593,2678,閑居偶吟招鄭庶子皇甫郎中,841,0.737793,好客,焉用車馬客
line,31654,2681,李盧二中丞各創山居俱誇勝絶然去城稍遠來往頗勞弊居新泉實在宇下偶題十五韻聊戲二君,841,0.735352,土功,心力頗勞止
line,31497,2674,逸老,841,0.731445,戲謔,所得亦不少
line,32410,2749,昨日復今辰,841,0.728516,杯,螺杯中有物
line,31055,2638,題崔少尹上林坊新居,841,0.727539,食饮,若能爲客烹雞黍
line,31620,2679,亭西牆下伊渠水中置石激流潺湲成韻頗有幽趣以詩記之,841,0.727539,聽,亦不要人聽
line,31074,2641,楊六尚書頻寄新詩詩中多有思閑相就之志因書鄙意報而諭之,841,0.726562,印綬,身健正宜金印綬
line,31617,2679,亭西牆下伊渠水中置石激流潺湲成韻頗有幽趣以詩記之,841,0.726562,樓,終日臨大道
line,31071,2640,對酒有懷寄李十九郎中,841,0.725586,雲,”今故云
line,31041,2637,旱熱,841,0.724609,雀,籬喧飢有雀
line,31540,2675,遇物感興因示子弟,841,0.723633,《書》,上遵周孔訓
line,31991,2695,池上寓興二絶其一,841,0.723633,冰,獺捕魚來魚躍出
line,31054,2638,題崔少尹上林坊新居,841,0.723145,魚,沿洄十里汎漁舟
line,32113,2710,偶吟,841,0.723145,衣服,荷衣﹑蕙帶
line,31534,2675,遇物感興因示子弟,841,0.718750,言語,寄言立身者
line,31091,2643,寄潮州繼之,841,0.716309,傷毀,不獨榮空辱亦空
line,31580,2677,官俸初罷親故見憂以詩諭之,841,0.714844,替代,親友不我知
line,31499,2674,逸老,841,0.714355,食,衣食常温飽
line,32065,2703,閏九月九日獨飲,841,0.714355,沐,自從九月持齋戒
line,31595,2678,閑居偶吟招鄭庶子皇甫郎中,841,0.713867,阪,猶有所思人
line,31557,2676,首夏南池獨酌,841,0.713379,詩,詩成不稱心
line,32688,2777,感所見,842,0.896484,百工,巧者焦勞智者愁
line,31807,2688,香山居士寫真詩,842,0.867676,海,亦變作桑田
line,32392,2747,哭劉尚書夢得二首其一,842,0.853027,《春秋》,“後世知丘者《春秋》
line,31784,2688,香山居士寫真詩,842,0.824707,少傅,罷太子少傅
line,32275,2731,病中看經贈諸道侶,842,0.806641,刺史,見《外臺方》
line,32860,2792,讀道德經,842,0.804688,祖孫,子孫委蛻是他人
line,31737,2685,夢上山,842,0.803223,春,晝夜既平分
line,31752,2686,對酒閑吟贈同老者,842,0.794922,裘,裘馬脱輕肥
line,31698,2683,飲後戲示弟子,842,0.789062,恥尚,多即罍不恥
line,31695,2683,飲後戲示弟子,842,0.784668,酒,無如醖好酒
line,31690,2683,飲後戲示弟子,842,0.780762,勤,弟子服勞止
line,32314,2733,醉中得上都親友書以予停俸多時憂問貧乏偶乘酒興詠而報之,842,0.780273,貧,憂醒不憂貧
line,31850,2690,不出門,842,0.776855,鶴,輕箑白鳥羽
line,31868,2691,感舊,842,0.776367,宰相,劉尚書夢得
line,31687,2683,飲後戲示弟子,842,0.775879,儒教,孔門有遺訓
line,31725,2685,夢上山,842,0.774414,山,千巖與萬壑
line,31838,2689,二年三月五日齋畢開素當食偶吟贈妻弘農郡君,842,0.773438,夫婦,偕老不易得
line,32393,2747,哭劉尚書夢得二首其一,842,0.771484,《春秋》,“《春秋》之旨微而婉也
line,31749,2686,對酒閑吟贈同老者,842,0.770508,食,飢飽進退食
line,31721,2684,閑坐看書貽諸少年,842,0.768555,門戶,所以雀羅門
line,32003,2697,宴後題府中水堂贈盧尹中丞,842,0.767578,名字,因以名焉
line,32431,2752,刑部尚書致仕,842,0.765625,致仕,宦途事了是懸車
line,31705,2683,飲後戲示弟子,842,0.765137,酣醉,憂在半酣時
line,32517,2762,偶作寄朗之,842,0.759766,館驛,歡娛接賓客
line,31745,2686,對酒閑吟贈同老者,842,0.758789,老,老既不足歎
line,32312,2733,醉中得上都親友書以予停俸多時憂問貧乏偶乘酒興詠而報之,842,0.758301,甕,從生甑上塵
line,32674,2775,閑居貧活,842,0.758301,衾,暖卧兩重衾
line,31738,2685,夢上山,842,0.756348,齊物,其間何得失
line,32671,2775,閑居貧活,842,0.755859,儉,儉薄身都慣
line,31704,2683,飲後戲示弟子,842,0.755371,貧,所憂不在此
line,31699,2683,飲後戲示弟子,842,0.754395,言語,吾更有一言
line,31682,2682,北窗竹石,842,0.753906,離,無子方煢獨
line,31761,2686,對酒閑吟贈同老者,842,0.751953,貧,於中我自樂
line,32360,2743,談氏小外孫玉童,842,0.751953,老,自念老夫今耄矣
line,32249,2728,招山僧,842,0.750488,與食,能入城中乞食否
line,32456,2756,不與老爲期,842,0.748535,老,不與老爲期
line,32684,2776,贈諸少年,842,0.746582,俸禄,謂致仕半祿也
line,31702,2683,飲後戲示弟子,842,0.744629,父母疾,人病多憂死
line,31751,2686,對酒閑吟贈同老者,842,0.744629,淫樂,聲妓放鄭衛
line,31713,2684,閑坐看書貽諸少年,842,0.744141,冨,多取終厚亡
line,31803,2688,香山居士寫真詩,842,0.743652,裘,相去三十年
line,31852,2690,不出門,842,0.743652,印綬,方寸方丈室
line,32223,2724,對新家醖玩自種花,842,0.742676,儉,瀲灩兩三杯
line,31746,2686,對酒閑吟贈同老者,842,0.742188,疾,病亦不能治
line,32010,2697,宴後題府中水堂贈盧尹中丞,842,0.742188,吏久從政,自予罷後至中丞
line,32372,2744,送後集往廬山東林寺兼寄雲臯上人,842,0.741211,恤老,老來筋力又何如
line,32463,2756,不與老爲期,842,0.740723,琴,三樂是吾師
line,31824,2689,二年三月五日齋畢開素當食偶吟贈妻弘農郡君,842,0.739746,君臣相信,佐以酺醢味
line,32519,2762,偶作寄朗之,842,0.739746,封功臣後,自到東都後
line,31692,2683,飲後戲示弟子,842,0.735840,父子,在兹而已矣
line,31787,2688,香山居士寫真詩,842,0.735840,老,時年七十一
line,32164,2717,喜入新年自詠,842,0.735840,父子,又入新正第七旬
line,32097,2708,履道西門二首其一,842,0.735352,與食,行竈朝香炊早飯
line,32267,2730,題新澗亭兼酬寄朝中親故見贈,842,0.731445,退散,各行其志莫相咍
line,31701,2683,飲後戲示弟子,842,0.730469,貧,人老多憂貧
line,31691,2683,飲後戲示弟子,842,0.729980,孝行,孝敬不在他
line,31747,2686,對酒閑吟贈同老者,842,0.729980,奴婢,扶侍仰婢僕
line,31823,2689,二年三月五日齋畢開素當食偶吟贈妻弘農郡君,842,0.729492,酪,調沃新酪漿
line,31876,2691,感舊,842,0.729492,報德,題爲《感舊》
line,32857,2792,讀道德經,842,0.729492,《書》,玄元皇帝著遺文
line,31879,2691,感舊,842,0.727539,死,微之捐館將一紀
line,31776,2687,晚起閑行,842,0.726562,餅饵,餅與蔬而已
line,32377,2745,客有説,842,0.726562,祕書監,中有仙龕虛一室
line,32538,2762,偶作寄朗之,842,0.725098,裘,鶴氅罷追隨
line,32668,2775,閑居貧活,842,0.724609,宅,簞瓢陋巷深
line,31806,2688,香山居士寫真詩,842,0.724121,海,請看東海水
line,31957,2693,達哉樂天行,842,0.721680,賞宅,然後兼賣所居宅
line,32526,2762,偶作寄朗之,842,0.721680,知音,爲樂即新知
line,31967,2693,達哉樂天行,842,0.721191,死,死生無可無不可
line,31843,2689,二年三月五日齋畢開素當食偶吟贈妻弘農郡君,842,0.720215,賤,樂道喜文章
line,31785,2688,香山居士寫真詩,842,0.719238,尚書,爲白衣居士
line,31718,2684,閑坐看書貽諸少年,842,0.718750,冨,利是焚身火
line,32201,2722,會昌二年春題池西小樓,842,0.718750,死,或殁或散
line,31951,2693,達哉樂天行,842,0.718262,甥舅,妻孥不悦甥侄悶
line,31821,2689,二年三月五日齋畢開素當食偶吟贈妻弘農郡君,842,0.717773,煎和,蒸炙加桂薑
line,31762,2686,對酒閑吟贈同老者,842,0.717285,關,此外吾不知
line,32273,2731,病中看經贈諸道侶,842,0.717285,僧,見《涅槃經》
line,32529,2762,偶作寄朗之,842,0.717285,酤榷,鬭醲乾釀酒
line,31961,2693,達哉樂天行,842,0.716797,老,吾今已年七十一
line,32006,2697,宴後題府中水堂贈盧尹中丞,842,0.716797,姓氏,因樹爲名
line,32128,2712,歲暮夜長病中燈下聞盧尹夜宴以詩戲之且爲來日張本也,842,0.716797,寢,衰閑睡夜覺明遲
line,32002,2697,宴後題府中水堂贈盧尹中丞,842,0.714844,笛,府妓有歌《楊柳枝》曲者
line,32374,2744,送後集往廬山東林寺兼寄雲臯上人,842,0.713379,老,彼此年過七十餘
line,32692,2777,感所見,842,0.713379,雞,網外老雞因斷尾
line,32859,2792,讀道德經,842,0.713379,金,金玉滿堂非己物
line,32869,2793,禽蟲十二章其一,843,0.828125,命運,不知其然也
line,32182,2720,送王卿使君赴任蘇州因思花迎新使感舊遊寄題郡中木蘭西院一别,843,0.720703,海,亦恐桑田半爲海
line,32872,2793,禽蟲十二章其一,843,0.717773,信,驗之皆信
line,32868,2793,禽蟲十二章其一,843,0.716797,日,一時一日不參差
line,32621,2771,每見呂南二郎中新文輒竊有所歎惜因成長句以詠所懷,844,0.740234,中書侍郎,畫餅尚書不救飢
line,32487,2758,開龍門八節石灘詩二首其二,844,0.729980,僧,見《佛名》及《涅槃經》
line,32559,2763,狂吟七言十四韻,844,0.719727,刺史,俸隨日計錢盈貫
line,32770,2785,河陽石尚書破迴鶻迎貴主過上黨射鷺鷥繪畫爲圖猥蒙見示稱歎不足以詩美之,845,0.781738,弓,引弓射之
line,32641,2772,胡吉鄭劉盧張等六賢皆多年壽予亦次焉偶於弊居合成尚齒之會七老相顧既醉甚歡靜而思之此會稀有因成七言六韻以紀之傳好事者,845,0.771484,老,年八十九
line,32773,2785,河陽石尚書破迴鶻迎貴主過上黨射鷺鷥繪畫爲圖猥蒙見示稱歎不足以詩美之,845,0.768066,表奏,其事上聞
line,32643,2772,胡吉鄭劉盧張等六賢皆多年壽予亦次焉偶於弊居合成尚齒之會七老相顧既醉甚歡靜而思之此會稀有因成七言六韻以紀之傳好事者,845,0.733887,老,年八十六
line,32626,2772,胡吉鄭劉盧張等六賢皆多年壽予亦次焉偶於弊居合成尚齒之會七老相顧既醉甚歡靜而思之此會稀有因成七言六韻以紀之傳好事者,845,0.733398,熊,七人五百七十歲
line,32645,2772,胡吉鄭劉盧張等六賢皆多年壽予亦次焉偶於弊居合成尚齒之會七老相顧既醉甚歡靜而思之此會稀有因成七言六韻以紀之傳好事者,845,0.730957,老,年八十四
line,32606,2770,齋居春久感事遣懷,845,0.730469,報德,未忘舊交親
line,32647,2772,胡吉鄭劉盧張等六賢皆多年壽予亦次焉偶於弊居合成尚齒之會七老相顧既醉甚歡靜而思之此會稀有因成七言六韻以紀之傳好事者,845,0.721191,老,年八十二
line,32649,2772,胡吉鄭劉盧張等六賢皆多年壽予亦次焉偶於弊居合成尚齒之會七老相顧既醉甚歡靜而思之此會稀有因成七言六韻以紀之傳好事者,845,0.721191,老,年八十二
line,32769,2785,河陽石尚書破迴鶻迎貴主過上黨射鷺鷥繪畫爲圖猥蒙見示稱歎不足以詩美之,845,0.718262,鷺,偶逢水鳥鷺𪆗
line,32635,2772,胡吉鄭劉盧張等六賢皆多年壽予亦次焉偶於弊居合成尚齒之會七老相顧既醉甚歡靜而思之此會稀有因成七言六韻以紀之傳好事者,845,0.717773,太子,人數多於四皓圖
line,32842,2790,詠身,846,0.783203,轉運使,見《太史公傳》
line,32808,2788,六年立春日人日作,846,0.737305,人日,二日立春人七日
line,32780,2786,自詠老身示諸家屬,846,0.718262,老,壽及七十五
poem,607,0608,叙德書情四十韻上宣歙崔中丞,800,0.677734,國政,叙德書情四十韻上宣歙崔中丞
poem,605,0606,與諸同年賀座主侍郎新拜太常同宴蕭尚書亭子,801,0.704590,冠禮,與諸同年賀座主侍郎新拜太常同宴蕭尚書亭子
poem,199,0200,旅次華州贈袁右丞,801,0.668945,驢,旅次華州贈袁右丞
poem,610,0611,自江陵之徐州路上寄兄弟,802,0.684570,離别,自江陵之徐州路上寄兄弟
poem,608,0609,和渭北劉大夫借便秋遮虜寄朝中親友,803,0.672852,驢,和渭北劉大夫借便秋遮虜寄朝中親友
poem,852,0853,得微之到官後書備知通州之事悵然有感因成四章其四,803,0.668945,威名,得微之到官後書備知通州之事悵然有感因成四章其四
poem,15,0016,哭劉敦質,804,0.693848,遺愛,哭劉敦質
poem,611,0612,酬哥舒大見贈,804,0.676270,離别,酬哥舒大見贈
poem,57,0058,寄隱者,805,0.704590,威名,寄隱者
poem,177,0178,早送舉人入試,805,0.681641,威名,早送舉人入試
poem,174,0175,感時,805,0.672852,威名,感時
poem,431,0432,祗役駱口驛喜蕭侍御書至兼覩新詩吟諷通宵因寄八韻,806,0.676758,驢,祗役駱口驛喜蕭侍御書至兼覩新詩吟諷通宵因寄八韻
poem,592,0593,長恨歌,806,0.674805,歌,長恨歌
poem,444,0445,讀鄧魴詩,806,0.668945,《詩》,讀鄧魴詩
poem,643,0644,酬趙秀才贈新登科諸先輩,807,0.711426,舉選,酬趙秀才贈新登科諸先輩
poem,398,0399,贈賣松者,807,0.684082,松柏,贈賣松者
poem,13,0014,初授拾遺,808,0.718750,威名,初授拾遺
poem,443,0444,朱陳村,808,0.689941,市,朱陳村
poem,31,0032,贈内,808,0.683594,酒,贈内
poem,751,0752,春夜喜雪有懷王二十二,808,0.675781,雪,春夜喜雪有懷王二十二
poem,124,0125,二王後,809,0.729980,國政,二王後
poem,138,0139,五絃彈,809,0.716797,琴,五絃彈
poem,132,0133,司天臺,809,0.703125,國政,司天臺
poem,122,0123,七德舞,809,0.702148,國政,七德舞
poem,0,0001,賀雨,809,0.698242,國政,賀雨
poem,123,0124,法曲歌,809,0.687012,歌,法曲歌
poem,709,0710,禁中九日對菊花酒憶元九,809,0.683594,九月九日,禁中九日對菊花酒憶元九
poem,127,0128,華原磬,809,0.681641,磬,華原磬
poem,139,0140,蠻子朝,809,0.680664,國政,蠻子朝
poem,140,0141,驃國樂,809,0.680176,六代樂,驃國樂
poem,133,0134,捕蝗,809,0.672363,蟲蝗,捕蝗
poem,136,0137,道州民,809,0.670410,國政,道州民
poem,141,0142,縛戎人,809,0.670410,威名,縛戎人
poem,2,0003,孔戡,810,0.740723,威名,孔戡
poem,22,0023,贈樊著作,810,0.722168,威名,贈樊著作
poem,194,0195,初除户曹喜而言志,810,0.720215,威名,初除户曹喜而言志
poem,406,0407,出關路,810,0.714844,雞,出關路
poem,29,0030,高僕射,810,0.693848,威名,高僕射
poem,103,0104,和答詩十首答四皓廟,810,0.677246,國政,和答詩十首答四皓廟
poem,726,0727,酬錢員外雪中見寄,810,0.671387,貧,酬錢員外雪中見寄
poem,714,0715,寒食夜,810,0.669922,寒食,寒食夜
poem,39,0040,慈烏夜啼,811,0.682617,雁,慈烏夜啼
poem,46,0047,納粟,812,0.722168,威名,納粟
poem,238,0239,聞庾七左降因詠所懷,812,0.691895,遺愛,聞庾七左降因詠所懷
poem,249,0250,觀稼,812,0.680176,勞農,觀稼
poem,462,0463,以鏡贈别,812,0.669434,鏡,以鏡贈别
poem,47,0048,薛中丞,813,0.728516,威名,薛中丞
poem,209,0210,效陶潛體詩十六首其一,813,0.669434,《詩》,效陶潛體詩十六首其一
poem,786,0787,有感,814,0.688477,死哭,有感
poem,802,0803,渭村退居寄禮部崔侍郎翰林錢舍人詩一百韻,814,0.682617,驢,渭村退居寄禮部崔侍郎翰林錢舍人詩一百韻
poem,50,0051,夏旱,814,0.675293,祈榖,夏旱
poem,261,0262,酬張十八訪宿見贈,814,0.669922,威名,酬張十八訪宿見贈
poem,790,0791,寒食夜有懷,814,0.668945,寒食,寒食夜有懷
poem,1294,1295,琵琶,815,0.690918,琵琶,琵琶
poem,1,0002,讀張籍古樂府,815,0.690430,威名,讀張籍古樂府
poem,862,0863,紅鸚鵡,815,0.688477,鸚鵡,紅鸚鵡
poem,272,0273,江州雪,815,0.675293,雪,江州雪
poem,263,0264,酬吳七見寄,815,0.672852,桂,酬吳七見寄
poem,891,0892,歲暮道情二首其一,815,0.670410,老,歲暮道情二首其一
poem,280,0281,讀謝靈運詩,816,0.699707,衡山,讀謝靈運詩
poem,936,0937,階下蓮,816,0.678223,蓮,階下蓮
poem,906,0907,江樓宴别,816,0.677246,琴,江樓宴别
poem,497,0498,憶洛下故園,816,0.672363,倉廩,憶洛下故園
poem,1288,1289,採蓮曲,816,0.671875,蓮,採蓮曲
poem,315,0316,贖雞,817,0.708008,雞,贖雞
poem,316,0317,秋日懷杓直,817,0.685547,鏡,秋日懷杓直
poem,901,0902,東南行一百韻寄通州元九侍御澧州李十一舍人果州崔二十二使君開州韋大員外庾三十二補闕杜十四拾遺李二十助教員外竇七校書,817,0.680176,市,東南行一百韻寄通州元九侍御澧州李十一舍人果州崔二十二使君開州韋大員外庾三十二補闕杜十四拾遺李二十助教員外竇七校書
poem,990,0991,酬贈李煉師見招,817,0.674805,驢,酬贈李煉師見招
poem,311,0312,題座隅,817,0.674316,威名,題座隅
poem,509,0510,郡廳有樹晚榮早凋人不識名因題其上,817,0.672363,市,郡廳有樹晚榮早凋人不識名因題其上
poem,955,0956,上香爐峰,817,0.670410,廬山,上香爐峰
poem,577,0578,王夫子,818,0.740723,威名,王夫子
poem,1044,1045,聞李尚書拜相因以長句寄賀微之,818,0.703613,威名,聞李尚書拜相因以長句寄賀微之
poem,1081,1082,自江州司馬授忠州刺史仰荷聖澤聊書鄙誠,818,0.701172,威名,自江州司馬授忠州刺史仰荷聖澤聊書鄙誠
poem,1009,1010,送客春遊嶺南二十韻,818,0.693359,市,送客春遊嶺南二十韻
poem,1080,1081,江西裴常侍以優禮見待又蒙贈詩輒叙鄙誠用伸感謝,818,0.689453,驢,江西裴常侍以優禮見待又蒙贈詩輒叙鄙誠用伸感謝
poem,1030,1031,夢亡友劉太白同遊章敬寺,818,0.687988,夢,夢亡友劉太白同遊章敬寺
poem,325,0326,夜琴,818,0.681641,琴,夜琴
poem,1032,1033,贈寫真者,818,0.681641,圖畫,贈寫真者
poem,1069,1070,贈李兵馬使,818,0.681641,水戰,贈李兵馬使
poem,1083,1084,初除官蒙裴常侍贈鶻銜瑞草緋袍魚袋因謝惠貺兼抒離情,818,0.677734,衣服,初除官蒙裴常侍贈鶻銜瑞草緋袍魚袋因謝惠貺兼抒離情
poem,1055,1056,寄微之,818,0.675781,遺愛,寄微之
poem,1105,1106,鸚鵡,819,0.710449,鸚鵡,鸚鵡
poem,266,0267,贈杓直,819,0.705566,威名,贈杓直
poem,553,0554,徵秋税畢題郡南亭,819,0.683105,國政,徵秋税畢題郡南亭
poem,1125,1126,和萬州楊使君四絶句競渡,819,0.678223,五月五日,和萬州楊使君四絶句競渡
poem,1121,1122,即事寄微之,819,0.676758,平糴,即事寄微之
poem,1096,1097,江州赴忠州至江陵已來舟中示舍弟五十韻,819,0.675293,市,江州赴忠州至江陵已來舟中示舍弟五十韻
poem,530,0531,招蕭處士,819,0.670410,杖,招蕭處士
poem,1106,1107,京使迴累得南省諸公書因以長句詩寄謝蕭五劉二元八吳十一韋大陸郎中崔二十二牛二李七庾三十三李六李十楊三樊大楊十二員外,819,0.669922,驢,京使迴累得南省諸公書因以長句詩寄謝蕭五劉二元八吳十一韋大陸郎中崔二十二牛二李七庾三十三李六李十楊三樊大楊十二員外
poem,548,0549,郡中春讌因贈諸客,820,0.714355,威名,郡中春讌因贈諸客
poem,1175,1176,惻惻吟,820,0.684082,遺愛,惻惻吟
poem,1200,1201,吟元郎中白鬚詩兼飲雪水茶因題壁上,820,0.674805,叔姪,吟元郎中白鬚詩兼飲雪水茶因題壁上
poem,1236,1237,妻初授邑號告身,821,0.692871,威名,妻初授邑號告身
poem,1232,1233,行簡初授拾遺同早朝入閣因示十二韻,821,0.685547,威名,行簡初授拾遺同早朝入閣因示十二韻
poem,563,0564,西掖早秋直夜書意,821,0.684570,國政,西掖早秋直夜書意
poem,1231,1232,初加朝散大夫又轉上柱國,821,0.669922,威名,初加朝散大夫又轉上柱國
poem,1252,1253,喜敏中及第偶示所懷,822,0.721680,舉選,喜敏中及第偶示所懷
poem,331,0332,長慶二年七月自中書舍人出守杭州路次藍溪作,822,0.707031,威名,長慶二年七月自中書舍人出守杭州路次藍溪作
poem,343,0344,馬上作,822,0.702148,威名,馬上作
poem,1300,1301,初罷中書舍人,822,0.697266,威名,初罷中書舍人
poem,1335,1336,晚歲,822,0.696777,威名,晚歲
poem,348,0349,山雉,822,0.687988,雞,山雉
poem,1339,1340,與諸客空腹飲,822,0.686523,鄉飲酒,與諸客空腹飲
poem,354,0355,郡亭,822,0.676270,威名,郡亭
poem,360,0361,吾雛,822,0.671387,喪,吾雛
poem,566,0567,同韓侍郎遊鄭家池吟詩小飲,822,0.669434,李,同韓侍郎遊鄭家池吟詩小飲
poem,359,0360,官舍,823,0.685547,威名,官舍
poem,1520,1521,酬微之,823,0.685547,叔姪,酬微之
poem,602,0603,醉歌,823,0.682129,歌,醉歌
poem,358,0359,郡齋暇日辱常州陳郎中使君早春晚坐水西館書事詩十六韻見寄亦以十六韻酬之,823,0.677246,驢,郡齋暇日辱常州陳郎中使君早春晚坐水西館書事詩十六韻見寄亦以十六韻酬之
poem,1198,1199,傷春詞,823,0.677246,春,傷春詞
poem,1523,1524,酬微之誇鏡湖,823,0.676270,鏡,酬微之誇鏡湖
poem,1521,1522,餘思未盡加爲六韻重寄微之,823,0.673828,驢,餘思未盡加爲六韻重寄微之
poem,1524,1525,雪中即事寄微之,823,0.671387,雪,雪中即事寄微之
poem,378,0379,琴,824,0.708008,琴,琴
poem,1581,1582,履道新居二十韻,824,0.691406,市,履道新居二十韻
poem,367,0368,仲夏齋戒月,824,0.689453,養生,仲夏齋戒月
poem,1570,1571,味道,824,0.677734,異味,味道
poem,1568,1569,欲到東洛得楊使君書因以此報,824,0.676758,威名,欲到東洛得楊使君書因以此報
poem,375,0376,洛中偶作,824,0.675293,威名,洛中偶作
poem,1586,1587,池西亭,824,0.674316,月,池西亭
poem,1536,1537,自感,824,0.670898,酒,自感
poem,1418,1419,和微之聽妻彈别鶴操因爲解釋其義依韻加四句,825,0.718262,琴,和微之聽妻彈别鶴操因爲解釋其義依韻加四句
poem,1397,1398,郡齋旬假命宴呈座客示郡寮,825,0.714844,威名,郡齋旬假命宴呈座客示郡寮
poem,1624,1625,自到郡齋僅經旬日方專公務未及宴遊偷閑走筆題二十四韻兼寄常州賈舍人湖州崔郎中仍呈吳中諸客,825,0.702637,威名,自到郡齋僅經旬日方專公務未及宴遊偷閑走筆題二十四韻兼寄常州賈舍人湖州崔郎中仍呈吳中諸客
poem,1405,1406,霓裳羽衣歌,825,0.687500,歌,霓裳羽衣歌
poem,386,0387,贈言,825,0.686035,怨棄,贈言
poem,1615,1616,船夜援琴,825,0.677246,琴,船夜援琴
poem,1625,1626,題籠鶴,825,0.674805,鶴,題籠鶴
poem,1620,1621,宣武令狐相公以詩寄贈傳播吳中聊用短章用伸酬謝,825,0.673340,杖,宣武令狐相公以詩寄贈傳播吳中聊用短章用伸酬謝
poem,1622,1623,吟前篇因寄微之,825,0.670898,叔姪,吟前篇因寄微之
poem,1705,1706,鸚鵡,826,0.741211,鸚鵡,鸚鵡
poem,1424,1425,答,826,0.703125,威名,答
poem,1711,1712,喜罷郡,826,0.680664,威名,喜罷郡
poem,1733,1734,松下琴贈客,827,0.690918,琴,松下琴贈客
poem,1440,1441,寄崔少監,827,0.677246,琴,寄崔少監
poem,1766,1767,寄殷協律,828,0.694336,琴,寄殷協律
poem,1786,1787,答裴相公乞鶴,828,0.688477,鶴,答裴相公乞鶴
poem,1759,1760,有雙鶴留在洛中忽見劉郎中依然鳴顧劉因爲鶴歎二篇寄予予以二絶句答之其一,828,0.684570,鸚鵡,有雙鶴留在洛中忽見劉郎中依然鳴顧劉因爲鶴歎二篇寄予予以二絶句答之其一
poem,1782,1783,微之就拜尚書居易續除刑部因書賀意兼詠離懷,828,0.680664,易官吏,微之就拜尚書居易續除刑部因書賀意兼詠離懷
poem,1825,1826,送鶴與裴相臨别贈詩,828,0.675781,驢,送鶴與裴相臨别贈詩
poem,1832,1833,雙鸚鵡,828,0.669434,鸚鵡,雙鸚鵡
poem,1850,1851,和微之春日投簡陽明洞天五十韻,829,0.749023,市,和微之春日投簡陽明洞天五十韻
poem,2017,2018,王子晉廟,829,0.711426,笙,王子晉廟
poem,1480,1481,中隱,829,0.695312,威名,中隱
poem,1873,1874,池鶴二首其一,829,0.692871,鶴,池鶴二首其一
poem,1486,1487,偶作二首其一,829,0.688965,威名,偶作二首其一
poem,1475,1476,和微之詩二十三首和順之琴者,829,0.669434,琴,和微之詩二十三首和順之琴者
poem,2039,2040,看採蓮,830,0.702148,蓮,看採蓮
poem,1502,1503,書紳,830,0.687988,威名,書紳
poem,2062,2063,早飲醉中除河南尹敕到,830,0.680176,酒,早飲醉中除河南尹敕到
poem,1447,1448,六年春贈分司東都諸公,832,0.698242,威名,六年春贈分司東都諸公
poem,2101,2102,睡覺,832,0.689941,寢,睡覺
poem,1510,1511,舒員外遊香山寺數日不歸兼辱尺書大誇勝事時正值坐衙慮囚之際走筆題長句以贈之,832,0.688477,威名,舒員外遊香山寺數日不歸兼辱尺書大誇勝事時正值坐衙慮囚之際走筆題長句以贈之
poem,1891,1892,聽幽蘭,832,0.686035,雪,聽幽蘭
poem,1890,1891,琴酒,832,0.677734,琴,琴酒
poem,2085,2086,醉吟,832,0.675781,酒,醉吟
poem,1896,1897,卧聽法曲霓裳,832,0.673340,歌,卧聽法曲霓裳
poem,2208,2209,箏,833,0.730469,琴,箏
poem,2109,2110,再授賓客分司,833,0.708496,威名,再授賓客分司
poem,2112,2113,代鶴,833,0.708496,鶴,代鶴
poem,2212,2213,罷府歸舊居,833,0.694824,縣令,罷府歸舊居
poem,2213,2214,睡覺偶吟,833,0.690918,寢,睡覺偶吟
poem,2110,2111,把酒,833,0.679199,威名,把酒
poem,2253,2254,劉蘇州以華亭一鶴遠寄以詩謝之,833,0.677246,鶴,劉蘇州以華亭一鶴遠寄以詩謝之
poem,2114,2115,哭崔常侍晦叔,833,0.676270,威名,哭崔常侍晦叔
poem,2134,2135,吟四雖,834,0.710449,威名,吟四雖
poem,2280,2281,奉和晉公侍中蒙除留守行及洛師感悦發中斐然成詠,834,0.697266,威名,奉和晉公侍中蒙除留守行及洛師感悦發中斐然成詠
poem,2303,2304,代鶴答,834,0.693359,鷹,代鶴答
poem,2154,2155,飽食閑坐,834,0.688965,國政,飽食閑坐
poem,2281,2282,送劉吾司馬赴任硤州兼寄崔使君,834,0.683105,威名,送劉吾司馬赴任硤州兼寄崔使君
poem,2298,2299,讀莊子,834,0.678223,同學,讀莊子
poem,2302,2303,問鶴,834,0.673828,冬,問鶴
poem,2130,2131,寄盧少卿,834,0.672852,父子,寄盧少卿
poem,2128,2129,詠所樂,834,0.670410,酒,詠所樂
poem,2335,2336,楊柳枝二十韻,834,0.668945,琴,楊柳枝二十韻
poem,2351,2352,路逢青州王大夫赴鎮立馬贈别,835,0.724609,威名,路逢青州王大夫赴鎮立馬贈别
poem,2182,2183,自賓客遷太子少傅分司,835,0.723633,威名,自賓客遷太子少傅分司
poem,2369,2370,詔授同州刺史病不赴任因詠所懷,835,0.705078,威名,詔授同州刺史病不赴任因詠所懷
poem,2152,2153,裴侍中晉公出討淮西時過女几山下刻石題詩末句云待平賊壘報天子莫指仙山示武夫果如所言剋期平賊由是淮蔡迄今底寧殆二十年人安生業夫嗟歎不足則詠歌之故居易作詩二百言繼題公之篇末欲使採詩者修史者後之往來觀者知公之功德本末前後也,835,0.704590,威名,裴侍中晉公出討淮西時過女几山下刻石題詩末句云待平賊壘報天子莫指仙山示武夫果如所言剋期平賊由是淮蔡迄今底寧殆二十年人安生業夫嗟歎不足則詠歌之故居易作詩二百言繼題公之篇末欲使採詩者修史者後之往來觀者知公之功德本末前後也
poem,2379,2380,從同州刺史改授太子少傅分司,835,0.696777,威名,從同州刺史改授太子少傅分司
poem,2159,2160,雪中晏起偶詠所懷兼呈張常侍韋庶子皇甫郎中雜言,835,0.689941,威名,雪中晏起偶詠所懷兼呈張常侍韋庶子皇甫郎中雜言
poem,2371,2372,韋七自太子賓客再除秘書監以長句賀而餞之,835,0.687500,威名,韋七自太子賓客再除秘書監以長句賀而餞之
poem,2356,2357,白羽扇,835,0.682129,扇,白羽扇
poem,2179,2180,詔下,835,0.677734,國政,詔下
poem,2135,2136,裴侍中晉公以集賢林亭即事詩二十六韻見贈猥蒙徵和才拙詞繁輒廣爲五百言以伸酬獻,835,0.672363,威名,裴侍中晉公以集賢林亭即事詩二十六韻見贈猥蒙徵和才拙詞繁輒廣爲五百言以伸酬獻
poem,2178,2179,何處堪避暑,835,0.670898,伏日,何處堪避暑
poem,2185,2186,因夢有悟,835,0.670410,夢,因夢有悟
poem,2403,2404,雨中聽琴者彈别鶴操,836,0.718262,鶴,雨中聽琴者彈别鶴操
poem,2415,2416,無長物,836,0.715332,儉,無長物
poem,2435,2436,吳秘監每有美酒獨酌獨醉但蒙詩報不以飲招輒此戲酬兼呈夢得,836,0.690430,酒,吳秘監每有美酒獨酌獨醉但蒙詩報不以飲招輒此戲酬兼呈夢得
poem,2439,2440,酬令公雪中見贈訝不與夢得同相訪,836,0.689453,叔姪,酬令公雪中見贈訝不與夢得同相訪
poem,2438,2439,雪中酒熟欲攜訪吳監先寄此詩,836,0.681641,叔姪,雪中酒熟欲攜訪吳監先寄此詩
poem,2189,2190,隱几贈客,836,0.668945,威名,隱几贈客
poem,2478,2479,司徒令公分守東洛移鎮北都一心勤王三月成政形容盛德實在歌詩况辱知音敢不先唱輒奉五言四十韻寄獻以抒下情,837,0.709961,威名,司徒令公分守東洛移鎮北都一心勤王三月成政形容盛德實在歌詩况辱知音敢不先唱輒奉五言四十韻寄獻以抒下情
poem,2457,2458,開成二年三月三日河南尹李待價以人和歲稔將禊於洛濱前一日啓留守裴令公公明日召太子少傅白居易太子賓客蕭籍李仍叔劉禹錫前中書舍人鄭居中國子司業裴惲河南少尹李道樞倉部郎中崔瑨司封員外郎張可續駕部員外郎盧言虞部員外郎苗愔和州刺史裴儔淄州刺史裴洽檢校禮部員外郎楊魯士四門博士談弘謨等一十五人合宴於舟中由斗亭歷魏堤抵津橋登臨泝沿自晨及暮簪組交映歌笑間發前水嬉而後妓樂左筆硯而右壺觴望之若仙觀者如堵盡風光之賞極遊泛之娛美景良辰賞心樂事盡得於今日矣若不記錄謂洛無人晉公首賦一章鏗然玉振顧謂四座繼而和之居易舉酒抽毫奉十二韻以獻,837,0.691895,三月三,開成二年三月三日河南尹李待價以人和歲稔將禊於洛濱前一日啓留守裴令公公明日召太子少傅白居易太子賓客蕭籍李仍叔劉禹錫前中書舍人鄭居中國子司業裴惲河南少尹李道樞倉部郎中崔瑨司封員外郎張可續駕部員外郎盧言虞部員外郎苗愔和州刺史裴儔淄州刺史裴洽檢校禮部員外郎楊魯士四門博士談弘謨等一十五人合宴於舟中由斗亭歷魏堤抵津橋登臨泝沿自晨及暮簪組交映歌笑間發前水嬉而後妓樂左筆硯而右壺觴望之若仙觀者如堵盡風光之賞極遊泛之娛美景良辰賞心樂事盡得於今日矣若不記錄謂洛無人晉公首賦一章鏗然玉振顧謂四座繼而和之居易舉酒抽毫奉十二韻以獻
poem,2196,2197,偶以拙詩數首寄呈裴侍郎蒙以盛製四篇一時酬和重投長句美而謝之,837,0.687500,驢,偶以拙詩數首寄呈裴侍郎蒙以盛製四篇一時酬和重投長句美而謝之
poem,2451,2452,因夢得題公垂所寄蠟燭因寄公垂,837,0.685547,燈燭,因夢得題公垂所寄蠟燭因寄公垂
poem,2653,2654,立秋夕凉風忽至炎暑稍消即事詠懷寄汴州節度使李二十尚書,837,0.683105,秋,立秋夕凉風忽至炎暑稍消即事詠懷寄汴州節度使李二十尚書
poem,2480,2481,分司洛中多暇數與諸客宴遊醉後狂吟偶成十韻因招夢得賓客兼呈思黯奇章公,837,0.678711,威名,分司洛中多暇數與諸客宴遊醉後狂吟偶成十韻因招夢得賓客兼呈思黯奇章公
poem,2471,2472,和令狐僕射小飲聽阮咸,837,0.677246,琴,和令狐僕射小飲聽阮咸
poem,2108,2109,酬思黯相公見過弊居戲贈,837,0.670898,威名,酬思黯相公見過弊居戲贈
poem,2539,2540,自罷河南已換七尹每一入府悵然舊遊因宿内廳偶題西壁兼呈韋尹常侍,838,0.697754,威名,自罷河南已換七尹每一入府悵然舊遊因宿内廳偶題西壁兼呈韋尹常侍
poem,2494,2495,戲贈夢得兼呈思黯,838,0.681641,威名,戲贈夢得兼呈思黯
poem,2500,2501,寒食日寄楊東川,838,0.678711,寒食,寒食日寄楊東川
poem,2526,2527,夢得相過援琴命酒因彈秋思偶詠所懷兼寄繼之待價二相府,838,0.678711,琴,夢得相過援琴命酒因彈秋思偶詠所懷兼寄繼之待價二相府
poem,2544,2545,公垂尚書以白馬見寄光潔穩善以詩謝之,839,0.693359,驢,公垂尚書以白馬見寄光潔穩善以詩謝之
poem,2546,2547,書事詠懷,839,0.670410,酒,書事詠懷
poem,2601,2602,宣州崔大夫閣老忽以近詩數十首見示吟諷之下竊有所喜因成長句寄贈郡齋,840,0.687500,鸚鵡,宣州崔大夫閣老忽以近詩數十首見示吟諷之下竊有所喜因成長句寄贈郡齋
poem,2608,2609,在家出家,840,0.673340,僧,在家出家
poem,2636,2637,旱熱,841,0.690918,旱,旱熱
poem,2676,2677,官俸初罷親故見憂以詩諭之,841,0.687012,威名,官俸初罷親故見憂以詩諭之
poem,2674,2675,遇物感興因示子弟,841,0.683105,父子,遇物感興因示子弟
poem,2734,2735,池鶴八絶句雞贈鶴,841,0.679688,鶴,池鶴八絶句雞贈鶴
poem,2694,2695,池上寓興二絶其一,841,0.674316,魚,池上寓興二絶其一
poem,2673,2674,逸老,841,0.671875,父子,逸老
poem,2682,2683,飲後戲示弟子,842,0.696289,鄉飲酒,飲後戲示弟子
poem,2732,2733,醉中得上都親友書以予停俸多時憂問貧乏偶乘酒興詠而報之,842,0.692383,威名,醉中得上都親友書以予停俸多時憂問貧乏偶乘酒興詠而報之
poem,2791,2792,讀道德經,842,0.687500,無備,讀道德經
poem,2746,2747,哭劉尚書夢得二首其一,842,0.677734,義感,哭劉尚書夢得二首其一
poem,2688,2689,二年三月五日齋畢開素當食偶吟贈妻弘農郡君,842,0.672363,食,二年三月五日齋畢開素當食偶吟贈妻弘農郡君
poem,2751,2752,刑部尚書致仕,842,0.670410,致仕,刑部尚書致仕
poem,2771,2772,胡吉鄭劉盧張等六賢皆多年壽予亦次焉偶於弊居合成尚齒之會七老相顧既醉甚歡靜而思之此會稀有因成七言六韻以紀之傳好事者,845,0.689941,威名,胡吉鄭劉盧張等六賢皆多年壽予亦次焉偶於弊居合成尚齒之會七老相顧既醉甚歡靜而思之此會稀有因成七言六韻以紀之傳好事者
poem,2784,2785,河陽石尚書破迴鶻迎貴主過上黨射鷺鷥繪畫爲圖猥蒙見示稱歎不足以詩美之,845,0.682617,威名,河陽石尚書破迴鶻迎貴主過上黨射鷺鷥繪畫爲圖猥蒙見示稱歎不足以詩美之
poem,2790,2791,予與山南王僕射淮南李僕射事歷五朝踰三紀海内年輩今唯三人榮路雖殊交情不替聊題長句寄舉之公垂二相公,846,0.672852,威名,予與山南王僕射淮南李僕射事歷五朝踰三紀海内年輩今唯三人榮路雖殊交情不替聊題長句寄舉之公垂二相公
